# Time (seconds),Accel_X,Accel_Y,Accel_Z,Gyro_X,Gyro_Y,Gyro_Z
0.0024999,0.27234044671058655,-0.41958385705947876,9.623494148254395,-0.030517578125,1.40380859375,-23.040771484375
0.0074999,0.27234044671058655,-0.41958385705947876,9.623494148254395,-0.030517578125,1.40380859375,-23.040771484375
0.012499900000000001,-0.702099621295929,-0.3387795388698578,9.798869132995605,-3.021240234375,-0.79345703125,1.5869140625
0.0174999,-1.1827356815338135,-0.0933738648891449,9.700706481933594,-13.519287109375,-9.521484375,6.195068359375
0.0224999,-1.6077064275741577,0.19033902883529663,10.057442665100098,-8.36181640625,-19.22607421875,26.458740234375
0.0274999,-1.4024035930633545,-0.32860419154167175,9.849146842956543,-10.25390625,-24.35302734375,27.28271484375
0.0324999,-0.22864626348018646,-0.9582792520523071,9.86231517791748,11.077880859375,-7.99560546875,30.517578125
0.0374999,0.406415730714798,-0.8104372620582581,9.825204849243164,5.645751953125,-0.396728515625,21.331787109375
0.0424999,1.0067617893218994,-0.3345896899700165,9.874286651611328,4.058837890625,1.983642578125,19.71435546875
0.0474999,1.5592238903045654,0.14664486050605774,9.93593692779541,-1.89208984375,-0.335693359375,-7.354736328125
0.0524999,1.8728642463684082,-0.10534487664699554,9.84376049041748,-2.197265625,12.0849609375,-25.665283203125
0.0574999,2.0835540294647217,-0.5578489899635315,9.709685325622559,8.636474609375,22.39990234375,-20.56884765625
0.0624999,2.0039467811584473,-0.6260837316513062,9.752182006835938,14.70947265625,25.177001953125,-37.322998046875
0.0674999,1.3138182163238525,-1.0073603391647339,9.62947940826416,0.640869140625,17.08984375,-31.92138671875
0.0724999,0.7835025191307068,-0.9720458984375,9.604340553283691,-6.04248046875,3.082275390625,-31.036376953125
0.0774999,-0.11671733111143112,-0.2513911724090576,9.939528465270996,1.251220703125,0.885009765625,-15.655517578125
0.0824999,-0.973242998123169,-0.48901569843292236,9.837176322937012,-6.591796875,-2.777099609375,6.866455078125
0.0874999,-1.3778630495071411,0.11971008777618408,9.931148529052734,-13.85498046875,-13.885498046875,9.6435546875
0.0924999,0.6248866319656372,-0.585382342338562,9.761159896850586,4.69970703125,0.701904296875,22.247314453125
0.0974999,1.2198457717895508,-0.16519992053508759,9.893440246582031,2.01416015625,0.732421875,12.969970703125
0.1024999,1.7004817724227905,0.20949265360832214,9.941324234008789,-3.0517578125,1.77001953125,-17.578125
0.1074999,1.96683669090271,-0.3405751883983612,9.828198432922363,-0.457763671875,17.02880859375,-24.7802734375
0.1124999,2.098517894744873,-0.5434837937355042,9.731831550598145,12.02392578125,23.01025390625,-23.895263671875
0.1174999,1.8195933103561401,-0.7930793166160583,9.726444244384766,11.5966796875,23.406982421875,-38.87939453125
0.1224999,1.058835744857788,-1.146224021911621,9.62828254699707,-3.84521484375,11.474609375,-28.533935546875
0.1274999,0.4985924959182739,-0.9534908533096313,9.601945877075195,-2.9296875,1.89208984375,-26.67236328125
0.1324999,-0.5135562419891357,-0.40282443165779114,9.819818496704102,0.762939453125,0.274658203125,-3.23486328125
0.1374999,-1.5263035297393799,0.2974795699119568,9.912593841552734,-10.55908203125,-16.571044921875,18.4326171875
0.1424999,-1.5837644338607788,0.008978256024420261,9.890447616577148,-9.21630859375,-23.834228515625,30.21240234375
0.1474999,-1.0169371366500854,-0.19812019169330597,9.847352027893066,-4.241943359375,-19.59228515625,23.8037109375
0.1524999,-0.44532153010368347,-0.48722004890441895,9.8599214553833,10.1318359375,-11.932373046875,32.989501953125
0.1574999,0.29628247022628784,-0.7254431247711182,9.859322547912598,7.080078125,-1.556396484375,21.728515625
0.1624999,1.4419080018997192,0.07242459803819656,9.962273597717285,-0.54931640625,-0.823974609375,1.861572265625
0.1674999,1.8291701078414917,0.13946224749088287,9.910798072814941,-3.143310546875,7.2021484375,-24.71923828125
0.1724999,2.0033483505249023,-0.5015852451324463,9.756970405578613,3.23486328125,20.32470703125,-20.599365234375
0.17749990000000002,2.0661959648132324,-0.5345055460929871,9.791088104248047,14.22119140625,23.681640625,-30.82275390625
0.1824999,1.4939818382263184,-0.9247604012489319,9.622895240783691,6.04248046875,20.44677734375,-35.980224609375
0.1874999,0.8756792545318604,-1.115697979927063,9.611522674560547,-6.134033203125,6.103515625,-28.01513671875
0.1924999,-1.1659762859344482,-0.008379706181585789,9.734225273132324,-13.519287109375,-10.19287109375,5.706787109375
0.1974999,-1.5723919868469238,0.3082534670829773,10.07779312133789,-8.392333984375,-19.34814453125,28.106689453125
0.2024999,-1.3102269172668457,-0.3381809890270233,9.838972091674805,-10.833740234375,-23.223876953125,24.444580078125
0.20749990000000001,-0.8182184100151062,-0.6171054840087891,9.920374870300293,1.861572265625,-17.425537109375,28.472900390625
0.2124999,-0.14844051003456116,-0.9648633003234863,9.84256362915039,10.528564453125,-7.843017578125,29.327392578125
0.2174999,0.456095427274704,-0.8122329115867615,9.82640266418457,5.37109375,-0.06103515625,19.59228515625
0.2224999,1.0205284357070923,-0.3531447649002075,9.859322547912598,3.509521484375,1.28173828125,16.845703125
0.2274999,1.5544354915618896,0.1412578970193863,9.923966407775879,-1.739501953125,-0.152587890625,-9.613037109375
0.2324999,1.8189947605133057,-0.03651157766580582,9.87967300415039,-1.89208984375,13.214111328125,-25.7568359375
0.2374999,1.9823989868164062,-0.5129576921463013,9.68694019317627,6.561279296875,21.30126953125,-18.890380859375
0.2424999,1.88782799243927,-0.5883750915527344,9.817423820495605,14.068603515625,23.98681640625,-37.628173828125
0.2474999,-0.921169102191925,-0.5476736426353455,9.793481826782227,-6.103515625,-3.326416015625,6.40869140625
0.2524999,-1.346139907836914,0.18315643072128296,9.894038200378418,-14.068603515625,-14.0380859375,8.636474609375
0.2574999,-1.5969325304031372,0.17238251864910126,10.02811336517334,-7.659912109375,-21.575927734375,32.2265625
0.2624999,-1.128267526626587,-0.2346317619085312,9.710882186889648,-8.23974609375,-21.209716796875,21.8505859375
0.2674999,-0.6117185354232788,-0.5147533416748047,9.763554573059082,5.859375,-15.68603515625,31.646728515625
0.2724999,0.11911153793334961,-0.8469488620758057,9.758167266845703,8.270263671875,-4.425048828125,23.37646484375
0.2774999,0.6470330357551575,-0.5213374495506287,9.781511306762695,4.57763671875,0.8544921875,20.08056640625
0.2824999,1.225232720375061,-0.15023615956306458,9.88745403289795,1.983642578125,0.67138671875,11.749267578125
0.28749990000000003,1.680729627609253,0.17836803197860718,9.939528465270996,-2.74658203125,2.105712890625,-17.791748046875
0.2924999,1.8471266031265259,-0.27473464608192444,9.852140426635742,-0.946044921875,16.2353515625,-23.5595703125
0.2974999,1.6927006244659424,-0.7876923680305481,9.727641105651855,11.90185546875,22.796630859375,-40.435791015625
0.3024999,1.01753568649292,-1.2300211191177368,9.5809965133667,-2.105712890625,11.322021484375,-29.1748046875
0.3074999,0.5327098965644836,-1.0432734489440918,9.582792282104492,-1.983642578125,3.021240234375,-22.0947265625
0.3124999,-0.4010287821292877,-0.43514615297317505,9.807249069213867,1.0986328125,0.48828125,-0.67138671875
0.3174999,-1.0241197347640991,-0.6224924325942993,9.742006301879883,-10.162353515625,-6.256103515625,4.150390625
0.3224999,-1.4227544069290161,0.3214215636253357,9.947908401489258,-11.322021484375,-15.716552734375,17.364501953125
0.3274999,-1.5388731956481934,-0.013168109580874443,9.981427192687988,-8.36181640625,-22.27783203125,30.33447265625
0.3324999,-0.9774328470230103,-0.19572599232196808,9.880271911621094,-4.69970703125,-19.34814453125,22.27783203125
0.3374999,-0.4531026780605316,-0.5051765441894531,9.875483512878418,8.331298828125,-13.0615234375,31.43310546875
0.3424999,0.28969839215278625,-0.7350199222564697,9.86111831665039,7.01904296875,-1.739501953125,20.69091796875
0.34749990000000003,0.8343793153762817,-0.3693056106567383,9.855133056640625,4.57763671875,1.64794921875,20.56884765625
0.35249990000000003,1.4119805097579956,-0.014365210197865963,9.931148529052734,0.42724609375,0.030517578125,3.387451171875
0.3574999,1.566406488418579,-0.8858546018600464,9.643844604492188,8.941650390625,21.240234375,-40.252685546875
0.3624999,0.8822633028030396,-1.1971008777618408,9.5809965133667,-4.302978515625,7.6904296875,-26.611328125
0.3674999,0.24361002445220947,-0.6236895322799683,9.568427085876465,0.335693359375,2.410888671875,-19.775390625
0.3724999,-0.6458359360694885,-0.25977087020874023,9.782708168029785,-0.885009765625,-0.823974609375,3.082275390625
0.3774999,-1.1785458326339722,-0.22086510062217712,9.723451614379883,-13.031005859375,-9.368896484375,3.936767578125
0.3824999,-1.5340847969055176,0.46507367491722107,10.046070098876953,-9.490966796875,-18.157958984375,24.200439453125
0.3874999,-1.3742717504501343,-0.1472434103488922,9.910798072814941,-9.09423828125,-22.369384765625,25.665283203125
0.3924999,-0.8786720037460327,-0.38127660751342773,9.9401273727417,-1.190185546875,-18.585205078125,25.970458984375
0.3974999,-0.2513911724090576,-0.7422025203704834,9.883264541625977,8.6669921875,-9.94873046875,29.6630859375
0.4024999,1.4736311435699463,0.0005985504249110818,9.909002304077148,-0.823974609375,-0.30517578125,-2.838134765625
0.4074999,1.800439715385437,-0.01496376097202301,9.892242431640625,-2.50244140625,9.21630859375,-24.871826171875
0.41249990000000003,1.941697597503662,-0.5027823448181152,9.725247383117676,3.753662109375,18.798828125,-16.54052734375
0.41749990000000003,1.9105730056762695,-0.596754789352417,9.800664901733398,13.00048828125,22.247314453125,-32.867431640625
0.4224999,1.3503297567367554,-0.9552865028381348,9.589975357055664,5.0048828125,18.768310546875,-36.56005859375
0.4274999,0.7870938181877136,-1.1617863178253174,9.589376449584961,-4.57763671875,5.67626953125,-24.0478515625
0.4324999,0.10055647045373917,-0.28311434388160706,9.786897659301758,1.953125,2.197265625,-13.97705078125
0.4374999,-0.7469909191131592,-0.29628247022628784,9.856928825378418,-3.448486328125,-1.64794921875,5.37109375
0.4424999,-1.1791443824768066,0.14065934717655182,9.87967300415039,-14.22119140625,-11.688232421875,4.669189453125
0.4474999,-1.5406688451766968,0.34416648745536804,10.11789608001709,-7.781982421875,-19.134521484375,29.11376953125
0.4524999,-1.2431892156600952,-0.31124621629714966,9.77791976928711,-9.063720703125,-21.3623046875,22.857666015625
0.4574999,-0.07422025501728058,-0.960673451423645,9.761159896850586,9.185791015625,-6.988525390625,26.519775390625
0.4624999,0.5093663930892944,-0.7739257216453552,9.769539833068848,4.791259765625,0.48828125,19.683837890625
0.4674999,0.5093663930892944,-0.7739257216453552,9.769539833068848,4.791259765625,0.48828125,19.683837890625
0.47249990000000003,1.081580638885498,-0.3477577865123749,9.840767860412598,3.509521484375,1.708984375,16.815185546875
0.47749990000000003,1.592742681503296,0.07541735470294952,9.911396026611328,-1.8310546875,0.335693359375,-11.566162109375
0.4824999,1.9596540927886963,-0.5590460896492004,9.701904296875,7.14111328125,19.95849609375,-16.876220703125
0.4874999,1.9596540927886963,-0.5590460896492004,9.701904296875,7.14111328125,19.95849609375,-16.876220703125
0.4924999,1.8267759084701538,-0.6278793811798096,9.797073364257812,13.427734375,23.01025390625,-38.848876953125
0.4974999,1.191115379333496,-1.0438719987869263,9.604938507080078,1.03759765625,15.655517578125,-31.18896484375
0.5024999,0.7080851793289185,-1.0977414846420288,9.589975357055664,-4.39453125,3.631591796875,-24.688720703125
0.5074999,-0.1215057373046875,-0.31124621629714966,9.880870819091797,2.0751953125,0.8544921875,-10.55908203125
0.5124999,-0.9068039059638977,-0.4734533727169037,9.815628051757812,-5.950927734375,-3.173828125,6.866455078125
0.5174999,-1.548449993133545,0.1951274424791336,10.052654266357422,-7.14111328125,-20.782470703125,30.70068359375
0.5224999,-1.116895079612732,-0.29388827085494995,9.706093788146973,-8.544921875,-21.209716796875,22.216796875
0.5274999,-0.6099228858947754,-0.5608417391777039,9.752182006835938,5.126953125,-15.838623046875,30.8837890625
0.5324999,0.10534487664699554,-0.9253589510917664,9.744400978088379,9.033203125,-3.7841796875,25.5126953125
0.5374999,0.628477931022644,-0.606930136680603,9.77133560180664,4.364013671875,0.885009765625,21.575927734375
0.5424999,1.2114660739898682,-0.23822307586669922,9.898228645324707,2.777099609375,1.007080078125,13.153076171875
0.5474999,1.688510775566101,0.10654197633266449,9.967061996459961,-2.44140625,1.800537109375,-17.547607421875
0.5524999,1.853710651397705,-0.3357867896556854,9.855731010437012,-0.48828125,16.082763671875,-21.759033203125
0.5574999,2.0027496814727783,-0.6105214357376099,9.739013671875,10.467529296875,21.6064453125,-21.54541015625
0.5624999,0.6189011335372925,-0.9983820915222168,9.59057331085205,-3.448486328125,2.5634765625,-27.28271484375
0.5674999000000001,0.6189011335372925,-0.9983820915222168,9.59057331085205,-3.448486328125,2.5634765625,-27.28271484375
0.5724999000000001,-1.0642226934432983,-0.1999158412218094,9.774328231811523,-6.34765625,-20.172119140625,23.101806640625
0.5774999000000001,-0.518943190574646,-0.4429273009300232,9.815628051757812,7.965087890625,-12.969970703125,32.28759765625
0.5824999,0.2495955228805542,-0.7308300733566284,9.81024169921875,7.293701171875,-1.708984375,22.216796875
0.5874999,0.7775170207023621,-0.3381809890270233,9.84495735168457,3.814697265625,0.6103515625,20.44677734375
0.5924999,1.3569138050079346,-0.02274491637945175,9.932944297790527,0.48828125,-0.30517578125,5.55419921875
0.5974999,1.7435773611068726,0.15143325924873352,9.953893661499023,-2.899169921875,4.425048828125,-21.209716796875
0.6024999,1.9572598934173584,-0.46327802538871765,9.81024169921875,1.556396484375,17.303466796875,-18.524169921875
0.6074999,2.015319347381592,-0.5722141861915588,9.798270225524902,12.451171875,21.697998046875,-27.2216796875
0.6124999,1.6059107780456543,-0.8415619134902954,9.68574333190918,8.36181640625,21.514892578125,-37.109375
0.6174999,0.3214215636253357,-0.8637082576751709,9.592369079589844,-1.64794921875,0.823974609375,-25.482177734375
0.6224999,-0.629675030708313,-0.3818751573562622,9.791088104248047,0.152587890625,-0.274658203125,0.42724609375
0.6274999,-1.1492167711257935,-0.5770025849342346,9.659406661987305,-11.5966796875,-7.843017578125,6.77490234375
0.6324999,-1.4981716871261597,0.27473464608192444,9.976638793945312,-9.918212890625,-17.822265625,19.775390625
0.6374999,-1.4317326545715332,-0.0454898327589035,9.904213905334473,-8.9111328125,-23.37646484375,29.449462890625
0.6424999,-0.2944868206977844,-0.5464765429496765,9.9000244140625,10.25390625,-9.613037109375,32.073974609375
0.6474999,-0.2944868206977844,-0.5464765429496765,9.9000244140625,10.25390625,-9.613037109375,32.073974609375
0.6524999,0.35075053572654724,-0.702099621295929,9.870695114135742,5.79833984375,-0.457763671875,22.613525390625
0.6574999,0.8822633028030396,-0.26755204796791077,9.879075050354004,4.302978515625,1.64794921875,21.881103515625
0.6624999,1.4502876996994019,0.04189852997660637,9.940725326538086,-0.9765625,-1.0986328125,-1.89208984375
0.6674999,1.8088194131851196,0.06703764945268631,9.914389610290527,-2.532958984375,8.60595703125,-24.322509765625
0.6724999,2.009932279586792,-0.5548562407493591,9.729436874389648,4.364013671875,20.751953125,-19.1650390625
0.6774999,1.4257471561431885,-0.9373299479484558,9.610325813293457,4.33349609375,18.646240234375,-34.881591796875
0.6824999,0.8445546627044678,-1.082777738571167,9.59596061706543,-6.2255859375,4.669189453125,-28.9306640625
0.6874999,0.1364694982767105,-0.33698388934135437,9.680954933166504,1.129150390625,1.678466796875,-20.416259765625
0.6924999000000001,-0.7523778676986694,-0.3495534360408783,9.75517463684082,-2.105712890625,-0.946044921875,6.77490234375
0.6974999000000001,-1.182137131690979,-0.10714052617549896,9.697713851928711,-14.404296875,-11.566162109375,5.828857421875
0.7024999000000001,-1.5322890281677246,0.1759738177061081,9.996989250183105,-8.056640625,-19.6533203125,27.313232421875
0.7074999,-1.2509703636169434,-0.4818331003189087,9.739013671875,-9.429931640625,-22.76611328125,26.519775390625
0.7124999,-0.7410054206848145,-0.7194576263427734,9.810839653015137,2.01416015625,-16.90673828125,29.541015625
0.7174999,-0.07721300423145294,-0.9977835416793823,9.794678688049316,10.8642578125,-5.9814453125,29.4189453125
0.7224999,1.0438719987869263,-0.29388827085494995,9.873088836669922,3.021240234375,1.251220703125,15.533447265625
0.7274999,1.5544354915618896,0.1322796493768692,9.932944297790527,-2.44140625,0.152587890625,-11.90185546875
0.7324999,1.1767501831054688,-1.0229226350784302,9.66958236694336,0.152587890625,15.350341796875,-30.6396484375
0.7374999,0.7032967209815979,-1.071405291557312,9.636661529541016,-5.4931640625,2.716064453125,-28.01513671875
0.7424999,-0.1604115068912506,-0.3124433159828186,9.927556991577148,2.197265625,1.556396484375,-10.467529296875
0.7474999,-0.9493009448051453,-0.5141547918319702,9.785700798034668,-5.79833984375,-3.448486328125,9.33837890625
0.7524999,-1.3096283674240112,0.1215057373046875,9.82999324798584,-14.6484375,-14.6484375,7.8125
0.7574999,-1.525106430053711,0.1586158573627472,9.972448348999023,-7.080078125,-21.392822265625,32.440185546875
0.7624999,-1.0408791303634644,-0.3561375141143799,9.640851974487305,-8.514404296875,-20.99609375,23.3154296875
0.7674999,-0.5303156971931458,-0.606930136680603,9.728838920593262,6.622314453125,-14.6484375,32.40966796875
0.7724999,0.14185644686222076,-0.9259575009346008,9.743802070617676,8.97216796875,-3.23486328125,24.7802734375
0.7774999,1.1869255304336548,-0.17537526786327362,9.912593841552734,1.40380859375,0.152587890625,9.307861328125
0.7824999,1.6430208683013916,0.1777694821357727,9.964667320251465,-2.685546875,2.9296875,-19.134521484375
0.7874999,1.8800468444824219,-0.3585317134857178,9.807249069213867,0.3662109375,17.059326171875,-22.003173828125
0.7924999,1.9865888357162476,-0.5404910445213318,9.75637149810791,11.23046875,21.820068359375,-25.421142578125
0.7974999,1.6855180263519287,-0.7206547260284424,9.670180320739746,11.29150390625,22.674560546875,-39.12353515625
0.8024999,-0.5261258482933044,-0.3974374830722809,9.847949981689453,1.800537109375,0.152587890625,-0.1220703125
0.8074999,-1.1366472244262695,-0.7410054206848145,9.727043151855469,-10.3759765625,-7.14111328125,8.087158203125
0.8124999,-1.4484920501708984,0.16160862147808075,9.926959037780762,-12.359619140625,-17.08984375,15.045166015625
0.8174999000000001,-1.5047557353973389,-0.07242459803819656,9.980828285217285,-7.904052734375,-23.25439453125,32.257080078125
0.8224999000000001,-0.8732850551605225,-0.2777273952960968,9.843161582946777,-4.8828125,-19.073486328125,23.895263671875
0.8274999000000001,0.3669114112854004,-0.7475894689559937,9.832986831665039,7.293701171875,-0.79345703125,23.01025390625
0.8324999000000001,0.8571242094039917,-0.3274070918560028,9.849745750427246,4.241943359375,1.495361328125,20.843505859375
0.8374999,1.4024035930633545,0.010773907415568829,9.92097282409668,-0.518798828125,-1.0986328125,1.220703125
0.8424999,1.7842788696289062,0.1909375786781311,9.928155899047852,-2.50244140625,7.14111328125,-24.10888671875
0.8474999,1.933916449546814,-0.5225345492362976,9.742006301879883,3.570556640625,20.20263671875,-19.95849609375
0.8524999,2.009932279586792,-0.5231330990791321,9.81263542175293,13.824462890625,23.345947265625,-32.8369140625
0.8574999,1.45806884765625,-0.8684966564178467,9.634267807006836,6.561279296875,20.3857421875,-35.82763671875
0.8624999,0.8487445116043091,-1.0785878896713257,9.64923095703125,-6.591796875,5.55419921875,-27.587890625
0.8674999,0.22266076505184174,-0.4710591733455658,9.634267807006836,-0.396728515625,1.800537109375,-22.8271484375
0.8724999,-0.702099621295929,-0.2932897210121155,9.782708168029785,-0.6103515625,-1.129150390625,6.9580078125
0.8774999,-1.1276689767837524,-0.3190273642539978,9.701904296875,-13.73291015625,-10.55908203125,5.828857421875
0.8824999,-0.1364694982767105,-0.8936358094215393,9.880271911621094,11.077880859375,-7.14111328125,31.3720703125
0.8874999,0.4578910768032074,-0.788889467716217,9.825803756713867,5.645751953125,0.518798828125,20.44677734375
0.8924999,0.9786299467086792,-0.2759317457675934,9.853337287902832,3.41796875,0.885009765625,17.578125
0.8974999,1.50355863571167,0.09876082092523575,9.904213905334473,-2.105712890625,-0.48828125,-9.6435546875
0.9024999,1.7794904708862305,-0.02992752194404602,9.86650562286377,-1.251220703125,13.092041015625,-25.482177734375
0.9074999,1.942894697189331,-0.5841852426528931,9.696516990661621,7.293701171875,21.697998046875,-19.95849609375
0.9124999,1.8692729473114014,-0.5895721912384033,9.807249069213867,14.2822265625,24.169921875,-39.48974609375
0.9174999,1.192312479019165,-0.9666589498519897,9.660005569458008,0.67138671875,15.2587890625,-31.585693359375
0.9224999,0.6997054219245911,-1.0821791887283325,9.595361709594727,-6.683349609375,2.716064453125,-28.564453125
0.9274999,-0.11432313174009323,-0.2801215946674347,9.909601211547852,1.983642578125,1.220703125,-12.420654296875
0.9324999,-0.9289502501487732,-0.46567222476005554,9.756970405578613,-4.791259765625,-4.150390625,10.986328125
0.9374999,-1.523909330368042,0.1759738177061081,9.982624053955078,-7.537841796875,-21.575927734375,33.172607421875
0.9424999000000001,-1.0564415454864502,-0.44352585077285767,9.623494148254395,-9.002685546875,-21.240234375,23.62060546875
0.9474999000000001,-0.5494692921638489,-0.6470330357551575,9.713874816894531,6.16455078125,-15.0146484375,31.951904296875
0.9524999000000001,0.1215057373046875,-0.9989806413650513,9.697713851928711,9.735107421875,-3.11279296875,27.069091796875
0.9574999000000001,0.595557689666748,-0.6721721291542053,9.730634689331055,4.791259765625,1.28173828125,22.125244140625
0.9624999,1.9045875072479248,-0.27653029561042786,9.835380554199219,0.518798828125,17.822265625,-23.3154296875
0.9674999,2.0236990451812744,-0.5291185975074768,9.743204116821289,10.8642578125,22.64404296875,-24.688720703125
0.9724999,1.7531541585922241,-0.6745663285255432,9.6989107131958,11.932373046875,23.040771484375,-41.290283203125
0.9774999,0.9846154451370239,-0.9744400978088379,9.668983459472656,-4.425048828125,9.490966796875,-27.64892578125
0.9824999,0.45489832758903503,-1.0133458375930786,9.5624418258667,-4.791259765625,1.983642578125,-28.6865234375
0.9874999,-1.4227544069290161,0.05386953800916672,9.905410766601562,-12.542724609375,-16.7236328125,14.22119140625
0.9924999,-1.4891934394836426,-0.03950432687997818,9.98681354522705,-8.4228515625,-23.162841796875,33.50830078125
0.9974999,-0.871489405632019,-0.3016694188117981,9.832986831665039,-5.4931640625,-18.61572265625,23.712158203125
1.0024999,-0.34596213698387146,-0.5650315880775452,9.882067680358887,9.979248046875,-11.566162109375,33.538818359375
1.0074999000000002,0.35075053572654724,-0.8140285611152649,9.835380554199219,7.720947265625,-0.30517578125,23.13232421875
1.0124999000000001,0.8379706144332886,-0.37229835987091064,9.841365814208984,4.39453125,1.617431640625,20.8740234375
1.0174999000000002,1.390432596206665,-0.020949264988303185,9.92097282409668,-0.18310546875,-0.91552734375,0.823974609375
1.0224999000000001,1.7729063034057617,0.21128830313682556,9.931747436523438,-2.471923828125,7.720947265625,-24.810791015625
1.0274999,1.923741102218628,-0.5009866952896118,9.729436874389648,3.84521484375,20.416259765625,-18.890380859375
1.0324999000000001,1.9943699836730957,-0.5141547918319702,9.800664901733398,13.671875,23.590087890625,-33.8134765625
1.0374999,1.4460978507995605,-0.812831461429596,9.603142738342285,6.927490234375,19.59228515625,-37.506103515625
1.0424999000000001,0.1951274424791336,-0.578798234462738,9.55825138092041,-1.373291015625,1.5869140625,-24.71923828125
1.0474999,-0.7140706777572632,-0.33279404044151306,9.720458984375,0.3662109375,-1.77001953125,7.6904296875
1.0524999000000002,-1.1623848676681519,-0.4985924959182739,9.637260437011719,-13.214111328125,-10.7421875,5.67626953125
1.0574999,-1.4718354940414429,0.18734627962112427,9.964069366455078,-10.3759765625,-19.34814453125,24.261474609375
1.0624999000000002,-1.278503656387329,-0.4357447028160095,9.884461402893066,-9.21630859375,-23.284912109375,29.571533203125
1.0674999,-0.718859076499939,-0.545877993106842,9.910798072814941,-0.1220703125,-17.2119140625,27.64892578125
1.0724999000000002,-0.12629413604736328,-0.8696937561035156,9.876680374145508,11.1083984375,-7.293701171875,31.707763671875
1.0774999,-0.12629413604736328,-0.8696937561035156,9.876680374145508,11.1083984375,-7.293701171875,31.707763671875
1.0824999000000002,0.44771572947502136,-0.7924807667732239,9.830592155456543,5.859375,0.762939453125,21.759033203125
1.0874999,0.9642647504806519,-0.25737667083740234,9.873088836669922,3.692626953125,1.129150390625,18.402099609375
1.0924999000000002,1.488594889640808,0.058059390634298325,9.897629737854004,-2.0751953125,-0.762939453125,-9.185791015625
1.0974999,1.7842788696289062,0.07242459803819656,9.90361499786377,-1.220703125,12.420654296875,-25.146484375
1.1024999000000002,1.889025092124939,-0.518943190574646,9.81024169921875,13.763427734375,24.017333984375,-41.07666015625
1.1074999,1.889025092124939,-0.518943190574646,9.81024169921875,13.763427734375,24.017333984375,-41.07666015625
1.1124999000000002,1.225232720375061,-0.8774749040603638,9.642048835754395,1.3427734375,15.167236328125,-31.951904296875
1.1174999,0.730231523513794,-1.026513934135437,9.577404975891113,-7.14111328125,3.326416015625,-28.74755859375
1.1224999000000002,-0.8439561128616333,-0.39384618401527405,9.798270225524902,-3.173828125,-3.143310546875,10.80322265625
1.1274999,-1.2084733247756958,-0.11192893236875534,9.899425506591797,-14.404296875,-13.73291015625,5.859375
1.1324999000000002,-1.4658499956130981,0.15143325924873352,10.065223693847656,-8.544921875,-21.209716796875,33.02001953125
1.1374999000000001,-1.0534487962722778,-0.6033388376235962,9.711481094360352,-9.429931640625,-21.66748046875,25.57373046875
1.1424999000000002,-0.5632359385490417,-0.71766197681427,9.762357711791992,5.401611328125,-14.95361328125,31.280517578125
1.1474999000000001,0.07422025501728058,-1.0857704877853394,9.715071678161621,10.772705078125,-2.8076171875,26.641845703125
1.1524999000000002,0.558447539806366,-0.6901286244392395,9.740809440612793,5.035400390625,1.15966796875,21.087646484375
1.1574999000000001,1.84233820438385,-0.17417816817760468,9.849146842956543,1.678466796875,16.6015625,-20.782470703125
1.1624999,1.9728221893310547,-0.5482721924781799,9.734225273132324,11.016845703125,22.64404296875,-24.566650390625
1.1674999000000001,1.7435773611068726,-0.5811924338340759,9.731831550598145,11.90185546875,23.37646484375,-43.304443359375
1.1724999,1.013944387435913,-0.8367735147476196,9.701904296875,-3.936767578125,10.467529296875,-27.801513671875
1.1774999000000002,0.5093663930892944,-0.9846154451370239,9.565434455871582,-5.950927734375,1.983642578125,-32.196044921875
1.1824999,-0.41718965768814087,-0.3758896589279175,9.886856079101562,2.655029296875,-0.1220703125,-6.4697265625
1.1874999000000002,-1.0791864395141602,-0.6506243348121643,9.716269493103027,-6.28662109375,-5.462646484375,12.115478515625
1.1924999,-1.4173674583435059,-0.019153613597154617,9.86770248413086,-14.22119140625,-16.41845703125,9.94873046875
1.1974999000000002,-1.5191209316253662,0.09457096457481384,10.014347076416016,-8.60595703125,-23.223876953125,35.614013671875
1.2024999,0.8325836658477783,-0.4225766062736511,9.824007987976074,4.608154296875,1.3427734375,20.93505859375
1.2074999000000002,1.3581109046936035,-0.1149216815829277,9.907206535339355,-0.152587890625,-0.030517578125,1.312255859375
1.2124999,1.73519766330719,0.12928688526153564,9.93474006652832,-3.265380859375,6.4697265625,-22.64404296875
1.2174999000000002,1.9207483530044556,-0.39145198464393616,9.77791976928711,5.035400390625,18.585205078125,-16.90673828125
1.2224999,1.9422961473464966,-0.5638344883918762,9.816226959228516,12.237548828125,23.223876953125,-33.50830078125
1.2274999000000002,1.5167267322540283,-0.7056909799575806,9.637859344482422,7.38525390625,21.42333984375,-40.374755859375
1.2324999,0.8732850551605225,-0.9103952050209045,9.694122314453125,-6.16455078125,6.622314453125,-27.587890625
1.2374999000000002,0.2998737692832947,-0.8978256583213806,9.583391189575195,-2.685546875,1.678466796875,-29.693603515625
1.2424999,-0.6057330369949341,-0.424970805644989,9.741408348083496,1.495361328125,-0.946044921875,5.79833984375
1.2474999000000002,-1.0899603366851807,-0.5817909836769104,9.750386238098145,-9.613037109375,-9.246826171875,8.026123046875
1.2524999,-1.400607943534851,0.14365209639072418,9.895833969116211,-13.7939453125,-17.913818359375,17.242431640625
1.2574999000000002,-1.292868971824646,-0.03651157766580582,9.989208221435547,-9.27734375,-23.74267578125,38.02490234375
1.2624999000000001,0.48303020000457764,-0.7769184708595276,9.789292335510254,5.43212890625,-0.640869140625,13.458251953125
1.2674999000000002,1.0420763492584229,-0.28790274262428284,9.86231517791748,3.47900390625,1.434326171875,9.857177734375
1.2724999000000001,1.4742296934127808,-0.1173158809542656,9.891644477844238,-1.52587890625,1.861572265625,-10.833740234375
1.2774999000000002,1.6968904733657837,0.055665191262960434,9.907206535339355,-0.244140625,11.16943359375,-19.95849609375
1.2824999000000001,1.7591396570205688,-0.5339069962501526,9.695918083190918,6.77490234375,17.76123046875,-16.448974609375
1.2874999,1.688510775566101,-0.557250440120697,9.864110946655273,11.474609375,23.4375,-41.9921875
1.2924999000000001,1.202487826347351,-0.8038532137870789,9.651625633239746,4.57763671875,18.798828125,-34.515380859375
1.2974999,0.7320271730422974,-1.0516531467437744,9.706093788146973,-5.126953125,5.462646484375,-24.169921875
1.3024999000000002,-0.03770867735147476,-0.6470330357551575,9.817423820495605,0.42724609375,1.007080078125,-17.15087890625
1.3074999,-0.8493430614471436,-0.050876785069704056,9.775525093078613,-1.89208984375,-5.096435546875,18.37158203125
1.3124999000000002,-1.2348095178604126,-0.11971008777618408,9.99459457397461,-15.228271484375,-16.021728515625,-0.244140625
1.3174999,-0.43754035234451294,-0.5231330990791321,9.688735961914062,4.45556640625,-14.7705078125,23.590087890625
1.3224999000000002,0.1041477769613266,-1.1007342338562012,9.68813705444336,10.3759765625,-4.0283203125,12.908935546875
1.3274999,0.5859808921813965,-0.760757565498352,9.678560256958008,2.960205078125,-1.983642578125,8.697509765625
1.3324999000000002,1.1300631761550903,-0.28730419278144836,9.819818496704102,2.50244140625,1.617431640625,5.2490234375
1.3374999,1.4562731981277466,-0.10893617570400238,9.870695114135742,-1.495361328125,3.204345703125,-14.46533203125
1.3424999000000002,1.6077064275741577,0.07062894850969315,9.93354320526123,1.220703125,11.627197265625,-18.280029296875
1.3474999,1.5711948871612549,-0.41958385705947876,9.758167266845703,3.90625,15.31982421875,-18.768310546875
1.3524999000000002,1.3784615993499756,-0.5614402890205383,9.884461402893066,7.50732421875,22.735595703125,-42.05322265625
1.3574999,1.0085574388504028,-0.9858125448226929,9.633668899536133,5.615234375,17.242431640625,-31.79931640625
1.3624999000000002,0.595557689666748,-1.2934675216674805,9.646238327026367,0.823974609375,6.8359375,-15.625
1.3674999,-0.2819172441959381,-1.2461819648742676,9.68155288696289,-0.457763671875,1.556396484375,1.03759765625
1.3724999000000002,-0.950498104095459,0.9247604012489319,10.018536567687988,-18.12744140625,-18.85986328125,40.34423828125
1.3774999,-0.5590460896492004,-0.15322890877723694,9.985616683959961,-2.74658203125,-16.357421875,32.745361328125
1.3824999000000002,-0.030526071786880493,-0.3172317147254944,9.784503936767578,7.720947265625,-5.18798828125,7.232666015625
1.3874999000000001,0.3411737382411957,-0.9570821523666382,9.625288963317871,10.80322265625,-7.01904296875,8.941650390625
1.3924999000000002,0.5632359385490417,-0.6434416770935059,9.68274974822998,5.126953125,-2.74658203125,11.138916015625
1.3974999000000001,1.0097545385360718,-0.2711433470249176,9.794678688049316,2.13623046875,1.861572265625,3.23486328125
1.4024999000000002,1.2970588207244873,-0.13287819921970367,9.871294021606445,-2.8076171875,3.570556640625,-16.78466796875
1.4074999000000001,1.4903905391693115,0.05386953800916672,9.956287384033203,1.8310546875,11.566162109375,-14.892578125
1.4124999,1.446696400642395,-0.5135562419891357,9.764153480529785,4.2724609375,15.2587890625,-19.500732421875
1.4174999000000001,1.282094955444336,-0.618302583694458,9.855133056640625,7.293701171875,22.491455078125,-39.1845703125
1.4224999,0.9229647517204285,-1.0103530883789062,9.603142738342285,5.37109375,16.448974609375,-25.81787109375
1.4274999000000002,-1.1701661348342896,-0.2992752194404602,9.946112632751465,-15.625,-18.00537109375,-1.007080078125
1.4324999,-0.8271966576576233,0.7032967209815979,10.022727012634277,-16.448974609375,-15.777587890625,34.149169921875
1.4374999000000002,-0.43694180250167847,-0.13826514780521393,9.963470458984375,-0.579833984375,-11.71875,24.139404296875
1.4424999,-0.018555063754320145,-0.545877993106842,9.801262855529785,8.575439453125,-5.126953125,8.60595703125
1.4474999000000002,0.3130418658256531,-0.9355342984199524,9.660603523254395,9.33837890625,-8.514404296875,10.68115234375
1.4524999,0.557250440120697,-0.6769605278968811,9.739612579345703,4.180908203125,-3.0517578125,7.904052734375
1.4574999000000002,1.015141487121582,-0.2454056739807129,9.839570045471191,0.6103515625,0.67138671875,-2.13623046875
1.4624999,1.3096283674240112,-0.14185644686222076,9.889848709106445,-2.3193359375,5.18798828125,-16.998291015625
1.4674999000000002,1.4748282432556152,0.008978256024420261,9.938929557800293,2.227783203125,11.505126953125,-12.359619140625
1.4724999,1.3940238952636719,-0.4967968463897705,9.77672290802002,4.058837890625,13.0615234375,-17.974853515625
1.4774999000000002,0.8104372620582581,-0.9666589498519897,9.642647743225098,4.8828125,15.472412109375,-22.003173828125
1.4824999,0.4345476031303406,-0.6428431272506714,9.706692695617676,1.89208984375,7.2021484375,-9.94873046875
1.4874999000000002,-0.444722980260849,-1.1797429323196411,9.613917350769043,-5.2490234375,-0.762939453125,4.547119140625
1.4924999,-0.6811503767967224,0.5159504413604736,9.825803756713867,-2.9296875,-11.993408203125,18.6767578125
1.4974999000000002,-1.113303780555725,-0.26575639843940735,9.914389610290527,-15.0146484375,-17.669677734375,0.9765625
1.5024999,-0.7326257228851318,0.6003460884094238,9.97065258026123,-17.15087890625,-14.984130859375,29.022216796875
1.5074999000000002,-0.3776853084564209,-0.2082955539226532,9.95748519897461,0.6103515625,-11.5966796875,23.86474609375
1.5124999000000001,-0.013766659423708916,-0.7469909191131592,9.780313491821289,7.75146484375,-6.561279296875,11.77978515625
1.5174999000000002,0.2388216257095337,-1.0193313360214233,9.683947563171387,8.60595703125,-9.368896484375,14.70947265625
1.5224999000000001,0.4638765752315521,-0.7954735159873962,9.758167266845703,4.21142578125,-3.47900390625,12.63427734375
1.5274999000000002,0.9265560507774353,-0.3280056416988373,9.82879638671875,1.251220703125,0.213623046875,3.47900390625
1.5324999000000001,1.5670050382614136,-0.11013327538967133,9.952696800231934,0.213623046875,14.617919921875,-19.927978515625
1.5374999000000003,1.5310919284820557,-0.38965633511543274,9.813833236694336,5.401611328125,14.16015625,-12.603759765625
1.5424999000000001,1.2713210582733154,-0.6482301354408264,9.84376049041748,6.927490234375,17.27294921875,-32.1044921875
1.5474999,0.8307880163192749,-0.9373299479484558,9.630077362060547,3.7841796875,14.7705078125,-26.4892578125
1.5524999000000002,0.4668693244457245,-0.36810851097106934,9.788095474243164,0.1220703125,7.2021484375,-11.932373046875
1.5574999,-0.3603273630142212,-1.1019313335418701,9.641449928283691,-6.744384765625,1.0986328125,-0.335693359375
1.5624999000000002,-0.6476315855979919,0.5524620413780212,9.860519409179688,-1.15966796875,-8.7890625,17.608642578125
1.5674999,-1.1569979190826416,-0.46746787428855896,9.943120002746582,-12.420654296875,-17.51708984375,5.859375
1.5724999000000002,-0.8349778652191162,0.2861070930957794,9.82879638671875,-18.98193359375,-15.2587890625,22.674560546875
1.5774999,-0.5093663930892944,-0.43694180250167847,9.91738224029541,1.0986328125,-13.092041015625,28.50341796875
1.5824999000000002,-0.04908113554120064,-0.8942343592643738,9.67077922821045,7.415771484375,-7.537841796875,15.594482421875
1.5874999,0.2495955228805542,-1.0211269855499268,9.654618263244629,9.185791015625,-8.36181640625,15.31982421875
1.5924999000000002,1.3862427473068237,0.13168109953403473,9.946112632751465,1.373291015625,3.11279296875,-12.02392578125
1.5974999,1.635838270187378,0.07302315533161163,10.01075553894043,-0.579833984375,15.289306640625,-28.106689453125
1.6024999000000002,1.6352397203445435,-0.2064998894929886,9.797073364257812,1.190185546875,20.1416015625,-19.805908203125
1.6074999,1.3910311460494995,-0.48602294921875,9.8599214553833,9.796142578125,18.4326171875,-29.022216796875
1.6124999000000002,0.8589198589324951,-0.9654618501663208,9.601346969604492,5.706787109375,11.871337890625,-26.4892578125
1.6174999,0.46088382601737976,-0.4902127981185913,9.752182006835938,-1.5869140625,4.94384765625,-16.66259765625
1.6224999000000002,-0.375291109085083,-1.0845733880996704,9.70429801940918,-8.544921875,1.861572265625,-4.180908203125
1.6274999,-0.6775590777397156,0.5003881454467773,9.86889934539795,-1.953125,-6.927490234375,18.035888671875
1.6324999000000002,-1.2168530225753784,-0.4537012279033661,10.013748168945312,-10.3759765625,-18.463134765625,8.697509765625
1.6374999000000001,-0.9594763517379761,0.1951274424791336,9.794678688049316,-20.355224609375,-16.571044921875,19.287109375
1.6424999000000002,-0.6308721303939819,-0.4405331015586853,9.940725326538086,0.396728515625,-14.739990234375,31.92138671875
1.6474999000000001,1.7070658206939697,-0.2041056901216507,9.79647445678711,1.800537109375,20.93505859375,-20.050048828125
1.6524999000000002,1.4538789987564087,-0.5171475410461426,9.86770248413086,9.8876953125,19.073486328125,-30.548095703125
1.6574999000000001,0.9074024558067322,-1.004966139793396,9.601346969604492,5.218505859375,11.138916015625,-28.839111328125
1.6624999000000003,0.4818331003189087,-0.4950011968612671,9.806051254272461,-2.0751953125,4.791259765625,-18.37158203125
1.6674999000000001,-0.35434186458587646,-1.1139023303985596,9.713874816894531,-9.1552734375,2.349853515625,-4.21142578125
1.6724999,-0.6919242739677429,0.4620809257030487,9.926959037780762,-1.739501953125,-6.683349609375,17.333984375
1.6774999000000002,-1.2545616626739502,-0.4578910768032074,9.998785018920898,-10.43701171875,-18.85986328125,10.406494140625
1.6824999,-0.656609833240509,-0.47405192255973816,9.884461402893066,1.434326171875,-14.6484375,32.562255859375
1.6874999000000002,-0.656609833240509,-0.47405192255973816,9.884461402893066,1.434326171875,-14.6484375,32.562255859375
1.6924999,-0.1364694982767105,-0.9720458984375,9.565434455871582,8.331298828125,-9.368896484375,21.484375
1.6974999000000002,0.23942017555236816,-1.0211269855499268,9.64683723449707,10.955810546875,-6.9580078125,17.120361328125
1.7024999,0.49140989780426025,-0.8409633636474609,9.68155288696289,5.43212890625,-2.197265625,15.19775390625
1.7074999000000002,0.8744821548461914,-0.3603273630142212,9.827000617980957,1.800537109375,-0.1220703125,10.07080078125
1.7124999,1.4233529567718506,0.2059013396501541,9.937732696533203,1.03759765625,2.471923828125,-11.566162109375
1.7174999000000002,1.754351258277893,0.20470423996448517,10.062231063842773,0.1220703125,15.9912109375,-30.6396484375
1.7224999,1.777694821357727,-0.12509703636169434,9.84256362915039,1.8310546875,23.040771484375,-24.139404296875
1.7274999000000002,1.5328876972198486,-0.44352585077285767,9.90122127532959,9.063720703125,21.6064453125,-35.82763671875
1.7324999,0.9391255974769592,-0.9882067441940308,9.628880500793457,4.21142578125,8.026123046875,-29.96826171875
1.7374999000000002,0.4165911078453064,-0.5913678407669067,9.869498252868652,-2.50244140625,3.936767578125,-18.24951171875
1.7424999,-1.3120225667953491,-0.41718965768814087,9.956287384033203,-13.0615234375,-20.751953125,11.993408203125
1.7474999000000002,-1.0444705486297607,0.16220717132091522,9.784503936767578,-19.622802734375,-18.49365234375,20.81298828125
1.7524999,-0.6242880821228027,-0.3992331326007843,9.839570045471191,2.0751953125,-14.7705078125,33.538818359375
1.7574999000000002,-0.07781155407428741,-0.9678560495376587,9.50498104095459,8.544921875,-10.31494140625,24.871826171875
1.7624999000000001,0.27892449498176575,-1.0755951404571533,9.637260437011719,13.092041015625,-4.608154296875,22.186279296875
1.7674999000000002,0.4926069974899292,-0.9145850539207458,9.630077362060547,6.04248046875,-0.8544921875,19.6533203125
1.7724999000000001,0.8756792545318604,-0.40043023228645325,9.82879638671875,2.0751953125,-0.762939453125,11.29150390625
1.7774999000000002,1.4484920501708984,0.20231004059314728,9.935338973999023,0.457763671875,2.685546875,-10.955810546875
1.7824999000000001,1.8854337930679321,0.25917232036590576,10.066421508789062,0.579833984375,17.059326171875,-31.494140625
1.7874999000000003,1.9207483530044556,0.0035913025494664907,9.95090103149414,2.86865234375,26.214599609375,-30.6396484375
1.7924999000000001,1.6478092670440674,-0.314238965511322,9.922768592834473,8.026123046875,24.23095703125,-41.93115234375
1.7974999,0.29628247022628784,-0.71766197681427,9.848548889160156,-3.448486328125,3.0517578125,-21.728515625
1.8024999000000002,-0.5273229479789734,-1.1037269830703735,9.536704063415527,-10.406494140625,1.3427734375,-1.15966796875
1.8074999,-1.0690110921859741,0.10833762586116791,10.055048942565918,-0.18310546875,-11.77978515625,25.08544921875
1.8124999000000002,-1.3694833517074585,-0.353743314743042,9.81143856048584,-17.242431640625,-22.308349609375,11.3525390625
1.8174999,-1.148618221282959,0.020949264988303185,9.872490882873535,-16.2353515625,-18.829345703125,24.810791015625
1.8224999000000002,-0.5841852426528931,-0.6530185341835022,9.799467086791992,4.730224609375,-14.404296875,37.353515625
1.8274999,-0.018555063754320145,-1.039083480834961,9.565434455871582,11.260986328125,-9.33837890625,31.707763671875
1.8324999000000002,0.32680854201316833,-1.1617863178253174,9.637260437011719,14.434814453125,-0.152587890625,28.778076171875
1.8374999,0.5213374495506287,-0.7757213711738586,9.674370765686035,4.425048828125,-0.823974609375,21.1181640625
1.8424999000000002,0.8900445103645325,-0.25019407272338867,9.85034465789795,2.105712890625,-1.5869140625,9.521484375
1.8474999,1.313219666481018,-0.0011971008498221636,9.90241813659668,0.79345703125,2.532958984375,-7.62939453125
1.8524999000000002,1.7495628595352173,0.12629413604736328,9.932345390319824,3.35693359375,12.603759765625,-17.02880859375
1.8574999,1.7208324670791626,0.18555063009262085,10.0580415725708,-0.732421875,32.012939453125,-61.6455078125
1.8624999000000002,1.7208324670791626,0.18555063009262085,10.0580415725708,-0.732421875,32.012939453125,-61.6455078125
1.8674999,1.316810965538025,-0.02992752194404602,9.815628051757812,-2.227783203125,16.6015625,-67.07763671875
1.8724999000000002,0.40043023228645325,-0.5027823448181152,9.955689430236816,-3.90625,-3.11279296875,-48.187255859375
1.8774999,-0.43933600187301636,-0.9900023937225342,9.38167953491211,-7.8125,-3.47900390625,-2.655029296875
1.8824999000000002,-1.2563573122024536,-0.6099228858947754,9.892242431640625,-0.091552734375,-13.427734375,35.552978515625
1.8874999000000001,-1.4700398445129395,-0.6332663297653198,9.6989107131958,-22.5830078125,-23.834228515625,15.9912109375
1.8924999000000002,-1.2072762250900269,-0.4273650050163269,9.847949981689453,-16.143798828125,-20.355224609375,25.69580078125
1.8974999000000001,-0.7122750282287598,-1.280897855758667,9.755773544311523,8.544921875,-14.862060546875,40.924072265625
1.9024999000000002,-0.07781155407428741,-1.3000515699386597,9.551069259643555,19.439697265625,-5.645751953125,41.107177734375
1.9074999000000001,0.2124854028224945,-1.4939818382263184,9.549273490905762,14.129638671875,1.678466796875,39.093017578125
1.9124999000000003,0.4902127981185913,-0.5614402890205383,9.714473724365234,3.173828125,-0.67138671875,24.810791015625
1.9174999000000001,1.7573440074920654,0.20949265360832214,9.928155899047852,4.974365234375,12.14599609375,-11.8408203125
1.9224999,1.2216414213180542,-0.05027823522686958,9.96945571899414,0.335693359375,19.744873046875,-33.99658203125
1.9274999000000002,0.5859808921813965,-0.04668693244457245,9.930550575256348,-10.345458984375,12.8173828125,-50.628662109375
1.9324999,-0.243011474609375,-0.48482584953308105,9.858125686645508,-10.955810546875,-4.82177734375,-32.135009765625
1.9374999000000002,-0.9522937536239624,-0.1496376097202301,9.770736694335938,-1.739501953125,-9.918212890625,20.355224609375
1.9424999,-1.5376760959625244,-0.8050503134727478,9.75936508178711,-10.650634765625,-23.62060546875,32.8369140625
1.9474999000000002,-1.204882025718689,-0.5512649416923523,9.561244010925293,-15.380859375,-22.15576171875,18.00537109375
1.9524999,-0.788889467716217,-0.8589198589324951,9.710283279418945,6.134033203125,-16.754150390625,34.48486328125
1.9574999000000002,-0.1346738487482071,-1.3742717504501343,9.5223388671875,13.092041015625,-5.7373046875,32.501220703125
1.9624999,1.3898340463638306,-0.4902127981185913,9.692327499389648,3.7841796875,21.759033203125,-21.728515625
1.9674999000000002,1.1953052282333374,-0.1412578970193863,9.82879638671875,1.953125,11.566162109375,0.18310546875
1.9724999,0.5476736426353455,0.12749123573303223,10.121487617492676,-8.544921875,5.2490234375,-22.39990234375
1.9774999000000002,-0.12330138683319092,0.04249707981944084,9.938929557800293,-15.80810546875,7.62939453125,-16.754150390625
1.9824999,-0.8852560520172119,-0.7158663272857666,9.84376049041748,-5.67626953125,-4.69970703125,9.765625
1.9874999000000002,-0.9379284977912903,0.05267243832349777,9.728240013122559,4.0283203125,-27.435302734375,56.182861328125
1.9924999,-0.9289502501487732,-0.9702502489089966,9.798270225524902,-5.37109375,-15.106201171875,-7.4462890625
1.9974999000000002,0.9774328470230103,-0.524330198764801,9.870096206665039,2.25830078125,8.056640625,-3.173828125
2.0024999,1.139639973640442,-0.5237316489219666,9.852738380432129,6.805419921875,3.387451171875,2.838134765625
2.0074999,1.1121066808700562,-0.9894038438796997,9.740809440612793,7.171630859375,8.056640625,-30.914306640625
2.0124999000000003,0.899621307849884,-0.7829039692878723,9.77013874053955,4.180908203125,22.247314453125,-30.181884765625
2.0174999000000002,0.8146271109580994,-0.43754035234451294,9.747393608093262,2.0751953125,13.153076171875,6.53076171875
2.0224999,0.5351040959358215,0.07541735470294952,10.153210639953613,-6.103515625,2.288818359375,-13.214111328125
2.0274999,-0.1280897855758667,-0.04728548228740692,9.889848709106445,-15.2587890625,6.28662109375,-18.646240234375
2.0324999000000004,0.2819172441959381,-0.04967968538403511,9.737217903137207,-3.814697265625,-8.30078125,52.703857421875
2.0374999000000003,0.5752069354057312,-0.9331400990486145,9.785700798034668,14.129638671875,-16.082763671875,31.8603515625
2.0424999,0.7541735172271729,-0.4387374520301819,9.801861763000488,4.486083984375,-2.105712890625,-9.857177734375
2.0474999,0.7320271730422974,-0.26994624733924866,9.822212219238281,-0.152587890625,6.500244140625,-2.0751953125
2.0524999,1.1210849285125732,0.0867898091673851,9.928754806518555,-2.38037109375,2.899169921875,-15.106201171875
2.0574999000000003,0.93254154920578,-0.1538274586200714,9.943717956542969,0.91552734375,2.25830078125,-8.880615234375
2.0624999,0.6560112833976746,-0.6590040326118469,9.815628051757812,2.3193359375,5.126953125,-0.823974609375
2.0674999,0.7457938194274902,-0.7260416746139526,9.716269493103027,8.48388671875,1.312255859375,-0.030517578125
2.0724999,0.7745242714881897,-1.0330979824066162,9.695918083190918,4.7607421875,12.908935546875,-36.407470703125
2.0774999000000003,0.7882909178733826,0.0736217051744461,9.896432876586914,0.732421875,7.568359375,0.244140625
2.0824999,0.292691171169281,0.1041477769613266,10.053851127624512,-9.857177734375,2.685546875,-14.58740234375
2.0874999,-0.018555063754320145,0.38726213574409485,9.960477828979492,-10.80322265625,4.119873046875,-7.01904296875
2.0924999,-0.6087257862091064,-0.3908534348011017,9.98681354522705,-2.38037109375,-3.662109375,10.345458984375
2.0974999000000003,-0.9379284977912903,-1.1450269222259521,9.534908294677734,-2.3193359375,-17.913818359375,39.4287109375
2.1024999,-0.3214215636253357,-0.16101007163524628,9.739612579345703,10.101318359375,-22.918701171875,24.322509765625
2.1074999,-0.2908954918384552,-1.544858694076538,9.563039779663086,-12.02392578125,6.561279296875,-37.109375
2.1124999,0.4034229815006256,0.15921440720558167,9.847352027893066,-3.60107421875,-6.378173828125,50.506591796875
2.1174999000000003,0.7487865686416626,-0.9002198576927185,9.852140426635742,8.636474609375,-14.862060546875,16.2353515625
2.1224999,0.657806932926178,-0.383670836687088,9.884461402893066,4.45556640625,-2.13623046875,-9.33837890625
2.1274999,0.8553285598754883,-0.4339490532875061,9.819818496704102,1.03759765625,4.57763671875,-3.875732421875
2.1324999,0.9475052952766418,-0.11552023142576218,9.86351203918457,-2.105712890625,3.814697265625,-12.87841796875
2.1374999000000003,0.9487023949623108,-0.11252748221158981,9.892242431640625,0.732421875,2.62451171875,-7.080078125
2.1424999000000002,0.595557689666748,-0.6901286244392395,9.764751434326172,1.983642578125,5.7373046875,-7.415771484375
2.1474999,0.5566518902778625,-0.6542156338691711,9.731232643127441,7.2021484375,0.8544921875,7.568359375
2.1524999,0.6159083843231201,-0.9528923034667969,9.653421401977539,4.57763671875,5.096435546875,-24.444580078125
2.1574999000000004,0.5817909836769104,-0.6721721291542053,9.702502250671387,2.685546875,16.571044921875,-18.9208984375
2.1624999000000003,0.5793967843055725,-0.33937808871269226,9.765948295593262,2.25830078125,9.979248046875,4.94384765625
2.1674999,0.4620809257030487,0.05686229094862938,10.038289070129395,-3.875732421875,1.373291015625,-11.688232421875
2.1724999,-0.02454056777060032,-0.07661445438861847,9.898228645324707,-9.521484375,1.617431640625,-2.532958984375
2.1774999000000004,-0.1388636976480484,0.1107318252325058,10.044873237609863,-2.38037109375,-1.15966796875,4.730224609375
2.1824999000000003,-0.7068880796432495,-0.9493009448051453,9.674370765686035,-2.471923828125,-5.79833984375,10.43701171875
2.1874999,-0.7457938194274902,-1.0743980407714844,9.652822494506836,4.638671875,-16.41845703125,37.78076171875
2.1924999,-0.1346738487482071,-0.24899697303771973,9.606734275817871,6.500244140625,-19.10400390625,13.24462890625
2.1974999,0.06165069341659546,-0.9498994946479797,9.79527759552002,-12.969970703125,6.28662109375,-29.11376953125
2.2024999000000003,1.1073182821273804,-0.2406172752380371,9.948506355285645,4.119873046875,-10.467529296875,-2.13623046875
2.2074999,0.7535749673843384,-0.0694318488240242,9.931747436523438,2.50244140625,0.8544921875,-7.415771484375
2.2124999,0.9271546006202698,-0.4537012279033661,9.784503936767578,-0.762939453125,3.387451171875,-2.86865234375
2.2174999,0.8804676532745361,-0.36332011222839355,9.82759952545166,0.48828125,2.899169921875,-13.397216796875
2.2224999000000003,0.7930793166160583,-0.5249287486076355,9.820416450500488,1.068115234375,5.035400390625,-6.34765625
2.2274999,0.4489128291606903,-0.9696516990661621,9.745597839355469,1.708984375,6.195068359375,-5.2490234375
2.2324999,0.3705027103424072,-0.8439561128616333,9.709685325622559,7.171630859375,-0.48828125,7.6904296875
2.2374999,0.42437225580215454,-0.9756371974945068,9.64803409576416,4.57763671875,2.99072265625,-20.32470703125
2.2424999000000003,0.4842272996902466,-0.27712884545326233,9.778518676757812,2.471923828125,10.25390625,5.615234375
2.2474999,0.49380409717559814,0.1364694982767105,9.979032516479492,-1.77001953125,0.823974609375,-10.528564453125
2.2524999,-0.06823474913835526,0.17896658182144165,9.965864181518555,-3.23486328125,-1.5869140625,6.256103515625
2.2574999,-0.34356793761253357,-0.35913026332855225,9.837176322937012,-1.861572265625,-5.67626953125,6.011962890625
2.2624999000000003,-0.6572083830833435,-1.0743980407714844,9.700108528137207,-0.091552734375,-9.002685546875,19.744873046875
2.2674999000000002,-0.166995570063591,-0.09397241473197937,9.618106842041016,8.4228515625,-19.8974609375,37.59765625
2.2724999,0.2346317619085312,-0.8355764150619507,9.928754806518555,-6.561279296875,-4.57763671875,-28.74755859375
2.2774999,0.2346317619085312,-0.8355764150619507,9.928754806518555,-6.561279296875,-4.57763671875,-28.74755859375
2.2824999000000004,0.46148237586021423,0.16998831927776337,9.7605619430542,-9.3994140625,5.950927734375,15.5029296875
2.2874999000000003,1.0324994325637817,-0.21547815203666687,10.049661636352539,2.899169921875,-9.1552734375,18.9208984375
2.2924999,0.8200140595436096,-0.38905778527259827,9.911396026611328,1.708984375,-3.875732421875,-16.845703125
2.2974999,0.6685808300971985,-0.5841852426528931,9.757569313049316,1.251220703125,2.960205078125,5.767822265625
2.3024999000000004,0.8565256595611572,-0.5291185975074768,9.779715538024902,-0.152587890625,1.46484375,-11.199951171875
2.3074999000000003,0.7864952683448792,-0.37469255924224854,9.780912399291992,1.28173828125,4.0283203125,-6.927490234375
2.3124999,0.4010287821292877,-0.7511807680130005,9.734225273132324,4.180908203125,4.608154296875,-0.396728515625
2.3174999,0.27473464608192444,-0.9181763529777527,9.676764488220215,6.317138671875,-1.190185546875,4.638671875
2.3224999,0.031124621629714966,0.10594342648983002,9.9371337890625,-2.5634765625,-1.3427734375,5.31005859375
2.3274999000000003,-0.15502455830574036,-0.3130418658256531,9.846753120422363,-1.77001953125,-5.37109375,6.378173828125
2.3324999,-0.5135562419891357,-1.0528502464294434,9.75517463684082,-0.9765625,-7.01904296875,13.458251953125
2.3374999,-0.2944868206977844,-0.518943190574646,9.693524360656738,7.354736328125,-17.303466796875,37.628173828125
2.3424999,0.2717418968677521,-0.6991068720817566,9.882067680358887,-2.716064453125,-10.467529296875,-16.021728515625
2.3474999000000003,0.6093243360519409,-0.40521863102912903,9.779715538024902,1.251220703125,1.89208984375,5.31005859375
2.3524999,0.7894880175590515,-0.5009866952896118,9.756970405578613,-0.030517578125,1.46484375,-5.43212890625
2.3574999,0.7092822790145874,-0.4183867573738098,9.762357711791992,1.46484375,2.50244140625,-7.6904296875
2.3624999,0.667982280254364,-0.5680243372917175,9.800065994262695,-0.3662109375,5.706787109375,-5.706787109375
2.3674999000000003,0.5063736438751221,-0.7344213724136353,9.785700798034668,1.0986328125,5.615234375,-8.880615234375
2.3724999,0.19153612852096558,-0.872686505317688,9.750386238098145,5.92041015625,2.044677734375,6.927490234375
2.3774999,0.18555063009262085,-0.9726444482803345,9.643245697021484,4.7607421875,-2.99072265625,0.762939453125
2.3824999,0.33758243918418884,-0.6823474764823914,9.691129684448242,2.74658203125,4.913330078125,-19.927978515625
2.3874999000000003,0.3621230125427246,-0.3058592677116394,9.73542308807373,1.5869140625,12.542724609375,-4.425048828125
2.3924999000000002,0.5363011956214905,-0.12030863761901855,9.813234329223633,-0.335693359375,4.39453125,1.5869140625
2.3974999,0.152031809091568,-0.05267243832349777,9.922170639038086,-3.448486328125,3.204345703125,0.396728515625
2.4024999,0.1586158573627472,0.020949264988303185,9.938929557800293,-2.899169921875,0.67138671875,2.38037109375
2.4074999000000004,-0.04728548228740692,-0.2711433470249176,9.874286651611328,-1.46484375,-4.638671875,7.476806640625
2.4124999000000003,-0.3663128614425659,-0.9624691009521484,9.806650161743164,-1.617431640625,-6.8359375,8.148193359375
2.4174999,-0.3447650372982025,-0.7015010714530945,9.740809440612793,5.06591796875,-12.847900390625,29.571533203125
2.4224999,0.21188685297966003,-0.6991068720817566,9.832387924194336,0,-12.451171875,-4.45556640625
2.4274999000000004,0.34656068682670593,-0.3555389642715454,9.816226959228516,-7.659912109375,4.058837890625,-7.50732421875
2.4324999000000003,0.8415619134902954,0.11971008777618408,9.943717956542969,-1.0986328125,0.701904296875,14.801025390625
2.4374999,0.9552865028381348,-0.11671733111143112,9.87967300415039,-0.67138671875,-4.791259765625,-12.969970703125
2.4424999,0.5829881429672241,-0.33339259028434753,9.824606895446777,1.007080078125,0.18310546875,4.82177734375
2.4474999,0.669179379940033,-0.5662286877632141,9.771934509277344,0.579833984375,0.762939453125,-3.60107421875
2.4524999000000003,0.5506663918495178,-0.5099649429321289,9.75397777557373,1.617431640625,1.495361328125,-3.997802734375
2.4574999,0.5452794432640076,-0.5339069962501526,9.832986831665039,-1.373291015625,4.69970703125,-8.331298828125
2.4624999,0.3860650360584259,-0.6871358752250671,9.785101890563965,2.227783203125,5.218505859375,-3.509521484375
2.4674999,0.17178396880626678,-0.9068039059638977,9.750985145568848,6.103515625,0.732421875,7.9345703125
2.4724999000000003,0.20290859043598175,-0.9349357485771179,9.601945877075195,3.96728515625,-2.38037109375,-1.8310546875
2.4774999,0.383670836687088,-0.586579442024231,9.694721221923828,2.655029296875,5.340576171875,-16.448974609375
2.4824999,0.20949265360832214,-0.1107318252325058,9.916184425354004,-3.082275390625,0.640869140625,-0.06103515625
2.4874999,-0.020350715145468712,-0.33279404044151306,9.890447616577148,-1.8310546875,-3.23486328125,7.14111328125
2.4924999000000003,-0.2190694510936737,-0.7416039705276489,9.84495735168457,-2.410888671875,-5.9814453125,6.134033203125
2.4974999,-0.3621230125427246,-0.7954735159873962,9.725247383117676,2.899169921875,-10.101318359375,22.0947265625
2.5024999,0.15083470940589905,-0.4321534037590027,9.785101890563965,2.716064453125,-12.603759765625,7.01904296875
2.5074999,0.3298012912273407,-0.3992331326007843,9.770736694335938,-6.805419921875,1.068115234375,-13.12255859375
2.5124999000000003,0.7038952708244324,0.2322375625371933,9.895236015319824,-2.01416015625,2.716064453125,13.671875
2.5174999000000002,0.973242998123169,-0.06584054976701736,9.883264541625977,-1.8310546875,-4.33349609375,-11.138916015625
2.5224999,0.6021417379379272,-0.2669534981250763,9.86889934539795,0.518798828125,-0.885009765625,2.99072265625
2.5274999,0.6512228846549988,-0.6763619780540466,9.806650161743164,0.885009765625,0.762939453125,-1.3427734375
2.5324999000000004,0.557250440120697,-0.6230909824371338,9.753378868103027,2.685546875,1.3427734375,-4.150390625
2.5374999000000003,0.5261258482933044,-0.6332663297653198,9.776124000549316,0.457763671875,2.777099609375,-3.265380859375
2.5424999,0.5674257874488831,-0.34656068682670593,9.835979461669922,-0.732421875,2.349853515625,-6.134033203125
2.5474999,0.4602852761745453,-0.6649895310401917,9.856928825378418,-1.15966796875,4.39453125,-9.185791015625
2.5524999000000004,0.314238965511322,-0.6087257862091064,9.78869342803955,4.21142578125,4.82177734375,3.875732421875
2.5574999000000003,0.1777694821357727,-0.933738648891449,9.767744064331055,5.67626953125,0.3662109375,3.11279296875
2.5624999,-0.21428105235099792,-0.8565256595611572,9.795876502990723,-1.64794921875,-6.77490234375,6.34765625
2.5674999,-0.23283611238002777,-0.6542156338691711,9.674968719482422,4.45556640625,-9.979248046875,20.99609375
2.5724999,0.19572599232196808,-0.7158663272857666,9.79647445678711,-0.152587890625,-8.72802734375,-2.685546875
2.5774999000000003,0.30226796865463257,-0.19033902883529663,9.781511306762695,-5.2490234375,1.64794921875,-1.922607421875
2.5824999,0.5213374495506287,-0.5219359993934631,9.798270225524902,-0.48828125,2.25830078125,-3.875732421875
2.5874999,0.5644330382347107,-0.2603694200515747,9.84256362915039,-0.54931640625,1.8310546875,-5.859375
2.5924999,0.4836287498474121,-0.6404489278793335,9.841365814208984,-0.640869140625,5.279541015625,-10.31494140625
2.5974999000000003,0.3100491166114807,-0.5919663906097412,9.787496566772461,4.547119140625,5.645751953125,4.180908203125
2.6024999,0.2232593148946762,-0.8882488012313843,9.73542308807373,4.69970703125,-0.3662109375,1.953125
2.6074999,0.2106897532939911,-0.7727286219596863,9.649829864501953,1.678466796875,-1.40380859375,-6.072998046875
2.6124999,0.365115761756897,-0.517746090888977,9.742006301879883,1.007080078125,5.523681640625,-10.7421875
2.6174999000000003,0.3705027103424072,-0.22864626348018646,9.800664901733398,0.6103515625,7.659912109375,-3.0517578125
2.6224999,-0.0736217051744461,-0.3357867896556854,9.818621635437012,-2.410888671875,-4.57763671875,10.986328125
2.6274999,-0.22026655077934265,-0.9074024558067322,9.747992515563965,-0.152587890625,-8.6669921875,9.979248046875
2.6324999,-0.002394201699644327,-0.3800795078277588,9.6989107131958,5.462646484375,-11.04736328125,17.852783203125
2.6374999000000003,0.26994624733924866,-0.7625532150268555,9.745597839355469,-4.2724609375,-3.662109375,-10.43701171875
2.6424999000000002,0.5895721912384033,-0.3429693877696991,9.889249801635742,1.28173828125,-0.91552734375,1.40380859375
2.6474999,0.6799532771110535,-0.6332663297653198,9.79647445678711,1.8310546875,1.495361328125,-1.678466796875
2.6524999,0.5644330382347107,-0.6404489278793335,9.79288387298584,1.495361328125,1.373291015625,-4.425048828125
2.6574999000000004,0.6111199855804443,-0.28550854325294495,9.807847023010254,-0.091552734375,2.62451171875,-6.011962890625
2.6624999000000003,0.5752069354057312,-0.5500678420066833,9.882665634155273,-0.518798828125,5.584716796875,-10.7421875
2.6674999,0.4058171808719635,-0.5554547905921936,9.731831550598145,2.044677734375,7.32421875,-3.021240234375
2.6724999,0.2711433470249176,-0.7439981698989868,9.787496566772461,6.134033203125,1.3427734375,5.889892578125
2.6774999000000004,0.22864626348018646,-0.8331822156906128,9.622895240783691,2.25830078125,-0.54931640625,-6.77490234375
2.6824999000000003,0.28371289372444153,-0.557250440120697,9.721057891845703,1.190185546875,5.31005859375,-10.040283203125
2.6874999,0.3166331648826599,-0.292691171169281,9.75517463684082,0.946044921875,7.4462890625,-5.950927734375
2.6924999,0.36092591285705566,-0.16400282084941864,9.790489196777344,-0.91552734375,1.28173828125,3.72314453125
2.6974999,0.25318682193756104,0.181959331035614,10.017938613891602,-3.0517578125,-2.13623046875,-4.852294921875
2.7024999000000003,0.13527239859104156,0.02274491637945175,9.860519409179688,-4.791259765625,-0.091552734375,1.708984375
2.7074999,0.08319851011037827,0.03890577703714371,10.016142845153809,-2.471923828125,-1.251220703125,3.448486328125
2.7124999,-0.12330138683319092,-0.3495534360408783,9.800065994262695,-2.838134765625,-5.67626953125,14.007568359375
2.7174999,-0.010773907415568829,-0.4207809567451477,9.695918083190918,5.67626953125,-11.65771484375,17.2119140625
2.7224999000000003,0.29807811975479126,-0.7463923692703247,9.764153480529785,-4.69970703125,-3.570556640625,-8.9111328125
2.7274999,0.5231330990791321,-0.023343466222286224,9.853935241699219,-2.288818359375,1.556396484375,7.476806640625
2.7324999,0.8930372595787048,-0.1735796183347702,9.889249801635742,-1.495361328125,-4.2724609375,-4.8828125
2.7374999,0.6392518281936646,-0.40222588181495667,9.8970308303833,1.373291015625,-1.5869140625,1.922607421875
2.7424999000000003,0.751779317855835,-0.507570743560791,9.785101890563965,2.227783203125,1.28173828125,-2.38037109375
2.7474999,0.6200982332229614,-0.5919663906097412,9.773730278015137,0.885009765625,2.13623046875,-5.31005859375
2.7524999,0.7044938206672668,-0.406415730714798,9.780912399291992,0,2.655029296875,-5.43212890625
2.7574999,0.6392518281936646,-0.3166331648826599,9.822212219238281,-0.30517578125,3.692626953125,-7.904052734375
2.7624999000000003,0.5650315880775452,-0.5045779943466187,9.856329917907715,-0.091552734375,5.584716796875,-6.34765625
2.7674999000000002,0.4315548539161682,-0.6847416758537292,9.781511306762695,3.082275390625,5.37109375,-3.0517578125
2.7724999,0.262763649225235,-0.9163807034492493,9.744999885559082,5.523681640625,2.9296875,3.204345703125
2.7774999,0.29149407148361206,-0.5081692934036255,9.730634689331055,1.129150390625,6.744384765625,-14.70947265625
2.7824999000000004,0.2041056901216507,-0.2861070930957794,9.725846290588379,0,4.852294921875,4.94384765625
2.7874999000000003,0.3687070608139038,0.20709845423698425,9.90361499786377,-2.105712890625,-0.762939453125,-3.021240234375
2.7924999,0.05746084079146385,-0.03531447425484657,9.932345390319824,-4.730224609375,-1.068115234375,0.030517578125
2.7974999,0.2124854028224945,0.20709845423698425,10.013150215148926,-3.631591796875,-1.556396484375,0.732421875
2.8024999000000004,-0.1999158412218094,-0.8888474106788635,9.868300437927246,-2.3193359375,-8.72802734375,11.41357421875
2.8074999000000003,-0.1759738177061081,-0.6937199234962463,9.739013671875,6.744384765625,-11.993408203125,17.547607421875
2.8124999,0.1975216418504715,-0.8972271084785461,9.788095474243164,-1.15966796875,-8.392333984375,-0.9765625
2.8174999,0.1975216418504715,-0.8972271084785461,9.788095474243164,-1.15966796875,-8.392333984375,-0.9765625
2.8224999,0.35254621505737305,-0.26755204796791077,9.807847023010254,-4.608154296875,1.312255859375,2.685546875
2.8274999000000003,0.9528923034667969,-0.03531447425484657,9.873687744140625,-0.48828125,-2.960205078125,1.52587890625
2.8324999,0.8080430626869202,-0.2124854028224945,9.769539833068848,2.3193359375,1.953125,2.777099609375
2.8374999,0.7948749661445618,-0.4471171796321869,9.791686058044434,1.28173828125,1.03759765625,-9.063720703125
2.8424999,0.6919242739677429,-0.3555389642715454,9.77133560180664,-0.030517578125,4.241943359375,-4.119873046875
2.8474999000000003,0.7320271730422974,-0.3884592354297638,9.84615421295166,-0.06103515625,4.608154296875,-9.33837890625
2.8524999,0.5650315880775452,-0.5141547918319702,9.829395294189453,0.213623046875,5.828857421875,-7.6904296875
2.8574999,0.42616790533065796,-0.7314286231994629,9.77672290802002,2.0751953125,5.462646484375,-3.35693359375
2.8624999,0.2908954918384552,-0.9313444495201111,9.710283279418945,5.340576171875,3.265380859375,1.46484375
2.8674999000000003,0.2621650993824005,-0.8415619134902954,9.646238327026367,4.08935546875,3.96728515625,-8.087158203125
2.8724999,0.26815059781074524,-0.5805938839912415,9.731232643127441,1.15966796875,6.927490234375,-13.763427734375
2.8774999,0.18136078119277954,-0.35434186458587646,9.711481094360352,-0.823974609375,4.180908203125,4.69970703125
2.8824999,-0.17238251864910126,-0.6260837316513062,9.724050521850586,7.049560546875,-12.0849609375,21.270751953125
2.8874999000000003,0.25677812099456787,-0.9050082564353943,9.806650161743164,-2.3193359375,-9.521484375,-1.922607421875
2.8924999000000002,0.4159925580024719,-0.262763649225235,9.832387924194336,-5.706787109375,1.373291015625,0.518798828125
2.8974999,0.9696516990661621,0,9.905410766601562,1.220703125,-2.105712890625,4.852294921875
2.9024999,0.872686505317688,-0.2753331959247589,9.893440246582031,-0.518798828125,-3.35693359375,-7.9345703125
2.9074999000000004,0.8038532137870789,-0.243011474609375,9.761758804321289,1.5869140625,2.0751953125,3.692626953125
2.9124999000000003,0.823006808757782,-0.6751648783683777,9.773730278015137,1.52587890625,2.532958984375,-9.82666015625
2.9174999,0.7547720670700073,-0.4255693554878235,9.724648475646973,0.701904296875,5.0048828125,-5.92041015625
2.9224999,0.6967126727104187,-0.5674257874488831,9.80904483795166,-1.068115234375,6.011962890625,-9.8876953125
2.9274999000000004,0.3770867586135864,-0.7206547260284424,9.750386238098145,2.593994140625,6.195068359375,-4.5166015625
2.9324999000000003,0.27054479718208313,-0.7811083197593689,9.68155288696289,6.256103515625,4.486083984375,0.885009765625
2.9374999,0.2663549482822418,-0.7547720670700073,9.6989107131958,2.532958984375,5.615234375,-13.885498046875
2.9424999,0.1999158412218094,-0.4572925269603729,9.706093788146973,0.457763671875,6.195068359375,-4.8828125
2.9474999,0.23523031175136566,-0.0736217051744461,9.85034465789795,-0.732421875,2.8076171875,1.312255859375
2.9524999000000003,0.026336219161748886,-0.07721300423145294,9.955090522766113,-4.150390625,-1.8310546875,-1.52587890625
2.9574999,0.040701430290937424,0.13168109953403473,9.938331604003906,-4.913330078125,-3.509521484375,1.373291015625
2.9624999,-0.25318682193756104,-0.6326677799224854,9.770736694335938,4.547119140625,-11.04736328125,18.341064453125
2.9674999,-0.25318682193756104,-0.6326677799224854,9.770736694335938,4.547119140625,-11.04736328125,18.341064453125
2.9724999000000003,0.19871874153614044,-0.5105634927749634,9.755773544311523,2.532958984375,-12.3291015625,11.474609375
2.9774999,0.3345896899700165,-0.436343252658844,9.80904483795166,-7.080078125,-1.983642578125,-4.730224609375
2.9824999,0.8086416125297546,-0.27892449498176575,9.803058624267578,2.01416015625,1.617431640625,3.11279296875
2.9874999,0.912190854549408,-0.6350619792938232,9.803657531738281,1.312255859375,3.509521484375,-9.6435546875
2.9924999000000003,0.8182184100151062,-0.4507084786891937,9.749788284301758,0.640869140625,4.913330078125,-7.171630859375
2.9974999,0.750582218170166,-0.5141547918319702,9.806051254272461,-0.701904296875,6.072998046875,-9.27734375
3.0024999,0.6266822814941406,-0.5051765441894531,9.801861763000488,0.640869140625,7.26318359375,-11.322021484375
3.0074999,0.4273650050163269,-0.8271966576576233,9.733627319335938,2.716064453125,8.209228515625,-7.843017578125
3.0124999000000003,0.3321954905986786,-0.7104793787002563,9.685144424438477,7.14111328125,6.195068359375,-0.9765625
3.0174999000000002,0.2603694200515747,-0.6901286244392395,9.707290649414062,1.953125,6.683349609375,-16.998291015625
3.0224999,0.06464344263076782,-0.5548562407493591,9.68574333190918,-1.708984375,7.354736328125,-7.171630859375
3.0274999,0.05027823522686958,0.1951274424791336,9.9586820602417,-1.068115234375,0.244140625,4.0283203125
3.0324999000000004,-0.1711854189634323,-0.13287819921970367,9.909601211547852,-7.4462890625,-4.5166015625,-1.251220703125
3.0374999000000003,0.25258827209472656,-0.8409633636474609,9.724648475646973,-4.69970703125,-7.110595703125,-1.0986328125
3.0424999,0.5704185366630554,-0.1430535465478897,9.853337287902832,-1.46484375,-1.861572265625,7.080078125
3.0474999,0.9929951429367065,-0.3387795388698578,9.888651847839355,0.518798828125,-6.134033203125,-5.0048828125
3.0524999000000004,0.912190854549408,-0.21607670187950134,9.873088836669922,3.387451171875,0.42724609375,1.708984375
3.0574999000000003,1.1013327836990356,-0.37169981002807617,9.877279281616211,0.640869140625,4.486083984375,-10.528564453125
3.0624999,0.9858125448226929,-0.28131869435310364,9.804854393005371,-1.312255859375,6.378173828125,-9.429931640625
3.0674999,0.9331400990486145,-0.2944868206977844,9.840168952941895,0,6.866455078125,-9.94873046875
3.0724999000000004,0.7631517648696899,-0.40940847992897034,9.800664901733398,1.28173828125,9.521484375,-16.326904296875
3.0774999000000003,0.4836287498474121,-1.0408791303634644,9.71926212310791,2.50244140625,12.542724609375,-16.05224609375
3.0824999,0.18555063009262085,-1.0809820890426636,9.671976089477539,1.861572265625,8.4228515625,-17.242431640625
3.0874999,0.02693476900458336,-0.22685061395168304,9.759963035583496,-1.861572265625,7.232666015625,-8.514404296875
3.0924999,-0.22685061395168304,-0.005386953707784414,9.889249801635742,-5.4931640625,-3.570556640625,8.056640625
3.0974999000000003,-0.3734954595565796,0.21428105235099792,9.97065258026123,-10.650634765625,-8.209228515625,-0.79345703125
3.1024999,-0.5704185366630554,-0.02214636653661728,9.914987564086914,-6.072998046875,-10.467529296875,20.6298828125
3.1074999,-0.5829881429672241,-0.8343793153762817,9.714473724365234,-3.082275390625,-13.48876953125,18.829345703125
3.1124999,-0.2645592987537384,-0.606930136680603,9.742605209350586,7.904052734375,-15.31982421875,23.98681640625
3.1174999000000003,0.05446808785200119,-0.9786299467086792,9.72165584564209,0.42724609375,-11.474609375,11.993408203125
3.1224999,1.3108254671096802,-0.3016694188117981,9.805453300476074,0.213623046875,9.6435546875,-13.336181640625
3.1274999,0.9900023937225342,-0.5045779943466187,9.785700798034668,1.983642578125,13.7939453125,-27.89306640625
3.1324999,0.6847416758537292,-0.7559691667556763,9.727641105651855,3.753662109375,17.39501953125,-27.40478515625
3.1374999000000003,0.35075053572654724,-1.2324153184890747,9.543288230895996,2.197265625,9.002685546875,-8.331298828125
3.1424999000000002,0.1975216418504715,-1.0630255937576294,9.613917350769043,5.126953125,8.087158203125,-20.751953125
3.1474999,-0.26755204796791077,-0.8672995567321777,9.710283279418945,-0.396728515625,4.5166015625,-5.79833984375
3.1524999,-0.456095427274704,-0.31543606519699097,9.749189376831055,-12.176513671875,-4.150390625,6.561279296875
3.1574999000000004,-0.8409633636474609,0.017956512048840523,10.052654266357422,-7.598876953125,-13.916015625,18.00537109375
3.1624999000000003,-0.9738415479660034,-0.41958385705947876,9.831789016723633,-6.744384765625,-19.561767578125,28.594970703125
3.1674999,-0.6512228846549988,-0.34596213698387146,9.874286651611328,7.8125,-17.974853515625,30.120849609375
3.1724999,-0.21667525172233582,-0.7793126702308655,9.788095474243164,6.65283203125,-8.819580078125,20.8740234375
3.1774999000000004,0.2256535142660141,-0.40043023228645325,9.819219589233398,1.129150390625,-4.0283203125,15.838623046875
3.1824999000000003,1.6376339197158813,-0.47405192255973816,9.750985145568848,1.983642578125,9.6435546875,-21.3623046875
3.1874999,1.9494787454605103,-0.4752490520477295,9.718663215637207,12.51220703125,21.3623046875,-18.463134765625
3.1924999,1.6519991159439087,-0.8649053573608398,9.750386238098145,4.2724609375,20.843505859375,-20.81298828125
3.1974999000000004,1.0743980407714844,-0.6721721291542053,9.731232643127441,-4.241943359375,13.824462890625,-24.261474609375
3.2024999000000003,-0.760757565498352,-0.18315643072128296,9.593565940856934,-11.962890625,-7.87353515625,10.19287109375
3.2074999,-1.1558008193969727,-0.5363011956214905,9.634865760803223,-9.674072265625,-20.3857421875,31.585693359375
3.2124999,-1.0067617893218994,-1.0582371950149536,9.514557838439941,-5.0048828125,-24.10888671875,31.3720703125
3.2174999,1.282094955444336,0.43933600187301636,10.021530151367188,-2.62451171875,-1.983642578125,-0.640869140625
3.2224999000000003,1.8034324645996094,-0.2717418968677521,9.817423820495605,1.64794921875,8.72802734375,-20.44677734375
3.2274999,2.2595279216766357,-0.29867666959762573,9.785101890563965,13.73291015625,23.0712890625,-20.416259765625
3.2324999,2.034472942352295,-0.6841431260108948,9.82999324798584,6.195068359375,23.5595703125,-23.0712890625
3.2374999,1.3868412971496582,-0.456095427274704,9.797073364257812,-4.45556640625,16.510009765625,-28.62548828125
3.2424999000000003,0.6386532783508301,-0.4465186297893524,9.797672271728516,-4.730224609375,6.34765625,-43.39599609375
3.2474999,0.002394201699644327,-0.7104793787002563,9.664793968200684,1.861572265625,2.105712890625,-38.421630859375
3.2524999,-0.7050924301147461,-1.0091559886932373,9.540295600891113,-3.96728515625,-1.8310546875,-12.0849609375
3.2574999,-1.2449848651885986,-0.9097966551780701,9.502586364746094,-9.09423828125,-26.092529296875,33.966064453125
3.2624999000000003,-0.7733271718025208,-0.6727706789970398,9.674968719482422,11.474609375,-17.730712890625,38.482666015625
3.2674999000000002,-0.22685061395168304,-1.026513934135437,9.693524360656738,8.72802734375,-0.8544921875,27.130126953125
3.2724999,0.36571431159973145,-0.2753331959247589,9.832986831665039,2.5634765625,-1.190185546875,24.0478515625
3.2774999,0.8301894664764404,0.3405751883983612,10.029311180114746,2.01416015625,-3.082275390625,19.805908203125
3.2824999000000004,2.033275842666626,-0.6757634282112122,9.852738380432129,8.30078125,25.238037109375,-24.444580078125
3.2874999000000003,1.367687702178955,-0.8200140595436096,9.774927139282227,-3.326416015625,17.181396484375,-26.06201171875
3.2924999,0.7200561761856079,-0.5925649404525757,9.6803560256958,-2.899169921875,5.2490234375,-40.496826171875
3.2974999,-0.18974047899246216,-0.9367313981056213,9.724050521850586,7.2021484375,-2.5634765625,20.294189453125
3.3024999000000004,0.39803603291511536,-0.21966800093650818,9.840168952941895,2.349853515625,-1.495361328125,17.486572265625
3.3074999000000003,0.8469488620758057,0.28131869435310364,10.02571964263916,1.678466796875,-2.74658203125,15.960693359375
3.3124999,1.2641384601593018,0.5404910445213318,10.036493301391602,-2.899169921875,-2.593994140625,-1.89208984375
3.3174999,1.659181833267212,-0.12330138683319092,9.891644477844238,-3.11279296875,5.950927734375,-21.697998046875
3.3224999000000004,2.0260932445526123,-0.4926069974899292,9.761159896850586,11.444091796875,22.003173828125,-22.27783203125
3.3274999000000003,1.9829975366592407,-0.6913257241249084,9.755773544311523,12.603759765625,25.87890625,-25.08544921875
3.3324999,-0.6739677786827087,-0.3597288131713867,9.722254753112793,7.781982421875,-19.927978515625,36.956787109375
3.3374999,-0.1801636815071106,-0.8289923667907715,9.706093788146973,6.805419921875,-4.8828125,18.524169921875
3.3424999,0.4058171808719635,-0.17477671802043915,9.800664901733398,1.312255859375,-1.5869140625,14.2822265625
3.3474999000000003,0.9169792532920837,0.25917232036590576,9.99220085144043,0.8544921875,-3.2958984375,12.26806640625
3.3524999,1.2545616626739502,0.49380409717559814,10.017938613891602,-2.50244140625,-2.74658203125,-1.89208984375
3.3574999,1.8908207416534424,-0.7218518257141113,9.785700798034668,12.939453125,24.4140625,-26.30615234375
3.3624999,0.7679402232170105,-0.9714473485946655,9.642048835754395,-4.119873046875,8.087158203125,-21.942138671875
3.3674999000000003,0.0933738648891449,-0.993593692779541,9.64683723449707,2.471923828125,1.007080078125,-30.364990234375
3.3724999,-0.5985504388809204,-0.7463923692703247,9.852140426635742,0.42724609375,1.739501953125,-9.09423828125
3.3774999,-0.849941611289978,-0.7110779285430908,9.626486778259277,-12.0849609375,-4.39453125,9.27734375
3.3824999,-1.0935516357421875,-0.08379705995321274,10.10173511505127,-7.6904296875,-13.763427734375,14.739990234375
3.3874999000000003,-1.2497732639312744,-0.5590460896492004,9.767744064331055,-9.521484375,-22.125244140625,36.773681640625
3.3924999000000002,-0.7769184708595276,-0.43335050344467163,9.776124000549316,4.180908203125,-20.965576171875,35.5224609375
3.3974999,-0.2902969419956207,-0.8738836050033569,9.725846290588379,9.521484375,-8.209228515625,22.03369140625
3.4024999,0.3166331648826599,-0.44771572947502136,9.764751434326172,1.64794921875,-1.251220703125,12.63427734375
3.4074999000000004,1.9207483530044556,-0.5859808921813965,9.807847023010254,11.5966796875,21.8505859375,-26.123046875
3.4124999000000003,1.3796586990356445,-0.9552865028381348,9.761758804321289,4.913330078125,21.78955078125,-24.90234375
3.4174999,0.8481459617614746,-0.9941922426223755,9.740211486816406,-3.2958984375,11.474609375,-20.08056640625
3.4224999,0.28790274262428284,-0.823006808757782,9.650428771972656,1.373291015625,1.373291015625,-31.707763671875
3.4274999000000004,-0.3770867586135864,-0.4207809567451477,9.93474006652832,2.044677734375,2.227783203125,-17.608642578125
3.4324999000000003,-0.8457517623901367,-0.5135562419891357,9.604340553283691,-10.68115234375,-2.227783203125,9.857177734375
3.4374999,-0.9870096445083618,0.13407529890537262,9.979032516479492,-10.19287109375,-12.6953125,8.697509765625
3.4424999,-1.4059948921203613,-0.5219359993934631,9.725247383117676,-9.674072265625,-21.514892578125,36.31591796875
3.4474999000000004,-0.9163807034492493,-0.6955155730247498,9.593565940856934,-0.457763671875,-22.125244140625,35.5224609375
3.4524999000000003,0.9259575009346008,-1.0067617893218994,9.733627319335938,-2.349853515625,14.46533203125,-19.6533203125
3.4574999,0.45908817648887634,-0.8445546627044678,9.667786598205566,0.3662109375,3.84521484375,-30.059814453125
3.4624999,-0.12449848651885986,-0.39564183354377747,9.941922187805176,2.685546875,2.0751953125,-25.177001953125
3.4674999,-0.7272387742996216,-0.6619967818260193,9.61331844329834,-10.7421875,-1.03759765625,7.293701171875
3.4724999000000003,-0.8248024582862854,0.04369417950510979,9.911396026611328,-11.993408203125,-10.3759765625,7.598876953125
3.4774999,-1.380257248878479,-0.6404489278793335,9.741408348083496,-9.918212890625,-20.93505859375,35.919189453125
3.4824999,-0.9343371987342834,-0.8876502513885498,9.48462963104248,-3.84521484375,-22.979736328125,37.7197265625
3.4874999,-0.5680243372917175,-1.1504138708114624,9.560646057128906,11.932373046875,-13.00048828125,29.510498046875
3.4924999000000003,0.060453593730926514,-0.9911994934082031,9.569623947143555,4.69970703125,-2.0751953125,12.237548828125
3.4974999,0.6224924325942993,-0.30945056676864624,9.782109260559082,2.13623046875,-2.410888671875,15.594482421875
3.5024999,1.037886381149292,0.17178396880626678,9.959878921508789,0.9765625,-2.38037109375,10.589599609375
3.5074999,1.447893500328064,0.2944868206977844,9.980828285217285,-2.349853515625,1.52587890625,-15.07568359375
3.5124999000000003,1.6855180263519287,-0.2861070930957794,9.82879638671875,2.99072265625,14.434814453125,-21.209716796875
3.5174999000000002,1.866280198097229,-0.4159925580024719,9.799467086791992,10.894775390625,20.20263671875,-19.805908203125
3.5224999,0.4920084476470947,-0.5680243372917175,9.712079048156738,-5.55419921875,5.0048828125,-40.8935546875
3.5274999,-0.8942343592643738,-0.13766659796237946,9.829395294189453,-9.735107421875,-8.575439453125,12.786865234375
3.5324999000000004,-1.2132617235183716,-0.37469255924224854,9.657012939453125,-14.434814453125,-23.468017578125,39.00146484375
3.5374999000000003,-0.8756792545318604,-0.707486629486084,9.468469619750977,-11.962890625,-26.0009765625,38.51318359375
3.5424999,-0.5171475410461426,-1.217451572418213,9.389460563659668,11.566162109375,-13.48876953125,35.7666015625
3.5474999,0.02214636653661728,-1.347337007522583,9.460687637329102,19.10400390625,0.1220703125,31.31103515625
3.5524999000000004,0.3627215623855591,-0.8463503122329712,9.552266120910645,7.568359375,0.9765625,29.052734375
3.5574999000000003,0.8307880163192749,0.0071826050989329815,9.927556991577148,0.152587890625,-3.662109375,13.671875
3.5624999,1.268328309059143,0.15562310814857483,9.95329475402832,-5.859375,-0.579833984375,-19.195556640625
3.5674999,1.8728642463684082,-0.3315969407558441,9.952696800231934,6.34765625,20.20263671875,-28.3203125
3.5724999000000004,2.212841033935547,-0.152031809091568,9.848548889160156,19.134521484375,28.045654296875,-26.458740234375
3.5774999000000003,1.8351556062698364,-0.4908113479614258,9.912593841552734,3.143310546875,21.942138671875,-30.792236328125
3.5824999,-0.8571242094039917,-0.7823054194450378,9.500192642211914,-16.265869140625,-1.3427734375,3.265380859375
3.5874999,-1.2186486721038818,-0.4734533727169037,9.801861763000488,-14.16015625,-16.17431640625,34.820556640625
3.5924999,-1.081580638885498,-0.7835025191307068,9.624691009521484,-16.510009765625,-32.073974609375,50.537109375
3.5974999000000003,-0.7242460250854492,-1.2090718746185303,9.442132949829102,0.579833984375,-21.026611328125,41.44287109375
3.6024999,-0.2861070930957794,-1.488594889640808,9.45111083984375,23.193359375,-5.096435546875,38.787841796875
3.6074999,0.05626374110579491,-1.3198037147521973,9.427168846130371,18.707275390625,2.25830078125,38.726806640625
3.6124999,0.37229835987091064,-0.34356793761253357,9.743802070617676,5.67626953125,-0.6103515625,31.31103515625
3.6174999000000003,0.8649053573608398,0.3471592366695404,10.005369186401367,-3.631591796875,-5.0048828125,1.40380859375
3.6224999,1.470638394355774,-0.08379705995321274,9.904812812805176,-1.52587890625,8.23974609375,-29.541015625
3.6274999,2.231395959854126,0.15023615956306458,9.945513725280762,20.01953125,29.876708984375,-32.318115234375
3.6324999,-0.7972691655158997,-0.6350619792938232,9.527725219726562,-16.143798828125,-2.288818359375,-3.143310546875
3.6374999000000003,-1.0564415454864502,-0.6093243360519409,9.658807754516602,-14.129638671875,-9.796142578125,28.656005859375
3.6424999000000002,-1.1971008777618408,-0.9355342984199524,9.444527626037598,-15.9912109375,-32.745361328125,54.168701171875
3.6474999,-0.9062053561210632,-1.382651448249817,9.21288776397705,-6.378173828125,-26.519775390625,47.42431640625
3.6524999,-0.5129576921463013,-1.623268723487854,9.238625526428223,20.1416015625,-8.30078125,43.792724609375
3.6574999000000004,-0.1041477769613266,-1.5616180896759033,9.333795547485352,22.216796875,2.593994140625,42.022705078125
3.6624999000000003,0.24121582508087158,-0.6488286852836609,9.600749015808105,8.544921875,0.79345703125,35.858154296875
3.6674999,0.7374141216278076,0.24121582508087158,9.996390342712402,-0.3662109375,-2.62451171875,10.8642578125
3.6724999,1.3389573097229004,-0.10354922711849213,9.885659217834473,-4.0283203125,3.082275390625,-24.810791015625
3.6774999000000004,2.3720552921295166,-0.18914192914962769,9.911396026611328,14.404296875,33.721923828125,-35.125732421875
3.6824999000000003,1.8596961498260498,-0.09516951441764832,9.888052940368652,-6.103515625,17.9443359375,-40.740966796875
3.6874999,1.0169371366500854,0.04908113554120064,9.86650562286377,-13.0615234375,1.8310546875,-73.822021484375
3.6924999,0.13527239859104156,0.3866635859012604,10.13166332244873,-2.410888671875,-2.3193359375,-58.624267578125
3.6974999000000004,-0.7487865686416626,-0.40043023228645325,9.732429504394531,-13.031005859375,-2.777099609375,-7.6904296875
3.7024999000000003,-0.9792284965515137,-0.5147533416748047,9.88506031036377,-13.97705078125,-7.14111328125,21.240234375
3.7074999,-1.3174095153808594,-0.7739257216453552,9.730634689331055,-13.5498046875,-29.296875,54.229736328125
3.7124999,-1.0923545360565186,-1.3102269172668457,9.365518569946289,-9.368896484375,-29.84619140625,48.88916015625
3.7174999,-0.7481880187988281,-1.5759832859039307,9.278130531311035,15.411376953125,-13.18359375,44.73876953125
3.7224999000000003,-0.27892449498176575,-1.521515130996704,9.32302188873291,21.697998046875,4.241943359375,41.412353515625
3.7274999,0.17956513166427612,-0.7332242727279663,9.491812705993652,9.368896484375,1.312255859375,38.726806640625
3.7324999,0.7918822169303894,0.21667525172233582,9.931747436523438,-0.67138671875,-3.143310546875,11.810302734375
3.7374999,2.2816741466522217,0.04489128291606903,9.953893661499023,18.85986328125,26.79443359375,-31.768798828125
3.7424999000000003,2.470217704772949,-0.19393034279346466,9.874884605407715,16.17431640625,34.36279296875,-35.736083984375
3.7474999,1.9279309511184692,-0.37229835987091064,9.868300437927246,-4.791259765625,19.866943359375,-41.015625
3.7524999,0.9169792532920837,-0.4297592043876648,9.830592155456543,-11.29150390625,-0.54931640625,-52.581787109375
3.7574999,0.020350715145468712,0.020949264988303185,9.837775230407715,1.617431640625,-3.35693359375,-37.9638671875
3.7624999000000003,-0.6596025824546814,-1.5071499347686768,9.41100788116455,13.397216796875,-15.2587890625,46.905517578125
3.7674999000000002,-0.11971008777618408,-1.5831658840179443,9.421782493591309,20.81298828125,2.9296875,39.154052734375
3.7724999,0.31184476613998413,-0.8978256583213806,9.524134635925293,6.866455078125,1.220703125,33.599853515625
3.7774999,2.3325510025024414,-0.16639702022075653,9.913790702819824,16.143798828125,27.64892578125,-32.073974609375
3.7824999000000004,2.4468741416931152,-0.2968810200691223,9.877279281616211,16.326904296875,34.454345703125,-36.62109375
3.7874999000000003,1.9195512533187866,-0.4213795065879822,9.880870819091797,-2.349853515625,20.477294921875,-42.54150390625
3.7924999,0.912190854549408,-0.31124621629714966,9.814431190490723,-10.92529296875,0.06103515625,-61.859130859375
3.7974999,0.03770867735147476,0.0520738884806633,9.925163269042969,-1.46484375,-4.058837890625,-54.962158203125
3.8024999000000004,-1.0109516382217407,-0.618302583694458,9.658807754516602,-6.89697265625,-5.096435546875,0.274658203125
3.8074999000000003,-1.2521674633026123,-0.2669534981250763,9.836577415466309,-10.467529296875,-8.7890625,19.04296875
3.8124999,-1.5969325304031372,-0.5153518915176392,9.9000244140625,-15.5029296875,-26.519775390625,43.02978515625
3.8174999,-1.1426327228546143,-0.6955155730247498,9.744999885559082,-13.458251953125,-33.172607421875,47.18017578125
3.8224999000000004,-0.7266402244567871,-1.095347285270691,9.727043151855469,10.894775390625,-9.8876953125,40.52734375
3.8274999000000003,-0.018555063754320145,-1.173158884048462,9.651026725769043,14.22119140625,3.96728515625,31.43310546875
3.8324999,1.062427043914795,-0.04668693244457245,9.840767860412598,1.3427734375,-1.129150390625,10.223388671875
3.8374999,1.5634137392044067,-0.4572925269603729,9.706692695617676,-0.946044921875,3.997802734375,-21.270751953125
3.8424999,2.316390037536621,-0.3471592366695404,9.85034465789795,12.0849609375,32.196044921875,-32.77587890625
3.8474999000000003,1.7495628595352173,-0.406415730714798,9.809642791748047,-2.9296875,21.05712890625,-37.445068359375
3.8524999,0.8481459617614746,-0.2388216257095337,9.807249069213867,-8.85009765625,1.190185546875,-55.877685546875
3.8574999,0.004788403399288654,-0.2256535142660141,9.730634689331055,-0.823974609375,-2.838134765625,-56.671142578125
3.8624999,-0.960673451423645,-0.67815762758255,9.602544784545898,-4.7607421875,-3.997802734375,-3.35693359375
3.8674999000000003,-0.960673451423645,-0.67815762758255,9.602544784545898,-4.7607421875,-3.997802734375,-3.35693359375
3.8724999,-1.1677719354629517,-0.23762452602386475,9.697713851928711,-11.871337890625,-9.368896484375,20.6298828125
3.8774999,-1.5723919868469238,-0.5231330990791321,9.966463088989258,-16.41845703125,-26.611328125,39.73388671875
3.8824999,0.48602294921875,-0.5961562395095825,9.746196746826172,5.279541015625,-2.44140625,28.167724609375
3.8874999000000003,1.0091559886932373,0.09397241473197937,9.879075050354004,1.800537109375,-1.251220703125,13.763427734375
3.8924999000000002,1.4969745874404907,-0.2944868206977844,9.727641105651855,-1.40380859375,2.593994140625,-16.78466796875
3.8974999,2.299630641937256,-0.18076223134994507,9.749788284301758,15.44189453125,23.284912109375,-28.350830078125
3.9024999,2.38462495803833,-0.2585737705230713,9.797073364257812,12.5732421875,31.25,-31.646728515625
3.9074999000000004,1.876455545425415,-0.4106055796146393,9.835979461669922,-1.922607421875,23.590087890625,-37.139892578125
3.9124999000000003,1.0468647480010986,-0.2064998894929886,9.787496566772461,-7.75146484375,5.0048828125,-55.328369140625
3.9174999,0.12749123573303223,-0.6278793811798096,9.740809440612793,-2.0751953125,-2.471923828125,-57.464599609375
3.9224999,-1.0893617868423462,-0.7781155705451965,9.555258750915527,-11.65771484375,-7.62939453125,19.073486328125
3.9274999000000004,0.4626794755458832,-0.21787235140800476,9.872490882873535,3.265380859375,-3.326416015625,24.200439453125
3.9324999000000003,0.4626794755458832,-0.21787235140800476,9.872490882873535,3.265380859375,-3.326416015625,24.200439453125
3.9374999,1.0235211849212646,0.3926490843296051,10.017339706420898,1.0986328125,-1.708984375,16.632080078125
3.9424999,1.5693992376327515,0.10354922711849213,9.886856079101562,-2.44140625,2.197265625,-12.481689453125
3.9474999000000004,2.205059766769409,-0.3561375141143799,9.85034465789795,11.53564453125,19.317626953125,-26.9775390625
3.9524999000000003,2.3918075561523438,-0.243011474609375,9.784503936767578,13.580322265625,28.99169921875,-28.50341796875
3.9574999,1.8860323429107666,-0.5710170865058899,9.86770248413086,0.396728515625,25.20751953125,-33.8134765625
3.9624999,1.2006921768188477,-0.28072014451026917,9.718663215637207,-7.2021484375,9.033203125,-50.9033203125
3.9674999000000004,0.29568392038345337,-0.8331822156906128,9.632472038269043,-2.86865234375,-1.861572265625,-58.502197265625
3.9724999000000003,-0.6326677799224854,-0.9433154463768005,9.679159164428711,-1.129150390625,-1.708984375,-22.52197265625
3.9774999,-0.9319429993629456,-0.5931634902954102,9.75278091430664,7.32421875,-22.796630859375,51.971435546875
3.9824999,-0.9319429993629456,-0.5931634902954102,9.75278091430664,7.32421875,-22.796630859375,51.971435546875
3.9874999,-0.41778820753097534,-0.9259575009346008,9.716867446899414,12.237548828125,1.64794921875,30.57861328125
3.9924999000000003,0.2585737705230713,-0.2621650993824005,9.791686058044434,3.692626953125,-1.922607421875,22.613525390625
3.9974999,0.7984662652015686,0.3357867896556854,9.979032516479492,1.739501953125,-2.74658203125,19.22607421875
4.0024999,1.988384485244751,-0.5781996846199036,9.898826599121094,3.692626953125,25.909423828125,-30.8837890625
4.0074999,1.400607943534851,-0.3423708379268646,9.72165584564209,-5.43212890625,15.472412109375,-41.961669921875
4.0124999,0.5632359385490417,-0.6494272351264954,9.726444244384766,-5.157470703125,-0.18310546875,-56.640625
4.0174999,-0.8577227592468262,-0.9445125460624695,9.582193374633789,-10.894775390625,-3.326416015625,9.490966796875
4.022499900000001,-1.1665748357772827,-0.5033808946609497,9.944915771484375,-12.5732421875,-12.5732421875,21.8505859375
4.0274999000000005,-1.4407109022140503,-1.0013748407363892,9.668384552001953,-14.892578125,-28.533935546875,44.73876953125
4.0324999,-1.0540473461151123,-0.7966706156730652,9.57979965209961,1.617431640625,-29.35791015625,55.633544921875
4.0374999,-0.6829460263252258,-1.3377602100372314,9.53969669342041,12.298583984375,-5.43212890625,30.242919921875
4.0424999,-0.002992752008140087,-0.6805518269538879,9.596558570861816,5.43212890625,-0.18310546875,19.805908203125
4.0474999,0.5488707423210144,-0.06464344263076782,9.829395294189453,2.777099609375,-3.41796875,20.477294921875
4.0524999,1.116895079612732,0.45190557837486267,9.96945571899414,0.1220703125,-0.6103515625,7.8125
4.0574999,1.6406266689300537,-0.004788403399288654,9.849146842956543,-1.40380859375,5.645751953125,-21.8505859375
4.062499900000001,2.1380221843719482,-0.30226796865463257,9.819219589233398,11.993408203125,22.308349609375,-28.045654296875
4.0674999000000005,2.1290438175201416,-0.39624038338661194,9.828198432922363,10.406494140625,26.519775390625,-29.84619140625
4.0724999,1.5394717454910278,-0.6877344250679016,9.833584785461426,-0.579833984375,20.416259765625,-29.84619140625
4.0774999,0.181959331035614,-0.27413609623908997,9.831789016723633,1.373291015625,0.67138671875,-48.52294921875
4.0824999,-0.6835445761680603,-0.8529343605041504,9.519944190979004,-8.11767578125,-2.349853515625,-4.08935546875
4.0874999,-0.8505401611328125,-0.5225345492362976,9.580398559570312,-12.14599609375,-6.744384765625,17.27294921875
4.0924999,-1.5173252820968628,-1.294066071510315,9.5408935546875,-11.260986328125,-22.52197265625,40.71044921875
4.0974999,-1.2395979166030884,-1.1749545335769653,9.383475303649902,-2.777099609375,-31.219482421875,52.24609375
4.1024999,-0.9762357473373413,-1.5083470344543457,9.512762069702148,11.77978515625,-14.129638671875,38.02490234375
4.1074999000000005,-0.2651578485965729,-0.912190854549408,9.598953247070312,6.4697265625,0.9765625,20.965576171875
4.1124999,0.4429273009300232,-0.10953472554683685,9.843161582946777,2.838134765625,-2.471923828125,21.240234375
4.1174999,1.0211269855499268,0.5626373887062073,10.012551307678223,0.885009765625,-1.922607421875,15.350341796875
4.1224999,1.6089035272598267,0.42377370595932007,9.958083152770996,-3.11279296875,1.129150390625,-13.24462890625
4.1274999,2.0937294960021973,-0.3100491166114807,9.829395294189453,7.904052734375,18.524169921875,-28.472900390625
4.1324999,2.3044190406799316,-0.2819172441959381,9.785700798034668,13.85498046875,27.557373046875,-27.008056640625
4.1374999,1.1300631761550903,-0.639850378036499,9.625887870788574,-5.7373046875,9.58251953125,-38.87939453125
4.1424999,0.37409400939941406,-0.8451532125473022,9.678560256958008,-1.434326171875,0.54931640625,-50.1708984375
4.147499900000001,-0.5015852451324463,-0.9265560507774353,9.646238327026367,-2.899169921875,-0.91552734375,-25.238037109375
4.1524999000000005,-0.8206126093864441,-1.0402805805206299,9.41759204864502,-12.908935546875,-2.5634765625,10.80322265625
4.1574999,-1.3335703611373901,-0.7224503755569458,9.730634689331055,-9.033203125,-15.2587890625,29.9072265625
4.1624999,-1.0773907899856567,-0.5811924338340759,9.592369079589844,8.7890625,-24.4140625,46.81396484375
4.1674999,-0.6027402877807617,-0.9247604012489319,9.624691009521484,8.23974609375,-2.899169921875,27.16064453125
4.1724999,0.15502455830574036,-0.12749123573303223,9.819818496704102,2.532958984375,-1.3427734375,22.369384765625
4.1774999,0.7906851172447205,0.4034229815006256,9.997588157653809,1.434326171875,-3.0517578125,20.050048828125
4.1824999,1.3970166444778442,0.6805518269538879,10.056245803833008,-2.044677734375,-1.40380859375,1.190185546875
4.187499900000001,1.8830395936965942,-0.10833762586116791,9.805453300476074,-0.48828125,9.033203125,-25.543212890625
4.1924999000000005,2.2373814582824707,-0.4058171808719635,9.798270225524902,13.153076171875,23.834228515625,-26.153564453125
4.1974999,2.0626046657562256,-0.6536170840263367,9.797672271728516,8.697509765625,24.0478515625,-25.421142578125
4.2024999,1.3922282457351685,-0.7697358727455139,9.832986831665039,-3.448486328125,16.754150390625,-30.09033203125
4.2074999,0.6613982319831848,-0.7703344225883484,9.70549488067627,-6.40869140625,4.2724609375,-45.196533203125
4.2124999,0.0586579404771328,-0.37828385829925537,9.864709854125977,2.288818359375,1.434326171875,-40.83251953125
4.2174999,-0.7050924301147461,-0.9582792520523071,9.428964614868164,-7.781982421875,-1.434326171875,-1.068115234375
4.2224999,-0.8493430614471436,-0.5614402890205383,9.531915664672852,-10.07080078125,-6.683349609375,15.411376953125
4.2274999,-1.535880446434021,-1.1689690351486206,9.413402557373047,-10.55908203125,-23.62060546875,43.27392578125
4.2324999000000005,-1.3251906633377075,-1.2258312702178955,9.257779121398926,-1.556396484375,-29.632568359375,46.356201171875
4.2374999,-1.0450690984725952,-1.3617022037506104,9.433155059814453,14.556884765625,-12.8173828125,39.520263671875
4.2424999,-0.3429693877696991,-0.9175778031349182,9.556455612182617,4.638671875,0.274658203125,25.909423828125
4.2474999,0.44592007994651794,0.01975216343998909,9.84376049041748,2.166748046875,-2.410888671875,24.932861328125
4.2524999,1.7375918626785278,-0.669179379940033,9.845556259155273,1.251220703125,20.172119140625,-26.7333984375
4.2574999,1.0989385843276978,-0.45010992884635925,9.718064308166504,-7.354736328125,10.894775390625,-40.374755859375
4.2624999,0.3884592354297638,-0.7894880175590515,9.68574333190918,-3.41796875,2.13623046875,-46.966552734375
4.2674999,-0.39205053448677063,-0.838569164276123,9.724648475646973,-1.373291015625,0,-23.651123046875
4.272499900000001,-0.7350199222564697,-1.1013327836990356,9.433155059814453,-10.406494140625,-1.89208984375,5.615234375
4.2774999000000005,-1.2204443216323853,-0.7583633661270142,9.744999885559082,-8.697509765625,-13.24462890625,30.57861328125
4.2824999,-1.43532395362854,-1.072602391242981,9.46727180480957,-11.8408203125,-29.11376953125,44.00634765625
4.2874999,-1.1162965297698975,-0.6440402865409851,9.641449928283691,11.53564453125,-23.895263671875,46.5087890625
4.2924999,-0.7026981711387634,-1.026513934135437,9.642647743225098,11.016845703125,-4.39453125,31.890869140625
4.2974999,0.7727286219596863,0.5039794445037842,10.019734382629395,1.312255859375,-2.655029296875,20.1416015625
4.3024999,1.3736732006072998,0.7763199210166931,10.125079154968262,-2.685546875,-2.3193359375,1.3427734375
4.3074999,1.9159599542617798,0.07122749835252762,9.831789016723633,-0.885009765625,8.575439453125,-26.153564453125
4.312499900000001,2.211643934249878,-0.35913026332855225,9.839570045471191,13.7939453125,23.529052734375,-23.01025390625
4.3174999000000005,2.1039047241210938,-0.5351040959358215,9.75397777557373,8.819580078125,22.4609375,-24.47509765625
4.3224999,-0.44412440061569214,-1.2832920551300049,9.617507934570312,5.157470703125,-1.739501953125,28.4423828125
4.3274999,0.3082534670829773,-0.05027823522686958,9.861717224121094,1.556396484375,-1.861572265625,22.88818359375
4.3324999,0.9965864419937134,0.6314706802368164,10.090961456298828,-0.762939453125,-2.99072265625,14.190673828125
4.3374999,1.577778935432434,0.6913257241249084,10.034099578857422,-4.0283203125,0.48828125,-11.566162109375
4.3424999,2.0009541511535645,-0.14844051003456116,9.921571731567383,3.84521484375,15.777587890625,-28.564453125
4.3474999,2.163161277770996,-0.375291109085083,9.748590469360352,13.97705078125,22.8271484375,-18.98193359375
4.352499900000001,1.8387469053268433,-0.6733692288398743,9.843161582946777,4.8828125,20.3857421875,-28.25927734375
4.3574999000000005,1.1683704853057861,-0.5752069354057312,9.754576683044434,-6.561279296875,13.580322265625,-32.16552734375
4.3624999,0.5560533404350281,-0.6847416758537292,9.688735961914062,-5.828857421875,4.302978515625,-46.539306640625
4.3674999,-0.11552023142576218,-0.3585317134857178,9.938331604003906,0.885009765625,1.068115234375,-35.33935546875
4.3724999,-0.6763619780540466,-0.9582792520523071,9.5223388671875,-9.6435546875,-1.46484375,-0.79345703125
4.3774999,-1.0396820306777954,-0.5345055460929871,9.750985145568848,-8.6669921875,-8.6669921875,22.247314453125
4.3824999,0.6135141849517822,0.26755204796791077,9.889249801635742,1.3427734375,-1.251220703125,21.728515625
4.3874999,1.246780514717102,0.751779317855835,10.11430549621582,-2.13623046875,-3.570556640625,7.598876953125
4.3924999,1.8082208633422852,0.5512649416923523,9.921571731567383,-3.84521484375,3.875732421875,-21.728515625
4.397499900000001,2.137423515319824,-0.28730419278144836,9.932345390319824,8.9111328125,20.20263671875,-23.25439453125
4.4024999000000005,2.1751322746276855,-0.3926490843296051,9.730634689331055,12.451171875,21.728515625,-21.148681640625
4.4074999,1.6723499298095703,-0.6075286865234375,9.858723640441895,1.251220703125,18.890380859375,-29.4189453125
4.4124999,0.9965864419937134,-0.46986207365989685,9.739612579345703,-8.087158203125,11.322021484375,-36.4990234375
4.4174999,0.4291606545448303,-0.6901286244392395,9.718663215637207,-3.204345703125,3.387451171875,-49.041748046875
4.4224999,-0.3669114112854004,-0.7703344225883484,9.658209800720215,-1.556396484375,0,-26.702880859375
4.4274999,-1.4335283041000366,-1.1881226301193237,9.2841157913208,-11.993408203125,-29.998779296875,44.921875
4.4324999,-1.217451572418213,-0.9283517003059387,9.428964614868164,11.77978515625,-23.8037109375,45.59326171875
4.437499900000001,-0.6919242739677429,-1.0426748991012573,9.5624418258667,15.2587890625,-4.45556640625,33.203125
4.4424999000000005,-0.023942016065120697,-0.3076549172401428,9.728838920593262,-0.274658203125,-1.495361328125,21.17919921875
4.4474999,0.8092401623725891,0.6087257862091064,10.031106948852539,0.335693359375,-2.01416015625,17.120361328125
4.4524999,1.370081901550293,0.8319851160049438,10.164583206176758,-3.570556640625,-2.8076171875,-1.495361328125
4.4574999,1.8303672075271606,0.36990416049957275,9.92097282409668,-2.44140625,7.965087890625,-25.93994140625
4.4624999,2.011728048324585,-0.436343252658844,9.840168952941895,11.810302734375,20.3857421875,-17.9443359375
4.4674999,1.987187385559082,-0.5380968451499939,9.731831550598145,10.07080078125,20.01953125,-25.909423828125
4.4724999,1.37906014919281,-0.6147112846374512,9.79527759552002,-1.15966796875,17.76123046875,-28.1982421875
4.477499900000001,-0.4920084476470947,-0.5632359385490417,9.625887870788574,-3.72314453125,-0.762939453125,-16.4794921875
4.4824999000000005,-0.689530074596405,-0.7439981698989868,9.50617790222168,-11.505126953125,-2.471923828125,8.026123046875
4.4874999,-0.689530074596405,-0.7439981698989868,9.50617790222168,-11.505126953125,-2.471923828125,8.026123046875
4.4924999,-1.235408067703247,-0.6542156338691711,9.655217170715332,-9.765625,-17.913818359375,38.299560546875
4.4974999,-1.3192051649093628,-1.2342109680175781,9.473258018493652,-9.063720703125,-28.961181640625,42.999267578125
4.5024999,-1.0324994325637817,-0.945111095905304,9.576807022094727,16.845703125,-20.20263671875,44.158935546875
4.5074999,-0.545877993106842,-1.1851298809051514,9.61571216583252,11.016845703125,-2.960205078125,29.35791015625
4.5124999,0.08080431073904037,-0.14484919607639313,9.820416450500488,0.91552734375,-1.5869140625,25.390625
4.5174999,0.8080430626869202,0.6075286865234375,10.064026832580566,0.30517578125,-2.716064453125,19.378662109375
4.522499900000001,1.3898340463638306,0.8026561141014099,10.142436981201172,-3.662109375,-1.708984375,-4.913330078125
4.5274999000000005,1.8710685968399048,0.09696517139673233,9.9000244140625,-0.152587890625,10.955810546875,-26.3671875
4.5324999,2.139817714691162,-0.40282443165779114,9.818621635437012,13.641357421875,21.759033203125,-18.73779296875
4.5374999,1.3341689109802246,-0.5249287486076355,9.771934509277344,-4.39453125,16.357421875,-28.900146484375
4.5424999,1.3341689109802246,-0.5249287486076355,9.771934509277344,-4.39453125,16.357421875,-28.900146484375
4.5474999,0.7535749673843384,-0.4423287510871887,9.707889556884766,-8.636474609375,6.9580078125,-47.2412109375
4.5524999,0.22445641458034515,-0.033518824726343155,9.882665634155273,0,2.0751953125,-45.0439453125
4.5574999,-0.5129576921463013,-0.5333084464073181,9.678560256958008,-7.293701171875,-0.518798828125,-6.988525390625
4.562499900000001,-1.194706678390503,-0.6919242739677429,9.675567626953125,-13.00048828125,-23.37646484375,44.73876953125
4.5674999000000005,-1.2503718137741089,-1.4616601467132568,9.450512886047363,-4.119873046875,-28.6865234375,46.356201171875
4.5724999,-0.8702923059463501,-1.194706678390503,9.444527626037598,20.263671875,-15.289306640625,39.9169921875
4.5774999,-0.4728548228740692,-1.3874398469924927,9.48882007598877,7.9345703125,-1.129150390625,23.773193359375
4.5824999,0.17717093229293823,-0.17956513166427612,9.767744064331055,2.01416015625,-1.89208984375,27.34375
4.5874999,0.8164227604866028,0.5249287486076355,10.04307746887207,-0.244140625,-2.655029296875,16.66259765625
4.5924999,1.8261773586273193,-0.5871779918670654,9.849146842956543,5.096435546875,21.30126953125,-29.449462890625
4.5974999,1.1797429323196411,-0.39863458275794983,9.81024169921875,-7.01904296875,13.48876953125,-34.66796875
4.602499900000001,0.619499683380127,-0.4710591733455658,9.813234329223633,-7.476806640625,3.875732421875,-57.281494140625
4.6074999000000005,-0.13527239859104156,-0.17956513166427612,9.8784761428833,-0.701904296875,1.251220703125,-35.5224609375
4.6124999,-0.5871779918670654,-0.778714120388031,9.479841232299805,-10.711669921875,-0.79345703125,1.953125
4.6174999,-0.9786299467086792,-0.5141547918319702,9.660603523254395,-10.467529296875,-10.101318359375,24.658203125
4.6224999,-1.2779051065444946,-0.8882488012313843,9.303269386291504,-14.739990234375,-28.839111328125,48.52294921875
4.6274999,-1.0995371341705322,-1.216254472732544,9.273940086364746,4.547119140625,-26.031494140625,47.2412109375
4.6324999,-0.7164648771286011,-1.2360066175460815,9.333795547485352,18.6767578125,-8.4228515625,33.966064453125
4.6374999,-0.22206220030784607,-0.8912416100502014,9.525930404663086,7.01904296875,0.885009765625,27.313232421875
4.6424999,1.5705963373184204,0.27054479718208313,10.013748168945312,-2.471923828125,5.2490234375,-20.56884765625
4.647499900000001,1.5705963373184204,0.27054479718208313,10.013748168945312,-2.471923828125,5.2490234375,-20.56884765625
4.6524999000000005,2.1098902225494385,-0.2867056429386139,9.882067680358887,12.0849609375,21.240234375,-25.20751953125
4.6574999,2.1356279850006104,-0.38726213574409485,9.834183692932129,12.51220703125,24.383544921875,-29.327392578125
4.6624999,1.6166846752166748,-0.4668693244457245,9.82640266418457,-0.823974609375,19.04296875,-28.86962890625
4.6674999,0.9457096457481384,-0.25977087020874023,9.749189376831055,-9.765625,7.8125,-47.698974609375
4.6724999,0.3597288131713867,-0.2454056739807129,9.709086418151855,-3.082275390625,1.77001953125,-54.99267578125
4.6774999,-0.5051765441894531,-0.39564183354377747,9.694122314453125,-4.608154296875,-0.579833984375,-16.021728515625
4.6824999,-0.6685808300971985,-0.6458359360694885,9.5624418258667,-13.00048828125,-3.082275390625,10.498046875
4.687499900000001,-1.1534066200256348,-0.645237386226654,9.768342971801758,-12.26806640625,-18.646240234375,39.703369140625
4.6924999000000005,-1.2144588232040405,-1.3455413579940796,9.512163162231445,-9.613037109375,-30.33447265625,50.445556640625
4.6974999,-0.9205705523490906,-1.082777738571167,9.639056205749512,19.012451171875,-20.050048828125,48.492431640625
4.7024999,-0.014365210197865963,-0.2645592987537384,9.823410034179688,2.716064453125,-1.800537109375,29.083251953125
4.7074999,0.6673837304115295,0.5033808946609497,10.071209907531738,0.3662109375,-3.326416015625,20.20263671875
4.7124999,1.2886791229248047,0.7236474752426147,10.094552993774414,-3.96728515625,-0.701904296875,-6.988525390625
4.7174999,1.8860323429107666,-0.04908113554120064,9.867103576660156,4.058837890625,14.0380859375,-27.7099609375
4.7224999,2.234388828277588,-0.2717418968677521,9.814431190490723,15.899658203125,25.146484375,-25.93994140625
4.727499900000001,1.955464243888855,-0.52552729845047,9.81143856048584,5.706787109375,22.52197265625,-28.6865234375
4.7324999000000005,1.2749123573303223,-0.3770867586135864,9.797672271728516,-7.049560546875,14.007568359375,-36.285400390625
4.7374999,0.6548141837120056,-0.4129997789859772,9.788095474243164,-7.99560546875,3.60107421875,-59.783935546875
4.7424999,-0.07541735470294952,-0.1107318252325058,10.064026832580566,-0.274658203125,1.068115234375,-42.144775390625
4.7474999,-0.5841852426528931,-0.838569164276123,9.686341285705566,-10.498046875,-1.5869140625,0.762939453125
4.7524999,-0.9062053561210632,-0.586579442024231,9.928754806518555,-10.711669921875,-8.85009765625,23.895263671875
4.7574999,-1.2773065567016602,-1.182137131690979,9.564237594604492,-12.847900390625,-28.076171875,50.018310546875
4.7624999,-0.8367735147476196,-1.3012486696243286,9.394248962402344,18.73779296875,-8.636474609375,38.726806640625
4.7674999,-0.3345896899700165,-0.7858967185020447,9.501988410949707,3.936767578125,-0.091552734375,27.9541015625
4.772499900000001,0.4207809567451477,0.2819172441959381,9.840168952941895,1.861572265625,-2.716064453125,25.177001953125
4.7774999000000005,1.0666168928146362,0.800261914730072,10.08437728881836,-2.410888671875,-2.9296875,7.080078125
4.7824999,1.6891093254089355,0.4381389021873474,9.888052940368652,-2.74658203125,5.218505859375,-22.216796875
4.7874999,2.1763293743133545,-0.2298433631658554,9.892242431640625,13.153076171875,22.064208984375,-26.123046875
4.7924999,2.2188265323638916,-0.3124433159828186,9.782708168029785,11.871337890625,24.078369140625,-25.726318359375
4.7974999,1.6514005661010742,-0.4686649739742279,9.872490882873535,-1.617431640625,18.951416015625,-29.296875
4.8024999,-0.48303020000457764,-0.5847837924957275,9.619902610778809,-3.84521484375,-0.732421875,-19.683837890625
4.8074999,-0.6584054827690125,-0.945111095905304,9.433155059814453,-12.3291015625,-2.166748046875,9.8876953125
4.812499900000001,-1.269525408744812,-1.4233529567718506,9.35893440246582,-9.185791015625,-31.219482421875,49.9267578125
4.8174999000000005,-0.9852139949798584,-1.0618284940719604,9.525331497192383,17.76123046875,-19.95849609375,48.33984375
4.8224999,-0.6003460884094238,-1.3299790620803833,9.550470352172852,10.55908203125,-1.28173828125,29.78515625
4.8274999,0.013168109580874443,-0.1412578970193863,9.813234329223633,1.861572265625,-1.739501953125,26.885986328125
4.8324999,0.7272387742996216,0.5829881429672241,10.071209907531738,-0.091552734375,-3.23486328125,18.06640625
4.8374999,1.3377602100372314,0.7721300721168518,10.093356132507324,-3.96728515625,-0.8544921875,-7.415771484375
4.8424999,1.9027918577194214,-0.02992752194404602,9.88625717163086,3.753662109375,14.068603515625,-28.1982421875
4.8474999,2.1793220043182373,-0.32022446393966675,9.789292335510254,15.533447265625,24.200439453125,-23.25439453125
4.852499900000001,1.935113549232483,-0.5410895943641663,9.800065994262695,5.767822265625,21.636962890625,-27.7099609375
4.8574999000000005,1.236605167388916,-0.4381389021873474,9.785700798034668,-6.683349609375,14.09912109375,-34.5458984375
4.8624999,0.6548141837120056,-0.41958385705947876,9.752182006835938,-7.659912109375,4.180908203125,-54.779052734375
4.8674999,-0.0035913025494664907,-0.14604631066322327,10.02571964263916,0.457763671875,1.434326171875,-43.548583984375
4.8724999,-0.8373720645904541,-0.5506663918495178,9.768941879272461,-10.498046875,-7.293701171875,20.721435546875
4.8774999,-1.3509283065795898,-1.0606313943862915,9.420584678649902,-11.29150390625,-26.397705078125,49.072265625
4.8824999,-1.2665326595306396,-1.4323312044143677,9.260173797607422,3.5400390625,-27.496337890625,48.126220703125
4.8874999,-0.9510966539382935,-1.2563573122024536,9.390657424926758,19.04296875,-10.406494140625,41.56494140625
4.8924999,-0.3770867586135864,-0.9654618501663208,9.522936820983887,2.74658203125,-0.701904296875,26.79443359375
4.897499900000001,0.44352585077285767,0.24241292476654053,9.889848709106445,1.28173828125,-2.410888671875,22.552490234375
4.9024999000000005,1.1013327836990356,0.7529764175415039,10.1382474899292,-2.471923828125,-3.41796875,7.049560546875
4.9074999,1.7154455184936523,0.596754789352417,9.929951667785645,-3.35693359375,4.2724609375,-21.453857421875
4.9124999,2.123058319091797,-0.23762452602386475,9.943717956542969,10.6201171875,20.32470703125,-25.177001953125
4.9174999,2.190694570541382,-0.3016694188117981,9.750386238098145,11.749267578125,22.0947265625,-22.857666015625
4.9224999,1.6777368783950806,-0.5153518915176392,9.880271911621094,0.457763671875,19.256591796875,-29.35791015625
4.9274999,1.0031704902648926,-0.33937808871269226,9.765948295593262,-9.002685546875,10.009765625,-41.44287109375
4.9324999,-1.3365631103515625,-1.392826795578003,9.314043045043945,-10.1318359375,-30.242919921875,48.126220703125
4.937499900000001,-1.0797849893569946,-1.083974838256836,9.457097053527832,14.7705078125,-22.5830078125,48.736572265625
4.9424999000000005,-0.6787561774253845,-1.2653355598449707,9.537900924682617,12.969970703125,-3.997802734375,33.721923828125
4.9474999,-0.04369417950510979,-0.25737667083740234,9.7791166305542,0.244140625,-1.77001953125,24.505615234375
4.9524999,0.7499836683273315,0.6045359373092651,10.057442665100098,0.18310546875,-3.448486328125,17.730712890625
4.9574999,1.326986312866211,0.8583213090896606,10.163984298706055,-3.35693359375,-2.227783203125,-2.960205078125
4.9624999,1.8644845485687256,0.25438392162323,9.965864181518555,-0.3662109375,10.1318359375,-27.9541015625
4.9674999,2.078765630722046,-0.35434186458587646,9.836577415466309,13.092041015625,21.6064453125,-19.71435546875
4.9724999,1.3263877630233765,-0.5039794445037842,9.814431190490723,-3.662109375,16.66259765625,-29.815673828125
4.977499900000001,0.7715315222740173,-0.4124012291431427,9.721057891845703,-8.6669921875,7.659912109375,-45.7763671875
4.9824999000000005,0.25019407272338867,-0.11552023142576218,9.819818496704102,0.1220703125,2.960205078125,-49.49951171875
4.9874999,-0.48961424827575684,-0.7050924301147461,9.569623947143555,-6.439208984375,-1.434326171875,-10.68115234375
4.9924999,-0.641047477722168,-0.5728127360343933,9.588777542114258,-11.8408203125,-3.021240234375,12.908935546875
4.9974999,-1.1671733856201172,-0.9385270476341248,9.560646057128906,-9.82666015625,-20.81298828125,44.43359375
5.0024999,-1.2665326595306396,-1.6262614727020264,9.367912292480469,-4.119873046875,-28.6865234375,46.478271484375
5.0074999,-0.943913996219635,-1.1097124814987183,9.534908294677734,20.477294921875,-17.181396484375,45.71533203125
5.0124999,-0.536899745464325,-1.3126211166381836,9.547477722167969,6.40869140625,-1.5869140625,26.30615234375
5.0174999,0.17178396880626678,0.04728548228740692,9.86111831665039,0.67138671875,-1.8310546875,22.8271484375
5.022499900000001,0.8882488012313843,0.6883329749107361,10.080187797546387,-1.46484375,-4.119873046875,11.41357421875
5.0274999000000005,1.4879963397979736,0.8259995579719543,10.00836181640625,-3.35693359375,0.79345703125,-13.7939453125
5.0324999,2.097919225692749,-0.3130418658256531,9.730035781860352,13.00048828125,20.93505859375,-18.524169921875
5.0374999,1.7705121040344238,-0.5913678407669067,9.874884605407715,5.06591796875,20.233154296875,-30.1513671875
5.0424999,-0.014365210197865963,-0.27653029561042786,9.928155899047852,1.220703125,1.251220703125,-40.008544921875
5.0474999,-0.5518634915351868,-0.8978256583213806,9.497797966003418,-9.8876953125,-1.190185546875,-0.762939453125
5.0524999,-0.8475474119186401,-0.6560112833976746,9.675567626953125,-9.918212890625,-7.080078125,21.270751953125
5.0574999,-0.8475474119186401,-0.6560112833976746,9.675567626953125,-9.918212890625,-7.080078125,21.270751953125
5.062499900000001,-1.359906554222107,-1.191115379333496,9.407417297363281,-9.94873046875,-25.87890625,47.149658203125
5.0674999000000005,-1.2779051065444946,-1.5263035297393799,9.258976936340332,4.39453125,-26.123046875,46.0205078125
5.0724999,-0.9552865028381348,-1.2647370100021362,9.43135929107666,18.646240234375,-11.322021484375,40.557861328125
5.0774999,-0.3711012601852417,-0.9235633015632629,9.560646057128906,1.3427734375,-1.129150390625,23.8037109375
5.0824999,1.1306617259979248,0.7793126702308655,10.146626472473145,-2.471923828125,-4.058837890625,4.730224609375
5.0874999,1.7268179655075073,0.6709750294685364,9.941324234008789,-2.86865234375,4.7607421875,-22.3388671875
5.0924999,2.029085874557495,-0.2645592987537384,9.91738224029541,8.6669921875,18.951416015625,-22.03369140625
5.0974999,2.118868589401245,-0.3381809890270233,9.731232643127441,10.894775390625,19.71435546875,-22.3388671875
5.102499900000001,1.6196774244308472,-0.5602431893348694,9.854534149169922,1.64794921875,19.134521484375,-30.059814453125
5.1074999000000005,1.0067617893218994,-0.44592007994651794,9.77791976928711,-8.148193359375,11.505126953125,-35.0341796875
5.1124999,0.4818331003189087,-0.690727174282074,9.729436874389648,-3.60107421875,4.94384765625,-52.886962890625
5.1174999,-0.26994624733924866,-0.45908817648887634,9.806051254272461,-0.946044921875,-0.396728515625,-27.618408203125
5.1224999,-0.7104793787002563,-1.2000936269760132,9.537302017211914,14.404296875,-6.04248046875,32.379150390625
5.1274999,-0.13407529890537262,-0.3315969407558441,9.758167266845703,-0.030517578125,-0.91552734375,22.430419921875
5.1324999,0.7398083209991455,0.6105214357376099,10.052654266357422,-0.518798828125,-3.662109375,15.13671875
5.1374999,1.3227964639663696,0.8816647529602051,10.15141487121582,-3.265380859375,-2.838134765625,-4.180908203125
5.1424999,1.8195933103561401,0.35434186458587646,9.998785018920898,-0.54931640625,9.82666015625,-26.67236328125
5.147499900000001,2.0147206783294678,-0.3585317134857178,9.829395294189453,12.02392578125,20.172119140625,-16.2353515625
5.1524999000000005,1.9590555429458618,-0.45908817648887634,9.816226959228516,8.819580078125,19.195556640625,-27.587890625
5.1574999,1.323395013809204,-0.5303156971931458,9.825204849243164,-2.105712890625,17.059326171875,-28.656005859375
5.1624999,0.8068459630012512,-0.3926490843296051,9.740211486816406,-8.453369140625,9.1552734375,-40.802001953125
5.1674999,0.33039984107017517,-0.5261258482933044,9.762357711791992,-0.946044921875,2.777099609375,-50.78125
5.1724999,-0.44771572947502136,-0.6051344871520996,9.654618263244629,-3.936767578125,-0.823974609375,-14.495849609375
5.1774999,-0.6189011335372925,-0.9409212470054626,9.502586364746094,-12.237548828125,-2.044677734375,10.284423828125
5.1824999,-1.1839327812194824,-0.7924807667732239,9.637859344482422,-9.033203125,-17.9443359375,38.818359375
5.187499900000001,-1.039083480834961,-1.0295066833496094,9.529520988464355,18.798828125,-19.744873046875,47.4853515625
5.1924999000000005,-0.5925649404525757,-1.2497732639312744,9.569025993347168,7.6904296875,-2.8076171875,28.778076171875
5.1974999,0.06524199992418289,-0.010175357572734356,9.849146842956543,-0.18310546875,-1.678466796875,24.59716796875
5.2024999,1.8818424940109253,-0.5847837924957275,9.876082420349121,6.500244140625,19.47021484375,-30.487060546875
5.2074999,1.2306196689605713,-0.5530605912208557,9.783307075500488,-4.39453125,15.80810546875,-27.923583984375
5.2124999,0.7410054206848145,-0.497395396232605,9.713874816894531,-6.9580078125,8.087158203125,-45.013427734375
5.2174999,0.24660277366638184,-0.1412578970193863,9.889848709106445,1.068115234375,2.288818359375,-43.853759765625
5.2224999,-0.44173020124435425,-0.7793126702308655,9.713874816894531,-7.537841796875,-0.6103515625,-6.103515625
5.227499900000001,0.2621650993824005,0.1388636976480484,9.870695114135742,0,-2.01416015625,21.17919921875
5.2324999000000005,0.9600749015808105,0.6739677786827087,10.09814453125,-1.800537109375,-4.425048828125,7.720947265625
5.2374999,1.546055793762207,0.768538773059845,9.941922187805176,-2.960205078125,2.105712890625,-17.2119140625
5.2424999,1.8626888990402222,-0.17657238245010376,9.94970417022705,5.37109375,16.265869140625,-22.76611328125
5.2474999,2.0488381385803223,-0.38486793637275696,9.680954933166504,11.505126953125,18.73779296875,-18.524169921875
5.2524999,1.6837223768234253,-0.629675030708313,9.848548889160156,5.096435546875,19.561767578125,-31.67724609375
5.2574999,1.1019313335418701,-0.5392939448356628,9.77791976928711,-5.828857421875,13.763427734375,-28.6865234375
5.2624999,0.6057330369949341,-0.5883750915527344,9.726444244384766,-5.79833984375,6.439208984375,-46.69189453125
5.2674999,-0.821809709072113,-0.5380968451499939,9.725846290588379,-9.735107421875,-6.8359375,19.8974609375
5.272499900000001,-1.349731206893921,-1.1192892789840698,9.436147689819336,-9.521484375,-24.90234375,45.83740234375
5.2774999000000005,-1.3006501197814941,-1.4742296934127808,9.272743225097656,4.241943359375,-26.214599609375,45.806884765625
5.2824999,1.1743559837341309,0.7469909191131592,10.128670692443848,-2.471923828125,-3.936767578125,2.899169921875
5.2874999,1.731606364250183,0.6003460884094238,9.955689430236816,-2.74658203125,5.06591796875,-22.003173828125
5.2924999,1.98958158493042,-0.2902969419956207,9.906009674072266,8.636474609375,17.791748046875,-18.768310546875
5.2974999,2.05123233795166,-0.4100070297718048,9.770736694335938,10.19287109375,18.096923828125,-22.857666015625
5.3024999,-0.6021417379379272,-0.9349357485771179,9.524134635925293,-10.528564453125,-0.67138671875,4.364013671875
5.3074999,-1.0211269855499268,-0.5141547918319702,9.744999885559082,-8.026123046875,-10.284423828125,26.30615234375
5.312499900000001,-1.338358759880066,-1.1815385818481445,9.403226852416992,-8.6669921875,-27.099609375,45.806884765625
5.3174999000000005,-1.1899182796478271,-1.0516531467437744,9.419986724853516,10.80322265625,-23.773193359375,45.95947265625
5.3224999,-0.7332242727279663,-1.148618221282959,9.530119895935059,13.336181640625,-7.26318359375,33.3251953125
5.3274999,-0.1562216579914093,-0.38905778527259827,9.73661994934082,-1.190185546875,-2.227783203125,22.918701171875
5.3324999,0.761954665184021,0.5710170865058899,10.023324966430664,-0.1220703125,-3.326416015625,15.899658203125
5.3374999,1.3287819623947144,0.7715315222740173,10.13405704498291,-3.11279296875,-2.777099609375,-2.960205078125
5.3424999,1.8327614068984985,0.3645172119140625,10.001777648925781,-1.708984375,8.48388671875,-25.0244140625
5.3474999,1.9788076877593994,-0.5111620426177979,9.801262855529785,8.6669921875,18.1884765625,-26.947021484375
5.352499900000001,1.390432596206665,-0.6111199855804443,9.77672290802002,-0.457763671875,17.88330078125,-26.824951171875
5.3574999000000005,0.9062053561210632,-0.47405192255973816,9.730035781860352,-7.32421875,11.04736328125,-36.31591796875
5.3624999,-1.116895079612732,-0.669179379940033,9.749788284301758,-8.026123046875,-14.0380859375,34.942626953125
5.3674999,-1.3407529592514038,-1.326986312866211,9.487024307250977,-7.6904296875,-28.411865234375,46.295166015625
5.3724999,-1.0743980407714844,-0.8505401611328125,9.621099472045898,16.357421875,-20.6298828125,45.10498046875
5.3774999,-0.6368576288223267,-1.1001356840133667,9.632472038269043,9.46044921875,-4.2724609375,25.482177734375
5.3824999,0.021547814831137657,-0.004788403399288654,9.850942611694336,-0.91552734375,-1.953125,21.05712890625
5.3874999,0.8708908557891846,0.6973112225532532,10.075998306274414,-0.48828125,-3.662109375,12.115478515625
5.3924999,1.1971008777618408,-0.5764040350914001,9.797672271728516,-2.899169921875,16.05224609375,-26.7333984375
5.397499900000001,0.7332242727279663,-0.4692635238170624,9.718064308166504,-7.537841796875,8.85009765625,-41.168212890625
5.4024999000000005,0.2801215946674347,-0.41359832882881165,9.676166534423828,-0.030517578125,2.5634765625,-44.37255859375
5.4074999,-0.4507084786891937,-0.7589619159698486,9.537900924682617,-4.486083984375,-0.30517578125,-7.8125
5.4124999,-0.6224924325942993,-0.8158242106437683,9.412205696105957,-11.505126953125,-2.9296875,10.25390625
5.4174999,-1.1815385818481445,-0.9421183466911316,9.530119895935059,-8.331298828125,-18.951416015625,41.44287109375
5.4224999,-1.3210008144378662,-1.6178817749023438,9.37509536743164,-4.180908203125,-28.350830078125,46.112060546875
5.4274999,-0.9702502489089966,-0.9965864419937134,9.609128952026367,19.561767578125,-17.120361328125,45.0439453125
5.4324999,-0.5452794432640076,-1.18094003200531,9.639654159545898,4.547119140625,-2.74658203125,24.200439453125
5.437499900000001,0.9361328482627869,0.7003039717674255,10.123882293701172,-1.46484375,-3.997802734375,9.552001953125
5.4424999000000005,1.7375918626785278,-0.6015431880950928,9.869498252868652,5.7373046875,19.04296875,-30.303955078125
5.4474999,1.1216834783554077,-0.5542576909065247,9.821614265441895,-5.0048828125,14.892578125,-28.99169921875
5.4524999,0.6404489278793335,-0.5590460896492004,9.733627319335938,-6.561279296875,6.927490234375,-45.257568359375
5.4574999,0.14065934717655182,-0.24660277366638184,9.9185791015625,1.28173828125,1.8310546875,-38.63525390625
5.4624999,-0.47465047240257263,-0.9307458996772766,9.573814392089844,-7.75146484375,-0.6103515625,-1.15966796875
5.4674999,-0.7182605266571045,-0.6572083830833435,9.616311073303223,-10.162353515625,-5.218505859375,15.899658203125
5.4724999,-1.2731167078018188,-1.1988965272903442,9.393052101135254,-8.941650390625,-23.4375,46.44775390625
5.477499900000001,-1.30543851852417,-1.655590534210205,9.170989990234375,1.708984375,-26.91650390625,46.417236328125
5.4824999000000005,0.42856210470199585,0.365115761756897,9.88506031036377,-0.030517578125,-2.25830078125,19.073486328125
5.4874999,1.0857704877853394,0.7613561153411865,10.125079154968262,-2.44140625,-4.241943359375,4.0283203125
5.4924999,1.6831238269805908,0.7811083197593689,9.987412452697754,-2.532958984375,3.570556640625,-19.83642578125
5.4974999,1.9069817066192627,-0.23044191300868988,9.947908401489258,6.7138671875,16.937255859375,-21.026611328125
5.5024999,2.033874273300171,-0.35254621505737305,9.77791976928711,9.979248046875,17.39501953125,-19.744873046875
5.5074999,1.5825673341751099,-0.5728127360343933,9.875483512878418,3.509521484375,18.646240234375,-30.1513671875
5.5124999,1.0001777410507202,-0.5129576921463013,9.801262855529785,-6.622314453125,13.519287109375,-30.76171875
5.5174999,0.5093663930892944,-0.6667851805686951,9.734225273132324,-4.608154296875,5.67626953125,-45.95947265625
5.522499900000001,-0.9050082564353943,-0.4902127981185913,9.747992515563965,-7.537841796875,-8.056640625,23.0712890625
5.5274999000000005,-1.2671312093734741,-1.3682862520217896,9.366117477416992,8.148193359375,-24.810791015625,47.2412109375
5.5324999,-0.8535329103469849,-1.2623428106307983,9.522936820983887,17.51708984375,-8.056640625,39.36767578125
5.5374999,-0.2717418968677521,-0.7338228225708008,9.664793968200684,-1.77001953125,-2.13623046875,22.125244140625
5.5424999,0.6985083222389221,0.5231330990791321,9.973047256469727,-0.152587890625,-2.685546875,15.594482421875
5.5474999,1.3036428689956665,0.8289923667907715,10.142436981201172,-3.11279296875,-4.119873046875,-1.312255859375
5.5524999,1.8525135517120361,0.6147112846374512,9.99339771270752,-1.220703125,7.171630859375,-23.773193359375
5.5574999,1.9734207391738892,-0.3321954905986786,9.84495735168457,9.124755859375,18.585205078125,-16.845703125
5.562499900000001,2.011728048324585,-0.4010287821292877,9.783905029296875,9.674072265625,17.242431640625,-22.4609375
5.5674999000000005,1.4443022012710571,-0.5937620401382446,9.812037467956543,1.15966796875,18.24951171875,-29.388427734375
5.5724999,0.9313444495201111,-0.4620809257030487,9.767744064331055,-6.8359375,12.14599609375,-32.196044921875
5.5774999,0.43035775423049927,-0.718859076499939,9.737217903137207,-2.532958984375,4.638671875,-47.393798828125
5.5824999,-1.0821791887283325,-0.4339490532875061,9.82999324798584,-7.354736328125,-10.7421875,27.252197265625
5.5874999,-1.3922282457351685,-1.146224021911621,9.493608474731445,-9.613037109375,-27.435302734375,43.914794921875
5.5924999,-1.2102689743041992,-0.9738415479660034,9.522936820983887,10.772705078125,-22.88818359375,44.525146484375
5.5974999,-0.7589619159698486,-1.1378443241119385,9.57321548461914,12.8173828125,-7.01904296875,34.515380859375
5.602499900000001,0.7763199210166931,0.5021837949752808,9.986215591430664,0.457763671875,-3.021240234375,17.974853515625
5.6074999000000005,0.7763199210166931,0.5021837949752808,9.986215591430664,0.457763671875,-3.021240234375,17.974853515625
5.6124999,1.3862427473068237,0.7362170219421387,10.085575103759766,-2.349853515625,-2.655029296875,-1.922607421875
5.6174999,1.866280198097229,0.2645592987537384,9.930550575256348,-1.129150390625,8.85009765625,-23.86474609375
5.6224999,2.0638017654418945,-0.47824180126190186,9.785700798034668,10.009765625,18.524169921875,-16.05224609375
5.6274999,1.9967641830444336,-0.49799394607543945,9.769539833068848,9.002685546875,17.669677734375,-24.383544921875
5.6324999,0.3908534348011017,-0.6913257241249084,9.767744064331055,-2.685546875,3.875732421875,-49.25537109375
5.6374999,0.3908534348011017,-0.6913257241249084,9.767744064331055,-2.685546875,3.875732421875,-49.25537109375
5.6424999,-0.38965633511543274,-0.4315548539161682,9.840168952941895,-1.40380859375,-0.1220703125,-16.876220703125
5.647499900000001,-0.6314706802368164,-0.9540894031524658,9.580398559570312,-10.711669921875,-1.77001953125,5.828857421875
5.6524999000000005,-1.1767501831054688,-0.5428852438926697,9.835380554199219,-8.6669921875,-13.61083984375,31.890869140625
5.6574999,-1.348534107208252,-1.0755951404571533,9.530119895935059,-8.97216796875,-27.252197265625,44.525146484375
5.6624999,-1.0743980407714844,-0.921169102191925,9.594164848327637,12.664794921875,-20.3857421875,40.496826171875
5.6674999,-0.6506243348121643,-0.9720458984375,9.619303703308105,11.71875,-5.279541015625,28.656005859375
5.6724999,-0.04728548228740692,-0.20889410376548767,9.785101890563965,0.701904296875,-0.885009765625,27.099609375
5.6774999,0.7529764175415039,0.5333084464073181,10.038289070129395,-0.823974609375,-4.8828125,17.425537109375
5.6824999,2.012925148010254,-0.5351040959358215,9.803058624267578,7.720947265625,19.4091796875,-28.045654296875
5.687499900000001,1.357512354850769,-0.5428852438926697,9.768941879272461,-3.265380859375,16.11328125,-30.914306640625
5.6924999000000005,0.8774749040603638,-0.33937808871269226,9.750386238098145,-7.110595703125,8.36181640625,-45.989990234375
5.6974999,0.34596213698387146,-0.48961424827575684,9.712677955627441,-0.335693359375,2.8076171875,-48.309326171875
5.7024999,-0.43933600187301636,-0.5817909836769104,9.6989107131958,-4.486083984375,-0.823974609375,-12.115478515625
5.7074999,-0.6799532771110535,-0.7829039692878723,9.59715747833252,-11.474609375,-2.8076171875,8.60595703125
5.7124999,-1.303044319152832,-0.6787561774253845,9.767146110534668,-9.1552734375,-18.463134765625,40.985107421875
5.7174999,-1.4371196031570435,-1.3682862520217896,9.582193374633789,-4.08935546875,-27.618408203125,46.234130859375
5.7224999,-1.0761936902999878,-0.8936358094215393,9.683947563171387,18.585205078125,-17.364501953125,43.45703125
5.727499900000001,-0.5925649404525757,-1.0965443849563599,9.701305389404297,5.218505859375,-2.777099609375,24.658203125
5.7324999000000005,0.11791443079710007,0.08798690885305405,9.913191795349121,-0.213623046875,-1.0986328125,24.71923828125
5.7374999,0.9361328482627869,0.6817489266395569,10.080187797546387,-1.28173828125,-4.2724609375,10.25390625
5.7424999,1.877652645111084,-0.1472434103488922,9.944915771484375,4.486083984375,15.228271484375,-24.0478515625
5.7474999,2.0644004344940186,-0.36810851097106934,9.700108528137207,12.75634765625,19.317626953125,-14.83154296875
5.7524999,1.766920804977417,-0.569819986820221,9.897629737854004,4.913330078125,18.5546875,-31.524658203125
5.7574999,1.1528080701828003,-0.44352585077285767,9.787496566772461,-6.134033203125,14.373779296875,-29.9072265625
5.7624999,-1.004966139793396,-1.1222820281982422,9.57979965209961,18.768310546875,-13.763427734375,42.41943359375
5.7674999,-0.49140989780426025,-1.146224021911621,9.634267807006836,2.105712890625,-1.28173828125,26.153564453125
5.772499900000001,1.0905588865280151,0.6835445761680603,10.102334022521973,-1.861572265625,-4.33349609375,7.26318359375
5.7774999000000005,1.6765397787094116,0.6518214344978333,9.922768592834473,-2.99072265625,2.685546875,-18.85986328125
5.7824999,1.9650410413742065,-0.2998737692832947,9.926360130310059,7.232666015625,17.425537109375,-21.148681640625
5.7874999,2.1278467178344727,-0.36750996112823486,9.709086418151855,11.8408203125,19.012451171875,-18.341064453125
5.7924999,1.6621745824813843,-0.6105214357376099,9.871891975402832,2.960205078125,18.5546875,-31.646728515625
5.7974999,1.0851719379425049,-0.3908534348011017,9.775525093078613,-6.89697265625,12.908935546875,-31.219482421875
5.8024999,0.5847837924957275,-0.507570743560791,9.746794700622559,-4.638671875,5.157470703125,-50.994873046875
5.8074999,-0.018555063754320145,-0.2687491476535797,9.892242431640625,0.732421875,0.518798828125,-35.94970703125
5.812499900000001,-0.5297171473503113,-1.0019733905792236,9.587580680847168,-9.124755859375,-0.30517578125,0.91552734375
5.8174999000000005,-0.9020155072212219,-0.639850378036499,9.727641105651855,-9.46044921875,-7.62939453125,21.453857421875
5.8224999,-1.392826795578003,-1.2425906658172607,9.488221168518066,-9.033203125,-25.726318359375,45.684814453125
5.8274999,-1.3784615993499756,-1.4574702978134155,9.330204010009766,6.622314453125,-25.299072265625,45.8984375
5.8324999,-0.383670836687088,-0.7146692276000977,9.59177017211914,-0.274658203125,-1.220703125,25.726318359375
5.8374999,0.5452794432640076,0.5321113467216492,9.92097282409668,0.213623046875,-2.044677734375,20.99609375
5.8424999,2.102707624435425,-0.3908534348011017,9.744999885559082,10.498046875,18.73779296875,-22.52197265625
5.8474999,1.5508441925048828,-0.5979518890380859,9.84615421295166,0.823974609375,18.310546875,-30.120849609375
5.852499900000001,1.0205284357070923,-0.3734954595565796,9.780313491821289,-7.232666015625,12.0849609375,-33.87451171875
5.8574999000000005,0.507570743560791,-0.6260837316513062,9.756970405578613,-2.99072265625,3.875732421875,-52.337646484375
5.8624999,-0.16998831927776337,-0.3878606855869293,9.867103576660156,-0.152587890625,0.091552734375,-30.670166015625
5.8674999,-0.6027402877807617,-0.9397241473197937,9.515754699707031,-10.009765625,0.030517578125,3.814697265625
5.8724999,-1.0708067417144775,-0.5554547905921936,9.765948295593262,-7.6904296875,-10.101318359375,26.092529296875
5.8774999,-0.21308395266532898,-0.5608417391777039,9.749189376831055,-1.708984375,-1.739501953125,22.705078125
5.8824999,0.7571662664413452,0.586579442024231,10.042478561401367,-0.48828125,-2.716064453125,14.617919921875
5.8874999,1.3467384576797485,0.7972691655158997,10.150816917419434,-3.265380859375,-3.23486328125,-2.777099609375
5.8924999,1.8429367542266846,0.5051765441894531,9.971850395202637,-1.46484375,7.4462890625,-22.705078125
5.897499900000001,1.9752163887023926,-0.4076128304004669,9.819219589233398,9.46044921875,17.791748046875,-15.07568359375
5.9024999000000005,1.9614497423171997,-0.43993455171585083,9.75936508178711,8.880615234375,16.876220703125,-24.2919921875
5.9074999,1.3952209949493408,-0.5626373887062073,9.803058624267578,0.244140625,17.88330078125,-27.4658203125
5.9124999,0.9002198576927185,-0.44352585077285767,9.715071678161621,-7.110595703125,11.932373046875,-31.1279296875
5.9174999,0.42676645517349243,-0.727837324142456,9.72165584564209,-1.708984375,3.72314453125,-47.821044921875
5.9224999,-0.07062894850969315,-0.39564183354377747,9.750386238098145,-3.0517578125,-2.13623046875,19.47021484375
5.9274999,0.9020155072212219,0.730231523513794,10.034099578857422,-1.3427734375,-3.143310546875,9.796142578125
5.9324999,1.4305355548858643,0.8649053573608398,10.126276016235352,-3.35693359375,-2.685546875,-5.950927734375
5.937499900000001,1.8489222526550293,0.5608417391777039,9.995792388916016,-0.335693359375,8.72802734375,-21.728515625
5.9424999000000005,1.8974047899246216,-0.4231751561164856,9.801861763000488,8.148193359375,17.02880859375,-14.862060546875
5.9474999,1.8339585065841675,-0.48243165016174316,9.783307075500488,8.270263671875,16.021728515625,-24.810791015625
5.9524999,1.2988544702529907,-0.5859808921813965,9.79288387298584,1.068115234375,17.791748046875,-26.763916015625
5.9574999,0.41958385705947876,-0.800261914730072,9.702502250671387,-1.983642578125,4.0283203125,-46.417236328125
5.9624999,-0.21188685297966003,-0.6973112225532532,9.755773544311523,0.42724609375,0.79345703125,-25.787353515625
5.9674999,-0.5680243372917175,-1.1408370733261108,9.448118209838867,-8.880615234375,0.30517578125,7.26318359375
5.9724999,-1.048660397529602,-0.6488286852836609,9.805453300476074,-5.67626953125,-10.92529296875,27.130126953125
5.977499900000001,-1.3748703002929688,-1.2521674633026123,9.478644371032715,-11.41357421875,-27.923583984375,41.229248046875
5.9824999000000005,-1.2599486112594604,-1.0534487962722778,9.59476375579834,10.55908203125,-23.37646484375,46.783447265625
5.9874999,-0.6709750294685364,-0.9600749015808105,9.643844604492188,15.350341796875,-6.34765625,35.369873046875
5.9924999,-0.07122749835252762,-0.32680854201316833,9.789292335510254,-3.570556640625,-2.655029296875,17.88330078125
5.9974999,0.9187749028205872,0.7625532150268555,10.02691650390625,-2.13623046875,-3.2958984375,8.30078125
6.0024999,1.2826935052871704,-0.6428431272506714,9.79647445678711,2.9296875,17.63916015625,-27.679443359375
6.0074999,0.811634361743927,-0.6584054827690125,9.762955665588379,-6.011962890625,12.63427734375,-24.658203125
6.0124999,0.4213795065879822,-0.8517372608184814,9.679159164428711,-2.685546875,5.218505859375,-42.66357421875
6.017499900000001,-0.14484919607639313,-0.5039794445037842,9.806051254272461,1.708984375,1.40380859375,-28.80859375
6.022499900000001,-0.5770025849342346,-1.0414776802062988,9.481039047241211,-8.636474609375,0.335693359375,6.500244140625
6.0274999000000005,-0.9917980432510376,-0.4189853072166443,9.817423820495605,-5.950927734375,-9.613037109375,23.98681640625
6.0324999,-1.3958195447921753,-1.0672154426574707,9.551667213439941,-10.833740234375,-26.4892578125,39.61181640625
6.0374999,-1.301847219467163,-1.1336544752120972,9.567230224609375,7.293701171875,-23.3154296875,43.487548828125
6.0424999,-0.7475894689559937,-0.9259575009346008,9.64683723449707,17.15087890625,-8.636474609375,37.994384765625
6.0474999,-0.1412578970193863,-0.5237316489219666,9.744999885559082,-2.899169921875,-2.349853515625,17.974853515625
6.0524999,0.8379706144332886,0.6596025824546814,10.005967140197754,-2.349853515625,-2.99072265625,8.758544921875
6.0574999,1.414973258972168,0.7733271718025208,10.110115051269531,-3.814697265625,-3.265380859375,-5.55419921875
6.062499900000001,1.7651251554489136,-0.5171475410461426,9.77791976928711,7.110595703125,14.09912109375,-19.744873046875
6.0674999000000005,1.3192051649093628,-0.5991489887237549,9.806051254272461,4.119873046875,17.181396484375,-29.296875
6.0724999,0.8259995579719543,-0.6643909811973572,9.821614265441895,-5.340576171875,13.580322265625,-22.27783203125
6.0774999,0.5021837949752808,-0.7571662664413452,9.695320129394531,-4.0283203125,6.28662109375,-40.0390625
6.0824999,-1.3754688501358032,-0.9421183466911316,9.47265911102295,-10.55908203125,-25.054931640625,40.252685546875
6.0874999,-1.3150153160095215,-1.3353660106658936,9.393052101135254,3.662109375,-23.895263671875,41.046142578125
6.0924999,-0.8481459617614746,-0.9876081943511963,9.5223388671875,19.927978515625,-11.566162109375,41.229248046875
6.0974999,-0.21547815203666687,-0.800261914730072,9.635464668273926,-1.129150390625,-2.105712890625,19.622802734375
6.102499900000001,1.8046295642852783,0.7721300721168518,10.040084838867188,0,6.04248046875,-16.2353515625
6.1074999000000005,1.8166005611419678,-0.23523031175136566,9.974244117736816,4.241943359375,15.716552734375,-19.22607421875
6.1124999,1.7507599592208862,-0.5129576921463013,9.7791166305542,7.080078125,13.885498046875,-16.265869140625
6.1174999,1.3533225059509277,-0.5536591410636902,9.840767860412598,5.157470703125,16.082763671875,-30.975341796875
6.1224999,0.8224082589149475,-0.7050924301147461,9.822811126708984,-4.21142578125,14.58740234375,-21.148681640625
6.1274999,0.5273229479789734,-0.7398083209991455,9.656414031982422,-4.547119140625,7.232666015625,-35.797119140625
6.1324999,0.5273229479789734,-0.7398083209991455,9.656414031982422,-4.547119140625,7.232666015625,-35.797119140625
6.1374999,0.1256955862045288,-0.3130418658256531,9.99100399017334,3.265380859375,2.838134765625,-36.956787109375
6.142499900000001,-0.4668693244457245,-0.922366201877594,9.586981773376465,-6.927490234375,0.213623046875,2.0751953125
6.147499900000001,-0.6925228238105774,-0.3106476664543152,9.845556259155273,-7.4462890625,-6.28662109375,16.2353515625
6.1524999000000005,-1.2018892765045166,-0.7852981686592102,9.611522674560547,-8.48388671875,-21.728515625,37.628173828125
6.1574999,-0.2867056429386139,-1.0426748991012573,9.55825138092041,1.8310546875,-2.105712890625,21.91162109375
6.1624999,1.6597803831100464,0.7487865686416626,10.040084838867188,-0.396728515625,4.21142578125,-13.031005859375
6.1674999,1.725022315979004,-0.10714052617549896,10.064026832580566,2.532958984375,14.404296875,-20.782470703125
6.1724999,1.7028759717941284,-0.5057750940322876,9.692327499389648,5.615234375,13.092041015625,-12.542724609375
6.1774999,1.4335283041000366,-0.46088382601737976,9.843161582946777,6.378173828125,14.95361328125,-31.79931640625
6.1824999,0.9391255974769592,-0.6189011335372925,9.761159896850586,-1.190185546875,16.4794921875,-21.91162109375
6.187499900000001,0.6661866307258606,-0.6356605291366577,9.622296333312988,-5.523681640625,9.21630859375,-27.923583984375
6.1924999000000005,0.35733461380004883,-0.2950853705406189,9.756970405578613,2.99072265625,4.486083984375,-40.313720703125
6.1974999,-0.39145198464393616,-0.7583633661270142,9.575610160827637,-4.33349609375,0.701904296875,-5.9814453125
6.2024999,-1.0720038414001465,-1.1312602758407593,9.694122314453125,19.22607421875,-19.256591796875,47.943115234375
6.2074999,-0.4225766062736511,-1.2210428714752197,9.683348655700684,7.781982421875,-3.753662109375,28.13720703125
6.2124999,0.2148796021938324,-0.05147533491253853,9.947309494018555,-3.997802734375,-2.197265625,15.960693359375
6.2174999,1.1492167711257935,0.6985083222389221,10.110713958740234,-4.5166015625,-5.340576171875,0.244140625
6.2224999,1.6196774244308472,0.8870517015457153,10.08198356628418,-2.44140625,1.15966796875,-11.322021484375
6.227499900000001,1.8477251529693604,0.4129997789859772,10.032901763916016,2.8076171875,12.8173828125,-20.050048828125
6.2324999000000005,1.745373010635376,-0.42018240690231323,9.699509620666504,4.364013671875,13.00048828125,-11.138916015625
6.2374999,1.5400702953338623,-0.535702645778656,9.828198432922363,6.134033203125,12.725830078125,-28.076171875
6.2424999,0.6715735793113708,-0.8050503134727478,9.720458984375,-5.401611328125,11.322021484375,-20.660400390625
6.2474999,-1.0797849893569946,-0.5991489887237549,9.81024169921875,-4.119873046875,-12.176513671875,26.85546875
6.2524999,-1.0797849893569946,-0.5991489887237549,9.81024169921875,-4.119873046875,-12.176513671875,26.85546875
6.2574999,-1.314416766166687,-1.0905588865280151,9.47146224975586,-11.383056640625,-24.139404296875,32.77587890625
6.2624999,-1.2054805755615234,-0.9265560507774353,9.639056205749512,10.986328125,-21.6064453125,43.426513671875
6.267499900000001,-0.619499683380127,-0.9367313981056213,9.67077922821045,15.289306640625,-8.636474609375,36.865234375
6.272499900000001,-0.04489128291606903,-0.2579752206802368,9.807847023010254,-2.532958984375,-1.617431640625,20.965576171875
6.2774999000000005,0.9355342984199524,0.8062474131584167,10.071807861328125,-3.265380859375,-3.84521484375,8.97216796875
6.2824999,1.501164436340332,0.9247604012489319,10.105925559997559,-5.218505859375,-2.25830078125,-10.43701171875
6.2874999,1.8806453943252563,0.7314286231994629,10.019135475158691,2.410888671875,10.43701171875,-18.1884765625
6.2924999,1.7519570589065552,-0.2555810213088989,9.91977596282959,3.509521484375,13.916015625,-12.786865234375
6.2974999,1.2120646238327026,-0.6404489278793335,9.852140426635742,5.279541015625,16.937255859375,-35.2783203125
6.3024999,0.7601590156555176,-0.8277952671051025,9.742006301879883,-3.84521484375,14.892578125,-18.218994140625
6.3074999,0.5859808921813965,-0.7751228213310242,9.64803409576416,-2.838134765625,6.439208984375,-32.71484375
6.312499900000001,0.12090718746185303,-0.3321954905986786,9.9586820602417,2.44140625,2.25830078125,-34.820556640625
6.3174999000000005,-0.4554968774318695,-0.8301894664764404,9.586981773376465,-7.38525390625,1.312255859375,1.0986328125
6.3224999,-0.7876923680305481,-0.09516951441764832,9.93593692779541,-5.37109375,-6.744384765625,17.242431640625
6.3274999,-1.2563573122024536,-0.6045359373092651,9.654019355773926,-9.735107421875,-20.93505859375,32.379150390625
6.3324999,-1.3120225667953491,-1.2665326595306396,9.460089683532715,-2.685546875,-23.590087890625,35.64453125
6.3374999,-0.8792705535888672,-0.8978256583213806,9.516951560974121,20.660400390625,-16.11328125,45.318603515625
6.3424999,-0.3190273642539978,-1.0522516965866089,9.564835548400879,2.532958984375,-2.410888671875,22.94921875
6.3474999,0.4465186297893524,0.23104046285152435,9.883264541625977,-2.960205078125,-2.105712890625,18.035888671875
6.352499900000001,1.217451572418213,0.4507084786891937,10.102932929992676,-5.31005859375,-5.340576171875,-3.997802734375
6.3574999000000005,1.7519570589065552,-0.017956512048840523,10.056245803833008,3.875732421875,13.73291015625,-15.838623046875
6.3624999,1.6699557304382324,-0.5291185975074768,9.725247383117676,4.791259765625,10.92529296875,-10.19287109375
6.3674999,1.4095861911773682,-0.44532153010368347,9.874884605407715,5.2490234375,13.24462890625,-33.0810546875
6.3724999,0.9433154463768005,-0.4884171485900879,9.77013874053955,0.8544921875,17.181396484375,-22.8271484375
6.3774999,0.6925228238105774,-0.6260837316513062,9.732429504394531,-4.8828125,10.467529296875,-21.453857421875
6.3824999,0.4704606235027313,-0.7032967209815979,9.674370765686035,1.5869140625,4.08935546875,-37.384033203125
6.3874999,-0.28371289372444153,-0.9409212470054626,9.658807754516602,-2.13623046875,1.3427734375,-14.434814453125
6.392499900000001,-0.5051765441894531,-0.8044517636299133,9.485228538513184,-7.6904296875,-1.251220703125,8.97216796875
6.397499900000001,-1.1641805171966553,-0.5758054852485657,9.806051254272461,-4.638671875,-13.397216796875,28.076171875
6.4024999000000005,-1.2156559228897095,-0.8708908557891846,9.730035781860352,13.85498046875,-21.209716796875,43.76220703125
6.4074999,-0.5907692909240723,-1.0043675899505615,9.732429504394531,12.8173828125,-7.080078125,31.951904296875
6.4124999,1.0121487379074097,0.8331822156906128,10.111910820007324,-3.7841796875,-4.638671875,6.866455078125
6.4174999,1.5185223817825317,0.9097966551780701,10.082581520080566,-5.18798828125,-1.64794921875,-11.627197265625
6.4224999,1.8830395936965942,0.6709750294685364,10.000580787658691,2.838134765625,10.589599609375,-16.815185546875
6.4274999,1.731606364250183,-0.27054479718208313,9.86889934539795,3.509521484375,12.39013671875,-10.772705078125
6.4324999,1.5490485429763794,-0.6458359360694885,9.756970405578613,3.814697265625,10.19287109375,-21.3623046875
6.437499900000001,1.1294646263122559,-0.6769605278968811,9.828198432922363,3.936767578125,16.29638671875,-33.416748046875
6.4424999000000005,0.7326257228851318,-0.7924807667732239,9.78989028930664,-2.716064453125,14.22119140625,-17.242431640625
6.4474999,0.569819986820221,-0.8678981065750122,9.654019355773926,-2.197265625,7.01904296875,-31.524658203125
6.4524999,0.0999579206109047,-0.41778820753097534,9.936535835266113,1.77001953125,3.265380859375,-28.6865234375
6.4574999,-0.375291109085083,-0.8906430602073669,9.570222854614258,-7.080078125,1.03759765625,0.3662109375
6.4624999,-0.7894880175590515,-0.2214636504650116,9.8970308303833,-4.57763671875,-6.8359375,17.88330078125
6.4674999,-1.191115379333496,-0.6991068720817566,9.592967987060547,-10.3759765625,-20.81298828125,33.38623046875
6.4724999,-0.8188169598579407,-0.8912416100502014,9.526528358459473,20.843505859375,-15.533447265625,42.724609375
6.477499900000001,-0.3034650683403015,-0.9923965930938721,9.589975357055664,1.708984375,-2.62451171875,23.4375
6.4824999000000005,1.7537527084350586,-0.02513911761343479,10.070611000061035,4.2724609375,13.702392578125,-15.350341796875
6.4874999,1.6280571222305298,-0.5033808946609497,9.722254753112793,3.631591796875,10.3759765625,-11.016845703125
6.4924999,1.3533225059509277,-0.39384618401527405,9.870096206665039,4.608154296875,13.031005859375,-32.53173828125
6.4974999,0.9080010056495667,-0.4902127981185913,9.757569313049316,0.701904296875,17.059326171875,-24.59716796875
6.5024999,0.6721721291542053,-0.669179379940033,9.713874816894531,-4.69970703125,10.009765625,-21.942138671875
6.5074999,0.4985924959182739,-0.679354727268219,9.709086418151855,1.953125,4.241943359375,-37.628173828125
6.5124999,-0.25079262256622314,-0.9941922426223755,9.636661529541016,-2.8076171875,1.3427734375,-14.0380859375
6.517499900000001,0.9929951429367065,0.7655459642410278,10.099940299987793,-3.021240234375,-3.753662109375,8.514404296875
6.522499900000001,1.4826093912124634,0.8349778652191162,10.092757225036621,-5.096435546875,-1.312255859375,-11.749267578125
6.5274999000000005,1.8872294425964355,0.669179379940033,10.020931243896484,3.662109375,10.80322265625,-16.632080078125
6.5324999,1.7310078144073486,-0.22206220030784607,9.907206535339355,3.143310546875,12.39013671875,-11.65771484375
6.5374999,1.5376760959625244,-0.5656301379203796,9.764751434326172,3.265380859375,9.765625,-19.439697265625
6.5424999,1.1468225717544556,-0.5680243372917175,9.847352027893066,3.7841796875,15.899658203125,-34.698486328125
6.5474999,0.7487865686416626,-0.7284358739852905,9.773131370544434,-2.471923828125,14.34326171875,-19.378662109375
6.5524999,0.15263035893440247,-0.4339490532875061,9.900622367858887,1.77001953125,3.448486328125,-30.6396484375
6.5574999,-0.34835633635520935,-0.9157821536064148,9.504382133483887,-7.232666015625,1.007080078125,-0.67138671875
6.562499900000001,-0.7601590156555176,-0.26815059781074524,9.835380554199219,-4.45556640625,-6.439208984375,17.669677734375
6.5674999000000005,-1.2012907266616821,-0.7194576263427734,9.55585765838623,-9.82666015625,-20.355224609375,33.538818359375
6.5724999,-1.2910733222961426,-1.3533225059509277,9.4014310836792,-2.105712890625,-22.552490234375,33.447265625
6.5774999,-0.8738836050033569,-0.922366201877594,9.525930404663086,21.331787109375,-15.869140625,43.15185546875
6.5824999,-0.363918662071228,-1.0642226934432983,9.582792282104492,2.227783203125,-3.143310546875,24.505615234375
6.5874999,0.4040215313434601,0.284311443567276,9.909002304077148,-2.227783203125,-1.03759765625,21.8505859375
6.5924999,1.2000936269760132,0.4189853072166443,10.11789608001709,-5.279541015625,-5.157470703125,-3.662109375
6.5974999,1.6597803831100464,0.7050924301147461,10.049661636352539,-0.762939453125,4.45556640625,-14.58740234375
6.602499900000001,1.7860745191574097,0.07182604819536209,10.053851127624512,4.486083984375,13.946533203125,-16.2353515625
6.6074999000000005,1.3760673999786377,-0.3687070608139038,9.873687744140625,3.936767578125,11.749267578125,-31.1279296875
6.6124999,0.9445125460624695,-0.444722980260849,9.779715538024902,1.251220703125,17.27294921875,-26.824951171875
6.6174999,0.6901286244392395,-0.6506243348121643,9.722254753112793,-4.425048828125,10.43701171875,-22.064208984375
6.6224999,0.5297171473503113,-0.768538773059845,9.652822494506836,0.732421875,4.82177734375,-38.0859375
6.6274999,-0.19033902883529663,-1.0043675899505615,9.674968719482422,-2.3193359375,1.068115234375,-17.181396484375
6.6324999,-0.424970805644989,-0.8589198589324951,9.45410442352295,-7.87353515625,-0.54931640625,7.232666015625
6.6374999,-1.0785878896713257,-0.6356605291366577,9.788095474243164,-4.058837890625,-11.871337890625,27.801513671875
6.642499900000001,-0.6703764796257019,-0.9457096457481384,9.6989107131958,14.007568359375,-8.819580078125,34.088134765625
6.647499900000001,-0.11432313174009323,-0.1538274586200714,9.850942611694336,-2.74658203125,-1.953125,23.773193359375
6.6524999000000005,0.9169792532920837,0.7565677165985107,10.086771965026855,-2.044677734375,-2.62451171875,11.444091796875
6.6574999,1.877652645111084,0.6961141228675842,10.038887977600098,3.60107421875,10.1318359375,-17.547607421875
6.6624999,1.7202339172363281,-0.11192893236875534,9.952696800231934,2.471923828125,12.5732421875,-12.451171875
6.6674999,1.5316904783248901,-0.5267243981361389,9.768342971801758,2.62451171875,8.636474609375,-15.625
6.6724999,1.1516109704971313,-0.50876784324646,9.882067680358887,3.814697265625,15.594482421875,-37.139892578125
6.6774999,0.7577648162841797,-0.7721300721168518,9.73542308807373,-1.617431640625,15.472412109375,-20.56884765625
6.6824999,0.6248866319656372,-0.8684966564178467,9.623494148254395,-2.197265625,7.080078125,-27.618408203125
6.687499900000001,0.30286651849746704,-0.42437225580215454,9.907206535339355,2.777099609375,3.631591796875,-34.393310546875
6.6924999000000005,-0.3208230137825012,-0.9080010056495667,9.5223388671875,-7.659912109375,1.3427734375,-1.220703125
6.6974999,-0.6027402877807617,-0.13048399984836578,9.851541519165039,-5.218505859375,-5.2490234375,13.916015625
6.7024999,-1.173158884048462,-0.6326677799224854,9.626486778259277,-8.6669921875,-18.402099609375,30.548095703125
6.7074999,-1.2635399103164673,-1.3934253454208374,9.369708061218262,-6.89697265625,-23.37646484375,34.66796875
6.7124999,-0.9205705523490906,-0.9032126069068909,9.529520988464355,21.42333984375,-17.822265625,47.454833984375
6.7174999,1.7627309560775757,0.11432313174009323,10.050260543823242,4.364013671875,12.481689453125,-19.10400390625
6.7224999,0.9738415479660034,-0.45848962664604187,9.870695114135742,3.387451171875,18.585205078125,-37.65869140625
6.727499900000001,0.9738415479660034,-0.45848962664604187,9.870695114135742,3.387451171875,18.585205078125,-37.65869140625
6.7324999000000005,0.6512228846549988,-0.8577227592468262,9.751583099365234,-1.64794921875,12.51220703125,-19.10400390625
6.7374999,0.5482721924781799,-0.9498994946479797,9.636063575744629,0.885009765625,5.615234375,-30.487060546875
6.7424999,-0.03411737456917763,-0.9163807034492493,9.752182006835938,-0.274658203125,2.38037109375,-21.30126953125
6.7474999,-0.38965633511543274,-1.0007762908935547,9.43135929107666,-9.3994140625,0.701904296875,6.439208984375
6.7524999,-0.619499683380127,-0.761954665184021,9.589376449584961,19.1650390625,-14.373779296875,42.755126953125
6.7574999,-0.619499683380127,-0.761954665184021,9.589376449584961,19.1650390625,-14.373779296875,42.755126953125
6.7624999,-0.09157821536064148,-0.5847837924957275,9.645041465759277,0,-2.197265625,13.946533203125
6.767499900000001,0.800261914730072,0.48961424827575684,10.004171371459961,-0.396728515625,0.06103515625,9.674072265625
6.772499900000001,1.2216414213180542,0.5225345492362976,10.126276016235352,-7.38525390625,-3.753662109375,-6.378173828125
6.7774999000000005,1.6843209266662598,0.6673837304115295,10.093954086303711,2.899169921875,5.645751953125,-15.350341796875
6.7824999,1.5634137392044067,-0.10055647045373917,10.01075553894043,2.86865234375,12.054443359375,-15.594482421875
6.7874999,1.4652514457702637,-0.46986207365989685,9.794678688049316,2.25830078125,8.331298828125,-6.744384765625
6.7924999,1.1581950187683105,-0.5428852438926697,9.883264541625977,2.532958984375,13.763427734375,-30.94482421875
6.7974999,0.8523358106613159,-0.6979097723960876,9.766547203063965,1.46484375,19.04296875,-32.501220703125
6.8024999,0.4884171485900879,-0.9080010056495667,9.634267807006836,3.41796875,5.06591796875,-34.1796875
6.8074999,-0.20709845423698425,-0.9295487999916077,9.692327499389648,-2.105712890625,2.9296875,-10.80322265625
6.812499900000001,-0.3645172119140625,-0.5452794432640076,9.509170532226562,-10.040283203125,-1.495361328125,8.97216796875
6.8174999000000005,-0.9463081955909729,-0.2555810213088989,10.011354446411133,-4.180908203125,-11.8408203125,19.04296875
6.8224999,-1.1354501247406006,-0.6458359360694885,9.55705451965332,-16.143798828125,-22.27783203125,33.203125
6.8274999,-0.9636662006378174,-0.6997054219245911,9.745597839355469,7.38525390625,-22.52197265625,49.407958984375
6.8324999,-0.46746787428855896,-0.9714473485946655,9.640851974487305,15.9912109375,-12.847900390625,36.712646484375
6.8374999,0.09696517139673233,-0.3411737382411957,9.709685325622559,0.030517578125,-1.800537109375,9.6435546875
6.8424999,0.8990227580070496,0.42197805643081665,10.032901763916016,-2.44140625,-1.03759765625,4.180908203125
6.8474999,1.2503718137741089,0.6218938827514648,10.032303810119629,-7.720947265625,-2.685546875,-6.134033203125
6.852499900000001,1.592742681503296,0.5620388388633728,10.071209907531738,4.119873046875,5.43212890625,-14.495849609375
6.8574999000000005,1.4778209924697876,-0.18614917993545532,9.936535835266113,1.953125,11.474609375,-15.380859375
6.8624999,1.3323732614517212,-0.39205053448677063,9.840168952941895,3.082275390625,9.21630859375,-7.01904296875
6.8674999,0.39205053448677063,-1.1713632345199585,9.580398559570312,5.035400390625,5.859375,-23.3154296875
6.8724999,-0.14185644686222076,-1.0217255353927612,9.692925453186035,-0.30517578125,3.875732421875,-6.134033203125
6.8774999,-0.3274070918560028,-0.7625532150268555,9.517550468444824,-9.765625,-2.716064453125,6.622314453125
6.8824999,-0.9097966551780701,-1.0684125423431396,9.70310115814209,2.471923828125,-20.56884765625,40.52734375
6.8874999,-0.3627215623855591,-0.5973533391952515,9.63187313079834,19.378662109375,-15.9912109375,42.572021484375
6.892499900000001,0.03172317147254944,-0.9965864419937134,9.710283279418945,-0.48828125,-3.936767578125,9.033203125
6.897499900000001,0.7691373229026794,0.5776011347770691,10.035895347595215,-0.823974609375,0.274658203125,7.415771484375
6.9024999000000005,1.1432312726974487,0.2603694200515747,10.139444351196289,-8.36181640625,-2.105712890625,-9.94873046875
6.9074999,1.2587515115737915,-0.1604115068912506,9.88386344909668,0.8544921875,7.14111328125,-5.0048828125
6.9124999,0.9977835416793823,-0.41359832882881165,9.798270225524902,-0.3662109375,9.674072265625,-20.721435546875
6.9174999,0.6853402256965637,-0.6901286244392395,9.91738224029541,1.129150390625,17.63916015625,-36.62109375
6.9224999,0.5327098965644836,-0.8517372608184814,9.667786598205566,3.41796875,14.251708984375,-19.71435546875
6.9274999,0.37469255924224854,-1.2102689743041992,9.627683639526367,4.5166015625,6.134033203125,-16.693115234375
6.9324999,0.0586579404771328,-0.7320271730422974,9.7605619430542,1.800537109375,4.69970703125,-11.962890625
6.937499900000001,-0.27712884545326233,-0.7152677774429321,9.588179588317871,-7.965087890625,-1.068115234375,6.927490234375
6.9424999000000005,-0.5303156971931458,0.1825578808784485,10.011354446411133,-5.06591796875,-8.514404296875,8.72802734375
6.9474999,-0.8248024582862854,-0.19213469326496124,9.794678688049316,-9.21630859375,-15.380859375,26.4892578125
6.9524999,-0.8589198589324951,-1.0678139925003052,9.568427085876465,-8.270263671875,-20.44677734375,32.623291015625
6.9574999,-0.08738835901021957,-1.3126211166381836,9.545083999633789,4.791259765625,-7.476806640625,14.190673828125
6.9624999,1.14742112159729,-0.6099228858947754,9.75936508178711,0.274658203125,7.38525390625,-13.73291015625
6.9674999,0.8158242106437683,-0.6206967830657959,9.888052940368652,3.753662109375,13.7939453125,-30.792236328125
6.9724999,0.6218938827514648,-0.8619126081466675,9.724648475646973,1.89208984375,17.15087890625,-23.223876953125
6.977499900000001,0.39564183354377747,-1.0450690984725952,9.641449928283691,-0.152587890625,8.331298828125,-12.63427734375
6.9824999000000005,0.228047713637352,-0.99479079246521,9.619902610778809,5.462646484375,5.950927734375,-19.10400390625
6.9874999,-0.3693056106567383,-0.9487023949623108,9.673771858215332,-0.335693359375,2.197265625,2.166748046875
6.9924999,-0.8661024570465088,-0.1975216418504715,9.973047256469727,-4.180908203125,-12.359619140625,19.53125
6.9974999,-0.9798270463943481,-0.6757634282112122,9.660005569458008,-11.505126953125,-19.8974609375,30.2734375
7.0024999,-0.7320271730422974,-0.8242039084434509,9.814431190490723,9.674072265625,-17.39501953125,35.552978515625
7.0074999,-0.2603694200515747,-0.8451532125473022,9.752182006835938,14.2822265625,-11.505126953125,28.80859375
7.0124999,0.23403321206569672,-0.262763649225235,9.874286651611328,-1.953125,-2.410888671875,10.162353515625
7.017499900000001,1.0313023328781128,0.5039794445037842,10.09934139251709,-4.974365234375,-3.2958984375,-0.885009765625
7.022499900000001,1.368884801864624,0.6350619792938232,10.133459091186523,-6.103515625,-2.471923828125,-9.735107421875
7.0274999000000005,1.577778935432434,0.4668693244457245,10.025120735168457,2.593994140625,6.40869140625,-8.97216796875
7.0324999,1.4215573072433472,-0.28371289372444153,9.992799758911133,3.753662109375,10.894775390625,-14.617919921875
7.0374999,1.279700756072998,-0.7715315222740173,9.658807754516602,1.800537109375,9.185791015625,-11.199951171875
7.0424999,0.9911994934082031,-0.6242880821228027,9.78869342803955,5.92041015625,11.71875,-27.03857421875
7.0474999,0.6619967818260193,-0.751779317855835,9.770736694335938,1.28173828125,16.265869140625,-19.622802734375
7.0524999,0.22266076505184174,-0.9056068062782288,9.68274974822998,2.227783203125,6.40869140625,-27.9541015625
7.0574999,-0.21787235140800476,-0.40880993008613586,9.849146842956543,3.90625,3.204345703125,-6.34765625
7.062499900000001,-0.41778820753097534,-0.6763619780540466,9.653421401977539,-9.6435546875,-4.119873046875,9.521484375
7.0674999000000005,-0.7170634269714355,-0.18914192914962769,9.959878921508789,-9.368896484375,-11.138916015625,14.984130859375
7.0724999,-0.8176198601722717,-0.3603273630142212,9.680954933166504,-6.378173828125,-19.6533203125,34.11865234375
7.0774999,-0.7601590156555176,-1.2431892156600952,9.575011253356934,5.126953125,-15.899658203125,29.266357421875
7.0824999,-0.20290859043598175,-0.6853402256965637,9.584588050842285,14.892578125,-13.641357421875,31.951904296875
7.0874999,0.08080431073904037,-0.7146692276000977,9.726444244384766,0.42724609375,-3.35693359375,13.73291015625
7.0924999,0.7763199210166931,0.24839842319488525,9.983820915222168,-3.47900390625,-2.99072265625,5.645751953125
7.0974999,1.2437877655029297,0.5829881429672241,10.121487617492676,-3.753662109375,-3.448486328125,-8.819580078125
7.102499900000001,1.4209587574005127,0.5093663930892944,10.108918190002441,0.54931640625,7.14111328125,-10.589599609375
7.1074999000000005,1.4790180921554565,-0.3513490855693817,9.8784761428833,2.838134765625,11.566162109375,-15.0146484375
7.1124999,0.7092822790145874,-0.7044938206672668,9.831191062927246,-2.44140625,15.472412109375,-16.510009765625
7.1174999,0.47465047240257263,-0.4273650050163269,9.777320861816406,-4.669189453125,10.772705078125,-31.43310546875
7.1224999,-0.45010992884635925,-0.37648820877075195,9.815628051757812,0.640869140625,0.762939453125,2.471923828125
7.1274999,-0.569819986820221,-0.7356184720993042,9.568427085876465,-13.61083984375,-7.049560546875,11.322021484375
7.1324999,-0.8948329091072083,-0.3513490855693817,9.84256362915039,-9.94873046875,-15.045166015625,22.735595703125
7.1374999,-0.961870551109314,-0.8451532125473022,9.541492462158203,-5.31005859375,-22.39990234375,38.6962890625
7.142499900000001,-0.6643909811973572,-1.1402385234832764,9.557653427124023,12.603759765625,-18.035888671875,41.259765625
7.147499900000001,-0.2717418968677521,-0.9175778031349182,9.643245697021484,12.02392578125,-6.2255859375,28.25927734375
7.1524999000000005,0.11252748221158981,-0.28969839215278625,9.813234329223633,0.1220703125,-0.885009765625,20.93505859375
7.1574999,0.8649053573608398,0.5183446407318115,10.087968826293945,-3.997802734375,-6.622314453125,8.30078125
7.1624999,1.8303672075271606,-0.619499683380127,9.825204849243164,12.14599609375,15.625,-15.80810546875
7.1674999,1.6388310194015503,-0.5805938839912415,9.715670585632324,8.392333984375,13.97705078125,-19.622802734375
7.1724999,1.1127052307128906,-0.7320271730422974,9.822811126708984,-2.899169921875,17.181396484375,-25.146484375
7.1774999,0.7356184720993042,-0.18734627962112427,9.803657531738281,-4.608154296875,13.824462890625,-34.881591796875
7.1824999,0.22026655077934265,-0.5291185975074768,9.780912399291992,-0.3662109375,5.2490234375,-41.32080078125
7.187499900000001,-0.181959331035614,-0.24899697303771973,9.75637149810791,1.312255859375,1.708984375,-16.9677734375
7.1924999000000005,-0.6099228858947754,-0.7134721279144287,9.692327499389648,-8.7890625,-4.608154296875,16.082763671875
7.1974999,-0.8176198601722717,-0.363918662071228,9.758766174316406,-14.434814453125,-13.031005859375,15.869140625
7.2024999,-1.1300631761550903,-0.8696937561035156,9.693524360656738,-4.852294921875,-20.69091796875,32.2265625
7.2074999,-0.9103952050209045,-1.5616180896759033,9.511565208435059,6.317138671875,-19.6533203125,43.9453125
7.2124999,-0.5560533404350281,-1.1468225717544556,9.600749015808105,17.303466796875,-9.490966796875,50.018310546875
7.2174999,0.5722141861915588,0.43514615297317505,9.992799758911133,-2.9296875,-5.43212890625,16.357421875
7.2224999,1.1689690351486206,0.9355342984199524,10.145429611206055,-5.0048828125,-4.058837890625,-1.953125
7.227499900000001,1.5765818357467651,0.3992331326007843,9.891644477844238,0.06103515625,9.796142578125,-17.88330078125
7.2324999000000005,1.876455545425415,-0.5093663930892944,9.946112632751465,13.00048828125,18.06640625,-19.744873046875
7.2374999,1.801636815071106,-0.4225766062736511,9.675567626953125,11.77978515625,15.289306640625,-15.80810546875
7.2424999,1.2659341096878052,-0.7272387742996216,9.929352760314941,-2.38037109375,15.93017578125,-26.123046875
7.2474999,0.8768763542175293,-0.05027823522686958,9.816825866699219,-5.523681640625,15.411376953125,-36.7431640625
7.2524999,0.395043283700943,-0.18495208024978638,9.853337287902832,-2.471923828125,6.011962890625,-50.201416015625
7.2574999,0.020350715145468712,-0.7978677153587341,9.566033363342285,-0.518798828125,1.3427734375,-33.3251953125
7.2624999,-0.5728127360343933,-0.6763619780540466,9.66539192199707,-3.204345703125,-2.899169921875,8.36181640625
7.267499900000001,-0.7805097699165344,-0.9906009435653687,9.396044731140137,-16.29638671875,-12.481689453125,20.08056640625
7.272499900000001,-1.0977414846420288,-0.6260837316513062,9.688735961914062,-6.866455078125,-19.195556640625,23.284912109375
7.2774999000000005,-1.035492181777954,-1.4832079410552979,9.424176216125488,-0.67138671875,-21.026611328125,37.7197265625
7.2824999,0.19871874153614044,0.11013327538967133,9.941324234008789,-2.349853515625,-4.486083984375,26.031494140625
7.2874999,0.9175778031349182,0.8936358094215393,10.164583206176758,-3.96728515625,-5.401611328125,8.575439453125
7.2924999,1.3287819623947144,0.5913678407669067,10.005369186401367,-3.387451171875,3.60107421875,-10.8642578125
7.2974999,1.911171555519104,-0.2759317457675934,9.873687744140625,10.19287109375,16.143798828125,-21.91162109375
7.3024999,1.9686323404312134,-0.3770867586135864,9.642048835754395,15.869140625,18.341064453125,-15.045166015625
7.3074999,1.5957354307174683,-0.6859387755393982,9.838373184204102,-0.335693359375,14.617919921875,-20.294189453125
7.312499900000001,1.5957354307174683,-0.6859387755393982,9.838373184204102,-0.335693359375,14.617919921875,-20.294189453125
7.3174999000000005,1.071405291557312,-0.04908113554120064,9.756970405578613,-6.011962890625,17.486572265625,-33.843994140625
7.3224999,0.5883750915527344,0.14185644686222076,9.977835655212402,-2.5634765625,9.8876953125,-49.957275390625
7.3274999,-0.9564836025238037,-0.7206547260284424,9.774927139282227,-11.566162109375,-17.39501953125,16.143798828125
7.3324999,-1.1007342338562012,-1.3251906633377075,9.478046417236328,-3.7841796875,-18.24951171875,24.749755859375
7.3374999,-0.7960720658302307,-1.5263035297393799,9.422979354858398,8.7890625,-20.233154296875,50.78125
7.3424999,-0.4507084786891937,-1.2856862545013428,9.545083999633789,14.7705078125,-6.072998046875,56.640625
7.3474999,-0.07182604819536209,-0.5943605899810791,9.634865760803223,-0.30517578125,-1.3427734375,32.40966796875
7.352499900000001,0.6518214344978333,0.6272808313369751,9.961075782775879,-1.64794921875,-4.791259765625,16.2353515625
7.3574999000000005,1.1252747774124146,0.9870096445083618,10.086771965026855,-4.8828125,-2.288818359375,1.068115234375
7.3624999,1.8997989892959595,-0.3758896589279175,9.93354320526123,13.85498046875,16.082763671875,-19.8974609375
7.3674999,1.8997989892959595,-0.3758896589279175,9.93354320526123,13.85498046875,16.082763671875,-19.8974609375
7.3724999,1.7028759717941284,-0.48243165016174316,9.691129684448242,8.30078125,13.97705078125,-10.1318359375
7.3774999,0.7811083197593689,-0.03651157766580582,9.854534149169922,-4.058837890625,15.31982421875,-35.308837890625
7.3824999,0.26815059781074524,-0.1346738487482071,9.885659217834473,-0.48828125,6.89697265625,-40.679931640625
7.3874999,-0.050876785069704056,-0.8439561128616333,9.586383819580078,-2.593994140625,1.953125,-36.31591796875
7.392499900000001,-0.5321113467216492,-0.5219359993934631,9.86111831665039,-0.946044921875,-1.739501953125,2.349853515625
7.397499900000001,-0.7511807680130005,-0.8391677141189575,9.555258750915527,-13.0615234375,-16.204833984375,27.069091796875
7.4024999000000005,-0.8559271097183228,-0.4118026793003082,9.941324234008789,-8.9111328125,-17.4560546875,10.92529296875
7.4074999,-0.7781155705451965,-0.9762357473373413,9.653421401977539,-4.57763671875,-15.31982421875,25.665283203125
7.4124999,-0.3321954905986786,-0.8882488012313843,9.586383819580078,8.880615234375,-17.2119140625,48.004150390625
7.4174999,-0.005985504016280174,-1.0959458351135254,9.654019355773926,10.55908203125,-5.706787109375,40.008544921875
7.4224999,0.2388216257095337,-0.35494041442871094,9.668384552001953,1.220703125,0.152587890625,22.5830078125
7.4274999,0.7380126714706421,0.31364041566848755,9.924564361572266,-0.8544921875,-3.662109375,13.5498046875
7.4324999,1.0319008827209473,0.6057330369949341,9.974244117736816,-3.631591796875,-1.64794921875,1.28173828125
7.437499900000001,1.7334020137786865,-0.5009866952896118,9.864110946655273,10.711669921875,15.13671875,-16.204833984375
7.4424999000000005,1.5454572439193726,-0.48961424827575684,9.713275909423828,7.720947265625,15.167236328125,-10.7421875
7.4474999,1.1162965297698975,-0.6979097723960876,9.898228645324707,-3.96728515625,12.0849609375,-16.082763671875
7.4524999,0.7428010702133179,-0.15143325924873352,9.862914085388184,-3.082275390625,12.908935546875,-31.3720703125
7.4574999,0.2759317457675934,-0.22505496442317963,9.877877235412598,2.38037109375,10.467529296875,-31.67724609375
7.4624999,0.0975637212395668,-0.7314286231994629,9.651625633239746,-0.91552734375,5.31005859375,-34.72900390625
7.4674999,-0.314238965511322,-0.838569164276123,9.637859344482422,0.335693359375,1.953125,-11.5966796875
7.4724999,-0.7350199222564697,-0.7721300721168518,9.517550468444824,-5.523681640625,-10.986328125,26.153564453125
7.477499900000001,-0.800261914730072,-0.5919663906097412,9.776124000549316,-10.3759765625,-19.10400390625,12.14599609375
7.4824999000000005,-0.921169102191925,-0.3196259140968323,9.763554573059082,-4.241943359375,-11.41357421875,13.092041015625
7.4874999,-0.47165772318840027,-1.0504560470581055,9.838972091674805,-2.3193359375,-10.92529296875,27.7099609375
7.4924999,0.005386953707784414,-0.5380968451499939,9.88506031036377,10.772705078125,-15.228271484375,42.144775390625
7.4974999,0.6141127347946167,0.13347674906253815,9.946112632751465,-0.06103515625,-0.6103515625,9.735107421875
7.5024999,0.9666589498519897,0.5261258482933044,10.025120735168457,-5.706787109375,-5.645751953125,0.9765625
7.5074999,1.1959037780761719,0.5925649404525757,9.97603988647461,-3.72314453125,0.67138671875,-8.4228515625
7.5124999,1.3437457084655762,-0.11133038252592087,9.827000617980957,3.814697265625,9.1552734375,-14.6484375
7.517499900000001,1.3419500589370728,-0.8547300100326538,9.745597839355469,8.270263671875,11.71875,-9.552001953125
7.522499900000001,0.6135141849517822,-0.3321954905986786,9.815030097961426,-4.21142578125,14.58740234375,-23.5595703125
7.5274999000000005,0.3082534670829773,-0.19632454216480255,9.943120002746582,2.410888671875,11.505126953125,-23.193359375
7.5324999,0.07302315533161163,-0.6853402256965637,9.692925453186035,1.40380859375,6.256103515625,-28.62548828125
7.5374999,-0.3064578175544739,-0.9349357485771179,9.607333183288574,0.48828125,2.62451171875,-11.505126953125
7.5424999,-0.7691373229026794,-0.933738648891449,9.697713851928711,-2.593994140625,-8.23974609375,23.86474609375
7.5474999,-0.7990648150444031,-0.13706804811954498,10.019734382629395,-4.486083984375,-11.383056640625,8.514404296875
7.5524999,-0.35733461380004883,-0.4818331003189087,9.846753120422363,-9.796142578125,-9.979248046875,19.95849609375
7.5574999,0.15083470940589905,-0.035913024097681046,9.86889934539795,9.552001953125,-14.22119140625,40.1611328125
7.562499900000001,0.37169981002807617,-0.8289923667907715,9.79647445678711,8.331298828125,-5.0048828125,20.3857421875
7.5674999000000005,0.5488707423210144,0.0293289702385664,9.806650161743164,-0.48828125,-0.579833984375,7.2021484375
7.5724999,0.8810662031173706,0.2693476974964142,9.913191795349121,-5.0048828125,-5.523681640625,2.38037109375
7.5774999,1.0133458375930786,0.3076549172401428,10.005369186401367,-4.974365234375,-2.13623046875,-3.662109375
7.5824999,1.2108675241470337,-0.1430535465478897,9.897629737854004,1.8310546875,6.866455078125,-10.772705078125
7.5874999,1.1994950771331787,-0.8738836050033569,9.72165584564209,8.270263671875,12.02392578125,-10.7421875
7.5924999,1.0630255937576294,-1.1013327836990356,9.698312759399414,7.75146484375,10.162353515625,-6.4697265625
7.5974999,0.9289502501487732,-0.6428431272506714,9.693524360656738,4.486083984375,8.6669921875,-11.41357421875
7.602499900000001,0.5267243981361389,-0.47824180126190186,9.888052940368652,-6.256103515625,9.58251953125,-15.44189453125
7.6074999000000005,0.23343466222286224,-0.14185644686222076,9.924564361572266,4.730224609375,10.223388671875,-20.93505859375
7.6124999,0.08499415963888168,-0.5805938839912415,9.697713851928711,0,5.7373046875,-24.810791015625
7.6174999,-0.29807811975479126,-0.8487445116043091,9.59476375579834,-1.52587890625,1.03759765625,-3.875732421875
7.6224999,-0.7655459642410278,-0.6673837304115295,9.88506031036377,-3.5400390625,-11.5966796875,25.238037109375
7.6274999,-0.6967126727104187,-0.4345476031303406,9.5624418258667,-9.552001953125,-22.8271484375,13.48876953125
7.6324999,-0.6015431880950928,-0.2059013396501541,10.034099578857422,-1.983642578125,-8.331298828125,6.65283203125
7.6374999,-0.18614917993545532,-0.6446388363838196,9.730035781860352,-4.33349609375,-4.058837890625,16.693115234375
7.642499900000001,0.38726213574409485,-0.26096799969673157,9.764751434326172,7.8125,-12.359619140625,31.31103515625
7.647499900000001,0.5770025849342346,-0.8918401598930359,9.77013874053955,7.38525390625,-7.6904296875,14.739990234375
7.6524999000000005,0.6380547285079956,0.023343466222286224,9.825803756713867,0,1.495361328125,5.9814453125
7.6574999,0.9624691009521484,0.11911153793334961,9.893440246582031,-5.767822265625,-3.753662109375,-3.90625
7.6624999,0.933738648891449,0.21128830313682556,10.014945983886719,-3.90625,-1.8310546875,-3.753662109375
7.6674999,0.71766197681427,-0.5805938839912415,9.716867446899414,5.126953125,6.65283203125,-10.498046875
7.6724999,0.3932476341724396,-0.4985924959182739,9.894637107849121,-3.7841796875,7.476806640625,-12.63427734375
7.6774999,0.35434186458587646,-0.18136078119277954,9.991601943969727,-5.7373046875,10.528564453125,-18.463134765625
7.6824999,0.1586158573627472,-0.43095630407333374,9.804255485534668,2.105712890625,6.744384765625,-15.93017578125
7.687499900000001,-0.08379705995321274,-0.7050924301147461,9.61571216583252,-1.434326171875,1.617431640625,-8.544921875
7.6924999000000005,-0.5596446394920349,-0.3256114423274994,9.589975357055664,-2.44140625,-6.134033203125,16.4794921875
7.6974999,-0.6470330357551575,-0.6063315868377686,9.570222854614258,-10.498046875,-24.139404296875,19.500732421875
7.7024999,-0.4100070297718048,-0.21188685297966003,9.806650161743164,-6.011962890625,-14.312744140625,3.11279296875
7.7074999,0.36571431159973145,-0.9870096445083618,9.814431190490723,1.068115234375,-8.514404296875,28.74755859375
7.7124999,0.5093663930892944,-0.8176198601722717,9.947309494018555,9.09423828125,-13.641357421875,30.731201171875
7.7174999,0.5135562419891357,-0.6871358752250671,9.824606895446777,2.349853515625,-1.678466796875,5.950927734375
7.7224999,0.729034423828125,-0.08559270948171616,9.955689430236816,-2.166748046875,-0.6103515625,0.335693359375
7.727499900000001,0.9157821536064148,0.23582886159420013,9.985616683959961,-3.90625,-0.8544921875,-4.608154296875
7.7324999000000005,1.0558429956436157,0.21966800093650818,9.941922187805176,0.42724609375,4.39453125,-7.568359375
7.7374999,1.0217255353927612,-0.32441434264183044,9.815628051757812,3.72314453125,8.36181640625,-10.55908203125
7.7424999,0.9199720025062561,-0.8595184087753296,9.746794700622559,6.8359375,11.23046875,-7.171630859375
7.7474999,0.7745242714881897,-0.6177040338516235,9.667187690734863,8.36181640625,10.6201171875,-8.697509765625
7.7524999,0.5829881429672241,-0.497395396232605,9.766547203063965,1.068115234375,8.575439453125,-11.688232421875
7.7574999,0.3866635859012604,-0.1496376097202301,9.824007987976074,-6.195068359375,9.307861328125,-16.998291015625
7.7624999,-0.4644751250743866,-0.7535749673843384,9.583989143371582,-1.190185546875,-1.46484375,5.462646484375
7.767499900000001,-0.8619126081466675,-0.49619829654693604,9.771934509277344,-7.4462890625,-19.34814453125,23.193359375
7.772499900000001,-0.6099228858947754,-0.5345055460929871,9.677363395690918,-10.986328125,-22.430419921875,6.04248046875
7.7774999000000005,-0.5027823448181152,-0.25258827209472656,9.947309494018555,1.068115234375,-3.7841796875,12.63427734375
7.7824999,0.06703764945268631,-1.0857704877853394,9.821015357971191,0.48828125,-3.448486328125,20.5078125
7.7874999,0.4423287510871887,-0.47824180126190186,9.897629737854004,9.521484375,-12.451171875,30.792236328125
7.7924999,0.48901569843292236,-0.7924807667732239,9.8599214553833,2.99072265625,-5.340576171875,14.556884765625
7.7974999,0.6757634282112122,0.07062894850969315,9.903017044067383,-3.90625,-3.204345703125,5.340576171875
7.8024999,1.062427043914795,0.2495955228805542,9.9586820602417,-3.173828125,-1.220703125,-7.965087890625
7.807499900000001,1.104325532913208,0.26575639843940735,9.915586471557617,1.220703125,6.04248046875,-3.84521484375
7.812499900000001,1.169567584991455,-0.46088382601737976,9.806051254272461,3.692626953125,7.781982421875,-9.6435546875
7.8174999000000005,0.8271966576576233,-0.6404489278793335,9.695918083190918,7.904052734375,12.359619140625,-9.613037109375
7.8224999,0.6560112833976746,-0.6153098344802856,9.813833236694336,0.06103515625,9.765625,-10.31494140625
7.8274999,0.49380409717559814,-0.14425064623355865,9.860519409179688,-3.387451171875,8.48388671875,-20.6298828125
7.8324999,0.3076549172401428,-0.06643909960985184,9.852738380432129,1.89208984375,12.6953125,-22.4609375
7.8374999,0.16101007163524628,-0.23822307586669922,9.888651847839355,-0.091552734375,6.103515625,-13.5498046875
7.8424999,0.11432313174009323,-1.0217255353927612,9.850942611694336,3.204345703125,-2.288818359375,24.505615234375
7.8474999,0.6212953329086304,-0.6314706802368164,9.875483512878418,8.1787109375,-11.3525390625,27.40478515625
7.852499900000001,0.7942764163017273,-0.02214636653661728,9.898826599121094,-3.509521484375,-1.739501953125,4.8828125
7.8574999000000005,1.0797849893569946,0.27473464608192444,9.941922187805176,-3.41796875,-1.617431640625,-8.087158203125
7.8624999,1.0564415454864502,0.04489128291606903,9.859322547912598,2.899169921875,7.6904296875,-6.28662109375
7.8674999,1.1851298809051514,-0.6967126727104187,9.654618263244629,8.636474609375,11.29150390625,-7.354736328125
7.8724999,1.0636241436004639,-0.6308721303939819,9.757569313049316,9.70458984375,11.566162109375,-11.29150390625
7.8774999,0.7727286219596863,-0.7050924301147461,9.731831550598145,3.082275390625,12.14599609375,-10.6201171875
7.8824999,0.6302735805511475,-0.2495955228805542,9.893440246582031,-2.685546875,9.09423828125,-14.984130859375
7.8874999,0.43275195360183716,-0.04908113554120064,10.020332336425781,0.48828125,13.48876953125,-27.923583984375
7.892499900000001,0.2645592987537384,-0.020949264988303185,9.909601211547852,1.46484375,11.199951171875,-20.69091796875
7.897499900000001,0.0802057534456253,-0.33698388934135437,9.836577415466309,-3.021240234375,2.5634765625,-18.98193359375
7.9024999000000005,-0.31842881441116333,-0.6937199234962463,9.644442558288574,-2.38037109375,-0.1220703125,-7.232666015625
7.9074999,-0.9989806413650513,-0.3058592677116394,9.897629737854004,-3.753662109375,-11.8408203125,20.8740234375
7.9124999,0.42018240690231323,-0.7547720670700073,9.673771858215332,6.866455078125,-11.65771484375,36.1328125
7.9174999,0.6637924313545227,-0.8738836050033569,9.744999885559082,4.486083984375,-4.302978515625,14.5263671875
7.9224999,0.7451952695846558,-0.24899697303771973,9.841964721679688,1.373291015625,1.5869140625,13.5498046875
7.9274999,1.0546458959579468,0.1149216815829277,9.961674690246582,-3.326416015625,-5.218505859375,-0.42724609375
7.932499900000001,1.157596468925476,0.30705636739730835,9.96825885772705,-0.579833984375,2.410888671875,-9.46044921875
7.937499900000001,1.346139907836914,-0.6278793811798096,9.70429801940918,8.9111328125,14.58740234375,-9.857177734375
7.9424999000000005,1.40180504322052,-0.497395396232605,9.784503936767578,13.5498046875,16.41845703125,-11.077880859375
7.9474999,1.2198457717895508,-0.8092401623725891,9.710882186889648,7.354736328125,15.960693359375,-14.556884765625
7.9524999,0.838569164276123,-0.43694180250167847,9.858723640441895,-3.021240234375,13.0615234375,-18.1884765625
7.9574999,0.1693897694349289,0.02992752194404602,9.935338973999023,-0.823974609375,5.43212890625,-27.16064453125
7.9624999,-0.1825578808784485,-0.3603273630142212,9.758167266845703,-5.157470703125,0.79345703125,-23.49853515625
7.9674999,-0.6153098344802856,-0.5363011956214905,9.639056205749512,-3.265380859375,-1.190185546875,-2.9296875
7.9724999,-1.2563573122024536,-0.47584760189056396,9.725846290588379,-10.498046875,-18.798828125,26.0009765625
7.977499900000001,-1.061229944229126,-0.7876923680305481,9.492411613464355,-18.4326171875,-30.1513671875,15.5029296875
7.9824999000000005,-0.9295487999916077,-0.6123170852661133,9.764751434326172,1.495361328125,-12.02392578125,10.7421875
7.9874999,-0.21128830313682556,-1.0564415454864502,9.600749015808105,4.21142578125,-7.293701171875,35.980224609375
7.9924999,0.4926069974899292,-0.8098387122154236,9.815030097961426,6.8359375,-10.3759765625,35.64453125
7.9974999,0.5614402890205383,-0.6230909824371338,9.8599214553833,4.791259765625,1.434326171875,21.17919921875
8.0024999,0.2885012924671173,0.3597288131713867,9.859322547912598,-1.46484375,5.340576171875,-34.85107421875
8.007499900000001,-0.22266076505184174,0.08319851011037827,9.822212219238281,-8.209228515625,-2.5634765625,-34.881591796875
8.0124999,-0.7457938194274902,-0.406415730714798,9.615114212036133,-6.34765625,-1.190185546875,-17.608642578125
8.0174999,-1.4257471561431885,-0.17298106849193573,9.926360130310059,-8.056640625,-13.916015625,23.712158203125
8.0224999,-1.381454348564148,-0.8918401598930359,9.384073257446289,-23.712158203125,-35.858154296875,27.130126953125
8.0274999,-1.1174936294555664,-0.6661866307258606,9.840767860412598,-1.556396484375,-19.073486328125,7.9345703125
8.0324999,-0.44592007994651794,-1.334767460823059,9.3828763961792,5.615234375,-6.8359375,32.65380859375
8.0374999,0.375291109085083,-1.12467622756958,9.6618013381958,7.720947265625,-8.880615234375,46.81396484375
8.042499900000001,0.7248445749282837,-0.17717093229293823,9.853337287902832,3.47900390625,0.823974609375,26.42822265625
8.0474999,0.8798691034317017,0.35015198588371277,9.970054626464844,-0.91552734375,-3.96728515625,10.711669921875
8.0524999,1.4413094520568848,-0.29568392038345337,9.703699111938477,9.246826171875,7.6904296875,-5.157470703125
8.0574999,1.8555063009262085,-0.1711854189634323,9.847352027893066,17.059326171875,22.735595703125,-10.92529296875
8.0624999,2.2254104614257812,-0.618302583694458,9.725846290588379,12.054443359375,27.28271484375,-21.728515625
8.0674999,1.7794904708862305,-0.36152446269989014,9.831191062927246,1.068115234375,24.749755859375,-26.06201171875
8.0724999,1.191115379333496,0.15801730751991272,9.882665634155273,-0.640869140625,14.556884765625,-39.24560546875
8.0774999,0.2992752194404602,0.2944868206977844,9.86650562286377,-4.7607421875,0.42724609375,-43.76220703125
8.0824999,-1.0426748991012573,-0.3058592677116394,9.573814392089844,-7.2021484375,-3.509521484375,-16.265869140625
8.087499900000001,-1.833359956741333,-0.4554968774318695,9.699509620666504,-14.678955078125,-20.32470703125,28.80859375
8.0924999,-1.5203180313110352,-0.9277531504631042,9.245808601379395,-25.08544921875,-37.017822265625,24.749755859375
8.0974999,0.43993455171585083,-1.1103110313415527,9.743802070617676,8.4228515625,-5.523681640625,48.065185546875
8.1024999,0.6260837316513062,-0.8038532137870789,9.817423820495605,8.453369140625,3.387451171875,34.85107421875
8.1074999,0.6937199234962463,0.04668693244457245,9.996989250183105,3.936767578125,-0.579833984375,30.09033203125
8.1124999,0.8559271097183228,-0.0628477931022644,9.955689430236816,-0.030517578125,-3.143310546875,14.068603515625
8.1174999,1.557428240776062,-0.2669534981250763,9.924564361572266,16.05224609375,14.251708984375,-0.396728515625
8.122499900000001,2.1595699787139893,-0.42616790533065796,9.731831550598145,19.287109375,27.7099609375,-14.434814453125
8.1274999,2.455852508544922,-0.6530185341835022,9.790489196777344,10.345458984375,33.50830078125,-29.754638671875
8.132499900000001,1.9752163887023926,-0.24600422382354736,9.765350341796875,1.190185546875,28.4423828125,-31.8603515625
8.1374999,1.1354501247406006,0.34596213698387146,9.707290649414062,0.152587890625,9.58251953125,-42.694091796875
8.1424999,-0.0077811554074287415,0.4159925580024719,9.931747436523438,-13.092041015625,-9.613037109375,-49.468994140625
8.1474999,-0.9181763529777527,-0.12928688526153564,9.535507202148438,-13.24462890625,-5.401611328125,-38.75732421875
8.1524999,-0.9726444482803345,-1.434126853942871,9.632472038269043,9.6435546875,-13.885498046875,14.862060546875
8.1574999,0.05446808785200119,-1.802833914756775,9.600749015808105,4.241943359375,-5.79833984375,39.398193359375
8.1624999,0.7805097699165344,-1.3377602100372314,9.922170639038086,8.026123046875,2.197265625,41.6259765625
8.167499900000001,1.037886381149292,-0.7134721279144287,10.032303810119629,6.89697265625,1.28173828125,30.82275390625
8.1724999,0.910993754863739,-0.17956513166427612,10.057442665100098,4.547119140625,-0.457763671875,23.5595703125
8.1774999,1.3174095153808594,-0.36810851097106934,9.752182006835938,11.993408203125,6.4697265625,7.62939453125
8.1824999,1.7884687185287476,-0.2968810200691223,9.900622367858887,16.754150390625,21.026611328125,-2.349853515625
8.1874999,2.5270798206329346,-0.4411316514015198,9.685144424438477,14.2822265625,31.707763671875,-28.656005859375
8.1924999,2.2391772270202637,-0.2579752206802368,9.835380554199219,5.92041015625,35.430908203125,-32.28759765625
8.1974999,1.6974890232086182,-0.01496376097202301,9.7791166305542,2.62451171875,22.491455078125,-37.7197265625
8.2024999,-1.335964560508728,-0.06404489278793335,9.589376449584961,-9.1552734375,-2.13623046875,-30.76171875
8.2074999,-2.1757307052612305,-0.1364694982767105,9.958083152770996,-10.589599609375,-18.035888671875,20.965576171875
8.212499900000001,-2.073378562927246,-1.0851719379425049,9.30686092376709,-28.80859375,-43.304443359375,43.060302734375
8.2174999,-1.449090600013733,-1.1737574338912964,9.840168952941895,-2.9296875,-28.594970703125,14.892578125
8.2224999,-0.40462008118629456,-1.4730325937271118,9.390059471130371,6.7138671875,-9.613037109375,29.296875
8.2274999,0.5416881442070007,-1.4646528959274292,9.715071678161621,6.317138671875,-0.457763671875,43.9453125
8.2324999,1.0384849309921265,-1.0360907316207886,9.775525093078613,8.9111328125,4.547119140625,36.041259765625
8.2374999,1.1097124814987183,-0.21128830313682556,9.852738380432129,6.317138671875,0.244140625,25.909423828125
8.2424999,2.296039342880249,-0.4812345504760742,9.68813705444336,18.5546875,32.073974609375,-17.608642578125
8.247499900000001,1.1001356840133667,0.46986207365989685,9.559449195861816,-1.0986328125,7.9345703125,-56.15234375
8.2524999,-0.15801730751991272,0.5734112858772278,9.910798072814941,-19.256591796875,-15.31982421875,-60.97412109375
8.257499900000001,-1.0935516357421875,0.07960720360279083,9.45410442352295,-16.143798828125,-8.1787109375,-43.27392578125
8.2624999,-1.9434932470321655,0.5315127968788147,9.81263542175293,-5.035400390625,-6.7138671875,-5.157470703125
8.2674999,-2.472611904144287,-0.6985083222389221,9.430161476135254,-23.681640625,-38.604736328125,46.38671875
8.2724999,-1.9686323404312134,-0.7661445140838623,9.583989143371582,-18.98193359375,-43.0908203125,29.449462890625
8.2774999,-1.2623428106307983,-1.6388310194015503,9.470863342285156,7.415771484375,-17.2119140625,21.148681640625
8.2824999,-0.01975216343998909,-1.7627309560775757,9.730035781860352,8.758544921875,-4.638671875,45.135498046875
8.2874999,0.7326257228851318,-1.4718354940414429,9.859322547912598,9.185791015625,6.622314453125,45.47119140625
8.292499900000001,1.128267526626587,-0.5602431893348694,10.031704902648926,5.706787109375,1.861572265625,37.17041015625
8.2974999,1.2270283699035645,-0.1388636976480484,10.107122421264648,1.983642578125,-1.46484375,15.838623046875
8.3024999,1.7447744607925415,-0.3106476664543152,9.807249069213867,13.336181640625,10.19287109375,1.007080078125
8.3074999,2.2409727573394775,-0.26336219906806946,9.820416450500488,19.47021484375,26.641845703125,-7.4462890625
8.3124999,2.7676970958709717,-0.49380409717559814,9.664793968200684,15.350341796875,37.78076171875,-32.89794921875
8.3174999,2.2870612144470215,-0.09696517139673233,9.701904296875,5.706787109375,35.70556640625,-32.257080078125
8.3224999,0.20231004059314728,0.7535749673843384,9.857526779174805,-12.63427734375,-7.99560546875,-62.347412109375
8.3274999,-0.9415197968482971,0.13168109953403473,9.57860279083252,-19.1650390625,-14.0380859375,-50.872802734375
8.3324999,-1.6645687818527222,-0.23403321206569672,9.621099472045898,-7.171630859375,-3.23486328125,-24.139404296875
8.337499900000001,-2.542043685913086,-0.43514615297317505,9.786897659301758,-11.260986328125,-24.261474609375,34.759521484375
8.3424999,-2.228403329849243,-1.081580638885498,9.252392768859863,-27.64892578125,-47.698974609375,40.22216796875
8.3474999,-1.6214730739593506,-1.1234791278839111,9.678560256958008,-2.44140625,-26.85546875,13.00048828125
8.3524999,-0.524330198764801,-1.2767080068588257,9.27334213256836,7.26318359375,-9.521484375,40.557861328125
8.3574999,0.6242880821228027,-1.246780514717102,9.696516990661621,11.016845703125,4.08935546875,48.553466796875
8.3624999,1.0732009410858154,-0.7104793787002563,9.763554573059082,5.767822265625,3.936767578125,42.694091796875
8.3674999,1.3299790620803833,0.04489128291606903,9.921571731567383,2.9296875,0.030517578125,24.658203125
8.372499900000001,1.5179238319396973,-0.013766659423708916,9.906607627868652,4.425048828125,0.42724609375,4.0283203125
8.3774999,2.0260932445526123,-0.19871874153614044,9.82640266418457,17.547607421875,21.759033203125,-4.2724609375
8.382499900000001,2.470816135406494,-0.4950011968612671,9.856928825378418,17.2119140625,33.599853515625,-21.54541015625
8.3874999,2.3786394596099854,-0.6212953329086304,9.783905029296875,11.90185546875,36.834716796875,-28.74755859375
8.3924999,1.8411411046981812,-0.15263035893440247,9.898228645324707,2.593994140625,26.91650390625,-40.52734375
8.3974999,0.8667010068893433,0.4668693244457245,9.740211486816406,-4.45556640625,4.913330078125,-58.380126953125
8.4024999,-1.9901801347732544,0.07781155407428741,9.604938507080078,-1.983642578125,-7.14111328125,8.819580078125
8.4074999,-2.409165382385254,-0.7823054194450378,9.25299072265625,-24.139404296875,-40.069580078125,41.534423828125
8.4124999,0.7727286219596863,-1.5580267906188965,9.777320861816406,7.87353515625,6.2255859375,44.708251953125
8.417499900000001,1.22642982006073,-0.5434837937355042,10.007762908935547,2.197265625,0.91552734375,31.585693359375
8.4224999,1.4287399053573608,0.07062894850969315,10.06043529510498,-0.885009765625,-3.570556640625,8.60595703125
8.4274999,1.8914192914962769,-0.19692309200763702,9.874884605407715,11.90185546875,9.09423828125,-6.866455078125
8.4324999,2.2673089504241943,-0.24361002445220947,9.855731010437012,18.1884765625,28.594970703125,-10.772705078125
8.4374999,2.49834942817688,-0.6913257241249084,9.785101890563965,15.045166015625,35.09521484375,-24.322509765625
8.4424999,2.0482394695281982,-0.15981295704841614,9.743802070617676,6.7138671875,31.25,-28.74755859375
8.4474999,1.2832920551300049,0.2759317457675934,9.752182006835938,-0.06103515625,16.448974609375,-47.9736328125
8.4524999,0.2579752206802368,0.6446388363838196,9.752182006835938,-9.246826171875,-2.38037109375,-57.952880859375
8.4574999,-0.6350619792938232,0.1538274586200714,9.589376449584961,-14.2822265625,-9.552001953125,-50.9033203125
8.462499900000001,-2.1559786796569824,-1.0217255353927612,9.313444137573242,-30.303955078125,-47.05810546875,35.5224609375
8.4674999,-1.8501193523406982,-1.002571940422058,9.865906715393066,-9.185791015625,-31.646728515625,13.397216796875
8.4724999,-0.8768763542175293,-1.5209165811538696,9.314043045043945,7.659912109375,-13.3056640625,39.97802734375
8.4774999,0.21428105235099792,-1.4550760984420776,9.743204116821289,14.801025390625,1.52587890625,53.192138671875
8.4824999,1.5292962789535522,0.20530278980731964,9.96825885772705,1.46484375,-1.15966796875,4.7607421875
8.4874999,2.095525026321411,-0.21847090125083923,9.819219589233398,17.364501953125,18.157958984375,-7.38525390625
8.4924999,2.406172752380371,-0.2735375463962555,9.856329917907715,16.845703125,30.82275390625,-15.0146484375
8.497499900000001,2.407968282699585,-0.6218938827514648,9.660005569458008,11.627197265625,32.440185546875,-25.87890625
8.5024999,1.8351556062698364,-0.10235211998224258,9.803657531738281,2.899169921875,26.458740234375,-33.935546875
8.507499900000001,0.002992752008140087,0.406415730714798,9.79647445678711,-11.04736328125,-5.279541015625,-54.99267578125
8.5124999,-0.7523778676986694,-0.24600422382354736,9.611522674560547,-12.63427734375,-7.6904296875,-43.45703125
8.5174999,-1.4879963397979736,-0.47644615173339844,9.569025993347168,-2.655029296875,-3.875732421875,-4.669189453125
8.5224999,-2.251746654510498,-0.6482301354408264,9.634865760803223,-14.556884765625,-27.099609375,36.1328125
8.5274999,-2.0805611610412598,-1.0540473461151123,9.37389850616455,-27.7099609375,-45.2880859375,27.7099609375
8.5324999,-1.6837223768234253,-1.1749545335769653,9.578003883361816,-1.46484375,-23.345947265625,14.862060546875
8.5374999,-0.5416881442070007,-1.2976573705673218,9.50617790222168,10.43701171875,-9.918212890625,48.492431640625
8.542499900000001,0.48602294921875,-1.2348095178604126,9.741408348083496,10.55908203125,4.241943359375,46.966552734375
8.5474999,1.047463297843933,-0.5770025849342346,9.873687744140625,3.23486328125,3.84521484375,39.276123046875
8.5524999,1.3796586990356445,0.20530278980731964,9.97484302520752,0.152587890625,-3.35693359375,20.20263671875
8.5574999,1.764526605606079,0.08140286058187485,9.928754806518555,5.950927734375,2.288818359375,0.396728515625
8.5624999,1.5424644947052002,-0.055665191262960434,9.868300437927246,1.007080078125,22.8271484375,-40.0390625
8.5674999,0.6320692300796509,0.42676645517349243,9.761159896850586,-4.2724609375,4.058837890625,-52.337646484375
8.5724999,-0.3148375153541565,0.3148375153541565,9.804255485534668,-13.5498046875,-8.48388671875,-55.11474609375
8.577499900000001,-0.9714473485946655,-0.41120412945747375,9.549872398376465,-10.986328125,-6.072998046875,-36.80419921875
8.5824999,-1.802833914756775,0.03531447425484657,9.640253067016602,-1.03759765625,-5.584716796875,10.711669921875
8.587499900000001,-2.1757307052612305,-0.8978256583213806,9.266159057617188,-23.0712890625,-37.994384765625,39.581298828125
8.5924999,-1.8375498056411743,-0.7164648771286011,9.573814392089844,-18.951416015625,-39.00146484375,18.49365234375
8.5974999,-1.2779051065444946,-1.4873977899551392,9.32421875,3.021240234375,-17.39501953125,24.200439453125
8.6024999,-0.05027823522686958,-1.5550340414047241,9.783307075500488,11.138916015625,-6.805419921875,52.18505859375
8.6074999,0.6625953316688538,-1.4736311435699463,9.819818496704102,7.598876953125,5.462646484375,43.853759765625
8.6124999,2.2260091304779053,-0.22445641458034515,9.853935241699219,17.364501953125,26.30615234375,-9.124755859375
8.6174999,2.5677812099456787,-0.6428431272506714,9.800065994262695,14.129638671875,34.210205078125,-25.238037109375
8.622499900000001,2.139817714691162,-0.22026655077934265,9.733627319335938,6.805419921875,31.73828125,-29.876708984375
8.6274999,1.3868412971496582,0.0975637212395668,9.742605209350586,0.335693359375,17.333984375,-45.257568359375
8.632499900000001,0.3968389332294464,0.585382342338562,9.725846290588379,-7.2021484375,-1.129150390625,-57.281494140625
8.6374999,-0.5841852426528931,0.15921440720558167,9.651625633239746,-16.143798828125,-10.894775390625,-53.436279296875
8.6424999,-1.8088194131851196,-0.9217676520347595,9.997588157653809,-10.92529296875,-34.027099609375,13.641357421875
8.6474999,0.17896658182144165,-1.5286977291107178,9.807847023010254,11.77978515625,-1.068115234375,50.201416015625
8.6524999,0.7326257228851318,-1.1857284307479858,9.701305389404297,6.103515625,5.584716796875,45.135498046875
8.6574999,1.1162965297698975,-0.25917232036590576,9.925163269042969,3.204345703125,0.823974609375,34.11865234375
8.6624999,1.303044319152832,0.17417816817760468,9.9401273727417,1.495361328125,-2.38037109375,12.847900390625
8.667499900000001,1.8596961498260498,-0.16220717132091522,9.790489196777344,15.7470703125,14.007568359375,-1.739501953125
8.6724999,2.3265655040740967,-0.16519992053508759,9.794678688049316,15.93017578125,27.008056640625,-12.20703125
8.6774999,2.5701754093170166,-0.5662286877632141,9.639056205749512,12.054443359375,33.99658203125,-29.937744140625
8.6824999,2.0871453285217285,-0.2148796021938324,9.771934509277344,3.509521484375,30.059814453125,-32.3486328125
8.6874999,1.2856862545013428,0.17477671802043915,9.604340553283691,0.1220703125,12.420654296875,-46.966552734375
8.6924999,0.17537526786327362,0.5003881454467773,9.84615421295166,-11.199951171875,-6.591796875,-56.732177734375
8.6974999,-0.7523778676986694,-0.14425064623355865,9.619902610778809,-15.93017578125,-9.8876953125,-47.119140625
8.702499900000001,-1.4413094520568848,-0.2861070930957794,9.618106842041016,-4.608154296875,-2.532958984375,-17.669677734375
8.7074999,-2.3110032081604004,-0.5392939448356628,9.783905029296875,-11.04736328125,-23.25439453125,35.980224609375
8.712499900000001,-2.050035238265991,-1.0666168928146362,9.262567520141602,-28.564453125,-46.38671875,33.355712890625
8.7174999,-1.6711528301239014,-1.1354501247406006,9.716269493103027,-0.091552734375,-24.96337890625,11.932373046875
8.7224999,-0.6063315868377686,-1.3413515090942383,9.327211380004883,8.1787109375,-9.765625,41.900634765625
8.7274999,0.4129997789859772,-1.325789213180542,9.766547203063965,10.223388671875,2.86865234375,48.797607421875
8.7324999,0.8661024570465088,-0.7721300721168518,9.818022727966309,5.584716796875,4.364013671875,44.921875
8.7374999,1.1492167711257935,-0.002394201699644327,9.965266227722168,2.899169921875,-1.03759765625,28.778076171875
8.7424999,1.4664485454559326,-0.060453593730926514,9.93593692779541,6.103515625,0.8544921875,8.758544921875
8.747499900000001,1.964442491531372,-0.1604115068912506,9.877279281616211,16.4794921875,19.10400390625,-0.42724609375
8.7524999,2.5324668884277344,-0.3932476341724396,9.808445930480957,15.2587890625,29.571533203125,-20.93505859375
8.757499900000001,2.4636335372924805,-0.4944026470184326,9.793481826782227,9.368896484375,34.97314453125,-30.76171875
8.7624999,1.9285295009613037,-0.0867898091673851,9.86111831665039,2.288818359375,26.3671875,-35.2783203125
8.7674999,-0.9241618514060974,-0.19931729137897491,9.552865028381348,-13.61083984375,-6.439208984375,-44.097900390625
8.7724999,-1.7178397178649902,0.07302315533161163,9.594164848327637,-2.38037109375,-4.2724609375,-5.615234375
8.7774999,-2.364872694015503,-0.6745663285255432,9.431957244873047,-18.49365234375,-33.050537109375,41.80908203125
8.7824999,-2.009932279586792,-0.8403648138046265,9.363123893737793,-23.74267578125,-43.609619140625,25.0244140625
8.7874999,-1.470638394355774,-1.270722508430481,9.470264434814453,3.90625,-18.61572265625,15.350341796875
8.792499900000001,-0.26096799969673157,-1.4083890914916992,9.605537414550781,9.429931640625,-5.0048828125,46.539306640625
8.7974999,0.656609833240509,-1.282094955444336,9.825803756713867,8.514404296875,4.69970703125,44.189453125
8.8024999,1.3180080652236938,0.01975216343998909,10.034099578857422,1.434326171875,-1.800537109375,18.6767578125
8.8074999,1.6813281774520874,-0.21547815203666687,9.834183692932129,9.918212890625,5.4931640625,2.3193359375
8.8124999,2.1080946922302246,-0.20769700407981873,9.865906715393066,16.7236328125,22.613525390625,-3.570556640625
8.8174999,-1.062427043914795,-0.31184476613998413,9.616311073303223,-10.040283203125,-4.058837890625,-37.2314453125
8.8224999,-1.9548656940460205,0.0005985504249110818,9.803657531738281,-2.288818359375,-8.270263671875,13.824462890625
8.827499900000001,-2.2170307636260986,-0.9977835416793823,9.328408241271973,-25.726318359375,-41.50390625,41.68701171875
8.8324999,-1.801636815071106,-0.872686505317688,9.67077922821045,-16.082763671875,-38.330078125,16.693115234375
8.837499900000001,-1.1480196714401245,-1.5723919868469238,9.261969566345215,5.157470703125,-14.312744140625,25.2685546875
8.8424999,0.10354922711849213,-1.5478514432907104,9.72285270690918,11.322021484375,-2.227783203125,50.750732421875
8.8474999,0.7457938194274902,-1.3796586990356445,9.733028411865234,6.683349609375,4.5166015625,43.243408203125
8.8524999,1.1318588256835938,-0.4273650050163269,9.941324234008789,3.875732421875,1.5869140625,33.69140625
8.8574999,2.251746654510498,-0.26336219906806946,9.837176322937012,17.303466796875,27.008056640625,-9.765625
8.8624999,2.6001031398773193,-0.5680243372917175,9.733028411865234,13.36669921875,34.576416015625,-28.289794921875
8.8674999,2.11946702003479,-0.11372458189725876,9.776124000549316,5.035400390625,31.3720703125,-29.35791015625
8.872499900000001,1.391629695892334,0.3196259140968323,9.713874816894531,0.30517578125,15.655517578125,-45.928955078125
8.8774999,0.27234044671058655,0.5752069354057312,9.782708168029785,-9.033203125,-3.997802734375,-55.7861328125
8.882499900000001,-0.6931213736534119,0.03651157766580582,9.593565940856934,-14.7705078125,-9.429931640625,-51.81884765625
8.8874999,-1.3646949529647827,-0.4770447015762329,9.504382133483887,-5.67626953125,-2.99072265625,-23.895263671875
8.8924999,-2.233790159225464,-0.3734954595565796,9.9000244140625,-5.950927734375,-15.350341796875,28.86962890625
8.8974999,-2.1368250846862793,-1.0133458375930786,9.408614158630371,-27.4658203125,-45.71533203125,35.430908203125
8.9024999,-1.7693150043487549,-0.9576807022094727,9.976638793945312,-8.697509765625,-31.036376953125,12.0849609375
8.9074999,-0.7811083197593689,-1.3204022645950317,9.488221168518066,5.79833984375,-12.39013671875,38.482666015625
8.9124999,1.3413515090942383,-0.25079262256622314,9.909601211547852,1.89208984375,-0.244140625,25.20751953125
8.917499900000001,1.4879963397979736,-0.10175357013940811,9.915586471557617,1.28173828125,-2.471923828125,3.814697265625
8.9224999,2.014122247695923,-0.2388216257095337,9.84615421295166,18.218994140625,18.49365234375,-5.950927734375
8.9274999,2.3295583724975586,-0.33937808871269226,9.81024169921875,16.326904296875,31.55517578125,-14.739990234375
8.9324999,2.2834699153900146,-0.517746090888977,9.759963035583496,10.223388671875,32.684326171875,-28.167724609375
8.9374999,1.7375918626785278,0.04010287672281265,9.797073364257812,3.143310546875,26.18408203125,-32.958984375
8.9424999,0.8529343605041504,0.37169981002807617,9.653421401977539,-1.129150390625,8.636474609375,-47.05810546875
8.9474999,-0.07302315533161163,0.4339490532875061,9.798869132995605,-12.054443359375,-7.415771484375,-54.01611328125
8.952499900000001,-0.8140285611152649,-0.19871874153614044,9.543886184692383,-12.725830078125,-7.171630859375,-44.0673828125
8.9574999,-1.4688427448272705,-0.48722004890441895,9.583989143371582,-2.777099609375,-3.60107421875,-10.284423828125
8.962499900000001,-0.5201402902603149,-1.0755951404571533,9.492411613464355,9.368896484375,-8.60595703125,45.440673828125
8.9674999,0.5363011956214905,-1.2461819648742676,9.748590469360352,9.33837890625,2.960205078125,45.41015625
8.9724999,0.9971849918365479,-0.6326677799224854,9.805453300476074,4.730224609375,4.5166015625,41.44287109375
8.9774999,1.335964560508728,0.02274491637945175,9.909601211547852,0.42724609375,-3.173828125,21.392822265625
8.9824999,1.5963339805603027,-0.08559270948171616,9.855731010437012,5.4931640625,0.54931640625,3.96728515625
8.9874999,2.057217836380005,-0.13347674906253815,9.799467086791992,18.890380859375,21.97265625,-3.204345703125
8.9924999,2.3912088871002197,-0.47884035110473633,9.816825866699219,11.962890625,29.388427734375,-21.05712890625
8.997499900000001,2.214038133621216,-0.43694180250167847,9.765350341796875,7.415771484375,30.82275390625,-27.862548828125
9.0024999,1.6208745241165161,-0.05686229094862938,9.903017044067383,2.227783203125,23.406982421875,-36.407470703125
9.007499900000001,0.727837324142456,0.3531447649002075,9.75278091430664,-2.50244140625,6.256103515625,-47.576904296875
9.0124999,-0.17896658182144165,0.2735375463962555,9.84256362915039,-13.3056640625,-7.965087890625,-52.581787109375
9.0174999,-2.1140801906585693,-0.8966285586357117,9.334393501281738,-22.796630859375,-35.5224609375,41.961669921875
9.0224999,-1.8710685968399048,-0.7116764783859253,9.551667213439941,-19.59228515625,-40.52734375,19.989013671875
9.0274999,-1.3820528984069824,-1.4826093912124634,9.393052101135254,4.180908203125,-17.02880859375,20.1416015625
9.0324999,-0.24420857429504395,-1.5909470319747925,9.730035781860352,9.6435546875,-7.720947265625,53.436279296875
9.0374999,0.5476736426353455,-1.4856021404266357,9.839570045471191,7.4462890625,3.23486328125,45.318603515625
9.042499900000001,1.2078747749328613,0.04369417950510979,10.026318550109863,1.15966796875,-2.655029296875,20.69091796875
9.0474999,1.7076643705368042,-0.16519992053508759,9.809642791748047,9.490966796875,5.279541015625,1.3427734375
9.0524999,2.1559786796569824,-0.2364274114370346,9.816825866699219,17.02880859375,23.834228515625,-7.8125
9.0574999,2.5917234420776367,-0.5674257874488831,9.725846290588379,15.045166015625,33.14208984375,-23.92578125
9.0624999,2.2649147510528564,-0.2932897210121155,9.73781681060791,6.988525390625,32.867431640625,-29.083251953125
9.0674999,0.5380968451499939,0.5919663906097412,9.761758804321289,-5.767822265625,0.18310546875,-54.443359375
9.0724999,-0.46806642413139343,0.2890998423099518,9.723451614379883,-14.70947265625,-10.345458984375,-53.863525390625
9.077499900000001,-1.1007342338562012,-0.262763649225235,9.577404975891113,-9.33837890625,-4.241943359375,-35.58349609375
9.0824999,-1.997362732887268,-0.016160860657691956,9.96945571899414,-6.04248046875,-10.894775390625,18.24951171875
9.087499900000001,-2.1068975925445557,-0.9540894031524658,9.334992408752441,-28.25927734375,-42.78564453125,40.34423828125
9.0924999,-1.731606364250183,-0.7870938181877136,9.895833969116211,-8.85009765625,-34.149169921875,13.824462890625
9.0974999,-0.9888052940368652,-1.4095861911773682,9.298480987548828,6.500244140625,-13.031005859375,31.43310546875
9.1024999,-0.9888052940368652,-1.4095861911773682,9.298480987548828,6.500244140625,-13.031005859375,31.43310546875
9.1074999,0.15083470940589905,-1.3880383968353271,9.712079048156738,8.758544921875,-3.90625,52.642822265625
9.1124999,0.707486629486084,-1.1773487329483032,9.68274974822998,6.89697265625,4.791259765625,42.755126953125
9.1174999,1.0217255353927612,-0.3489548861980438,9.90122127532959,5.462646484375,1.89208984375,34.149169921875
9.122499900000001,2.184709072113037,-0.181959331035614,9.734824180603027,3.265380859375,32.073974609375,-32.867431640625
9.1274999,1.4221558570861816,0.2735375463962555,9.62828254699707,-0.54931640625,14.129638671875,-47.4853515625
9.132499900000001,0.23283611238002777,0.5183446407318115,9.832986831665039,-10.101318359375,-5.43212890625,-57.92236328125
9.1374999,-0.7954735159873962,-0.08858546614646912,9.621099472045898,-15.777587890625,-10.101318359375,-50.59814453125
9.1424999,-1.4532804489135742,-0.29149407148361206,9.59596061706543,-6.378173828125,-2.86865234375,-23.773193359375
9.1474999,-2.339733600616455,-0.6242880821228027,9.75278091430664,-14.190673828125,-22.003173828125,32.16552734375
9.1524999,-2.0679917335510254,-1.1312602758407593,9.208099365234375,-29.1748046875,-44.5556640625,34.36279296875
9.1574999,-1.7256208658218384,-1.2970588207244873,9.70310115814209,1.678466796875,-25.7568359375,14.007568359375
9.1624999,-0.657806932926178,-1.40180504322052,9.3026704788208,7.293701171875,-12.481689453125,43.853759765625
9.167499900000001,1.183334231376648,0.043095629662275314,10.037092208862305,3.90625,-0.396728515625,27.89306640625
9.1724999,1.183334231376648,0.043095629662275314,10.037092208862305,3.90625,-0.396728515625,27.89306640625
9.1774999,1.4131776094436646,0.0867898091673851,9.983222961425781,3.11279296875,-0.18310546875,8.056640625
9.1824999,2.0404584407806396,-0.34835633635520935,9.949105262756348,16.204833984375,18.6767578125,-6.9580078125
9.1874999,2.538452386856079,-0.3693056106567383,9.824007987976074,20.56884765625,33.477783203125,-16.326904296875
9.1924999,2.5785553455352783,-0.6338648796081543,9.774927139282227,12.63427734375,38.14697265625,-30.792236328125
9.1974999,1.9967641830444336,-0.08918401598930359,9.797672271728516,0.1220703125,27.496337890625,-40.130615234375
9.202499900000001,-0.19812019169330597,0.547075092792511,9.803657531738281,-15.5029296875,-11.871337890625,-60.546875
9.2074999,-0.19812019169330597,0.547075092792511,9.803657531738281,-15.5029296875,-11.871337890625,-60.546875
9.212499900000001,-0.9953893423080444,-0.04967968538403511,9.541492462158203,-13.946533203125,-8.23974609375,-44.464111328125
9.2174999,-1.8602946996688843,0.39145198464393616,9.746196746826172,-4.364013671875,-4.57763671875,-0.579833984375
9.2224999,-2.3349452018737793,-0.7739257216453552,9.419986724853516,-24.810791015625,-35.70556640625,41.1376953125
9.2274999,-0.2777273952960968,-1.7286136150360107,9.603142738342285,7.568359375,-9.735107421875,50.262451171875
9.2324999,0.5321113467216492,-1.5747861862182617,9.75278091430664,7.843017578125,5.462646484375,44.5556640625
9.2374999,1.0594342947006226,-0.6117185354232788,9.976638793945312,7.14111328125,5.2490234375,37.933349609375
9.2424999,1.3114240169525146,0.3292027413845062,10.08078670501709,2.105712890625,-1.0986328125,20.32470703125
9.247499900000001,1.7974469661712646,-0.13407529890537262,9.753378868103027,8.23974609375,5.767822265625,-2.74658203125
9.2524999,2.279279947280884,-0.0802057534456253,9.9586820602417,18.951416015625,25.45166015625,-9.521484375
9.257499900000001,2.719813108444214,-0.6356605291366577,9.683947563171387,19.989013671875,39.093017578125,-24.505615234375
9.2624999,2.3235726356506348,-0.48063600063323975,9.807847023010254,7.2021484375,35.94970703125,-32.989501953125
9.2674999,1.5670050382614136,0.020949264988303185,9.727641105651855,-1.556396484375,17.76123046875,-49.468994140625
9.2724999,0.3926490843296051,0.6961141228675842,9.746794700622559,-9.033203125,-3.814697265625,-62.744140625
9.2774999,-0.6739677786827087,0.3058592677116394,9.627084732055664,-18.096923828125,-14.83154296875,-55.633544921875
9.2824999,-0.9157821536064148,-1.5556325912475586,9.319430351257324,8.880615234375,-15.106201171875,40.252685546875
9.2874999,0.2041056901216507,-1.6597803831100464,9.781511306762695,8.941650390625,-0.48828125,49.774169921875
9.292499900000001,0.8170213103294373,-1.015141487121582,9.722254753112793,7.50732421875,7.293701171875,47.18017578125
9.2974999,1.22642982006073,-0.12449848651885986,9.95329475402832,5.0048828125,2.471923828125,33.599853515625
9.3024999,1.413776159286499,0.09038111567497253,9.956287384033203,2.9296875,-0.42724609375,10.467529296875
9.3074999,2.036867141723633,-0.22266076505184174,9.895236015319824,15.380859375,15.899658203125,-6.195068359375
9.3124999,2.535459518432617,-0.2819172441959381,9.77253246307373,19.59228515625,31.982421875,-15.31982421875
9.3174999,2.673126220703125,-0.6027402877807617,9.741408348083496,13.97705078125,38.75732421875,-31.31103515625
9.3224999,2.1308395862579346,-0.090979665517807,9.719860076904297,2.197265625,30.2734375,-38.2080078125
9.327499900000001,-0.14185644686222076,0.6919242739677429,9.822811126708984,-16.41845703125,-12.908935546875,-62.1337890625
9.3324999,-1.036689281463623,-0.10474632680416107,9.50737476348877,-15.93017578125,-10.19287109375,-46.69189453125
9.337499900000001,-1.8932149410247803,0.06763619929552078,9.47265911102295,-2.166748046875,-2.838134765625,-3.35693359375
9.3424999,-2.5049335956573486,-0.8888474106788635,9.41639518737793,-19.22607421875,-33.38623046875,40.679931640625
9.3474999,-2.2218191623687744,-1.1581950187683105,9.153033256530762,-26.7333984375,-45.745849609375,30.029296875
9.3524999,-1.703474521636963,-1.7525556087493896,9.386467933654785,4.69970703125,-22.735595703125,21.209716796875
9.3574999,-0.41120412945747375,-1.746570110321045,9.580398559570312,10.3759765625,-9.033203125,49.98779296875
9.3624999,1.391629695892334,0.13527239859104156,10.130465507507324,2.25830078125,-0.8544921875,23.74267578125
9.3674999,1.8249802589416504,-0.02513911761343479,9.8970308303833,8.514404296875,3.875732421875,0.701904296875
9.372499900000001,2.276885747909546,-0.1538274586200714,9.898826599121094,16.998291015625,23.345947265625,-8.636474609375
9.3774999,1.6621745824813843,0.048482585698366165,9.744999885559082,0.274658203125,20.599365234375,-48.187255859375
9.382499900000001,0.4985924959182739,0.6841431260108948,9.743204116821289,-7.99560546875,-1.739501953125,-61.981201171875
9.3874999,-0.5871779918670654,0.36092591285705566,9.668384552001953,-17.730712890625,-14.0380859375,-56.640625
9.3924999,-1.3449428081512451,-0.30286651849746704,9.517550468444824,-9.552001953125,-4.302978515625,-32.65380859375
9.3974999,-2.183511972427368,-0.05267243832349777,9.947309494018555,-4.57763671875,-11.8408203125,23.01025390625
9.4024999,-2.253542423248291,-1.1007342338562012,9.30805778503418,-29.754638671875,-44.952392578125,40.46630859375
9.4074999,-1.8746598958969116,-1.1019313335418701,9.912593841552734,-10.07080078125,-35.64453125,17.608642578125
9.4124999,-1.0271124839782715,-1.4802151918411255,9.278130531311035,9.307861328125,-15.655517578125,37.17041015625
9.417499900000001,0.13168109953403473,-1.6585832834243774,9.71926212310791,10.009765625,-1.312255859375,51.26953125
9.4224999,0.7691373229026794,-1.1300631761550903,9.638457298278809,6.7138671875,6.89697265625,48.065185546875
9.4274999,1.4036006927490234,0.262763649225235,9.98681354522705,2.0751953125,-1.5869140625,11.932373046875
9.4324999,2.012925148010254,-0.12749123573303223,9.82640266418457,15.68603515625,14.404296875,-5.7373046875
9.4374999,2.473809003829956,-0.12629413604736328,9.872490882873535,18.096923828125,30.853271484375,-13.97705078125
9.4424999,2.6647465229034424,-0.5542576909065247,9.673771858215332,14.373779296875,37.933349609375,-28.778076171875
9.4474999,2.1529858112335205,-0.1586158573627472,9.749788284301758,3.90625,31.06689453125,-36.376953125
9.452499900000001,1.2066776752471924,0.29568392038345337,9.553462982177734,-2.25830078125,9.246826171875,-56.21337890625
9.4574999,-0.023343466222286224,0.6057330369949341,9.784503936767578,-14.16015625,-9.918212890625,-62.225341796875
9.462499900000001,-0.9582792520523071,-0.1215057373046875,9.557653427124023,-16.571044921875,-11.90185546875,-48.553466796875
9.4674999,-1.71245276927948,-0.40880993008613586,9.59476375579834,-3.570556640625,-3.265380859375,-9.796142578125
9.4724999,-2.477400302886963,-0.7894880175590515,9.785700798034668,-13.97705078125,-27.03857421875,37.90283203125
9.4774999,-2.2487540245056152,-1.4323312044143677,9.321226119995117,-30.731201171875,-48.27880859375,33.233642578125
9.4824999,-1.7579425573349,-1.6837223768234253,9.710882186889648,0.640869140625,-25.970458984375,15.80810546875
9.4874999,0.507570743560791,-1.6394295692443848,9.782708168029785,8.30078125,4.5166015625,49.591064453125
9.4924999,1.1432312726974487,-0.7158663272857666,9.922768592834473,6.2255859375,6.378173828125,45.22705078125
9.497499900000001,1.389235496520996,0.12689268589019775,9.975440979003906,2.532958984375,-0.885009765625,25.93994140625
9.5024999,1.7525556087493896,0.11791443079710007,9.898826599121094,6.500244140625,1.8310546875,3.662109375
9.507499900000001,2.203263998031616,-0.1041477769613266,9.791088104248047,16.78466796875,22.15576171875,-7.6904296875
9.5124999,2.627037763595581,-0.4339490532875061,9.795876502990723,16.29638671875,34.60693359375,-21.270751953125
9.5174999,2.455253839492798,-0.44532153010368347,9.724050521850586,10.92529296875,35.858154296875,-29.083251953125
9.5224999,1.7764976024627686,-0.10115502029657364,9.843161582946777,0.946044921875,23.8037109375,-44.647216796875
9.5274999,0.7314286231994629,0.5291185975074768,9.731831550598145,-5.67626953125,2.01416015625,-58.77685546875
9.5324999,-0.375291109085083,0.35015198588371277,9.808445930480957,-16.05224609375,-11.810302734375,-58.929443359375
9.5374999,-1.1121066808700562,-0.3513490855693817,9.545681953430176,-11.199951171875,-6.805419921875,-39.154052734375
9.542499900000001,-1.974617838859558,0.0999579206109047,9.740211486816406,-0.946044921875,-6.103515625,12.115478515625
9.5474999,-1.9740192890167236,-0.9600749015808105,9.674968719482422,-18.9208984375,-41.290283203125,20.538330078125
9.5524999,-1.3682862520217896,-1.7573440074920654,9.347561836242676,7.2021484375,-17.730712890625,28.045654296875
9.5574999,-0.08559270948171616,-1.86508309841156,9.818621635437012,11.04736328125,-3.7841796875,51.116943359375
9.5624999,0.6470330357551575,-1.5065513849258423,9.804854393005371,6.805419921875,6.622314453125,47.4853515625
9.5674999,1.1982979774475098,-0.5758054852485657,10.011354446411133,4.364013671875,3.631591796875,36.102294921875
9.5724999,1.40180504322052,0.05147533491253853,10.071807861328125,0.518798828125,-3.692626953125,14.22119140625
9.577499900000001,1.9704279899597168,-0.13766659796237946,9.875483512878418,14.434814453125,11.138916015625,-5.035400390625
9.5824999,2.3582887649536133,-0.20530278980731964,9.841365814208984,17.242431640625,28.533935546875,-10.55908203125
9.587499900000001,2.699462413787842,-0.4794389009475708,9.806051254272461,14.129638671875,35.797119140625,-26.031494140625
9.5924999,2.1553800106048584,-0.08978256583213806,9.702502250671387,6.011962890625,31.1279296875,-32.40966796875
9.5974999,1.3281834125518799,0.22864626348018646,9.677363395690918,-0.701904296875,14.068603515625,-48.370361328125
9.6024999,0.2059013396501541,0.6458359360694885,9.713275909423828,-9.246826171875,-3.814697265625,-58.258056640625
9.6074999,-1.4245500564575195,-0.45489832758903503,9.49121379852295,-4.974365234375,-3.2958984375,-23.529052734375
9.6124999,-2.31758713722229,-0.2902969419956207,9.894038200378418,-3.84521484375,-13.397216796875,27.64892578125
9.6174999,-2.2212207317352295,-1.113303780555725,9.297882080078125,-31.55517578125,-49.8046875,39.85595703125
9.622499900000001,-1.8590975999832153,-1.1174936294555664,9.88625717163086,-11.1083984375,-35.64453125,13.275146484375
9.6274999,-0.8924387097358704,-1.4730325937271118,9.283516883850098,10.223388671875,-12.02392578125,37.17041015625
9.632499900000001,0.22445641458034515,-1.5286977291107178,9.715071678161621,12.75634765625,3.936767578125,54.168701171875
9.6374999,0.8152256608009338,-0.9552865028381348,9.664793968200684,1.861572265625,2.38037109375,47.332763671875
9.6424999,1.2437877655029297,-0.09277531504631042,9.922170639038086,1.8310546875,-1.312255859375,31.280517578125
9.6474999,1.4862006902694702,0.07122749835252762,9.980229377746582,2.86865234375,-1.708984375,9.58251953125
9.6524999,2.058414936065674,-0.228047713637352,9.909601211547852,18.463134765625,18.096923828125,-3.570556640625
9.6574999,2.4366986751556396,-0.3130418658256531,9.854534149169922,15.13671875,28.778076171875,-13.580322265625
9.6624999,2.4133553504943848,-0.5033808946609497,9.766547203063965,8.11767578125,30.181884765625,-28.228759765625
9.667499900000001,0.9929951429367065,0.30945056676864624,9.615114212036133,0.18310546875,11.566162109375,-42.755126953125
9.6724999,0.0628477931022644,0.3603273630142212,9.795876502990723,-10.345458984375,-3.936767578125,-50.201416015625
9.6774999,-0.7523778676986694,-0.20530278980731964,9.493608474731445,-11.871337890625,-5.340576171875,-44.586181640625
9.6824999,-1.3449428081512451,-0.48961424827575684,9.554061889648438,-4.302978515625,-5.340576171875,-19.073486328125
9.6874999,-2.1942858695983887,-0.4213795065879822,9.633070945739746,-11.383056640625,-23.162841796875,32.867431640625
9.6924999,-1.913565754890442,-0.718859076499939,9.334393501281738,-26.18408203125,-44.158935546875,28.900146484375
9.6974999,-1.5711948871612549,-0.7613561153411865,9.696516990661621,-4.730224609375,-24.84130859375,11.16943359375
9.702499900000001,-0.46567222476005554,-0.8451532125473022,9.459490776062012,7.598876953125,-10.986328125,43.914794921875
9.7074999,0.49799394607543945,-1.1306617259979248,9.725247383117676,8.23974609375,0.3662109375,46.5087890625
9.712499900000001,0.9115923047065735,-0.6925228238105774,9.765948295593262,5.615234375,5.584716796875,38.14697265625
9.7174999,1.256955862045288,-0.09217676520347595,9.921571731567383,0.8544921875,-3.936767578125,22.430419921875
9.7224999,1.3976151943206787,-0.090979665517807,9.923367500305176,2.655029296875,-0.18310546875,6.8359375
9.7274999,-0.046088382601737976,0.40222588181495667,9.82640266418457,-9.246826171875,-3.60107421875,-49.102783203125
9.7324999,-0.7182605266571045,-0.18614917993545532,9.545083999633789,-10.7421875,-4.547119140625,-47.576904296875
9.7374999,-1.3557167053222656,-0.47644615173339844,9.545083999633789,-4.21142578125,-4.8828125,-15.350341796875
9.7424999,-2.0685901641845703,-0.6817489266395569,9.509170532226562,-12.75634765625,-24.0478515625,35.0341796875
9.747499900000001,-1.8315643072128296,-0.7733271718025208,9.412205696105957,-22.735595703125,-41.900634765625,25.543212890625
9.7524999,-1.5280991792678833,-0.8960300087928772,9.62828254699707,-4.82177734375,-22.27783203125,11.41357421875
9.757499900000001,-0.42856210470199585,-0.8086416125297546,9.613917350769043,4.57763671875,-11.871337890625,44.25048828125
9.7624999,1.8944120407104492,-0.5009866952896118,9.771934509277344,14.251708984375,14.83154296875,-11.505126953125
9.7674999,2.1954829692840576,-0.42437225580215454,9.8599214553833,18.646240234375,29.937744140625,-13.12255859375
9.7724999,2.204461097717285,-0.7110779285430908,9.630077362060547,11.90185546875,32.04345703125,-23.37646484375
9.7774999,1.6298527717590332,-0.1322796493768692,9.840767860412598,-0.396728515625,23.834228515625,-32.1044921875
9.7824999,0.8080430626869202,0.36750996112823486,9.672574996948242,-1.953125,10.589599609375,-41.9921875
9.7874999,-0.053270988166332245,0.43754035234451294,9.84376049041748,-8.209228515625,-3.35693359375,-48.248291015625
9.792499900000001,-0.7056909799575806,-0.20769700407981873,9.618106842041016,-11.016845703125,-5.67626953125,-44.189453125
9.7974999,-1.2886791229248047,-0.48722004890441895,9.59177017211914,-3.0517578125,-3.0517578125,-9.82666015625
9.8024999,0.4357447028160095,-1.1019313335418701,9.86770248413086,8.392333984375,-0.91552734375,43.0908203125
9.8074999,0.8750807046890259,-0.586579442024231,9.905410766601562,6.622314453125,6.744384765625,34.881591796875
9.8124999,1.2198457717895508,0.02513911761343479,10.005967140197754,1.708984375,-2.0751953125,20.538330078125
9.8174999,1.4371196031570435,0.17058686912059784,9.993996620178223,0.732421875,-0.91552734375,1.312255859375
9.8224999,1.9602526426315308,-0.3345896899700165,9.812037467956543,15.380859375,16.41845703125,-10.6201171875
9.827499900000001,2.2607250213623047,-0.272938996553421,9.828198432922363,17.974853515625,30.76171875,-13.916015625
9.8324999,2.1793220043182373,-0.6590040326118469,9.680954933166504,10.68115234375,31.3720703125,-25.543212890625
9.837499900000001,1.5897499322891235,-0.07960720360279083,9.817423820495605,0.152587890625,23.406982421875,-32.65380859375
9.8424999,0.7260416746139526,0.3321954905986786,9.707889556884766,-2.44140625,8.575439453125,-44.036865234375
9.8474999,-2.0254945755004883,-0.7332242727279663,9.449316024780273,-18.06640625,-27.7099609375,35.614013671875
9.8524999,-1.7292121648788452,-0.778714120388031,9.275136947631836,-23.040771484375,-40.34423828125,23.651123046875
9.8574999,-1.456871747970581,-1.371279001235962,9.498994827270508,2.3193359375,-20.01953125,15.838623046875
9.8624999,-0.3214215636253357,-1.3886369466781616,9.594164848327637,7.110595703125,-12.054443359375,49.01123046875
9.8674999,0.436343252658844,-1.4359225034713745,9.901819229125977,7.50732421875,0.030517578125,44.7998046875
9.872499900000001,0.8643068075180054,-0.6434416770935059,10.022727012634277,6.40869140625,5.523681640625,37.04833984375
9.8774999,1.1701661348342896,0.09397241473197937,10.097545623779297,2.410888671875,-1.617431640625,23.468017578125
9.882499900000001,1.4496891498565674,0.010175357572734356,10.005369186401367,2.50244140625,-0.18310546875,1.708984375
9.8874999,2.0829553604125977,-0.39863458275794983,9.91977596282959,16.2353515625,19.134521484375,-11.138916015625
9.8924999,2.4420857429504395,-0.44532153010368347,9.785101890563965,20.44677734375,34.515380859375,-15.960693359375
9.8974999,1.7220295667648315,0.030526071786880493,9.731831550598145,-0.457763671875,23.98681640625,-39.0625
9.9024999,0.760757565498352,0.5452794432640076,9.640253067016602,-4.119873046875,4.486083984375,-51.177978515625
9.9074999,-0.2472013235092163,0.4638765752315521,9.75517463684082,-11.810302734375,-7.720947265625,-54.0771484375
9.9124999,-0.8882488012313843,-0.25737667083740234,9.588777542114258,-11.16943359375,-5.4931640625,-43.060302734375
9.917499900000001,-1.6741455793380737,0.11133038252592087,9.62828254699707,-2.86865234375,-4.5166015625,1.068115234375
9.9224999,-2.139817714691162,-0.9253589510917664,9.394248962402344,-21.8505859375,-32.65380859375,38.116455078125
9.9274999,-1.9698294401168823,-0.7972691655158997,9.53969669342041,-19.8974609375,-40.924072265625,22.4609375
9.9324999,-1.4873977899551392,-1.6454150676727295,9.440936088562012,3.326416015625,-18.829345703125,20.81298828125
9.9374999,-0.3345896899700165,-1.6496049165725708,9.780313491821289,8.6669921875,-9.613037109375,52.30712890625
9.9424999,0.5219359993934631,-1.5693992376327515,9.88745403289795,6.683349609375,2.655029296875,43.853759765625
9.9474999,1.0552444458007812,-0.6332663297653198,10.033500671386719,5.889892578125,5.126953125,35.308837890625
9.952499900000001,1.3048399686813354,0.15442600846290588,9.99100399017334,1.007080078125,-2.716064453125,18.61572265625
9.9574999,2.4678235054016113,-0.5237316489219666,9.726444244384766,18.341064453125,35.15625,-18.9208984375
9.962499900000001,2.1709423065185547,-0.4183867573738098,9.768941879272461,7.87353515625,32.257080078125,-27.801513671875
9.9674999,1.4269442558288574,0.16579847037792206,9.82759952545166,-2.166748046875,19.34814453125,-43.701171875
9.9724999,0.43335050344467163,0.6470330357551575,9.749189376831055,-6.16455078125,0.67138671875,-53.16162109375
9.9774999,-0.4710591733455658,0.39384618401527405,9.770736694335938,-12.908935546875,-8.72802734375,-53.22265625
9.9824999,-1.0755951404571533,-0.35075053572654724,9.543886184692383,-9.857177734375,-4.7607421875,-35.491943359375
9.9874999,-1.8327614068984985,-0.1173158809542656,9.93593692779541,-5.0048828125,-8.36181640625,15.13671875
9.9924999,-2.0242974758148193,-1.0755951404571533,9.367314338684082,-27.740478515625,-39.825439453125,38.818359375
9.997499900000001,-1.7118542194366455,-0.9026140570640564,9.90361499786377,-11.932373046875,-36.346435546875,17.486572265625
10.0024999,0.03411737456917763,-1.4520833492279053,9.749788284301758,8.880615234375,-7.354736328125,53.64990234375
10.007499900000001,1.0372878313064575,-0.3878606855869293,9.896432876586914,5.9814453125,4.57763671875,35.003662109375
10.0124999,1.2300211191177368,0.20470423996448517,9.988609313964844,0.6103515625,-2.74658203125,16.6015625
10.0174999,1.8058266639709473,-0.24899697303771973,9.715670585632324,9.46044921875,6.8359375,-6.7138671875
10.0224999,2.2691047191619873,-0.314238965511322,9.871891975402832,18.951416015625,27.2216796875,-12.63427734375
10.0274999,2.6384103298187256,-0.6344634294509888,9.719860076904297,17.059326171875,36.834716796875,-21.91162109375
10.0324999,2.163759708404541,-0.28730419278144836,9.805453300476074,4.791259765625,31.341552734375,-31.890869140625
10.0374999,1.337161660194397,0.2992752194404602,9.79408073425293,-3.204345703125,13.97705078125,-49.86572265625
10.042499900000001,0.2124854028224945,0.7344213724136353,9.80904483795166,-8.941650390625,-3.814697265625,-56.884765625
10.0474999,-0.7080851793289185,0.25917232036590576,9.68574333190918,-13.7939453125,-8.9111328125,-52.032470703125
10.0524999,-1.3551181554794312,-0.27234044671058655,9.596558570861816,-6.988525390625,-3.448486328125,-24.627685546875
10.0574999,-2.123656988143921,-0.38965633511543274,9.875483512878418,-10.7421875,-16.937255859375,28.228759765625
10.0624999,-2.009932279586792,-1.138442873954773,9.334992408752441,-29.96826171875,-44.43359375,35.7666015625
10.0674999,0.7374141216278076,-0.8684966564178467,9.730035781860352,7.171630859375,6.744384765625,43.8232421875
10.0724999,1.0690110921859741,-0.10714052617549896,9.932345390319824,4.913330078125,1.77001953125,32.135009765625
10.077499900000001,1.301847219467163,0.3196259140968323,10.078990936279297,0.701904296875,-1.983642578125,11.8408203125
10.0824999,2.3983914852142334,-0.26396074891090393,9.898826599121094,19.95849609375,31.341552734375,-13.580322265625
10.087499900000001,2.606088638305664,-0.628477931022644,9.64803409576416,14.95361328125,36.865234375,-25.32958984375
10.0924999,1.997362732887268,-0.23942017555236816,9.73781681060791,0.48828125,27.862548828125,-38.421630859375
10.0974999,1.0540473461151123,0.3866635859012604,9.620500564575195,-3.84521484375,7.87353515625,-53.52783203125
10.1024999,-0.08499415963888168,0.5716156363487244,9.837775230407715,-12.14599609375,-7.843017578125,-58.04443359375
10.1074999,-0.8702923059463501,-0.18974047899246216,9.581595420837402,-13.458251953125,-7.9345703125,-47.088623046875
10.1124999,-1.591545581817627,-0.1825578808784485,9.668983459472656,-2.716064453125,-2.716064453125,-8.7890625
10.1174999,-2.229600429534912,-0.8786720037460327,9.583391189575195,-16.815185546875,-29.11376953125,39.398193359375
10.122499900000001,-1.9632453918457031,-1.0606313943862915,9.368511199951172,-26.275634765625,-45.41015625,29.11376953125
10.1274999,-1.601720929145813,-1.5263035297393799,9.5223388671875,1.983642578125,-22.064208984375,15.19775390625
10.132499900000001,-0.4423287510871887,-1.4598644971847534,9.48882007598877,8.819580078125,-10.528564453125,50.262451171875
10.1374999,0.4423287510871887,-1.4550760984420776,9.773730278015137,7.38525390625,1.89208984375,47.821044921875
10.1424999,0.9355342984199524,-0.6057330369949341,9.929352760314941,6.988525390625,6.378173828125,41.961669921875
10.1474999,1.217451572418213,0.2017114907503128,10.019734382629395,2.0751953125,-2.50244140625,25.970458984375
10.1524999,1.5418659448623657,0.18914192914962769,9.949105262756348,4.21142578125,0.823974609375,4.21142578125
10.1574999,2.0937294960021973,-0.2214636504650116,9.841964721679688,16.29638671875,20.477294921875,-9.002685546875
10.1624999,2.4863784313201904,-0.3669114112854004,9.813234329223633,17.120361328125,32.28759765625,-17.76123046875
10.167499900000001,2.337938070297241,-0.5446808934211731,9.730035781860352,9.765625,32.379150390625,-28.25927734375
10.1724999,0.7128735780715942,0.5626373887062073,9.734225273132324,-4.638671875,4.425048828125,-51.26953125
10.1774999,-0.2998737692832947,0.375291109085083,9.840767860412598,-12.908935546875,-7.9345703125,-54.595947265625
10.1824999,-0.9289502501487732,-0.3166331648826599,9.55705451965332,-10.55908203125,-4.33349609375,-41.595458984375
10.1874999,-1.7944542169570923,-0.1280897855758667,9.670180320739746,-1.922607421875,-5.950927734375,8.636474609375
10.1924999,-2.0470423698425293,-0.8182184100151062,9.24940013885498,-21.881103515625,-38.726806640625,42.96875
10.1974999,-1.765723705291748,-0.6727706789970398,9.535507202148438,-17.4560546875,-37.90283203125,17.425537109375
10.202499900000001,-1.1186907291412354,-1.0450690984725952,9.303269386291504,0.67138671875,-15.31982421875,23.5595703125
10.2074999,0.06763619929552078,-1.1671733856201172,9.679159164428711,6.77490234375,-10.55908203125,50.84228515625
10.212499900000001,0.7164648771286011,-1.2288240194320679,9.726444244384766,9.521484375,6.500244140625,40.95458984375
10.2174999,1.0732009410858154,-0.6135141849517822,9.900622367858887,6.7138671875,4.638671875,30.21240234375
10.2224999,1.1917139291763306,-0.033518824726343155,9.927556991577148,0.701904296875,-3.173828125,15.533447265625
10.2274999,1.6238672733306885,-0.3669114112854004,9.800664901733398,7.537841796875,5.37109375,-5.859375
10.2324999,2.3552958965301514,-0.6045359373092651,9.743802070617676,17.730712890625,35.2783203125,-18.1884765625
10.2374999,1.9889830350875854,-0.32860419154167175,9.831191062927246,3.997802734375,28.350830078125,-29.60205078125
10.2424999,0.3411737382411957,0.7374141216278076,9.848548889160156,-5.92041015625,1.46484375,-50.811767578125
10.247499900000001,-0.4207809567451477,0.23104046285152435,9.75517463684082,-11.566162109375,-6.622314453125,-50.994873046875
10.2524999,-1.0319008827209473,-0.38965633511543274,9.627683639526367,-6.500244140625,-1.861572265625,-32.501220703125
10.257499900000001,-1.7794904708862305,-0.4040215313434601,9.90241813659668,-4.547119140625,-11.383056640625,21.759033203125
10.2624999,-1.923741102218628,-0.889445960521698,9.431957244873047,-24.566650390625,-43.212890625,38.330078125
10.2674999,-1.6717513799667358,-0.7841010689735413,9.847352027893066,-11.962890625,-32.012939453125,12.725830078125
10.2724999,-0.8918401598930359,-0.9355342984199524,9.424775123596191,2.471923828125,-13.61083984375,31.92138671875
10.2774999,0.16879121959209442,-1.1174936294555664,9.668983459472656,7.781982421875,-7.354736328125,47.943115234375
10.2824999,0.690727174282074,-0.9205705523490906,9.635464668273926,8.270263671875,6.988525390625,38.238525390625
10.2874999,1.2288240194320679,-0.06165069341659546,9.879075050354004,-0.396728515625,-3.47900390625,10.772705078125
10.292499900000001,1.7747019529342651,-0.48722004890441895,9.764751434326172,11.8408203125,9.70458984375,-8.97216796875
10.2974999,2.162562608718872,-0.36092591285705566,9.849745750427246,19.47021484375,27.28271484375,-11.077880859375
10.3024999,2.3529016971588135,-0.6206967830657959,9.778518676757812,12.176513671875,31.951904296875,-21.484375
10.3074999,1.765723705291748,-0.11851298063993454,9.820416450500488,0.18310546875,22.918701171875,-28.86962890625
10.3124999,1.0217255353927612,0.3711012601852417,9.769539833068848,-1.40380859375,12.786865234375,-40.22216796875
10.3174999,0.07661445438861847,0.5662286877632141,9.829395294189453,-6.34765625,0.335693359375,-44.708251953125
10.3224999,-0.5626373887062073,0.016160860657691956,9.640851974487305,-10.772705078125,-4.08935546875,-45.013427734375
10.327499900000001,-0.5626373887062073,0.016160860657691956,9.640851974487305,-10.772705078125,-4.08935546875,-45.013427734375
10.3324999,-1.1210849285125732,-0.5099649429321289,9.607931137084961,-5.2490234375,-1.861572265625,-24.322509765625
10.337499900000001,-1.7735048532485962,-0.4207809567451477,9.77133560180664,-8.30078125,-17.51708984375,28.961181640625
10.3424999,-1.7304092645645142,-0.7930793166160583,9.3828763961792,-23.74267578125,-41.56494140625,32.562255859375
10.3474999,0.34416648745536804,-1.0085574388504028,9.64923095703125,7.75146484375,-7.01904296875,45.41015625
10.3524999,0.34416648745536804,-1.0085574388504028,9.64923095703125,7.75146484375,-7.01904296875,45.41015625
10.3574999,0.7601590156555176,-0.889445960521698,9.643245697021484,8.72802734375,7.01904296875,34.515380859375
10.3624999,1.0259153842926025,-0.345363587141037,9.832986831665039,4.2724609375,0.946044921875,24.383544921875
10.3674999,1.1761516332626343,-0.11372458189725876,9.895236015319824,-0.885009765625,-2.5634765625,8.23974609375
10.372499900000001,1.766920804977417,-0.5321113467216492,9.773131370544434,11.65771484375,10.25390625,-12.237548828125
10.3774999,2.140416383743286,-0.40282443165779114,9.87967300415039,21.148681640625,29.815673828125,-12.969970703125
10.382499900000001,2.3133974075317383,-0.5895721912384033,9.718663215637207,12.359619140625,33.203125,-19.989013671875
10.3874999,1.6843209266662598,-0.07182604819536209,9.853935241699219,-0.79345703125,21.91162109375,-30.45654296875
10.3924999,0.9319429993629456,0.5129576921463013,9.761758804321289,-2.716064453125,10.3759765625,-42.999267578125
10.3974999,0.008379706181585789,0.4273650050163269,9.840168952941895,-6.744384765625,-0.457763671875,-45.59326171875
10.4024999,-1.7244237661361694,-0.6440402865409851,9.510966300964355,-23.01025390625,-40.34423828125,28.228759765625
10.4074999,-1.5053542852401733,-0.5638344883918762,9.82999324798584,-5.584716796875,-23.0712890625,11.3525390625
10.4124999,-0.5506663918495178,-0.7535749673843384,9.576807022094727,3.387451171875,-12.8173828125,39.9169921875
10.417499900000001,0.28311434388160706,-0.9427168965339661,9.847352027893066,10.498046875,-4.302978515625,49.6826171875
10.4224999,0.7595604658126831,-0.8068459630012512,9.801262855529785,5.523681640625,4.82177734375,33.38623046875
10.4274999,1.083974838256836,-0.2148796021938324,9.97364616394043,2.01416015625,-0.152587890625,21.514892578125
10.4324999,1.2994530200958252,-0.11552023142576218,9.947309494018555,-1.007080078125,-1.922607421875,4.39453125
10.4374999,1.946485996246338,-0.5219359993934631,9.759963035583496,14.007568359375,13.641357421875,-14.434814453125
10.4424999,2.16495680809021,-0.4489128291606903,9.851541519165039,20.721435546875,30.6396484375,-13.48876953125
10.4474999,2.2158336639404297,-0.6003460884094238,9.666589736938477,10.101318359375,30.029296875,-18.463134765625
10.452499900000001,1.5173252820968628,0.047884032130241394,9.870096206665039,-2.166748046875,18.096923828125,-29.9072265625
10.4574999,-1.0426748991012573,-0.6745663285255432,9.592369079589844,-4.57763671875,-2.471923828125,-19.073486328125
10.462499900000001,-1.0426748991012573,-0.6745663285255432,9.592369079589844,-4.57763671875,-2.471923828125,-19.073486328125
10.4674999,-1.6657658815383911,-0.6266822814941406,9.718064308166504,-10.43701171875,-19.256591796875,30.548095703125
10.4724999,-1.6525976657867432,-0.8301894664764404,9.481039047241211,-22.4609375,-39.55078125,29.693603515625
10.4774999,-1.436521053314209,-0.646434485912323,9.813234329223633,-6.317138671875,-23.712158203125,9.765625
10.4824999,0.27473464608192444,-0.9498994946479797,9.800065994262695,9.1552734375,-5.828857421875,47.149658203125
10.4874999,0.7206547260284424,-0.750582218170166,9.758766174316406,6.866455078125,5.462646484375,30.517578125
10.4924999,1.0887632369995117,-0.21667525172233582,9.90361499786377,2.86865234375,0.79345703125,20.01953125
10.497499900000001,1.3072341680526733,-0.11432313174009323,9.913191795349121,-1.220703125,-1.89208984375,4.33349609375
10.5024999,1.9189527034759521,-0.4836287498474121,9.774927139282227,13.3056640625,12.542724609375,-13.97705078125
10.507499900000001,2.1697452068328857,-0.6171054840087891,9.773730278015137,10.162353515625,29.876708984375,-18.798828125
10.5124999,2.1697452068328857,-0.6171054840087891,9.773730278015137,10.162353515625,29.876708984375,-18.798828125
10.5174999,1.533486247062683,0.031124621629714966,9.889848709106445,-0.762939453125,18.829345703125,-28.4423828125
10.5224999,0.7769184708595276,0.41120412945747375,9.830592155456543,-2.227783203125,10.31494140625,-40.4052734375
10.5274999,-0.020350715145468712,0.46986207365989685,9.828198432922363,-5.67626953125,1.03759765625,-41.168212890625
10.5324999,-0.5363011956214905,-0.10474632680416107,9.62947940826416,-9.552001953125,-2.9296875,-43.0908203125
10.5374999,-1.0247182846069336,-0.6290764808654785,9.563638687133789,-5.096435546875,-2.99072265625,-19.775390625
10.542499900000001,-1.657984733581543,-0.52552729845047,9.747992515563965,-8.941650390625,-17.63916015625,29.388427734375
10.5474999,-1.6585832834243774,-0.8373720645904541,9.423578262329102,-22.94921875,-39.703369140625,31.18896484375
10.5524999,-1.4383167028427124,-0.618302583694458,9.815628051757812,-7.26318359375,-24.627685546875,8.758544921875
10.5574999,-0.6374561786651611,-0.8068459630012512,9.505578994750977,3.204345703125,-12.63427734375,38.299560546875
10.5624999,0.2472013235092163,-0.9971849918365479,9.750386238098145,8.23974609375,-6.866455078125,47.821044921875
10.5674999,2.1577742099761963,-0.4129997789859772,9.8970308303833,20.32470703125,29.876708984375,-13.824462890625
10.5724999,2.203263998031616,-0.6733692288398743,9.802460670471191,11.505126953125,30.82275390625,-17.608642578125
10.577499900000001,1.5831658840179443,-0.023343466222286224,9.86351203918457,-0.30517578125,19.378662109375,-29.327392578125
10.5824999,0.811634361743927,0.3884592354297638,9.797672271728516,-2.8076171875,10.1318359375,-41.778564453125
10.587499900000001,0.026336219161748886,0.5446808934211731,9.782109260559082,-5.4931640625,1.0986328125,-42.266845703125
10.5924999,-0.5225345492362976,-0.05147533491253853,9.605537414550781,-9.94873046875,-3.173828125,-44.342041015625
10.5974999,-0.9917980432510376,-0.6015431880950928,9.530718803405762,-5.096435546875,-2.74658203125,-21.3623046875
10.6024999,-1.6531962156295776,-0.5464765429496765,9.7605619430542,-7.87353515625,-16.11328125,28.50341796875
10.6074999,-1.6891093254089355,-0.9379284977912903,9.408015251159668,-23.25439453125,-40.069580078125,32.89794921875
10.6124999,-0.71766197681427,-0.9415197968482971,9.50857162475586,2.899169921875,-12.6953125,36.92626953125
10.6174999,0.22026655077934265,-1.0492589473724365,9.761758804321289,7.87353515625,-7.080078125,46.539306640625
10.622499900000001,0.6661866307258606,-0.882861852645874,9.75278091430664,7.62939453125,5.767822265625,32.8369140625
10.6274999,1.049857497215271,-0.3058592677116394,9.871294021606445,4.302978515625,2.044677734375,23.590087890625
10.632499900000001,1.260547161102295,-0.13587094843387604,9.931747436523438,-0.518798828125,-2.349853515625,7.843017578125
10.6374999,1.8429367542266846,-0.5129576921463013,9.797073364257812,12.451171875,11.749267578125,-11.71875
10.6424999,2.139219284057617,-0.46507367491722107,9.861717224121094,17.4560546875,27.679443359375,-13.18359375
10.6474999,2.3038206100463867,-0.6853402256965637,9.774927139282227,13.671875,31.707763671875,-20.660400390625
10.6524999,1.7142484188079834,-0.08978256583213806,9.82640266418457,2.044677734375,23.162841796875,-29.296875
10.6574999,0.9678560495376587,0.3800795078277588,9.747992515563965,-2.349853515625,11.04736328125,-42.755126953125
10.6624999,0.07003039866685867,0.6200982332229614,9.786897659301758,-7.080078125,-1.15966796875,-45.867919921875
10.667499900000001,-0.639850378036499,0.05506663769483566,9.59476375579834,-11.77978515625,-5.462646484375,-44.61669921875
10.6724999,-1.7741034030914307,-1.07379949092865,9.378686904907227,-24.505615234375,-41.19873046875,33.905029296875
10.6774999,-1.4724340438842773,-0.8936358094215393,9.815628051757812,-5.9814453125,-25.69580078125,8.941650390625
10.6824999,-0.6811503767967224,-1.1390414237976074,9.46727180480957,3.5400390625,-12.6953125,37.445068359375
10.6874999,0.26396074891090393,-1.1839327812194824,9.73542308807373,7.720947265625,-5.523681640625,46.5087890625
10.6924999,0.6787561774253845,-0.9253589510917664,9.744999885559082,7.965087890625,5.9814453125,36.43798828125
10.6974999,1.0157400369644165,-0.2992752194404602,9.882067680358887,4.547119140625,1.708984375,27.52685546875
10.702499900000001,1.2360066175460815,0.09277531504631042,10.017339706420898,0.396728515625,-1.8310546875,9.82666015625
10.7074999,1.867477297782898,-0.4770447015762329,9.788095474243164,13.00048828125,12.75634765625,-10.162353515625
10.712499900000001,2.2409727573394775,-0.24121582508087158,9.891644477844238,19.500732421875,29.327392578125,-11.41357421875
10.7174999,2.456450939178467,-0.6135141849517822,9.71926212310791,12.908935546875,33.050537109375,-24.139404296875
10.7224999,-0.7158663272857666,-0.0867898091673851,9.576807022094727,-12.939453125,-6.072998046875,-46.08154296875
10.7274999,-1.2826935052871704,-0.3190273642539978,9.619902610778809,-5.340576171875,-2.8076171875,-17.822265625
10.7324999,-2.0027496814727783,-0.6482301354408264,9.713874816894531,-15.533447265625,-22.674560546875,33.843994140625
10.7374999,-1.8177976608276367,-1.1336544752120972,9.215282440185547,-29.266357421875,-42.083740234375,32.16552734375
10.7424999,-1.523909330368042,-1.2108675241470337,9.710283279418945,3.387451171875,-22.857666015625,13.12255859375
10.747499900000001,-0.5776011347770691,-1.3491326570510864,9.278728485107422,6.04248046875,-12.542724609375,40.679931640625
10.7524999,0.26096799969673157,-1.2773065567016602,9.769539833068848,7.904052734375,-2.01416015625,44.586181640625
10.757499900000001,0.7140706777572632,-0.706289529800415,9.856928825378418,7.843017578125,5.2490234375,37.445068359375
10.7624999,0.9810241460800171,0.07062894850969315,10.068216323852539,4.82177734375,1.373291015625,30.426025390625
10.7674999,1.2395979166030884,0.06643909960985184,10.02571964263916,1.922607421875,0.18310546875,10.650634765625
10.7724999,1.9387048482894897,-0.36571431159973145,9.946112632751465,14.892578125,15.350341796875,-9.521484375
10.7774999,1.9261353015899658,-0.076015904545784,9.714473724365234,-1.03759765625,25.20751953125,-38.665771484375
10.7824999,0.9959878921508789,0.5530605912208557,9.612719535827637,-3.692626953125,5.37109375,-52.337646484375
10.7874999,-0.13587094843387604,0.578798234462738,9.85034465789795,-13.824462890625,-10.040283203125,-54.931640625
10.792499900000001,-0.9702502489089966,-0.18136078119277954,9.504382133483887,-12.939453125,-5.828857421875,-40.771484375
10.7974999,-1.6095020771026611,0.24839842319488525,9.616311073303223,-2.86865234375,-3.72314453125,-4.0283203125
10.8024999,-2.1960813999176025,-0.9900023937225342,9.422380447387695,-24.017333984375,-32.5927734375,40.618896484375
10.8074999,-2.013523578643799,-1.0732009410858154,9.158419609069824,-25.57373046875,-41.412353515625,27.4658203125
10.8124999,-1.3808557987213135,-1.4748282432556152,9.470264434814453,8.880615234375,-19.4091796875,18.06640625
10.8174999,-0.40222588181495667,-1.8584990501403809,9.421183586120605,3.143310546875,-11.322021484375,37.567138671875
10.8224999,0.45489832758903503,-1.4083890914916992,9.851541519165039,9.429931640625,2.8076171875,43.121337890625
10.827499900000001,0.9085995554924011,-0.8493430614471436,10.066421508789062,8.392333984375,2.99072265625,38.2080078125
10.8324999,1.5107412338256836,-0.3214215636253357,9.86889934539795,11.688232421875,6.256103515625,10.07080078125
10.837499900000001,2.0428526401519775,-0.24121582508087158,9.992799758911133,17.547607421875,20.93505859375,-2.25830078125
10.8424999,2.764704465866089,-0.4926069974899292,9.68694019317627,16.54052734375,34.149169921875,-27.008056640625
10.8474999,2.5438392162323,-0.314238965511322,9.882665634155273,7.87353515625,37.04833984375,-35.94970703125
10.8524999,1.886630892753601,-0.10714052617549896,9.77253246307373,-0.3662109375,20.965576171875,-41.778564453125
10.8574999,0.7559691667556763,0.6530185341835022,9.653421401977539,-4.974365234375,-0.1220703125,-59.661865234375
10.8624999,-0.5027823448181152,0.3926490843296051,9.871891975402832,-21.392822265625,-18.524169921875,-54.5654296875
10.8674999,-1.2527660131454468,-0.0454898327589035,9.521739959716797,-11.810302734375,-2.899169921875,-30.242919921875
10.872499900000001,-1.997362732887268,0.13048399984836578,10.103530883789062,-4.638671875,-9.124755859375,14.801025390625
10.8774999,-2.1751322746276855,-0.9217676520347595,9.528923034667969,-26.275634765625,-40.0390625,45.318603515625
10.882499900000001,1.1534066200256348,-0.45489832758903503,9.985616683959961,7.049560546875,4.33349609375,22.39990234375
10.8874999,1.856104850769043,-0.48901569843292236,9.836577415466309,18.402099609375,14.46533203125,2.288818359375
10.8924999,2.473809003829956,-0.4495113790035248,9.815628051757812,17.913818359375,28.4423828125,-11.260986328125
10.8974999,2.914940595626831,-0.507570743560791,9.694122314453125,14.495849609375,41.07666015625,-37.353515625
10.9024999,2.38462495803833,-0.0347159244120121,9.648633003234863,3.326416015625,33.416748046875,-39.093017578125
10.9074999,1.48081374168396,0.181959331035614,9.470264434814453,-1.251220703125,10.284423828125,-55.206298828125
10.9124999,0.09516951441764832,0.7457938194274902,9.764153480529785,-14.312744140625,-11.383056640625,-68.359375
10.917499900000001,-1.0426748991012573,0.01735796220600605,9.489418029785156,-20.99609375,-15.869140625,-47.54638671875
10.9224999,-1.723825216293335,-0.06524199992418289,9.684545516967773,-6.2255859375,-1.434326171875,-14.495849609375
10.9274999,-2.273893117904663,-1.1061211824417114,9.445724487304688,-25.69580078125,-44.25048828125,38.726806640625
10.9324999,-1.713649868965149,-1.0630255937576294,9.816226959228516,0.79345703125,-28.717041015625,18.218994140625
10.9374999,-0.7056909799575806,-1.2539631128311157,9.594164848327637,0.701904296875,-15.289306640625,35.308837890625
10.9424999,-0.7056909799575806,-1.2539631128311157,9.594164848327637,0.701904296875,-15.289306640625,35.308837890625
10.9474999,0.25498247146606445,-1.0121487379074097,9.952696800231934,9.368896484375,2.50244140625,46.875
10.952499900000001,0.9175778031349182,-0.7457938194274902,10.042478561401367,9.94873046875,5.401611328125,42.54150390625
10.9574999,1.1306617259979248,-0.28371289372444153,10.0580415725708,7.965087890625,4.69970703125,34.942626953125
10.962499900000001,1.6514005661010742,-0.45429977774620056,9.818621635437012,14.09912109375,7.75146484375,12.786865234375
10.9674999,2.161365509033203,-0.3214215636253357,9.962273597717285,17.669677734375,21.240234375,0.54931640625
10.9724999,2.8652608394622803,-0.5632359385490417,9.630077362060547,15.31982421875,34.271240234375,-29.327392578125
10.9774999,2.668337821960449,-0.2825157940387726,9.837775230407715,8.880615234375,39.306640625,-37.841796875
10.9824999,1.9853917360305786,-0.08978256583213806,9.731232643127441,0.30517578125,23.651123046875,-43.51806640625
10.9874999,-1.314416766166687,-0.10235211998224258,9.439739227294922,-15.7470703125,-7.537841796875,-30.975341796875
10.9924999,-1.314416766166687,-0.10235211998224258,9.439739227294922,-15.7470703125,-7.537841796875,-30.975341796875
10.997499900000001,-2.0871453285217285,0.2322375625371933,10.142436981201172,-4.45556640625,-7.01904296875,12.237548828125
11.0024999,-2.404975652694702,-0.760757565498352,9.619902610778809,-21.66748046875,-37.2314453125,44.403076171875
11.007499900000001,-2.0374655723571777,-0.7032967209815979,10.006566047668457,-13.885498046875,-39.031982421875,23.25439453125
11.0124999,-1.2372037172317505,-0.9888052940368652,9.626486778259277,0.3662109375,-20.660400390625,24.658203125
11.0174999,-0.2585737705230713,-1.1863269805908203,9.85034465789795,3.387451171875,-9.429931640625,45.59326171875
11.0224999,0.5919663906097412,-1.07379949092865,9.84615421295166,11.505126953125,6.89697265625,44.158935546875
11.0274999,1.0145429372787476,-0.6003460884094238,9.932345390319824,9.735107421875,5.157470703125,40.34423828125
11.0324999,1.2737152576446533,-0.5758054852485657,9.995193481445312,7.904052734375,5.706787109375,24.627685546875
11.0374999,1.9512743949890137,-0.5117605924606323,9.860519409179688,18.4326171875,14.495849609375,5.035400390625
11.042499900000001,-2.5055320262908936,-0.3621230125427246,9.782109260559082,-11.65771484375,-22.979736328125,35.400390625
11.0474999,-2.1966800689697266,-0.821809709072113,9.486425399780273,-23.345947265625,-43.121337890625,36.31591796875
11.0524999,-1.7836803197860718,-0.9373299479484558,9.859322547912598,-1.5869140625,-28.25927734375,16.876220703125
11.0574999,-0.7733271718025208,-1.0091559886932373,9.70429801940918,2.50244140625,-16.845703125,43.914794921875
11.0624999,0.15442600846290588,-1.060032844543457,10.001178741455078,9.613037109375,1.312255859375,52.215576171875
11.0674999,0.7691373229026794,-0.5901707410812378,10.019734382629395,11.322021484375,8.60595703125,50.048828125
11.0724999,1.1013327836990356,-0.14006079733371735,10.000580787658691,5.43212890625,3.662109375,38.0859375
11.077499900000001,3.0406360626220703,-0.6200982332229614,9.663596153259277,17.51708984375,37.200927734375,-26.06201171875
11.0824999,2.8616695404052734,-0.38307225704193115,9.805453300476074,9.1552734375,39.947509765625,-35.919189453125
11.087499900000001,2.072181463241577,-0.10953472554683685,9.767744064331055,-0.518798828125,22.705078125,-45.684814453125
11.0924999,0.8684966564178467,0.557250440120697,9.502586364746094,-3.5400390625,0.06103515625,-62.469482421875
11.0974999,-0.4985924959182739,0.5925649404525757,9.879075050354004,-21.3623046875,-18.463134765625,-60.394287109375
11.1024999,-1.3658920526504517,-0.14844051003456116,9.405621528625488,-15.716552734375,-6.561279296875,-36.9873046875
11.1074999,-2.094327926635742,0.4159925580024719,9.884461402893066,-1.922607421875,-5.096435546875,6.40869140625
11.1124999,-2.513911724090576,-0.8020575642585754,9.48762321472168,-21.97265625,-39.886474609375,46.905517578125
11.1174999,-2.006340980529785,-0.7056909799575806,9.718064308166504,-19.012451171875,-42.510986328125,24.993896484375
11.122499900000001,-1.3425486087799072,-1.280897855758667,9.545681953430176,5.06591796875,-19.195556640625,23.529052734375
11.1274999,-0.13347674906253815,-1.5017629861831665,9.871294021606445,6.65283203125,-6.7138671875,47.91259765625
11.132499900000001,1.931522250175476,-0.42676645517349243,9.791686058044434,14.373779296875,10.101318359375,1.46484375
11.1374999,2.381632089614868,-0.35733461380004883,9.853337287902832,18.5546875,26.30615234375,-7.38525390625
11.1424999,2.9718029499053955,-0.4734533727169037,9.641449928283691,15.19775390625,38.26904296875,-31.31103515625
11.1474999,2.3942017555236816,-0.0694318488240242,9.688735961914062,3.60107421875,33.8134765625,-35.888671875
11.1524999,1.613093376159668,0.26336219906806946,9.575011253356934,-0.8544921875,14.2822265625,-49.591064453125
11.1574999,0.26575639843940735,0.7775170207023621,9.734824180603027,-9.918212890625,-6.317138671875,-62.255859375
11.1624999,-0.8583213090896606,0.08379705995321274,9.633070945739746,-19.622802734375,-15.716552734375,-52.24609375
11.167499900000001,-1.5831658840179443,-0.1825578808784485,9.642048835754395,-6.988525390625,-0.885009765625,-25.482177734375
11.1724999,-2.3708581924438477,-0.3860650360584259,9.986215591430664,-11.505126953125,-19.22607421875,30.120849609375
11.1774999,-2.2254104614257812,-1.1276689767837524,9.418190956115723,-29.632568359375,-46.69189453125,41.50390625
11.1824999,-0.7493851184844971,-1.3730746507644653,9.395445823669434,6.53076171875,-13.18359375,35.7666015625
11.1874999,0.2795230448246002,-1.3820528984069824,9.758766174316406,7.8125,-0.18310546875,46.234130859375
11.1924999,0.8708908557891846,-0.8798691034317017,9.78869342803955,9.58251953125,7.75146484375,42.205810546875
11.1974999,1.1516109704971313,-0.04189852997660637,9.922170639038086,5.706787109375,2.44140625,33.111572265625
11.202499900000001,1.4215573072433472,-0.17238251864910126,9.927556991577148,4.486083984375,0.762939453125,11.138916015625
11.2074999,2.075772762298584,-0.21308395266532898,9.910798072814941,19.04296875,19.1650390625,-4.69970703125
11.212499900000001,2.601898670196533,-0.4273650050163269,9.746196746826172,20.477294921875,35.09521484375,-15.777587890625
11.2174999,2.7006595134735107,-0.5237316489219666,9.750985145568848,12.3291015625,39.764404296875,-33.99658203125
11.2224999,2.050633668899536,-0.05626374110579491,9.697115898132324,-0.244140625,26.7333984375,-42.48046875
11.2274999,1.0564415454864502,0.45908817648887634,9.465476036071777,-2.0751953125,5.06591796875,-57.525634765625
11.2324999,-0.24660277366638184,0.6416460275650024,9.852140426635742,-17.88330078125,-14.495849609375,-62.164306640625
11.2374999,-1.1623848676681519,-0.08080431073904037,9.440337181091309,-16.937255859375,-9.796142578125,-43.365478515625
11.2424999,1.2976573705673218,-0.004788403399288654,10.153809547424316,4.425048828125,1.678466796875,28.13720703125
11.247499900000001,1.813009262084961,-0.2753331959247589,9.81024169921875,10.040283203125,5.37109375,3.11279296875
11.2524999,2.2643163204193115,-0.2663549482822418,10.011354446411133,18.00537109375,23.25439453125,-6.7138671875
11.257499900000001,2.8119897842407227,-0.5746083855628967,9.637859344482422,18.310546875,37.628173828125,-25.45166015625
11.2624999,2.4456770420074463,-0.3292027413845062,9.870096206665039,6.744384765625,35.888671875,-35.125732421875
11.2674999,0.4776432514190674,0.7739257216453552,9.664793968200684,-7.568359375,-2.3193359375,-61.248779296875
11.2724999,-0.6943184733390808,0.3597288131713867,9.7605619430542,-20.721435546875,-18.06640625,-54.534912109375
11.2774999,-1.4287399053573608,0.005386953707784414,9.561244010925293,-9.674072265625,-2.13623046875,-31.402587890625
11.2824999,-2.1930887699127197,-0.0520738884806633,10.089165687561035,-9.063720703125,-14.984130859375,23.651123046875
11.2874999,-2.213439464569092,-1.0199298858642578,9.475651741027832,-29.84619140625,-45.501708984375,44.097900390625
11.292499900000001,-1.7411831617355347,-1.158793568611145,9.944915771484375,-8.23974609375,-35.09521484375,17.852783203125
11.2974999,-0.8984242081642151,-1.4963760375976562,9.436745643615723,7.049560546875,-15.289306640625,30.82275390625
11.3024999,0.10654197633266449,-1.6184803247451782,9.698312759399414,6.77490234375,-4.0283203125,48.187255859375
11.3074999,0.679354727268219,-1.2000936269760132,9.704896926879883,10.07080078125,6.866455078125,47.454833984375
11.3124999,0.9331400990486145,-0.32860419154167175,9.838972091674805,7.87353515625,3.265380859375,41.839599609375
11.3174999,1.1456254720687866,-0.2519897222518921,9.980229377746582,2.8076171875,0.396728515625,21.636962890625
11.3224999,1.8908207416534424,-0.2902969419956207,9.798270225524902,16.876220703125,12.75634765625,0.579833984375
11.327499900000001,1.37906014919281,0.48482584953308105,9.491812705993652,-1.40380859375,10.68115234375,-52.703857421875
11.3324999,-0.06524199992418289,0.7793126702308655,9.881468772888184,-17.120361328125,-13.031005859375,-59.814453125
11.337499900000001,-1.0923545360565186,0.1586158573627472,9.467870712280273,-17.242431640625,-10.1318359375,-46.295166015625
11.3424999,-1.890222191810608,0.20470423996448517,9.554061889648438,-4.058837890625,-1.28173828125,-13.5498046875
11.3474999,-2.4456770420074463,-0.8595184087753296,9.502586364746094,-20.904541015625,-31.92138671875,40.0390625
11.3524999,-2.181716203689575,-1.3323732614517212,9.071630477905273,-27.740478515625,-45.318603515625,36.19384765625
11.3574999,-1.4335283041000366,-1.5873557329177856,9.57441234588623,5.584716796875,-22.8271484375,18.6767578125
11.3624999,0.6141127347946167,-1.3748703002929688,9.983820915222168,8.85009765625,1.495361328125,42.755126953125
11.3674999,1.1234791278839111,-0.8433575630187988,10.143035888671875,8.697509765625,4.39453125,37.017822265625
11.372499900000001,2.469619035720825,-0.4626794755458832,9.8970308303833,9.490966796875,38.055419921875,-35.247802734375
11.3774999,1.8339585065841675,-0.19213469326496124,9.743802070617676,0.701904296875,23.37646484375,-47.119140625
11.382499900000001,0.6799532771110535,0.6763619780540466,9.719860076904297,-7.537841796875,-0.396728515625,-62.896728515625
11.3874999,-0.5309142470359802,0.37169981002807617,9.795876502990723,-20.81298828125,-17.181396484375,-57.098388671875
11.3924999,-1.3509283065795898,0.05027823522686958,9.567828178405762,-9.82666015625,-2.197265625,-35.58349609375
11.3974999,-2.1703438758850098,-0.014365210197865963,10.013748168945312,-7.598876953125,-13.671875,18.646240234375
11.4024999,-2.27748441696167,-1.0432734489440918,9.405022621154785,-29.60205078125,-44.097900390625,47.54638671875
11.4074999,-1.8148049116134644,-1.20368492603302,9.776124000549316,-11.505126953125,-37.750244140625,21.728515625
11.4124999,-0.9463081955909729,-1.5179238319396973,9.354744911193848,7.781982421875,-14.70947265625,26.336669921875
11.417499900000001,0.702099621295929,-1.1803414821624756,9.659406661987305,10.101318359375,6.072998046875,42.48046875
11.4224999,1.0031704902648926,-0.47824180126190186,9.847949981689453,8.056640625,3.692626953125,37.9638671875
11.4274999,1.169567584991455,-0.3292027413845062,9.993996620178223,5.584716796875,3.173828125,19.83642578125
11.4324999,1.8872294425964355,-0.3818751573562622,9.884461402893066,19.134521484375,16.082763671875,0.091552734375
11.4374999,2.4630351066589355,-0.43694180250167847,9.818022727966309,18.402099609375,30.364990234375,-14.007568359375
11.4424999,2.824559450149536,-0.4626794755458832,9.72285270690918,14.007568359375,40.1611328125,-33.935546875
11.4474999,2.2619221210479736,-0.060453593730926514,9.671976089477539,2.25830078125,31.097412109375,-40.985107421875
11.452499900000001,1.290474772453308,0.49320554733276367,9.422380447387695,-2.0751953125,9.033203125,-58.197021484375
11.4574999,-0.08200141042470932,0.8086416125297546,9.906009674072266,-18.218994140625,-14.678955078125,-63.65966796875
11.462499900000001,-1.1563993692398071,0.08319851011037827,9.43494987487793,-17.822265625,-10.80322265625,-43.243408203125
11.4674999,-1.9183541536331177,0.345363587141037,9.655815124511719,-3.7841796875,-3.60107421875,-6.683349609375
11.4724999,-2.52109432220459,-0.7595604658126831,9.531915664672852,-20.355224609375,-32.71484375,43.060302734375
11.4774999,-0.44412440061569214,-1.7178397178649902,9.667187690734863,2.960205078125,-12.0849609375,37.78076171875
11.4824999,0.5380968451499939,-1.3060370683670044,10.016142845153809,9.94873046875,3.936767578125,44.7998046875
11.4874999,1.0971429347991943,-0.8188169598579407,10.120290756225586,9.796142578125,5.523681640625,42.327880859375
11.4924999,1.2862848043441772,-0.30047231912612915,10.153809547424316,7.232666015625,4.302978515625,32.135009765625
11.497499900000001,1.8351556062698364,-0.38546648621559143,9.846753120422363,15.594482421875,9.94873046875,8.36181640625
11.5024999,2.3487119674682617,-0.3411737382411957,9.99339771270752,18.646240234375,25.970458984375,-5.889892578125
11.507499900000001,3.0352492332458496,-0.507570743560791,9.698312759399414,17.15087890625,39.337158203125,-29.327392578125
11.5124999,2.653373956680298,-0.18495208024978638,9.822212219238281,8.36181640625,38.87939453125,-39.306640625
11.5174999,1.902193307876587,-0.020350715145468712,9.68813705444336,-0.8544921875,19.53125,-53.497314453125
11.5224999,0.5770025849342346,0.8032546639442444,9.608530044555664,-8.11767578125,-3.143310546875,-70.648193359375
11.5274999,0.5770025849342346,0.8032546639442444,9.608530044555664,-8.11767578125,-3.143310546875,-70.648193359375
11.5324999,-2.433706045150757,-0.982221245765686,9.442132949829102,-26.885986328125,-42.999267578125,46.08154296875
11.5374999,-2.433706045150757,-0.982221245765686,9.442132949829102,-26.885986328125,-42.999267578125,46.08154296875
11.542499900000001,-2.056619167327881,-1.1390414237976074,9.977835655212402,-6.2255859375,-35.7666015625,21.331787109375
11.5474999,-1.136048674583435,-1.2850877046585083,9.549273490905762,3.570556640625,-20.44677734375,36.92626953125
11.5524999,-0.07003039866685867,-1.3910311460494995,9.888651847839355,6.591796875,-3.11279296875,46.661376953125
11.5574999,0.6931213736534119,-0.9187749028205872,9.906009674072266,11.138916015625,9.3994140625,46.93603515625
11.5624999,1.1785458326339722,-0.16759411990642548,9.9772367477417,8.23974609375,5.462646484375,39.825439453125
11.5674999,1.5005658864974976,-0.1975216418504715,10.00836181640625,4.5166015625,2.25830078125,15.80810546875
11.5724999,2.188300371170044,-0.2148796021938324,9.898228645324707,18.646240234375,16.9677734375,-5.55419921875
11.577499900000001,2.697068214416504,-0.42018240690231323,9.733028411865234,19.95849609375,33.26416015625,-15.594482421875
11.5824999,2.9059622287750244,-0.46148237586021423,9.707290649414062,14.22119140625,41.015625,-32.989501953125
11.587499900000001,1.182137131690979,0.5949591398239136,9.41100788116455,-3.5400390625,5.584716796875,-61.767578125
11.5924999,-0.22206220030784607,0.7846996188163757,9.880271911621094,-19.59228515625,-16.17431640625,-64.51416015625
11.5974999,-1.2653355598449707,0.0347159244120121,9.443329811096191,-17.7001953125,-11.41357421875,-41.015625
11.6024999,-1.9674352407455444,0.4082113802433014,9.838972091674805,-4.241943359375,-4.33349609375,-3.265380859375
11.6074999,-2.497750997543335,-0.8523358106613159,9.552865028381348,-22.369384765625,-33.843994140625,44.677734375
11.6124999,-2.191891670227051,-0.9385270476341248,9.507973670959473,-23.651123046875,-44.097900390625,32.28759765625
11.6174999,-1.5759832859039307,-1.5388731956481934,9.572616577148438,5.340576171875,-23.74267578125,24.35302734375
11.622499900000001,-0.4728548228740692,-1.7705121040344238,9.665990829467773,4.08935546875,-14.2822265625,41.595458984375
11.6274999,0.406415730714798,-1.4826093912124634,9.921571731567383,10.223388671875,6.256103515625,46.0205078125
11.632499900000001,1.0169371366500854,-0.7152677774429321,10.078990936279297,10.284423828125,7.110595703125,45.7763671875
11.6374999,1.2934675216674805,-0.048482585698366165,10.057442665100098,5.2490234375,3.72314453125,32.440185546875
11.6424999,2.407968282699585,-0.3208230137825012,9.990405082702637,19.71435546875,25.421142578125,-10.8642578125
11.6474999,3.0412347316741943,-0.5991489887237549,9.690531730651855,20.233154296875,41.412353515625,-24.261474609375
11.6524999,2.6797101497650146,-0.4016273319721222,9.914389610290527,8.697509765625,38.9404296875,-38.0859375
11.6574999,1.8734627962112427,0.03950432687997818,9.70429801940918,-2.01416015625,19.04296875,-55.17578125
11.6624999,0.45669397711753845,0.9217676520347595,9.738415718078613,-11.53564453125,-5.43212890625,-68.572998046875
11.667499900000001,-0.8565256595611572,0.3974374830722809,9.569025993347168,-21.087646484375,-17.39501953125,-57.2509765625
11.6724999,-1.622071623802185,-0.0035913025494664907,9.537900924682617,-7.965087890625,-2.960205078125,-31.158447265625
11.6774999,-2.387019157409668,-0.38726213574409485,9.892841339111328,-10.101318359375,-16.845703125,26.0009765625
11.6824999,-2.251746654510498,-1.2964602708816528,9.36013126373291,-30.3955078125,-44.7998046875,47.882080078125
11.6874999,-1.9291280508041382,-1.6382324695587158,9.853935241699219,-5.035400390625,-35.675048828125,22.76611328125
11.6924999,-0.9391255974769592,-1.5466543436050415,9.451709747314453,9.27734375,-19.012451171875,36.376953125
11.6974999,0.06464344263076782,-1.6879122257232666,9.723451614379883,4.45556640625,-1.190185546875,39.093017578125
11.702499900000001,1.2401964664459229,-0.14365209639072418,9.956886291503906,7.293701171875,3.90625,36.651611328125
11.7074999,1.4197616577148438,-0.02454056777060032,10.034099578857422,4.08935546875,3.204345703125,15.045166015625
11.712499900000001,2.074575662612915,-0.3034650683403015,9.765350341796875,16.54052734375,14.09912109375,-7.415771484375
11.7174999,2.5294740200042725,-0.38905778527259827,9.815030097961426,20.355224609375,31.463623046875,-13.458251953125
11.7224999,2.8125884532928467,-0.5291185975074768,9.61212158203125,15.594482421875,41.1376953125,-31.18896484375
11.7274999,2.1924901008605957,-0.06703764945268631,9.683947563171387,1.312255859375,31.158447265625,-43.02978515625
11.7324999,1.1982979774475098,0.6344634294509888,9.53969669342041,-3.35693359375,8.453369140625,-60.455322265625
11.7374999,-0.13826514780521393,0.7924807667732239,9.873088836669922,-17.88330078125,-14.373779296875,-65.00244140625
11.7424999,-1.1492167711257935,-0.026336219161748886,9.430161476135254,-15.13671875,-8.7890625,-47.119140625
11.747499900000001,-1.9171570539474487,0.29807811975479126,9.601346969604492,-2.349853515625,-4.058837890625,-4.0283203125
11.7524999,-2.5109190940856934,-1.080383539199829,9.293692588806152,-24.47509765625,-33.935546875,44.61669921875
11.757499900000001,-2.385223388671875,-1.3946224451065063,9.106346130371094,-26.123046875,-45.440673828125,33.355712890625
11.7624999,1.470638394355774,0.47824180126190186,10.078392028808594,5.55419921875,2.838134765625,28.411865234375
11.7674999,1.777694821357727,0.01496376097202301,9.939528465270996,7.62939453125,4.364013671875,2.99072265625
11.7724999,2.3080103397369385,-0.08798690885305405,9.946710586547852,16.90673828125,21.514892578125,-10.6201171875
11.7774999,2.7252001762390137,-0.5877765417098999,9.691728591918945,20.416259765625,37.384033203125,-21.575927734375
11.7824999,2.476203203201294,-0.6625953316688538,9.905410766601562,10.31494140625,37.811279296875,-33.111572265625
11.7874999,1.734000563621521,-0.18614917993545532,9.686341285705566,-1.251220703125,22.369384765625,-48.828125
11.792499900000001,0.5716156363487244,0.7092822790145874,9.781511306762695,-9.521484375,-2.50244140625,-62.286376953125
11.7974999,-0.6673837304115295,0.28072014451026917,9.675567626953125,-18.37158203125,-14.46533203125,-55.267333984375
11.8024999,-1.3730746507644653,-0.24779987335205078,9.563039779663086,-7.32421875,-3.11279296875,-26.641845703125
11.8074999,-2.208052635192871,-1.3988122940063477,9.31045150756836,-32.318115234375,-44.158935546875,41.229248046875
11.8124999,-1.9650410413742065,-1.6370353698730469,9.77672290802002,-9.429931640625,-36.1328125,21.514892578125
11.8174999,-0.9876081943511963,-1.624465823173523,9.347561836242676,9.8876953125,-19.805908203125,38.909912109375
11.8224999,0.02693476900458336,-1.9219454526901245,9.59177017211914,4.8828125,-2.044677734375,39.0625
11.827499900000001,0.7691373229026794,-1.0558429956436157,9.720458984375,6.77490234375,7.232666015625,43.914794921875
11.8324999,1.22642982006073,-0.28550854325294495,9.889249801635742,6.34765625,2.593994140625,33.538818359375
11.837499900000001,1.4449007511138916,0.16340427100658417,10.084976196289062,4.08935546875,2.99072265625,14.678955078125
11.8424999,2.0009541511535645,-0.33039984107017517,9.742006301879883,14.801025390625,12.237548828125,-7.659912109375
11.8474999,2.4654293060302734,-0.3800795078277588,9.950302124023438,18.798828125,30.57861328125,-14.739990234375
11.8524999,2.7545289993286133,-0.5482721924781799,9.61331844329834,17.852783203125,40.557861328125,-26.824951171875
11.8574999,2.126051187515259,-0.22266076505184174,9.73661994934082,3.90625,32.2265625,-39.337158203125
11.8624999,1.217451572418213,0.5129576921463013,9.55585765838623,-3.72314453125,10.589599609375,-58.9599609375
11.8674999,-1.7866730690002441,-0.10115502029657364,9.513360023498535,-1.28173828125,-3.47900390625,-1.220703125
11.872499900000001,-2.4821887016296387,-1.0540473461151123,9.503185272216797,-20.20263671875,-30.1513671875,38.4521484375
11.8774999,-2.495955228805542,-1.6753426790237427,9.266159057617188,-29.72412109375,-46.38671875,32.928466796875
11.882499900000001,-1.844732403755188,-1.7028759717941284,9.546280860900879,5.218505859375,-28.045654296875,26.580810546875
11.8874999,-0.6775590777397156,-1.9249382019042969,9.674968719482422,7.2021484375,-13.24462890625,38.116455078125
11.8924999,0.47884035110473633,-1.4191631078720093,9.889249801635742,4.5166015625,5.0048828125,42.266845703125
11.8974999,1.326986312866211,-0.5740098357200623,10.11789608001709,7.75146484375,6.011962890625,39.703369140625
11.9024999,1.5963339805603027,0.20111294090747833,10.125677108764648,5.4931640625,1.434326171875,27.862548828125
11.9074999,1.7693150043487549,0.10295066982507706,9.99459457397461,7.171630859375,4.241943359375,5.096435546875
11.9124999,2.274491548538208,-0.3130418658256531,9.924564361572266,16.845703125,20.6298828125,-10.284423828125
11.917499900000001,2.5905263423919678,-0.48243165016174316,9.718663215637207,19.073486328125,34.97314453125,-19.22607421875
11.9224999,-2.036867141723633,-0.08619125932455063,9.967061996459961,-7.659912109375,-12.054443359375,21.30126953125
11.9274999,-2.1733365058898926,-1.236605167388916,9.315838813781738,-33.111572265625,-42.572021484375,42.633056640625
11.9324999,-2.011728048324585,-1.501164436340332,9.643844604492188,-10.528564453125,-37.506103515625,23.01025390625
11.9374999,-1.1354501247406006,-1.4538789987564087,9.225458145141602,10.711669921875,-22.125244140625,37.78076171875
11.9424999,-0.12449848651885986,-1.7794904708862305,9.441534042358398,3.509521484375,-6.195068359375,36.07177734375
11.9474999,0.6518214344978333,-1.0187327861785889,9.632472038269043,7.2021484375,7.38525390625,45.8984375
11.952499900000001,1.139639973640442,-0.31364041566848755,9.872490882873535,8.758544921875,5.035400390625,39.55078125
11.9574999,1.3628993034362793,0.25258827209472656,9.958083152770996,4.974365234375,3.204345703125,22.430419921875
11.962499900000001,1.845929503440857,-0.2651578485965729,9.701305389404297,10.986328125,8.60595703125,-4.730224609375
11.9674999,2.38462495803833,-0.4345476031303406,9.995193481445312,18.890380859375,28.74755859375,-15.93017578125
11.9724999,2.8598740100860596,-0.50876784324646,9.603142738342285,21.575927734375,41.80908203125,-23.13232421875
11.9774999,2.3044190406799316,-0.4225766062736511,9.94970417022705,5.096435546875,34.0576171875,-39.55078125
11.9824999,1.4532804489135742,0.46806642413139343,9.658807754516602,-4.94384765625,12.420654296875,-58.77685546875
11.9874999,0.1041477769613266,0.882861852645874,9.876082420349121,-15.0146484375,-9.27734375,-65.887451171875
11.9924999,-1.0205284357070923,0.061052143573760986,9.492411613464355,-14.678955078125,-9.70458984375,-50.445556640625
11.997499900000001,-1.7369933128356934,-0.03950432687997818,9.588179588317871,-1.983642578125,-3.448486328125,-7.26318359375
12.0024999,-2.478597402572632,-1.1671733856201172,9.537900924682617,-19.439697265625,-28.228759765625,39.520263671875
12.007499900000001,-2.4420857429504395,-1.823184609413147,9.193734169006348,-29.693603515625,-45.166015625,33.447265625
12.0124999,-1.9045875072479248,-1.9710265398025513,9.536704063415527,6.4697265625,-28.01513671875,26.42822265625
12.0174999,-0.7332242727279663,-2.0715830326080322,9.5007905960083,6.9580078125,-15.960693359375,39.24560546875
12.0224999,1.7268179655075073,0.1454477459192276,10.110713958740234,7.62939453125,5.615234375,5.859375
12.0274999,2.2625205516815186,-0.35733461380004883,9.931747436523438,16.754150390625,20.477294921875,-10.92529296875
12.032499900000001,2.6001031398773193,-0.42676645517349243,9.831789016723633,19.622802734375,35.308837890625,-17.333984375
12.0374999,2.5270798206329346,-0.5195417404174805,9.701904296875,14.16015625,38.482666015625,-31.219482421875
12.042499900000001,1.7974469661712646,-0.08379705995321274,9.684545516967773,-1.556396484375,24.017333984375,-46.722412109375
12.0474999,0.7870938181877136,0.8439561128616333,9.603741645812988,-6.65283203125,3.021240234375,-63.41552734375
12.0524999,-0.46627077460289,0.5069721937179565,9.79408073425293,-18.310546875,-13.519287109375,-61.03515625
12.0574999,-1.2407950162887573,-0.1604115068912506,9.486425399780273,-9.3994140625,-5.67626953125,-30.059814453125
12.0624999,-2.0871453285217285,0.004189853090792894,9.795876502990723,-0.732421875,-6.8359375,19.53125
12.0674999,-2.387617588043213,-1.1402385234832764,9.2033109664917,-30.94482421875,-42.6025390625,40.863037109375
12.0724999,1.4838064908981323,0.2902969419956207,10.017938613891602,5.2490234375,2.3193359375,21.453857421875
12.077499900000001,1.8483237028121948,-0.24361002445220947,9.758766174316406,12.87841796875,9.246826171875,-1.77001953125
12.0824999,0.26575639843940735,0.7110779285430908,9.747992515563965,-11.505126953125,-4.180908203125,-63.4765625
12.087499900000001,-0.8822633028030396,0.04010287672281265,9.54209041595459,-16.876220703125,-12.939453125,-49.957275390625
12.0924999,-2.2008697986602783,-1.258152961730957,9.275136947631836,-32.28759765625,-45.83740234375,33.966064453125
12.0974999,-1.9800047874450684,-1.2198457717895508,9.676166534423828,-1.861572265625,-33.02001953125,22.674560546875
12.1024999,-0.7260416746139526,-1.2755109071731567,9.398438453674316,6.53076171875,-19.561767578125,37.78076171875
12.1074999,0.2232593148946762,-1.5400702953338623,9.547477722167969,2.960205078125,1.5869140625,39.306640625
12.1124999,0.970848798751831,-0.8834604024887085,9.79527759552002,8.941650390625,7.50732421875,48.248291015625
12.1174999,0.970848798751831,-0.8834604024887085,9.79527759552002,8.941650390625,7.50732421875,48.248291015625
12.122499900000001,1.2844891548156738,-0.28790274262428284,9.904213905334473,6.8359375,1.8310546875,34.5458984375
12.1274999,1.359906554222107,-0.11851298063993454,10.02691650390625,5.55419921875,3.448486328125,15.533447265625
12.132499900000001,1.9572598934173584,-0.4357447028160095,9.79408073425293,15.869140625,13.885498046875,-3.753662109375
12.1374999,2.4241292476654053,-0.46806642413139343,9.86111831665039,16.90673828125,28.62548828125,-14.190673828125
12.1424999,2.7246015071868896,-0.5566518902778625,9.660603523254395,15.13671875,38.330078125,-30.914306640625
12.1474999,1.2503718137741089,0.5536591410636902,9.567230224609375,-2.777099609375,9.70458984375,-57.525634765625
12.1524999,-0.03292027488350868,0.7050924301147461,9.877877235412598,-16.754150390625,-11.322021484375,-64.14794921875
12.157499900000001,-1.0115501880645752,-0.11611878126859665,9.445724487304688,-13.427734375,-7.2021484375,-43.121337890625
12.1624999,-2.500145196914673,-0.9540894031524658,9.291297912597656,-20.6298828125,-30.517578125,38.330078125
12.167499900000001,-2.500145196914673,-0.9540894031524658,9.291297912597656,-20.6298828125,-30.517578125,38.330078125
12.1724999,-2.386420488357544,-1.4832079410552979,9.167398452758789,-25.57373046875,-44.25048828125,29.571533203125
12.1774999,-1.845929503440857,-1.3850456476211548,9.330802917480469,4.302978515625,-27.7099609375,27.64892578125
12.1824999,-0.5434837937355042,-1.7591396570205688,9.660603523254395,6.561279296875,-11.71875,37.750244140625
12.1874999,0.4704606235027313,-1.1641805171966553,9.8784761428833,4.302978515625,5.37109375,44.3115234375
12.1924999,1.3305776119232178,-0.4985924959182739,10.121487617492676,6.34765625,4.364013671875,38.818359375
12.1974999,1.5735890865325928,0.22385786473751068,10.067618370056152,4.974365234375,0.762939453125,24.505615234375
12.202499900000001,1.765723705291748,-0.04249707981944084,9.973047256469727,8.72802734375,5.401611328125,3.662109375
12.2074999,2.4851813316345215,-0.5363011956214905,9.71926212310791,17.669677734375,34.149169921875,-16.54052734375
12.212499900000001,2.3307554721832275,-0.5147533416748047,9.773730278015137,10.223388671875,33.233642578125,-28.900146484375
12.2174999,1.6023194789886475,-0.08499415963888168,9.757569313049316,-1.708984375,21.820068359375,-44.769287109375
12.2224999,0.646434485912323,0.6560112833976746,9.706692695617676,-6.317138671875,2.62451171875,-58.197021484375
12.2274999,-0.444722980260849,0.24660277366638184,9.839570045471191,-15.838623046875,-10.711669921875,-55.755615234375
12.2324999,-1.1414356231689453,-0.3381809890270233,9.570222854614258,-7.476806640625,-3.90625,-27.77099609375
12.2374999,-1.9632453918457031,-0.0586579404771328,9.720458984375,-0.946044921875,-7.14111328125,18.5546875
12.2424999,-0.22026655077934265,-1.8818424940109253,9.580398559570312,5.18798828125,-3.84521484375,43.9453125
12.247499900000001,-0.22026655077934265,-1.8818424940109253,9.580398559570312,5.18798828125,-3.84521484375,43.9453125
12.2524999,0.6087257862091064,-1.0408791303634644,9.7605619430542,1.953125,3.23486328125,43.39599609375
12.257499900000001,1.4891934394836426,0.1604115068912506,9.999981880187988,5.126953125,2.593994140625,20.050048828125
12.2624999,1.9907786846160889,-0.23283611238002777,9.797672271728516,12.20703125,8.209228515625,-4.302978515625
12.2674999,2.318185806274414,-0.4878185987472534,9.9586820602417,16.54052734375,24.5361328125,-14.617919921875
12.2724999,2.4845829010009766,-0.5829881429672241,9.687539100646973,16.082763671875,34.72900390625,-16.90673828125
12.2774999,2.098517894744873,-0.31364041566848755,9.86889934539795,5.9814453125,28.6865234375,-30.548095703125
12.282499900000001,1.3090298175811768,0.15921440720558167,9.744400978088379,-2.86865234375,17.242431640625,-47.149658203125
12.2874999,0.3998316824436188,0.6697779297828674,9.718064308166504,-7.415771484375,0.18310546875,-54.8095703125
12.292499900000001,-0.5195417404174805,0.10594342648983002,9.646238327026367,-13.24462890625,-7.8125,-50.018310546875
12.2974999,-1.148618221282959,-0.40880993008613586,9.554061889648438,-4.852294921875,-3.265380859375,-21.148681640625
12.3024999,-2.0260932445526123,-0.166995570063591,9.909002304077148,-5.4931640625,-12.14599609375,23.712158203125
12.3074999,-2.1326351165771484,-1.0534487962722778,9.3643217086792,-31.55517578125,-43.8232421875,34.759521484375
12.3124999,-1.9835960865020752,-1.1791443824768066,9.832387924194336,-9.6435546875,-34.85107421875,15.625
12.3174999,1.371279001235962,-0.05446808785200119,9.872490882873535,5.401611328125,2.471923828125,26.885986328125
12.3224999,1.5340847969055176,0.12988543510437012,9.956287384033203,3.326416015625,1.434326171875,13.61083984375
12.327499900000001,2.0913352966308594,-0.2621650993824005,9.695320129394531,14.70947265625,11.77978515625,-11.077880859375
12.3324999,2.251746654510498,-0.5033808946609497,9.884461402893066,16.357421875,27.16064453125,-12.847900390625
12.337499900000001,2.340332269668579,-0.5680243372917175,9.672574996948242,13.092041015625,32.1044921875,-17.547607421875
12.3424999,1.7908629179000854,-0.19213469326496124,9.79408073425293,3.204345703125,24.383544921875,-32.04345703125
12.3474999,1.0217255353927612,0.26994624733924866,9.782109260559082,-3.11279296875,14.5263671875,-45.10498046875
12.3524999,0.25258827209472656,0.5913678407669067,9.740809440612793,-6.988525390625,0.732421875,-52.1240234375
12.3574999,-0.5027823448181152,0.012569558806717396,9.624092102050781,-11.260986328125,-5.4931640625,-50.29296875
12.3624999,-1.9662381410598755,-0.2944868206977844,9.791088104248047,-9.21630859375,-15.93017578125,26.55029296875
12.3674999,-1.9776105880737305,-0.8756792545318604,9.278728485107422,-30.120849609375,-43.426513671875,30.853271484375
12.372499900000001,-1.8962076902389526,-1.0283095836639404,9.655815124511719,-5.4931640625,-29.9072265625,15.411376953125
12.3774999,-0.9403226971626282,-0.9858125448226929,9.374496459960938,10.223388671875,-16.326904296875,49.591064453125
12.382499900000001,0.11192893236875534,-1.4107834100723267,9.558850288391113,3.570556640625,-3.11279296875,41.717529296875
12.3874999,0.7487865686416626,-0.7781155705451965,9.747393608093262,3.509521484375,3.875732421875,36.224365234375
12.3924999,1.335964560508728,-0.18734627962112427,9.901819229125977,4.39453125,1.77001953125,23.5595703125
12.3974999,1.5759832859039307,-0.009576806798577309,9.959280967712402,2.8076171875,1.0986328125,9.429931640625
12.4024999,1.6238672733306885,-0.14484919607639313,9.812037467956543,1.312255859375,22.125244140625,-31.707763671875
12.407499900000001,0.16879121959209442,0.5159504413604736,9.718064308166504,-4.852294921875,2.044677734375,-47.30224609375
12.4124999,-0.4842272996902466,-0.018555063754320145,9.619902610778809,-9.918212890625,-5.06591796875,-47.637939453125
12.417499900000001,-1.0408791303634644,-0.45669397711753845,9.536704063415527,-4.94384765625,-4.119873046875,-17.88330078125
12.4224999,-1.8626888990402222,-0.18914192914962769,9.831191062927246,-9.765625,-15.228271484375,25.32958984375
12.4274999,-1.886630892753601,-0.7679402232170105,9.378087997436523,-29.754638671875,-42.694091796875,28.564453125
12.4324999,-1.8489222526550293,-0.9097966551780701,9.75936508178711,-6.53076171875,-29.11376953125,14.190673828125
12.4374999,-0.8834604024887085,-0.960673451423645,9.481637001037598,9.58251953125,-16.05224609375,46.905517578125
12.4424999,0.06763619929552078,-1.2587515115737915,9.648633003234863,4.82177734375,-4.0283203125,42.41943359375
12.4474999,0.7344213724136353,-0.7212532758712769,9.774927139282227,2.288818359375,3.143310546875,30.94482421875
12.452499900000001,1.2485761642456055,-0.05985504388809204,9.909002304077148,3.021240234375,-0.3662109375,22.186279296875
12.4574999,1.4975731372833252,0.11671733111143112,9.904812812805176,3.72314453125,2.777099609375,10.3759765625
12.462499900000001,1.9752163887023926,-0.4040215313434601,9.733028411865234,11.71875,11.566162109375,-12.939453125
12.4674999,0.9032126069068909,0.2902969419956207,9.855133056640625,-3.753662109375,14.5263671875,-40.557861328125
12.4724999,0.18974047899246216,0.6015431880950928,9.827000617980957,-4.364013671875,2.899169921875,-47.943115234375
12.4774999,-0.4273650050163269,0.016759412363171577,9.71926212310791,-9.674072265625,-4.547119140625,-49.652099609375
12.4824999,-0.9666589498519897,-0.4668693244457245,9.602544784545898,-4.547119140625,-2.86865234375,-18.402099609375
12.4874999,-1.7627309560775757,-0.29867666959762573,9.851541519165039,-9.124755859375,-13.946533203125,24.871826171875
12.4924999,-1.832162857055664,-0.8924387097358704,9.362525939941406,-28.62548828125,-40.71044921875,27.923583984375
12.497499900000001,-1.868674397468567,-1.0271124839782715,9.747393608093262,-5.889892578125,-29.083251953125,15.411376953125
12.5024999,-0.9151836037635803,-1.0732009410858154,9.435548782348633,7.75146484375,-17.76123046875,44.769287109375
12.507499900000001,-0.012569558806717396,-1.3108254671096802,9.643245697021484,5.859375,-4.33349609375,43.182373046875
12.5124999,0.6703764796257019,-0.760757565498352,9.762357711791992,2.899169921875,3.84521484375,32.5927734375
12.5174999,2.2415714263916016,-0.6709750294685364,9.697713851928711,16.11328125,32.3486328125,-16.845703125
12.5224999,1.7447744607925415,-0.2932897210121155,9.880870819091797,2.50244140625,24.505615234375,-27.740478515625
12.5274999,1.0019733905792236,0.3381809890270233,9.822811126708984,-4.302978515625,14.129638671875,-42.48046875
12.532499900000001,0.22026655077934265,0.6572083830833435,9.785700798034668,-5.401611328125,1.068115234375,-48.492431640625
12.5374999,-0.4620809257030487,0.05985504388809204,9.6803560256958,-9.613037109375,-4.852294921875,-47.698974609375
12.542499900000001,-1.0157400369644165,-0.4554968774318695,9.57201862335205,-4.486083984375,-3.23486328125,-16.66259765625
12.5474999,-1.799242615699768,-0.22685061395168304,9.851541519165039,-8.880615234375,-13.702392578125,24.200439453125
12.5524999,-1.8584990501403809,-0.8816647529602051,9.34157657623291,-29.754638671875,-41.229248046875,27.557373046875
12.5574999,-1.8644845485687256,-1.0576386451721191,9.761159896850586,-5.889892578125,-30.609130859375,17.08984375
12.5624999,1.9506758451461792,-0.33997663855552673,9.712079048156738,13.73291015625,10.284423828125,-9.246826171875
12.5674999,2.1954829692840576,-0.6039373874664307,9.904213905334473,16.2353515625,25.57373046875,-12.87841796875
12.5724999,2.256535053253174,-0.6021417379379272,9.679757118225098,13.397216796875,31.18896484375,-17.303466796875
12.577499900000001,1.742978811264038,-0.21428105235099792,9.848548889160156,2.8076171875,23.590087890625,-28.594970703125
12.5824999,0.9660604000091553,0.2603694200515747,9.838972091674805,-3.96728515625,14.34326171875,-41.80908203125
12.587499900000001,0.1951274424791336,0.50876784324646,9.742605209350586,-5.0048828125,1.46484375,-45.2880859375
12.5924999,-0.4818331003189087,0,9.672574996948242,-9.063720703125,-4.45556640625,-44.158935546875
12.5974999,-1.0324994325637817,-0.48722004890441895,9.558850288391113,-5.43212890625,-3.662109375,-18.707275390625
12.6024999,-1.8399440050125122,-0.7134721279144287,9.3643217086792,-28.472900390625,-39.794921875,28.6865234375
12.6074999,-1.8303672075271606,-0.9044097065925598,9.799467086791992,-3.60107421875,-29.1748046875,18.218994140625
12.6124999,-0.912190854549408,-0.669179379940033,9.469067573547363,9.552001953125,-16.754150390625,49.041748046875
12.6174999,0.152031809091568,-1.2737152576446533,9.644442558288574,1.708984375,-4.150390625,35.064697265625
12.622499900000001,0.768538773059845,-0.5638344883918762,9.828198432922363,2.197265625,1.983642578125,34.97314453125
12.6274999,1.3628993034362793,-0.14065934717655182,9.873687744140625,6.9580078125,5.18798828125,23.193359375
12.632499900000001,1.499967336654663,-0.043095629662275314,9.93474006652832,1.40380859375,-1.312255859375,8.209228515625
12.6374999,1.9596540927886963,-0.4010287821292877,9.698312759399414,13.092041015625,11.1083984375,-13.85498046875
12.6424999,2.074575662612915,-0.6542156338691711,9.901819229125977,16.204833984375,26.7333984375,-12.725830078125
12.6474999,2.120664119720459,-0.5644330382347107,9.712677955627441,13.12255859375,30.426025390625,-15.31982421875
12.6524999,1.5879542827606201,-0.2232593148946762,9.875483512878418,2.3193359375,22.125244140625,-29.815673828125
12.657499900000001,0.8720879554748535,0.22685061395168304,9.862914085388184,-3.875732421875,14.2822265625,-42.205810546875
12.6624999,-0.4118026793003082,-0.04369417950510979,9.674370765686035,-9.21630859375,-4.730224609375,-47.119140625
12.667499900000001,-0.9528923034667969,-0.5297171473503113,9.54209041595459,-5.67626953125,-3.936767578125,-19.378662109375
12.6724999,-1.7639280557632446,-0.26396074891090393,9.84495735168457,-9.3994140625,-13.580322265625,22.491455078125
12.6774999,-1.8291701078414917,-0.7499836683273315,9.378686904907227,-27.679443359375,-40.1611328125,29.052734375
12.6824999,-1.8393454551696777,-0.9205705523490906,9.780313491821289,-4.058837890625,-28.74755859375,17.08984375
12.6874999,-0.9289502501487732,-0.7194576263427734,9.480440139770508,9.27734375,-16.66259765625,50.35400390625
12.6924999,0.12928688526153564,-1.2120646238327026,9.62947940826416,1.8310546875,-4.638671875,36.163330078125
12.6974999,0.7541735172271729,-0.5764040350914001,9.809642791748047,2.532958984375,2.716064453125,32.196044921875
12.702499900000001,1.3563152551651,-0.11791443079710007,9.877877235412598,6.04248046875,3.96728515625,20.99609375
12.7074999,1.5245078802108765,-0.005985504016280174,9.925163269042969,1.678466796875,-0.335693359375,7.781982421875
12.712499900000001,1.9728221893310547,-0.40222588181495667,9.717466354370117,13.397216796875,12.298583984375,-14.434814453125
12.7174999,1.5382746458053589,-0.23702596127986908,9.891644477844238,2.5634765625,21.66748046875,-29.510498046875
12.7224999,0.871489405632019,0.28371289372444153,9.849745750427246,-4.058837890625,14.58740234375,-40.435791015625
12.7274999,0.871489405632019,0.28371289372444153,9.849745750427246,-4.058837890625,14.58740234375,-40.435791015625
12.7324999,0.21667525172233582,0.5811924338340759,9.740809440612793,-4.058837890625,3.082275390625,-47.271728515625
12.7374999,-0.3866635859012604,0.0347159244120121,9.703699111938477,-9.58251953125,-4.94384765625,-48.004150390625
12.7424999,-0.9091981053352356,-0.4926069974899292,9.546878814697266,-5.615234375,-3.662109375,-21.270751953125
12.747499900000001,-1.7220295667648315,-0.19692309200763702,9.870096206665039,-8.819580078125,-13.00048828125,22.52197265625
12.7524999,-1.824381709098816,-0.8134300112724304,9.375694274902344,-29.388427734375,-40.83251953125,29.296875
12.757499900000001,-1.8471266031265259,-0.9343371987342834,9.801861763000488,-5.859375,-29.815673828125,16.05224609375
12.7624999,-0.9510966539382935,-0.8834604024887085,9.497200012207031,9.735107421875,-17.364501953125,48.9501953125
12.7674999,0.03890577703714371,-1.193509578704834,9.658807754516602,3.23486328125,-4.5166015625,39.886474609375
12.7724999,1.4903905391693115,0.18794482946395874,9.917980194091797,3.021240234375,1.89208984375,10.3759765625
12.7774999,1.4903905391693115,0.18794482946395874,9.917980194091797,3.021240234375,1.89208984375,10.3759765625
12.782499900000001,1.9291280508041382,-0.39205053448677063,9.747992515563965,11.871337890625,11.566162109375,-12.87841796875
12.7874999,2.1098902225494385,-0.6955155730247498,9.945513725280762,16.143798828125,25.482177734375,-14.312744140625
12.792499900000001,2.141613483428955,-0.6230909824371338,9.61571216583252,16.2353515625,30.8837890625,-13.885498046875
12.7974999,1.6083049774169922,-0.3315969407558441,9.915586471557617,2.349853515625,22.0947265625,-28.350830078125
12.8024999,0.262763649225235,0.646434485912323,9.734824180603027,-4.39453125,2.960205078125,-49.31640625
12.8074999,-0.35733461380004883,0.05985504388809204,9.704896926879883,-10.07080078125,-5.0048828125,-50.750732421875
12.8124999,-0.8858546018600464,-0.5111620426177979,9.554061889648438,-4.730224609375,-2.5634765625,-20.904541015625
12.8174999,-1.6938977241516113,-0.2902969419956207,9.88386344909668,-7.6904296875,-12.237548828125,23.651123046875
12.8224999,-1.8375498056411743,-0.9630676507949829,9.384672164916992,-29.11376953125,-40.71044921875,29.449462890625
12.827499900000001,-0.9678560495376587,-1.1516109704971313,9.480440139770508,9.46044921875,-17.7001953125,48.40087890625
12.8324999,-0.01735796220600605,-1.4281413555145264,9.659406661987305,4.852294921875,-3.326416015625,44.00634765625
12.837499900000001,0.6841431260108948,-0.7882909178733826,9.794678688049316,2.227783203125,3.448486328125,32.65380859375
12.8424999,1.2509703636169434,-0.002992752008140087,9.905410766601562,3.41796875,-0.06103515625,20.8740234375
12.8474999,1.5065513849258423,0.16998831927776337,9.946710586547852,3.387451171875,2.166748046875,9.46044921875
12.8524999,1.9877859354019165,-0.2651578485965729,9.733627319335938,13.85498046875,12.5732421875,-12.51220703125
12.8574999,2.160767078399658,-0.5548562407493591,9.943717956542969,16.845703125,26.611328125,-12.6953125
12.8624999,2.1422119140625,-0.5428852438926697,9.671378135681152,14.190673828125,30.487060546875,-16.326904296875
12.8674999,1.5759832859039307,-0.18555063009262085,9.840767860412598,2.685546875,22.03369140625,-27.89306640625
12.872499900000001,0.8804676532745361,0.33339259028434753,9.798869132995605,-3.997802734375,14.190673828125,-41.9921875
12.8774999,0.15921440720558167,0.6548141837120056,9.688735961914062,-5.43212890625,1.861572265625,-49.01123046875
12.882499900000001,-1.8614917993545532,-1.0432734489440918,9.373299598693848,-29.693603515625,-41.8701171875,29.72412109375
12.8874999,-1.8507179021835327,-1.3796586990356445,9.832387924194336,-7.354736328125,-31.25,16.6015625
12.8924999,-0.9169792532920837,-1.3060370683670044,9.457695007324219,10.07080078125,-16.998291015625,47.698974609375
12.8974999,0.0071826050989329815,-1.644816517829895,9.655217170715332,5.279541015625,-2.471923828125,44.769287109375
12.9024999,0.6871358752250671,-0.8343793153762817,9.768342971801758,2.13623046875,2.105712890625,36.9873046875
12.907499900000001,1.2186486721038818,0.013766659423708916,9.882665634155273,4.119873046875,0.274658203125,25.543212890625
12.9124999,1.425148606300354,0.22864626348018646,9.924564361572266,2.899169921875,1.190185546875,13.671875
12.917499900000001,1.9728221893310547,-0.2232593148946762,9.719860076904297,12.786865234375,10.009765625,-10.162353515625
12.9224999,2.211045265197754,-0.5386953949928284,9.929951667785645,16.357421875,25.909423828125,-13.97705078125
12.9274999,2.2631192207336426,-0.5728127360343933,9.684545516967773,14.129638671875,31.463623046875,-15.5029296875
12.9324999,1.7627309560775757,-0.18974047899246216,9.870695114135742,2.838134765625,23.040771484375,-28.4423828125
12.9374999,-0.38726213574409485,0.07960720360279083,9.659406661987305,-10.284423828125,-5.0048828125,-50.6591796875
12.9424999,-1.002571940422058,-0.5099649429321289,9.535507202148438,-5.462646484375,-3.72314453125,-21.514892578125
12.9474999,-1.745373010635376,-0.2801215946674347,9.853337287902832,-7.9345703125,-13.275146484375,22.4609375
12.952499900000001,-1.84233820438385,-0.9744400978088379,9.403825759887695,-28.6865234375,-40.4052734375,30.21240234375
12.9574999,-1.833359956741333,-1.2485761642456055,9.844358444213867,-7.171630859375,-29.9072265625,14.5263671875
12.962499900000001,-0.9199720025062561,-1.1713632345199585,9.530718803405762,10.6201171875,-15.5029296875,47.821044921875
12.9674999,0.0035913025494664907,-1.482010841369629,9.68274974822998,5.157470703125,-3.692626953125,45.166015625
12.9724999,0.7044938206672668,-0.7410054206848145,9.805453300476074,1.617431640625,2.0751953125,31.890869140625
12.9774999,1.2407950162887573,0.06524199992418289,9.874884605407715,4.058837890625,0.67138671875,21.91162109375
12.9824999,1.456871747970581,0.26156654953956604,9.889848709106445,2.685546875,1.434326171875,10.7421875
12.9874999,1.96683669090271,-0.284311443567276,9.708487510681152,12.02392578125,10.772705078125,-12.664794921875
12.9924999,1.646013617515564,-0.21547815203666687,9.881468772888184,2.593994140625,21.942138671875,-28.228759765625
12.997499900000001,0.9253589510917664,0.3555389642715454,9.834781646728516,-4.730224609375,14.434814453125,-42.41943359375
13.0024999,0.20769700407981873,0.6811503767967224,9.739612579345703,-4.547119140625,3.387451171875,-47.30224609375
13.007499900000001,-0.38127660751342773,0.12449848651885986,9.707889556884766,-9.82666015625,-4.791259765625,-49.86572265625
13.0124999,-0.9576807022094727,-0.5153518915176392,9.55585765838623,-5.767822265625,-4.058837890625,-22.674560546875
13.0174999,-1.7106571197509766,-0.23283611238002777,9.865906715393066,-6.53076171875,-11.810302734375,21.820068359375
13.0224999,-1.8668787479400635,-0.9792284965515137,9.339780807495117,-28.74755859375,-40.95458984375,31.31103515625
13.0274999,-1.8608932495117188,-1.2587515115737915,9.806650161743164,-9.063720703125,-30.94482421875,13.458251953125
13.032499900000001,-1.0115501880645752,-1.1827356815338135,9.405621528625488,10.31494140625,-15.380859375,46.234130859375
13.0374999,-0.02214636653661728,-1.5454572439193726,9.618705749511719,4.913330078125,-4.82177734375,44.3115234375
13.042499900000001,0.6769605278968811,-0.7577648162841797,9.727043151855469,1.739501953125,2.655029296875,31.494140625
13.0474999,1.2521674633026123,0.043095629662275314,9.840168952941895,4.150390625,1.3427734375,21.820068359375
13.0524999,1.488594889640808,0.4225766062736511,9.817423820495605,1.983642578125,0.213623046875,10.43701171875
13.0574999,1.9249382019042969,-0.23822307586669922,9.747393608093262,9.46044921875,9.490966796875,-12.39013671875
13.0624999,2.146401882171631,-0.5524620413780212,9.874286651611328,17.852783203125,26.06201171875,-15.594482421875
13.0674999,2.1356279850006104,-0.6153098344802856,9.694721221923828,17.120361328125,31.768798828125,-11.383056640625
13.0724999,1.6519991159439087,-0.35254621505737305,9.920374870300293,2.899169921875,21.942138671875,-27.83203125
13.077499900000001,0.9331400990486145,0.26575639843940735,9.858723640441895,-5.126953125,14.70947265625,-40.71044921875
13.0824999,0.22744916379451752,0.6530185341835022,9.764751434326172,-3.5400390625,4.364013671875,-45.41015625
13.087499900000001,-0.34416648745536804,0.1280897855758667,9.753378868103027,-9.70458984375,-4.852294921875,-50.384521484375
13.0924999,-0.8852560520172119,-0.5620388388633728,9.568427085876465,-6.7138671875,-3.96728515625,-26.18408203125
13.0974999,-1.599326729774475,-0.2902969419956207,9.8599214553833,-4.69970703125,-9.124755859375,20.93505859375
13.1024999,-1.8166005611419678,-1.0079588890075684,9.406219482421875,-27.862548828125,-40.58837890625,32.440185546875
13.1074999,-1.0199298858642578,-1.3443442583084106,9.47146224975586,8.056640625,-15.44189453125,41.412353515625
13.1124999,-0.030526071786880493,-1.5783774852752686,9.649829864501953,7.50732421875,-5.43212890625,46.722412109375
13.1174999,0.6266822814941406,-0.9678560495376587,9.774328231811523,2.410888671875,3.47900390625,32.379150390625
13.122499900000001,1.1516109704971313,-0.07182604819536209,9.916783332824707,2.655029296875,-0.48828125,22.003173828125
13.1274999,1.4335283041000366,0.4357447028160095,9.87967300415039,2.349853515625,0.152587890625,11.29150390625
13.132499900000001,1.868674397468567,-0.1107318252325058,9.815030097961426,9.27734375,9.124755859375,-10.894775390625
13.1374999,2.1481974124908447,-0.44592007994651794,9.853337287902832,17.791748046875,25.57373046875,-14.7705078125
13.1424999,2.162562608718872,-0.5219359993934631,9.731831550598145,16.41845703125,31.18896484375,-12.26806640625
13.1474999,1.6944962739944458,-0.3597288131713867,9.870695114135742,3.875732421875,22.186279296875,-26.885986328125
13.1524999,0.9941922426223755,0.20231004059314728,9.860519409179688,-4.69970703125,15.106201171875,-38.51318359375
13.157499900000001,0.2849099934101105,0.52552729845047,9.740809440612793,-3.326416015625,5.126953125,-44.586181640625
13.1624999,-0.28730419278144836,0.03950432687997818,9.734824180603027,-8.758544921875,-4.638671875,-48.76708984375
13.167499900000001,-1.5526398420333862,-0.1562216579914093,9.77791976928711,-3.997802734375,-7.843017578125,19.012451171875
13.1724999,-1.8076223134994507,-0.9181763529777527,9.369110107421875,-28.01513671875,-39.61181640625,31.463623046875
13.1774999,-1.832162857055664,-1.1049240827560425,9.770736694335938,-11.993408203125,-32.745361328125,14.2822265625
13.1824999,-1.1456254720687866,-1.013944387435913,9.41100788116455,9.002685546875,-16.021728515625,43.365478515625
13.1874999,-0.07242459803819656,-1.4496891498565674,9.677961349487305,5.31005859375,-6.8359375,43.243408203125
13.1924999,0.586579442024231,-0.6482301354408264,9.743204116821289,1.03759765625,1.983642578125,32.1044921875
13.1974999,1.2713210582733154,0.11671733111143112,9.858723640441895,5.18798828125,3.662109375,23.37646484375
13.202499900000001,1.5580267906188965,0.4967968463897705,9.890447616577148,0.823974609375,-1.64794921875,8.209228515625
13.2074999,1.9375077486038208,0.041299980133771896,9.82999324798584,7.720947265625,8.392333984375,-12.63427734375
13.212499900000001,2.141613483428955,-0.4537012279033661,9.835979461669922,18.341064453125,25.970458984375,-13.916015625
13.2174999,2.101510524749756,-0.49380409717559814,9.706093788146973,15.7470703125,29.72412109375,-10.345458984375
13.2224999,1.6430208683013916,-0.4620809257030487,9.820416450500488,4.5166015625,21.1181640625,-26.763916015625
13.2274999,0.28072014451026917,0.4668693244457245,9.729436874389648,-2.9296875,6.40869140625,-44.49462890625
13.2324999,-0.27473464608192444,0.090979665517807,9.77013874053955,-7.9345703125,-4.0283203125,-50.1708984375
13.2374999,-0.8134300112724304,-0.5734112858772278,9.59596061706543,-7.110595703125,-4.0283203125,-30.57861328125
13.2424999,-1.4496891498565674,-0.2190694510936737,9.68933391571045,-3.11279296875,-6.591796875,15.533447265625
13.247499900000001,-1.835754156112671,-1.1186907291412354,9.305065155029297,-25.909423828125,-37.017822265625,31.1279296875
13.2524999,-1.8501193523406982,-1.1528080701828003,9.616311073303223,-14.373779296875,-34.423828125,14.83154296875
13.257499900000001,-1.2958617210388184,-1.3832499980926514,9.370905876159668,7.4462890625,-16.815185546875,38.299560546875
13.2624999,-0.24361002445220947,-1.4778209924697876,9.733028411865234,6.591796875,-9.21630859375,49.102783203125
13.2674999,0.48063600063323975,-0.8200140595436096,9.909002304077148,0.762939453125,1.15966796875,34.912109375
13.2724999,1.1546037197113037,0.11133038252592087,10.014945983886719,5.37109375,4.364013671875,27.4658203125
13.2774999,1.4987702369689941,0.5446808934211731,10.096946716308594,1.129150390625,-1.708984375,11.260986328125
13.282499900000001,-0.11671733111143112,0.1586158573627472,9.761159896850586,-5.4931640625,-1.007080078125,-47.7294921875
13.2874999,-0.641047477722168,-0.5434837937355042,9.621099472045898,-8.23974609375,-3.96728515625,-37.689208984375
13.292499900000001,-1.1971008777618408,-0.10594342648983002,9.500192642211914,-3.021240234375,-4.669189453125,3.997802734375
13.2974999,-1.9165585041046143,-0.8553285598754883,9.43494987487793,-21.42333984375,-30.548095703125,31.3720703125
13.3024999,-1.8567034006118774,-0.37169981002807617,9.434351921081543,-18.98193359375,-37.2314453125,18.218994140625
13.3074999,-1.5861586332321167,-1.1115081310272217,9.457097053527832,4.08935546875,-18.1884765625,27.099609375
13.3124999,-0.4710591733455658,-0.8942343592643738,9.800664901733398,7.38525390625,-13.0615234375,52.8564453125
13.3174999,0.4058171808719635,-1.083974838256836,9.926360130310059,1.3427734375,-0.640869140625,34.393310546875
13.3224999,1.9602526426315308,-0.4812345504760742,9.741408348083496,6.256103515625,22.64404296875,-20.3857421875
13.327499900000001,1.9602526426315308,-0.4812345504760742,9.741408348083496,6.256103515625,22.64404296875,-20.3857421875
13.3324999,1.1174936294555664,0.181959331035614,9.734225273132324,-3.448486328125,14.129638671875,-28.564453125
13.337499900000001,0.5165489912033081,0.414795458316803,9.82759952545166,-1.495361328125,10.528564453125,-38.330078125
13.3424999,-0.005386953707784414,0.3124433159828186,9.712677955627441,-2.349853515625,3.35693359375,-43.060302734375
13.3474999,-0.4728548228740692,-0.23523031175136566,9.636661529541016,-8.4228515625,-3.11279296875,-44.43359375
13.3524999,-0.922366201877594,-0.5746083855628967,9.526528358459473,-4.913330078125,-4.08935546875,-12.63427734375
13.3574999,-1.7417817115783691,-0.3321954905986786,9.7605619430542,-12.451171875,-18.829345703125,26.885986328125
13.3624999,0.22685061395168304,-1.2779051065444946,9.731831550598145,3.90625,-5.43212890625,38.57421875
13.3674999,0.7655459642410278,-0.5524620413780212,9.829395294189453,3.143310546875,3.570556640625,29.35791015625
13.372499900000001,1.3335703611373901,-0.002992752008140087,9.90361499786377,3.875732421875,2.197265625,17.08984375
13.3774999,1.525106430053711,0.18974047899246216,9.870695114135742,-0.640869140625,-1.89208984375,3.082275390625
13.382499900000001,1.974617838859558,-0.2603694200515747,9.791088104248047,10.589599609375,11.77978515625,-15.838623046875
13.3874999,1.9584569931030273,-0.6260837316513062,9.910798072814941,17.27294921875,26.91650390625,-12.63427734375
13.3924999,1.8872294425964355,-0.568622887134552,9.71926212310791,13.3056640625,27.03857421875,-10.040283203125
13.3974999,1.3413515090942383,-0.32620999217033386,9.905410766601562,1.708984375,16.4794921875,-24.932861328125
13.4024999,0.7038952708244324,0.22086510062217712,9.864709854125977,-4.058837890625,13.946533203125,-32.562255859375
13.407499900000001,0.22625206410884857,0.4752490520477295,9.741408348083496,-1.312255859375,7.87353515625,-40.496826171875
13.4124999,-1.7830817699432373,-0.8445546627044678,9.713874816894531,-13.5498046875,-32.318115234375,12.359619140625
13.417499900000001,-1.7830817699432373,-0.8445546627044678,9.713874816894531,-13.5498046875,-32.318115234375,12.359619140625
13.4224999,-1.2348095178604126,-1.4077905416488647,9.442731857299805,5.859375,-14.58740234375,34.912109375
13.4274999,-0.24779987335205078,-1.323395013809204,9.77133560180664,6.988525390625,-11.29150390625,48.919677734375
13.4324999,0.4776432514190674,-1.0576386451721191,9.88625717163086,1.8310546875,1.129150390625,30.670166015625
13.4374999,1.1150994300842285,-0.1843535304069519,10.002376556396484,4.08935546875,3.265380859375,22.216796875
13.4424999,1.800439715385437,-0.4189853072166443,9.720458984375,5.859375,20.1416015625,-22.39990234375
13.4474999,1.0217255353927612,0.1825578808784485,9.767146110534668,-3.60107421875,15.228271484375,-28.076171875
13.452499900000001,0.5231330990791321,0.5566518902778625,9.761159896850586,-0.640869140625,11.627197265625,-38.14697265625
13.4574999,-0.020949264988303185,0.3968389332294464,9.821015357971191,-4.8828125,1.495361328125,-45.562744140625
13.462499900000001,-0.5231330990791321,-0.35254621505737305,9.641449928283691,-8.85009765625,-3.23486328125,-40.618896484375
13.4674999,-1.0444705486297607,-0.3992331326007843,9.628880500793457,-2.01416015625,-2.8076171875,-0.152587890625
13.4724999,-1.8351556062698364,-0.8074445128440857,9.543288230895996,-17.2119140625,-26.519775390625,31.43310546875
13.4774999,-1.6531962156295776,-0.8900445103645325,9.510367393493652,-22.247314453125,-38.726806640625,18.890380859375
13.4824999,-1.5454572439193726,-1.3365631103515625,9.473855972290039,0.9765625,-18.73779296875,19.47021484375
13.4874999,-0.46148237586021423,-1.1540051698684692,9.671976089477539,9.552001953125,-13.3056640625,54.0771484375
13.4924999,0.284311443567276,-1.2210428714752197,9.775525093078613,3.2958984375,-1.190185546875,37.65869140625
13.497499900000001,0.849941611289978,-0.4800374507904053,9.964069366455078,2.349853515625,2.166748046875,24.0478515625
13.5024999,1.6208745241165161,0.014365210197865963,10.074800491333008,1.678466796875,3.2958984375,-1.922607421875
13.507499900000001,2.1128830909729004,-0.3926490843296051,9.759963035583496,17.08984375,19.500732421875,-17.333984375
13.5124999,2.035670042037964,-0.5207388401031494,9.907805442810059,17.791748046875,28.9306640625,-8.087158203125
13.5174999,1.7956513166427612,-0.5560533404350281,9.730035781860352,7.2021484375,22.5830078125,-18.218994140625
13.5224999,1.071405291557312,-0.0071826050989329815,9.767744064331055,-2.471923828125,14.0380859375,-26.153564453125
13.5274999,0.4578910768032074,0.28730419278144836,9.850942611694336,-1.220703125,12.39013671875,-37.506103515625
13.532499900000001,0.0293289702385664,0.30705636739730835,9.73542308807373,-2.166748046875,4.82177734375,-41.351318359375
13.5374999,-0.353743314743042,-0.1735796183347702,9.68155288696289,-7.720947265625,-2.532958984375,-41.351318359375
13.542499900000001,-0.8050503134727478,-0.5398924946784973,9.584588050842285,-4.638671875,-3.753662109375,-13.824462890625
13.5474999,-1.6101006269454956,-0.31364041566848755,9.838972091674805,-11.04736328125,-16.815185546875,25.390625
13.5524999,-1.6328455209732056,-0.6057330369949341,9.434351921081543,-24.7802734375,-39.154052734375,23.284912109375
13.5574999,-1.711255669593811,-1.0755951404571533,9.8599214553833,-3.265380859375,-24.10888671875,16.54052734375
13.5624999,0.09397241473197937,-1.4113819599151611,9.750386238098145,3.875732421875,-6.622314453125,39.703369140625
13.5674999,0.6326677799224854,-0.5159504413604736,9.822811126708984,2.960205078125,3.2958984375,31.494140625
13.5724999,1.2970588207244873,0.07003039866685867,9.889848709106445,4.150390625,3.204345703125,18.24951171875
13.577499900000001,1.558625340461731,0.33698388934135437,9.8599214553833,-1.40380859375,-2.685546875,1.617431640625
13.5824999,2.0183119773864746,-0.08499415963888168,9.788095474243164,10.009765625,12.115478515625,-16.693115234375
13.587499900000001,2.0207061767578125,-0.4572925269603729,9.88625717163086,18.585205078125,28.076171875,-11.871337890625
13.5924999,1.8728642463684082,-0.5291185975074768,9.716269493103027,11.65771484375,25.604248046875,-10.3759765625
13.5974999,1.3227964639663696,-0.35913026332855225,9.904812812805176,1.708984375,15.19775390625,-24.383544921875
13.6024999,-0.6536170840263367,-0.596754789352417,9.588777542114258,-6.500244140625,-3.47900390625,-28.62548828125
13.6074999,-1.710058569908142,-0.9349357485771179,9.396044731140137,-24.84130859375,-35.491943359375,29.632568359375
13.6124999,-1.7896658182144165,-0.7104793787002563,9.791088104248047,-12.054443359375,-31.463623046875,14.58740234375
13.6174999,-1.1994950771331787,-1.1504138708114624,9.448118209838867,4.669189453125,-16.387939453125,35.980224609375
13.622499900000001,-0.24121582508087158,-1.1174936294555664,9.783905029296875,5.523681640625,-13.214111328125,48.2177734375
13.6274999,0.5039794445037842,-0.8822633028030396,9.797073364257812,1.3427734375,0.732421875,31.18896484375
13.632499900000001,1.1617863178253174,-0.06584054976701736,9.917980194091797,5.43212890625,5.18798828125,24.261474609375
13.6374999,1.4981716871261597,0.29628247022628784,9.985616683959961,0.18310546875,-2.288818359375,8.60595703125
13.6424999,1.833359956741333,-0.04728548228740692,9.97065258026123,1.953125,3.936767578125,-10.040283203125
13.6474999,2.1062989234924316,-0.44831427931785583,9.738415718078613,18.890380859375,24.749755859375,-17.08984375
13.6524999,1.9147628545761108,-0.6536170840263367,9.798869132995605,14.6484375,27.191162109375,-7.110595703125
13.657499900000001,1.7519570589065552,-0.48063600063323975,9.749189376831055,6.195068359375,19.012451171875,-20.721435546875
13.6624999,0.9409212470054626,0.10594342648983002,9.77791976928711,-2.38037109375,15.380859375,-28.533935546875
13.667499900000001,-0.5506663918495178,-0.3519476354122162,9.643844604492188,-7.9345703125,-3.35693359375,-39.764404296875
13.6724999,-1.0522516965866089,-0.2861070930957794,9.558850288391113,-2.50244140625,-3.72314453125,-0.6103515625
13.6774999,-1.777694821357727,-0.8319851160049438,9.398438453674316,-17.76123046875,-25.7568359375,30.242919921875
13.6824999,0.7811083197593689,-0.25079262256622314,10.086173057556152,4.45556640625,4.94384765625,30.2734375
13.6874999,1.2779051065444946,0.07541735470294952,10.093954086303711,2.288818359375,0.152587890625,14.068603515625
13.6924999,1.5963339805603027,0.13407529890537262,10.034697532653809,-0.54931640625,-0.79345703125,-1.220703125
13.6974999,2.0207061767578125,-0.3315969407558441,9.75278091430664,13.397216796875,16.9677734375,-18.890380859375
13.702499900000001,1.9590555429458618,-0.6607996821403503,9.947908401489258,17.27294921875,28.01513671875,-9.82666015625
13.7074999,1.787870168685913,-0.5434837937355042,9.659406661987305,10.467529296875,23.223876953125,-12.786865234375
13.712499900000001,1.103128433227539,-0.2388216257095337,9.870695114135742,-0.54931640625,14.16015625,-26.55029296875
13.7174999,0.5351040959358215,0.2519897222518921,9.850942611694336,-3.0517578125,14.16015625,-36.102294921875
13.7224999,0.12030863761901855,0.42676645517349243,9.742006301879883,-1.5869140625,7.049560546875,-42.8466796875
13.7274999,-0.2406172752380371,-0.1149216815829277,9.739013671875,-6.988525390625,-1.77001953125,-45.684814453125
13.7324999,-0.6655880808830261,-0.6135141849517822,9.561842918395996,-4.69970703125,-3.631591796875,-18.768310546875
13.7374999,-1.4000093936920166,-0.29867666959762573,9.852140426635742,-8.697509765625,-12.725830078125,23.345947265625
13.7424999,-1.5466543436050415,-0.7637503147125244,9.366117477416992,-26.2451171875,-37.65869140625,26.30615234375
13.747499900000001,-1.668160080909729,-1.0881646871566772,9.789292335510254,-5.55419921875,-25.32958984375,13.519287109375
13.7524999,-0.960673451423645,-0.8972271084785461,9.439739227294922,6.988525390625,-16.571044921875,47.119140625
13.757499900000001,-0.06524199992418289,-1.4077905416488647,9.660603523254395,4.547119140625,-10.25390625,44.219970703125
13.7624999,2.0434510707855225,-0.4985924959182739,9.832986831665039,18.49365234375,26.031494140625,-14.129638671875
13.7674999,1.9153614044189453,-0.5524620413780212,9.736021041870117,14.404296875,25.543212890625,-7.354736328125
13.7724999,1.4951789379119873,-0.42437225580215454,9.75397777557373,3.387451171875,16.632080078125,-23.86474609375
13.7774999,0.8319851160049438,0.2322375625371933,9.744999885559082,-4.5166015625,14.95361328125,-30.21240234375
13.782499900000001,0.345363587141037,0.545877993106842,9.749189376831055,-1.007080078125,10.80322265625,-41.748046875
13.7874999,-0.06524199992418289,0.21966800093650818,9.777320861816406,-5.31005859375,0.79345703125,-50.47607421875
13.792499900000001,-0.5249287486076355,-0.5183446407318115,9.615114212036133,-7.14111328125,-3.509521484375,-36.43798828125
13.7974999,-1.0851719379425049,-0.14844051003456116,9.697713851928711,-2.593994140625,-4.33349609375,9.70458984375
13.8024999,-1.6172832250595093,-0.9852139949798584,9.3643217086792,-23.62060546875,-31.92138671875,31.06689453125
13.8074999,-1.3664906024932861,-1.4221558570861816,9.324816703796387,4.119873046875,-16.815185546875,31.524658203125
13.8124999,-0.4692635238170624,-1.2342109680175781,9.653421401977539,7.99560546875,-16.448974609375,54.656982421875
13.8174999,0.2801215946674347,-1.2348095178604126,9.764751434326172,1.3427734375,-0.732421875,32.257080078125
13.8224999,0.9295487999916077,-0.30945056676864624,9.976638793945312,4.5166015625,4.058837890625,24.90234375
13.827499900000001,1.3323732614517212,0.17657238245010376,10.102334022521973,1.220703125,-1.678466796875,12.63427734375
13.8324999,1.7310078144073486,0.10654197633266449,10.068815231323242,1.3427734375,3.11279296875,-5.126953125
13.837499900000001,2.0703859329223633,-0.37169981002807617,9.769539833068848,16.4794921875,20.56884765625,-16.9677734375
13.8424999,1.0013748407363892,0.02274491637945175,9.797672271728516,-3.23486328125,14.068603515625,-25.634765625
13.8474999,0.4411316514015198,0.37169981002807617,9.874286651611328,-1.89208984375,12.75634765625,-38.63525390625
13.8524999,0.046088382601737976,0.34416648745536804,9.75637149810791,-1.708984375,4.486083984375,-44.342041015625
13.8574999,-1.492186188697815,-0.7140706777572632,9.41639518737793,-23.01025390625,-34.72900390625,19.744873046875
13.8624999,-1.6041151285171509,-1.1450269222259521,9.592369079589844,-1.52587890625,-21.54541015625,18.6767578125
13.8674999,-0.7655459642410278,-0.9151836037635803,9.573814392089844,7.080078125,-18.6767578125,52.91748046875
13.872499900000001,0.050876785069704056,-1.2850877046585083,9.73542308807373,3.96728515625,-7.354736328125,42.327880859375
13.8774999,0.5482721924781799,-0.5201402902603149,9.928155899047852,2.9296875,3.143310546875,30.57861328125
13.882499900000001,1.1803414821624756,0.090979665517807,9.996989250183105,3.692626953125,1.5869140625,18.951416015625
13.8874999,1.547252893447876,0.3663128614425659,9.999382972717285,0.42724609375,-0.579833984375,4.94384765625
13.8924999,1.9632453918457031,-0.0694318488240242,9.914389610290527,7.99560546875,11.53564453125,-16.510009765625
13.8974999,1.9632453918457031,-0.0694318488240242,9.914389610290527,7.99560546875,11.53564453125,-16.510009765625
13.9024999,2.0883424282073975,-0.5249287486076355,9.895236015319824,18.463134765625,27.28271484375,-12.451171875
13.907499900000001,1.3509283065795898,-0.37648820877075195,9.82879638671875,2.471923828125,16.143798828125,-24.0478515625
13.9124999,0.6889315247535706,0.20769700407981873,9.775525093078613,-4.302978515625,14.70947265625,-34.912109375
13.917499900000001,0.2322375625371933,0.44831427931785583,9.747992515563965,-1.3427734375,8.30078125,-45.5322265625
13.9224999,-0.6308721303939819,-0.6290764808654785,9.587580680847168,-6.28662109375,-3.0517578125,-29.937744140625
13.9274999,-0.6308721303939819,-0.6290764808654785,9.587580680847168,-6.28662109375,-3.0517578125,-29.937744140625
13.9324999,-1.247977614402771,-0.29628247022628784,9.904812812805176,-5.584716796875,-7.537841796875,15.777587890625
13.9374999,-1.580173134803772,-0.8846575021743774,9.408614158630371,-24.96337890625,-33.8134765625,29.1748046875
13.9424999,-1.7627309560775757,-0.9564836025238037,9.806051254272461,-9.21630859375,-28.86962890625,14.6484375
13.9474999,-1.1438298225402832,-1.1581950187683105,9.37629222869873,4.45556640625,-17.547607421875,39.4287109375
13.952499900000001,-0.304063618183136,-1.3545196056365967,9.599552154541016,6.072998046875,-15.106201171875,52.42919921875
13.9574999,0.4225766062736511,-0.9941922426223755,9.68933391571045,1.190185546875,0.640869140625,31.646728515625
13.962499900000001,1.0833762884140015,-0.0867898091673851,9.851541519165039,5.828857421875,5.645751953125,24.35302734375
13.9674999,2.09672212600708,-0.3932476341724396,9.761758804321289,18.402099609375,24.993896484375,-16.693115234375
13.9724999,2.09672212600708,-0.3932476341724396,9.761758804321289,18.402099609375,24.993896484375,-16.693115234375
13.9774999,1.974617838859558,-0.47884035110473633,9.895236015319824,16.265869140625,27.557373046875,-7.87353515625
13.9824999,1.702277421951294,-0.3944447338581085,9.783905029296875,6.134033203125,19.683837890625,-20.050048828125
13.9874999,0.8643068075180054,0.11851298063993454,9.817423820495605,-4.486083984375,13.85498046875,-29.541015625
13.9924999,0.375291109085083,0.4106055796146393,9.871294021606445,-2.105712890625,10.07080078125,-42.6025390625
13.997499900000001,-0.08140286058187485,0.25917232036590576,9.727043151855469,-2.44140625,2.777099609375,-46.600341796875
14.0024999,-0.9403226971626282,-0.09636662155389786,9.461885452270508,-3.662109375,-3.84521484375,-1.64794921875
14.007499900000001,-0.9403226971626282,-0.09636662155389786,9.461885452270508,-3.662109375,-3.84521484375,-1.64794921875
14.0124999,-1.5933412313461304,-0.8690952062606812,9.386467933654785,-20.1416015625,-25.482177734375,29.022216796875
14.0174999,-1.5179238319396973,-0.22445641458034515,9.450512886047363,-18.73779296875,-33.0810546875,17.913818359375
14.0224999,-1.4832079410552979,-1.1324573755264282,9.45111083984375,1.953125,-19.561767578125,24.59716796875
14.0274999,0.19931729137897491,-1.0247182846069336,9.909601211547852,2.38037109375,-4.57763671875,36.0107421875
14.032499900000001,0.6823474764823914,-0.33997663855552673,10.128670692443848,4.791259765625,5.18798828125,30.09033203125
14.0374999,1.1767501831054688,-0.01975216343998909,10.133459091186523,2.838134765625,0.9765625,15.5029296875
14.042499900000001,1.589151382446289,0.2621650993824005,9.98681354522705,-0.06103515625,-0.396728515625,0.457763671875
14.0474999,1.9015947580337524,-0.2495955228805542,9.886856079101562,10.25390625,15.44189453125,-18.890380859375
14.0524999,1.9841946363449097,-0.6099228858947754,9.858125686645508,16.6015625,27.34375,-10.894775390625
14.0574999,1.8070237636566162,-0.49140989780426025,9.646238327026367,13.031005859375,23.712158203125,-12.02392578125
14.0624999,1.1569979190826416,-0.414795458316803,9.882665634155273,0.732421875,14.678955078125,-24.688720703125
14.0674999,0.5764040350914001,0.1999158412218094,9.7605619430542,-4.425048828125,13.671875,-34.698486328125
14.0724999,0.15442600846290588,0.43035775423049927,9.798869132995605,-1.861572265625,6.89697265625,-45.196533203125
14.077499900000001,-0.21547815203666687,-0.07422025501728058,9.762357711791992,-6.622314453125,-1.03759765625,-47.9736328125
14.0824999,-1.6376339197158813,-1.05105459690094,9.816226959228516,-4.39453125,-24.505615234375,14.7705078125
14.087499900000001,-1.0043675899505615,-1.016338586807251,9.414599418640137,4.913330078125,-18.157958984375,45.47119140625
14.0924999,-0.17417816817760468,-1.382651448249817,9.684545516967773,5.18798828125,-13.702392578125,47.393798828125
14.0974999,0.3926490843296051,-0.7841010689735413,9.758167266845703,2.044677734375,2.197265625,30.21240234375
14.1024999,1.0809820890426636,0.05147533491253853,9.885659217834473,4.669189453125,4.21142578125,21.331787109375
14.1074999,1.4335283041000366,0.39863458275794983,9.976638793945312,-0.30517578125,-2.62451171875,6.927490234375
14.1124999,1.844732403755188,0.047884032130241394,9.988609313964844,3.753662109375,7.99560546875,-14.16015625
14.1174999,2.050633668899536,-0.4189853072166443,9.7605619430542,18.9208984375,26.611328125,-14.34326171875
14.122499900000001,1.8932149410247803,-0.6099228858947754,9.817423820495605,14.678955078125,25.2685546875,-8.30078125
14.1274999,1.5831658840179443,-0.43754035234451294,9.75637149810791,4.974365234375,17.120361328125,-21.270751953125
14.132499900000001,0.801459014415741,0.12270283699035645,9.776124000549316,-3.0517578125,13.85498046875,-27.435302734375
14.1374999,-0.5099649429321289,-0.3770867586135864,9.637859344482422,-7.476806640625,-3.0517578125,-39.642333984375
14.1424999,-1.0384849309921265,-0.07960720360279083,9.573814392089844,-2.13623046875,-3.631591796875,4.058837890625
14.1474999,-1.6484078168869019,-1.0630255937576294,9.349357604980469,-21.42333984375,-28.1982421875,29.72412109375
14.1524999,-1.5568296909332275,-0.5249287486076355,9.501389503479004,-17.08984375,-32.470703125,16.54052734375
14.157499900000001,-1.4688427448272705,-1.4437036514282227,9.423578262329102,2.8076171875,-18.768310546875,27.587890625
14.1624999,-0.4866214990615845,-1.0576386451721191,9.814431190490723,6.256103515625,-19.22607421875,55.999755859375
14.167499900000001,0.18136078119277954,-1.1761516332626343,9.937732696533203,1.953125,-2.838134765625,36.376953125
14.1724999,0.7050924301147461,-0.3645172119140625,10.116100311279297,4.5166015625,4.302978515625,30.364990234375
14.1774999,1.1683704853057861,0.08080431073904037,10.139444351196289,1.89208984375,-0.762939453125,15.44189453125
14.1824999,1.5520412921905518,0.2082955539226532,10.004770278930664,0.762939453125,1.52587890625,-0.79345703125
14.1874999,1.1342530250549316,-0.22086510062217712,9.825204849243164,0.457763671875,14.434814453125,-23.98681640625
14.1924999,0.578798234462738,0.2651578485965729,9.838373184204102,-3.082275390625,13.824462890625,-38.14697265625
14.1974999,0.16879121959209442,0.4800374507904053,9.738415718078613,-2.471923828125,6.683349609375,-46.20361328125
14.202499900000001,-0.16998831927776337,-0.08200141042470932,9.738415718078613,-7.4462890625,-1.46484375,-48.76708984375
14.2074999,-0.606930136680603,-0.5620388388633728,9.588179588317871,-4.364013671875,-3.47900390625,-18.12744140625
14.212499900000001,-1.3353660106658936,-0.48303020000457764,9.809642791748047,-10.07080078125,-13.519287109375,23.040771484375
14.2174999,-1.4586673974990845,-0.912190854549408,9.364919662475586,-24.627685546875,-34.1796875,24.627685546875
14.2224999,-1.679532527923584,-1.3329718112945557,9.764751434326172,-3.35693359375,-24.261474609375,15.93017578125
14.2274999,-0.9522937536239624,-0.983418345451355,9.437344551086426,5.645751953125,-19.04296875,49.25537109375
14.2324999,-0.14484919607639313,-1.4676456451416016,9.689932823181152,4.913330078125,-10.68115234375,46.38671875
14.2374999,1.1312602758407593,0.11312603205442429,9.895236015319824,5.126953125,4.547119140625,22.979736328125
14.2424999,1.931522250175476,0.004189853090792894,9.958083152770996,5.67626953125,9.21630859375,-14.0380859375
14.247499900000001,2.11946702003479,-0.5027823448181152,9.829395294189453,18.37158203125,27.130126953125,-15.106201171875
14.2524999,1.9476830959320068,-0.5237316489219666,9.75637149810791,15.0146484375,26.275634765625,-8.270263671875
14.257499900000001,1.5436615943908691,-0.3932476341724396,9.80904483795166,3.692626953125,16.754150390625,-22.03369140625
14.2624999,0.8110358119010925,0.20709845423698425,9.725846290588379,-3.936767578125,14.404296875,-31.67724609375
14.2674999,0.3411737382411957,0.44173020124435425,9.807249069213867,-1.3427734375,9.46044921875,-44.43359375
14.2724999,-0.06165069341659546,0.15562310814857483,9.751583099365234,-3.875732421875,1.800537109375,-48.2177734375
14.2774999,-0.507570743560791,-0.5716156363487244,9.655815124511719,-7.50732421875,-3.936767578125,-37.353515625
14.282499900000001,-0.9882067441940308,-0.06823474913835526,9.6803560256958,-3.326416015625,-4.547119140625,3.662109375
14.2874999,-1.5807716846466064,-0.7727286219596863,9.452308654785156,-22.15576171875,-27.557373046875,30.303955078125
14.292499900000001,1.3162124156951904,0.08140286058187485,10.078392028808594,2.197265625,0.518798828125,12.87841796875
14.2974999,1.68970787525177,0.19931729137897491,9.956287384033203,0.54931640625,0.396728515625,-2.685546875
14.3024999,1.9806033372879028,-0.40701428055763245,9.774328231811523,13.00048828125,18.524169921875,-18.49365234375
14.3074999,1.9446903467178345,-0.6386532783508301,9.93474006652832,16.29638671875,26.611328125,-8.9111328125
14.3124999,1.7322049140930176,-0.4926069974899292,9.653421401977539,10.345458984375,21.54541015625,-14.0380859375
14.3174999,1.027711033821106,-0.24779987335205078,9.877877235412598,-1.251220703125,13.7939453125,-25.146484375
14.3224999,0.5045779943466187,0.2974795699119568,9.830592155456543,-3.509521484375,13.214111328125,-37.261962890625
14.327499900000001,0.11312603205442429,0.4058171808719635,9.727641105651855,-1.190185546875,5.859375,-44.921875
14.3324999,-1.4443022012710571,-0.7960720658302307,9.393052101135254,-24.871826171875,-34.24072265625,24.169921875
14.337499900000001,-1.6980875730514526,-1.202487826347351,9.799467086791992,-3.143310546875,-24.169921875,15.19775390625
14.3424999,-1.0558429956436157,-0.8409633636474609,9.485827445983887,5.67626953125,-19.256591796875,49.4384765625
14.3474999,-0.21009120345115662,-1.2964602708816528,9.730035781860352,4.302978515625,-10.92529296875,43.5791015625
14.3524999,0.35913026332855225,-0.5021837949752808,9.852738380432129,0.48828125,1.007080078125,30.548095703125
14.3574999,1.0833762884140015,0.17298106849193573,9.946710586547852,5.584716796875,4.791259765625,23.773193359375
14.3624999,1.4562731981277466,0.4554968774318695,10.001777648925781,0.335693359375,-2.288818359375,8.7890625
14.3674999,1.8453309535980225,0.0035913025494664907,10.004171371459961,3.662109375,7.32421875,-12.75634765625
14.372499900000001,2.072780132293701,-0.5285200476646423,9.77013874053955,18.035888671875,25.115966796875,-13.916015625
14.3774999,1.9422961473464966,-0.5566518902778625,9.79647445678711,15.960693359375,25.665283203125,-8.148193359375
14.382499900000001,0.8391677141189575,0.15083470940589905,9.742605209350586,-4.669189453125,13.73291015625,-28.106689453125
14.3874999,0.3902548849582672,0.44771572947502136,9.817423820495605,-1.129150390625,10.528564453125,-41.900634765625
14.3924999,-0.07900865375995636,0.19273324310779572,9.763554573059082,-3.47900390625,1.678466796875,-45.83740234375
14.3974999,-0.47884035110473633,-0.5021837949752808,9.64564037322998,-7.32421875,-3.2958984375,-38.726806640625
14.4024999,-0.943913996219635,-0.11611878126859665,9.585186958312988,-3.0517578125,-3.631591796875,0.9765625
14.407499900000001,-1.5322890281677246,-0.9774328470230103,9.318831443786621,-21.636962890625,-25.87890625,28.50341796875
14.4124999,-1.4550760984420776,-0.5710170865058899,9.511565208435059,-17.63916015625,-31.585693359375,15.44189453125
14.417499900000001,-1.4012064933776855,-1.4975731372833252,9.330204010009766,3.387451171875,-18.61572265625,27.313232421875
14.4224999,-0.4537012279033661,-1.094150185585022,9.773730278015137,7.6904296875,-18.73779296875,55.2978515625
14.4274999,0.19692309200763702,-1.1737574338912964,9.885659217834473,0.457763671875,-3.326416015625,32.318115234375
14.4324999,0.7128735780715942,-0.2735375463962555,10.094552993774414,3.448486328125,3.387451171875,26.91650390625
14.4374999,1.1893197298049927,0.16160862147808075,10.120290756225586,2.532958984375,-0.701904296875,15.045166015625
14.4424999,1.7411831617355347,-0.45429977774620056,9.673172950744629,10.986328125,22.8271484375,-13.702392578125
14.4474999,1.137245774269104,-0.27712884545326233,9.873088836669922,0.091552734375,15.07568359375,-23.74267578125
14.452499900000001,0.5829881429672241,0.2819172441959381,9.855731010437012,-3.936767578125,13.824462890625,-37.811279296875
14.4574999,0.1586158573627472,0.43694180250167847,9.798869132995605,-2.01416015625,5.79833984375,-46.051025390625
14.462499900000001,-0.181959331035614,-0.10534487664699554,9.762357711791992,-6.805419921875,-1.77001953125,-47.698974609375
14.4674999,-0.5925649404525757,-0.596754789352417,9.596558570861816,-4.94384765625,-3.35693359375,-20.660400390625
14.4724999,-1.2832920551300049,-0.4620809257030487,9.803058624267578,-10.589599609375,-12.603759765625,21.209716796875
14.4774999,-1.4520833492279053,-0.9397241473197937,9.330802917480469,-25.81787109375,-32.89794921875,23.284912109375
14.4824999,-1.68970787525177,-1.3198037147521973,9.651625633239746,-4.08935546875,-25.115966796875,15.93017578125
14.4874999,-0.9995791912078857,-1.1761516332626343,9.378686904907227,7.62939453125,-19.134521484375,49.49951171875
14.4924999,-0.2106897532939911,-1.4730325937271118,9.57979965209961,5.06591796875,-10.498046875,46.9970703125
14.497499900000001,0.3663128614425659,-0.761954665184021,9.764751434326172,0.244140625,0.48828125,29.84619140625
14.5024999,1.0570400953292847,0.05267243832349777,9.915586471557617,4.241943359375,1.983642578125,21.91162109375
14.507499900000001,1.3964180946350098,0.375291109085083,9.979631423950195,2.532958984375,0.396728515625,11.90185546875
14.5124999,1.3964180946350098,0.375291109085083,9.979631423950195,2.532958984375,0.396728515625,11.90185546875
14.5174999,1.7920600175857544,0.031124621629714966,10.051457405090332,4.669189453125,7.62939453125,-10.3759765625
14.5224999,2.079962730407715,-0.5644330382347107,9.79288387298584,17.822265625,24.10888671875,-15.106201171875
14.5274999,1.9524714946746826,-0.517746090888977,9.876082420349121,14.83154296875,26.0009765625,-10.528564453125
14.532499900000001,1.6226701736450195,-0.4040215313434601,9.725247383117676,6.195068359375,19.95849609375,-20.294189453125
14.5374999,0.8966285586357117,0.19871874153614044,9.783905029296875,-4.669189453125,15.045166015625,-32.928466796875
14.542499900000001,0.3513490855693817,0.6171054840087891,9.765948295593262,-2.86865234375,8.72802734375,-46.539306640625
14.5474999,-0.1173158809542656,0.33997663855552673,9.7791166305542,-5.79833984375,0.18310546875,-52.55126953125
14.5524999,-1.5424644947052002,-1.013944387435913,9.404424667358398,-23.92578125,-28.25927734375,29.35791015625
14.5574999,-1.766920804977417,-1.0259153842926025,9.6803560256958,-15.13671875,-31.768798828125,16.7236328125
14.5624999,0.17537526786327362,-1.2539631128311157,9.753378868103027,1.373291015625,-0.640869140625,34.423828125
14.5674999,0.861314058303833,-0.32022446393966675,9.97364616394043,4.180908203125,3.2958984375,27.984619140625
14.5724999,1.1971008777618408,0.25079262256622314,10.046070098876953,3.173828125,-0.762939453125,19.95849609375
14.577499900000001,1.6053122282028198,0.36810851097106934,10.083779335021973,3.021240234375,3.90625,1.64794921875
14.5824999,2.0219032764434814,-0.39145198464393616,9.702502250671387,13.671875,16.05224609375,-16.4794921875
14.587499900000001,2.1314380168914795,-0.5626373887062073,10.025120735168457,18.280029296875,28.167724609375,-14.678955078125
14.5924999,2.0242974758148193,-0.4596867263317108,9.64923095703125,13.36669921875,28.106689453125,-14.70947265625
14.5974999,-0.9493009448051453,-0.13407529890537262,9.46487808227539,-2.86865234375,-3.326416015625,-3.875732421875
14.6024999,-1.6041151285171509,-0.8535329103469849,9.376891136169434,-19.622802734375,-23.01025390625,29.144287109375
14.6074999,-1.5053542852401733,-0.861314058303833,9.253589630126953,-22.857666015625,-34.36279296875,20.56884765625
14.6124999,-1.5388731956481934,-1.600523829460144,9.32541561126709,2.349853515625,-21.3623046875,24.658203125
14.6174999,-0.5925649404525757,-1.4963760375976562,9.635464668273926,9.552001953125,-19.561767578125,56.793212890625
14.622499900000001,0.05985504388809204,-1.546055793762207,9.818621635437012,2.62451171875,-2.50244140625,39.61181640625
14.6274999,0.5997475385665894,-0.6254851818084717,10.0765962600708,3.814697265625,3.7841796875,31.73828125
14.632499900000001,1.025316834449768,0.07062894850969315,10.139444351196289,3.23486328125,-0.732421875,22.15576171875
14.6374999,1.4053963422775269,0.30047231912612915,10.054450035095215,3.509521484375,3.387451171875,7.32421875
14.6424999,2.160767078399658,-0.6224924325942993,9.955090522766113,17.51708984375,28.076171875,-14.83154296875
14.6474999,2.120664119720459,-0.5225345492362976,9.620500564575195,15.869140625,30.2734375,-14.739990234375
14.6524999,1.4754267930984497,-0.23582886159420013,9.891644477844238,-0.640869140625,19.317626953125,-28.9306640625
14.657499900000001,0.7661445140838623,0.4495113790035248,9.726444244384766,-5.67626953125,11.8408203125,-44.677734375
14.6624999,0.11552023142576218,0.5961562395095825,9.725247383117676,-4.57763671875,0.8544921875,-51.94091796875
14.667499900000001,-0.4411316514015198,-0.0999579206109047,9.640253067016602,-8.575439453125,-4.364013671875,-47.760009765625
14.6724999,-0.8421604633331299,-0.5321113467216492,9.5408935546875,-4.119873046875,-3.936767578125,-15.68603515625
14.6774999,-1.602918028831482,-0.6937199234962463,9.701305389404297,-12.87841796875,-15.93017578125,25.360107421875
14.6824999,-1.613093376159668,-1.0426748991012573,9.359533309936523,-25.634765625,-35.980224609375,25.909423828125
14.6874999,-1.7519570589065552,-1.3066356182098389,9.634865760803223,0.91552734375,-24.59716796875,20.599365234375
14.6924999,-0.9163807034492493,-0.9876081943511963,9.525331497192383,8.697509765625,-18.890380859375,55.206298828125
14.6974999,-0.025737667456269264,-1.2515689134597778,9.694122314453125,1.129150390625,-4.8828125,38.818359375
14.702499900000001,2.1134815216064453,-0.5237316489219666,9.947309494018555,17.608642578125,27.7099609375,-12.115478515625
14.7074999,2.0620062351226807,-0.4644751250743866,9.663596153259277,12.939453125,28.533935546875,-13.763427734375
14.712499900000001,1.4856021404266357,-0.262763649225235,9.906009674072266,1.77001953125,18.85986328125,-27.862548828125
14.7174999,0.8523358106613159,0.2735375463962555,9.831789016723633,-3.692626953125,14.5263671875,-38.848876953125
14.7224999,0.2513911724090576,0.4734533727169037,9.727043151855469,-3.753662109375,3.997802734375,-49.407958984375
14.7274999,-0.21368250250816345,-0.0017956512747332454,9.697115898132324,-8.97216796875,-3.753662109375,-51.788330078125
14.7324999,-0.729034423828125,-0.5781996846199036,9.541492462158203,-6.439208984375,-3.997802734375,-29.96826171875
14.7374999,-1.4413094520568848,-0.333991140127182,9.881468772888184,-7.476806640625,-9.429931640625,16.326904296875
14.7424999,-1.7483657598495483,-0.8427590131759644,9.345766067504883,-26.9775390625,-34.97314453125,31.036376953125
14.747499900000001,1.8734627962112427,-0.08738835901021957,9.882665634155273,7.843017578125,8.026123046875,-10.92529296875
14.7524999,2.056619167327881,-0.46746787428855896,9.870695114135742,17.822265625,24.200439453125,-12.908935546875
14.757499900000001,1.9614497423171997,-0.49320554733276367,9.738415718078613,13.275146484375,26.9775390625,-10.25390625
14.7624999,1.5544354915618896,-0.545877993106842,9.868300437927246,4.45556640625,19.775390625,-25.238037109375
14.7674999,0.961870551109314,0.10714052617549896,9.79408073425293,-2.25830078125,16.9677734375,-32.928466796875
14.7724999,0.36092591285705566,0.2645592987537384,9.716269493103027,-1.739501953125,7.99560546875,-44.403076171875
14.7774999,-0.12629413604736328,0.10893617570400238,9.739013671875,-6.561279296875,-2.01416015625,-46.20361328125
14.782499900000001,-1.7866730690002441,-0.751779317855835,9.450512886047363,-24.0478515625,-30.731201171875,30.1513671875
14.7874999,-1.922544002532959,-0.8559271097183228,9.781511306762695,-13.214111328125,-33.5693359375,18.646240234375
14.792499900000001,-1.5328876972198486,-0.7481880187988281,9.509170532226562,6.4697265625,-21.636962890625,40.313720703125
14.7974999,-0.5201402902603149,-1.0001777410507202,9.845556259155273,2.86865234375,-13.12255859375,44.342041015625
14.8024999,0.34416648745536804,-0.5428852438926697,9.814431190490723,-2.25830078125,-1.556396484375,28.3203125
14.8074999,1.1300631761550903,0.23343466222286224,9.895833969116211,9.3994140625,8.392333984375,32.40966796875
14.8124999,1.5047557353973389,0.3561375141143799,9.964667320251465,3.814697265625,1.46484375,14.434814453125
14.8174999,1.7741034030914307,-0.035913024097681046,9.90122127532959,1.861572265625,1.007080078125,-3.90625
14.8224999,2.1128830909729004,-0.5333084464073181,9.79408073425293,17.730712890625,20.1416015625,-15.869140625
14.827499900000001,2.0644004344940186,-0.4357447028160095,9.770736694335938,16.6015625,29.327392578125,-7.293701171875
14.8324999,2.0027496814727783,-0.517746090888977,9.780912399291992,4.974365234375,22.27783203125,-23.834228515625
14.837499900000001,-0.013168109580874443,0.21966800093650818,9.743204116821289,-3.41796875,0.9765625,-40.435791015625
14.8424999,-0.5847837924957275,-0.48243165016174316,9.66299819946289,-9.735107421875,-4.7607421875,-40.924072265625
14.8474999,-1.0767922401428223,-0.2148796021938324,9.603741645812988,-3.814697265625,-3.814697265625,-7.32421875
14.8524999,-1.8824410438537598,-0.6123170852661133,9.643245697021484,-17.578125,-21.209716796875,27.83203125
14.8574999,-1.8698714971542358,-0.4100070297718048,9.411606788635254,-21.05712890625,-35.797119140625,22.857666015625
14.8624999,-1.8477251529693604,-0.7553706169128418,9.59596061706543,5.37109375,-23.284912109375,29.388427734375
14.8674999,-0.7841010689735413,-0.21428105235099792,9.625887870788574,4.45556640625,-18.402099609375,52.490234375
14.872499900000001,0.28131869435310364,-0.5309142470359802,9.768342971801758,-2.01416015625,-3.387451171875,27.740478515625
14.8774999,0.9840168952941895,0.20470423996448517,9.989208221435547,5.79833984375,5.2490234375,33.172607421875
14.882499900000001,0.10474632680416107,0.284311443567276,9.66958236694336,-1.129150390625,3.5400390625,-38.360595703125
14.8874999,-0.2849099934101105,-0.17657238245010376,9.695320129394531,-9.185791015625,-4.2724609375,-45.654296875
14.8924999,-0.7308300733566284,-0.5225345492362976,9.571419715881348,-6.805419921875,-4.119873046875,-27.52685546875
14.8974999,-1.4113819599151611,-0.363918662071228,9.818621635437012,-8.697509765625,-9.857177734375,17.730712890625
14.9024999,-1.657984733581543,-0.5494692921638489,9.381080627441406,-24.139404296875,-35.247802734375,30.914306640625
14.907499900000001,-1.8584990501403809,-0.8445546627044678,9.847352027893066,-2.50244140625,-29.78515625,20.965576171875
14.9124999,-1.1773487329483032,-0.3315969407558441,9.520543098449707,3.265380859375,-21.942138671875,49.98779296875
14.917499900000001,1.721431016921997,0.07661445438861847,9.946710586547852,2.777099609375,1.373291015625,4.0283203125
14.9224999,1.8387469053268433,-0.4016273319721222,9.765948295593262,2.899169921875,1.708984375,-14.95361328125
14.9274999,1.8596961498260498,-0.6027402877807617,9.893440246582031,16.632080078125,23.468017578125,-11.8408203125
14.9324999,1.8417396545410156,-0.49380409717559814,9.70429801940918,15.625,28.594970703125,-8.758544921875
14.9374999,1.4269442558288574,-0.595557689666748,9.860519409179688,3.143310546875,20.44677734375,-27.374267578125
14.9424999,0.8990227580070496,0.07781155407428741,9.73542308807373,-2.349853515625,17.08984375,-29.327392578125
14.9474999,0.3423708379268646,0.16101007163524628,9.625288963317871,0.701904296875,7.598876953125,-36.56005859375
14.952499900000001,-0.07242459803819656,0.05147533491253853,9.72165584564209,-4.547119140625,-1.220703125,-39.276123046875
14.9574999,-0.5165489912033081,-0.5704185366630554,9.619902610778809,-9.368896484375,-3.84521484375,-40.130615234375
14.962499900000001,-1.0522516965866089,0.0736217051744461,9.53969669342041,-3.265380859375,-2.655029296875,-0.457763671875
14.9674999,-1.9776105880737305,-0.7122750282287598,9.464279174804688,-15.56396484375,-35.430908203125,22.64404296875
14.9724999,-1.7794904708862305,-0.9720458984375,9.361329078674316,3.936767578125,-23.98681640625,36.346435546875
14.9774999,-0.6835445761680603,-0.8104372620582581,9.855133056640625,0.18310546875,-17.63916015625,41.93115234375
14.9824999,0.5410895943641663,-0.9373299479484558,9.947908401489258,-2.471923828125,-2.593994140625,15.5029296875
14.9874999,1.3431471586227417,-0.01735796220600605,10.178948402404785,5.43212890625,6.04248046875,27.89306640625
14.9924999,1.8160020112991333,-0.04489128291606903,10.125677108764648,10.8642578125,12.14599609375,14.95361328125
14.997499900000001,1.810615062713623,-0.09935937076807022,10.110713958740234,-1.983642578125,-3.84521484375,-4.57763671875
15.0024999,1.9285295009613037,-0.5063736438751221,9.798270225524902,11.8408203125,12.176513671875,-17.15087890625
15.007499900000001,1.777096152305603,-0.33518823981285095,9.822212219238281,17.120361328125,27.2216796875,-5.06591796875
15.0124999,1.6723499298095703,-0.5548562407493591,9.734225273132324,8.23974609375,24.383544921875,-21.1181640625
15.0174999,1.1073182821273804,-0.05267243832349777,9.661202430725098,0.1220703125,19.378662109375,-25.421142578125
15.0224999,0.547075092792511,0.07960720360279083,9.825803756713867,0.18310546875,12.969970703125,-36.80419921875
15.0274999,-0.262763649225235,-0.21308395266532898,9.687539100646973,-8.30078125,-2.3193359375,-41.93115234375
15.032499900000001,-0.6973112225532532,-0.5105634927749634,9.586981773376465,-6.77490234375,-3.692626953125,-21.514892578125
15.0374999,-1.3988122940063477,-0.3010708689689636,9.824606895446777,-8.697509765625,-10.650634765625,16.845703125
15.042499900000001,-1.169567584991455,-0.4279635548591614,9.514557838439941,2.9296875,-22.552490234375,48.370361328125
15.0474999,-0.11312603205442429,-0.7146692276000977,9.916184425354004,-0.48828125,-8.575439453125,26.458740234375
15.0524999,0.706289529800415,-0.45489832758903503,9.97364616394043,-2.105712890625,-0.30517578125,19.83642578125
15.0574999,1.3982137441635132,0.04249707981944084,9.98681354522705,12.969970703125,13.427734375,28.1982421875
15.0624999,1.3982137441635132,0.04249707981944084,9.98681354522705,12.969970703125,13.427734375,28.1982421875
15.0674999,1.647210717201233,0.04429273307323456,9.968857765197754,3.021240234375,1.129150390625,5.096435546875
15.0724999,1.7675193548202515,-0.4165911078453064,9.780912399291992,1.678466796875,0.244140625,-12.5732421875
15.077499900000001,1.811812162399292,-0.44412440061569214,9.716867446899414,14.984130859375,28.076171875,-8.209228515625
15.0824999,1.4305355548858643,-0.6045359373092651,9.823410034179688,2.655029296875,20.294189453125,-25.69580078125
15.087499900000001,0.9199720025062561,0.05686229094862938,9.755773544311523,-2.166748046875,16.05224609375,-31.005859375
15.0924999,0.3663128614425659,0.12270283699035645,9.65222454071045,1.64794921875,8.97216796875,-35.125732421875
15.0974999,-0.0736217051744461,0.004189853090792894,9.704896926879883,-4.0283203125,0.79345703125,-35.2783203125
15.1024999,-0.5213374495506287,-0.5506663918495178,9.585186958312988,-9.613037109375,-4.302978515625,-34.7900390625
15.1074999,-1.0708067417144775,0.15741875767707825,9.570222854614258,-3.692626953125,-4.119873046875,1.495361328125
15.1124999,-1.7531541585922241,-0.5817909836769104,9.429563522338867,-21.8505859375,-27.252197265625,26.91650390625
15.1174999,-1.9692308902740479,-0.4578910768032074,9.571419715881348,-15.5029296875,-34.3017578125,19.622802734375
15.122499900000001,1.8195933103561401,-0.09576806426048279,10.05923843383789,-1.0986328125,-2.74658203125,-2.960205078125
15.1274999,2.0602104663848877,-0.585382342338562,9.792284965515137,15.31982421875,16.90673828125,-16.4794921875
15.132499900000001,1.987187385559082,-0.4794389009475708,9.858723640441895,17.852783203125,28.778076171875,-5.645751953125
15.1374999,1.7711106538772583,-0.6572083830833435,9.737217903137207,6.7138671875,23.162841796875,-21.514892578125
15.1424999,1.1049240827560425,-0.03531447425484657,9.66958236694336,-1.800537109375,16.54052734375,-26.397705078125
15.1474999,0.48303020000457764,0.1693897694349289,9.853337287902832,-0.42724609375,12.02392578125,-39.337158203125
15.1524999,0.02992752194404602,0.25917232036590576,9.699509620666504,-1.556396484375,3.387451171875,-36.407470703125
15.157499900000001,-0.3645172119140625,-0.22505496442317963,9.68933391571045,-8.36181640625,-2.74658203125,-38.330078125
15.1624999,-0.7757213711738586,-0.45429977774620056,9.59835433959961,-5.55419921875,-3.997802734375,-15.625
15.167499900000001,-1.558625340461731,-0.3734954595565796,9.747992515563965,-12.8173828125,-15.411376953125,20.3857421875
15.1724999,-1.6316484212875366,-0.5009866952896118,9.425373077392578,-23.25439453125,-35.15625,24.71923828125
15.1774999,-0.9702502489089966,-0.30526071786880493,9.520543098449707,3.96728515625,-21.514892578125,52.1240234375
15.1824999,0.038307227194309235,-0.8337807655334473,9.737217903137207,1.03759765625,-5.767822265625,30.731201171875
15.1874999,0.6637924313545227,-0.243011474609375,9.941922187805176,1.312255859375,2.50244140625,29.998779296875
15.1924999,1.346139907836914,-0.0065840547904372215,9.924564361572266,8.97216796875,9.27734375,22.430419921875
15.1974999,1.5879542827606201,0.15023615956306458,9.925163269042969,0.1220703125,-2.410888671875,4.180908203125
15.202499900000001,1.9369091987609863,-0.4082113802433014,9.720458984375,8.758544921875,8.97216796875,-14.95361328125
15.2074999,1.9949685335159302,-0.5237316489219666,9.847949981689453,18.463134765625,27.618408203125,-10.498046875
15.212499900000001,1.9410990476608276,-0.4908113479614258,9.740809440612793,11.90185546875,27.191162109375,-12.603759765625
15.2174999,1.4257471561431885,-0.363918662071228,9.921571731567383,1.068115234375,17.486572265625,-25.634765625
15.2224999,0.7876923680305481,0.22744916379451752,9.923966407775879,-2.38037109375,14.556884765625,-36.4990234375
15.2274999,0.25977087020874023,0.25258827209472656,9.733627319335938,-0.457763671875,6.439208984375,-40.8935546875
15.2324999,-0.6524199843406677,-0.6338648796081543,9.578003883361816,-8.1787109375,-4.82177734375,-30.1513671875
15.2374999,-1.278503656387329,-0.06823474913835526,9.86111831665039,-5.43212890625,-7.049560546875,8.148193359375
15.2424999,-1.7286136150360107,-0.5512649416923523,9.339780807495117,-24.810791015625,-31.402587890625,29.4189453125
15.247499900000001,-1.8854337930679321,-0.7709329724311829,9.877279281616211,-10.162353515625,-32.2265625,18.890380859375
15.2524999,-1.4520833492279053,-0.4836287498474121,9.3828763961792,5.7373046875,-21.636962890625,42.6025390625
15.257499900000001,-0.41359832882881165,-0.899621307849884,9.828198432922363,3.204345703125,-13.427734375,42.78564453125
15.2624999,0.3974374830722809,-0.37648820877075195,9.825204849243164,-1.28173828125,-0.42724609375,27.64892578125
15.2674999,1.1791443824768066,0.30047231912612915,9.930550575256348,8.85009765625,9.27734375,30.2734375
15.2724999,1.5825673341751099,0.40880993008613586,10.020931243896484,2.5634765625,0.18310546875,10.3759765625
15.2774999,1.8734627962112427,-0.04908113554120064,9.932944297790527,2.685546875,1.89208984375,-7.38525390625
15.282499900000001,2.115875720977783,-0.5793967843055725,9.882067680358887,18.524169921875,23.3154296875,-15.9912109375
15.2874999,2.011728048324585,-0.49140989780426025,9.783307075500488,16.17431640625,29.4189453125,-6.2255859375
15.292499900000001,0.5728127360343933,0.30945056676864624,9.749788284301758,-0.762939453125,9.70458984375,-40.8935546875
15.2974999,-0.02274491637945175,0.2519897222518921,9.731232643127441,-3.448486328125,1.77001953125,-40.924072265625
15.3024999,-0.5781996846199036,-0.4315548539161682,9.638457298278809,-9.490966796875,-5.218505859375,-39.36767578125
15.3074999,-1.0426748991012573,-0.21547815203666687,9.619902610778809,-4.45556640625,-5.0048828125,-7.62939453125
15.3124999,-1.8351556062698364,-0.9570821523666382,9.603741645812988,-17.4560546875,-22.0947265625,27.496337890625
15.3174999,-1.7393875122070312,-0.47884035110473633,9.475651741027832,-20.172119140625,-35.33935546875,22.552490234375
15.3224999,-1.7741034030914307,-1.1605892181396484,9.515754699707031,4.08935546875,-22.8271484375,27.9541015625
15.327499900000001,-0.7266402244567871,-0.35015198588371277,9.607931137084961,3.692626953125,-19.53125,52.24609375
15.3324999,0.2849099934101105,-0.6787561774253845,9.676764488220215,-0.152587890625,-3.35693359375,27.40478515625
15.337499900000001,0.9115923047065735,0.07721300423145294,9.95090103149414,4.669189453125,5.706787109375,33.050537109375
15.3424999,1.4862006902694702,0.1412578970193863,10.012551307678223,7.50732421875,7.720947265625,17.822265625
15.3474999,2.0470423698425293,-0.5123591423034668,9.780313491821289,13.427734375,15.2587890625,-17.852783203125
15.3524999,2.0201077461242676,-0.5758054852485657,9.922170639038086,18.280029296875,29.388427734375,-6.9580078125
15.3574999,1.9183541536331177,-0.595557689666748,9.699509620666504,10.345458984375,25.909423828125,-18.035888671875
15.3624999,1.213860273361206,-0.1777694821357727,9.784503936767578,-0.274658203125,18.096923828125,-27.313232421875
15.3674999,0.6159083843231201,0.24899697303771973,9.88745403289795,-2.227783203125,13.18359375,-38.482666015625
15.372499900000001,0.1041477769613266,0.32620999217033386,9.686341285705566,-1.52587890625,4.302978515625,-43.487548828125
15.3774999,-0.26575639843940735,-0.09576806426048279,9.68574333190918,-7.843017578125,-3.35693359375,-45.806884765625
15.382499900000001,-0.727837324142456,-0.5590460896492004,9.554061889648438,-6.8359375,-4.8828125,-26.214599609375
15.3874999,-1.4281413555145264,-0.25977087020874023,9.892841339111328,-8.636474609375,-10.498046875,16.90673828125
15.3924999,-1.6891093254089355,-0.5620388388633728,9.379883766174316,-24.96337890625,-35.552978515625,28.38134765625
15.3974999,-1.932719349861145,-0.9397241473197937,9.931747436523438,-5.18798828125,-28.961181640625,18.24951171875
15.4024999,-1.2761094570159912,-0.5392939448356628,9.465476036071777,4.241943359375,-21.78955078125,49.224853515625
15.407499900000001,0.47465047240257263,-0.5889736413955688,9.873687744140625,0.274658203125,1.40380859375,30.181884765625
15.4124999,1.2419921159744263,-0.004788403399288654,9.893440246582031,9.521484375,10.498046875,29.327392578125
15.417499900000001,1.6490063667297363,0.2454056739807129,9.97364616394043,0.6103515625,-1.5869140625,6.34765625
15.4224999,1.9596540927886963,-0.13407529890537262,9.818621635437012,3.997802734375,3.387451171875,-12.969970703125
15.4274999,2.072780132293701,-0.4692635238170624,9.904213905334473,17.913818359375,25.054931640625,-12.39013671875
15.4324999,1.9728221893310547,-0.4129997789859772,9.70310115814209,14.739990234375,27.801513671875,-7.598876953125
15.4374999,1.5831658840179443,-0.4381389021873474,9.9000244140625,2.349853515625,17.730712890625,-26.06201171875
15.4424999,0.884058952331543,0.25318682193756104,9.716867446899414,-3.021240234375,15.380859375,-27.557373046875
15.4474999,0.395043283700943,0.31124621629714966,9.753378868103027,0.18310546875,9.70458984375,-40.283203125
15.452499900000001,-0.048482585698366165,0.13108254969120026,9.724648475646973,-3.0517578125,1.8310546875,-42.96875
15.4574999,-0.5117605924606323,-0.52552729845047,9.643844604492188,-8.9111328125,-4.39453125,-38.9404296875
15.462499900000001,-1.0079588890075684,-0.13527239859104156,9.469067573547363,-4.364013671875,-4.7607421875,-2.9296875
15.4674999,0.801459014415741,-0.04010287672281265,10.071807861328125,4.8828125,5.859375,33.26416015625
15.4724999,1.3341689109802246,0.08140286058187485,10.061633110046387,5.37109375,5.218505859375,15.93017578125
15.4774999,1.670554280281067,0.10714052617549896,10.020931243896484,-0.457763671875,-2.62451171875,0.18310546875
15.4824999,1.9925743341445923,-0.3423708379268646,9.762357711791992,13.7939453125,15.2587890625,-16.632080078125
15.487499900000001,1.965639591217041,-0.5165489912033081,9.898228645324707,15.777587890625,27.2216796875,-7.476806640625
15.4924999,1.8567034006118774,-0.4345476031303406,9.657012939453125,8.880615234375,23.040771484375,-15.93017578125
15.497499900000001,1.1671733856201172,-0.15801730751991272,9.78989028930664,0,16.021728515625,-25.32958984375
15.5024999,0.6027402877807617,0.25977087020874023,9.898228645324707,-2.13623046875,13.702392578125,-35.308837890625
15.507499900000001,-1.2665326595306396,-0.25258827209472656,9.895236015319824,-7.049560546875,-9.33837890625,13.97705078125
15.5124999,-1.6047136783599854,-0.7158663272857666,9.404424667358398,-24.139404296875,-33.50830078125,28.778076171875
15.5174999,-1.7304092645645142,-0.9798270463943481,9.868300437927246,-6.9580078125,-27.89306640625,14.46533203125
15.5224999,-1.2186486721038818,-0.7601590156555176,9.399636268615723,4.913330078125,-19.012451171875,43.670654296875
15.5274999,-0.29628247022628784,-1.2449848651885986,9.70549488067627,4.150390625,-13.763427734375,46.38671875
15.532499900000001,0.38127660751342773,-0.6039373874664307,9.775525093078613,0.091552734375,0.30517578125,28.961181640625
15.5374999,1.070208191871643,0.0586579404771328,9.8784761428833,7.38525390625,7.99560546875,26.458740234375
15.542499900000001,1.4664485454559326,0.3357867896556854,9.996390342712402,0.54931640625,-2.13623046875,9.033203125
15.5474999,1.8608932495117188,-0.02274491637945175,9.951498985290527,4.302978515625,4.425048828125,-8.4228515625
15.5524999,2.0644004344940186,-0.4345476031303406,9.824606895446777,17.791748046875,24.10888671875,-15.56396484375
15.5574999,1.9536685943603516,-0.5159504413604736,9.78869342803955,14.404296875,26.947021484375,-5.18798828125
15.5624999,1.725022315979004,-0.4902127981185913,9.832387924194336,4.638671875,18.157958984375,-24.017333984375
15.5674999,0.9157821536064148,0.10175357013940811,9.701904296875,-2.74658203125,15.0146484375,-25.390625
15.5724999,0.46746787428855896,0.3232172429561615,9.858125686645508,-0.48828125,11.016845703125,-38.51318359375
15.577499900000001,-0.0065840547904372215,0.25977087020874023,9.73542308807373,-2.777099609375,3.72314453125,-45.47119140625
15.5824999,-0.47225627303123474,-0.29568392038345337,9.65222454071045,-9.1552734375,-4.33349609375,-42.236328125
15.587499900000001,-0.862511157989502,-0.4106055796146393,9.524134635925293,-4.364013671875,-5.0048828125,-8.7890625
15.5924999,-1.6759412288665771,-0.5835866928100586,9.609726905822754,-15.655517578125,-20.99609375,26.67236328125
15.5974999,-1.589151382446289,-0.6883329749107361,9.455301284790039,-21.881103515625,-35.064697265625,20.69091796875
15.6024999,-1.6484078168869019,-1.1288660764694214,9.634865760803223,0.67138671875,-20.44677734375,19.95849609375
15.6074999,-0.7799112200737,-0.7942764163017273,9.68933391571045,6.195068359375,-18.951416015625,53.89404296875
15.612499900000001,0.10714052617549896,-1.2096704244613647,9.806650161743164,2.044677734375,-6.072998046875,35.64453125
15.6174999,1.5466543436050415,0.21428105235099792,9.928155899047852,0.457763671875,-1.3427734375,5.0048828125
15.622499900000001,1.9458874464035034,-0.2992752194404602,9.775525093078613,11.41357421875,13.5498046875,-15.93017578125
15.6274999,1.9901801347732544,-0.5279214978218079,9.972448348999023,15.838623046875,26.336669921875,-10.55908203125
15.632499900000001,1.896806240081787,-0.5021837949752808,9.646238327026367,12.115478515625,24.7802734375,-10.589599609375
15.6374999,1.279700756072998,-0.3842693865299225,10.016741752624512,0.8544921875,14.70947265625,-24.7802734375
15.6424999,0.7098808288574219,0.21188685297966003,9.847949981689453,-2.74658203125,13.97705078125,-29.72412109375
15.6474999,0.2555810213088989,0.3214215636253357,9.747393608093262,-0.244140625,8.97216796875,-42.816162109375
15.6524999,-0.07481880486011505,0.04010287672281265,9.77133560180664,-5.37109375,0.42724609375,-46.844482421875
15.657499900000001,-0.5398924946784973,-0.5644330382347107,9.602544784545898,-7.568359375,-4.852294921875,-31.951904296875
15.6624999,-1.1192892789840698,-0.20530278980731964,9.730035781860352,-4.2724609375,-6.7138671875,8.6669921875
15.667499900000001,-1.6328455209732056,-0.9157821536064148,9.437344551086426,-22.918701171875,-30.94482421875,28.076171875
15.6724999,1.0109516382217407,-0.041299980133771896,9.970054626464844,6.134033203125,6.28662109375,28.4423828125
15.6774999,1.478419542312622,0.2645592987537384,10.067618370056152,0.946044921875,-1.434326171875,9.979248046875
15.6824999,2.121262788772583,-0.272938996553421,9.750985145568848,17.15087890625,21.8505859375,-16.2353515625
15.6874999,1.945288896560669,-0.52552729845047,9.846753120422363,14.068603515625,25.665283203125,-5.584716796875
15.6924999,1.6208745241165161,-0.49559974670410156,9.710283279418945,5.4931640625,17.669677734375,-19.927978515625
15.6974999,0.9127894043922424,-0.02274491637945175,9.684545516967773,-1.03759765625,14.0380859375,-22.308349609375
15.702499900000001,0.41359832882881165,0.228047713637352,9.90361499786377,-0.762939453125,13.458251953125,-36.31591796875
15.7074999,-0.21966800093650818,-0.11911153793334961,9.697713851928711,-7.659912109375,-2.25830078125,-46.20361328125
15.712499900000001,-0.6362590789794922,-0.5171475410461426,9.55705451965332,-5.79833984375,-5.523681640625,-16.998291015625
15.7174999,-1.3724761009216309,-0.395043283700943,9.816825866699219,-10.986328125,-14.58740234375,20.782470703125
15.7224999,-1.4856021404266357,-0.7858967185020447,9.448118209838867,-23.25439453125,-33.905029296875,24.5361328125
15.7274999,-1.66696298122406,-1.1863269805908203,9.834781646728516,-3.814697265625,-23.956298828125,15.2587890625
15.7324999,-0.9421183466911316,-0.9552865028381348,9.549872398376465,5.79833984375,-18.37158203125,48.431396484375
15.737499900000001,-0.09935937076807022,-1.3886369466781616,9.719860076904297,3.936767578125,-10.284423828125,42.510986328125
15.7424999,0.4644751250743866,-0.6039373874664307,9.825204849243164,1.15966796875,1.678466796875,29.23583984375
15.747499900000001,1.194706678390503,0.0005985504249110818,9.905410766601562,4.57763671875,4.33349609375,20.751953125
15.7524999,1.5280991792678833,0.3274070918560028,9.96945571899414,0.213623046875,-2.3193359375,7.50732421875
15.757499900000001,1.945288896560669,-0.13826514780521393,9.926959037780762,6.561279296875,8.9111328125,-12.420654296875
15.7624999,-1.7292121648788452,-0.8553285598754883,9.425971984863281,-18.768310546875,-24.658203125,28.594970703125
15.7674999,-1.7292121648788452,-0.8553285598754883,9.425971984863281,-18.768310546875,-24.658203125,28.594970703125
15.7724999,-1.5418659448623657,-0.3711012601852417,9.39365005493164,-17.9443359375,-32.623291015625,17.51708984375
15.7774999,-1.544858694076538,-1.3096283674240112,9.435548782348633,2.74658203125,-18.1884765625,24.5361328125
15.782499900000001,-0.5309142470359802,-0.7829039692878723,9.764153480529785,6.439208984375,-18.707275390625,55.48095703125
15.7874999,0.23403321206569672,-1.1468225717544556,9.874884605407715,0.67138671875,-4.08935546875,31.646728515625
15.792499900000001,0.750582218170166,-0.24121582508087158,10.065223693847656,4.852294921875,5.462646484375,29.72412109375
15.7974999,1.9405004978179932,-0.3495534360408783,9.778518676757812,13.275146484375,17.059326171875,-17.730712890625
15.8024999,1.923741102218628,-0.5781996846199036,9.982624053955078,15.07568359375,26.153564453125,-8.48388671875
15.8074999,1.799242615699768,-0.4345476031303406,9.66539192199707,10.009765625,21.697998046875,-12.908935546875
15.8124999,1.1408370733261108,-0.23702596127986908,9.892841339111328,0.06103515625,14.2822265625,-25.146484375
15.8174999,0.6189011335372925,0.2861070930957794,9.88386344909668,-2.777099609375,14.312744140625,-32.928466796875
15.8224999,0.21547815203666687,0.37469255924224854,9.711481094360352,-0.48828125,8.544921875,-43.39599609375
15.827499900000001,-0.13347674906253815,-0.0293289702385664,9.723451614379883,-6.561279296875,-1.03759765625,-47.9736328125
15.8324999,-0.585382342338562,-0.6039373874664307,9.545083999633789,-6.65283203125,-5.43212890625,-25.93994140625
15.837499900000001,-1.2318167686462402,-0.26396074891090393,9.856928825378418,-6.500244140625,-9.124755859375,15.93017578125
15.8424999,-1.5412673950195312,-0.7972691655158997,9.39365005493164,-24.59716796875,-33.69140625,28.533935546875
15.8474999,-1.6424223184585571,-1.0558429956436157,9.846753120422363,-7.62939453125,-26.824951171875,12.603759765625
15.8524999,1.7974469661712646,0.04189852997660637,9.989806175231934,3.753662109375,5.9814453125,-8.60595703125
15.8574999,2.033874273300171,-0.4129997789859772,9.79288387298584,17.120361328125,23.712158203125,-15.594482421875
15.862499900000001,1.9273324012756348,-0.5913678407669067,9.822811126708984,14.617919921875,25.177001953125,-5.706787109375
15.8674999,1.6208745241165161,-0.5434837937355042,9.786299705505371,5.035400390625,17.364501953125,-22.552490234375
15.872499900000001,0.882861852645874,0.011971008032560349,9.707889556884766,-2.716064453125,14.862060546875,-24.10888671875
15.8774999,0.4231751561164856,0.27234044671058655,9.875483512878418,-0.54931640625,12.176513671875,-38.6962890625
15.882499900000001,0.05746084079146385,0.24480712413787842,9.743204116821289,-2.166748046875,4.425048828125,-45.8984375
15.8874999,-0.3363853394985199,-0.29628247022628784,9.674370765686035,-7.9345703125,-3.23486328125,-43.15185546875
15.8924999,-0.7134721279144287,-0.43035775423049927,9.5624418258667,-3.814697265625,-4.119873046875,-9.185791015625
15.8974999,-1.4981716871261597,-0.6482301354408264,9.57441234588623,-15.44189453125,-19.561767578125,25.57373046875
15.9024999,-1.4867992401123047,-0.7493851184844971,9.439739227294922,-20.751953125,-33.447265625,20.355224609375
15.907499900000001,-1.5885528326034546,-1.1887211799621582,9.549273490905762,0.48828125,-19.866943359375,19.47021484375
15.9124999,-0.7805097699165344,-0.7984662652015686,9.64564037322998,7.14111328125,-18.9208984375,54.6875
15.917499900000001,0.05925649031996727,-1.0995371341705322,9.77013874053955,1.52587890625,-6.683349609375,35.675048828125
15.9224999,0.5530605912208557,-0.25498247146606445,10.011953353881836,2.899169921875,3.7841796875,28.01513671875
15.9274999,1.18094003200531,0.1364694982767105,10.013748168945312,3.570556640625,2.349853515625,15.045166015625
15.9324999,1.5514427423477173,0.3926490843296051,9.942521095275879,0.67138671875,-0.518798828125,3.387451171875
15.9374999,1.9189527034759521,-0.20350714027881622,9.837775230407715,10.3759765625,13.580322265625,-16.387939453125
15.9424999,1.9584569931030273,-0.517746090888977,9.938929557800293,16.632080078125,26.91650390625,-9.735107421875
15.9474999,1.7956513166427612,-0.5021837949752808,9.675567626953125,11.962890625,23.681640625,-10.406494140625
15.952499900000001,-0.058059390634298325,0.09696517139673233,9.728838920593262,-4.852294921875,1.007080078125,-50.201416015625
15.9574999,-0.49559974670410156,-0.536899745464325,9.585186958312988,-7.781982421875,-4.608154296875,-34.912109375
15.962499900000001,-1.0468647480010986,-0.21966800093650818,9.713874816894531,-4.241943359375,-5.67626953125,8.209228515625
15.9674999,-1.566406488418579,-1.0522516965866089,9.430161476135254,-23.0712890625,-30.09033203125,28.6865234375
15.9724999,-1.8148049116134644,-0.9295487999916077,9.635464668273926,-13.214111328125,-30.731201171875,15.350341796875
15.9774999,-1.3850456476211548,-1.4323312044143677,9.438541412353516,3.326416015625,-18.035888671875,32.501220703125
15.9824999,-0.6045359373092651,-1.2204443216323853,9.68813705444336,7.110595703125,-16.876220703125,55.267333984375
15.987499900000001,0.2124854028224945,-0.9253589510917664,9.813234329223633,-0.457763671875,-2.44140625,30.731201171875
15.9924999,0.9139865040779114,0.025737667456269264,9.982025146484375,4.94384765625,4.730224609375,25.7568359375
15.997499900000001,1.3407529592514038,0.36750996112823486,10.077195167541504,1.434326171875,-0.79345703125,12.87841796875
16.0024999,1.977012038230896,-0.4866214990615845,9.923966407775879,14.892578125,25.634765625,-7.6904296875
16.0074999,1.6915035247802734,-0.4345476031303406,9.704896926879883,7.75146484375,20.263671875,-16.448974609375
16.0124999,0.9582792520523071,-0.12090718746185303,9.808445930480957,-1.190185546875,14.09912109375,-24.23095703125
16.0174999,0.43035775423049927,0.24600422382354736,9.932345390319824,-2.3193359375,12.87841796875,-37.2314453125
16.0224999,0.10773907601833344,0.29807811975479126,9.709086418151855,-0.640869140625,7.38525390625,-44.219970703125
16.0274999,-0.20350714027881622,-0.1693897694349289,9.732429504394531,-6.77490234375,-1.3427734375,-45.47119140625
16.0324999,-0.5722141861915588,-0.5680243372917175,9.548674583435059,-5.43212890625,-4.302978515625,-17.15087890625
16.0374999,-1.3437457084655762,-0.456095427274704,9.744400978088379,-11.8408203125,-14.58740234375,20.69091796875
16.0424999,-1.4760253429412842,-0.7841010689735413,9.385271072387695,-24.078369140625,-34.1796875,23.92578125
16.047499900000002,-1.7076643705368042,-1.184531331062317,9.637859344482422,-3.96728515625,-23.529052734375,14.7705078125
16.0524999,-0.9894038438796997,-0.9846154451370239,9.489418029785156,7.8125,-18.463134765625,52.032470703125
16.0574999,0.38905778527259827,-0.6302735805511475,9.872490882873535,0.946044921875,1.3427734375,27.7099609375
16.0624999,1.0965443849563599,0.09217676520347595,9.99339771270752,4.45556640625,3.204345703125,20.355224609375
16.0674999,1.4520833492279053,0.3513490855693817,10.031106948852539,1.434326171875,-0.48828125,10.92529296875
16.0724999,1.9105730056762695,-0.053270988166332245,10.028712272644043,6.04248046875,8.819580078125,-12.054443359375
16.0774999,2.0889410972595215,-0.5339069962501526,9.87967300415039,17.303466796875,25.87890625,-14.892578125
16.082499900000002,0.8176198601722717,0.19931729137897491,9.706692695617676,-3.936767578125,14.556884765625,-28.62548828125
16.0874999,0.40521863102912903,0.46507367491722107,9.786299705505371,-0.762939453125,9.979248046875,-43.426513671875
16.0924999,-0.05686229094862938,0.23762452602386475,9.750386238098145,-3.2958984375,3.082275390625,-49.468994140625
16.0974999,-0.5051765441894531,-0.45669397711753845,9.657012939453125,-8.1787109375,-3.753662109375,-39.337158203125
16.1024999,-1.002571940422058,-0.08499415963888168,9.600150108337402,-3.631591796875,-3.997802734375,-0.091552734375
16.1074999,-1.6160861253738403,-0.619499683380127,9.515754699707031,-17.15087890625,-33.233642578125,16.998291015625
16.1124999,-1.5155296325683594,-1.6184803247451782,9.344569206237793,2.25830078125,-19.10400390625,27.496337890625
16.117499900000002,-0.5590460896492004,-1.2443863153457642,9.755773544311523,7.965087890625,-18.798828125,58.89892578125
16.1224999,0.12509703636169434,-1.4508862495422363,9.897629737854004,0.091552734375,-3.47900390625,33.477783203125
16.1274999,0.7116764783859253,-0.4034229815006256,10.088567733764648,4.730224609375,4.57763671875,25.909423828125
16.1324999,1.1390414237976074,0.040701430290937424,10.160991668701172,1.77001953125,-1.129150390625,14.5263671875
16.1374999,1.5735890865325928,0.243011474609375,10.053851127624512,2.197265625,2.532958984375,1.861572265625
16.1424999,1.9129672050476074,-0.23283611238002777,9.790489196777344,13.3056640625,16.998291015625,-17.02880859375
16.1474999,1.9470845460891724,-0.5045779943466187,9.959280967712402,15.13671875,25.32958984375,-9.033203125
16.1524999,1.7938556671142578,-0.3818751573562622,9.613917350769043,9.918212890625,22.003173828125,-14.34326171875
16.1574999,1.1079168319702148,-0.24779987335205078,9.855133056640625,-0.396728515625,14.373779296875,-24.0478515625
16.1624999,0.586579442024231,0.26156654953956604,9.837775230407715,-2.471923828125,13.916015625,-34.332275390625
16.1674999,-0.19153612852096558,-0.08200141042470932,9.731831550598145,-7.14111328125,-0.946044921875,-46.295166015625
16.172499900000002,-0.5817909836769104,-0.5781996846199036,9.55705451965332,-5.889892578125,-4.302978515625,-21.759033203125
16.1774999,-1.3204022645950317,-0.40880993008613586,9.841964721679688,-9.765625,-12.420654296875,18.73779296875
16.1824999,-1.492186188697815,-0.9666589498519897,9.434351921081543,-25.299072265625,-34.332275390625,24.2919921875
16.1874999,-1.6759412288665771,-1.325789213180542,9.791686058044434,-5.7373046875,-25.32958984375,14.923095703125
16.1924999,-0.9977835416793823,-1.247977614402771,9.479243278503418,6.40869140625,-18.951416015625,47.607421875
16.1974999,-0.16819266974925995,-1.478419542312622,9.636063575744629,5.37109375,-12.054443359375,50.689697265625
16.2024999,0.3860650360584259,-0.7882909178733826,9.739612579345703,1.007080078125,1.5869140625,28.839111328125
16.207499900000002,1.0732009410858154,0.05147533491253853,9.86770248413086,3.35693359375,1.434326171875,20.050048828125
16.2124999,1.3946224451065063,0.3884592354297638,9.95209789276123,2.3193359375,0.213623046875,12.39013671875
16.2174999,1.821987509727478,-0.023343466222286224,9.99220085144043,4.669189453125,7.843017578125,-9.58251953125
16.2224999,2.0638017654418945,-0.5045779943466187,9.791088104248047,16.7236328125,23.681640625,-15.19775390625
16.2274999,1.7052701711654663,-0.49140989780426025,9.801262855529785,6.4697265625,19.04296875,-21.3623046875
16.2324999,0.9469067454338074,0.15083470940589905,9.797672271728516,-2.044677734375,16.265869140625,-28.076171875
16.2374999,0.4926069974899292,0.5542576909065247,9.86889934539795,-1.983642578125,11.5966796875,-45.47119140625
16.242499900000002,-0.5446808934211731,-0.30466216802597046,9.62828254699707,-8.36181640625,-3.692626953125,-42.633056640625
16.2474999,-1.0402805805206299,0.0035913025494664907,9.603142738342285,-3.204345703125,-4.7607421875,0.79345703125
16.2524999,-1.63344407081604,-0.8792705535888672,9.272743225097656,-20.56884765625,-26.214599609375,28.594970703125
16.2574999,-1.5849615335464478,-0.7266402244567871,9.469666481018066,-16.2353515625,-31.92138671875,18.035888671875
16.2624999,-1.4700398445129395,-1.623268723487854,9.314641952514648,1.861572265625,-20.599365234375,28.74755859375
16.2674999,-1.4700398445129395,-1.623268723487854,9.314641952514648,1.861572265625,-20.599365234375,28.74755859375
16.2724999,-0.5524620413780212,-1.3323732614517212,9.71926212310791,9.185791015625,-18.9208984375,62.1337890625
16.2774999,0.09217676520347595,-1.489791989326477,9.875483512878418,0.54931640625,-2.532958984375,38.57421875
16.2824999,1.5981296300888062,0.25079262256622314,10.078990936279297,2.899169921875,3.570556640625,2.655029296875
16.2874999,2.01232647895813,-0.1933317929506302,9.801262855529785,13.641357421875,16.937255859375,-17.578125
16.2924999,2.02848744392395,-0.43933600187301636,9.919178009033203,15.44189453125,26.7333984375,-9.979248046875
16.297499900000002,1.8465280532836914,-0.3908534348011017,9.658209800720215,9.368896484375,22.857666015625,-15.045166015625
16.3024999,1.1647791862487793,-0.12449848651885986,9.784503936767578,0.274658203125,15.655517578125,-25.421142578125
16.3074999,0.5793967843055725,0.30466216802597046,9.858125686645508,-2.86865234375,13.73291015625,-40.46630859375
16.3124999,0.1322796493768692,0.4812345504760742,9.697713851928711,-2.838134765625,5.92041015625,-49.31640625
16.3174999,-0.2172738015651703,-0.03531447425484657,9.692327499389648,-8.331298828125,-1.678466796875,-51.8798828125
16.3224999,1.1330559253692627,0.10115502029657364,9.978434562683105,4.608154296875,2.8076171875,21.881103515625
16.3274999,1.4867992401123047,0.4291606545448303,10.037690162658691,2.593994140625,0.54931640625,12.5732421875
16.332499900000002,1.9027918577194214,0.008978256024420261,10.001178741455078,5.523681640625,8.11767578125,-11.138916015625
16.3374999,2.1326351165771484,-0.4812345504760742,9.858125686645508,17.02880859375,24.932861328125,-15.869140625
16.3424999,1.9835960865020752,-0.48303020000457764,9.726444244384766,14.129638671875,26.123046875,-8.209228515625
16.3474999,1.6112977266311646,-0.4118026793003082,9.749189376831055,4.7607421875,18.1884765625,-22.64404296875
16.3524999,0.8858546018600464,0.2190694510936737,9.700108528137207,-3.2958984375,15.960693359375,-32.8369140625
16.3574999,0.3711012601852417,0.5596446394920349,9.755773544311523,-1.617431640625,9.6435546875,-45.806884765625
16.3624999,-0.5734112858772278,-0.4602852761745453,9.679757118225098,-8.148193359375,-4.547119140625,-38.909912109375
16.367499900000002,-1.1121066808700562,-0.181959331035614,9.797672271728516,-3.814697265625,-5.79833984375,3.96728515625
16.3724999,-1.6208745241165161,-0.960673451423645,9.405022621154785,-22.94921875,-29.144287109375,29.693603515625
16.3774999,-1.7148469686508179,-0.9684545993804932,9.548076629638672,-15.44189453125,-31.67724609375,16.29638671875
16.3824999,-1.3455413579940796,-1.602918028831482,9.323619842529297,3.662109375,-18.951416015625,31.402587890625
16.3874999,-0.4967968463897705,-1.4047977924346924,9.600749015808105,9.429931640625,-17.7001953125,61.859130859375
16.3924999,0.25019407272338867,-1.3958195447921753,9.782109260559082,-0.152587890625,-1.64794921875,35.64453125
16.3974999,0.8870517015457153,-0.2968810200691223,10.004770278930664,5.06591796875,4.852294921875,27.03857421875
16.4024999,2.0673930644989014,-0.22505496442317963,9.79288387298584,13.458251953125,18.280029296875,-17.791748046875
16.4074999,2.0410568714141846,-0.46327802538871765,9.9586820602417,16.17431640625,27.52685546875,-9.765625
16.4124999,1.072602391242981,-0.14425064623355865,9.825803756713867,-1.190185546875,15.9912109375,-27.374267578125
16.4174999,0.5027823448181152,0.3429693877696991,9.838373184204102,-3.47900390625,12.847900390625,-42.022705078125
16.422499900000002,0.02693476900458336,0.4950011968612671,9.697713851928711,-3.662109375,3.7841796875,-51.544189453125
16.4274999,-0.30526071786880493,-0.13048399984836578,9.617507934570312,-8.575439453125,-3.326416015625,-51.3916015625
16.4324999,-0.7098808288574219,-0.4489128291606903,9.499593734741211,-3.936767578125,-3.753662109375,-16.693115234375
16.4374999,-1.426345705986023,-0.7230489253997803,9.53849983215332,-14.678955078125,-18.157958984375,23.590087890625
16.4424999,-1.4766238927841187,-1.0205284357070923,9.292495727539062,-24.10888671875,-33.75244140625,24.7802734375
16.4474999,-1.6573861837387085,-1.5382746458053589,9.469666481018066,-1.251220703125,-23.0712890625,18.646240234375
16.4524999,-0.8822633028030396,-1.1623848676681519,9.476250648498535,9.70458984375,-21.54541015625,58.502197265625
16.457499900000002,-0.076015904545784,-1.416170358657837,9.62828254699707,2.5634765625,-7.8125,45.562744140625
16.4624999,0.4794389009475708,-0.5704185366630554,9.886856079101562,2.13623046875,2.99072265625,30.181884765625
16.4674999,1.1186907291412354,0.13347674906253815,9.993996620178223,4.45556640625,1.922607421875,20.843505859375
16.4724999,1.9027918577194214,-0.0520738884806633,9.97065258026123,7.049560546875,10.040283203125,-13.7939453125
16.4774999,2.077568531036377,-0.4794389009475708,9.93474006652832,16.78466796875,25.604248046875,-13.275146484375
16.4824999,1.4083890914916992,-0.4776432514190674,9.876680374145508,2.166748046875,17.39501953125,-24.5361328125
16.4874999,0.7775170207023621,0.21847090125083923,9.715670585632324,-4.364013671875,14.984130859375,-32.04345703125
16.492499900000002,0.23044191300868988,0.4255693554878235,9.742006301879883,-1.52587890625,7.904052734375,-47.149658203125
16.4974999,-0.15442600846290588,0.10235211998224258,9.731831550598145,-5.92041015625,-0.152587890625,-51.727294921875
16.5024999,-0.5614402890205383,-0.545877993106842,9.605537414550781,-7.080078125,-3.173828125,-34.7900390625
16.5074999,-1.1025298833847046,-0.3387795388698578,9.884461402893066,-5.645751953125,-6.4697265625,9.33837890625
16.5124999,-1.478419542312622,-0.9959878921508789,9.44752025604248,-24.96337890625,-30.1513671875,28.1982421875
16.5174999,-1.7687164545059204,-1.0911574363708496,9.752182006835938,-11.749267578125,-28.74755859375,15.167236328125
16.5224999,-1.2563573122024536,-1.5604209899902344,9.390657424926758,3.41796875,-19.378662109375,35.888671875
16.5274999,1.3437457084655762,0.29209262132644653,10.031704902648926,2.838134765625,-0.244140625,14.984130859375
16.5324999,1.7818846702575684,0.30466216802597046,10.032901763916016,3.021240234375,5.157470703125,-3.2958984375
16.5374999,2.1057004928588867,-0.3058592677116394,9.785101890563965,14.5263671875,20.233154296875,-16.54052734375
16.5424999,2.0715830326080322,-0.5147533416748047,9.944915771484375,16.357421875,27.64892578125,-10.1318359375
16.547499900000002,1.7723077535629272,-0.5249287486076355,9.71926212310791,10.101318359375,24.0478515625,-18.341064453125
16.5524999,1.0372878313064575,-0.09038111567497253,9.812037467956543,-0.732421875,17.303466796875,-26.397705078125
16.5574999,0.436343252658844,0.4106055796146393,9.838373184204102,-3.84521484375,11.962890625,-45.257568359375
16.5624999,-0.7870938181877136,-0.23762452602386475,9.556455612182617,-3.60107421875,-3.387451171875,-11.474609375
16.5674999,-0.8433575630187988,-1.2324153184890747,9.568427085876465,8.636474609375,-22.125244140625,58.258056640625
16.5724999,0.0005985504249110818,-1.4317326545715332,9.71926212310791,3.173828125,-5.218505859375,46.661376953125
16.5774999,0.6021417379379272,-0.6272808313369751,9.961674690246582,2.25830078125,3.082275390625,30.242919921875
16.582499900000002,1.171961784362793,0.04728548228740692,10.017938613891602,4.150390625,0.8544921875,20.1416015625
16.5874999,1.5179238319396973,0.43933600187301636,10.007762908935547,2.838134765625,1.03759765625,10.1318359375
16.5924999,1.9027918577194214,0.07302315533161163,9.949105262756348,6.072998046875,8.941650390625,-14.6484375
16.5974999,2.103306293487549,-0.4405331015586853,9.854534149169922,17.547607421875,26.06201171875,-14.007568359375
16.6024999,1.9698294401168823,-0.3016694188117981,9.789292335510254,14.434814453125,26.580810546875,-11.41357421875
16.6074999,1.4610615968704224,-0.3884592354297638,9.800065994262695,3.204345703125,18.707275390625,-22.94921875
16.6124999,0.7595604658126831,0.2064998894929886,9.802460670471191,-4.974365234375,14.801025390625,-37.353515625
16.617499900000002,-0.6458359360694885,-0.646434485912323,9.586383819580078,-5.889892578125,-2.899169921875,-27.7099609375
16.6224999,-1.1953052282333374,-0.4076128304004669,9.90361499786377,-7.904052734375,-9.124755859375,14.617919921875
16.6274999,-1.5131354331970215,-1.104325532913208,9.387664794921875,-26.336669921875,-32.3486328125,26.214599609375
16.6324999,-1.7256208658218384,-1.2156559228897095,9.728240013122559,-8.6669921875,-29.205322265625,16.448974609375
16.6374999,-1.1210849285125732,-1.5065513849258423,9.352949142456055,5.096435546875,-21.3623046875,43.5791015625
16.6424999,-0.33518823981285095,-1.5406688451766968,9.522936820983887,7.87353515625,-14.495849609375,56.976318359375
16.6474999,0.32202014327049255,-1.1240776777267456,9.673172950744629,1.03759765625,1.739501953125,35.125732421875
16.6524999,0.9852139949798584,-0.1472434103488922,9.87967300415039,4.69970703125,2.62451171875,25.909423828125
16.6574999,1.301847219467163,0.3531447649002075,9.988609313964844,2.960205078125,-0.946044921875,17.059326171875
16.6624999,1.7884687185287476,0.2148796021938324,10.072406768798828,3.204345703125,5.18798828125,-4.21142578125
16.6674999,2.1757307052612305,-0.5333084464073181,9.948506355285645,16.693115234375,28.6865234375,-11.71875
16.672499900000002,1.964442491531372,-0.4213795065879822,9.68813705444336,10.25390625,24.96337890625,-18.402099609375
16.6774999,1.0989385843276978,0.046088382601737976,9.852140426635742,-3.96728515625,16.754150390625,-32.073974609375
16.6824999,0.4902127981185913,0.6314706802368164,9.808445930480957,-4.0283203125,9.58251953125,-48.76708984375
16.6874999,-0.12030863761901855,0.47405192255973816,9.744400978088379,-5.18798828125,0.6103515625,-56.243896484375
16.6924999,-0.608127236366272,-0.3357867896556854,9.569025993347168,-7.904052734375,-3.387451171875,-44.73876953125
16.6974999,-1.0372878313064575,-0.0586579404771328,9.537302017211914,-2.655029296875,-3.509521484375,-0.3662109375
16.7024999,-1.6292542219161987,-0.9487023949623108,9.282918930053711,-22.03369140625,-25.909423828125,29.35791015625
16.707499900000002,-1.5753847360610962,-0.7799112200737,9.443928718566895,-18.585205078125,-33.38623046875,18.61572265625
16.7124999,-1.5316904783248901,-1.734000563621521,9.26915168762207,2.288818359375,-21.881103515625,28.13720703125
16.7174999,-0.5925649404525757,-1.4449007511138916,9.651625633239746,10.040283203125,-20.20263671875,63.96484375
16.7224999,1.566406488418579,0.4100070297718048,9.999981880187988,2.532958984375,2.410888671875,4.058837890625
16.7274999,1.9835960865020752,-0.19812019169330597,9.840168952941895,11.16943359375,15.5029296875,-17.51708984375
16.7324999,2.140416383743286,-0.44173020124435425,9.93593692779541,16.448974609375,28.01513671875,-12.298583984375
16.7374999,1.997362732887268,-0.4183867573738098,9.687539100646973,13.580322265625,26.397705078125,-14.2822265625
16.742499900000002,1.304241418838501,-0.24121582508087158,9.894038200378418,0.244140625,17.4560546875,-26.3671875
16.7474999,0.6655880808830261,0.37469255924224854,9.808445930480957,-4.39453125,13.61083984375,-41.6259765625
16.7524999,0.11671733111143112,0.6129156351089478,9.761758804321289,-3.5400390625,3.997802734375,-53.03955078125
16.7574999,-0.30047231912612915,-0.023942016065120697,9.718064308166504,-8.48388671875,-2.716064453125,-53.192138671875
16.7624999,-0.7182605266571045,-0.4710591733455658,9.566033363342285,-4.33349609375,-3.11279296875,-19.6533203125
16.7674999,-1.4532804489135742,-0.6883329749107361,9.700108528137207,-12.939453125,-15.5029296875,23.406982421875
16.7724999,-1.5640122890472412,-1.1725603342056274,9.291297912597656,-25.604248046875,-34.48486328125,24.658203125
16.7774999,-1.039083480834961,-1.337161660194397,9.434351921081543,8.23974609375,-22.308349609375,56.0302734375
16.7824999,-0.20111294090747833,-1.4981716871261597,9.621099472045898,4.08935546875,-8.880615234375,50.1708984375
16.7874999,0.4141969084739685,-0.6733692288398743,9.839570045471191,2.3193359375,3.143310546875,34.0576171875
16.7924999,1.1276689767837524,0.14903905987739563,9.939528465270996,4.669189453125,1.708984375,23.0712890625
16.797499900000002,1.5143325328826904,0.5315127968788147,9.984419822692871,2.105712890625,-0.518798828125,11.77978515625
16.8024999,1.932719349861145,0.026336219161748886,9.947908401489258,5.889892578125,9.185791015625,-12.14599609375
16.8074999,2.211643934249878,-0.41539400815963745,9.86889934539795,17.578125,25.848388671875,-15.0146484375
16.8124999,2.0817582607269287,-0.5422866940498352,9.734824180603027,14.5263671875,27.099609375,-9.490966796875
16.8174999,1.6274585723876953,-0.4854243993759155,9.744999885559082,4.669189453125,19.195556640625,-23.590087890625
16.8224999,0.9139865040779114,0.19871874153614044,9.724050521850586,-3.387451171875,16.17431640625,-32.89794921875
16.8274999,0.3381809890270233,0.545877993106842,9.709086418151855,-1.953125,9.21630859375,-48.9501953125
16.832499900000002,-0.12030863761901855,0.25079262256622314,9.762357711791992,-6.988525390625,-0.640869140625,-55.0537109375
16.8374999,-1.6095020771026611,-1.1528080701828003,9.480440139770508,-24.23095703125,-29.449462890625,29.47998046875
16.8424999,-1.9153614044189453,-1.0013748407363892,9.757569313049316,-11.749267578125,-30.8837890625,16.845703125
16.8474999,-1.9153614044189453,-1.0013748407363892,9.757569313049316,-11.749267578125,-30.8837890625,16.845703125
16.8524999,-1.45806884765625,-1.41257905960083,9.440337181091309,3.90625,-21.1181640625,37.41455078125
16.8574999,-0.6542156338691711,-1.216254472732544,9.625887870788574,6.89697265625,-17.88330078125,58.16650390625
16.8624999,0.2256535142660141,-0.8786720037460327,9.716269493103027,0.213623046875,-0.244140625,36.68212890625
16.867499900000002,1.002571940422058,0.12030863761901855,9.903017044067383,5.889892578125,5.157470703125,29.327392578125
16.8724999,1.426345705986023,0.48303020000457764,10.026318550109863,2.105712890625,-0.762939453125,14.801025390625
16.8774999,1.8602946996688843,0.3860650360584259,10.01075553894043,2.38037109375,3.387451171875,-2.74658203125
16.8824999,2.1487960815429688,-0.13407529890537262,9.732429504394531,15.31982421875,19.95849609375,-17.547607421875
16.8874999,2.0853497982025146,-0.4357447028160095,9.908403396606445,15.716552734375,27.34375,-8.148193359375
16.8924999,1.0223240852355957,-0.07302315533161163,9.786897659301758,-1.434326171875,15.594482421875,-25.909423828125
16.8974999,0.436343252658844,0.29807811975479126,9.904213905334473,-2.13623046875,13.0615234375,-43.365478515625
16.9024999,0.03411737456917763,0.40880993008613586,9.745597839355469,-3.143310546875,4.33349609375,-51.116943359375
16.9074999,-0.30466216802597046,-0.16759411990642548,9.708487510681152,-8.270263671875,-2.349853515625,-50.384521484375
16.9124999,-0.7110779285430908,-0.3998316824436188,9.588179588317871,-4.425048828125,-4.180908203125,-14.95361328125
16.9174999,-1.4532804489135742,-0.729034423828125,9.576807022094727,-15.106201171875,-17.730712890625,23.8037109375
16.922499900000002,-1.5622166395187378,-0.9738415479660034,9.353547096252441,-21.91162109375,-32.16552734375,22.674560546875
16.9274999,-1.742978811264038,-1.3850456476211548,9.484031677246094,-1.251220703125,-23.895263671875,20.172119140625
16.9324999,-0.9774328470230103,-1.1007342338562012,9.512163162231445,6.866455078125,-22.3388671875,56.304931640625
16.9374999,-0.13287819921970367,-1.2473790645599365,9.694721221923828,2.777099609375,-8.148193359375,45.806884765625
16.9424999,0.4531026780605316,-0.4465186297893524,9.929352760314941,2.716064453125,3.021240234375,32.562255859375
16.9474999,1.1605892181396484,0.18495208024978638,10.007762908935547,5.0048828125,3.173828125,20.965576171875
16.9524999,2.1057004928588867,-0.4381389021873474,9.929951667785645,16.754150390625,26.06201171875,-14.16015625
16.957499900000002,1.9584569931030273,-0.46627077460289,9.739013671875,14.46533203125,26.214599609375,-8.48388671875
16.9624999,0.30286651849746704,0.4531026780605316,9.725247383117676,-1.068115234375,9.552001953125,-46.630859375
16.9674999,-0.07721300423145294,0.14844051003456116,9.728240013122559,-5.096435546875,1.373291015625,-52.18505859375
16.9724999,-0.5057750940322876,-0.5518634915351868,9.636063575744629,-7.476806640625,-4.45556640625,-37.811279296875
16.9774999,-1.0408791303634644,-0.19692309200763702,9.849745750427246,-4.45556640625,-5.4931640625,5.157470703125
16.9824999,-1.5173252820968628,-0.9319429993629456,9.454702377319336,-23.01025390625,-27.557373046875,29.72412109375
16.9874999,-1.8183962106704712,-0.6829460263252258,9.706093788146973,-11.8408203125,-29.72412109375,16.357421875
16.992499900000002,-1.425148606300354,-1.2425906658172607,9.420584678649902,3.448486328125,-20.111083984375,34.088134765625
16.9974999,0.181959331035614,-1.0444705486297607,9.767744064331055,-0.396728515625,-2.0751953125,34.24072265625
17.0024999,0.8643068075180054,-0.07422025501728058,9.980828285217285,6.622314453125,6.256103515625,30.120849609375
17.0074999,1.3401544094085693,0.21428105235099792,10.096348762512207,2.105712890625,-0.152587890625,14.495849609375
17.0124999,1.7663222551345825,0.3908534348011017,9.988609313964844,1.373291015625,1.15966796875,-0.732421875
17.0174999,2.029085874557495,-0.15322890877723694,9.786299705505371,11.627197265625,17.27294921875,-18.1884765625
17.0224999,1.98958158493042,-0.5249287486076355,9.946112632751465,14.46533203125,25.93994140625,-8.026123046875
17.0274999,1.8070237636566162,-0.4231751561164856,9.618705749511719,10.772705078125,22.216796875,-15.289306640625
17.0324999,1.0618284940719604,-0.3076549172401428,9.874884605407715,0.3662109375,16.05224609375,-24.90234375
17.0374999,0.5518634915351868,0.2555810213088989,9.836577415466309,-3.082275390625,14.58740234375,-37.200927734375
17.0424999,-1.746570110321045,-1.0743980407714844,9.75278091430664,-3.021240234375,-24.5361328125,16.17431640625
17.047499900000002,-1.746570110321045,-1.0743980407714844,9.75278091430664,-3.021240234375,-24.5361328125,16.17431640625
17.0524999,-1.1534066200256348,-0.6314706802368164,9.47146224975586,4.058837890625,-21.728515625,49.31640625
17.0574999,-0.33039984107017517,-1.1617863178253174,9.748590469360352,4.21142578125,-14.129638671875,49.25537109375
17.0624999,0.33099839091300964,-0.44831427931785583,9.886856079101562,0.18310546875,0.946044921875,31.890869140625
17.0674999,1.0636241436004639,0.2064998894929886,9.970054626464844,7.171630859375,6.40869140625,26.519775390625
17.0724999,1.4389152526855469,0.44771572947502136,10.06701946258545,0.030517578125,-2.532958984375,10.3759765625
17.0774999,1.902193307876587,0.22026655077934265,10.013748168945312,2.166748046875,4.241943359375,-9.58251953125
17.082499900000002,2.0452468395233154,-0.304063618183136,9.742605209350586,15.0146484375,22.796630859375,-15.350341796875
17.0874999,1.9692308902740479,-0.5512649416923523,9.847352027893066,14.678955078125,25.0244140625,-5.615234375
17.0924999,1.5771803855895996,-0.5398924946784973,9.743204116821289,5.9814453125,18.06640625,-21.78955078125
17.0974999,0.34835633635520935,0.29149407148361206,9.911396026611328,-1.3427734375,12.87841796875,-39.520263671875
17.1024999,0.0347159244120121,0.2861070930957794,9.744400978088379,-1.5869140625,5.279541015625,-50.140380859375
17.1074999,-0.24660277366638184,-0.23702596127986908,9.706093788146973,-7.080078125,-2.105712890625,-49.346923828125
17.1124999,-0.6212953329086304,-0.4644751250743866,9.550470352172852,-3.997802734375,-3.47900390625,-13.763427734375
17.117499900000002,-1.3192051649093628,-0.6763619780540466,9.589975357055664,-14.46533203125,-17.02880859375,23.468017578125
17.1224999,-0.13108254969120026,-1.3898340463638306,9.781511306762695,3.387451171875,-10.92529296875,43.365478515625
17.1274999,0.45250412821769714,-0.5105634927749634,9.968857765197754,1.77001953125,2.593994140625,30.303955078125
17.1324999,1.202487826347351,0.0933738648891449,9.971251487731934,5.31005859375,4.45556640625,19.22607421875
17.1374999,1.5197194814682007,0.34656068682670593,9.995792388916016,-0.396728515625,-2.349853515625,5.889892578125
17.1424999,0.7092822790145874,0.08080431073904037,9.709685325622559,-2.44140625,15.0146484375,-23.529052734375
17.1474999,0.3357867896556854,0.322618693113327,9.896432876586914,-0.640869140625,11.962890625,-41.93115234375
17.152499900000002,0.10534487664699554,0.2454056739807129,9.727641105651855,-1.922607421875,5.43212890625,-52.581787109375
17.1574999,-0.2190694510936737,-0.3058592677116394,9.692925453186035,-7.14111328125,-2.288818359375,-48.614501953125
17.1624999,-0.6913257241249084,-0.2669534981250763,9.485228538513184,-3.60107421875,-3.60107421875,-8.026123046875
17.1674999,-1.478419542312622,-0.8780734539031982,9.489418029785156,-15.9912109375,-20.1416015625,25.146484375
17.172499900000002,-1.5825673341751099,-0.4225766062736511,9.43375301361084,-17.63916015625,-31.005859375,18.61572265625
17.1774999,-1.6837223768234253,-1.290474772453308,9.571419715881348,-0.9765625,-21.026611328125,20.355224609375
17.1824999,-0.872686505317688,-0.6123170852661133,9.730035781860352,4.57763671875,-21.728515625,54.50439453125
17.1874999,0.5261258482933044,-0.24480712413787842,10.046669006347656,2.044677734375,2.44140625,30.426025390625
17.1924999,1.2120646238327026,0.1322796493768692,10.034099578857422,5.06591796875,4.425048828125,18.98193359375
17.1974999,1.5065513849258423,0.3800795078277588,10.004171371459961,-0.91552734375,-3.47900390625,4.974365234375
17.2024999,1.9231425523757935,-0.46327802538871765,9.751583099365234,15.228271484375,24.84130859375,-11.77978515625
17.207499900000002,1.7477672100067139,-0.48482584953308105,9.773730278015137,12.5732421875,21.8505859375,-6.7138671875
17.2124999,1.3012486696243286,-0.5315127968788147,9.788095474243164,3.662109375,14.2822265625,-21.30126953125
17.2174999,0.6314706802368164,0.02513911761343479,9.715670585632324,-3.0517578125,13.519287109375,-22.94921875
17.2224999,0.314238965511322,0.27234044671058655,9.88386344909668,0.091552734375,13.214111328125,-39.215087890625
17.2274999,0.055665191262960434,0.15502455830574036,9.725247383117676,-1.3427734375,7.232666015625,-48.40087890625
17.2324999,-0.25977087020874023,-0.3776853084564209,9.676764488220215,-6.805419921875,-2.44140625,-42.90771484375
17.2374999,-0.7134721279144287,-0.23702596127986908,9.39245319366455,-3.11279296875,-3.570556640625,-4.0283203125
17.242499900000002,-1.4634557962417603,-1.4640543460845947,9.516951560974121,-0.091552734375,-18.402099609375,21.240234375
17.2474999,-0.718859076499939,-0.8720879554748535,9.802460670471191,5.096435546875,-21.3623046875,56.2744140625
17.2524999,0.06763619929552078,-1.268328309059143,9.999382972717285,1.922607421875,-9.82666015625,39.97802734375
17.2574999,0.4686649739742279,-0.35494041442871094,10.128670692443848,2.74658203125,2.838134765625,29.6630859375
17.2624999,1.137245774269104,0.12689268589019775,10.105326652526855,3.875732421875,2.471923828125,17.486572265625
17.2674999,1.469441294670105,0.3968389332294464,10.053253173828125,-0.457763671875,-2.899169921875,5.218505859375
17.2724999,1.875258445739746,-0.005386953707784414,10.04188060760498,5.4931640625,10.040283203125,-15.44189453125
17.277499900000002,1.9207483530044556,-0.43933600187301636,9.812037467956543,14.95361328125,25.177001953125,-10.986328125
17.2824999,0.6350619792938232,0.05027823522686958,9.679757118225098,-2.50244140625,13.5498046875,-21.820068359375
17.2874999,-0.21308395266532898,-0.3250128924846649,9.695918083190918,-7.110595703125,-3.021240234375,-45.196533203125
17.2924999,-0.7068880796432495,-0.20530278980731964,9.3828763961792,-2.9296875,-3.41796875,-3.47900390625
17.297499900000002,-1.3796586990356445,-0.9630676507949829,9.323619842529297,-16.998291015625,-22.064208984375,26.67236328125
17.3024999,-1.449090600013733,-0.5476736426353455,9.350554466247559,-16.29638671875,-29.022216796875,14.58740234375
17.3074999,-1.4664485454559326,-1.623268723487854,9.502586364746094,-0.762939453125,-18.06640625,21.42333984375
17.3124999,-0.689530074596405,-0.9846154451370239,9.832986831665039,5.645751953125,-20.599365234375,54.26025390625
17.3174999,0.06524199992418289,-1.4101848602294922,10.032303810119629,2.166748046875,-9.674072265625,38.726806640625
17.3224999,0.4752490520477295,-0.40222588181495667,10.158597946166992,2.899169921875,2.86865234375,29.876708984375
17.3274999,1.1222820281982422,0.13347674906253815,10.10173511505127,3.082275390625,1.312255859375,16.815185546875
17.332499900000002,1.423951506614685,0.4129997789859772,10.045472145080566,-0.335693359375,-2.288818359375,5.06591796875
17.3374999,1.8668787479400635,-0.4129997789859772,9.828198432922363,15.045166015625,24.444580078125,-10.894775390625
17.3424999,1.6735470294952393,-0.5219359993934631,9.724648475646973,11.566162109375,20.1416015625,-7.2021484375
17.3474999,1.2222399711608887,-0.5351040959358215,9.827000617980957,2.74658203125,12.63427734375,-20.751953125
17.3524999,0.6530185341835022,0.07661445438861847,9.695320129394531,-1.953125,13.397216796875,-20.904541015625
17.3574999,0.383670836687088,0.28131869435310364,9.892242431640625,0.640869140625,14.495849609375,-39.581298828125
17.3624999,-0.17657238245010376,-0.31364041566848755,9.703699111938477,-6.866455078125,-2.655029296875,-45.257568359375
17.367499900000002,-0.6733692288398743,-0.3016694188117981,9.493009567260742,-3.0517578125,-3.84521484375,-3.5400390625
17.3724999,-1.3503297567367554,-0.910993754863739,9.409811019897461,-15.228271484375,-20.8740234375,25.69580078125
17.3774999,-1.4293384552001953,-0.535702645778656,9.48343276977539,-16.4794921875,-28.778076171875,15.228271484375
17.3824999,-1.4844050407409668,-1.5280991792678833,9.600150108337402,-1.40380859375,-18.157958984375,19.989013671875
17.3874999,-0.7445967197418213,-0.7984662652015686,9.815628051757812,5.55419921875,-20.1416015625,53.89404296875
17.3924999,0.4207809567451477,-0.26815059781074524,10.103530883789062,1.52587890625,1.52587890625,29.266357421875
17.3974999,1.1019313335418701,0.20051439106464386,10.059837341308594,4.058837890625,3.11279296875,18.096923828125
17.402499900000002,1.4185645580291748,0.4387374520301819,10.026318550109863,-1.129150390625,-2.99072265625,4.2724609375
17.4074999,1.8692729473114014,0.08978256583213806,10.017339706420898,4.82177734375,8.9111328125,-14.923095703125
17.4124999,1.8926163911819458,-0.4429273009300232,9.777320861816406,14.70947265625,24.59716796875,-11.65771484375
17.4174999,1.6915035247802734,-0.524330198764801,9.761159896850586,11.627197265625,19.866943359375,-6.2255859375
17.422499900000002,1.2270283699035645,-0.5650315880775452,9.789292335510254,3.265380859375,12.359619140625,-19.866943359375
17.4274999,0.6320692300796509,-0.0065840547904372215,9.692327499389648,-2.105712890625,13.336181640625,-21.42333984375
17.4324999,0.34835633635520935,0.23104046285152435,9.909601211547852,0.42724609375,14.556884765625,-38.51318359375
17.4374999,0.16759411990642548,0.19871874153614044,9.731831550598145,-0.762939453125,9.368896484375,-48.52294921875
17.4424999,-1.3796586990356445,-0.6021417379379272,9.4822359085083,-17.88330078125,-29.327392578125,16.143798828125
17.4474999,-1.3796586990356445,-0.6021417379379272,9.4822359085083,-17.88330078125,-29.327392578125,16.143798828125
17.4524999,-1.5059528350830078,-1.4287399053573608,9.581595420837402,-1.251220703125,-18.157958984375,17.669677734375
17.457499900000002,-0.7864952683448792,-0.889445960521698,9.636661529541016,5.92041015625,-19.1650390625,52.91748046875
17.4624999,-0.05746084079146385,-1.4927847385406494,9.84256362915039,2.349853515625,-11.932373046875,42.05322265625
17.4674999,0.39205053448677063,-0.4411316514015198,9.973047256469727,1.46484375,1.373291015625,29.205322265625
17.4724999,1.081580638885498,0.1256955862045288,9.99339771270752,4.608154296875,3.448486328125,19.744873046875
17.4774999,1.3862427473068237,0.4381389021873474,10.02691650390625,-1.03759765625,-3.509521484375,5.950927734375
17.4824999,1.8746598958969116,0.15921440720558167,10.016142845153809,4.21142578125,8.209228515625,-13.824462890625
17.4874999,1.9195512533187866,-0.33698388934135437,9.723451614379883,14.678955078125,24.139404296875,-13.24462890625
17.492499900000002,1.7411831617355347,-0.5327098965644836,9.782708168029785,12.14599609375,20.416259765625,-5.37109375
17.4974999,1.3090298175811768,-0.4902127981185913,9.744400978088379,4.2724609375,13.275146484375,-20.1416015625
17.5024999,0.14425064623355865,0.22026655077934265,9.731831550598145,-0.79345703125,8.72802734375,-50.628662109375
17.5074999,0.14425064623355865,0.22026655077934265,9.731831550598145,-0.79345703125,8.72802734375,-50.628662109375
17.5124999,-0.11372458189725876,-0.2908954918384552,9.710882186889648,-6.866455078125,-2.44140625,-48.675537109375
17.5174999,-0.5536591410636902,-0.5225345492362976,9.498396873474121,-3.082275390625,-3.173828125,-8.36181640625
17.5224999,-1.3820528984069824,-0.7565677165985107,9.429563522338867,-19.195556640625,-30.548095703125,15.960693359375
17.527499900000002,-1.3820528984069824,-0.7565677165985107,9.429563522338867,-19.195556640625,-30.548095703125,15.960693359375
17.5324999,-1.5741876363754272,-1.4814122915267944,9.616909980773926,-2.01416015625,-18.157958984375,16.7236328125
17.5374999,-0.8469488620758057,-0.8846575021743774,9.599552154541016,6.683349609375,-17.76123046875,50.9033203125
17.5424999,-0.13168109953403473,-1.4945803880691528,9.823410034179688,2.655029296875,-12.847900390625,41.9921875
17.547499900000002,0.3214215636253357,-0.4100070297718048,9.939528465270996,0.9765625,0.91552734375,29.266357421875
17.5524999,1.0091559886932373,0.2124854028224945,10.02452278137207,4.45556640625,2.838134765625,20.93505859375
17.5574999,1.3114240169525146,0.46806642413139343,10.057442665100098,-0.762939453125,-3.143310546875,7.293701171875
17.5624999,1.899200439453125,-0.333991140127182,9.753378868103027,14.70947265625,23.345947265625,-12.664794921875
17.5674999,1.7836803197860718,-0.5512649416923523,9.847352027893066,12.63427734375,20.69091796875,-5.218505859375
17.5724999,1.337161660194397,-0.5153518915176392,9.758766174316406,4.5166015625,14.190673828125,-20.172119140625
17.5774999,0.6811503767967224,-0.08439560979604721,9.754576683044434,-2.01416015625,13.24462890625,-18.890380859375
17.582499900000002,0.36092591285705566,0.25677812099456787,9.948506355285645,-0.457763671875,13.97705078125,-36.041259765625
17.5874999,0.14185644686222076,0.21667525172233582,9.732429504394531,-0.213623046875,9.3994140625,-48.614501953125
17.5924999,-0.07003039866685867,-0.2346317619085312,9.733028411865234,-5.9814453125,-1.007080078125,-48.980712890625
17.5974999,-0.5051765441894531,-0.5548562407493591,9.520543098449707,-3.509521484375,-2.86865234375,-11.474609375
17.6024999,-1.2042834758758545,-0.5811924338340759,9.68933391571045,-11.932373046875,-16.265869140625,24.5361328125
17.6074999,-1.3640964031219482,-0.739209771156311,9.461885452270508,-19.744873046875,-30.792236328125,16.4794921875
17.6124999,-1.5568296909332275,-1.3640964031219482,9.701305389404297,-2.86865234375,-18.951416015625,16.05224609375
17.617499900000002,-0.8589198589324951,-0.9169792532920837,9.558850288391113,5.401611328125,-16.4794921875,46.2646484375
17.6224999,0.3214215636253357,-0.518943190574646,9.886856079101562,-0.030517578125,-0.54931640625,27.923583984375
17.6274999,0.3214215636253357,-0.518943190574646,9.886856079101562,-0.030517578125,-0.54931640625,27.923583984375
17.6324999,0.9558850526809692,0.17477671802043915,9.974244117736816,4.82177734375,3.814697265625,21.759033203125
17.6374999,1.2509703636169434,0.40222588181495667,10.068815231323242,-1.03759765625,-2.9296875,7.32421875
17.6424999,1.766920804977417,0.2902969419956207,10.01075553894043,2.50244140625,4.39453125,-10.68115234375
17.6474999,1.8656816482543945,-0.2861070930957794,9.752182006835938,13.885498046875,21.91162109375,-13.97705078125
17.652499900000002,1.732803463935852,-0.5219359993934631,9.87967300415039,12.0849609375,21.1181640625,-5.2490234375
17.6574999,1.347337007522583,-0.4668693244457245,9.747393608093262,5.126953125,13.85498046875,-17.791748046875
17.6624999,0.7050924301147461,-0.1538274586200714,9.799467086791992,-1.03759765625,12.51220703125,-18.1884765625
17.6674999,0.38127660751342773,0.18555063009262085,9.988609313964844,-1.251220703125,13.73291015625,-32.89794921875
17.672499900000002,0.20530278980731964,0.1975216418504715,9.742605209350586,1.15966796875,12.26806640625,-44.7998046875
17.6774999,0.02274491637945175,-0.2172738015651703,9.75936508178711,-5.06591796875,0.9765625,-49.31640625
17.6824999,-1.6603789329528809,-0.8972271084785461,9.757569313049316,-4.57763671875,-20.843505859375,14.129638671875
17.6874999,-0.982221245765686,-0.9666589498519897,9.525930404663086,3.692626953125,-15.5029296875,40.802001953125
17.6924999,-0.3992331326007843,-1.2054805755615234,9.761159896850586,5.0048828125,-16.66259765625,50.72021484375
17.6974999,0.24121582508087158,-0.8110358119010925,9.838373184204102,-0.8544921875,-2.5634765625,27.130126953125
17.7024999,0.8834604024887085,-0.03172317147254944,9.963470458984375,5.584716796875,4.8828125,24.658203125
17.707499900000002,1.2485761642456055,0.20949265360832214,10.102932929992676,-0.48828125,-2.50244140625,8.6669921875
17.7124999,1.7208324670791626,0.31842881441116333,9.967061996459961,1.28173828125,2.105712890625,-6.134033203125
17.7174999,1.9039889574050903,-0.22266076505184174,9.79408073425293,11.962890625,19.22607421875,-17.08984375
17.7224999,1.7423802614212036,-0.5554547905921936,9.947908401489258,11.77978515625,22.15576171875,-5.79833984375
17.7274999,1.4766238927841187,-0.3860650360584259,9.709685325622559,7.476806640625,15.31982421875,-14.068603515625
17.7324999,0.24899697303771973,0.2621650993824005,9.739612579345703,1.556396484375,13.12255859375,-43.64013671875
17.7374999,0.03411737456917763,-0.14065934717655182,9.762357711791992,-4.241943359375,2.655029296875,-50.47607421875
17.742499900000002,-0.40222588181495667,-0.6374561786651611,9.566631317138672,-5.43212890625,-3.875732421875,-23.590087890625
17.7474999,-0.9923965930938721,-0.3776853084564209,9.844358444213867,-6.40869140625,-8.97216796875,18.096923828125
17.7524999,-1.3425486087799072,-0.7894880175590515,9.513958930969238,-20.81298828125,-30.548095703125,21.91162109375
17.7574999,-1.5705963373184204,-0.5907692909240723,9.824007987976074,-6.89697265625,-22.308349609375,11.41357421875
17.7624999,0.23762452602386475,-1.1019313335418701,9.737217903137207,-0.6103515625,-3.41796875,28.62548828125
17.7674999,0.7972691655158997,-0.20889410376548767,9.88625717163086,5.43212890625,4.94384765625,25.360107421875
17.7724999,1.1851298809051514,0.10175357013940811,10.014347076416016,-0.152587890625,-2.44140625,9.552001953125
17.777499900000002,1.566406488418579,-0.38905778527259827,9.664793968200684,9.063720703125,17.02880859375,-12.87841796875
17.7824999,0.8732850551605225,-0.3405751883983612,9.965864181518555,0.30517578125,11.65771484375,-19.83642578125
17.7874999,0.4950011968612671,0.18914192914962769,9.904812812805176,-2.44140625,13.36669921875,-26.42822265625
17.7924999,0.2555810213088989,0.31543606519699097,9.815628051757812,1.129150390625,12.603759765625,-44.281005859375
17.797499900000002,0.06524199992418289,-0.038307227194309235,9.781511306762695,-4.302978515625,3.60107421875,-53.985595703125
17.8024999,-0.33698388934135437,-0.5901707410812378,9.601346969604492,-6.195068359375,-4.241943359375,-31.73828125
17.8074999,-0.9391255974769592,-0.34416648745536804,9.739612579345703,-3.84521484375,-6.317138671875,15.228271484375
17.8124999,-1.3970166444778442,-0.9768342971801758,9.503185272216797,-20.599365234375,-30.670166015625,24.35302734375
17.8174999,-1.3844470977783203,-0.4644751250743866,9.795876502990723,-9.674072265625,-25.054931640625,11.474609375
17.8224999,-1.1222820281982422,-1.2886791229248047,9.505578994750977,1.46484375,-14.678955078125,30.548095703125
17.8274999,0.14065934717655182,-1.1354501247406006,9.712677955627441,-0.030517578125,-4.8828125,31.219482421875
17.832499900000002,0.5722141861915588,-0.22864626348018646,9.86650562286377,4.119873046875,3.41796875,27.191162109375
17.8374999,1.003769040107727,0.0802057534456253,9.962871551513672,0.335693359375,-1.922607421875,11.199951171875
17.8424999,1.5604209899902344,-0.444722980260849,9.691728591918945,8.7890625,16.937255859375,-10.55908203125
17.8474999,1.0043675899505615,-0.3776853084564209,9.915586471557617,0.732421875,10.8642578125,-19.34814453125
17.8524999,0.5596446394920349,0.16160862147808075,9.880870819091797,-2.25830078125,12.75634765625,-24.0478515625
17.8574999,0.34656068682670593,0.2890998423099518,9.807249069213867,2.0751953125,15.533447265625,-40.802001953125
17.8624999,0.1430535465478897,-0.02274491637945175,9.801861763000488,-2.50244140625,6.4697265625,-49.468994140625
17.867499900000002,-0.29149407148361206,-0.5728127360343933,9.671378135681152,-6.011962890625,-3.47900390625,-34.271240234375
17.8724999,-1.3533225059509277,-0.3734954595565796,9.655815124511719,-12.176513671875,-25.909423828125,11.993408203125
17.8774999,-1.1641805171966553,-1.2802993059158325,9.515155792236328,-0.06103515625,-15.380859375,26.123046875
17.8824999,-0.3932476341724396,-0.8780734539031982,9.813234329223633,7.8125,-18.310546875,56.365966796875
17.8874999,0.16160862147808075,-1.2617442607879639,9.850942611694336,0.244140625,-7.080078125,34.210205078125
17.8924999,0.545877993106842,-0.365115761756897,10.006566047668457,3.23486328125,2.532958984375,27.374267578125
17.8974999,1.0534487962722778,0.038307227194309235,9.999382972717285,1.739501953125,-0.274658203125,13.24462890625
17.902499900000002,1.4371196031570435,0.3250128924846649,9.942521095275879,-0.1220703125,-0.54931640625,2.62451171875
17.9074999,1.8369512557983398,-0.14484919607639313,9.900622367858887,7.14111328125,11.993408203125,-18.096923828125
17.9124999,1.7884687185287476,-0.5135562419891357,9.872490882873535,13.916015625,24.169921875,-8.36181640625
17.9174999,1.5861586332321167,-0.48243165016174316,9.695918083190918,9.8876953125,18.00537109375,-8.544921875
17.922499900000002,-1.4167689085006714,-0.6865373253822327,9.423578262329102,-16.571044921875,-24.261474609375,26.397705078125
17.9274999,-1.4036006927490234,-0.4405331015586853,9.543288230895996,-14.58740234375,-27.496337890625,12.20703125
17.9324999,-1.2599486112594604,-1.334767460823059,9.578003883361816,-0.91552734375,-15.869140625,21.240234375
17.9374999,-0.5345055460929871,-1.0031704902648926,9.888052940368652,8.575439453125,-17.181396484375,56.060791015625
17.9424999,0.13287819921970367,-1.499967336654663,9.955090522766113,0.8544921875,-9.1552734375,37.506103515625
17.9474999,0.4596867263317108,-0.47584760189056396,10.086173057556152,2.532958984375,1.800537109375,27.923583984375
17.9524999,1.0468647480010986,0.06703764945268631,10.035296440124512,2.86865234375,1.251220703125,15.533447265625
17.957499900000002,1.3503297567367554,0.3908534348011017,9.987412452697754,-0.946044921875,-1.983642578125,4.08935546875
17.9624999,1.7974469661712646,-0.42377370595932007,9.822212219238281,14.312744140625,24.139404296875,-10.223388671875
17.9674999,1.6166846752166748,-0.5171475410461426,9.702502250671387,10.43701171875,18.707275390625,-6.16455078125
17.9724999,1.2515689134597778,-0.47644615173339844,9.874884605407715,2.227783203125,10.772705078125,-20.99609375
17.9774999,0.6248866319656372,0.04369417950510979,9.766547203063965,-2.655029296875,12.51220703125,-20.538330078125
17.9824999,0.4489128291606903,0.25438392162323,9.910798072814941,1.220703125,14.678955078125,-35.614013671875
17.9874999,0.15801730751991272,0.13587094843387604,9.79647445678711,-1.0986328125,8.880615234375,-47.515869140625
17.992499900000002,-0.2298433631658554,-0.3944447338581085,9.688735961914062,-7.171630859375,-3.326416015625,-43.9453125
17.9974999,-0.706289529800415,-0.4297592043876648,9.5408935546875,-2.899169921875,-4.08935546875,-1.3427734375
18.0024999,-1.4077905416488647,-0.6751648783683777,9.479243278503418,-14.5263671875,-21.881103515625,27.52685546875
18.0074999,-1.3760673999786377,-0.6685808300971985,9.491812705993652,-17.425537109375,-29.60205078125,12.786865234375
18.0124999,-1.4191631078720093,-1.4526818990707397,9.566033363342285,-0.9765625,-15.93017578125,18.1884765625
18.0174999,-0.645237386226654,-0.9050082564353943,9.640851974487305,7.965087890625,-16.204833984375,53.131103515625
18.0224999,0.43514615297317505,-0.37888240814208984,9.921571731567383,1.434326171875,0.885009765625,28.1982421875
18.027499900000002,1.0570400953292847,0.21547815203666687,9.932345390319824,3.875732421875,2.74658203125,18.280029296875
18.0324999,1.0570400953292847,0.21547815203666687,9.932345390319824,3.875732421875,2.74658203125,18.280029296875
18.0374999,1.3563152551651,0.4620809257030487,9.984419822692871,-0.9765625,-2.593994140625,5.55419921875
18.0424999,1.832162857055664,0.0694318488240242,10.00716495513916,3.997802734375,7.9345703125,-16.204833984375
18.047499900000002,1.843535304069519,-0.3734954595565796,9.793481826782227,14.892578125,24.200439453125,-11.383056640625
18.0524999,1.688510775566101,-0.5650315880775452,9.803058624267578,11.53564453125,19.71435546875,-5.279541015625
18.0574999,1.2539631128311157,-0.5237316489219666,9.821015357971191,3.204345703125,12.0849609375,-21.087646484375
18.0624999,0.657806932926178,-0.025737667456269264,9.749189376831055,-2.716064453125,12.847900390625,-18.707275390625
18.0674999,0.3974374830722809,0.2406172752380371,9.922768592834473,0.579833984375,14.404296875,-35.15625
18.0724999,0.19273324310779572,0.17298106849193573,9.75637149810791,-0.54931640625,9.27734375,-48.370361328125
18.0774999,-1.314416766166687,-0.6338648796081543,9.575011253356934,-13.336181640625,-19.22607421875,26.85546875
18.082499900000002,-1.314416766166687,-0.6338648796081543,9.575011253356934,-13.336181640625,-19.22607421875,26.85546875
18.0874999,-1.3844470977783203,-0.7284358739852905,9.478046417236328,-18.035888671875,-29.96826171875,14.16015625
18.0924999,-1.5556325912475586,-1.4664485454559326,9.685144424438477,-1.28173828125,-16.937255859375,17.181396484375
18.0974999,-0.7918822169303894,-0.8463503122329712,9.64564037322998,6.683349609375,-16.265869140625,49.560546875
18.1024999,-0.11971008777618408,-1.4826093912124634,9.874286651611328,2.5634765625,-11.77978515625,40.71044921875
18.1074999,0.3447650372982025,-0.36990416049957275,9.950302124023438,0.30517578125,-0.3662109375,28.50341796875
18.1124999,1.0007762908935547,0.2932897210121155,9.985017776489258,4.791259765625,3.5400390625,21.514892578125
18.117499900000002,1.314416766166687,0.5039794445037842,10.058639526367188,-1.220703125,-3.0517578125,7.26318359375
18.1224999,1.834557056427002,0.2364274114370346,10.016741752624512,2.62451171875,5.18798828125,-12.87841796875
18.1274999,1.9075802564620972,-0.2777273952960968,9.744400978088379,14.556884765625,22.5830078125,-12.939453125
18.1324999,1.7615338563919067,-0.5339069962501526,9.819219589233398,11.77978515625,20.6298828125,-4.730224609375
18.1374999,0.6931213736534119,-0.090979665517807,9.740211486816406,-2.105712890625,11.65771484375,-17.4560546875
18.1424999,0.3776853084564209,0.17178396880626678,9.965864181518555,-0.457763671875,13.85498046875,-32.928466796875
18.1474999,0.21847090125083923,0.1885433793067932,9.782109260559082,0.640869140625,11.41357421875,-45.074462890625
18.152499900000002,-0.005386953707784414,-0.23582886159420013,9.77791976928711,-5.828857421875,0.457763671875,-49.62158203125
18.1574999,-0.4692635238170624,-0.5722141861915588,9.567828178405762,-4.302978515625,-3.265380859375,-14.068603515625
18.1624999,-0.8966285586357117,-0.862511157989502,9.45410442352295,5.31005859375,-15.106201171875,43.182373046875
18.1674999,-0.8966285586357117,-0.862511157989502,9.45410442352295,5.31005859375,-15.106201171875,43.182373046875
18.172499900000002,-0.26096799969673157,-1.1941081285476685,9.730634689331055,4.21142578125,-14.862060546875,45.806884765625
18.1774999,0.33758243918418884,-0.5674257874488831,9.84615421295166,-1.03759765625,-2.197265625,26.214599609375
18.1824999,0.9427168965339661,0.1999158412218094,9.981427192687988,5.950927734375,4.913330078125,25.238037109375
18.1874999,1.734000563621521,-0.5758054852485657,9.906607627868652,11.41357421875,21.54541015625,-4.608154296875
18.1924999,1.4293384552001953,-0.4596867263317108,9.717466354370117,6.103515625,14.16015625,-15.56396484375
18.1974999,0.7870938181877136,-0.2819172441959381,9.818621635437012,-0.79345703125,11.29150390625,-18.24951171875
18.2024999,0.45669397711753845,0.11911153793334961,9.96945571899414,-1.52587890625,13.458251953125,-30.181884765625
18.207499900000002,0.30705636739730835,0.18614917993545532,9.773730278015137,1.861572265625,13.671875,-42.388916015625
18.2124999,0.10534487664699554,-0.17956513166427612,9.766547203063965,-4.730224609375,2.74658203125,-50.6591796875
18.2174999,-0.36750996112823486,-0.6290764808654785,9.573814392089844,-5.584716796875,-4.180908203125,-23.49853515625
18.2224999,-0.9911994934082031,-0.40462008118629456,9.777320861816406,-7.38525390625,-10.3759765625,18.61572265625
18.2274999,-1.3736732006072998,-0.8684966564178467,9.469067573547363,-19.95849609375,-29.815673828125,20.843505859375
18.2324999,-1.5933412313461304,-0.6859387755393982,9.722254753112793,-6.256103515625,-21.331787109375,11.04736328125
18.2374999,0.1933317929506302,-0.9941922426223755,9.695320129394531,-1.434326171875,-4.0283203125,27.16064453125
18.242499900000002,0.7451952695846558,-0.08439560979604721,9.8970308303833,5.767822265625,4.7607421875,27.28271484375
18.2474999,1.1468225717544556,0.15502455830574036,10.035895347595215,0.30517578125,-2.01416015625,11.3525390625
18.2524999,1.6639702320098877,0.42856210470199585,9.860519409179688,0.579833984375,0.732421875,-2.532958984375
18.2574999,1.877652645111084,-0.18076223134994507,9.807249069213867,10.55908203125,16.693115234375,-17.974853515625
18.2624999,1.8189947605133057,-0.49140989780426025,9.928754806518555,12.02392578125,22.52197265625,-5.950927734375
18.2674999,1.5825673341751099,-0.42676645517349243,9.684545516967773,8.880615234375,16.41845703125,-12.02392578125
18.2724999,0.9241618514060974,-0.4189853072166443,9.984419822692871,0.18310546875,11.260986328125,-19.83642578125
18.277499900000002,0.5524620413780212,0.09816227108240128,9.91738224029541,-2.44140625,13.48876953125,-25.7568359375
18.2824999,0.3315969407558441,0.24121582508087158,9.830592155456543,2.166748046875,14.251708984375,-42.236328125
18.2874999,0.13706804811954498,-0.0933738648891449,9.789292335510254,-3.47900390625,5.0048828125,-52.947998046875
18.2924999,-1.368884801864624,-0.9115923047065735,9.43375301361084,-20.01953125,-28.6865234375,24.35302734375
18.297499900000002,-1.3617022037506104,-0.436343252658844,9.769539833068848,-9.063720703125,-24.169921875,10.3759765625
18.3024999,-1.1408370733261108,-1.1276689767837524,9.436745643615723,1.617431640625,-14.862060546875,30.731201171875
18.3074999,-0.3902548849582672,-0.5841852426528931,9.708487510681152,6.805419921875,-18.85986328125,55.389404296875
18.3124999,0.1388636976480484,-0.9630676507949829,9.675567626953125,-1.068115234375,-6.16455078125,28.1982421875
18.3174999,0.5051765441894531,-0.004189853090792894,9.873088836669922,4.974365234375,3.753662109375,29.6630859375
18.3224999,1.7423802614212036,-0.1975216418504715,9.86770248413086,7.904052734375,13.12255859375,-18.035888671875
18.3274999,1.7866730690002441,-0.5153518915176392,9.95748519897461,12.115478515625,22.796630859375,-6.744384765625
18.332499900000002,1.6292542219161987,-0.5560533404350281,9.683947563171387,9.613037109375,16.9677734375,-9.002685546875
18.3374999,-0.1586158573627472,-0.4159925580024719,9.670180320739746,-6.591796875,-3.173828125,-43.3349609375
18.3424999,-0.7200561761856079,-0.2190694510936737,9.461885452270508,-2.3193359375,-3.448486328125,2.105712890625
18.3474999,-1.391629695892334,-0.9355342984199524,9.403226852416992,-16.05224609375,-22.64404296875,25.482177734375
18.3524999,-1.4383167028427124,-0.4129997789859772,9.514557838439941,-13.275146484375,-25.5126953125,11.444091796875
18.3574999,-1.3874398469924927,-1.4826093912124634,9.592369079589844,-1.007080078125,-15.7470703125,21.759033203125
18.3624999,-0.6380547285079956,-0.6877344250679016,9.86889934539795,6.622314453125,-19.4091796875,54.26025390625
18.367499900000002,0.07182604819536209,-1.3072341680526733,9.982624053955078,0.732421875,-10.498046875,32.89794921875
18.3724999,0.45669397711753845,-0.17477671802043915,10.108918190002441,1.922607421875,1.312255859375,26.824951171875
18.3774999,1.0761936902999878,0.23523031175136566,10.032303810119629,4.08935546875,3.0517578125,17.02880859375
18.3824999,1.7848774194717407,0.11372458189725876,9.998785018920898,4.45556640625,7.720947265625,-14.862060546875
18.3874999,1.732803463935852,-0.35254621505737305,9.761159896850586,13.00048828125,22.613525390625,-9.765625
18.3924999,1.5640122890472412,-0.585382342338562,9.75936508178711,10.1318359375,17.547607421875,-5.7373046875
18.3974999,1.0977414846420288,-0.5847837924957275,9.791686058044434,3.509521484375,10.986328125,-18.9208984375
18.402499900000002,0.5937620401382446,-0.07781155407428741,9.700706481933594,-0.9765625,12.725830078125,-16.448974609375
18.4074999,0.37469255924224854,0.166995570063591,9.938331604003906,-0.06103515625,14.70947265625,-34.332275390625
18.4124999,0.2555810213088989,0.22625206410884857,9.743204116821289,0.06103515625,12.451171875,-46.81396484375
18.4174999,-0.004788403399288654,-0.2082955539226532,9.758167266845703,-5.889892578125,-0.946044921875,-48.095703125
18.422499900000002,-0.4626794755458832,-0.5225345492362976,9.512163162231445,-3.448486328125,-4.180908203125,-9.521484375
18.4274999,-1.1839327812194824,-0.5476736426353455,9.67077922821045,-11.16943359375,-15.960693359375,23.4375
18.4324999,-1.3174095153808594,-0.7266402244567871,9.4636812210083,-18.12744140625,-28.50341796875,15.0146484375
18.4374999,-0.8637082576751709,-0.8912416100502014,9.576807022094727,4.33349609375,-17.27294921875,45.7763671875
18.4424999,-0.24480712413787842,-1.2449848651885986,9.831789016723633,3.60107421875,-16.204833984375,46.356201171875
18.4474999,0.3010708689689636,-0.5309142470359802,9.895833969116211,-1.64794921875,-2.62451171875,26.3671875
18.4524999,0.9295487999916077,0.30705636739730835,10.002376556396484,6.28662109375,5.126953125,25.87890625
18.457499900000002,1.2641384601593018,0.4297592043876648,10.095749855041504,-0.885009765625,-2.838134765625,9.063720703125
18.4624999,1.7597382068634033,0.5183446407318115,9.928155899047852,1.3427734375,2.410888671875,-6.53076171875
18.4674999,1.8279730081558228,-0.1364694982767105,9.752182006835938,9.94873046875,17.88330078125,-15.31982421875
18.4724999,1.7052701711654663,-0.5440823435783386,9.88506031036377,10.528564453125,19.744873046875,-4.638671875
18.4774999,1.4179660081863403,-0.4596867263317108,9.68155288696289,7.14111328125,13.641357421875,-14.312744140625
18.4824999,0.8343793153762817,-0.43335050344467163,9.888052940368652,0.48828125,11.993408203125,-18.218994140625
18.4874999,0.524330198764801,0.0586579404771328,9.97603988647461,-1.953125,14.34326171875,-28.25927734375
18.492499900000002,0.365115761756897,0.16819266974925995,9.812037467956543,2.50244140625,15.625,-43.76220703125
18.4974999,-1.3090298175811768,-0.43993455171585083,9.773730278015137,-6.591796875,-21.05712890625,10.498046875
18.5024999,-1.0187327861785889,-1.0181342363357544,9.385869026184082,2.777099609375,-14.617919921875,34.423828125
18.5074999,-0.3166331648826599,-0.667982280254364,9.66299819946289,6.134033203125,-19.622802734375,55.023193359375
18.5124999,0.15682020783424377,-1.036689281463623,9.644442558288574,-1.739501953125,-5.645751953125,26.123046875
18.5174999,0.5542576909065247,-0.13048399984836578,9.868300437927246,5.0048828125,4.08935546875,28.25927734375
18.5224999,0.9756371974945068,0.011372458189725876,9.979032516479492,1.28173828125,-0.18310546875,11.23046875
18.527499900000002,1.4610615968704224,0.3058592677116394,9.914389610290527,-0.579833984375,-1.129150390625,-0.42724609375
18.5324999,1.7052701711654663,-0.23582886159420013,9.958083152770996,6.988525390625,13.153076171875,-18.646240234375
18.5374999,1.7046716213226318,-0.5680243372917175,9.956886291503906,11.90185546875,21.942138671875,-4.608154296875
18.5424999,0.47225627303123474,0.3519476354122162,9.884461402893066,1.861572265625,15.350341796875,-39.24560546875
18.547499900000002,0.20470423996448517,0.07062894850969315,9.77791976928711,-1.556396484375,8.270263671875,-50.872802734375
18.5524999,-0.19213469326496124,-0.46986207365989685,9.648633003234863,-6.34765625,-3.7841796875,-39.4287109375
18.5574999,-0.7332242727279663,-0.22924481332302094,9.44752025604248,-2.44140625,-3.84521484375,4.8828125
18.5624999,-1.3287819623947144,-0.9026140570640564,9.282918930053711,-17.27294921875,-23.956298828125,25.360107421875
18.5674999,-1.3365631103515625,-0.4118026793003082,9.445125579833984,-13.427734375,-25.08544921875,9.490966796875
18.5724999,-1.2659341096878052,-1.5203180313110352,9.453505516052246,-0.335693359375,-14.58740234375,23.223876953125
18.5774999,-0.5602431893348694,-0.823006808757782,9.788095474243164,7.476806640625,-19.073486328125,54.962158203125
18.582499900000002,0.055665191262960434,-1.382651448249817,9.956287384033203,0.946044921875,-10.80322265625,34.1796875
18.5874999,0.395043283700943,-0.27234044671058655,10.116100311279297,1.15966796875,0.48828125,27.313232421875
18.5924999,1.3096283674240112,0.38965633511543274,10.04427433013916,-1.03759765625,-2.471923828125,5.279541015625
18.5974999,1.777694821357727,0.12988543510437012,10.029311180114746,3.753662109375,7.354736328125,-15.31982421875
18.6024999,1.756745457649231,-0.41359832882881165,9.730634689331055,12.939453125,22.03369140625,-9.1552734375
18.6074999,1.5969325304031372,-0.5249287486076355,9.797073364257812,10.650634765625,17.51708984375,-6.16455078125
18.6124999,1.1162965297698975,-0.5339069962501526,9.778518676757812,3.23486328125,10.955810546875,-19.073486328125
18.617499900000002,0.5823895931243896,-0.06344634294509888,9.732429504394531,-2.105712890625,11.77978515625,-16.571044921875
18.6224999,0.36152446269989014,0.17836803197860718,9.97065258026123,0.42724609375,15.045166015625,-35.186767578125
18.6274999,0.2555810213088989,0.13587094843387604,9.738415718078613,1.556396484375,13.427734375,-47.088623046875
18.6324999,0.2555810213088989,0.13587094843387604,9.738415718078613,1.556396484375,13.427734375,-47.088623046875
18.6374999,0.03292027488350868,-0.31364041566848755,9.748590469360352,-5.37109375,-0.518798828125,-46.051025390625
18.6424999,-1.5412673950195312,-1.2838906049728394,9.639056205749512,-1.922607421875,-17.486572265625,15.899658203125
18.6474999,-0.8607155084609985,-0.8595184087753296,9.552266120910645,4.425048828125,-16.998291015625,46.32568359375
18.652499900000002,-0.2717418968677521,-1.2360066175460815,9.840767860412598,3.60107421875,-15.167236328125,45.47119140625
18.6574999,0.2944868206977844,-0.4082113802433014,9.88625717163086,-1.129150390625,-2.166748046875,25.57373046875
18.6624999,0.9050082564353943,0.39803603291511536,9.967659950256348,6.2255859375,5.279541015625,25.81787109375
18.6674999,1.2970588207244873,0.48303020000457764,10.07779312133789,-1.129150390625,-2.777099609375,6.04248046875
18.672499900000002,1.7693150043487549,0.49140989780426025,9.928754806518555,1.495361328125,2.105712890625,-7.720947265625
18.6774999,1.8740613460540771,-0.1975216418504715,9.767146110534668,11.65771484375,19.744873046875,-15.13671875
18.6824999,1.6944962739944458,-0.5386953949928284,9.877279281616211,11.04736328125,20.69091796875,-4.241943359375
18.6874999,1.3820528984069824,-0.444722980260849,9.691728591918945,6.103515625,12.8173828125,-15.106201171875
18.6924999,0.7661445140838623,-0.3292027413845062,9.806650161743164,-0.823974609375,11.077880859375,-17.730712890625
18.6974999,0.47824180126190186,0.09217676520347595,9.940725326538086,-1.800537109375,13.61083984375,-28.80859375
18.7024999,-0.8936358094215393,-0.4141969084739685,9.813833236694336,-5.859375,-8.30078125,16.326904296875
18.707499900000002,-0.8936358094215393,-0.4141969084739685,9.813833236694336,-5.859375,-8.30078125,16.326904296875
18.7124999,-1.367687702178955,-0.7428010702133179,9.459490776062012,-18.85986328125,-28.076171875,21.97265625
18.7174999,-1.3760673999786377,-0.37648820877075195,9.830592155456543,-5.584716796875,-20.751953125,10.467529296875
18.7224999,-1.072602391242981,-0.8547300100326538,9.423578262329102,1.434326171875,-15.167236328125,34.3017578125
18.7274999,-0.3860650360584259,-0.48722004890441895,9.679757118225098,5.92041015625,-18.890380859375,54.99267578125
18.7324999,0.17298106849193573,-0.9199720025062561,9.632472038269043,-1.495361328125,-5.79833984375,24.84130859375
18.7374999,0.5363011956214905,0.016759412363171577,9.854534149169922,5.279541015625,4.150390625,30.1513671875
18.742499900000002,0.9864110946655273,-0.014365210197865963,9.9586820602417,1.129150390625,0.030517578125,11.810302734375
18.7474999,1.4562731981277466,0.2825157940387726,9.928754806518555,-0.9765625,-2.3193359375,0.1220703125
18.7524999,1.7016788721084595,-0.26396074891090393,9.956287384033203,7.659912109375,13.275146484375,-17.181396484375
18.7574999,1.5550340414047241,-0.48901569843292236,9.742006301879883,9.307861328125,15.106201171875,-9.368896484375
18.7624999,1.081580638885498,-0.5111620426177979,9.967061996459961,1.0986328125,9.82666015625,-19.47021484375
18.7674999,0.6230909824371338,0.08858546614646912,9.806051254272461,-2.349853515625,12.420654296875,-18.890380859375
18.7724999,0.5327098965644836,0.2801215946674347,9.885659217834473,2.86865234375,16.4794921875,-38.75732421875
18.777499900000002,0.2932897210121155,0.07661445438861847,9.762955665588379,-0.91552734375,10.68115234375,-51.239013671875
18.7824999,-0.09636662155389786,-0.42018240690231323,9.656414031982422,-6.622314453125,-3.47900390625,-41.80908203125
18.7874999,-0.6649895310401917,-0.26755204796791077,9.353547096252441,-2.3193359375,-3.997802734375,1.3427734375
18.7924999,-1.367687702178955,-1.0031704902648926,9.312247276306152,-15.44189453125,-22.186279296875,25.81787109375
18.797499900000002,-1.3910311460494995,-0.48243165016174316,9.354146003723145,-13.336181640625,-25.360107421875,9.490966796875
18.8024999,-1.4077905416488647,-1.6519991159439087,9.560646057128906,-0.885009765625,-14.373779296875,20.477294921875
18.8074999,-0.6685808300971985,-0.6344634294509888,9.785101890563965,6.378173828125,-18.646240234375,53.7109375
18.8124999,1.3150153160095215,0.6141127347946167,10.074800491333008,-2.25830078125,-4.21142578125,3.936767578125
18.8174999,1.7944542169570923,0.33279404044151306,9.982624053955078,3.631591796875,6.40869140625,-11.688232421875
18.8224999,1.7531541585922241,-0.24480712413787842,9.713275909423828,12.420654296875,21.331787109375,-11.016845703125
18.8274999,1.5837644338607788,-0.5997475385665894,9.774927139282227,9.185791015625,16.66259765625,-4.5166015625
18.832499900000002,1.1408370733261108,-0.5500678420066833,9.696516990661621,3.570556640625,9.674072265625,-17.578125
18.8374999,0.6302735805511475,-0.2561795711517334,9.6989107131958,-0.457763671875,10.986328125,-14.16015625
18.8424999,0.41718965768814087,0.060453593730926514,9.971251487731934,-0.3662109375,14.373779296875,-30.181884765625
18.8474999,0.3495534360408783,0.14065934717655182,9.763554573059082,1.8310546875,16.6015625,-44.0673828125
18.8524999,0.1735796183347702,-0.20290859043598175,9.778518676757812,-4.669189453125,2.532958984375,-51.025390625
18.8574999,-0.3130418658256531,-0.6129156351089478,9.555258750915527,-4.791259765625,-4.669189453125,-20.721435546875
18.8624999,1.0157400369644165,0.09397241473197937,10.029311180114746,0.213623046875,-1.251220703125,10.31494140625
18.867499900000002,1.4903905391693115,0.3298012912273407,9.998186111450195,0.457763671875,-0.030517578125,-0.823974609375
18.8724999,1.7304092645645142,-0.2298433631658554,9.944316864013672,7.75146484375,13.73291015625,-17.242431640625
18.8774999,1.6663644313812256,-0.5961562395095825,9.97065258026123,10.986328125,21.17919921875,-5.645751953125
18.8824999,1.4395138025283813,-0.4381389021873474,9.733627319335938,8.36181640625,13.7939453125,-9.552001953125
18.8874999,1.0133458375930786,-0.43993455171585083,9.908403396606445,0.91552734375,9.27734375,-18.37158203125
18.8924999,0.5147533416748047,0.2885012924671173,9.849146842956543,2.9296875,17.425537109375,-38.818359375
18.8974999,0.28969839215278625,0.0293289702385664,9.79647445678711,-0.885009765625,9.979248046875,-49.98779296875
18.902499900000002,-0.15682020783424377,-0.49559974670410156,9.691728591918945,-6.805419921875,-3.631591796875,-39.276123046875
18.9074999,-0.7128735780715942,-0.2406172752380371,9.503783226013184,-2.9296875,-4.425048828125,4.0283203125
18.9124999,-1.3521254062652588,-0.6542156338691711,9.370905876159668,-15.960693359375,-22.94921875,25.360107421875
18.9174999,-1.3724761009216309,-0.39384618401527405,9.504382133483887,-13.519287109375,-25.08544921875,9.033203125
18.922499900000002,-1.30543851852417,-1.2910733222961426,9.468469619750977,-2.38037109375,-14.46533203125,20.599365234375
18.9274999,-0.618302583694458,-0.8834604024887085,9.749788284301758,8.48388671875,-18.12744140625,55.2978515625
18.9324999,0.009576806798577309,-1.40180504322052,9.869498252868652,1.617431640625,-11.71875,35.82763671875
18.9374999,0.3256114423274994,-0.33039984107017517,10.007762908935547,1.434326171875,0.8544921875,27.2216796875
18.9424999,0.9684545993804932,0.18734627962112427,10.00955867767334,2.99072265625,1.52587890625,19.073486328125
18.9474999,1.2755109071731567,0.43754035234451294,10.025120735168457,-0.762939453125,-2.532958984375,6.866455078125
18.9524999,1.6310498714447021,-0.5171475410461426,9.82999324798584,10.55908203125,17.39501953125,-5.2490234375
18.957499900000002,1.2204443216323853,-0.4818331003189087,9.758167266845703,3.814697265625,11.260986328125,-17.791748046875
18.9624999,0.6380547285079956,-0.16819266974925995,9.78989028930664,-2.288818359375,11.871337890625,-18.4326171875
18.9674999,0.4387374520301819,0.17238251864910126,9.999981880187988,0.396728515625,15.960693359375,-34.576416015625
18.9724999,0.304063618183136,0.18495208024978638,9.784503936767578,1.312255859375,13.73291015625,-47.454833984375
18.9774999,0.09935937076807022,-0.27054479718208313,9.75278091430664,-6.072998046875,-0.335693359375,-50.048828125
18.9824999,-0.3800795078277588,-0.5578489899635315,9.528324127197266,-4.119873046875,-3.84521484375,-13.946533203125
18.9874999,-1.0761936902999878,-0.6422445774078369,9.536704063415527,-10.833740234375,-15.289306640625,25.20751953125
18.992499900000002,-1.2767080068588257,-0.7745242714881897,9.461286544799805,-17.242431640625,-27.862548828125,15.19775390625
18.9974999,-1.5298948287963867,-1.1456254720687866,9.441534042358398,-4.150390625,-16.021728515625,12.02392578125
19.0024999,-0.8487445116043091,-0.9163807034492493,9.516353607177734,5.615234375,-15.472412109375,46.173095703125
19.0074999,0.8206126093864441,0.25318682193756104,10.02691650390625,4.425048828125,2.838134765625,22.796630859375
19.0124999,1.1528080701828003,0.4920084476470947,10.152013778686523,-0.579833984375,-3.021240234375,9.796142578125
19.0174999,1.6633716821670532,0.39564183354377747,10.0765962600708,2.471923828125,4.669189453125,-6.65283203125
19.0224999,1.8309657573699951,-0.17537526786327362,9.798270225524902,11.993408203125,18.798828125,-15.167236328125
19.027499900000002,1.7064672708511353,-0.5398924946784973,9.96825885772705,11.444091796875,20.263671875,-4.33349609375
19.0324999,1.4215573072433472,-0.406415730714798,9.718064308166504,5.889892578125,14.007568359375,-16.29638671875
19.0374999,0.7906851172447205,-0.2890998423099518,9.869498252868652,-1.251220703125,11.016845703125,-17.913818359375
19.0424999,-0.3555389642715454,-0.6554127335548401,9.543288230895996,-5.706787109375,-4.21142578125,-24.5361328125
19.047499900000002,-0.2519897222518921,-0.9684545993804932,9.686341285705566,7.26318359375,-18.5546875,54.229736328125
19.0524999,0.12330138683319092,-1.0109516382217407,9.805453300476074,2.13623046875,-1.861572265625,32.318115234375
19.0574999,0.5680243372917175,-0.2190694510936737,9.90122127532959,3.662109375,2.44140625,26.85546875
19.0624999,0.9726444482803345,0.24241292476654053,9.976638793945312,0.1220703125,-3.35693359375,15.655517578125
19.0674999,1.4987702369689941,0.43275195360183716,9.917980194091797,1.617431640625,2.960205078125,0.1220703125
19.0724999,1.8339585065841675,-0.14245499670505524,9.807249069213867,8.11767578125,14.0380859375,-15.350341796875
19.0774999,1.9015947580337524,-0.5201402902603149,9.868300437927246,15.0146484375,23.223876953125,-8.11767578125
19.082499900000002,1.5945383310317993,-0.41539400815963745,9.749788284301758,8.880615234375,17.9443359375,-12.725830078125
19.0874999,1.0115501880645752,-0.3579331636428833,9.865906715393066,-0.54931640625,11.41357421875,-18.280029296875
19.0924999,0.5237316489219666,0.18794482946395874,9.908403396606445,-3.35693359375,12.969970703125,-32.012939453125
19.0974999,0.27234044671058655,0.2585737705230713,9.809642791748047,1.678466796875,13.275146484375,-43.792724609375
19.1024999,0.09277531504631042,-0.10893617570400238,9.786299705505371,-3.631591796875,4.33349609375,-52.276611328125
19.1074999,-0.3208230137825012,-0.6625953316688538,9.61571216583252,-6.4697265625,-3.96728515625,-32.440185546875
19.1124999,-0.8649053573608398,-0.4578910768032074,9.745597839355469,-7.38525390625,-8.7890625,14.251708984375
19.117499900000002,-1.2647370100021362,-0.8409633636474609,9.425373077392578,-18.24951171875,-26.336669921875,22.796630859375
19.1224999,-1.3227964639663696,-0.5464765429496765,9.691728591918945,-6.683349609375,-21.728515625,11.5966796875
19.1274999,-1.0402805805206299,-1.1791443824768066,9.390657424926758,-1.190185546875,-17.181396484375,33.477783203125
19.1324999,-0.3423708379268646,-1.0648212432861328,9.584588050842285,7.080078125,-20.01953125,54.87060546875
19.1374999,0.02274491637945175,-1.2042834758758545,9.666589736938477,3.35693359375,-1.89208984375,32.989501953125
19.1424999,0.4345476031303406,-0.42676645517349243,9.809642791748047,5.0048828125,4.21142578125,28.594970703125
19.1474999,0.8744821548461914,0.12030863761901855,9.954492568969727,0.18310546875,-3.23486328125,16.265869140625
19.152499900000002,1.7040730714797974,-0.3645172119140625,9.746794700622559,9.735107421875,19.317626953125,-10.8642578125
19.1574999,1.105522632598877,-0.3298012912273407,9.882665634155273,0.30517578125,11.71875,-20.263671875
19.1624999,0.5518634915351868,0.15502455830574036,9.88745403289795,-4.21142578125,12.786865234375,-32.04345703125
19.1674999,0.2693476974964142,0.3256114423274994,9.79288387298584,0.42724609375,11.749267578125,-43.365478515625
19.172499900000002,0.019153613597154617,-0.050876785069704056,9.81143856048584,-4.486083984375,3.23486328125,-53.03955078125
19.1774999,-0.38546648621559143,-0.639850378036499,9.642647743225098,-7.293701171875,-4.791259765625,-33.477783203125
19.1824999,-0.9235633015632629,-0.4159925580024719,9.830592155456543,-8.087158203125,-9.46044921875,13.580322265625
19.1874999,-1.2886791229248047,-0.8972271084785461,9.476848602294922,-19.317626953125,-26.2451171875,24.688720703125
19.1924999,-1.3694833517074585,-0.6224924325942993,9.78869342803955,-6.34765625,-22.39990234375,12.115478515625
19.1974999,-1.0313023328781128,-1.0875661373138428,9.473258018493652,-0.18310546875,-18.00537109375,35.58349609375
19.2024999,0.9271546006202698,0.1693897694349289,9.97364616394043,-0.06103515625,-3.814697265625,17.425537109375
19.207499900000002,1.4167689085006714,0.41778820753097534,9.88506031036377,0.732421875,1.800537109375,1.40380859375
19.2124999,1.8369512557983398,-0.1646013706922531,9.776124000549316,10.528564453125,15.07568359375,-16.204833984375
19.2174999,1.9536685943603516,-0.536899745464325,9.944915771484375,14.6484375,24.96337890625,-10.833740234375
19.2224999,1.7968484163284302,-0.49619829654693604,9.68933391571045,12.14599609375,21.728515625,-12.176513671875
19.2274999,1.1300631761550903,-0.29807811975479126,9.948506355285645,-1.03759765625,13.00048828125,-22.3388671875
19.2324999,0.5973533391952515,0.2890998423099518,9.852140426635742,-4.364013671875,13.336181640625,-35.15625
19.2374999,0.22086510062217712,0.4926069974899292,9.78989028930664,-0.946044921875,8.60595703125,-46.295166015625
19.242499900000002,-0.08140286058187485,-0.016160860657691956,9.732429504394531,-6.4697265625,0.457763671875,-53.89404296875
19.2474999,-1.0773907899856567,-0.6015431880950928,9.637859344482422,-10.894775390625,-12.87841796875,20.538330078125
19.2524999,-1.304241418838501,-0.9959878921508789,9.367912292480469,-19.866943359375,-27.740478515625,22.27783203125
19.2574999,-1.6747441291809082,-1.114500880241394,9.55466079711914,-3.692626953125,-20.8740234375,14.0380859375
19.2624999,-1.0438719987869263,-1.2210428714752197,9.458892822265625,2.0751953125,-19.47021484375,44.86083984375
19.2674999,-0.4141969084739685,-1.323395013809204,9.639056205749512,5.0048828125,-17.242431640625,50.47607421875
19.2724999,0.1412578970193863,-0.8966285586357117,9.839570045471191,5.340576171875,3.23486328125,33.172607421875
19.277499900000002,0.7984662652015686,-0.16998831927776337,9.990405082702637,5.79833984375,4.0283203125,26.702880859375
19.2824999,2.05781626701355,-0.5345055460929871,9.93354320526123,15.228271484375,25.299072265625,-9.185791015625
19.2874999,1.7824832201004028,-0.518943190574646,9.691728591918945,7.568359375,19.775390625,-17.333984375
19.2924999,0.05027823522686958,0.45010992884635925,9.81263542175293,-2.8076171875,5.340576171875,-51.361083984375
19.297499900000002,-0.25917232036590576,-0.17417816817760468,9.667786598205566,-8.331298828125,-1.89208984375,-52.459716796875
19.3024999,-0.7224503755569458,0.0035913025494664907,9.545083999633789,-4.974365234375,-4.5166015625,-13.427734375
19.3074999,-1.279700756072998,-0.6673837304115295,9.327211380004883,-16.17431640625,-19.59228515625,27.801513671875
19.3124999,-1.4347254037857056,-0.5392939448356628,9.442132949829102,-15.625,-27.618408203125,17.333984375
19.3174999,-1.5280991792678833,-1.245583415031433,9.419986724853516,-1.922607421875,-19.71435546875,20.416259765625
19.3224999,-0.7990648150444031,-1.2826935052871704,9.731232643127441,4.425048828125,-22.15576171875,54.38232421875
19.3274999,-0.1280897855758667,-1.502361536026001,9.867103576660156,4.730224609375,-8.85009765625,43.64013671875
19.332499900000002,0.3256114423274994,-0.8062474131584167,10.005967140197754,6.805419921875,6.34765625,34.60693359375
19.3374999,0.9163807034492493,-0.1280897855758667,10.029909133911133,3.23486328125,0.152587890625,23.468017578125
19.3424999,1.335964560508728,0.36092591285705566,9.988609313964844,0.335693359375,-1.3427734375,11.749267578125
19.3474999,2.1068975925445557,-0.34656068682670593,9.828198432922363,17.364501953125,25.2685546875,-13.458251953125
19.3524999,1.998559832572937,-0.33099839091300964,9.706692695617676,13.671875,25.421142578125,-10.101318359375
19.3574999,1.5119383335113525,-0.4040215313434601,9.779715538024902,3.0517578125,16.2353515625,-20.81298828125
19.3624999,0.3256114423274994,0.42676645517349243,9.804255485534668,-1.312255859375,9.8876953125,-45.135498046875
19.367499900000002,0.3256114423274994,0.42676645517349243,9.804255485534668,-1.312255859375,9.8876953125,-45.135498046875
19.3724999,0.008379706181585789,0.2041056901216507,9.841964721679688,-5.401611328125,1.8310546875,-55.023193359375
19.3774999,-0.4076128304004669,-0.47824180126190186,9.651026725769043,-8.331298828125,-3.326416015625,-45.166015625
19.3824999,-0.8930372595787048,-0.3130418658256531,9.9000244140625,-7.01904296875,-7.843017578125,3.631591796875
19.3874999,-1.3120225667953491,-0.9157821536064148,9.440337181091309,-19.622802734375,-24.871826171875,28.961181640625
19.3924999,-1.4233529567718506,-0.6602011322975159,9.818022727966309,-9.002685546875,-25.7568359375,15.380859375
19.3974999,-1.1988965272903442,-1.30543851852417,9.3427734375,-1.434326171875,-19.6533203125,29.876708984375
19.402499900000002,-0.46567222476005554,-1.1641805171966553,9.593565940856934,5.859375,-20.8740234375,55.023193359375
19.4074999,0.4770447015762329,-0.5267243981361389,9.782109260559082,7.354736328125,6.500244140625,31.402587890625
19.4124999,0.8792705535888672,0.0975637212395668,9.9401273727417,1.46484375,-1.8310546875,20.69091796875
19.4174999,1.3617022037506104,0.3411737382411957,9.914987564086914,0.54931640625,1.220703125,3.7841796875
19.422499900000002,1.9075802564620972,-0.09576806426048279,9.780313491821289,11.383056640625,14.678955078125,-17.15087890625
19.4274999,2.0428526401519775,-0.43933600187301636,9.95748519897461,15.777587890625,27.252197265625,-11.260986328125
19.4324999,1.9321208000183105,-0.4950011968612671,9.741408348083496,11.383056640625,24.10888671875,-13.336181640625
19.4374999,1.282094955444336,-0.17178396880626678,9.88506031036377,0,15.045166015625,-23.8037109375
19.4424999,0.6536170840263367,0.33339259028434753,9.87967300415039,-4.180908203125,13.00048828125,-39.703369140625
19.4474999,0.20350714027881622,0.5380968451499939,9.725247383117676,-2.655029296875,6.134033203125,-49.13330078125
19.4524999,-0.11133038252592087,0.0628477931022644,9.68694019317627,-7.50732421875,-0.518798828125,-57.098388671875
19.457499900000002,-0.5566518902778625,-0.47644615173339844,9.53969669342041,-6.65283203125,-4.94384765625,-29.23583984375
19.4624999,-1.1563993692398071,-0.6224924325942993,9.578003883361816,-11.505126953125,-13.5498046875,19.683837890625
19.4674999,-1.4077905416488647,-0.9762357473373413,9.361329078674316,-19.22607421875,-27.587890625,25.421142578125
19.4724999,-1.699883222579956,-1.1827356815338135,9.564237594604492,-4.39453125,-23.3154296875,15.777587890625
19.4774999,-1.0414776802062988,-1.1581950187683105,9.44991397857666,2.13623046875,-20.1416015625,43.426513671875
19.4824999,-0.3770867586135864,-1.2856862545013428,9.66299819946289,5.950927734375,-15.472412109375,50.59814453125
19.4874999,0.21607670187950134,-0.8445546627044678,9.801861763000488,4.94384765625,3.662109375,34.515380859375
19.492499900000002,0.8529343605041504,-0.1173158809542656,9.965864181518555,5.7373046875,4.33349609375,27.435302734375
19.4974999,1.2108675241470337,0.34835633635520935,10.057442665100098,0.244140625,-2.74658203125,17.15087890625
19.5024999,1.7220295667648315,0.11851298063993454,10.104728698730469,1.953125,3.662109375,-7.14111328125
19.5074999,2.1326351165771484,-0.3274070918560028,9.850942611694336,17.333984375,22.8271484375,-17.669677734375
19.5124999,2.0638017654418945,-0.46327802538871765,9.883264541625977,15.655517578125,27.801513671875,-7.26318359375
19.5174999,1.8884265422821045,-0.40701428055763245,9.784503936767578,4.913330078125,18.5546875,-18.85986328125
19.5224999,1.015141487121582,0.12509703636169434,9.791686058044434,-4.21142578125,13.153076171875,-29.632568359375
19.527499900000002,0.04429273307323456,0.3711012601852417,9.802460670471191,-3.0517578125,4.669189453125,-51.544189453125
19.5324999,-0.3776853084564209,-0.3357867896556854,9.678560256958008,-8.941650390625,-2.9296875,-51.7578125
19.5374999,-0.8601169586181641,-0.11671733111143112,9.565434455871582,-4.82177734375,-5.43212890625,-9.857177734375
19.5424999,-1.4443022012710571,-0.6625953316688538,9.419387817382812,-15.93017578125,-20.751953125,30.120849609375
19.547499900000002,-1.533486247062683,-0.524330198764801,9.527725219726562,-17.059326171875,-29.72412109375,18.1884765625
19.5524999,-1.4790180921554565,-1.2503718137741089,9.475052833557129,-2.532958984375,-18.9208984375,18.5546875
19.5574999,-0.7098808288574219,-1.2282254695892334,9.79288387298584,6.2255859375,-19.775390625,52.67333984375
19.5624999,-0.04429273307323456,-1.5322890281677246,9.882665634155273,4.33349609375,-8.087158203125,42.29736328125
19.5674999,0.39624038338661194,-0.7727286219596863,10.004770278930664,6.011962890625,5.67626953125,31.25
19.5724999,0.8816647529602051,-0.08738835901021957,10.05923843383789,3.143310546875,-0.030517578125,22.3388671875
19.5774999,1.2880805730819702,0.3842693865299225,9.987412452697754,0.3662109375,-1.0986328125,10.7421875
19.582499900000002,1.7699135541915894,-0.0867898091673851,9.928155899047852,5.767822265625,8.880615234375,-15.0146484375
19.5874999,1.942894697189331,-0.40521863102912903,9.715670585632324,14.068603515625,25.726318359375,-8.4228515625
19.5924999,1.434126853942871,-0.31842881441116333,9.851541519165039,0.8544921875,14.678955078125,-22.76611328125
19.5974999,0.7691373229026794,0.3148375153541565,9.780313491821289,-5.31005859375,12.359619140625,-32.40966796875
19.6024999,0.2992752194404602,0.5069721937179565,9.765350341796875,-0.152587890625,10.009765625,-42.66357421875
19.6074999,-0.02214636653661728,0.1604115068912506,9.754576683044434,-4.57763671875,2.62451171875,-53.22265625
19.6124999,-0.41539400815963745,-0.578798234462738,9.596558570861816,-8.23974609375,-4.5166015625,-41.3818359375
19.617499900000002,-0.900818407535553,-0.3597288131713867,9.779715538024902,-5.218505859375,-6.7138671875,7.8125
19.6224999,-1.3748703002929688,-0.8768763542175293,9.400833129882812,-19.989013671875,-27.496337890625,31.341552734375
19.6274999,-1.3533225059509277,-0.6027402877807617,9.722254753112793,-11.383056640625,-26.519775390625,11.8408203125
19.6324999,-1.1318588256835938,-1.2677297592163086,9.343372344970703,-0.213623046875,-16.387939453125,27.252197265625
19.6374999,-0.33758243918418884,-1.1085153818130493,9.564835548400879,6.927490234375,-18.829345703125,52.978515625
19.6424999,0.12090718746185303,-1.3479355573654175,9.644442558288574,3.90625,-2.044677734375,35.09521484375
19.6474999,0.8744821548461914,0.13706804811954498,9.930550575256348,1.251220703125,-2.105712890625,19.04296875
19.652499900000002,1.3323732614517212,0.3944447338581085,9.909002304077148,0.79345703125,1.03759765625,2.899169921875
19.6574999,1.845929503440857,-0.12449848651885986,9.73781681060791,11.29150390625,14.5263671875,-17.913818359375
19.6624999,1.974617838859558,-0.3758896589279175,9.945513725280762,17.88330078125,27.862548828125,-9.3994140625
19.6674999,1.8567034006118774,-0.4016273319721222,9.730035781860352,10.55908203125,23.956298828125,-13.73291015625
19.672499900000002,1.1737574338912964,-0.18076223134994507,9.923966407775879,-2.3193359375,13.153076171875,-23.92578125
19.6774999,0.6141127347946167,0.3603273630142212,9.894637107849121,-3.41796875,12.298583984375,-36.43798828125
19.6824999,0.20470423996448517,0.4159925580024719,9.77791976928711,-0.79345703125,7.476806640625,-46.875
19.6874999,-0.04668693244457245,-0.06763619929552078,9.713275909423828,-6.439208984375,0.48828125,-55.633544921875
19.6924999,-0.4644751250743866,-0.639850378036499,9.575011253356934,-6.7138671875,-4.608154296875,-29.6630859375
19.6974999,-1.092953085899353,-0.46088382601737976,9.700108528137207,-8.697509765625,-11.383056640625,20.3857421875
19.7024999,-1.4502876996994019,-0.849941611289978,9.40023422241211,-21.05712890625,-31.646728515625,25.726318359375
19.707499900000002,1.6077064275741577,0.17657238245010376,10.021530151367188,0.9765625,2.197265625,-2.349853515625
19.7124999,1.9967641830444336,-0.36750996112823486,9.804255485534668,14.0380859375,17.791748046875,-17.51708984375
19.7174999,2.006939649581909,-0.44173020124435425,9.929352760314941,16.17431640625,26.67236328125,-8.270263671875
19.7224999,1.731606364250183,-0.5135562419891357,9.79288387298584,6.378173828125,19.500732421875,-16.17431640625
19.7274999,1.0079588890075684,-0.012569558806717396,9.841964721679688,-3.509521484375,11.932373046875,-24.59716796875
19.7324999,0.43035775423049927,0.333991140127182,9.944316864013672,-1.800537109375,12.51220703125,-38.909912109375
19.7374999,0.10773907601833344,0.32680854201316833,9.768342971801758,-0.885009765625,7.354736328125,-46.0205078125
19.742499900000002,-1.2018892765045166,-0.6536170840263367,9.443329811096191,-13.73291015625,-17.51708984375,25.909423828125
19.7474999,-1.4012064933776855,-0.7224503755569458,9.43135929107666,-17.547607421875,-29.541015625,19.10400390625
19.7524999,-1.4844050407409668,-1.1216834783554077,9.48462963104248,-4.39453125,-19.805908203125,14.95361328125
19.7574999,-0.8092401623725891,-1.0307037830352783,9.53849983215332,3.265380859375,-17.852783203125,45.623779296875
19.7624999,-0.07481880486011505,-1.3210008144378662,9.75517463684082,4.8828125,-13.73291015625,43.15185546875
19.7674999,0.28311434388160706,-0.7380126714706421,9.876680374145508,5.55419921875,3.814697265625,31.036376953125
19.7724999,0.8176198601722717,-0.11312603205442429,9.939528465270996,5.4931640625,3.41796875,25.054931640625
19.777499900000002,1.0630255937576294,0.353743314743042,10.019734382629395,-0.42724609375,-2.532958984375,15.869140625
19.7824999,1.5765818357467651,0.07900865375995636,10.04307746887207,1.617431640625,3.35693359375,-8.7890625
19.7874999,1.985990285873413,-0.39384618401527405,9.765948295593262,17.059326171875,22.64404296875,-17.02880859375
19.7924999,1.9494787454605103,-0.5512649416923523,9.888052940368652,15.106201171875,27.4658203125,-8.60595703125
19.797499900000002,0.9582792520523071,0.12988543510437012,9.836577415466309,-5.06591796875,12.603759765625,-29.47998046875
19.8024999,0.49559974670410156,0.5195417404174805,9.832986831665039,-1.922607421875,10.986328125,-42.144775390625
19.8074999,0.02274491637945175,0.3495534360408783,9.77672290802002,-2.50244140625,4.791259765625,-52.032470703125
19.8124999,-0.3866635859012604,-0.35673606395721436,9.646238327026367,-7.99560546875,-2.9296875,-48.187255859375
19.8174999,-0.8966285586357117,-0.19273324310779572,9.54209041595459,-4.7607421875,-4.913330078125,-3.5400390625
19.8224999,-0.8966285586357117,-0.19273324310779572,9.54209041595459,-4.7607421875,-4.913330078125,-3.5400390625
19.8274999,-1.414973258972168,-0.6883329749107361,9.337387084960938,-16.510009765625,-23.040771484375,31.097412109375
19.832499900000002,-1.5101426839828491,-0.4692635238170624,9.528923034667969,-15.167236328125,-29.815673828125,14.862060546875
19.8374999,-1.3341689109802246,-1.1761516332626343,9.383475303649902,-3.5400390625,-17.425537109375,18.829345703125
19.8424999,0.43754035234451294,-0.7475894689559937,9.976638793945312,5.767822265625,5.279541015625,31.31103515625
19.8474999,0.43754035234451294,-0.7475894689559937,9.976638793945312,5.767822265625,5.279541015625,31.31103515625
19.8524999,1.7088614702224731,-0.11552023142576218,9.930550575256348,5.645751953125,7.6904296875,-15.167236328125
19.8574999,1.9716250896453857,-0.4489128291606903,9.889249801635742,17.08984375,26.06201171875,-14.95361328125
19.8624999,1.9177556037902832,-0.4411316514015198,9.730035781860352,13.397216796875,25.726318359375,-7.843017578125
19.867499900000002,1.4598644971847534,-0.3363853394985199,9.829395294189453,1.678466796875,14.2822265625,-21.66748046875
19.8724999,0.7643488645553589,0.2711433470249176,9.806650161743164,-5.340576171875,12.176513671875,-32.470703125
19.8774999,0.3256114423274994,0.5099649429321289,9.777320861816406,-0.48828125,10.3759765625,-42.17529296875
19.8824999,-0.010773907415568829,0.16220717132091522,9.7791166305542,-4.180908203125,3.35693359375,-52.764892578125
19.8874999,-0.4207809567451477,-0.5446808934211731,9.623494148254395,-8.056640625,-4.608154296875,-38.360595703125
19.8924999,-0.9648633003234863,-0.4297592043876648,9.804255485534668,-5.950927734375,-7.2021484375,10.498046875
19.8974999,-1.3922282457351685,-0.8457517623901367,9.484031677246094,-19.500732421875,-29.510498046875,31.1279296875
19.902499900000002,0.1933317929506302,-1.3192051649093628,9.628880500793457,4.08935546875,-2.3193359375,32.40966796875
19.9074999,0.5111620426177979,-0.4770447015762329,9.782708168029785,6.988525390625,5.523681640625,29.754638671875
19.9124999,0.8325836658477783,0.07422025501728058,9.92097282409668,1.220703125,-1.77001953125,20.538330078125
19.9174999,1.2509703636169434,0.39863458275794983,9.883264541625977,0.244140625,0.244140625,6.53076171875
19.922499900000002,1.217451572418213,-0.27892449498176575,9.932944297790527,-1.03759765625,12.75634765625,-23.834228515625
19.9274999,0.639850378036499,0.2172738015651703,9.893440246582031,-3.47900390625,12.908935546875,-35.21728515625
19.9324999,0.2346317619085312,0.353743314743042,9.787496566772461,-1.03759765625,8.6669921875,-45.166015625
19.9374999,-0.47165772318840027,-0.6045359373092651,9.591172218322754,-6.744384765625,-4.608154296875,-28.4423828125
19.9424999,-1.1204863786697388,-0.5261258482933044,9.680954933166504,-9.58251953125,-12.481689453125,21.881103515625
19.9474999,-1.3910311460494995,-0.8277952671051025,9.458892822265625,-19.256591796875,-31.92138671875,25.390625
19.9524999,-1.677138328552246,-0.8068459630012512,9.6618013381958,-6.28662109375,-21.66748046875,10.31494140625
19.957499900000002,-0.9415197968482971,-0.9786299467086792,9.47146224975586,1.251220703125,-14.58740234375,36.865234375
19.9624999,-0.28730419278144836,-1.1629834175109863,9.667786598205566,5.615234375,-16.937255859375,47.42431640625
19.9674999,0.28790274262428284,-0.9828197956085205,9.73661994934082,4.94384765625,2.01416015625,31.55517578125
19.9724999,0.8008604645729065,-0.3357867896556854,9.891644477844238,5.950927734375,3.47900390625,26.91650390625
19.9774999,1.0043675899505615,0.17836803197860718,10.039485931396484,0.396728515625,-2.593994140625,18.798828125
19.9824999,1.5077484846115112,0.16998831927776337,10.055646896362305,0.9765625,2.25830078125,-1.434326171875
19.9874999,1.9393033981323242,-0.2777273952960968,9.786299705505371,14.7705078125,18.341064453125,-18.1884765625
19.992499900000002,1.98958158493042,-0.4100070297718048,9.906607627868652,15.44189453125,27.313232421875,-8.575439453125
19.9974999,-0.7068880796432495,-0.1322796493768692,9.41519832611084,-5.43212890625,-4.69970703125,-13.0615234375
20.0024999,-1.2838906049728394,-0.6757634282112122,9.323619842529297,-15.7470703125,-20.477294921875,29.327392578125
20.0074999,-1.4209587574005127,-0.5488707423210144,9.427767753601074,-16.11328125,-30.059814453125,17.27294921875
20.0124999,-1.400607943534851,-1.1887211799621582,9.510966300964355,-4.364013671875,-17.852783203125,15.44189453125
20.0174999,-0.6542156338691711,-1.1791443824768066,9.803657531738281,3.47900390625,-17.059326171875,46.32568359375
20.0224999,0.0586579404771328,-1.5059528350830078,9.964667320251465,4.5166015625,-13.18359375,41.351318359375
20.027499900000002,0.363918662071228,-0.9181763529777527,10.053253173828125,7.049560546875,4.730224609375,29.998779296875
20.0324999,0.7990648150444031,-0.25498247146606445,10.070012092590332,5.035400390625,2.25830078125,24.5361328125
20.0374999,1.5065513849258423,0.08738835901021957,10.017938613891602,2.0751953125,3.7841796875,-8.819580078125
20.0424999,1.9560627937316895,-0.353743314743042,9.808445930480957,17.578125,23.040771484375,-17.486572265625
20.047499900000002,1.9470845460891724,-0.39564183354377747,9.804854393005371,15.350341796875,28.076171875,-9.246826171875
20.0524999,1.6585832834243774,-0.4339490532875061,9.694122314453125,4.2724609375,18.341064453125,-18.890380859375
20.0574999,0.9678560495376587,0.22026655077934265,9.791088104248047,-4.82177734375,12.75634765625,-33.203125
20.0624999,0.40701428055763245,0.5051765441894531,9.751583099365234,-1.678466796875,10.406494140625,-44.0673828125
20.0674999,0.025737667456269264,0.27413609623908997,9.804255485534668,-4.119873046875,3.448486328125,-51.1474609375
20.0724999,-0.3902548849582672,-0.43335050344467163,9.676764488220215,-7.904052734375,-3.173828125,-42.327880859375
20.0774999,-0.9648633003234863,-0.3621230125427246,9.894637107849121,-5.79833984375,-6.500244140625,4.08935546875
20.082499900000002,-1.4089876413345337,-0.7978677153587341,9.50857162475586,-18.9208984375,-27.2216796875,31.585693359375
20.0874999,-1.4431051015853882,-0.547075092792511,9.90122127532959,-11.23046875,-28.350830078125,13.0615234375
20.0924999,-1.1605892181396484,-1.0869675874710083,9.521739959716797,-3.41796875,-16.2353515625,22.76611328125
20.0974999,0.14844051003456116,-1.3353660106658936,9.729436874389648,4.486083984375,-4.852294921875,35.888671875
20.1024999,0.424970805644989,-0.5895721912384033,9.857526779174805,8.48388671875,6.28662109375,31.768798828125
20.1074999,0.7481880187988281,-0.0736217051744461,9.927556991577148,2.50244140625,-0.67138671875,23.284912109375
20.1124999,1.1073182821273804,0.3818751573562622,9.855731010437012,-0.18310546875,-0.701904296875,10.894775390625
20.117499900000002,1.7118542194366455,-0.10654197633266449,9.774328231811523,8.392333984375,9.6435546875,-16.876220703125
20.1224999,1.974617838859558,-0.3345896899700165,9.86650562286377,17.852783203125,27.7099609375,-14.801025390625
20.1274999,1.9231425523757935,-0.4339490532875061,9.712677955627441,11.810302734375,26.123046875,-9.70458984375
20.1324999,1.3820528984069824,-0.25019407272338867,9.913191795349121,-1.0986328125,13.48876953125,-24.810791015625
20.1374999,0.7110779285430908,0.2801215946674347,9.90241813659668,-4.638671875,12.51220703125,-39.703369140625
20.1424999,0.243011474609375,0.406415730714798,9.786299705505371,-1.556396484375,7.843017578125,-44.921875
20.1474999,-0.05985504388809204,-0.020350715145468712,9.765948295593262,-6.16455078125,0.762939453125,-52.703857421875
20.152499900000002,-0.5111620426177979,-0.6290764808654785,9.598953247070312,-6.9580078125,-4.791259765625,-27.679443359375
20.1574999,-0.228047713637352,-1.0516531467437744,9.715071678161621,5.279541015625,-17.2119140625,49.102783203125
20.1624999,0.28550854325294495,-0.9774328470230103,9.800065994262695,5.79833984375,2.0751953125,32.8369140625
20.1674999,0.7475894689559937,-0.353743314743042,9.90122127532959,7.38525390625,4.69970703125,27.496337890625
20.172499900000002,0.9654618501663208,0.16879121959209442,10.022727012634277,0.67138671875,-2.227783203125,20.751953125
20.1774999,1.4550760984420776,0.16400282084941864,10.057442665100098,0.457763671875,1.922607421875,-1.220703125
20.1824999,1.9686323404312134,-0.39384618401527405,9.784503936767578,14.5263671875,18.37158203125,-19.47021484375
20.1874999,2.0590133666992188,-0.45908817648887634,9.952696800231934,17.63916015625,29.11376953125,-9.82666015625
20.1924999,1.9931728839874268,-0.4638765752315521,9.745597839355469,8.331298828125,22.430419921875,-16.11328125
20.1974999,1.1510124206542969,0.03950432687997818,9.867103576660156,-4.57763671875,13.519287109375,-30.853271484375
20.2024999,-0.38726213574409485,-0.28072014451026917,9.608530044555664,-8.1787109375,-2.777099609375,-48.492431640625
20.207499900000002,-0.9145850539207458,-0.1364694982767105,9.469067573547363,-4.669189453125,-4.57763671875,-9.09423828125
20.2124999,-1.4748282432556152,-0.71766197681427,9.272144317626953,-16.9677734375,-22.857666015625,32.470703125
20.2174999,-1.5340847969055176,-0.5099649429321289,9.446322441101074,-17.242431640625,-32.53173828125,18.096923828125
20.2224999,-1.4305355548858643,-1.1342530250549316,9.411606788635254,-3.631591796875,-17.669677734375,15.045166015625
20.2274999,-0.6105214357376099,-1.2012907266616821,9.75936508178711,5.584716796875,-16.143798828125,47.760009765625
20.2324999,0.0736217051744461,-1.445499300956726,9.900622367858887,4.425048828125,-10.3759765625,43.914794921875
20.2374999,0.4213795065879822,-0.8972271084785461,10.02452278137207,7.843017578125,6.500244140625,32.623291015625
20.242499900000002,0.7715315222740173,-0.22206220030784607,10.04427433013916,4.302978515625,0.518798828125,25.970458984375
20.2474999,1.1318588256835938,0.38486793637275696,10.018536567687988,1.251220703125,-0.3662109375,15.93017578125
20.2524999,0.31124621629714966,0.6009446382522583,9.79647445678711,-2.288818359375,7.171630859375,-46.356201171875
20.2574999,-0.10354922711849213,0.17058686912059784,9.808445930480957,-5.889892578125,0.457763671875,-55.0537109375
20.2624999,-0.5129576921463013,-0.5476736426353455,9.617507934570312,-7.354736328125,-3.509521484375,-37.7197265625
20.2674999,-1.0761936902999878,-0.4854243993759155,9.905410766601562,-8.636474609375,-8.97216796875,12.5732421875
20.2724999,-1.4299370050430298,-1.1366472244262695,9.433155059814453,-23.86474609375,-31.92138671875,32.257080078125
20.277499900000002,-1.4407109022140503,-0.8391677141189575,9.822212219238281,-7.87353515625,-27.374267578125,13.73291015625
20.2824999,-1.0666168928146362,-1.3922282457351685,9.46727180480957,0.640869140625,-14.495849609375,25.909423828125
20.2874999,-0.25917232036590576,-1.193509578704834,9.583391189575195,5.79833984375,-17.242431640625,51.727294921875
20.2924999,0.46148237586021423,-0.5219359993934631,9.787496566772461,8.11767578125,5.645751953125,30.517578125
20.297499900000002,0.7553706169128418,0.10714052617549896,9.877877235412598,2.716064453125,-1.678466796875,23.37646484375
20.3024999,1.2539631128311157,0.43035775423049927,10.029909133911133,0.335693359375,0.640869140625,1.220703125
20.3074999,1.86508309841156,-0.3818751573562622,9.736021041870117,11.41357421875,14.739990234375,-16.876220703125
20.3124999,2.22660756111145,-0.20470423996448517,9.968857765197754,21.148681640625,29.96826171875,-12.359619140625
20.3174999,2.2020668983459473,-0.49559974670410156,9.739612579345703,11.474609375,28.472900390625,-16.754150390625
20.3224999,-1.0342950820922852,0.09217676520347595,9.539097785949707,-5.096435546875,-3.2958984375,-14.312744140625
20.3274999,-1.6101006269454956,-0.9493009448051453,9.30925464630127,-21.42333984375,-24.688720703125,28.86962890625
20.332499900000002,-1.5795745849609375,-1.6238672733306885,9.328408241271973,2.105712890625,-20.477294921875,17.913818359375
20.3374999,-0.6434416770935059,-1.8602946996688843,9.515754699707031,4.57763671875,-15.5029296875,44.281005859375
20.3424999,0.12330138683319092,-1.764526605606079,9.81024169921875,5.0048828125,-8.148193359375,48.370361328125
20.3474999,0.5380968451499939,-1.1354501247406006,9.989806175231934,8.9111328125,7.6904296875,37.04833984375
20.3524999,0.8134300112724304,-0.29149407148361206,10.075998306274414,6.28662109375,1.89208984375,31.005859375
20.3574999,1.1749545335769653,0.3908534348011017,10.0580415725708,1.922607421875,-0.396728515625,16.265869140625
20.3624999,1.6304513216018677,-0.05985504388809204,9.897629737854004,3.265380859375,4.730224609375,-10.25390625
20.367499900000002,2.2218191623687744,-0.27892449498176575,9.920374870300293,19.256591796875,26.580810546875,-16.021728515625
20.3724999,2.2864625453948975,-0.3513490855693817,9.749788284301758,19.34814453125,34.271240234375,-13.85498046875
20.3774999,1.8112136125564575,-0.28072014451026917,9.853337287902832,1.617431640625,23.4375,-24.2919921875
20.3824999,1.002571940422058,0.46806642413139343,9.813234329223633,-6.744384765625,12.51220703125,-45.135498046875
20.3874999,1.002571940422058,0.46806642413139343,9.813234329223633,-6.744384765625,12.51220703125,-45.135498046875
20.3924999,-0.7661445140838623,-0.24839842319488525,9.615114212036133,-6.622314453125,-4.150390625,-32.5927734375
20.3974999,-1.4089876413345337,-0.8271966576576233,9.674968719482422,-16.998291015625,-16.66259765625,20.1416015625
