# Time (seconds),Accel_X,Accel_Y,Accel_Z,Gyro_X,Gyro_Y,Gyro_Z
0.0024999,0.7200561761856079,-0.5225345492362976,9.792284965515137,-0.06103515625,0.091552734375,-0.30517578125
0.0074999,0.7164648771286011,-0.5237316489219666,9.789292335510254,0.06103515625,0.030517578125,-0.18310546875
0.012499900000000001,0.7116764783859253,-0.5237316489219666,9.786299705505371,0.030517578125,0.091552734375,-0.1220703125
0.0174999,0.7098808288574219,-0.524330198764801,9.788095474243164,0.091552734375,0.244140625,-0.274658203125
0.0224999,0.7032967209815979,-0.5213374495506287,9.780313491821289,0.091552734375,-0.06103515625,-0.274658203125
0.0274999,0.7015010714530945,-0.5207388401031494,9.779715538024902,0.091552734375,0.06103515625,-0.244140625
0.0324999,0.7003039717674255,-0.5171475410461426,9.781511306762695,0,0.1220703125,-0.244140625
0.0374999,0.6985083222389221,-0.5147533416748047,9.777320861816406,-0.06103515625,-0.091552734375,-0.213623046875
0.0424999,0.7032967209815979,-0.5153518915176392,9.786299705505371,0.030517578125,0.030517578125,-0.152587890625
0.0474999,0.7056909799575806,-0.5159504413604736,9.784503936767578,0.152587890625,-0.091552734375,-0.091552734375
0.0524999,0.7056909799575806,-0.518943190574646,9.786299705505371,-0.030517578125,0,-0.335693359375
0.0574999,0.7116764783859253,-0.5213374495506287,9.792284965515137,-0.030517578125,0.06103515625,-0.335693359375
0.0624999,0.7116764783859253,-0.5213374495506287,9.790489196777344,-0.06103515625,0.1220703125,-0.244140625
0.0674999,0.7116764783859253,-0.5105634927749634,9.79288387298584,-0.091552734375,0.06103515625,-0.42724609375
0.0724999,0.707486629486084,-0.5093663930892944,9.79408073425293,-0.06103515625,0.152587890625,-0.335693359375
0.0774999,0.6961141228675842,-0.5081692934036255,9.788095474243164,0,0.030517578125,-0.30517578125
0.0824999,0.690727174282074,-0.5105634927749634,9.787496566772461,0.06103515625,0.091552734375,-0.213623046875
0.0874999,0.6871358752250671,-0.5141547918319702,9.790489196777344,-0.030517578125,0.213623046875,-0.152587890625
0.0924999,0.6883329749107361,-0.517746090888977,9.780912399291992,-0.06103515625,0.091552734375,-0.274658203125
0.0974999,0.6943184733390808,-0.5231330990791321,9.787496566772461,-0.030517578125,0.030517578125,-0.274658203125
0.1024999,0.70090252161026,-0.5279214978218079,9.783307075500488,0.06103515625,-0.06103515625,-0.213623046875
0.1074999,0.7086837291717529,-0.5309142470359802,9.783307075500488,0.030517578125,-0.030517578125,-0.213623046875
0.1124999,0.7182605266571045,-0.5321113467216492,9.794678688049316,0.06103515625,0.06103515625,-0.091552734375
0.1174999,0.7230489253997803,-0.5273229479789734,9.79408073425293,0,0,-0.244140625
0.1224999,0.7212532758712769,-0.52552729845047,9.79647445678711,-0.030517578125,0,-0.30517578125
0.1274999,0.7140706777572632,-0.5207388401031494,9.787496566772461,0.1220703125,-0.030517578125,-0.274658203125
0.1324999,0.7080851793289185,-0.5195417404174805,9.791088104248047,0,0.18310546875,-0.1220703125
0.1374999,0.7032967209815979,-0.5171475410461426,9.783307075500488,0.030517578125,0.06103515625,-0.213623046875
0.1424999,0.6979097723960876,-0.518943190574646,9.783307075500488,-0.030517578125,-0.06103515625,-0.335693359375
0.1474999,0.7003039717674255,-0.5213374495506287,9.78989028930664,0.091552734375,-0.1220703125,-0.18310546875
0.1524999,0.6967126727104187,-0.5231330990791321,9.785101890563965,-0.091552734375,0,-0.152587890625
0.1574999,0.6979097723960876,-0.5261258482933044,9.78989028930664,0,0.06103515625,-0.213623046875
0.1624999,0.7026981711387634,-0.5219359993934631,9.778518676757812,-0.030517578125,-0.030517578125,-0.18310546875
0.1674999,0.7092822790145874,-0.518943190574646,9.786299705505371,0.030517578125,-0.1220703125,-0.274658203125
0.1724999,0.71766197681427,-0.5159504413604736,9.785700798034668,-0.091552734375,0.06103515625,-0.152587890625
0.17749990000000002,0.7206547260284424,-0.5159504413604736,9.78869342803955,0.030517578125,0.091552734375,-0.18310546875
0.1824999,0.7164648771286011,-0.5129576921463013,9.784503936767578,-0.06103515625,0.030517578125,-0.213623046875
0.1874999,0.7152677774429321,-0.5135562419891357,9.79288387298584,0,0.152587890625,-0.1220703125
0.1924999,0.7098808288574219,-0.5117605924606323,9.788095474243164,0.152587890625,0.213623046875,-0.244140625
0.1974999,0.7050924301147461,-0.5135562419891357,9.786897659301758,-0.06103515625,0,-0.213623046875
0.2024999,0.7044938206672668,-0.517746090888977,9.789292335510254,0.1220703125,0.091552734375,-0.091552734375
0.20749990000000001,0.7032967209815979,-0.5201402902603149,9.785700798034668,0.091552734375,0.06103515625,-0.152587890625
0.2124999,0.7032967209815979,-0.5201402902603149,9.786299705505371,0,0,-0.274658203125
0.2174999,0.70090252161026,-0.517746090888977,9.782708168029785,0,-0.091552734375,-0.213623046875
0.2224999,0.7003039717674255,-0.5165489912033081,9.780912399291992,-0.091552734375,0.091552734375,-0.244140625
0.2274999,0.70090252161026,-0.5165489912033081,9.781511306762695,-0.091552734375,0.091552734375,-0.152587890625
0.2324999,0.707486629486084,-0.5225345492362976,9.77791976928711,0.030517578125,0,-0.274658203125
0.2374999,0.7116764783859253,-0.524330198764801,9.775525093078613,0.030517578125,0.1220703125,-0.244140625
0.2424999,0.7140706777572632,-0.5231330990791321,9.768941879272461,-0.06103515625,0,-0.213623046875
0.2474999,0.7164648771286011,-0.5261258482933044,9.776124000549316,-0.091552734375,0.18310546875,-0.213623046875
0.2524999,0.7140706777572632,-0.524330198764801,9.77253246307373,0,0.091552734375,-0.42724609375
0.2574999,0.7110779285430908,-0.524330198764801,9.769539833068848,0.030517578125,0.18310546875,-0.274658203125
0.2624999,0.7092822790145874,-0.5225345492362976,9.7791166305542,0.06103515625,0.30517578125,-0.213623046875
0.2674999,0.7032967209815979,-0.5195417404174805,9.77253246307373,0,-0.030517578125,-0.18310546875
0.2724999,0.70090252161026,-0.5153518915176392,9.782109260559082,0,0.030517578125,-0.152587890625
0.2774999,0.70090252161026,-0.5123591423034668,9.785700798034668,-0.030517578125,0.091552734375,-0.274658203125
0.2824999,0.70090252161026,-0.5123591423034668,9.785700798034668,-0.030517578125,0.091552734375,-0.274658203125
0.28749990000000003,0.6979097723960876,-0.5123591423034668,9.785101890563965,0,-0.06103515625,-0.3662109375
0.2924999,0.718859076499939,-0.5273229479789734,9.782109260559082,0.06103515625,0.030517578125,-0.091552734375
0.2974999,0.7236474752426147,-0.5273229479789734,9.782708168029785,0.091552734375,-0.091552734375,-0.274658203125
0.3024999,0.7272387742996216,-0.5237316489219666,9.791686058044434,0.091552734375,0.091552734375,-0.30517578125
0.3074999,0.7248445749282837,-0.5201402902603149,9.783905029296875,0.06103515625,-0.030517578125,-0.42724609375
0.3124999,0.7230489253997803,-0.5171475410461426,9.789292335510254,0.1220703125,0.1220703125,-0.274658203125
0.3174999,0.7212532758712769,-0.5159504413604736,9.785101890563965,0.06103515625,0.213623046875,-0.213623046875
0.3224999,0.7056909799575806,-0.5195417404174805,9.780313491821289,-0.030517578125,0.18310546875,-0.335693359375
0.3274999,0.7003039717674255,-0.5231330990791321,9.7791166305542,0.091552734375,-0.030517578125,-0.152587890625
0.3324999,0.6967126727104187,-0.5267243981361389,9.781511306762695,0,-0.1220703125,-0.335693359375
0.3374999,0.7015010714530945,-0.52552729845047,9.788095474243164,0,-0.06103515625,-0.213623046875
0.3424999,0.7044938206672668,-0.5237316489219666,9.789292335510254,-0.030517578125,0.091552734375,-0.244140625
0.34749990000000003,0.707486629486084,-0.5207388401031494,9.788095474243164,0.030517578125,-0.030517578125,-0.335693359375
0.35249990000000003,0.7146692276000977,-0.5219359993934631,9.794678688049316,0.152587890625,-0.091552734375,-0.213623046875
0.3574999,0.71766197681427,-0.518943190574646,9.785101890563965,0.152587890625,0.1220703125,-0.244140625
0.3624999,0.7218518257141113,-0.5171475410461426,9.782708168029785,0.030517578125,0.06103515625,-0.30517578125
0.3674999,0.7230489253997803,-0.5129576921463013,9.7791166305542,0.06103515625,0.06103515625,-0.18310546875
0.3724999,0.7206547260284424,-0.507570743560791,9.773730278015137,0.1220703125,0.06103515625,-0.1220703125
0.3774999,0.7206547260284424,-0.5051765441894531,9.789292335510254,0.06103515625,0.152587890625,-0.152587890625
0.3824999,0.7164648771286011,-0.5063736438751221,9.791088104248047,0.030517578125,0.1220703125,-0.18310546875
0.3874999,0.7140706777572632,-0.5081692934036255,9.800664901733398,0.06103515625,0.1220703125,-0.244140625
0.3924999,0.7068880796432495,-0.5123591423034668,9.800065994262695,-0.091552734375,0.06103515625,-0.213623046875
0.3974999,0.7068880796432495,-0.5147533416748047,9.802460670471191,0,-0.06103515625,-0.213623046875
0.4024999,0.7146692276000977,-0.5183446407318115,9.771934509277344,-0.06103515625,0.06103515625,-0.18310546875
0.4074999,0.71766197681427,-0.517746090888977,9.780313491821289,0,0,-0.18310546875
0.41249990000000003,0.7164648771286011,-0.5165489912033081,9.785101890563965,-0.030517578125,0.091552734375,-0.335693359375
0.41749990000000003,0.7140706777572632,-0.5159504413604736,9.782708168029785,0.030517578125,-0.06103515625,-0.213623046875
0.4224999,0.7140706777572632,-0.518943190574646,9.789292335510254,0.06103515625,0,-0.274658203125
0.4274999,0.7080851793289185,-0.518943190574646,9.779715538024902,0.091552734375,-0.1220703125,-0.30517578125
0.4324999,0.7068880796432495,-0.5201402902603149,9.780912399291992,0,-0.030517578125,-0.18310546875
0.4374999,0.7170634269714355,-0.5147533416748047,9.78869342803955,0.091552734375,0.091552734375,-0.030517578125
0.4424999,0.7152677774429321,-0.5153518915176392,9.781511306762695,-0.030517578125,0,-0.152587890625
0.4474999,0.7152677774429321,-0.5159504413604736,9.781511306762695,0.030517578125,0.030517578125,-0.244140625
0.4524999,0.7134721279144287,-0.518943190574646,9.784503936767578,0.06103515625,0.152587890625,-0.244140625
0.4574999,0.7086837291717529,-0.5171475410461426,9.777320861816406,0,0.091552734375,-0.18310546875
0.4624999,0.7116764783859253,-0.518943190574646,9.791088104248047,0.030517578125,0.152587890625,-0.18310546875
0.4674999,0.7098808288574219,-0.518943190574646,9.790489196777344,0,0.1220703125,-0.213623046875
0.47249990000000003,0.7098808288574219,-0.5207388401031494,9.789292335510254,-0.06103515625,-0.1220703125,-0.213623046875
0.47749990000000003,0.7134721279144287,-0.5225345492362976,9.79647445678711,0.06103515625,0.1220703125,-0.244140625
0.4824999,0.7098808288574219,-0.5195417404174805,9.785101890563965,0.030517578125,-0.1220703125,-0.3662109375
0.4874999,0.7116764783859253,-0.5171475410461426,9.78989028930664,0,-0.030517578125,-0.213623046875
0.4924999,0.7116764783859253,-0.5159504413604736,9.787496566772461,0.091552734375,0,-0.1220703125
0.4974999,0.7110779285430908,-0.5165489912033081,9.782708168029785,0.091552734375,0.18310546875,-0.335693359375
0.5024999,0.7146692276000977,-0.5213374495506287,9.789292335510254,0,0.030517578125,-0.244140625
0.5074999,0.7158663272857666,-0.5237316489219666,9.782109260559082,0.06103515625,-0.091552734375,-0.18310546875
0.5124999,0.7182605266571045,-0.5267243981361389,9.789292335510254,0.091552734375,0.1220703125,-0.1220703125
0.5174999,0.7212532758712769,-0.5261258482933044,9.787496566772461,0.06103515625,0,-0.30517578125
0.5224999,0.7182605266571045,-0.5267243981361389,9.784503936767578,-0.091552734375,0,-0.30517578125
0.5274999,0.71766197681427,-0.5249287486076355,9.791088104248047,0.030517578125,0,-0.18310546875
0.5324999,0.7122750282287598,-0.524330198764801,9.778518676757812,-0.091552734375,0.152587890625,-0.3662109375
0.5374999,0.7080851793289185,-0.5237316489219666,9.780912399291992,0.06103515625,0.1220703125,-0.213623046875
0.5424999,0.7104793787002563,-0.5225345492362976,9.783307075500488,0.030517578125,0.152587890625,-0.213623046875
0.5474999,0.7068880796432495,-0.5225345492362976,9.77672290802002,0.06103515625,0,-0.3662109375
0.5524999,0.706289529800415,-0.5201402902603149,9.78989028930664,0.152587890625,-0.06103515625,-0.06103515625
0.5574999,0.7044938206672668,-0.518943190574646,9.79408073425293,0.1220703125,-0.06103515625,-0.152587890625
0.5624999,0.7224503755569458,-0.5285200476646423,9.771934509277344,0,0.18310546875,-0.244140625
0.5674999000000001,0.7218518257141113,-0.5261258482933044,9.768342971801758,-0.091552734375,0.030517578125,-0.274658203125
0.5724999000000001,0.7194576263427734,-0.5249287486076355,9.780313491821289,0.030517578125,0.06103515625,-0.30517578125
0.5774999000000001,0.7134721279144287,-0.5249287486076355,9.786897659301758,0.091552734375,0.1220703125,-0.274658203125
0.5824999,0.7056909799575806,-0.5231330990791321,9.790489196777344,0.06103515625,0.091552734375,-0.244140625
0.5874999,0.7128735780715942,-0.5297171473503113,9.79288387298584,0,0.030517578125,-0.244140625
0.5924999,0.71766197681427,-0.5291185975074768,9.782109260559082,0.030517578125,-0.1220703125,-0.213623046875
0.5974999,0.7254431247711182,-0.5279214978218079,9.786299705505371,0.06103515625,0.06103515625,-0.18310546875
0.6024999,0.727837324142456,-0.5231330990791321,9.791088104248047,0,0.1220703125,-0.30517578125
0.6074999,0.7248445749282837,-0.5213374495506287,9.782109260559082,0.030517578125,-0.152587890625,-0.1220703125
0.6124999,0.7272387742996216,-0.518943190574646,9.791088104248047,0.030517578125,0.091552734375,-0.152587890625
0.6174999,0.7224503755569458,-0.5183446407318115,9.781511306762695,0,0.06103515625,-0.244140625
0.6224999,0.7182605266571045,-0.517746090888977,9.77672290802002,0.091552734375,-0.06103515625,-0.1220703125
0.6274999,0.7038952708244324,-0.5093663930892944,9.78869342803955,0.06103515625,0,-0.274658203125
0.6324999,0.6979097723960876,-0.5069721937179565,9.78989028930664,0.1220703125,-0.06103515625,-0.244140625
0.6374999,0.6991068720817566,-0.5105634927749634,9.794678688049316,-0.030517578125,0,-0.244140625
0.6424999,0.6979097723960876,-0.5135562419891357,9.797672271728516,0.06103515625,0.091552734375,-0.152587890625
0.6474999,0.70090252161026,-0.517746090888977,9.79647445678711,0,-0.06103515625,-0.274658203125
0.6524999,0.7068880796432495,-0.5171475410461426,9.801262855529785,-0.06103515625,-0.030517578125,-0.274658203125
0.6574999,0.7080851793289185,-0.5171475410461426,9.795876502990723,0,-0.06103515625,-0.1220703125
0.6624999,0.7134721279144287,-0.5153518915176392,9.789292335510254,-0.06103515625,-0.18310546875,-0.30517578125
0.6674999,0.7224503755569458,-0.5159504413604736,9.792284965515137,0,0,-0.335693359375
0.6724999,0.7260416746139526,-0.5147533416748047,9.778518676757812,-0.030517578125,0.030517578125,-0.30517578125
0.6774999,0.7338228225708008,-0.5141547918319702,9.786897659301758,-0.091552734375,0.1220703125,-0.3662109375
0.6824999,0.7212532758712769,-0.507570743560791,9.79408073425293,0.06103515625,0,-0.274658203125
0.6874999,0.7098808288574219,-0.5057750940322876,9.788095474243164,0.030517578125,0.1220703125,-0.213623046875
0.6924999000000001,0.7044938206672668,-0.5033808946609497,9.788095474243164,0.06103515625,-0.030517578125,-0.18310546875
0.6974999000000001,0.70090252161026,-0.507570743560791,9.785700798034668,0.030517578125,0,-0.18310546875
0.7024999000000001,0.6985083222389221,-0.5111620426177979,9.77672290802002,-0.06103515625,0,-0.335693359375
0.7074999,0.7003039717674255,-0.517746090888977,9.783307075500488,-0.030517578125,0.030517578125,-0.30517578125
0.7124999,0.7003039717674255,-0.5219359993934631,9.780313491821289,-0.030517578125,-0.1220703125,-0.091552734375
0.7174999,0.7050924301147461,-0.5237316489219666,9.789292335510254,-0.06103515625,-0.091552734375,-0.244140625
0.7224999,0.7086837291717529,-0.524330198764801,9.79408073425293,0.030517578125,0.091552734375,-0.274658203125
0.7274999,0.7116764783859253,-0.5231330990791321,9.789292335510254,-0.030517578125,-0.030517578125,-0.274658203125
0.7324999,0.7170634269714355,-0.5207388401031494,9.797073364257812,-0.091552734375,0.091552734375,-0.18310546875
0.7374999,0.7182605266571045,-0.5171475410461426,9.785700798034668,0.1220703125,0.091552734375,-0.18310546875
0.7424999,0.7164648771286011,-0.517746090888977,9.787496566772461,-0.06103515625,0.152587890625,-0.213623046875
0.7474999,0.7110779285430908,-0.5201402902603149,9.777320861816406,0,0.030517578125,-0.274658203125
0.7524999,0.707486629486084,-0.5231330990791321,9.789292335510254,0.091552734375,0.152587890625,-0.274658203125
0.7574999,0.6991068720817566,-0.5231330990791321,9.783307075500488,0.06103515625,0.091552734375,-0.152587890625
0.7624999,0.6925228238105774,-0.5207388401031494,9.786897659301758,-0.18310546875,0.06103515625,-0.396728515625
0.7674999,0.689530074596405,-0.518943190574646,9.79527759552002,-0.06103515625,0.18310546875,-0.335693359375
0.7724999,0.6871358752250671,-0.5159504413604736,9.78989028930664,-0.06103515625,-0.06103515625,-0.152587890625
0.7774999,0.6931213736534119,-0.5171475410461426,9.798270225524902,-0.1220703125,0.030517578125,-0.213623046875
0.7824999,0.7003039717674255,-0.518943190574646,9.790489196777344,0,-0.06103515625,-0.30517578125
0.7874999,0.706289529800415,-0.5231330990791321,9.782708168029785,0,-0.030517578125,-0.274658203125
0.7924999,0.7146692276000977,-0.5249287486076355,9.784503936767578,0.030517578125,0,-0.1220703125
0.7974999,0.7128735780715942,-0.507570743560791,9.78869342803955,0.06103515625,0.091552734375,-0.244140625
0.8024999,0.7044938206672668,-0.5051765441894531,9.799467086791992,0.091552734375,0,-0.18310546875
0.8074999,0.7044938206672668,-0.507570743560791,9.800065994262695,0.030517578125,0.030517578125,-0.213623046875
0.8124999,0.7026981711387634,-0.5105634927749634,9.793481826782227,0.1220703125,-0.1220703125,-0.18310546875
0.8174999000000001,0.7044938206672668,-0.517746090888977,9.801861763000488,0.030517578125,0.030517578125,-0.244140625
0.8224999000000001,0.7068880796432495,-0.5225345492362976,9.789292335510254,0,-0.091552734375,-0.091552734375
0.8274999000000001,0.7086837291717529,-0.5267243981361389,9.786897659301758,0,-0.213623046875,-0.152587890625
0.8324999000000001,0.7152677774429321,-0.5303156971931458,9.784503936767578,0.06103515625,0.06103515625,-0.244140625
0.8374999,0.7140706777572632,-0.5279214978218079,9.773131370544434,0.091552734375,-0.030517578125,-0.335693359375
0.8424999,0.7200561761856079,-0.524330198764801,9.782109260559082,0.091552734375,0.030517578125,-0.274658203125
0.8474999,0.7200561761856079,-0.5183446407318115,9.77791976928711,-0.091552734375,0.152587890625,-0.213623046875
0.8524999,0.7212532758712769,-0.5105634927749634,9.783905029296875,0.06103515625,0.06103515625,-0.213623046875
0.8574999,0.7224503755569458,-0.5057750940322876,9.790489196777344,0.030517578125,0,-0.213623046875
0.8624999,0.7170634269714355,-0.5039794445037842,9.783905029296875,0.06103515625,0,-0.396728515625
0.8674999,0.7128735780715942,-0.5063736438751221,9.791088104248047,0.030517578125,0.30517578125,-0.244140625
0.8724999,0.7128735780715942,-0.5063736438751221,9.791088104248047,0.030517578125,0.30517578125,-0.244140625
0.8774999,0.7050924301147461,-0.5135562419891357,9.784503936767578,0.06103515625,0.152587890625,-0.244140625
0.8824999,0.6991068720817566,-0.5267243981361389,9.786897659301758,-0.06103515625,0.1220703125,-0.18310546875
0.8874999,0.7003039717674255,-0.5279214978218079,9.7791166305542,-0.030517578125,-0.06103515625,-0.30517578125
0.8924999,0.7068880796432495,-0.5279214978218079,9.788095474243164,0.152587890625,-0.091552734375,-0.274658203125
0.8974999,0.7164648771286011,-0.5249287486076355,9.783307075500488,-0.1220703125,-0.091552734375,-0.274658203125
0.9024999,0.7164648771286011,-0.5249287486076355,9.783307075500488,-0.1220703125,-0.091552734375,-0.274658203125
0.9074999,0.7224503755569458,-0.5213374495506287,9.78869342803955,0.030517578125,-0.091552734375,-0.091552734375
0.9124999,0.7248445749282837,-0.517746090888977,9.7791166305542,0.18310546875,0,-0.152587890625
0.9174999,0.727837324142456,-0.5165489912033081,9.783307075500488,0.030517578125,0.091552734375,-0.213623046875
0.9224999,0.7272387742996216,-0.5171475410461426,9.787496566772461,-0.030517578125,0.213623046875,-0.244140625
0.9274999,0.7182605266571045,-0.5183446407318115,9.783307075500488,0,0.06103515625,-0.30517578125
0.9324999,0.7116764783859253,-0.5225345492362976,9.79408073425293,0.091552734375,0.18310546875,-0.213623046875
0.9374999,0.6991068720817566,-0.5207388401031494,9.786897659301758,0.091552734375,0.18310546875,-0.213623046875
0.9424999000000001,0.689530074596405,-0.5201402902603149,9.790489196777344,0.152587890625,0.030517578125,-0.30517578125
0.9474999000000001,0.6841431260108948,-0.518943190574646,9.79527759552002,0.06103515625,0.091552734375,-0.18310546875
0.9524999000000001,0.6817489266395569,-0.5165489912033081,9.791088104248047,-0.06103515625,0,-0.152587890625
0.9574999000000001,0.707486629486084,-0.5183446407318115,9.79527759552002,-0.030517578125,-0.030517578125,-0.3662109375
0.9624999,0.727837324142456,-0.524330198764801,9.793481826782227,-0.06103515625,0.06103515625,-0.244140625
0.9674999,0.729034423828125,-0.5279214978218079,9.78989028930664,-0.06103515625,0.152587890625,-0.274658203125
0.9724999,0.7254431247711182,-0.5297171473503113,9.786299705505371,0.06103515625,0.091552734375,-0.213623046875
0.9774999,0.7230489253997803,-0.5297171473503113,9.79408073425293,-0.030517578125,0.213623046875,-0.30517578125
0.9824999,0.7164648771286011,-0.5261258482933044,9.789292335510254,-0.06103515625,0.030517578125,-0.244140625
0.9874999,0.7110779285430908,-0.5225345492362976,9.79527759552002,0,0.091552734375,-0.213623046875
0.9924999,0.7080851793289185,-0.518943190574646,9.797073364257812,0.030517578125,0.152587890625,-0.274658203125
0.9974999,0.6973112225532532,-0.5135562419891357,9.790489196777344,0.030517578125,0,-0.213623046875
1.0024999,0.6955155730247498,-0.5117605924606323,9.798270225524902,0.091552734375,-0.06103515625,-0.244140625
1.0074999000000002,0.7003039717674255,-0.5111620426177979,9.802460670471191,0,-0.1220703125,-0.244140625
1.0124999000000001,0.7116764783859253,-0.5159504413604736,9.81024169921875,0.030517578125,-0.030517578125,-0.335693359375
1.0174999000000002,0.7182605266571045,-0.5147533416748047,9.798869132995605,-0.18310546875,-0.030517578125,-0.335693359375
1.0224999000000001,0.7296329736709595,-0.518943190574646,9.804854393005371,-0.152587890625,0,-0.18310546875
1.0274999,0.7332242727279663,-0.5195417404174805,9.792284965515137,-0.030517578125,-0.030517578125,-0.274658203125
1.0324999000000001,0.7380126714706421,-0.5183446407318115,9.785700798034668,0,0.1220703125,-0.274658203125
1.0374999,0.7362170219421387,-0.517746090888977,9.785700798034668,0.030517578125,0.213623046875,-0.213623046875
1.0424999000000001,0.727837324142456,-0.5171475410461426,9.77791976928711,0.030517578125,0.152587890625,-0.30517578125
1.0474999,0.718859076499939,-0.5183446407318115,9.788095474243164,0.091552734375,0.274658203125,-0.274658203125
1.0524999000000002,0.7068880796432495,-0.5237316489219666,9.78989028930664,0,0.244140625,-0.335693359375
1.0574999,0.6967126727104187,-0.5261258482933044,9.791088104248047,0.091552734375,0.091552734375,-0.274658203125
1.0624999000000002,0.6955155730247498,-0.5153518915176392,9.79288387298584,-0.091552734375,-0.152587890625,-0.18310546875
1.0674999,0.7026981711387634,-0.5159504413604736,9.785101890563965,0,-0.42724609375,-0.335693359375
1.0724999000000002,0.7164648771286011,-0.5195417404174805,9.789292335510254,0.030517578125,-0.244140625,-0.274658203125
1.0774999,0.7254431247711182,-0.5225345492362976,9.784503936767578,0,-0.1220703125,-0.152587890625
1.0824999000000002,0.739209771156311,-0.5231330990791321,9.790489196777344,0,-0.152587890625,-0.244140625
1.0874999,0.7481880187988281,-0.5261258482933044,9.79527759552002,0.06103515625,0.1220703125,-0.213623046875
1.0924999000000002,0.7481880187988281,-0.52552729845047,9.787496566772461,0.030517578125,0.1220703125,-0.274658203125
1.0974999,0.7469909191131592,-0.5267243981361389,9.797073364257812,0.091552734375,0.48828125,-0.30517578125
1.1024999000000002,0.7326257228851318,-0.5267243981361389,9.789292335510254,0.030517578125,0.48828125,-0.396728515625
1.1074999,0.7158663272857666,-0.524330198764801,9.78869342803955,0.030517578125,0.244140625,-0.335693359375
1.1124999000000002,0.67815762758255,-0.5195417404174805,9.778518676757812,-0.030517578125,0.1220703125,-0.30517578125
1.1174999,0.6715735793113708,-0.517746090888977,9.783307075500488,-0.030517578125,-0.06103515625,-0.30517578125
1.1224999000000002,0.6667851805686951,-0.5141547918319702,9.780912399291992,-0.1220703125,-0.091552734375,-0.213623046875
1.1274999,0.6733692288398743,-0.5099649429321289,9.786299705505371,-0.030517578125,-0.30517578125,-0.244140625
1.1324999000000002,0.690727174282074,-0.5057750940322876,9.797672271728516,0,-0.213623046875,-0.274658203125
1.1374999000000001,0.707486629486084,-0.5045779943466187,9.79408073425293,0.06103515625,-0.274658203125,-0.244140625
1.1424999000000002,0.7248445749282837,-0.5069721937179565,9.797073364257812,0,-0.213623046875,-0.1220703125
1.1474999000000001,0.7374141216278076,-0.5129576921463013,9.792284965515137,-0.030517578125,-0.030517578125,-0.335693359375
1.1524999000000002,0.74040687084198,-0.5183446407318115,9.7791166305542,0.030517578125,0.091552734375,-0.335693359375
1.1574999000000001,0.7416039705276489,-0.5237316489219666,9.786299705505371,0.091552734375,0.06103515625,-0.18310546875
1.1624999,0.7344213724136353,-0.5261258482933044,9.77791976928711,0.091552734375,0.030517578125,-0.244140625
1.1674999000000001,0.7248445749282837,-0.52552729845047,9.78869342803955,0.030517578125,0.091552734375,-0.18310546875
1.1724999,0.6943184733390808,-0.5225345492362976,9.792284965515137,-0.030517578125,0.244140625,-0.213623046875
1.1774999000000002,0.6913257241249084,-0.5195417404174805,9.790489196777344,0.152587890625,0.030517578125,-0.213623046875
1.1824999,0.6931213736534119,-0.5195417404174805,9.795876502990723,0.030517578125,0.06103515625,-0.213623046875
1.1874999000000002,0.6943184733390808,-0.5165489912033081,9.784503936767578,-0.030517578125,-0.152587890625,-0.335693359375
1.1924999,0.7015010714530945,-0.5195417404174805,9.791686058044434,0,-0.213623046875,-0.244140625
1.1974999000000002,0.7104793787002563,-0.5183446407318115,9.782708168029785,-0.091552734375,-0.030517578125,-0.3662109375
1.2024999,0.7218518257141113,-0.517746090888977,9.7791166305542,0,-0.213623046875,-0.3662109375
1.2074999000000002,0.7338228225708008,-0.5165489912033081,9.781511306762695,0.06103515625,-0.091552734375,-0.152587890625
1.2124999,0.7398083209991455,-0.5171475410461426,9.77253246307373,0.1220703125,0.06103515625,-0.30517578125
1.2174999000000002,0.7457938194274902,-0.5171475410461426,9.77791976928711,0.091552734375,0.213623046875,-0.274658203125
1.2224999,0.6943184733390808,-0.5159504413604736,9.783307075500488,-0.06103515625,0.244140625,-0.244140625
1.2274999000000002,0.6847416758537292,-0.5123591423034668,9.789292335510254,0.030517578125,0.030517578125,-0.18310546875
1.2324999,0.6829460263252258,-0.5129576921463013,9.789292335510254,-0.091552734375,-0.091552734375,-0.213623046875
1.2374999000000002,0.6871358752250671,-0.5153518915176392,9.800664901733398,-0.06103515625,-0.06103515625,-0.152587890625
1.2424999,0.6937199234962463,-0.5147533416748047,9.791088104248047,-0.091552734375,-0.18310546875,-0.1220703125
1.2474999000000002,0.702099621295929,-0.5159504413604736,9.795876502990723,-0.18310546875,-0.244140625,-0.18310546875
1.2524999,0.7164648771286011,-0.5153518915176392,9.797672271728516,-0.091552734375,-0.06103515625,-0.213623046875
1.2574999000000002,0.7236474752426147,-0.5129576921463013,9.789292335510254,0,-0.1220703125,-0.244140625
1.2624999000000001,0.7350199222564697,-0.5147533416748047,9.79647445678711,0.030517578125,-0.091552734375,-0.152587890625
1.2674999000000002,0.7116764783859253,-0.5231330990791321,9.794678688049316,0.1220703125,0.244140625,-0.274658203125
1.2724999000000001,0.7056909799575806,-0.5219359993934631,9.797672271728516,0.030517578125,0.18310546875,-0.30517578125
1.2774999000000002,0.7003039717674255,-0.518943190574646,9.794678688049316,0.030517578125,-0.06103515625,-0.274658203125
1.2824999000000001,0.6985083222389221,-0.5183446407318115,9.801262855529785,0.06103515625,-0.030517578125,-0.18310546875
1.2874999,0.6991068720817566,-0.5165489912033081,9.791088104248047,0,-0.091552734375,-0.274658203125
1.2924999000000001,0.7026981711387634,-0.5207388401031494,9.79288387298584,-0.030517578125,-0.152587890625,-0.30517578125
1.2974999,0.7086837291717529,-0.524330198764801,9.79408073425293,-0.06103515625,0,-0.30517578125
1.3024999000000002,0.7140706777572632,-0.5273229479789734,9.788095474243164,-0.06103515625,-0.152587890625,-0.274658203125
1.3074999,0.7212532758712769,-0.5267243981361389,9.801861763000488,0.091552734375,-0.244140625,-0.1220703125
1.3124999000000002,0.727837324142456,-0.5201402902603149,9.800065994262695,-0.030517578125,0,-0.274658203125
1.3174999,0.7260416746139526,-0.5171475410461426,9.802460670471191,0.152587890625,0.18310546875,-0.274658203125
1.3224999000000002,0.7170634269714355,-0.5183446407318115,9.79288387298584,0.1220703125,0.06103515625,-0.213623046875
1.3274999,0.7110779285430908,-0.5183446407318115,9.79408073425293,0.06103515625,0.1220703125,-0.274658203125
1.3324999000000002,0.7003039717674255,-0.5219359993934631,9.791686058044434,-0.030517578125,0.152587890625,-0.3662109375
1.3374999,0.6961141228675842,-0.5225345492362976,9.78989028930664,0.091552734375,0.030517578125,-0.274658203125
1.3424999000000002,0.6973112225532532,-0.5219359993934631,9.797672271728516,0.06103515625,0.06103515625,-0.18310546875
1.3474999,0.6973112225532532,-0.5195417404174805,9.794678688049316,-0.06103515625,0.06103515625,-0.274658203125
1.3524999000000002,0.7026981711387634,-0.5195417404174805,9.800065994262695,-0.06103515625,0,-0.18310546875
1.3574999,0.7056909799575806,-0.5165489912033081,9.799467086791992,0.030517578125,-0.030517578125,-0.213623046875
1.3624999000000002,0.707486629486084,-0.5165489912033081,9.795876502990723,0.06103515625,-0.244140625,-0.335693359375
1.3674999,0.7122750282287598,-0.5129576921463013,9.800065994262695,-0.030517578125,-0.1220703125,-0.1220703125
1.3724999000000002,0.71766197681427,-0.5021837949752808,9.792284965515137,-0.06103515625,0.152587890625,-0.244140625
1.3774999,0.718859076499939,-0.5033808946609497,9.783307075500488,0.06103515625,-0.030517578125,-0.152587890625
1.3824999000000002,0.7218518257141113,-0.5081692934036255,9.790489196777344,-0.06103515625,0.091552734375,-0.18310546875
1.3874999000000001,0.7206547260284424,-0.5147533416748047,9.783905029296875,-0.030517578125,0.1220703125,-0.213623046875
1.3924999000000002,0.7140706777572632,-0.5195417404174805,9.782708168029785,0.06103515625,0.1220703125,-0.30517578125
1.3974999000000001,0.7116764783859253,-0.5207388401031494,9.78869342803955,0.06103515625,0.30517578125,-0.274658203125
1.4024999000000002,0.7038952708244324,-0.5201402902603149,9.77791976928711,-0.091552734375,0.091552734375,-0.274658203125
1.4074999000000001,0.706289529800415,-0.5195417404174805,9.786299705505371,0.06103515625,0.213623046875,-0.1220703125
1.4124999,0.7056909799575806,-0.518943190574646,9.782109260559082,0.06103515625,0.091552734375,-0.213623046875
1.4174999000000001,0.7092822790145874,-0.5219359993934631,9.783905029296875,0,-0.091552734375,-0.18310546875
1.4224999,0.7146692276000977,-0.5183446407318115,9.792284965515137,-0.030517578125,-0.030517578125,-0.152587890625
1.4274999000000002,0.7080851793289185,-0.5153518915176392,9.786299705505371,-0.06103515625,0,-0.30517578125
1.4324999,0.7050924301147461,-0.5141547918319702,9.794678688049316,-0.030517578125,0.091552734375,-0.213623046875
1.4374999000000002,0.6991068720817566,-0.5147533416748047,9.786299705505371,-0.030517578125,0.030517578125,-0.152587890625
1.4424999,0.706289529800415,-0.5165489912033081,9.787496566772461,-0.030517578125,0.091552734375,-0.274658203125
1.4474999000000002,0.7056909799575806,-0.5135562419891357,9.782708168029785,0,0.091552734375,-0.213623046875
1.4524999,0.7092822790145874,-0.5129576921463013,9.783905029296875,-0.030517578125,0.030517578125,-0.18310546875
1.4574999000000002,0.7212532758712769,-0.5195417404174805,9.789292335510254,-0.06103515625,-0.030517578125,-0.152587890625
1.4624999,0.7212532758712769,-0.5195417404174805,9.789292335510254,-0.06103515625,-0.030517578125,-0.152587890625
1.4674999000000002,0.7134721279144287,-0.518943190574646,9.785700798034668,0.030517578125,0,-0.30517578125
1.4724999,0.7104793787002563,-0.518943190574646,9.79288387298584,0.06103515625,0.06103515625,-0.213623046875
1.4774999000000002,0.7056909799575806,-0.5135562419891357,9.785700798034668,-0.091552734375,0.06103515625,-0.213623046875
1.4824999,0.7044938206672668,-0.5117605924606323,9.795876502990723,0.06103515625,0.18310546875,-0.18310546875
1.4874999000000002,0.706289529800415,-0.5123591423034668,9.798270225524902,-0.030517578125,0.06103515625,-0.244140625
1.4924999,0.7056909799575806,-0.5099649429321289,9.797672271728516,-0.06103515625,0.091552734375,-0.30517578125
1.4974999000000002,0.7110779285430908,-0.5153518915176392,9.807847023010254,0,0.1220703125,-0.30517578125
1.5024999,0.7110779285430908,-0.5159504413604736,9.799467086791992,0,-0.030517578125,-0.30517578125
1.5074999000000002,0.7194576263427734,-0.5201402902603149,9.798869132995605,-0.030517578125,-0.091552734375,-0.091552734375
1.5124999000000001,0.7206547260284424,-0.5195417404174805,9.791686058044434,0,-0.030517578125,-0.091552734375
1.5174999000000002,0.7260416746139526,-0.5165489912033081,9.797672271728516,0.06103515625,0.152587890625,-0.274658203125
1.5224999000000001,0.7248445749282837,-0.5159504413604736,9.786299705505371,0.152587890625,0.06103515625,-0.396728515625
1.5274999000000002,0.7272387742996216,-0.5165489912033081,9.786299705505371,-0.030517578125,0.06103515625,-0.18310546875
1.5324999000000001,0.7242460250854492,-0.517746090888977,9.785101890563965,-0.091552734375,0.18310546875,-0.18310546875
1.5374999000000003,0.7164648771286011,-0.5195417404174805,9.77133560180664,-0.091552734375,0.1220703125,-0.213623046875
1.5424999000000001,0.7128735780715942,-0.5261258482933044,9.79408073425293,0.1220703125,0.1220703125,-0.244140625
1.5474999,0.7032967209815979,-0.5297171473503113,9.803058624267578,0.152587890625,0.1220703125,-0.274658203125
1.5524999000000002,0.6937199234962463,-0.5321113467216492,9.800664901733398,0.06103515625,-0.030517578125,-0.244140625
1.5574999,0.689530074596405,-0.5279214978218079,9.81143856048584,0.091552734375,-0.030517578125,-0.1220703125
1.5624999000000002,0.690727174282074,-0.5207388401031494,9.798270225524902,-0.06103515625,-0.274658203125,-0.213623046875
1.5674999,0.7158663272857666,-0.5123591423034668,9.785700798034668,-0.18310546875,-0.1220703125,-0.091552734375
1.5724999000000002,0.730231523513794,-0.5159504413604736,9.778518676757812,-0.091552734375,-0.06103515625,-0.3662109375
1.5774999,0.7416039705276489,-0.5165489912033081,9.771934509277344,0.1220703125,0.06103515625,-0.244140625
1.5824999000000002,0.7445967197418213,-0.5153518915176392,9.77133560180664,0.1220703125,0.244140625,-0.152587890625
1.5874999,0.7451952695846558,-0.5147533416748047,9.781511306762695,0.030517578125,0.30517578125,-0.18310546875
1.5924999000000002,0.7320271730422974,-0.5135562419891357,9.783905029296875,0.030517578125,0.18310546875,-0.091552734375
1.5974999,0.7152677774429321,-0.5141547918319702,9.787496566772461,0,0.213623046875,-0.152587890625
1.6024999000000002,0.6817489266395569,-0.5123591423034668,9.79647445678711,-0.030517578125,-0.1220703125,-0.30517578125
1.6074999,0.6859387755393982,-0.507570743560791,9.804255485534668,0.030517578125,0.030517578125,-0.396728515625
1.6124999000000002,0.6865373253822327,-0.5063736438751221,9.78869342803955,0.091552734375,0,-0.18310546875
1.6174999,0.7116764783859253,-0.5183446407318115,9.801262855529785,0.1220703125,0.030517578125,-0.18310546875
1.6224999000000002,0.71766197681427,-0.5231330990791321,9.790489196777344,0.06103515625,-0.1220703125,-0.30517578125
1.6274999,0.727837324142456,-0.5261258482933044,9.798270225524902,0,-0.06103515625,-0.18310546875
1.6324999000000002,0.7296329736709595,-0.5231330990791321,9.789292335510254,-0.091552734375,-0.152587890625,-0.244140625
1.6374999000000001,0.7326257228851318,-0.5219359993934631,9.785700798034668,-0.030517578125,-0.152587890625,-0.213623046875
1.6424999000000002,0.7338228225708008,-0.5183446407318115,9.782708168029785,0.213623046875,0,-0.213623046875
1.6474999000000001,0.7362170219421387,-0.5195417404174805,9.77791976928711,0.18310546875,0,-0.274658203125
1.6524999000000002,0.7368155717849731,-0.5165489912033081,9.781511306762695,0.091552734375,0,-0.18310546875
1.6574999000000001,0.7308300733566284,-0.5147533416748047,9.77672290802002,0.030517578125,0.18310546875,-0.152587890625
1.6624999000000003,0.7236474752426147,-0.5159504413604736,9.782708168029785,0.030517578125,0.244140625,-0.244140625
1.6674999000000001,0.7152677774429321,-0.5165489912033081,9.77791976928711,0,0.152587890625,-0.396728515625
1.6724999,0.7038952708244324,-0.517746090888977,9.773730278015137,0.091552734375,0.152587890625,-0.30517578125
1.6774999000000002,0.6979097723960876,-0.5171475410461426,9.77791976928711,0.030517578125,-0.091552734375,-0.30517578125
1.6824999,0.6997054219245911,-0.517746090888977,9.779715538024902,-0.06103515625,-0.06103515625,-0.274658203125
1.6874999000000002,0.7044938206672668,-0.5183446407318115,9.785700798034668,-0.1220703125,-0.06103515625,-0.274658203125
1.6924999,0.707486629486084,-0.5183446407318115,9.774927139282227,-0.1220703125,-0.274658203125,-0.30517578125
1.6974999000000002,0.7194576263427734,-0.5195417404174805,9.780912399291992,-0.030517578125,-0.1220703125,-0.244140625
1.7024999,0.7260416746139526,-0.5153518915176392,9.780912399291992,0,0,-0.42724609375
1.7074999000000002,0.7308300733566284,-0.5135562419891357,9.77791976928711,0.06103515625,-0.030517578125,-0.274658203125
1.7124999,0.7374141216278076,-0.5117605924606323,9.789292335510254,-0.030517578125,0.213623046875,-0.18310546875
1.7174999000000002,0.7320271730422974,-0.5099649429321289,9.784503936767578,0,0.213623046875,-0.213623046875
1.7224999,0.7254431247711182,-0.5099649429321289,9.791686058044434,-0.030517578125,0.1220703125,-0.335693359375
1.7274999000000002,0.71766197681427,-0.5099649429321289,9.788095474243164,0,0.18310546875,-0.18310546875
1.7324999,0.706289529800415,-0.5081692934036255,9.783307075500488,0.030517578125,-0.06103515625,-0.213623046875
1.7374999000000002,0.7003039717674255,-0.5057750940322876,9.78869342803955,0,0.030517578125,-0.213623046875
1.7424999,0.70090252161026,-0.5069721937179565,9.794678688049316,0.091552734375,-0.06103515625,-0.213623046875
1.7474999000000002,0.7015010714530945,-0.5051765441894531,9.793481826782227,0.030517578125,-0.06103515625,-0.30517578125
1.7524999,0.7038952708244324,-0.5057750940322876,9.79527759552002,-0.091552734375,0.06103515625,-0.244140625
1.7574999000000002,0.7050924301147461,-0.5051765441894531,9.786299705505371,0.030517578125,0,-0.213623046875
1.7624999000000001,0.7122750282287598,-0.5063736438751221,9.783307075500488,0,-0.274658203125,-0.30517578125
1.7674999000000002,0.7200561761856079,-0.5105634927749634,9.787496566772461,0.1220703125,0,-0.244140625
1.7724999000000001,0.7230489253997803,-0.5159504413604736,9.777320861816406,0.1220703125,-0.06103515625,-0.06103515625
1.7774999000000002,0.730231523513794,-0.5225345492362976,9.782708168029785,0.1220703125,0,-0.18310546875
1.7824999000000001,0.7284358739852905,-0.5267243981361389,9.77791976928711,-0.030517578125,0.213623046875,-0.335693359375
1.7874999000000003,0.7224503755569458,-0.5273229479789734,9.767146110534668,0.030517578125,0.30517578125,-0.18310546875
1.7924999000000001,0.6997054219245911,-0.5213374495506287,9.773131370544434,0.030517578125,-0.06103515625,-0.274658203125
1.7974999,0.6979097723960876,-0.5207388401031494,9.780912399291992,0.06103515625,0.06103515625,-0.244140625
1.8024999000000002,0.6931213736534119,-0.5171475410461426,9.77672290802002,0.030517578125,0,-0.18310546875
1.8074999,0.6991068720817566,-0.5195417404174805,9.785101890563965,-0.030517578125,-0.06103515625,-0.244140625
1.8124999000000002,0.707486629486084,-0.5165489912033081,9.787496566772461,-0.152587890625,-0.06103515625,-0.335693359375
1.8174999,0.71766197681427,-0.518943190574646,9.791686058044434,0,-0.030517578125,-0.274658203125
1.8224999000000002,0.7284358739852905,-0.5195417404174805,9.797672271728516,0.06103515625,0.06103515625,-0.244140625
1.8274999,0.7308300733566284,-0.5201402902603149,9.797073364257812,-0.1220703125,-0.1220703125,-0.18310546875
1.8324999000000002,0.7314286231994629,-0.5219359993934631,9.800065994262695,-0.1220703125,0.152587890625,-0.244140625
1.8374999,0.7248445749282837,-0.5213374495506287,9.797672271728516,-0.152587890625,0.18310546875,-0.244140625
1.8424999000000002,0.7098808288574219,-0.5171475410461426,9.782708168029785,-0.030517578125,0.06103515625,-0.213623046875
1.8474999,0.7092822790145874,-0.5165489912033081,9.774927139282227,0.030517578125,0.091552734375,-0.335693359375
1.8524999000000002,0.7116764783859253,-0.5201402902603149,9.786897659301758,0.06103515625,0.030517578125,-0.30517578125
1.8574999,0.7104793787002563,-0.5231330990791321,9.777320861816406,0.1220703125,-0.030517578125,-0.274658203125
1.8624999000000002,0.7080851793289185,-0.5225345492362976,9.785101890563965,0.091552734375,-0.244140625,-0.244140625
1.8674999,0.7110779285430908,-0.5201402902603149,9.790489196777344,-0.030517578125,-0.06103515625,-0.244140625
1.8724999000000002,0.7080851793289185,-0.517746090888977,9.786299705505371,0,-0.18310546875,-0.18310546875
1.8774999,0.7134721279144287,-0.517746090888977,9.79288387298584,-0.030517578125,-0.1220703125,-0.152587890625
1.8824999000000002,0.7128735780715942,-0.517746090888977,9.786299705505371,0,-0.091552734375,-0.396728515625
1.8874999000000001,0.7164648771286011,-0.5153518915176392,9.788095474243164,0.1220703125,0.1220703125,-0.244140625
1.8924999000000002,0.7140706777572632,-0.5123591423034668,9.7791166305542,0.030517578125,0.1220703125,-0.30517578125
1.8974999000000001,0.7134721279144287,-0.5135562419891357,9.78989028930664,-0.030517578125,0.091552734375,-0.30517578125
1.9024999000000002,0.7086837291717529,-0.5159504413604736,9.786897659301758,0,0.18310546875,-0.274658203125
1.9074999000000001,0.7038952708244324,-0.5195417404174805,9.791088104248047,0,0.213623046875,-0.244140625
1.9124999000000003,0.7038952708244324,-0.5201402902603149,9.801262855529785,0.152587890625,0.213623046875,-0.30517578125
1.9174999000000001,0.6991068720817566,-0.5207388401031494,9.79288387298584,0.1220703125,0.06103515625,-0.3662109375
1.9224999,0.7026981711387634,-0.5183446407318115,9.801861763000488,0.030517578125,0.06103515625,-0.213623046875
1.9274999000000002,0.702099621295929,-0.518943190574646,9.79647445678711,-0.030517578125,-0.030517578125,-0.274658203125
1.9324999,0.7038952708244324,-0.5207388401031494,9.79288387298584,0.091552734375,-0.1220703125,-0.213623046875
1.9374999000000002,0.7080851793289185,-0.52552729845047,9.79647445678711,0.06103515625,0,-0.152587890625
1.9424999,0.7098808288574219,-0.5297171473503113,9.785101890563965,0.06103515625,-0.030517578125,-0.335693359375
1.9474999000000002,0.7104793787002563,-0.5297171473503113,9.783307075500488,0.06103515625,0.1220703125,-0.274658203125
1.9524999,0.7038952708244324,-0.5261258482933044,9.780313491821289,0.030517578125,0.18310546875,-0.335693359375
1.9574999000000002,0.7050924301147461,-0.5261258482933044,9.791088104248047,0,0.18310546875,-0.18310546875
1.9624999,0.6973112225532532,-0.5231330990791321,9.785700798034668,0.030517578125,0.06103515625,-0.18310546875
1.9674999000000002,0.6973112225532532,-0.524330198764801,9.79408073425293,-0.030517578125,0.06103515625,-0.244140625
1.9724999,0.6961141228675842,-0.524330198764801,9.797672271728516,-0.030517578125,0.1220703125,-0.396728515625
1.9774999000000002,0.6949170231819153,-0.5219359993934631,9.78989028930664,-0.06103515625,0.091552734375,-0.244140625
1.9824999,0.7026981711387634,-0.5219359993934631,9.801262855529785,0.091552734375,-0.030517578125,-0.244140625
1.9874999000000002,0.7068880796432495,-0.5219359993934631,9.794678688049316,0.030517578125,0,-0.18310546875
1.9924999,0.7110779285430908,-0.5219359993934631,9.794678688049316,0.1220703125,-0.030517578125,-0.18310546875
1.9974999000000002,0.7134721279144287,-0.524330198764801,9.797672271728516,0.091552734375,0.1220703125,-0.152587890625
2.0024999,0.7044938206672668,-0.5201402902603149,9.801262855529785,0.030517578125,0.213623046875,-0.213623046875
2.0074999,0.7026981711387634,-0.5219359993934631,9.794678688049316,-0.030517578125,0.06103515625,-0.30517578125
2.0124999000000003,0.7056909799575806,-0.5249287486076355,9.79647445678711,-0.06103515625,0,-0.274658203125
2.0174999000000002,0.7116764783859253,-0.5231330990791321,9.798869132995605,0.091552734375,0.18310546875,-0.274658203125
2.0224999,0.7152677774429321,-0.5225345492362976,9.79527759552002,0.030517578125,0.1220703125,-0.244140625
2.0274999,0.718859076499939,-0.517746090888977,9.798270225524902,-0.030517578125,0.152587890625,-0.274658203125
2.0324999000000004,0.7212532758712769,-0.5147533416748047,9.791686058044434,-0.06103515625,0.274658203125,-0.30517578125
2.0374999000000003,0.718859076499939,-0.5135562419891357,9.78989028930664,-0.06103515625,0.06103515625,-0.274658203125
2.0424999,0.7134721279144287,-0.5111620426177979,9.788095474243164,0.030517578125,-0.06103515625,-0.152587890625
2.0474999,0.7134721279144287,-0.5105634927749634,9.79527759552002,-0.06103515625,-0.030517578125,-0.274658203125
2.0524999,0.7152677774429321,-0.5111620426177979,9.79527759552002,0,-0.1220703125,-0.244140625
2.0574999000000003,0.7158663272857666,-0.5111620426177979,9.787496566772461,-0.030517578125,-0.091552734375,-0.1220703125
2.0624999,0.7194576263427734,-0.5129576921463013,9.793481826782227,0.152587890625,0.091552734375,-0.274658203125
2.0674999,0.7140706777572632,-0.5153518915176392,9.783905029296875,0.030517578125,0.18310546875,-0.42724609375
2.0724999,0.7092822790145874,-0.5171475410461426,9.786299705505371,0,0.06103515625,-0.18310546875
2.0774999000000003,0.7050924301147461,-0.518943190574646,9.797672271728516,-0.030517578125,0.213623046875,-0.18310546875
2.0824999,0.6991068720817566,-0.5159504413604736,9.81143856048584,0,0.152587890625,-0.213623046875
2.0874999,0.6979097723960876,-0.5147533416748047,9.81263542175293,-0.030517578125,0.030517578125,-0.213623046875
2.0924999,0.6979097723960876,-0.5147533416748047,9.81263542175293,-0.030517578125,0.030517578125,-0.213623046875
2.0974999000000003,0.7038952708244324,-0.517746090888977,9.806650161743164,-0.030517578125,-0.06103515625,-0.152587890625
2.1024999,0.7080851793289185,-0.5207388401031494,9.795876502990723,0.030517578125,-0.091552734375,-0.244140625
2.1074999,0.718859076499939,-0.5261258482933044,9.795876502990723,0.06103515625,-0.030517578125,-0.30517578125
2.1124999,0.7260416746139526,-0.5285200476646423,9.791686058044434,0.06103515625,0,-0.244140625
2.1174999000000003,0.729034423828125,-0.5249287486076355,9.785101890563965,0.030517578125,0.18310546875,-0.18310546875
2.1224999,0.729034423828125,-0.5231330990791321,9.792284965515137,-0.030517578125,0.244140625,-0.152587890625
2.1274999,0.7206547260284424,-0.517746090888977,9.783307075500488,0.06103515625,0.18310546875,-0.213623046875
2.1324999,0.7110779285430908,-0.5165489912033081,9.788095474243164,0.152587890625,0.091552734375,-0.091552734375
2.1374999000000003,0.7038952708244324,-0.5183446407318115,9.789292335510254,0.06103515625,0.06103515625,-0.244140625
2.1424999000000002,0.6961141228675842,-0.5213374495506287,9.778518676757812,-0.06103515625,-0.091552734375,-0.274658203125
2.1474999,0.6991068720817566,-0.5207388401031494,9.785700798034668,0.06103515625,0.06103515625,-0.274658203125
2.1524999,0.6991068720817566,-0.5249287486076355,9.775525093078613,0.06103515625,0.06103515625,-0.213623046875
2.1574999000000004,0.7146692276000977,-0.5273229479789734,9.785101890563965,0.030517578125,-0.030517578125,-0.1220703125
2.1624999000000003,0.7170634269714355,-0.5267243981361389,9.782109260559082,0.06103515625,-0.06103515625,-0.213623046875
2.1674999,0.7242460250854492,-0.5273229479789734,9.794678688049316,0.06103515625,0.030517578125,-0.30517578125
2.1724999,0.7224503755569458,-0.524330198764801,9.791686058044434,0.1220703125,0.030517578125,-0.213623046875
2.1774999000000004,0.7182605266571045,-0.5201402902603149,9.789292335510254,-0.06103515625,0.030517578125,-0.274658203125
2.1824999000000003,0.7152677774429321,-0.5195417404174805,9.79527759552002,-0.030517578125,0.030517578125,-0.30517578125
2.1874999,0.707486629486084,-0.5195417404174805,9.785101890563965,0.06103515625,-0.091552734375,-0.274658203125
2.1924999,0.7068880796432495,-0.5225345492362976,9.794678688049316,0.06103515625,0,-0.213623046875
2.1974999,0.7056909799575806,-0.5267243981361389,9.791088104248047,0,0,-0.244140625
2.2024999000000003,0.7068880796432495,-0.5273229479789734,9.788095474243164,0.06103515625,-0.1220703125,-0.30517578125
2.2074999,0.7122750282287598,-0.5279214978218079,9.79408073425293,0.152587890625,-0.091552734375,-0.18310546875
2.2124999,0.7134721279144287,-0.5219359993934631,9.782109260559082,0,0.06103515625,-0.244140625
2.2174999,0.7236474752426147,-0.5153518915176392,9.787496566772461,-0.152587890625,-0.06103515625,-0.3662109375
2.2224999000000003,0.7248445749282837,-0.5153518915176392,9.797073364257812,-0.1220703125,0.091552734375,-0.244140625
2.2274999,0.7218518257141113,-0.5165489912033081,9.786299705505371,0,-0.030517578125,-0.152587890625
2.2324999,0.7194576263427734,-0.5147533416748047,9.789292335510254,0.091552734375,0.030517578125,-0.213623046875
2.2374999,0.7182605266571045,-0.5135562419891357,9.79408073425293,0.06103515625,0.1220703125,-0.18310546875
2.2424999000000003,0.7104793787002563,-0.5081692934036255,9.800065994262695,0.030517578125,0.152587890625,-0.244140625
2.2474999,0.7104793787002563,-0.5081692934036255,9.800065994262695,0.030517578125,0.152587890625,-0.244140625
2.2524999,0.7086837291717529,-0.507570743560791,9.79408073425293,0.030517578125,0,-0.244140625
2.2574999,0.7116764783859253,-0.5063736438751221,9.803058624267578,0,0.06103515625,-0.274658203125
2.2624999000000003,0.7314286231994629,-0.5171475410461426,9.806650161743164,0.1220703125,0.152587890625,-0.1220703125
2.2674999000000002,0.730231523513794,-0.5201402902603149,9.79647445678711,0.152587890625,0.06103515625,-0.18310546875
2.2724999,0.7296329736709595,-0.5213374495506287,9.799467086791992,0.030517578125,0.18310546875,-0.213623046875
2.2774999,0.7212532758712769,-0.5219359993934631,9.79408073425293,0,0.213623046875,-0.18310546875
2.2824999000000004,0.7104793787002563,-0.5195417404174805,9.794678688049316,-0.030517578125,0.091552734375,-0.274658203125
2.2874999000000003,0.706289529800415,-0.5207388401031494,9.803058624267578,0.030517578125,0.244140625,-0.48828125
2.2924999,0.6949170231819153,-0.517746090888977,9.799467086791992,0,0.06103515625,-0.244140625
2.2974999,0.6949170231819153,-0.5183446407318115,9.806051254272461,0.1220703125,-0.152587890625,-0.152587890625
2.3024999000000004,0.6949170231819153,-0.5165489912033081,9.804255485534668,0,0.091552734375,-0.274658203125
2.3074999000000003,0.7050924301147461,-0.5153518915176392,9.800664901733398,0.091552734375,-0.030517578125,-0.244140625
2.3124999,0.7086837291717529,-0.5141547918319702,9.78989028930664,-0.030517578125,-0.152587890625,-0.244140625
2.3174999,0.7134721279144287,-0.5153518915176392,9.785101890563965,-0.030517578125,-0.06103515625,-0.213623046875
2.3224999,0.7080851793289185,-0.5237316489219666,9.783905029296875,0,0.1220703125,-0.213623046875
2.3274999000000003,0.7050924301147461,-0.5225345492362976,9.786299705505371,-0.1220703125,0,-0.213623046875
2.3324999,0.7038952708244324,-0.5225345492362976,9.797073364257812,0.091552734375,0.06103515625,-0.1220703125
2.3374999,0.702099621295929,-0.5219359993934631,9.79408073425293,0,0.152587890625,-0.18310546875
2.3424999,0.7015010714530945,-0.524330198764801,9.803058624267578,0,0.1220703125,-0.30517578125
2.3474999000000003,0.7026981711387634,-0.5207388401031494,9.799467086791992,0.091552734375,0.1220703125,-0.274658203125
2.3524999,0.7098808288574219,-0.5135562419891357,9.79288387298584,-0.091552734375,0.06103515625,-0.213623046875
2.3574999,0.7110779285430908,-0.5105634927749634,9.77791976928711,-0.091552734375,-0.030517578125,-0.213623046875
2.3624999,0.7158663272857666,-0.5099649429321289,9.776124000549316,0.06103515625,-0.06103515625,-0.213623046875
2.3674999000000003,0.7200561761856079,-0.5117605924606323,9.776124000549316,-0.06103515625,0.06103515625,-0.244140625
2.3724999,0.7200561761856079,-0.5141547918319702,9.774328231811523,-0.06103515625,0,-0.244140625
2.3774999,0.7230489253997803,-0.5183446407318115,9.786299705505371,0.030517578125,0.030517578125,-0.1220703125
2.3824999,0.7206547260284424,-0.5183446407318115,9.789292335510254,0.1220703125,0.030517578125,-0.213623046875
2.3874999000000003,0.718859076499939,-0.5201402902603149,9.794678688049316,0.091552734375,0.091552734375,-0.3662109375
2.3924999000000002,0.7194576263427734,-0.5201402902603149,9.803058624267578,0,0.18310546875,-0.274658203125
2.3974999,0.7140706777572632,-0.518943190574646,9.79647445678711,-0.18310546875,0.18310546875,-0.274658203125
2.4024999,0.7122750282287598,-0.517746090888977,9.803657531738281,-0.152587890625,0.1220703125,-0.244140625
2.4074999000000004,0.7056909799575806,-0.5171475410461426,9.798869132995605,0.030517578125,0.030517578125,-0.30517578125
2.4124999000000003,0.7038952708244324,-0.5171475410461426,9.798869132995605,-0.06103515625,-0.030517578125,-0.244140625
2.4174999,0.706289529800415,-0.517746090888977,9.786897659301758,0.030517578125,-0.030517578125,-0.30517578125
2.4224999,0.7134721279144287,-0.5183446407318115,9.78989028930664,0,0.06103515625,-0.152587890625
2.4274999000000004,0.7212532758712769,-0.5207388401031494,9.786299705505371,0.152587890625,0.030517578125,-0.18310546875
2.4324999000000003,0.7242460250854492,-0.517746090888977,9.783905029296875,0,-0.06103515625,-0.274658203125
2.4374999,0.7284358739852905,-0.5213374495506287,9.79288387298584,-0.06103515625,0.091552734375,-0.30517578125
2.4424999,0.7266402244567871,-0.5201402902603149,9.786299705505371,0.091552734375,0,-0.274658203125
2.4474999,0.7230489253997803,-0.5201402902603149,9.78869342803955,0.06103515625,0.06103515625,-0.274658203125
2.4524999000000003,0.7194576263427734,-0.5195417404174805,9.786897659301758,-0.030517578125,0.152587890625,-0.30517578125
2.4574999,0.7122750282287598,-0.518943190574646,9.774328231811523,-0.030517578125,0.091552734375,-0.335693359375
2.4624999,0.7098808288574219,-0.5201402902603149,9.780313491821289,0,0.030517578125,-0.152587890625
2.4674999,0.706289529800415,-0.524330198764801,9.771934509277344,0.030517578125,-0.06103515625,-0.213623046875
2.4724999000000003,0.7056909799575806,-0.5285200476646423,9.781511306762695,-0.06103515625,0,-0.18310546875
2.4774999,0.7116764783859253,-0.5261258482933044,9.795876502990723,0.030517578125,0.091552734375,-0.18310546875
2.4824999,0.7140706777572632,-0.517746090888977,9.79647445678711,-0.030517578125,-0.030517578125,-0.18310546875
2.4874999,0.7122750282287598,-0.5165489912033081,9.803657531738281,-0.030517578125,0.1220703125,-0.18310546875
2.4924999000000003,0.7026981711387634,-0.5123591423034668,9.791686058044434,-0.030517578125,0.030517578125,-0.30517578125
2.4974999,0.6985083222389221,-0.5117605924606323,9.79527759552002,0.030517578125,-0.091552734375,-0.152587890625
2.5024999,0.6943184733390808,-0.5129576921463013,9.786897659301758,0,0,-0.152587890625
2.5074999,0.6919242739677429,-0.5129576921463013,9.780912399291992,0.06103515625,0.030517578125,-0.091552734375
2.5124999000000003,0.6979097723960876,-0.5147533416748047,9.786897659301758,0,0.18310546875,-0.213623046875
2.5174999000000002,0.6991068720817566,-0.5159504413604736,9.778518676757812,-0.030517578125,0,-0.274658203125
2.5224999,0.7110779285430908,-0.5207388401031494,9.774328231811523,-0.030517578125,-0.030517578125,-0.274658203125
2.5274999,0.7158663272857666,-0.5231330990791321,9.782708168029785,0.030517578125,0,-0.213623046875
2.5324999000000004,0.7158663272857666,-0.5219359993934631,9.777320861816406,0.06103515625,0.1220703125,-0.244140625
2.5374999000000003,0.7200561761856079,-0.5207388401031494,9.785101890563965,0.18310546875,0.091552734375,-0.18310546875
2.5424999,0.7230489253997803,-0.518943190574646,9.78989028930664,0.091552734375,0.06103515625,-0.30517578125
2.5474999,0.7194576263427734,-0.5171475410461426,9.785101890563965,0.18310546875,-0.1220703125,-0.18310546875
2.5524999000000004,0.7170634269714355,-0.5141547918319702,9.79647445678711,0.152587890625,0.030517578125,0
2.5574999000000003,0.7092822790145874,-0.5123591423034668,9.78869342803955,0,0,-0.213623046875
2.5624999,0.7015010714530945,-0.5171475410461426,9.786299705505371,-0.06103515625,-0.06103515625,-0.274658203125
2.5674999,0.7080851793289185,-0.5273229479789734,9.785700798034668,-0.06103515625,0.06103515625,-0.42724609375
2.5724999,0.7128735780715942,-0.5273229479789734,9.790489196777344,0,0.1220703125,-0.335693359375
2.5774999000000003,0.7128735780715942,-0.5261258482933044,9.784503936767578,0.091552734375,0,-0.1220703125
2.5824999,0.7158663272857666,-0.52552729845047,9.803657531738281,-0.030517578125,0.213623046875,-0.30517578125
2.5874999,0.7116764783859253,-0.524330198764801,9.800065994262695,-0.030517578125,0.06103515625,-0.274658203125
2.5924999,0.7044938206672668,-0.5225345492362976,9.797672271728516,0,0.06103515625,-0.18310546875
2.5974999000000003,0.7038952708244324,-0.5195417404174805,9.806650161743164,0,0.1220703125,-0.213623046875
2.6024999,0.6961141228675842,-0.5171475410461426,9.78989028930664,0.030517578125,-0.06103515625,-0.30517578125
2.6074999,0.6997054219245911,-0.5141547918319702,9.799467086791992,0.030517578125,0,-0.244140625
2.6124999,0.6991068720817566,-0.5153518915176392,9.801861763000488,-0.091552734375,0,-0.213623046875
2.6174999000000003,0.6967126727104187,-0.517746090888977,9.79527759552002,0,-0.091552734375,-0.274658203125
2.6224999,0.6985083222389221,-0.5225345492362976,9.801861763000488,0,0.1220703125,-0.1220703125
2.6274999,0.6997054219245911,-0.5237316489219666,9.79288387298584,0,-0.1220703125,-0.18310546875
2.6324999,0.7080851793289185,-0.5231330990791321,9.79288387298584,0,-0.213623046875,-0.091552734375
2.6374999000000003,0.7194576263427734,-0.5225345492362976,9.792284965515137,0.030517578125,0.06103515625,-0.152587890625
2.6424999000000002,0.7314286231994629,-0.524330198764801,9.786897659301758,0.1220703125,0.30517578125,-0.06103515625
2.6474999,0.7260416746139526,-0.5231330990791321,9.79527759552002,-0.030517578125,0.274658203125,-0.18310546875
2.6524999,0.7194576263427734,-0.5219359993934631,9.798270225524902,0,0.213623046875,-0.213623046875
2.6574999000000004,0.7044938206672668,-0.5171475410461426,9.786897659301758,0.030517578125,0,-0.274658203125
2.6624999000000003,0.6979097723960876,-0.5153518915176392,9.798869132995605,0,0.152587890625,-0.244140625
2.6674999,0.690727174282074,-0.5117605924606323,9.79288387298584,0,-0.091552734375,-0.152587890625
2.6724999,0.6931213736534119,-0.5141547918319702,9.800065994262695,0.06103515625,-0.030517578125,-0.213623046875
2.6774999000000004,0.7003039717674255,-0.5153518915176392,9.790489196777344,0.06103515625,-0.06103515625,-0.335693359375
2.6824999000000003,0.7116764783859253,-0.5165489912033081,9.791088104248047,0.030517578125,0,-0.244140625
2.6874999,0.7224503755569458,-0.517746090888977,9.79288387298584,0.030517578125,0.091552734375,-0.274658203125
2.6924999,0.7266402244567871,-0.5165489912033081,9.787496566772461,0.06103515625,0.030517578125,-0.30517578125
2.6974999,0.7284358739852905,-0.5171475410461426,9.79527759552002,-0.06103515625,0.213623046875,-0.274658203125
2.7024999000000003,0.7248445749282837,-0.5153518915176392,9.793481826782227,0.1220703125,0.152587890625,-0.274658203125
2.7074999,0.7182605266571045,-0.5153518915176392,9.800065994262695,0.06103515625,0.091552734375,-0.274658203125
2.7124999,0.7116764783859253,-0.5123591423034668,9.802460670471191,-0.091552734375,0.030517578125,-0.244140625
2.7174999,0.7116764783859253,-0.5123591423034668,9.802460670471191,-0.091552734375,0.030517578125,-0.244140625
2.7224999000000003,0.702099621295929,-0.5111620426177979,9.797672271728516,0.1220703125,0.030517578125,-0.18310546875
2.7274999,0.7026981711387634,-0.5117605924606323,9.804854393005371,0.1220703125,0.030517578125,-0.152587890625
2.7324999,0.7092822790145874,-0.518943190574646,9.790489196777344,0.030517578125,-0.030517578125,-0.18310546875
2.7374999,0.7092822790145874,-0.518943190574646,9.790489196777344,0.030517578125,-0.030517578125,-0.18310546875
2.7424999000000003,0.7110779285430908,-0.518943190574646,9.780313491821289,-0.030517578125,0,-0.244140625
2.7474999,0.7200561761856079,-0.518943190574646,9.78989028930664,-0.1220703125,0,-0.152587890625
2.7524999,0.7260416746139526,-0.517746090888977,9.790489196777344,0.06103515625,0.1220703125,-0.152587890625
2.7574999,0.729034423828125,-0.5183446407318115,9.791088104248047,0.091552734375,0,-0.152587890625
2.7624999000000003,0.7314286231994629,-0.5219359993934631,9.799467086791992,0.030517578125,0,-0.30517578125
2.7674999000000002,0.7254431247711182,-0.524330198764801,9.790489196777344,-0.06103515625,0.091552734375,-0.274658203125
2.7724999,0.7206547260284424,-0.5273229479789734,9.795876502990723,0.06103515625,-0.030517578125,-0.18310546875
2.7774999,0.7122750282287598,-0.5285200476646423,9.791686058044434,0.091552734375,0.18310546875,-0.18310546875
2.7824999000000004,0.7050924301147461,-0.5285200476646423,9.787496566772461,0,0.030517578125,-0.213623046875
2.7874999000000003,0.70090252161026,-0.5261258482933044,9.791686058044434,0.18310546875,0.091552734375,-0.18310546875
2.7924999,0.6973112225532532,-0.5183446407318115,9.795876502990723,-0.06103515625,0.091552734375,-0.18310546875
2.7974999,0.6973112225532532,-0.5183446407318115,9.795876502990723,-0.06103515625,0.091552734375,-0.18310546875
2.8024999000000004,0.6997054219245911,-0.517746090888977,9.795876502990723,0,0.030517578125,-0.244140625
2.8074999000000003,0.706289529800415,-0.518943190574646,9.807847023010254,-0.091552734375,0.06103515625,-0.335693359375
2.8124999,0.7110779285430908,-0.517746090888977,9.798270225524902,-0.06103515625,-0.06103515625,-0.396728515625
2.8174999,0.71766197681427,-0.5165489912033081,9.801262855529785,-0.06103515625,-0.1220703125,-0.30517578125
2.8224999,0.7212532758712769,-0.5147533416748047,9.800664901733398,-0.030517578125,0.18310546875,-0.274658203125
2.8274999000000003,0.7182605266571045,-0.5153518915176392,9.78869342803955,-0.06103515625,-0.06103515625,-0.18310546875
2.8324999,0.718859076499939,-0.517746090888977,9.79647445678711,0.1220703125,0,-0.1220703125
2.8374999,0.7128735780715942,-0.518943190574646,9.787496566772461,0.091552734375,0.030517578125,-0.274658203125
2.8424999,0.707486629486084,-0.5219359993934631,9.784503936767578,-0.030517578125,0.091552734375,-0.213623046875
2.8474999000000003,0.7044938206672668,-0.5219359993934631,9.788095474243164,-0.091552734375,0.091552734375,-0.1220703125
2.8524999,0.6883329749107361,-0.5219359993934631,9.779715538024902,-0.030517578125,-0.06103515625,-0.213623046875
2.8574999,0.6883329749107361,-0.518943190574646,9.778518676757812,0.1220703125,-0.18310546875,-0.152587890625
2.8624999,0.6979097723960876,-0.5171475410461426,9.78869342803955,0.030517578125,-0.06103515625,-0.18310546875
2.8674999000000003,0.706289529800415,-0.5141547918319702,9.785700798034668,0,-0.091552734375,-0.18310546875
2.8724999,0.7200561761856079,-0.5099649429321289,9.79288387298584,-0.06103515625,-0.06103515625,-0.244140625
2.8774999,0.730231523513794,-0.5093663930892944,9.797073364257812,-0.030517578125,0,-0.30517578125
2.8824999,0.7218518257141113,-0.5153518915176392,9.79408073425293,-0.06103515625,0.1220703125,-0.30517578125
2.8874999000000003,0.689530074596405,-0.5153518915176392,9.791088104248047,0.091552734375,-0.091552734375,-0.1220703125
2.8924999000000002,0.689530074596405,-0.5153518915176392,9.791088104248047,0.091552734375,-0.091552734375,-0.1220703125
2.8974999,0.6901286244392395,-0.5153518915176392,9.79647445678711,-0.030517578125,0.06103515625,-0.213623046875
2.9024999,0.6931213736534119,-0.5165489912033081,9.783905029296875,-0.030517578125,0.06103515625,-0.274658203125
2.9074999000000004,0.7026981711387634,-0.5159504413604736,9.788095474243164,-0.06103515625,0.030517578125,-0.1220703125
2.9124999000000003,0.7122750282287598,-0.5159504413604736,9.783307075500488,-0.091552734375,-0.030517578125,-0.213623046875
2.9174999,0.7200561761856079,-0.5159504413604736,9.7791166305542,0.06103515625,-0.18310546875,-0.18310546875
2.9224999,0.7314286231994629,-0.5171475410461426,9.78869342803955,0.091552734375,0.030517578125,-0.213623046875
2.9274999000000004,0.7332242727279663,-0.517746090888977,9.782708168029785,-0.1220703125,0.030517578125,-0.30517578125
2.9324999000000003,0.7362170219421387,-0.5183446407318115,9.793481826782227,0.091552734375,0.091552734375,-0.213623046875
2.9374999,0.7320271730422974,-0.5171475410461426,9.79408073425293,0.06103515625,0.213623046875,-0.213623046875
2.9424999,0.7152677774429321,-0.5159504413604736,9.799467086791992,0.091552734375,0.274658203125,-0.244140625
2.9474999,0.7026981711387634,-0.5171475410461426,9.78869342803955,0.030517578125,0.274658203125,-0.244140625
2.9524999000000003,0.6955155730247498,-0.517746090888977,9.794678688049316,0.091552734375,0.091552734375,-0.244140625
2.9574999,0.690727174282074,-0.5201402902603149,9.799467086791992,0,0.06103515625,-0.152587890625
2.9624999,0.6913257241249084,-0.5219359993934631,9.795876502990723,0.030517578125,0,-0.152587890625
2.9674999,0.6973112225532532,-0.5225345492362976,9.80904483795166,0.06103515625,-0.1220703125,-0.152587890625
2.9724999000000003,0.7044938206672668,-0.5231330990791321,9.800664901733398,0.06103515625,-0.152587890625,-0.18310546875
2.9774999,0.7128735780715942,-0.5213374495506287,9.79408073425293,-0.030517578125,-0.1220703125,-0.1220703125
2.9824999,0.7236474752426147,-0.5237316489219666,9.792284965515137,-0.06103515625,-0.06103515625,-0.18310546875
2.9874999,0.729034423828125,-0.5219359993934631,9.77672290802002,0.091552734375,-0.213623046875,-0.335693359375
2.9924999000000003,0.7386112213134766,-0.5213374495506287,9.780313491821289,0.1220703125,-0.030517578125,-0.30517578125
2.9974999,0.7410054206848145,-0.5183446407318115,9.771934509277344,0.1220703125,0.213623046875,-0.274658203125
3.0024999,0.7362170219421387,-0.5159504413604736,9.773730278015137,0.1220703125,0.213623046875,-0.213623046875
3.0074999,0.7266402244567871,-0.517746090888977,9.768941879272461,0.030517578125,0.091552734375,-0.274658203125
3.0124999000000003,0.7200561761856079,-0.5207388401031494,9.783905029296875,0.06103515625,0.274658203125,-0.30517578125
3.0174999000000002,0.7104793787002563,-0.5201402902603149,9.787496566772461,0.06103515625,0.244140625,-0.244140625
3.0224999,0.702099621295929,-0.5195417404174805,9.787496566772461,0,0.1220703125,-0.213623046875
3.0274999,0.70090252161026,-0.5159504413604736,9.794678688049316,-0.091552734375,0.1220703125,-0.152587890625
3.0324999000000004,0.6979097723960876,-0.5141547918319702,9.786299705505371,-0.030517578125,-0.06103515625,-0.213623046875
3.0374999000000003,0.7050924301147461,-0.5141547918319702,9.791686058044434,0.091552734375,0.030517578125,-0.18310546875
3.0424999,0.7116764783859253,-0.5135562419891357,9.791686058044434,0.091552734375,0,-0.18310546875
3.0474999,0.7182605266571045,-0.5153518915176392,9.788095474243164,0,-0.030517578125,-0.213623046875
3.0524999000000004,0.727837324142456,-0.517746090888977,9.79527759552002,-0.091552734375,-0.1220703125,-0.274658203125
3.0574999000000003,0.7296329736709595,-0.5219359993934631,9.786897659301758,-0.06103515625,-0.1220703125,-0.1220703125
3.0624999,0.7248445749282837,-0.5135562419891357,9.78989028930664,-0.06103515625,0.274658203125,-0.396728515625
3.0674999,0.7182605266571045,-0.5093663930892944,9.782109260559082,0,0.18310546875,-0.274658203125
3.0724999000000004,0.7116764783859253,-0.5093663930892944,9.778518676757812,-0.06103515625,0.06103515625,-0.274658203125
3.0774999000000003,0.706289529800415,-0.5093663930892944,9.783307075500488,0.030517578125,0.274658203125,-0.213623046875
3.0824999,0.70090252161026,-0.5141547918319702,9.775525093078613,0.030517578125,0,-0.152587890625
3.0874999,0.702099621295929,-0.5159504413604736,9.787496566772461,0,0,-0.1220703125
3.0924999,0.7026981711387634,-0.5171475410461426,9.784503936767578,0.06103515625,-0.06103515625,-0.152587890625
3.0974999000000003,0.7056909799575806,-0.5171475410461426,9.785700798034668,0.06103515625,-0.18310546875,-0.152587890625
3.1024999,0.7152677774429321,-0.5183446407318115,9.793481826782227,0.030517578125,-0.091552734375,-0.152587890625
3.1074999,0.7230489253997803,-0.5207388401031494,9.791088104248047,0.06103515625,-0.06103515625,-0.213623046875
3.1124999,0.7260416746139526,-0.5219359993934631,9.789292335510254,0,0.091552734375,-0.274658203125
3.1174999000000003,0.7236474752426147,-0.5201402902603149,9.783307075500488,-0.06103515625,0.06103515625,-0.213623046875
3.1224999,0.71766197681427,-0.5153518915176392,9.780912399291992,-0.06103515625,0.152587890625,-0.3662109375
3.1274999,0.7098808288574219,-0.5141547918319702,9.786299705505371,-0.030517578125,0.18310546875,-0.274658203125
3.1324999,0.6991068720817566,-0.5123591423034668,9.787496566772461,-0.030517578125,0.244140625,-0.18310546875
3.1374999000000003,0.6865373253822327,-0.5123591423034668,9.782109260559082,0.030517578125,0.091552734375,-0.213623046875
3.1424999000000002,0.6805518269538879,-0.5105634927749634,9.795876502990723,0.030517578125,0.1220703125,-0.274658203125
3.1474999,0.6775590777397156,-0.5105634927749634,9.791088104248047,-0.030517578125,-0.030517578125,-0.30517578125
3.1524999,0.6817489266395569,-0.50876784324646,9.793481826782227,0,-0.091552734375,-0.213623046875
3.1574999000000004,0.6931213736534119,-0.5105634927749634,9.79647445678711,0.091552734375,-0.1220703125,-0.244140625
3.1624999000000003,0.7284358739852905,-0.5201402902603149,9.79408073425293,-0.030517578125,0.06103515625,-0.152587890625
3.1674999,0.729034423828125,-0.5231330990791321,9.803058624267578,0.030517578125,0.213623046875,-0.152587890625
3.1724999,0.7230489253997803,-0.5207388401031494,9.79408073425293,0.091552734375,-0.06103515625,-0.274658203125
3.1774999000000004,0.71766197681427,-0.518943190574646,9.798869132995605,0.030517578125,0.06103515625,-0.274658203125
3.1824999000000003,0.7122750282287598,-0.5153518915176392,9.795876502990723,-0.030517578125,0.244140625,-0.30517578125
3.1874999,0.7026981711387634,-0.5123591423034668,9.78869342803955,-0.030517578125,0.1220703125,-0.30517578125
3.1924999,0.6985083222389221,-0.5153518915176392,9.794678688049316,0.030517578125,0.335693359375,-0.213623046875
3.1974999000000004,0.6877344250679016,-0.5183446407318115,9.78869342803955,0,0.244140625,-0.244140625
3.2024999000000003,0.6823474764823914,-0.5219359993934631,9.794678688049316,-0.06103515625,0.06103515625,-0.213623046875
3.2074999,0.6787561774253845,-0.5213374495506287,9.79527759552002,-0.06103515625,0,-0.3662109375
3.2124999,0.689530074596405,-0.5135562419891357,9.802460670471191,-0.091552734375,-0.274658203125,-0.244140625
3.2174999,0.70090252161026,-0.507570743560791,9.793481826782227,0.030517578125,-0.1220703125,-0.274658203125
3.2224999000000003,0.7182605266571045,-0.50876784324646,9.794678688049316,-0.030517578125,-0.091552734375,-0.30517578125
3.2274999,0.7362170219421387,-0.5105634927749634,9.78989028930664,0,-0.1220703125,-0.244140625
3.2324999,0.74040687084198,-0.5117605924606323,9.7791166305542,0.030517578125,0,-0.30517578125
3.2374999,0.7451952695846558,-0.5147533416748047,9.784503936767578,0,0.244140625,-0.213623046875
3.2424999000000003,0.7386112213134766,-0.5153518915176392,9.77791976928711,-0.06103515625,0.396728515625,-0.152587890625
3.2474999,0.729034423828125,-0.5165489912033081,9.782109260559082,0.06103515625,0.42724609375,-0.42724609375
3.2524999,0.71766197681427,-0.5171475410461426,9.78869342803955,0.091552734375,0.30517578125,-0.335693359375
3.2574999,0.7038952708244324,-0.5183446407318115,9.783905029296875,0.030517578125,0.18310546875,-0.152587890625
3.2624999000000003,0.6955155730247498,-0.5183446407318115,9.79288387298584,-0.06103515625,0,-0.213623046875
3.2674999000000002,0.6865373253822327,-0.5183446407318115,9.792284965515137,-0.06103515625,0.18310546875,-0.244140625
3.2724999,0.6865373253822327,-0.5201402902603149,9.797073364257812,0.091552734375,-0.06103515625,-0.3662109375
3.2774999,0.6925228238105774,-0.5183446407318115,9.786299705505371,0.06103515625,-0.1220703125,-0.213623046875
3.2824999000000004,0.7032967209815979,-0.5195417404174805,9.78869342803955,0.1220703125,-0.091552734375,-0.213623046875
3.2874999000000003,0.7122750282287598,-0.5195417404174805,9.785101890563965,-0.030517578125,-0.06103515625,-0.335693359375
3.2924999,0.7170634269714355,-0.5201402902603149,9.781511306762695,0.030517578125,-0.030517578125,-0.274658203125
3.2974999,0.7230489253997803,-0.5219359993934631,9.79288387298584,-0.06103515625,0.213623046875,-0.396728515625
3.3024999000000004,0.7248445749282837,-0.5231330990791321,9.785700798034668,-0.030517578125,0.1220703125,-0.335693359375
3.3074999000000003,0.727837324142456,-0.5231330990791321,9.79408073425293,-0.06103515625,0.1220703125,-0.244140625
3.3124999,0.7284358739852905,-0.5225345492362976,9.79647445678711,-0.091552734375,0.213623046875,-0.30517578125
3.3174999,0.7206547260284424,-0.5213374495506287,9.789292335510254,-0.06103515625,0.1220703125,-0.274658203125
3.3224999000000004,0.7128735780715942,-0.518943190574646,9.798869132995605,-0.06103515625,0.18310546875,-0.091552734375
3.3274999000000003,0.7015010714530945,-0.5159504413604736,9.791686058044434,-0.030517578125,0.1220703125,-0.274658203125
3.3324999,0.6877344250679016,-0.5117605924606323,9.79288387298584,0,0.091552734375,-0.18310546875
3.3374999,0.6859387755393982,-0.5117605924606323,9.782109260559082,-0.091552734375,-0.030517578125,-0.3662109375
3.3424999,0.6919242739677429,-0.5135562419891357,9.784503936767578,0.030517578125,-0.030517578125,-0.274658203125
3.3474999000000003,0.6955155730247498,-0.5153518915176392,9.781511306762695,0.030517578125,-0.244140625,-0.030517578125
3.3524999,0.7050924301147461,-0.5147533416748047,9.780313491821289,-0.06103515625,-0.213623046875,-0.1220703125
3.3574999,0.7050924301147461,-0.5147533416748047,9.780313491821289,-0.06103515625,-0.213623046875,-0.1220703125
3.3624999,0.71766197681427,-0.5135562419891357,9.7791166305542,-0.152587890625,-0.030517578125,-0.18310546875
3.3674999000000003,0.71766197681427,-0.5135562419891357,9.7791166305542,-0.152587890625,-0.030517578125,-0.18310546875
3.3724999,0.727837324142456,-0.5141547918319702,9.787496566772461,-0.06103515625,0.06103515625,-0.274658203125
3.3774999,0.7272387742996216,-0.518943190574646,9.784503936767578,0.1220703125,0.213623046875,-0.213623046875
3.3824999,0.7254431247711182,-0.5195417404174805,9.787496566772461,0.030517578125,0.091552734375,-0.18310546875
3.3874999000000003,0.7230489253997803,-0.5249287486076355,9.797672271728516,0.030517578125,0.091552734375,-0.091552734375
3.3924999000000002,0.7098808288574219,-0.52552729845047,9.795876502990723,-0.06103515625,0.1220703125,-0.30517578125
3.3974999,0.706289529800415,-0.52552729845047,9.79408073425293,-0.06103515625,0.091552734375,-0.244140625
3.4024999,0.6997054219245911,-0.5249287486076355,9.783905029296875,-0.030517578125,-0.030517578125,-0.274658203125
3.4074999000000004,0.6985083222389221,-0.524330198764801,9.78869342803955,0.030517578125,0.030517578125,-0.30517578125
3.4124999000000003,0.6955155730247498,-0.5219359993934631,9.780912399291992,0.030517578125,0.06103515625,-0.18310546875
3.4174999,0.6967126727104187,-0.518943190574646,9.785101890563965,0.091552734375,0,-0.213623046875
3.4224999,0.7026981711387634,-0.5183446407318115,9.791686058044434,0,0.1220703125,-0.244140625
3.4274999000000004,0.706289529800415,-0.5195417404174805,9.788095474243164,0,0,-0.213623046875
3.4324999000000003,0.7128735780715942,-0.5219359993934631,9.798869132995605,0.06103515625,-0.213623046875,-0.1220703125
3.4374999,0.7140706777572632,-0.5261258482933044,9.792284965515137,0.152587890625,0.030517578125,-0.213623046875
3.4424999,0.7134721279144287,-0.5321113467216492,9.793481826782227,-0.030517578125,0.091552734375,-0.335693359375
3.4474999000000004,0.7194576263427734,-0.5297171473503113,9.786897659301758,0.06103515625,0.030517578125,-0.213623046875
3.4524999000000003,0.7254431247711182,-0.5297171473503113,9.793481826782227,0,0.091552734375,-0.06103515625
3.4574999,0.7218518257141113,-0.5279214978218079,9.784503936767578,0.030517578125,0.06103515625,-0.213623046875
3.4624999,0.7194576263427734,-0.52552729845047,9.787496566772461,-0.030517578125,0.030517578125,-0.213623046875
3.4674999,0.7140706777572632,-0.5213374495506287,9.787496566772461,-0.030517578125,0.152587890625,-0.213623046875
3.4724999000000003,0.7038952708244324,-0.5159504413604736,9.780912399291992,-0.06103515625,-0.06103515625,-0.18310546875
3.4774999,0.7032967209815979,-0.5129576921463013,9.78989028930664,0.091552734375,-0.030517578125,-0.18310546875
3.4824999,0.7003039717674255,-0.5111620426177979,9.779715538024902,0.091552734375,-0.1220703125,-0.244140625
3.4874999,0.7056909799575806,-0.5093663930892944,9.780912399291992,-0.06103515625,-0.030517578125,-0.152587890625
3.4924999000000003,0.7110779285430908,-0.5093663930892944,9.780313491821289,-0.030517578125,0.091552734375,-0.1220703125
3.4974999,0.7158663272857666,-0.5099649429321289,9.767146110534668,0.091552734375,0.213623046875,-0.244140625
3.5024999,0.7134721279144287,-0.5129576921463013,9.770736694335938,0.030517578125,0.06103515625,-0.091552734375
3.5074999,0.7134721279144287,-0.5195417404174805,9.7791166305542,-0.1220703125,-0.030517578125,-0.244140625
3.5124999000000003,0.7068880796432495,-0.5237316489219666,9.774927139282227,0.091552734375,-0.091552734375,-0.30517578125
3.5174999000000002,0.7056909799575806,-0.5303156971931458,9.786299705505371,0,0.06103515625,-0.091552734375
3.5224999,0.7056909799575806,-0.5315127968788147,9.787496566772461,-0.06103515625,-0.030517578125,-0.274658203125
3.5274999,0.7110779285430908,-0.5333084464073181,9.800664901733398,-0.152587890625,0.152587890625,-0.274658203125
3.5324999000000004,0.7122750282287598,-0.5339069962501526,9.79527759552002,-0.06103515625,0.06103515625,-0.152587890625
3.5374999000000003,0.7122750282287598,-0.5333084464073181,9.806650161743164,0.091552734375,0.06103515625,-0.18310546875
3.5424999,0.7056909799575806,-0.5201402902603149,9.797672271728516,-0.06103515625,0.030517578125,-0.335693359375
3.5474999,0.7038952708244324,-0.5159504413604736,9.786897659301758,-0.030517578125,0,-0.30517578125
3.5524999000000004,0.7038952708244324,-0.5129576921463013,9.78989028930664,0.1220703125,0.06103515625,-0.1220703125
3.5574999000000003,0.7086837291717529,-0.5129576921463013,9.79527759552002,0.1220703125,0.091552734375,-0.18310546875
3.5624999,0.7104793787002563,-0.5129576921463013,9.787496566772461,0.030517578125,0,-0.30517578125
3.5674999,0.7182605266571045,-0.5135562419891357,9.797073364257812,-0.091552734375,-0.030517578125,-0.274658203125
3.5724999000000004,0.7218518257141113,-0.5129576921463013,9.790489196777344,0.091552734375,0.030517578125,-0.42724609375
3.5774999000000003,0.7236474752426147,-0.5141547918319702,9.790489196777344,0.1220703125,-0.1220703125,-0.274658203125
3.5824999,0.7260416746139526,-0.5159504413604736,9.79408073425293,0.091552734375,0.030517578125,-0.244140625
3.5874999,0.7218518257141113,-0.5135562419891357,9.791686058044434,-0.091552734375,0,-0.274658203125
3.5924999,0.7218518257141113,-0.5039794445037842,9.789292335510254,0.030517578125,-0.18310546875,-0.091552734375
3.5974999000000003,0.7308300733566284,-0.49320554733276367,9.801262855529785,-0.1220703125,-0.1220703125,-0.213623046875
3.6024999,0.729034423828125,-0.5045779943466187,9.791686058044434,0,0.030517578125,-0.244140625
3.6074999,0.7308300733566284,-0.5261258482933044,9.78869342803955,0.06103515625,0.3662109375,-0.30517578125
3.6124999,0.7212532758712769,-0.5386953949928284,9.776124000549316,0.274658203125,0.3662109375,-0.396728515625
3.6174999000000003,0.7092822790145874,-0.5363011956214905,9.766547203063965,0.213623046875,0.48828125,-0.335693359375
3.6224999,0.6955155730247498,-0.517746090888977,9.774927139282227,0,0.640869140625,-0.213623046875
3.6274999,0.6787561774253845,-0.5027823448181152,9.783307075500488,-0.152587890625,0.335693359375,-0.274658203125
3.6324999,0.657806932926178,-0.49978959560394287,9.780313491821289,-0.18310546875,-0.06103515625,-0.274658203125
3.6374999000000003,0.6482301354408264,-0.5123591423034668,9.790489196777344,0.030517578125,-0.18310546875,-0.244140625
3.6424999000000002,0.6512228846549988,-0.5273229479789734,9.79408073425293,0.18310546875,-0.518798828125,-0.213623046875
3.6474999,0.6661866307258606,-0.5309142470359802,9.788095474243164,0.091552734375,-0.54931640625,-0.335693359375
3.6524999,0.6925228238105774,-0.5249287486076355,9.794678688049316,-0.06103515625,-0.244140625,-0.1220703125
3.6574999000000004,0.7410054206848145,-0.5117605924606323,9.781511306762695,-0.091552734375,0.1220703125,-0.274658203125
3.6624999000000003,0.7565677165985107,-0.5171475410461426,9.783905029296875,0.06103515625,0.335693359375,-0.30517578125
3.6674999,0.7595604658126831,-0.5195417404174805,9.782109260559082,0.091552734375,0.335693359375,-0.18310546875
3.6724999,0.7535749673843384,-0.517746090888977,9.789292335510254,0.1220703125,0.213623046875,-0.1220703125
3.6774999000000004,0.7416039705276489,-0.5123591423034668,9.798869132995605,-0.030517578125,0.335693359375,-0.274658203125
3.6824999000000003,0.7230489253997803,-0.5051765441894531,9.806650161743164,-0.152587890625,0.152587890625,-0.3662109375
3.6874999,0.7068880796432495,-0.5039794445037842,9.80904483795166,0,-0.091552734375,-0.18310546875
3.6924999,0.6925228238105774,-0.5039794445037842,9.803657531738281,0.18310546875,-0.1220703125,-0.213623046875
3.6974999000000004,0.6883329749107361,-0.5051765441894531,9.804854393005371,0.091552734375,0.18310546875,-0.152587890625
3.7024999000000003,0.6889315247535706,-0.5081692934036255,9.79647445678711,0,0.213623046875,-0.30517578125
3.7074999,0.6913257241249084,-0.5129576921463013,9.791088104248047,-0.06103515625,0.06103515625,-0.152587890625
3.7124999,0.6991068720817566,-0.5225345492362976,9.797073364257812,0,0,-0.18310546875
3.7174999,0.7092822790145874,-0.5303156971931458,9.78989028930664,0.091552734375,-0.213623046875,-0.30517578125
3.7224999000000003,0.7110779285430908,-0.5207388401031494,9.780912399291992,-0.091552734375,-0.274658203125,-0.274658203125
3.7274999,0.718859076499939,-0.5147533416748047,9.79288387298584,-0.091552734375,-0.152587890625,-0.30517578125
3.7324999,0.7260416746139526,-0.5141547918319702,9.790489196777344,-0.091552734375,-0.091552734375,-0.30517578125
3.7374999,0.7272387742996216,-0.5165489912033081,9.78869342803955,0.1220703125,0.06103515625,-0.213623046875
3.7424999000000003,0.7326257228851318,-0.5231330990791321,9.79288387298584,0.244140625,0.396728515625,-0.244140625
3.7474999,0.727837324142456,-0.5249287486076355,9.781511306762695,0.030517578125,0.396728515625,-0.274658203125
3.7524999,0.7200561761856079,-0.5273229479789734,9.780912399291992,0.06103515625,0.274658203125,-0.18310546875
3.7574999,0.7104793787002563,-0.5279214978218079,9.77791976928711,-0.1220703125,0.335693359375,-0.213623046875
3.7624999000000003,0.6865373253822327,-0.5309142470359802,9.788095474243164,0.1220703125,0.030517578125,-0.152587890625
3.7674999000000002,0.689530074596405,-0.5183446407318115,9.797672271728516,-0.06103515625,-0.18310546875,-0.152587890625
3.7724999,0.6997054219245911,-0.5165489912033081,9.791686058044434,-0.06103515625,-0.30517578125,-0.152587890625
3.7774999,0.71766197681427,-0.5159504413604736,9.794678688049316,0.06103515625,0.030517578125,-0.274658203125
3.7824999000000004,0.7260416746139526,-0.5195417404174805,9.780912399291992,0.1220703125,0,-0.274658203125
3.7874999000000003,0.7350199222564697,-0.517746090888977,9.783905029296875,0.091552734375,0.06103515625,-0.274658203125
3.7924999,0.74040687084198,-0.517746090888977,9.789292335510254,0.18310546875,0.30517578125,-0.213623046875
3.7974999,0.7374141216278076,-0.5147533416748047,9.784503936767578,-0.030517578125,0.152587890625,-0.3662109375
3.8024999000000004,0.7332242727279663,-0.5147533416748047,9.803657531738281,0.06103515625,0.335693359375,-0.091552734375
3.8074999000000003,0.7248445749282837,-0.5195417404174805,9.801262855529785,0.06103515625,0.213623046875,-0.244140625
3.8124999,0.7116764783859253,-0.5183446407318115,9.803058624267578,0.091552734375,0.152587890625,-0.244140625
3.8174999,0.706289529800415,-0.5201402902603149,9.81143856048584,0.030517578125,0.30517578125,-0.274658203125
3.8224999000000004,0.6889315247535706,-0.5207388401031494,9.793481826782227,0.091552734375,-0.1220703125,-0.152587890625
3.8274999000000003,0.6931213736534119,-0.524330198764801,9.799467086791992,0.18310546875,-0.152587890625,-0.152587890625
3.8324999,0.6943184733390808,-0.5273229479789734,9.791686058044434,0.030517578125,-0.274658203125,-0.274658203125
3.8374999,0.7015010714530945,-0.524330198764801,9.79527759552002,-0.1220703125,-0.213623046875,-0.335693359375
3.8424999,0.7110779285430908,-0.52552729845047,9.792284965515137,-0.152587890625,-0.152587890625,-0.335693359375
3.8474999000000003,0.7206547260284424,-0.5237316489219666,9.784503936767578,-0.030517578125,-0.152587890625,-0.244140625
3.8524999,0.7326257228851318,-0.524330198764801,9.78869342803955,0.030517578125,0.06103515625,-0.213623046875
3.8574999,0.74040687084198,-0.524330198764801,9.788095474243164,0.030517578125,0.152587890625,-0.274658203125
3.8624999,0.7428010702133179,-0.518943190574646,9.790489196777344,-0.06103515625,0.335693359375,-0.3662109375
3.8674999000000003,0.74040687084198,-0.5171475410461426,9.798270225524902,-0.091552734375,0.42724609375,-0.42724609375
3.8724999,0.7140706777572632,-0.5111620426177979,9.792284965515137,0.213623046875,0.06103515625,-0.244140625
3.8774999,0.6985083222389221,-0.5129576921463013,9.791686058044434,0.152587890625,0,-0.18310546875
3.8824999,0.6865373253822327,-0.5093663930892944,9.785101890563965,0.1220703125,-0.030517578125,-0.18310546875
3.8874999000000003,0.6847416758537292,-0.5093663930892944,9.798270225524902,0,0,-0.274658203125
3.8924999000000002,0.6817489266395569,-0.5105634927749634,9.794678688049316,-0.06103515625,-0.1220703125,-0.18310546875
3.8974999,0.6853402256965637,-0.5147533416748047,9.798869132995605,-0.030517578125,-0.06103515625,-0.152587890625
3.9024999,0.6931213736534119,-0.5201402902603149,9.804854393005371,0,-0.030517578125,-0.244140625
3.9074999000000004,0.6985083222389221,-0.5267243981361389,9.795876502990723,0,-0.18310546875,-0.18310546875
3.9124999000000003,0.7110779285430908,-0.5291185975074768,9.798869132995605,0.030517578125,-0.030517578125,-0.18310546875
3.9174999,0.7182605266571045,-0.5285200476646423,9.798270225524902,0.091552734375,0,-0.3662109375
3.9224999,0.7338228225708008,-0.5207388401031494,9.798270225524902,0.06103515625,0.18310546875,-0.152587890625
3.9274999000000004,0.730231523513794,-0.5213374495506287,9.794678688049316,0.091552734375,0.335693359375,-0.244140625
3.9324999000000003,0.7206547260284424,-0.518943190574646,9.785700798034668,-0.030517578125,0.30517578125,-0.335693359375
3.9374999,0.7134721279144287,-0.5165489912033081,9.785700798034668,0,0.18310546875,-0.244140625
3.9424999,0.706289529800415,-0.5153518915176392,9.783307075500488,0.06103515625,0.152587890625,-0.152587890625
3.9474999000000004,0.7015010714530945,-0.5123591423034668,9.783905029296875,-0.030517578125,0.030517578125,-0.244140625
3.9524999000000003,0.7003039717674255,-0.5117605924606323,9.787496566772461,-0.091552734375,0,-0.213623046875
3.9574999,0.6997054219245911,-0.5093663930892944,9.786897659301758,-0.091552734375,-0.091552734375,-0.152587890625
3.9624999,0.7032967209815979,-0.5093663930892944,9.78989028930664,-0.1220703125,-0.30517578125,-0.244140625
3.9674999000000004,0.7068880796432495,-0.5105634927749634,9.793481826782227,-0.06103515625,-0.152587890625,-0.3662109375
3.9724999000000003,0.7104793787002563,-0.5141547918319702,9.791686058044434,-0.1220703125,-0.06103515625,-0.244140625
3.9774999,0.7170634269714355,-0.518943190574646,9.795876502990723,0.030517578125,-0.18310546875,-0.1220703125
3.9824999,0.7308300733566284,-0.52552729845047,9.78869342803955,0,0.152587890625,-0.335693359375
3.9874999,0.7308300733566284,-0.52552729845047,9.78869342803955,0,0.152587890625,-0.335693359375
3.9924999000000003,0.7386112213134766,-0.52552729845047,9.792284965515137,0.06103515625,0.274658203125,-0.152587890625
3.9974999,0.7350199222564697,-0.5291185975074768,9.789292335510254,0.06103515625,0.244140625,-0.1220703125
4.0024999,0.7128735780715942,-0.5285200476646423,9.79647445678711,0.091552734375,0.213623046875,-0.244140625
4.0074999,0.7128735780715942,-0.5285200476646423,9.79647445678711,0.091552734375,0.213623046875,-0.244140625
4.0124999,0.6961141228675842,-0.5249287486076355,9.794678688049316,0.091552734375,0.06103515625,-0.213623046875
4.0174999,0.6883329749107361,-0.5207388401031494,9.801262855529785,-0.030517578125,0.091552734375,-0.18310546875
4.022499900000001,0.6823474764823914,-0.5129576921463013,9.801861763000488,0,0,-0.244140625
4.0274999000000005,0.6841431260108948,-0.5117605924606323,9.800664901733398,-0.030517578125,-0.244140625,-0.18310546875
4.0324999,0.6925228238105774,-0.5117605924606323,9.802460670471191,0.030517578125,-0.091552734375,-0.152587890625
4.0374999,0.7182605266571045,-0.5267243981361389,9.791088104248047,-0.1220703125,-0.091552734375,-0.18310546875
4.0424999,0.7182605266571045,-0.5267243981361389,9.791088104248047,-0.1220703125,-0.091552734375,-0.18310546875
4.0474999,0.7230489253997803,-0.5297171473503113,9.785101890563965,-0.06103515625,-0.06103515625,-0.1220703125
4.0524999,0.7284358739852905,-0.5261258482933044,9.788095474243164,0.091552734375,0.030517578125,-0.152587890625
4.0574999,0.7308300733566284,-0.524330198764801,9.786897659301758,0.091552734375,0.213623046875,-0.244140625
4.062499900000001,0.7308300733566284,-0.5147533416748047,9.780313491821289,0.030517578125,0.1220703125,-0.30517578125
4.0674999000000005,0.727837324142456,-0.5081692934036255,9.786897659301758,-0.06103515625,0.213623046875,-0.18310546875
4.0724999,0.7224503755569458,-0.5021837949752808,9.785101890563965,0.06103515625,0.274658203125,-0.244140625
4.0774999,0.7134721279144287,-0.5021837949752808,9.78989028930664,0.152587890625,0.274658203125,-0.1220703125
4.0824999,0.7068880796432495,-0.5213374495506287,9.780313491821289,-0.030517578125,-0.244140625,-0.213623046875
4.0874999,0.7170634269714355,-0.5225345492362976,9.779715538024902,0,-0.213623046875,-0.1220703125
4.0924999,0.7332242727279663,-0.52552729845047,9.785101890563965,0,-0.06103515625,-0.18310546875
4.0974999,0.7380126714706421,-0.5273229479789734,9.784503936767578,-0.06103515625,0.030517578125,-0.274658203125
4.1024999,0.7439981698989868,-0.5285200476646423,9.790489196777344,0,0.18310546875,-0.1220703125
4.1074999000000005,0.7428010702133179,-0.5267243981361389,9.79288387298584,0.091552734375,0.274658203125,-0.213623046875
4.1124999,0.7320271730422974,-0.5261258482933044,9.791088104248047,0.1220703125,0.244140625,-0.213623046875
4.1174999,0.7242460250854492,-0.5207388401031494,9.799467086791992,0.030517578125,0.42724609375,-0.152587890625
4.1224999,0.7116764783859253,-0.5213374495506287,9.791686058044434,0,0.335693359375,-0.244140625
4.1274999,0.6979097723960876,-0.517746090888977,9.793481826782227,-0.030517578125,0.06103515625,-0.244140625
4.1324999,0.6817489266395569,-0.5225345492362976,9.78989028930664,0.030517578125,0,-0.244140625
4.1374999,0.6805518269538879,-0.524330198764801,9.79288387298584,0.091552734375,-0.06103515625,-0.1220703125
4.1424999,0.6847416758537292,-0.5225345492362976,9.798270225524902,-0.06103515625,-0.213623046875,-0.18310546875
4.147499900000001,0.6919242739677429,-0.5207388401031494,9.79527759552002,-0.213623046875,-0.18310546875,-0.213623046875
4.1524999000000005,0.706289529800415,-0.518943190574646,9.800065994262695,-0.213623046875,-0.030517578125,-0.213623046875
4.1574999,0.7164648771286011,-0.5201402902603149,9.795876502990723,-0.091552734375,0.030517578125,-0.335693359375
4.1624999,0.7344213724136353,-0.5213374495506287,9.78989028930664,-0.06103515625,0,-0.1220703125
4.1674999,0.7374141216278076,-0.5165489912033081,9.783905029296875,0.091552734375,0.091552734375,-0.18310546875
4.1724999,0.7374141216278076,-0.5147533416748047,9.788095474243164,-0.030517578125,0.244140625,-0.213623046875
4.1774999,0.7320271730422974,-0.5111620426177979,9.79408073425293,0.091552734375,0.30517578125,-0.213623046875
4.1824999,0.718859076499939,-0.507570743560791,9.794678688049316,0.091552734375,0.213623046875,-0.213623046875
4.187499900000001,0.6937199234962463,-0.5063736438751221,9.800664901733398,0,0.18310546875,-0.335693359375
4.1924999000000005,0.6859387755393982,-0.507570743560791,9.79647445678711,0.1220703125,-0.030517578125,-0.18310546875
4.1974999,0.6835445761680603,-0.5099649429321289,9.79527759552002,0.1220703125,-0.06103515625,-0.18310546875
4.2024999,0.6847416758537292,-0.5129576921463013,9.786897659301758,0,-0.1220703125,-0.30517578125
4.2074999,0.6889315247535706,-0.5153518915176392,9.785101890563965,0.06103515625,-0.30517578125,-0.18310546875
4.2124999,0.6973112225532532,-0.5171475410461426,9.784503936767578,-0.030517578125,-0.213623046875,-0.335693359375
4.2174999,0.7050924301147461,-0.5183446407318115,9.781511306762695,-0.18310546875,-0.091552734375,-0.274658203125
4.2224999,0.7194576263427734,-0.5171475410461426,9.792284965515137,-0.030517578125,-0.091552734375,-0.1220703125
4.2274999,0.729034423828125,-0.5153518915176392,9.791686058044434,0.06103515625,-0.091552734375,-0.244140625
4.2324999000000005,0.7362170219421387,-0.5135562419891357,9.794678688049316,0.06103515625,0.213623046875,-0.335693359375
4.2374999,0.7374141216278076,-0.5129576921463013,9.799467086791992,0.06103515625,0.42724609375,-0.30517578125
4.2424999,0.7296329736709595,-0.5135562419891357,9.789292335510254,-0.152587890625,0.152587890625,-0.3662109375
4.2474999,0.7038952708244324,-0.5195417404174805,9.791686058044434,0.030517578125,0.244140625,-0.18310546875
4.2524999,0.6913257241249084,-0.5219359993934631,9.786299705505371,0.152587890625,0.030517578125,-0.18310546875
4.2574999,0.6859387755393982,-0.5225345492362976,9.79288387298584,0.152587890625,0.091552734375,-0.091552734375
4.2624999,0.6835445761680603,-0.5225345492362976,9.791088104248047,0.030517578125,-0.06103515625,-0.152587890625
4.2674999,0.6829460263252258,-0.5219359993934631,9.787496566772461,-0.091552734375,-0.213623046875,-0.213623046875
4.272499900000001,0.6913257241249084,-0.5225345492362976,9.791088104248047,0,-0.274658203125,-0.18310546875
4.2774999000000005,0.6991068720817566,-0.5207388401031494,9.788095474243164,-0.030517578125,-0.18310546875,-0.274658203125
4.2824999,0.7134721279144287,-0.518943190574646,9.794678688049316,-0.091552734375,-0.18310546875,-0.18310546875
4.2874999,0.727837324142456,-0.5159504413604736,9.800664901733398,0.091552734375,-0.18310546875,-0.18310546875
4.2924999,0.7374141216278076,-0.5129576921463013,9.800065994262695,0.06103515625,-0.030517578125,-0.213623046875
4.2974999,0.7428010702133179,-0.5135562419891357,9.803657531738281,0.091552734375,0.152587890625,-0.244140625
4.3024999,0.74040687084198,-0.5171475410461426,9.795876502990723,-0.030517578125,0.152587890625,-0.335693359375
4.3074999,0.7266402244567871,-0.5261258482933044,9.791686058044434,0.091552734375,0.274658203125,-0.1220703125
4.312499900000001,0.7134721279144287,-0.5249287486076355,9.785101890563965,0.091552734375,0.274658203125,-0.30517578125
4.3174999000000005,0.7026981711387634,-0.5237316489219666,9.789292335510254,0,0.18310546875,-0.3662109375
4.3224999,0.6925228238105774,-0.518943190574646,9.79527759552002,-0.091552734375,0.244140625,-0.335693359375
4.3274999,0.6835445761680603,-0.5153518915176392,9.793481826782227,-0.18310546875,-0.06103515625,-0.244140625
4.3324999,0.6823474764823914,-0.5129576921463013,9.800664901733398,0.06103515625,-0.1220703125,-0.06103515625
4.3374999,0.6859387755393982,-0.5129576921463013,9.798869132995605,0.1220703125,-0.1220703125,-0.213623046875
4.3424999,0.690727174282074,-0.5123591423034668,9.79527759552002,-0.091552734375,-0.030517578125,-0.30517578125
4.3474999,0.7038952708244324,-0.5153518915176392,9.797073364257812,0,-0.396728515625,-0.213623046875
4.352499900000001,0.7134721279144287,-0.5165489912033081,9.785700798034668,0.06103515625,-0.335693359375,-0.3662109375
4.3574999000000005,0.7248445749282837,-0.5183446407318115,9.786897659301758,0,-0.213623046875,-0.274658203125
4.3624999,0.7356184720993042,-0.517746090888977,9.785700798034668,0.06103515625,-0.1220703125,-0.274658203125
4.3674999,0.7439981698989868,-0.5141547918319702,9.787496566772461,0.1220703125,0.244140625,-0.244140625
4.3724999,0.7386112213134766,-0.5153518915176392,9.789292335510254,0.091552734375,0.335693359375,-0.213623046875
4.3774999,0.729034423828125,-0.5141547918319702,9.788095474243164,0.06103515625,0.18310546875,-0.091552734375
4.3824999,0.71766197681427,-0.5171475410461426,9.798270225524902,-0.06103515625,0.18310546875,-0.1220703125
4.3874999,0.7038952708244324,-0.5201402902603149,9.79527759552002,0.030517578125,0.152587890625,-0.18310546875
4.3924999,0.6949170231819153,-0.5219359993934631,9.793481826782227,0.06103515625,0.18310546875,-0.30517578125
4.397499900000001,0.689530074596405,-0.5237316489219666,9.797073364257812,0.06103515625,0.18310546875,-0.30517578125
4.4024999000000005,0.707486629486084,-0.517746090888977,9.78869342803955,-0.030517578125,-0.244140625,-0.213623046875
4.4074999,0.7224503755569458,-0.5207388401031494,9.792284965515137,-0.06103515625,0.030517578125,-0.274658203125
4.4124999,0.7332242727279663,-0.5225345492362976,9.783307075500488,-0.091552734375,0.1220703125,-0.335693359375
4.4174999,0.7284358739852905,-0.5231330990791321,9.786299705505371,0.091552734375,0.30517578125,-0.213623046875
4.4224999,0.71766197681427,-0.5225345492362976,9.783905029296875,0.091552734375,0.18310546875,-0.274658203125
4.4274999,0.7104793787002563,-0.5225345492362976,9.793481826782227,0.091552734375,0.274658203125,-0.30517578125
4.4324999,0.702099621295929,-0.5219359993934631,9.792284965515137,0.06103515625,0.3662109375,-0.42724609375
4.437499900000001,0.6967126727104187,-0.517746090888977,9.786897659301758,0.06103515625,0.18310546875,-0.244140625
4.4424999000000005,0.6949170231819153,-0.5165489912033081,9.789292335510254,0.1220703125,0.030517578125,-0.030517578125
4.4474999,0.6949170231819153,-0.5135562419891357,9.783905029296875,0.06103515625,0.091552734375,-0.213623046875
4.4524999,0.6997054219245911,-0.5123591423034668,9.788095474243164,0.030517578125,0,-0.1220703125
4.4574999,0.706289529800415,-0.5153518915176392,9.791686058044434,0.06103515625,0.030517578125,-0.152587890625
4.4624999,0.7110779285430908,-0.5171475410461426,9.78869342803955,-0.030517578125,-0.152587890625,-0.213623046875
4.4674999,0.7242460250854492,-0.518943190574646,9.797073364257812,-0.1220703125,0.06103515625,-0.213623046875
4.4724999,0.7260416746139526,-0.518943190574646,9.791088104248047,-0.06103515625,0.091552734375,-0.30517578125
4.477499900000001,0.7272387742996216,-0.5195417404174805,9.79288387298584,-0.030517578125,0.244140625,-0.30517578125
4.4824999000000005,0.7248445749282837,-0.5213374495506287,9.797672271728516,0.030517578125,0.244140625,-0.1220703125
4.4874999,0.7170634269714355,-0.5231330990791321,9.78869342803955,0.18310546875,0.1220703125,-0.18310546875
4.4924999,0.7092822790145874,-0.5231330990791321,9.793481826782227,0.06103515625,0.06103515625,-0.274658203125
4.4974999,0.7026981711387634,-0.5249287486076355,9.791686058044434,-0.06103515625,0.1220703125,-0.335693359375
4.5024999,0.6973112225532532,-0.5231330990791321,9.786299705505371,-0.030517578125,0.1220703125,-0.274658203125
4.5074999,0.6943184733390808,-0.5213374495506287,9.791686058044434,0,0.1220703125,-0.1220703125
4.5124999,0.6931213736534119,-0.5201402902603149,9.791686058044434,0,0.030517578125,-0.244140625
4.5174999,0.7164648771286011,-0.5213374495506287,9.801861763000488,0,-0.1220703125,-0.213623046875
4.522499900000001,0.71766197681427,-0.5249287486076355,9.798270225524902,-0.030517578125,0,-0.244140625
4.5274999000000005,0.7182605266571045,-0.52552729845047,9.791686058044434,-0.091552734375,0.030517578125,-0.152587890625
4.5324999,0.718859076499939,-0.5273229479789734,9.797073364257812,-0.030517578125,0.152587890625,-0.091552734375
4.5374999,0.71766197681427,-0.5297171473503113,9.787496566772461,0,0.06103515625,-0.30517578125
4.5424999,0.7146692276000977,-0.5237316489219666,9.787496566772461,0.06103515625,0,-0.18310546875
4.5474999,0.7128735780715942,-0.5207388401031494,9.78989028930664,0.06103515625,0.18310546875,-0.30517578125
4.5524999,0.706289529800415,-0.5147533416748047,9.781511306762695,0,0.1220703125,-0.30517578125
4.5574999,0.7044938206672668,-0.50876784324646,9.782109260559082,0,0.091552734375,-0.274658203125
4.562499900000001,0.7182605266571045,-0.5135562419891357,9.807249069213867,-0.030517578125,0.244140625,-0.152587890625
4.5674999000000005,0.7140706777572632,-0.5147533416748047,9.800065994262695,-0.091552734375,0.091552734375,-0.213623046875
4.5724999,0.7122750282287598,-0.5147533416748047,9.791686058044434,-0.030517578125,-0.030517578125,-0.152587890625
4.5774999,0.7128735780715942,-0.5195417404174805,9.79408073425293,0.030517578125,0.18310546875,-0.244140625
4.5824999,0.7068880796432495,-0.5231330990791321,9.789292335510254,0,0.18310546875,-0.274658203125
4.5874999,0.7068880796432495,-0.5231330990791321,9.789292335510254,0,0.18310546875,-0.274658203125
4.5924999,0.7080851793289185,-0.5195417404174805,9.786897659301758,0,-0.06103515625,-0.213623046875
4.5974999,0.7158663272857666,-0.518943190574646,9.78989028930664,0,0,-0.244140625
4.602499900000001,0.7218518257141113,-0.5171475410461426,9.792284965515137,-0.030517578125,0.06103515625,-0.274658203125
4.6074999000000005,0.7242460250854492,-0.5147533416748047,9.79527759552002,0,0,-0.244140625
4.6124999,0.7254431247711182,-0.5159504413604736,9.798270225524902,0,-0.06103515625,-0.152587890625
4.6174999,0.7224503755569458,-0.5165489912033081,9.79408073425293,-0.030517578125,0.06103515625,-0.30517578125
4.6224999,0.718859076499939,-0.5195417404174805,9.794678688049316,-0.1220703125,0.18310546875,-0.18310546875
4.6274999,0.7140706777572632,-0.52552729845047,9.791088104248047,0.030517578125,0.244140625,-0.091552734375
4.6324999,0.7050924301147461,-0.5303156971931458,9.781511306762695,0.213623046875,0,-0.213623046875
4.6374999,0.6997054219245911,-0.5291185975074768,9.77791976928711,0.1220703125,0.06103515625,-0.244140625
4.6424999,0.7003039717674255,-0.5219359993934631,9.774927139282227,-0.06103515625,0,-0.213623046875
4.647499900000001,0.7080851793289185,-0.518943190574646,9.785101890563965,-0.06103515625,0.06103515625,-0.152587890625
4.6524999000000005,0.7116764783859253,-0.517746090888977,9.782708168029785,0.030517578125,0.030517578125,-0.152587890625
4.6574999,0.71766197681427,-0.5165489912033081,9.786299705505371,0.030517578125,0.06103515625,-0.335693359375
4.6624999,0.7254431247711182,-0.5171475410461426,9.792284965515137,0,-0.1220703125,-0.335693359375
4.6674999,0.7296329736709595,-0.5141547918319702,9.788095474243164,-0.06103515625,-0.091552734375,-0.213623046875
4.6724999,0.7332242727279663,-0.5117605924606323,9.793481826782227,0.091552734375,0.06103515625,-0.152587890625
4.6774999,0.7338228225708008,-0.5099649429321289,9.79408073425293,0,0.1220703125,-0.30517578125
4.6824999,0.729034423828125,-0.5111620426177979,9.794678688049316,-0.06103515625,0.091552734375,-0.335693359375
4.687499900000001,0.7224503755569458,-0.5093663930892944,9.803657531738281,0,0.152587890625,-0.18310546875
4.6924999000000005,0.7128735780715942,-0.5111620426177979,9.799467086791992,0,0.1220703125,-0.244140625
4.6974999,0.6991068720817566,-0.5159504413604736,9.801262855529785,0.030517578125,0.244140625,-0.18310546875
4.7024999,0.6955155730247498,-0.5195417404174805,9.78869342803955,-0.030517578125,0.152587890625,-0.457763671875
4.7074999,0.7003039717674255,-0.5213374495506287,9.789292335510254,0.1220703125,-0.030517578125,-0.274658203125
4.7124999,0.7044938206672668,-0.5213374495506287,9.782708168029785,0,-0.030517578125,-0.213623046875
4.7174999,0.7086837291717529,-0.5183446407318115,9.774927139282227,-0.030517578125,-0.18310546875,-0.274658203125
4.7224999,0.7116764783859253,-0.5159504413604736,9.779715538024902,0.06103515625,-0.030517578125,-0.091552734375
4.727499900000001,0.7128735780715942,-0.5153518915176392,9.776124000549316,0.030517578125,-0.06103515625,-0.274658203125
4.7324999000000005,0.7110779285430908,-0.5159504413604736,9.776124000549316,0.091552734375,-0.152587890625,-0.244140625
4.7374999,0.7140706777572632,-0.518943190574646,9.780313491821289,0.06103515625,0.030517578125,-0.1220703125
4.7424999,0.7134721279144287,-0.5225345492362976,9.780313491821289,0.1220703125,-0.06103515625,-0.30517578125
4.7474999,0.7164648771286011,-0.5237316489219666,9.789292335510254,0.06103515625,0.030517578125,-0.213623046875
4.7524999,0.7128735780715942,-0.5261258482933044,9.79408073425293,0,0.1220703125,-0.30517578125
4.7574999,0.6985083222389221,-0.5201402902603149,9.801861763000488,0,0.06103515625,-0.3662109375
4.7624999,0.7026981711387634,-0.5153518915176392,9.806051254272461,0.091552734375,0.06103515625,-0.274658203125
4.7674999,0.7026981711387634,-0.5123591423034668,9.800065994262695,0.1220703125,-0.030517578125,-0.396728515625
4.772499900000001,0.7122750282287598,-0.5111620426177979,9.803058624267578,-0.06103515625,0.06103515625,-0.091552734375
4.7774999000000005,0.7200561761856079,-0.5147533416748047,9.798869132995605,-0.030517578125,-0.06103515625,-0.213623046875
4.7824999,0.7254431247711182,-0.5147533416748047,9.789292335510254,0.06103515625,-0.18310546875,-0.18310546875
4.7874999,0.7296329736709595,-0.517746090888977,9.79408073425293,0.091552734375,0.1220703125,-0.18310546875
4.7924999,0.727837324142456,-0.5165489912033081,9.788095474243164,-0.06103515625,0.1220703125,-0.3662109375
4.7974999,0.7248445749282837,-0.5147533416748047,9.787496566772461,-0.152587890625,0.06103515625,-0.3662109375
4.8024999,0.6997054219245911,-0.5147533416748047,9.783905029296875,0.18310546875,-0.030517578125,-0.274658203125
4.8074999,0.7026981711387634,-0.5195417404174805,9.780912399291992,0.091552734375,-0.030517578125,-0.3662109375
4.812499900000001,0.7110779285430908,-0.5225345492362976,9.783905029296875,0,0.091552734375,-0.091552734375
4.8174999000000005,0.7206547260284424,-0.5273229479789734,9.784503936767578,-0.030517578125,-0.06103515625,-0.18310546875
4.8224999,0.7230489253997803,-0.5261258482933044,9.780313491821289,0.152587890625,0.030517578125,-0.213623046875
4.8274999,0.7254431247711182,-0.5225345492362976,9.77672290802002,0.06103515625,0.152587890625,-0.213623046875
4.8324999,0.7206547260284424,-0.517746090888977,9.7791166305542,0.06103515625,0.06103515625,-0.335693359375
4.8374999,0.71766197681427,-0.5135562419891357,9.782109260559082,0.091552734375,0.091552734375,-0.335693359375
4.8424999,0.7098808288574219,-0.5117605924606323,9.783307075500488,0.06103515625,0.1220703125,-0.457763671875
4.8474999,0.7038952708244324,-0.5111620426177979,9.790489196777344,-0.030517578125,0.091552734375,-0.244140625
4.852499900000001,0.6961141228675842,-0.5117605924606323,9.791088104248047,0.030517578125,-0.06103515625,-0.244140625
4.8574999000000005,0.6913257241249084,-0.5141547918319702,9.789292335510254,0.030517578125,0.091552734375,-0.18310546875
4.8624999,0.689530074596405,-0.5153518915176392,9.792284965515137,0,-0.030517578125,-0.18310546875
4.8674999,0.6889315247535706,-0.5153518915176392,9.783307075500488,-0.152587890625,-0.1220703125,-0.335693359375
4.8724999,0.6919242739677429,-0.5153518915176392,9.77791976928711,-0.06103515625,-0.18310546875,-0.244140625
4.8774999,0.6991068720817566,-0.5171475410461426,9.784503936767578,0.030517578125,0.1220703125,-0.30517578125
4.8824999,0.7068880796432495,-0.517746090888977,9.776124000549316,0.030517578125,0.06103515625,-0.30517578125
4.8874999,0.7224503755569458,-0.5159504413604736,9.785101890563965,0,0.1220703125,-0.152587890625
4.8924999,0.7242460250854492,-0.5135562419891357,9.776124000549316,0.030517578125,0.18310546875,-0.244140625
4.897499900000001,0.7242460250854492,-0.5153518915176392,9.77791976928711,0.06103515625,0.152587890625,-0.274658203125
4.9024999000000005,0.7218518257141113,-0.5183446407318115,9.774927139282227,0.06103515625,0.1220703125,-0.335693359375
4.9074999,0.7152677774429321,-0.5195417404174805,9.770736694335938,-0.06103515625,0.244140625,-0.213623046875
4.9124999,0.7110779285430908,-0.5237316489219666,9.77791976928711,0.06103515625,0,-0.1220703125
4.9174999,0.7038952708244324,-0.5231330990791321,9.7791166305542,-0.030517578125,0.06103515625,-0.42724609375
4.9224999,0.7003039717674255,-0.52552729845047,9.787496566772461,0.06103515625,0.091552734375,-0.18310546875
4.9274999,0.6997054219245911,-0.5249287486076355,9.79408073425293,0.091552734375,-0.06103515625,-0.274658203125
4.9324999,0.6985083222389221,-0.5225345492362976,9.791686058044434,0,-0.1220703125,-0.274658203125
4.937499900000001,0.7044938206672668,-0.5183446407318115,9.797073364257812,0.030517578125,0.030517578125,-0.244140625
4.9424999000000005,0.7098808288574219,-0.5129576921463013,9.78869342803955,-0.06103515625,-0.030517578125,-0.3662109375
4.9474999,0.718859076499939,-0.5033808946609497,9.783307075500488,-0.030517578125,-0.06103515625,-0.18310546875
4.9524999,0.718859076499939,-0.5033808946609497,9.777320861816406,-0.091552734375,0,-0.152587890625
4.9574999,0.7182605266571045,-0.5069721937179565,9.780313491821289,0,0.06103515625,-0.152587890625
4.9624999,0.7194576263427734,-0.5111620426177979,9.787496566772461,-0.030517578125,0.091552734375,-0.3662109375
4.9674999,0.7164648771286011,-0.5165489912033081,9.785101890563965,-0.030517578125,0.18310546875,-0.30517578125
4.9724999,0.7158663272857666,-0.518943190574646,9.793481826782227,-0.030517578125,0.213623046875,-0.274658203125
4.977499900000001,0.7122750282287598,-0.5225345492362976,9.799467086791992,0,0.091552734375,-0.3662109375
4.9824999000000005,0.7068880796432495,-0.52552729845047,9.800664901733398,0.1220703125,0,-0.274658203125
4.9874999,0.7032967209815979,-0.5291185975074768,9.808445930480957,0.091552734375,0.091552734375,-0.213623046875
4.9924999,0.6979097723960876,-0.5321113467216492,9.799467086791992,0.091552734375,0.06103515625,-0.152587890625
4.9974999,0.6979097723960876,-0.5327098965644836,9.79647445678711,0.030517578125,0,-0.274658203125
5.0024999,0.7003039717674255,-0.5309142470359802,9.79288387298584,-0.06103515625,-0.06103515625,-0.18310546875
5.0074999,0.7080851793289185,-0.5201402902603149,9.79288387298584,-0.1220703125,0.030517578125,-0.1220703125
5.0124999,0.7086837291717529,-0.517746090888977,9.793481826782227,-0.1220703125,0.06103515625,-0.18310546875
5.0174999,0.7098808288574219,-0.5147533416748047,9.791686058044434,0.06103515625,0,-0.274658203125
5.022499900000001,0.7140706777572632,-0.5147533416748047,9.800664901733398,-0.06103515625,0.091552734375,-0.274658203125
5.0274999000000005,0.7140706777572632,-0.5147533416748047,9.792284965515137,0.030517578125,0.152587890625,-0.213623046875
5.0324999,0.7164648771286011,-0.5147533416748047,9.792284965515137,0.030517578125,0.213623046875,-0.18310546875
5.0374999,0.7182605266571045,-0.5171475410461426,9.798270225524902,0,0.30517578125,-0.152587890625
5.0424999,0.7164648771286011,-0.5171475410461426,9.790489196777344,0.06103515625,0.1220703125,-0.335693359375
5.0474999,0.7128735780715942,-0.518943190574646,9.791088104248047,0.152587890625,0.06103515625,-0.18310546875
5.0524999,0.7128735780715942,-0.517746090888977,9.789292335510254,0,0.1220703125,-0.30517578125
5.0574999,0.7080851793289185,-0.5159504413604736,9.782708168029785,0.06103515625,0.091552734375,-0.30517578125
5.062499900000001,0.7110779285430908,-0.5171475410461426,9.787496566772461,0.030517578125,0.152587890625,-0.213623046875
5.0674999000000005,0.7056909799575806,-0.5213374495506287,9.785700798034668,0,-0.06103515625,-0.244140625
5.0724999,0.7032967209815979,-0.518943190574646,9.77791976928711,-0.06103515625,-0.030517578125,-0.18310546875
5.0774999,0.7110779285430908,-0.5165489912033081,9.795876502990723,0,-0.1220703125,-0.152587890625
5.0824999,0.7116764783859253,-0.5153518915176392,9.791088104248047,0.030517578125,0,-0.30517578125
5.0874999,0.7092822790145874,-0.5117605924606323,9.779715538024902,-0.06103515625,-0.18310546875,-0.244140625
5.0924999,0.71766197681427,-0.5123591423034668,9.804854393005371,0.06103515625,0.091552734375,-0.244140625
5.0974999,0.7170634269714355,-0.5135562419891357,9.786299705505371,0,0.091552734375,-0.3662109375
5.102499900000001,0.7212532758712769,-0.5165489912033081,9.791088104248047,-0.030517578125,0.06103515625,-0.152587890625
5.1074999000000005,0.727837324142456,-0.5225345492362976,9.804255485534668,0.091552734375,0.244140625,-0.06103515625
5.1124999,0.7218518257141113,-0.5237316489219666,9.785700798034668,0.06103515625,0.1220703125,-0.335693359375
5.1174999,0.7200561761856079,-0.5225345492362976,9.78989028930664,0.18310546875,0.06103515625,-0.213623046875
5.1224999,0.7015010714530945,-0.5135562419891357,9.783905029296875,0.1220703125,-0.18310546875,-0.18310546875
5.1274999,0.70090252161026,-0.5165489912033081,9.783905029296875,-0.030517578125,-0.091552734375,-0.30517578125
5.1324999,0.7003039717674255,-0.5207388401031494,9.780313491821289,0.091552734375,-0.06103515625,-0.18310546875
5.1374999,0.7026981711387634,-0.5237316489219666,9.77791976928711,-0.030517578125,-0.18310546875,-0.335693359375
5.1424999,0.7068880796432495,-0.5249287486076355,9.783307075500488,-0.030517578125,-0.030517578125,-0.274658203125
5.147499900000001,0.7146692276000977,-0.5249287486076355,9.782708168029785,-0.030517578125,0.030517578125,-0.213623046875
5.1524999000000005,0.7200561761856079,-0.5225345492362976,9.78989028930664,-0.030517578125,-0.18310546875,-0.244140625
5.1574999,0.727837324142456,-0.5183446407318115,9.800664901733398,0.1220703125,-0.030517578125,-0.18310546875
5.1624999,0.7248445749282837,-0.5159504413604736,9.791686058044434,0.030517578125,0.06103515625,-0.274658203125
5.1674999,0.7224503755569458,-0.5153518915176392,9.798270225524902,0.030517578125,0.06103515625,-0.244140625
5.1724999,0.6943184733390808,-0.50876784324646,9.798270225524902,-0.213623046875,0.1220703125,-0.3662109375
5.1774999,0.6931213736534119,-0.5123591423034668,9.79288387298584,0.091552734375,0.030517578125,-0.274658203125
5.1824999,0.6931213736534119,-0.5123591423034668,9.79288387298584,0.091552734375,0.030517578125,-0.274658203125
5.187499900000001,0.6991068720817566,-0.5147533416748047,9.797073364257812,0.06103515625,-0.1220703125,-0.213623046875
5.1924999000000005,0.702099621295929,-0.5135562419891357,9.78989028930664,-0.030517578125,0.030517578125,-0.213623046875
5.1974999,0.7092822790145874,-0.5135562419891357,9.790489196777344,0,-0.06103515625,-0.152587890625
5.2024999,0.7218518257141113,-0.524330198764801,9.790489196777344,0.152587890625,0.06103515625,-0.274658203125
5.2074999,0.7182605266571045,-0.52552729845047,9.790489196777344,-0.06103515625,0.244140625,-0.152587890625
5.2124999,0.7146692276000977,-0.5249287486076355,9.789292335510254,-0.091552734375,0.18310546875,-0.274658203125
5.2174999,0.7122750282287598,-0.5231330990791321,9.79288387298584,0.06103515625,0.1220703125,-0.213623046875
5.2224999,0.7098808288574219,-0.5225345492362976,9.792284965515137,0,0.091552734375,-0.18310546875
5.227499900000001,0.707486629486084,-0.5195417404174805,9.787496566772461,0,0.030517578125,-0.274658203125
5.2324999000000005,0.707486629486084,-0.5207388401031494,9.795876502990723,0.1220703125,0.091552734375,-0.18310546875
5.2374999,0.7056909799575806,-0.5165489912033081,9.787496566772461,-0.06103515625,0.030517578125,-0.30517578125
5.2424999,0.7056909799575806,-0.5147533416748047,9.788095474243164,-0.1220703125,0.030517578125,-0.244140625
5.2474999,0.71766197681427,-0.5183446407318115,9.803657531738281,-0.06103515625,0.06103515625,-0.30517578125
5.2524999,0.7194576263427734,-0.5201402902603149,9.800065994262695,0.152587890625,0.091552734375,-0.30517578125
5.2574999,0.7236474752426147,-0.5231330990791321,9.803058624267578,0.06103515625,0.06103515625,-0.18310546875
5.2624999,0.7236474752426147,-0.5249287486076355,9.802460670471191,0,0.18310546875,-0.18310546875
5.2674999,0.7194576263427734,-0.5237316489219666,9.797672271728516,-0.06103515625,0.18310546875,-0.244140625
5.272499900000001,0.7146692276000977,-0.524330198764801,9.797672271728516,0.030517578125,0.1220703125,-0.18310546875
5.2774999000000005,0.7098808288574219,-0.5183446407318115,9.79527759552002,0.1220703125,0.06103515625,-0.213623046875
5.2824999,0.7003039717674255,-0.5135562419891357,9.789292335510254,-0.06103515625,0,-0.244140625
5.2874999,0.6955155730247498,-0.5147533416748047,9.787496566772461,-0.1220703125,-0.06103515625,-0.244140625
5.2924999,0.6985083222389221,-0.5129576921463013,9.79288387298584,0.030517578125,-0.18310546875,-0.274658203125
5.2974999,0.7050924301147461,-0.5099649429321289,9.791088104248047,0.091552734375,-0.091552734375,-0.244140625
5.3024999,0.7140706777572632,-0.5093663930892944,9.799467086791992,0.06103515625,0.06103515625,-0.274658203125
5.3074999,0.7224503755569458,-0.5123591423034668,9.79527759552002,-0.06103515625,-0.091552734375,-0.244140625
5.312499900000001,0.7260416746139526,-0.5165489912033081,9.794678688049316,0.030517578125,-0.030517578125,-0.30517578125
5.3174999000000005,0.7296329736709595,-0.5213374495506287,9.795876502990723,0,0.152587890625,-0.213623046875
5.3224999,0.7200561761856079,-0.524330198764801,9.788095474243164,0.06103515625,0.091552734375,-0.244140625
5.3274999,0.7134721279144287,-0.524330198764801,9.78989028930664,0.1220703125,0.152587890625,-0.244140625
5.3324999,0.7044938206672668,-0.5237316489219666,9.791088104248047,0.091552734375,0.244140625,-0.274658203125
5.3374999,0.6979097723960876,-0.5213374495506287,9.789292335510254,0.06103515625,0.18310546875,-0.213623046875
5.3424999,0.6961141228675842,-0.5201402902603149,9.793481826782227,0,0.1220703125,-0.213623046875
5.3474999,0.6931213736534119,-0.5183446407318115,9.78869342803955,-0.030517578125,0.1220703125,-0.335693359375
5.352499900000001,0.7032967209815979,-0.5111620426177979,9.787496566772461,-0.06103515625,-0.1220703125,-0.335693359375
5.3574999000000005,0.706289529800415,-0.5111620426177979,9.777320861816406,0.06103515625,-0.091552734375,-0.18310546875
5.3624999,0.7158663272857666,-0.5093663930892944,9.785101890563965,-0.030517578125,0.091552734375,-0.091552734375
5.3674999,0.7230489253997803,-0.5117605924606323,9.782109260559082,0,0.1220703125,-0.335693359375
5.3724999,0.7296329736709595,-0.5105634927749634,9.782708168029785,0.1220703125,0.06103515625,-0.18310546875
5.3774999,0.7344213724136353,-0.5117605924606323,9.78869342803955,-0.06103515625,0.18310546875,-0.274658203125
5.3824999,0.7314286231994629,-0.5165489912033081,9.785700798034668,-0.030517578125,0.244140625,-0.244140625
5.3874999,0.7272387742996216,-0.5171475410461426,9.785700798034668,0,0.18310546875,-0.213623046875
5.3924999,0.7206547260284424,-0.5225345492362976,9.790489196777344,0.030517578125,0.213623046875,-0.274658203125
5.397499900000001,0.7003039717674255,-0.5171475410461426,9.79288387298584,0.030517578125,-0.18310546875,-0.335693359375
5.4024999000000005,0.6985083222389221,-0.5135562419891357,9.792284965515137,-0.091552734375,-0.18310546875,-0.213623046875
5.4074999,0.70090252161026,-0.5135562419891357,9.794678688049316,-0.06103515625,-0.030517578125,-0.213623046875
5.4124999,0.7032967209815979,-0.5141547918319702,9.78989028930664,0.1220703125,-0.213623046875,-0.30517578125
5.4174999,0.7098808288574219,-0.5147533416748047,9.78989028930664,0.030517578125,-0.18310546875,-0.274658203125
5.4224999,0.7182605266571045,-0.5171475410461426,9.789292335510254,-0.06103515625,0.06103515625,-0.335693359375
5.4274999,0.7206547260284424,-0.5165489912033081,9.780313491821289,-0.06103515625,0.030517578125,-0.274658203125
5.4324999,0.7236474752426147,-0.5141547918319702,9.782109260559082,0.030517578125,0.06103515625,-0.274658203125
5.437499900000001,0.7212532758712769,-0.5123591423034668,9.779715538024902,0,0.213623046875,-0.244140625
5.4424999000000005,0.6919242739677429,-0.5081692934036255,9.78869342803955,0.091552734375,0.030517578125,-0.274658203125
5.4474999,0.6919242739677429,-0.5135562419891357,9.790489196777344,0.06103515625,0.1220703125,-0.335693359375
5.4524999,0.6913257241249084,-0.5183446407318115,9.786299705505371,-0.091552734375,-0.06103515625,-0.274658203125
5.4574999,0.6949170231819153,-0.5231330990791321,9.79527759552002,-0.152587890625,-0.091552734375,-0.213623046875
5.4624999,0.6985083222389221,-0.52552729845047,9.79288387298584,0,-0.030517578125,-0.274658203125
5.4674999,0.7032967209815979,-0.5231330990791321,9.791686058044434,-0.091552734375,-0.091552734375,-0.30517578125
5.4724999,0.7104793787002563,-0.524330198764801,9.79647445678711,-0.030517578125,-0.091552734375,-0.244140625
5.477499900000001,0.7164648771286011,-0.5219359993934631,9.788095474243164,-0.06103515625,-0.030517578125,-0.335693359375
5.4824999000000005,0.7200561761856079,-0.5207388401031494,9.787496566772461,-0.06103515625,-0.06103515625,-0.152587890625
5.4874999,0.7254431247711182,-0.5213374495506287,9.792284965515137,-0.091552734375,0.030517578125,-0.213623046875
5.4924999,0.7218518257141113,-0.518943190574646,9.783905029296875,0,0.030517578125,-0.396728515625
5.4974999,0.71766197681427,-0.5171475410461426,9.788095474243164,0.030517578125,0.244140625,-0.244140625
5.5024999,0.7050924301147461,-0.5171475410461426,9.797073364257812,0.06103515625,0.213623046875,-0.274658203125
5.5074999,0.6997054219245911,-0.517746090888977,9.798270225524902,-0.06103515625,0.091552734375,-0.274658203125
5.5124999,0.6955155730247498,-0.517746090888977,9.79527759552002,-0.06103515625,-0.091552734375,-0.335693359375
5.5174999,0.6961141228675842,-0.5207388401031494,9.797672271728516,0.1220703125,-0.06103515625,-0.244140625
5.522499900000001,0.702099621295929,-0.5225345492362976,9.78989028930664,0.091552734375,-0.06103515625,-0.244140625
5.5274999000000005,0.7134721279144287,-0.5267243981361389,9.79288387298584,0.030517578125,-0.030517578125,-0.244140625
5.5324999,0.7236474752426147,-0.5267243981361389,9.784503936767578,-0.030517578125,-0.274658203125,-0.274658203125
5.5374999,0.7308300733566284,-0.5261258482933044,9.781511306762695,-0.06103515625,-0.18310546875,-0.18310546875
5.5424999,0.7356184720993042,-0.5231330990791321,9.786897659301758,0.06103515625,0.030517578125,-0.244140625
5.5474999,0.7344213724136353,-0.518943190574646,9.780313491821289,0.030517578125,0.152587890625,-0.3662109375
5.5524999,0.7332242727279663,-0.5153518915176392,9.783307075500488,0.030517578125,0.213623046875,-0.213623046875
5.5574999,0.7003039717674255,-0.5207388401031494,9.794678688049316,0.091552734375,0.06103515625,-0.18310546875
5.562499900000001,0.6985083222389221,-0.524330198764801,9.791686058044434,-0.091552734375,0.091552734375,-0.244140625
5.5674999000000005,0.7015010714530945,-0.524330198764801,9.79408073425293,-0.091552734375,-0.152587890625,-0.152587890625
5.5724999,0.7068880796432495,-0.52552729845047,9.797073364257812,0.06103515625,-0.1220703125,-0.1220703125
5.5774999,0.7134721279144287,-0.5237316489219666,9.792284965515137,-0.06103515625,-0.152587890625,-0.213623046875
5.5824999,0.7212532758712769,-0.524330198764801,9.799467086791992,0,-0.030517578125,-0.152587890625
5.5874999,0.7284358739852905,-0.5249287486076355,9.79408073425293,0.091552734375,-0.06103515625,-0.244140625
5.5924999,0.730231523513794,-0.5219359993934631,9.789292335510254,0.091552734375,0.06103515625,-0.18310546875
5.5974999,0.730231523513794,-0.518943190574646,9.791686058044434,-0.06103515625,0.091552734375,-0.1220703125
5.602499900000001,0.7236474752426147,-0.5147533416748047,9.786299705505371,0,0.18310546875,-0.274658203125
5.6074999000000005,0.7158663272857666,-0.5123591423034668,9.788095474243164,0.152587890625,0.244140625,-0.213623046875
5.6124999,0.7110779285430908,-0.5153518915176392,9.79527759552002,0.091552734375,0.1220703125,-0.244140625
5.6174999,0.7056909799575806,-0.5159504413604736,9.789292335510254,-0.030517578125,0,-0.335693359375
5.6224999,0.7050924301147461,-0.5165489912033081,9.792284965515137,0.091552734375,0.06103515625,-0.18310546875
5.6274999,0.706289529800415,-0.5153518915176392,9.791686058044434,-0.030517578125,0.213623046875,-0.244140625
5.6324999,0.706289529800415,-0.5141547918319702,9.792284965515137,0,0.152587890625,-0.3662109375
5.6374999,0.706289529800415,-0.5165489912033081,9.800065994262695,0.06103515625,0.091552734375,-0.1220703125
5.6424999,0.7056909799575806,-0.5219359993934631,9.793481826782227,0.030517578125,-0.091552734375,-0.30517578125
5.647499900000001,0.7038952708244324,-0.5249287486076355,9.78989028930664,0,-0.152587890625,-0.274658203125
5.6524999000000005,0.7086837291717529,-0.5279214978218079,9.786299705505371,0.091552734375,-0.06103515625,-0.18310546875
5.6574999,0.7182605266571045,-0.5249287486076355,9.782708168029785,0.030517578125,0,-0.091552734375
5.6624999,0.7260416746139526,-0.5225345492362976,9.783905029296875,-0.06103515625,0.152587890625,-0.152587890625
5.6674999,0.7242460250854492,-0.5225345492362976,9.782109260559082,0.06103515625,-0.030517578125,-0.244140625
5.6724999,0.7266402244567871,-0.5195417404174805,9.78989028930664,0.091552734375,0.1220703125,-0.244140625
5.6774999,0.7224503755569458,-0.5165489912033081,9.791686058044434,0.030517578125,0.18310546875,-0.18310546875
5.6824999,0.7122750282287598,-0.5123591423034668,9.788095474243164,-0.091552734375,0.213623046875,-0.213623046875
5.687499900000001,0.7080851793289185,-0.5141547918319702,9.79647445678711,-0.030517578125,0.244140625,-0.244140625
5.6924999000000005,0.702099621295929,-0.5195417404174805,9.79288387298584,0.091552734375,0.091552734375,-0.396728515625
5.6974999,0.6991068720817566,-0.5237316489219666,9.78989028930664,0.06103515625,0.06103515625,-0.18310546875
5.7024999,0.7026981711387634,-0.5291185975074768,9.792284965515137,-0.030517578125,0.06103515625,-0.213623046875
5.7074999,0.7068880796432495,-0.5267243981361389,9.78869342803955,0,-0.030517578125,-0.335693359375
5.7124999,0.7122750282287598,-0.5237316489219666,9.78869342803955,0.091552734375,-0.152587890625,-0.18310546875
5.7174999,0.7218518257141113,-0.5171475410461426,9.789292335510254,0,-0.091552734375,-0.274658203125
5.7224999,0.7248445749282837,-0.5153518915176392,9.78869342803955,0.030517578125,-0.030517578125,-0.213623046875
5.727499900000001,0.7212532758712769,-0.517746090888977,9.786897659301758,-0.06103515625,0.1220703125,-0.30517578125
5.7324999000000005,0.7170634269714355,-0.5225345492362976,9.793481826782227,0,0.18310546875,-0.213623046875
5.7374999,0.7104793787002563,-0.5237316489219666,9.79408073425293,-0.030517578125,0.244140625,-0.30517578125
5.7424999,0.7015010714530945,-0.5249287486076355,9.789292335510254,0,0.274658203125,-0.244140625
5.7474999,0.6949170231819153,-0.5195417404174805,9.799467086791992,0.06103515625,0.18310546875,-0.213623046875
5.7524999,0.6913257241249084,-0.5141547918319702,9.793481826782227,-0.030517578125,0.091552734375,-0.274658203125
5.7574999,0.6883329749107361,-0.507570743560791,9.791686058044434,-0.030517578125,0.06103515625,-0.30517578125
5.7624999,0.7242460250854492,-0.5201402902603149,9.790489196777344,0.030517578125,0.030517578125,-0.274658203125
5.7674999,0.7230489253997803,-0.517746090888977,9.785700798034668,-0.030517578125,0,-0.18310546875
5.772499900000001,0.7230489253997803,-0.517746090888977,9.785700798034668,-0.030517578125,0,-0.18310546875
5.7774999000000005,0.7248445749282837,-0.5159504413604736,9.78989028930664,-0.06103515625,0.152587890625,-0.244140625
5.7824999,0.7218518257141113,-0.5153518915176392,9.7791166305542,-0.1220703125,0.152587890625,-0.30517578125
5.7874999,0.7164648771286011,-0.5141547918319702,9.776124000549316,0,0.06103515625,-0.274658203125
5.7924999,0.7110779285430908,-0.5165489912033081,9.77253246307373,0.030517578125,0.06103515625,-0.30517578125
5.7974999,0.7026981711387634,-0.5183446407318115,9.768342971801758,0,0.030517578125,-0.396728515625
5.8024999,0.702099621295929,-0.5195417404174805,9.774927139282227,0,0.18310546875,-0.152587890625
5.8074999,0.7026981711387634,-0.5213374495506287,9.781511306762695,-0.06103515625,0.244140625,-0.396728515625
5.812499900000001,0.706289529800415,-0.5225345492362976,9.792284965515137,0,-0.06103515625,-0.18310546875
5.8174999000000005,0.7068880796432495,-0.5219359993934631,9.79288387298584,0.030517578125,0,-0.244140625
5.8224999,0.7068880796432495,-0.5231330990791321,9.788095474243164,-0.030517578125,-0.1220703125,-0.152587890625
5.8274999,0.7116764783859253,-0.5219359993934631,9.792284965515137,-0.030517578125,-0.091552734375,-0.213623046875
5.8324999,0.7134721279144287,-0.518943190574646,9.784503936767578,0,-0.06103515625,-0.335693359375
5.8374999,0.71766197681427,-0.5195417404174805,9.786897659301758,0,0.091552734375,-0.152587890625
5.8424999,0.7182605266571045,-0.5171475410461426,9.787496566772461,0.030517578125,0.1220703125,-0.274658203125
5.8474999,0.7164648771286011,-0.518943190574646,9.783905029296875,0.030517578125,0.152587890625,-0.30517578125
5.852499900000001,0.7128735780715942,-0.5183446407318115,9.78989028930664,0,0.1220703125,-0.274658203125
5.8574999000000005,0.7086837291717529,-0.5201402902603149,9.78989028930664,-0.030517578125,0.030517578125,-0.3662109375
5.8624999,0.702099621295929,-0.518943190574646,9.795876502990723,-0.06103515625,0.030517578125,-0.244140625
5.8674999,0.6991068720817566,-0.5219359993934631,9.802460670471191,0.030517578125,0.06103515625,-0.274658203125
5.8724999,0.6973112225532532,-0.5225345492362976,9.803058624267578,0,0.06103515625,-0.335693359375
5.8774999,0.7038952708244324,-0.5231330990791321,9.795876502990723,-0.18310546875,0,-0.335693359375
5.8824999,0.7152677774429321,-0.5261258482933044,9.800065994262695,0.030517578125,0,-0.152587890625
5.8874999,0.7260416746139526,-0.5273229479789734,9.800664901733398,0.18310546875,0.1220703125,-0.274658203125
5.8924999,0.729034423828125,-0.5279214978218079,9.793481826782227,0.06103515625,0,-0.274658203125
5.897499900000001,0.7284358739852905,-0.5237316489219666,9.791088104248047,0.030517578125,0.091552734375,-0.152587890625
5.9024999000000005,0.7236474752426147,-0.5225345492362976,9.786299705505371,-0.06103515625,0.091552734375,-0.335693359375
5.9074999,0.7158663272857666,-0.5183446407318115,9.783905029296875,0,0.1220703125,-0.274658203125
5.9124999,0.7092822790145874,-0.5195417404174805,9.781511306762695,0.152587890625,0.18310546875,-0.1220703125
5.9174999,0.702099621295929,-0.5195417404174805,9.780912399291992,-0.06103515625,0.152587890625,-0.152587890625
5.9224999,0.7044938206672668,-0.5147533416748047,9.784503936767578,0,0,-0.335693359375
5.9274999,0.7104793787002563,-0.5141547918319702,9.788095474243164,-0.030517578125,0.030517578125,-0.30517578125
5.9324999,0.7140706777572632,-0.5129576921463013,9.780313491821289,-0.091552734375,-0.06103515625,-0.396728515625
5.937499900000001,0.7164648771286011,-0.5117605924606323,9.777320861816406,0.06103515625,-0.06103515625,-0.335693359375
5.9424999000000005,0.7254431247711182,-0.5117605924606323,9.780313491821289,0.152587890625,0.06103515625,-0.244140625
5.9474999,0.7296329736709595,-0.5105634927749634,9.773131370544434,-0.06103515625,-0.030517578125,-0.274658203125
5.9524999,0.7356184720993042,-0.5111620426177979,9.783307075500488,-0.091552734375,0.18310546875,-0.1220703125
5.9574999,0.7368155717849731,-0.5147533416748047,9.782109260559082,0,0.1220703125,-0.152587890625
5.9624999,0.7296329736709595,-0.5207388401031494,9.780912399291992,-0.091552734375,0.1220703125,-0.335693359375
5.9674999,0.7230489253997803,-0.524330198764801,9.787496566772461,0,0.091552734375,-0.244140625
5.9724999,0.7134721279144287,-0.5279214978218079,9.783905029296875,-0.1220703125,0.030517578125,-0.18310546875
5.977499900000001,0.7056909799575806,-0.5267243981361389,9.785700798034668,0,0.1220703125,-0.091552734375
5.9824999000000005,0.6991068720817566,-0.5213374495506287,9.777320861816406,0.06103515625,-0.1220703125,-0.274658203125
5.9874999,0.7056909799575806,-0.5207388401031494,9.777320861816406,0.06103515625,-0.18310546875,-0.274658203125
5.9924999,0.7134721279144287,-0.5183446407318115,9.776124000549316,-0.06103515625,-0.06103515625,-0.3662109375
5.9974999,0.718859076499939,-0.517746090888977,9.780912399291992,-0.091552734375,-0.030517578125,-0.3662109375
6.0024999,0.727837324142456,-0.5153518915176392,9.784503936767578,-0.030517578125,0.06103515625,-0.3662109375
6.0074999,0.7260416746139526,-0.5165489912033081,9.785101890563965,0.030517578125,0.06103515625,-0.213623046875
6.0124999,0.7296329736709595,-0.5171475410461426,9.79408073425293,0,0.06103515625,-0.18310546875
6.017499900000001,0.7260416746139526,-0.518943190574646,9.797073364257812,0.091552734375,0.06103515625,-0.396728515625
6.022499900000001,0.7206547260284424,-0.517746090888977,9.791088104248047,0,0.152587890625,-0.274658203125
6.0274999000000005,0.7146692276000977,-0.5171475410461426,9.794678688049316,-0.030517578125,0.213623046875,-0.274658203125
6.0324999,0.7080851793289185,-0.517746090888977,9.78989028930664,0.1220703125,-0.030517578125,-0.152587890625
6.0374999,0.7003039717674255,-0.5207388401031494,9.79647445678711,0.06103515625,0.030517578125,-0.213623046875
6.0424999,0.7032967209815979,-0.5207388401031494,9.791686058044434,0.091552734375,-0.1220703125,-0.3662109375
6.0474999,0.7098808288574219,-0.5219359993934631,9.793481826782227,0.06103515625,0,-0.1220703125
6.0524999,0.7164648771286011,-0.5213374495506287,9.782708168029785,0,-0.06103515625,-0.1220703125
6.0574999,0.7242460250854492,-0.5195417404174805,9.779715538024902,-0.06103515625,-0.030517578125,-0.30517578125
6.062499900000001,0.727837324142456,-0.5195417404174805,9.782109260559082,-0.030517578125,0.030517578125,-0.335693359375
6.0674999000000005,0.7260416746139526,-0.5153518915176392,9.776124000549316,-0.030517578125,0.06103515625,-0.30517578125
6.0724999,0.7248445749282837,-0.5123591423034668,9.781511306762695,-0.091552734375,0.091552734375,-0.244140625
6.0774999,0.7218518257141113,-0.50876784324646,9.783307075500488,-0.152587890625,0.1220703125,-0.213623046875
6.0824999,0.7158663272857666,-0.5081692934036255,9.774328231811523,-0.152587890625,-0.030517578125,-0.213623046875
6.0874999,0.7146692276000977,-0.50876784324646,9.784503936767578,-0.06103515625,0.030517578125,-0.30517578125
6.0924999,0.6943184733390808,-0.5135562419891357,9.786299705505371,-0.030517578125,0.091552734375,-0.335693359375
6.0974999,0.6931213736534119,-0.5141547918319702,9.791088104248047,-0.152587890625,0.030517578125,-0.335693359375
6.102499900000001,0.6937199234962463,-0.5147533416748047,9.79408073425293,0.1220703125,0.091552734375,-0.335693359375
6.1074999000000005,0.6967126727104187,-0.5183446407318115,9.790489196777344,0.06103515625,0.091552734375,-0.274658203125
6.1124999,0.7032967209815979,-0.5219359993934631,9.797073364257812,-0.06103515625,0,-0.213623046875
6.1174999,0.7098808288574219,-0.52552729845047,9.793481826782227,-0.1220703125,-0.1220703125,-0.335693359375
6.1224999,0.7164648771286011,-0.52552729845047,9.791088104248047,-0.06103515625,0.030517578125,-0.335693359375
6.1274999,0.7242460250854492,-0.5285200476646423,9.799467086791992,0,0.213623046875,-0.213623046875
6.1324999,0.7224503755569458,-0.524330198764801,9.790489196777344,0.06103515625,0.030517578125,-0.152587890625
6.1374999,0.7230489253997803,-0.5201402902603149,9.793481826782227,0.091552734375,0.152587890625,-0.244140625
6.142499900000001,0.7026981711387634,-0.5165489912033081,9.785700798034668,-0.06103515625,0.030517578125,-0.06103515625
6.147499900000001,0.7026981711387634,-0.5153518915176392,9.790489196777344,0.06103515625,0,-0.18310546875
6.1524999000000005,0.7038952708244324,-0.5135562419891357,9.79288387298584,-0.030517578125,0,-0.274658203125
6.1574999,0.7080851793289185,-0.5093663930892944,9.79288387298584,0.06103515625,-0.091552734375,-0.244140625
6.1624999,0.7104793787002563,-0.50876784324646,9.798869132995605,0,0.06103515625,-0.18310546875
6.1674999,0.7134721279144287,-0.5135562419891357,9.79647445678711,0,0.091552734375,-0.335693359375
6.1724999,0.7110779285430908,-0.5165489912033081,9.79647445678711,0.091552734375,-0.030517578125,-0.213623046875
6.1774999,0.7092822790145874,-0.518943190574646,9.79288387298584,0.06103515625,0,-0.244140625
6.1824999,0.707486629486084,-0.5195417404174805,9.792284965515137,-0.06103515625,0.213623046875,-0.244140625
6.187499900000001,0.7038952708244324,-0.5195417404174805,9.788095474243164,0.030517578125,0.06103515625,-0.213623046875
6.1924999000000005,0.7026981711387634,-0.5183446407318115,9.789292335510254,0,0.091552734375,-0.213623046875
6.1974999,0.7015010714530945,-0.5195417404174805,9.78989028930664,0,0,-0.1220703125
6.2024999,0.7015010714530945,-0.5153518915176392,9.786897659301758,0.06103515625,0,-0.213623046875
6.2074999,0.7038952708244324,-0.5129576921463013,9.78989028930664,0.030517578125,-0.091552734375,-0.213623046875
6.2124999,0.7092822790145874,-0.5123591423034668,9.793481826782227,-0.1220703125,0.030517578125,-0.213623046875
6.2174999,0.7128735780715942,-0.5135562419891357,9.78869342803955,-0.091552734375,0,-0.152587890625
6.2224999,0.7170634269714355,-0.5153518915176392,9.79527759552002,0,0,-0.1220703125
6.227499900000001,0.7206547260284424,-0.5201402902603149,9.79408073425293,-0.030517578125,0,-0.274658203125
6.2324999000000005,0.7200561761856079,-0.5201402902603149,9.791088104248047,0,-0.030517578125,-0.274658203125
6.2374999,0.7230489253997803,-0.518943190574646,9.797073364257812,-0.152587890625,0.091552734375,-0.244140625
6.2424999,0.7038952708244324,-0.5123591423034668,9.799467086791992,0.030517578125,-0.030517578125,-0.030517578125
6.2474999,0.70090252161026,-0.5117605924606323,9.794678688049316,0,0,-0.274658203125
6.2524999,0.7003039717674255,-0.5111620426177979,9.791088104248047,0.1220703125,-0.18310546875,-0.091552734375
6.2574999,0.7050924301147461,-0.5147533416748047,9.792284965515137,-0.091552734375,-0.152587890625,-0.1220703125
6.2624999,0.7104793787002563,-0.5213374495506287,9.785700798034668,-0.06103515625,-0.091552734375,-0.244140625
6.267499900000001,0.71766197681427,-0.5279214978218079,9.783905029296875,0.030517578125,-0.030517578125,-0.213623046875
6.272499900000001,0.7230489253997803,-0.5309142470359802,9.782109260559082,0,0.091552734375,-0.30517578125
6.2774999000000005,0.706289529800415,-0.5141547918319702,9.800664901733398,0.091552734375,0.1220703125,-0.274658203125
6.2824999,0.7015010714530945,-0.5099649429321289,9.805453300476074,0.213623046875,0.213623046875,-0.244140625
6.2874999,0.6931213736534119,-0.507570743560791,9.794678688049316,-0.030517578125,0,-0.335693359375
6.2924999,0.689530074596405,-0.5063736438751221,9.791088104248047,0,-0.06103515625,-0.335693359375
6.2974999,0.6931213736534119,-0.507570743560791,9.792284965515137,0.030517578125,0.06103515625,-0.213623046875
6.3024999,0.6949170231819153,-0.5111620426177979,9.781511306762695,0,-0.1220703125,-0.152587890625
6.3074999,0.706289529800415,-0.5135562419891357,9.786299705505371,0.18310546875,-0.1220703125,-0.152587890625
6.312499900000001,0.7134721279144287,-0.5147533416748047,9.785700798034668,0.06103515625,0.18310546875,-0.244140625
6.3174999000000005,0.7212532758712769,-0.5165489912033081,9.778518676757812,0,0.091552734375,-0.396728515625
6.3224999,0.7092822790145874,-0.5297171473503113,9.787496566772461,-0.030517578125,0.152587890625,-0.30517578125
6.3274999,0.7068880796432495,-0.5285200476646423,9.792284965515137,-0.06103515625,0.1220703125,-0.274658203125
6.3324999,0.7032967209815979,-0.5261258482933044,9.792284965515137,-0.06103515625,0.1220703125,-0.30517578125
6.3374999,0.7015010714530945,-0.5183446407318115,9.785700798034668,0.152587890625,0.030517578125,-0.18310546875
6.3424999,0.7026981711387634,-0.5159504413604736,9.78989028930664,0.152587890625,0,-0.244140625
6.3474999,0.7026981711387634,-0.5123591423034668,9.785101890563965,0.091552734375,0.1220703125,-0.457763671875
6.352499900000001,0.7032967209815979,-0.5123591423034668,9.785101890563965,0,0.030517578125,-0.274658203125
6.3574999000000005,0.706289529800415,-0.5111620426177979,9.787496566772461,-0.06103515625,0.1220703125,-0.18310546875
6.3624999,0.7068880796432495,-0.5123591423034668,9.785700798034668,-0.091552734375,0,-0.30517578125
6.3674999,0.7104793787002563,-0.5147533416748047,9.789292335510254,-0.030517578125,-0.1220703125,-0.213623046875
6.3724999,0.7146692276000977,-0.5201402902603149,9.78869342803955,0.06103515625,-0.152587890625,-0.18310546875
6.3774999,0.71766197681427,-0.5219359993934631,9.789292335510254,-0.030517578125,-0.030517578125,-0.18310546875
6.3824999,0.71766197681427,-0.5219359993934631,9.789292335510254,-0.030517578125,-0.030517578125,-0.18310546875
6.3874999,0.7200561761856079,-0.5237316489219666,9.791088104248047,0.091552734375,0.091552734375,-0.1220703125
6.392499900000001,0.718859076499939,-0.517746090888977,9.78869342803955,0.152587890625,-0.06103515625,-0.1220703125
6.397499900000001,0.7170634269714355,-0.5153518915176392,9.789292335510254,0.1220703125,0.152587890625,-0.1220703125
6.4024999000000005,0.7038952708244324,-0.5153518915176392,9.79408073425293,0.091552734375,0.091552734375,-0.152587890625
6.4074999,0.702099621295929,-0.518943190574646,9.791686058044434,0.091552734375,0,-0.152587890625
6.4124999,0.70090252161026,-0.518943190574646,9.789292335510254,-0.06103515625,-0.091552734375,-0.244140625
6.4174999,0.7056909799575806,-0.5201402902603149,9.79527759552002,0.091552734375,-0.06103515625,-0.30517578125
6.4224999,0.7086837291717529,-0.5201402902603149,9.786897659301758,0,-0.091552734375,-0.274658203125
6.4274999,0.7254431247711182,-0.5183446407318115,9.791686058044434,0.091552734375,0.030517578125,-0.152587890625
6.4324999,0.7254431247711182,-0.5183446407318115,9.791686058044434,0.091552734375,0.030517578125,-0.152587890625
6.437499900000001,0.7284358739852905,-0.5171475410461426,9.780912399291992,0,0.152587890625,-0.274658203125
6.4424999000000005,0.7338228225708008,-0.5159504413604736,9.780912399291992,0,0.244140625,-0.274658203125
6.4474999,0.7320271730422974,-0.517746090888977,9.783905029296875,-0.1220703125,0.213623046875,-0.18310546875
6.4524999,0.7230489253997803,-0.5183446407318115,9.776124000549316,-0.030517578125,0.152587890625,-0.335693359375
6.4574999,0.7164648771286011,-0.5207388401031494,9.785101890563965,-0.06103515625,0.213623046875,-0.274658203125
6.4624999,0.7068880796432495,-0.5249287486076355,9.791088104248047,-0.030517578125,0.091552734375,-0.335693359375
6.4674999,0.6991068720817566,-0.5249287486076355,9.790489196777344,0.030517578125,0.18310546875,-0.18310546875
6.4724999,0.6949170231819153,-0.5297171473503113,9.797672271728516,0,0.1220703125,-0.1220703125
6.477499900000001,0.6925228238105774,-0.5303156971931458,9.793481826782227,0,0.030517578125,-0.274658203125
6.4824999000000005,0.6967126727104187,-0.5285200476646423,9.794678688049316,0.091552734375,0.030517578125,-0.1220703125
6.4874999,0.7254431247711182,-0.5195417404174805,9.782708168029785,0.030517578125,-0.091552734375,-0.18310546875
6.4924999,0.7284358739852905,-0.518943190574646,9.780912399291992,0.030517578125,0.091552734375,-0.335693359375
6.4974999,0.7296329736709595,-0.517746090888977,9.786897659301758,-0.091552734375,0.030517578125,-0.244140625
6.5024999,0.730231523513794,-0.5165489912033081,9.795876502990723,-0.030517578125,0.152587890625,-0.274658203125
6.5074999,0.7272387742996216,-0.5147533416748047,9.795876502990723,0.06103515625,0.274658203125,-0.274658203125
6.5124999,0.7194576263427734,-0.5123591423034668,9.804854393005371,0.030517578125,0.274658203125,-0.1220703125
6.517499900000001,0.7098808288574219,-0.5123591423034668,9.808445930480957,0.091552734375,0.152587890625,-0.18310546875
6.522499900000001,0.70090252161026,-0.5105634927749634,9.806051254272461,0,0,-0.244140625
6.5274999000000005,0.702099621295929,-0.5165489912033081,9.795876502990723,0,-0.152587890625,-0.274658203125
6.5324999,0.7092822790145874,-0.5165489912033081,9.79408073425293,-0.091552734375,-0.091552734375,-0.213623046875
6.5374999,0.7152677774429321,-0.518943190574646,9.783307075500488,-0.06103515625,-0.213623046875,-0.244140625
6.5424999,0.7212532758712769,-0.5183446407318115,9.783307075500488,-0.06103515625,-0.06103515625,-0.30517578125
6.5474999,0.7272387742996216,-0.5231330990791321,9.783905029296875,0.030517578125,0.030517578125,-0.244140625
6.5524999,0.7260416746139526,-0.5237316489219666,9.782109260559082,0.030517578125,0,-0.213623046875
6.5574999,0.7260416746139526,-0.52552729845047,9.78869342803955,0.030517578125,0.1220703125,-0.244140625
6.562499900000001,0.706289529800415,-0.5153518915176392,9.783905029296875,0.030517578125,0.152587890625,-0.213623046875
6.5674999000000005,0.6973112225532532,-0.5147533416748047,9.781511306762695,0.06103515625,0.18310546875,-0.335693359375
6.5724999,0.6883329749107361,-0.5159504413604736,9.791686058044434,0.091552734375,-0.1220703125,-0.244140625
6.5774999,0.6937199234962463,-0.5147533416748047,9.791686058044434,0.030517578125,-0.091552734375,-0.091552734375
6.5824999,0.7032967209815979,-0.5141547918319702,9.788095474243164,0,0,-0.30517578125
6.5874999,0.7134721279144287,-0.5153518915176392,9.786299705505371,-0.030517578125,-0.1220703125,-0.30517578125
6.5924999,0.7272387742996216,-0.5171475410461426,9.79527759552002,-0.030517578125,-0.030517578125,-0.152587890625
6.5974999,0.7362170219421387,-0.518943190574646,9.791686058044434,0.030517578125,0,-0.18310546875
6.602499900000001,0.7398083209991455,-0.5153518915176392,9.79647445678711,0.091552734375,-0.030517578125,-0.244140625
6.6074999000000005,0.7428010702133179,-0.5129576921463013,9.79647445678711,0.091552734375,0.091552734375,-0.274658203125
6.6124999,0.7368155717849731,-0.5099649429321289,9.790489196777344,0.1220703125,0.030517578125,-0.335693359375
6.6174999,0.7320271730422974,-0.5099649429321289,9.78869342803955,0.152587890625,0,-0.1220703125
6.6224999,0.7230489253997803,-0.5117605924606323,9.785700798034668,0.030517578125,0.18310546875,-0.18310546875
6.6274999,0.7015010714530945,-0.5147533416748047,9.783307075500488,0.030517578125,0.152587890625,-0.244140625
6.6324999,0.6931213736534119,-0.5171475410461426,9.783905029296875,0.030517578125,0.030517578125,-0.30517578125
6.6374999,0.6853402256965637,-0.5171475410461426,9.783905029296875,0.030517578125,-0.091552734375,-0.152587890625
6.642499900000001,0.6979097723960876,-0.518943190574646,9.785101890563965,0.06103515625,-0.06103515625,-0.244140625
6.647499900000001,0.7116764783859253,-0.5225345492362976,9.78989028930664,0,-0.152587890625,-0.274658203125
6.6524999000000005,0.7212532758712769,-0.524330198764801,9.78869342803955,0,0,-0.244140625
6.6574999,0.7296329736709595,-0.5279214978218079,9.794678688049316,-0.06103515625,0.152587890625,-0.1220703125
6.6624999,0.7284358739852905,-0.5315127968788147,9.793481826782227,0,0.152587890625,-0.213623046875
6.6674999,0.7206547260284424,-0.5321113467216492,9.789292335510254,0.030517578125,0.091552734375,-0.335693359375
6.6724999,0.7116764783859253,-0.5309142470359802,9.791088104248047,0.030517578125,0.06103515625,-0.213623046875
6.6774999,0.6961141228675842,-0.524330198764801,9.785101890563965,0.1220703125,0.18310546875,-0.18310546875
6.6824999,0.6943184733390808,-0.5231330990791321,9.787496566772461,-0.030517578125,-0.030517578125,-0.213623046875
6.687499900000001,0.6949170231819153,-0.5195417404174805,9.784503936767578,0,0.06103515625,-0.213623046875
6.6924999000000005,0.6979097723960876,-0.5171475410461426,9.786897659301758,-0.06103515625,-0.030517578125,-0.18310546875
6.6974999,0.7038952708244324,-0.5165489912033081,9.79288387298584,-0.091552734375,-0.06103515625,-0.213623046875
6.7024999,0.7086837291717529,-0.5159504413604736,9.78989028930664,-0.091552734375,-0.213623046875,-0.244140625
6.7074999,0.71766197681427,-0.5159504413604736,9.791686058044434,-0.030517578125,-0.152587890625,-0.152587890625
6.7124999,0.7248445749282837,-0.5183446407318115,9.783905029296875,0.030517578125,0.152587890625,-0.335693359375
6.7174999,0.7284358739852905,-0.5171475410461426,9.7791166305542,0,-0.030517578125,-0.152587890625
6.7224999,0.7338228225708008,-0.518943190574646,9.7791166305542,-0.030517578125,0,-0.18310546875
6.727499900000001,0.7320271730422974,-0.5201402902603149,9.777320861816406,0.18310546875,0.091552734375,-0.274658203125
6.7324999000000005,0.7272387742996216,-0.524330198764801,9.782109260559082,0.06103515625,0.274658203125,-0.274658203125
6.7374999,0.7122750282287598,-0.524330198764801,9.785101890563965,0.091552734375,-0.030517578125,-0.244140625
6.7424999,0.7050924301147461,-0.5195417404174805,9.785700798034668,0.091552734375,0.091552734375,-0.06103515625
6.7474999,0.702099621295929,-0.5147533416748047,9.782708168029785,0.091552734375,0.152587890625,-0.18310546875
6.7524999,0.6979097723960876,-0.5147533416748047,9.7791166305542,0,0,-0.244140625
6.7574999,0.6973112225532532,-0.5171475410461426,9.780313491821289,0,0.030517578125,-0.213623046875
6.7624999,0.6985083222389221,-0.5225345492362976,9.778518676757812,0,-0.091552734375,-0.152587890625
6.767499900000001,0.7015010714530945,-0.5261258482933044,9.782109260559082,0,0,-0.213623046875
6.772499900000001,0.7104793787002563,-0.5267243981361389,9.787496566772461,-0.030517578125,0,-0.152587890625
6.7774999000000005,0.7200561761856079,-0.5231330990791321,9.788095474243164,-0.030517578125,-0.030517578125,-0.30517578125
6.7824999,0.730231523513794,-0.5195417404174805,9.790489196777344,0.030517578125,0.06103515625,-0.274658203125
6.7874999,0.7368155717849731,-0.5159504413604736,9.787496566772461,-0.18310546875,0.030517578125,-0.244140625
6.7924999,0.7374141216278076,-0.5123591423034668,9.782109260559082,-0.1220703125,0.152587890625,-0.274658203125
6.7974999,0.7146692276000977,-0.5129576921463013,9.793481826782227,0.091552734375,0.1220703125,-0.18310546875
6.8024999,0.7110779285430908,-0.5153518915176392,9.804255485534668,-0.030517578125,0.1220703125,-0.244140625
6.8074999,0.7098808288574219,-0.5201402902603149,9.804255485534668,-0.030517578125,0,-0.335693359375
6.812499900000001,0.7092822790145874,-0.5207388401031494,9.805453300476074,0,0,-0.213623046875
6.8174999000000005,0.7116764783859253,-0.5213374495506287,9.806051254272461,-0.030517578125,0.091552734375,-0.213623046875
6.8224999,0.7086837291717529,-0.5207388401031494,9.797672271728516,0,0,-0.30517578125
6.8274999,0.7128735780715942,-0.517746090888977,9.795876502990723,0.030517578125,0.030517578125,-0.3662109375
6.8324999,0.7164648771286011,-0.5153518915176392,9.791088104248047,0.06103515625,-0.091552734375,-0.274658203125
6.8374999,0.7212532758712769,-0.5111620426177979,9.781511306762695,0,-0.030517578125,-0.274658203125
6.8424999,0.7284358739852905,-0.5105634927749634,9.786299705505371,0.091552734375,-0.244140625,-0.1220703125
6.8474999,0.7296329736709595,-0.5123591423034668,9.782708168029785,0,-0.091552734375,-0.1220703125
6.852499900000001,0.7248445749282837,-0.5195417404174805,9.789292335510254,0.06103515625,0.1220703125,-0.30517578125
6.8574999000000005,0.7182605266571045,-0.5225345492362976,9.788095474243164,-0.030517578125,0.030517578125,-0.213623046875
6.8624999,0.7110779285430908,-0.5201402902603149,9.793481826782227,0,-0.091552734375,-0.1220703125
6.8674999,0.707486629486084,-0.5195417404174805,9.798270225524902,0.1220703125,0.091552734375,-0.30517578125
6.8724999,0.7050924301147461,-0.5159504413604736,9.79527759552002,0,0,-0.213623046875
6.8774999,0.706289529800415,-0.5159504413604736,9.798270225524902,-0.030517578125,0.152587890625,-0.1220703125
6.8824999,0.7080851793289185,-0.5147533416748047,9.79288387298584,-0.06103515625,0.030517578125,-0.213623046875
6.8874999,0.7128735780715942,-0.5171475410461426,9.793481826782227,0,-0.152587890625,-0.30517578125
6.892499900000001,0.7164648771286011,-0.5171475410461426,9.79527759552002,-0.030517578125,-0.152587890625,-0.335693359375
6.897499900000001,0.7218518257141113,-0.5201402902603149,9.792284965515137,-0.1220703125,-0.091552734375,-0.30517578125
6.9024999000000005,0.7224503755569458,-0.5195417404174805,9.79408073425293,0,0,-0.091552734375
6.9074999,0.7206547260284424,-0.5225345492362976,9.791686058044434,0,0.030517578125,-0.244140625
6.9124999,0.7182605266571045,-0.5219359993934631,9.793481826782227,-0.18310546875,-0.030517578125,-0.335693359375
6.9174999,0.7140706777572632,-0.52552729845047,9.793481826782227,-0.091552734375,0.244140625,-0.3662109375
6.9224999,0.7086837291717529,-0.5231330990791321,9.791686058044434,0,0.18310546875,-0.274658203125
6.9274999,0.7056909799575806,-0.5219359993934631,9.793481826782227,-0.030517578125,0.152587890625,-0.335693359375
6.9324999,0.7032967209815979,-0.5195417404174805,9.78989028930664,0.06103515625,-0.06103515625,-0.213623046875
6.937499900000001,0.70090252161026,-0.517746090888977,9.785700798034668,0.030517578125,-0.030517578125,-0.18310546875
6.9424999000000005,0.6991068720817566,-0.5183446407318115,9.785101890563965,0.030517578125,0.030517578125,-0.30517578125
6.9474999,0.6985083222389221,-0.5225345492362976,9.778518676757812,0.030517578125,0.06103515625,-0.274658203125
6.9524999,0.70090252161026,-0.524330198764801,9.783307075500488,-0.06103515625,-0.030517578125,-0.1220703125
6.9574999,0.7080851793289185,-0.5267243981361389,9.785700798034668,0.091552734375,-0.06103515625,-0.152587890625
6.9624999,0.7170634269714355,-0.5273229479789734,9.783905029296875,0.152587890625,0.030517578125,-0.274658203125
6.9674999,0.7308300733566284,-0.5249287486076355,9.782109260559082,0.030517578125,-0.030517578125,-0.274658203125
6.9724999,0.7296329736709595,-0.5201402902603149,9.788095474243164,0,0.152587890625,-0.335693359375
6.977499900000001,0.7230489253997803,-0.5159504413604736,9.78989028930664,-0.030517578125,0.030517578125,-0.30517578125
6.9824999000000005,0.7152677774429321,-0.5105634927749634,9.79527759552002,0.06103515625,0.091552734375,-0.244140625
6.9874999,0.7116764783859253,-0.5123591423034668,9.804255485534668,0.030517578125,0.18310546875,-0.30517578125
6.9924999,0.707486629486084,-0.5135562419891357,9.797073364257812,-0.030517578125,0.152587890625,-0.30517578125
6.9974999,0.7056909799575806,-0.517746090888977,9.79527759552002,-0.091552734375,0.1220703125,-0.30517578125
7.0024999,0.7068880796432495,-0.5219359993934631,9.788095474243164,0.06103515625,0.1220703125,-0.42724609375
7.0074999,0.7068880796432495,-0.5219359993934631,9.782109260559082,0.091552734375,0.06103515625,-0.335693359375
7.0124999,0.7092822790145874,-0.5225345492362976,9.782109260559082,0.06103515625,-0.091552734375,-0.030517578125
7.017499900000001,0.7098808288574219,-0.5201402902603149,9.782109260559082,-0.091552734375,-0.1220703125,-0.244140625
7.022499900000001,0.7128735780715942,-0.5171475410461426,9.784503936767578,0.06103515625,0.06103515625,-0.244140625
7.0274999000000005,0.7128735780715942,-0.5171475410461426,9.784503936767578,0.06103515625,0.06103515625,-0.244140625
7.0324999,0.7158663272857666,-0.517746090888977,9.783905029296875,0.091552734375,0.030517578125,-0.1220703125
7.0374999,0.71766197681427,-0.5183446407318115,9.785101890563965,-0.030517578125,0.091552734375,-0.213623046875
7.0424999,0.71766197681427,-0.5201402902603149,9.787496566772461,0.030517578125,0.244140625,-0.274658203125
7.0474999,0.71766197681427,-0.5201402902603149,9.787496566772461,0.030517578125,0.244140625,-0.274658203125
7.0524999,0.7164648771286011,-0.5213374495506287,9.79288387298584,-0.091552734375,0.18310546875,-0.30517578125
7.0574999,0.7092822790145874,-0.5225345492362976,9.78869342803955,0.030517578125,0.1220703125,-0.244140625
7.062499900000001,0.7050924301147461,-0.5219359993934631,9.794678688049316,-0.030517578125,0.152587890625,-0.244140625
7.0674999000000005,0.7032967209815979,-0.5219359993934631,9.79527759552002,0,0.030517578125,-0.213623046875
7.0724999,0.7015010714530945,-0.5249287486076355,9.79527759552002,0.06103515625,-0.091552734375,-0.244140625
7.0774999,0.7182605266571045,-0.5165489912033081,9.778518676757812,-0.091552734375,0,-0.213623046875
7.0824999,0.718859076499939,-0.5141547918319702,9.778518676757812,0,0.030517578125,-0.274658203125
7.0874999,0.718859076499939,-0.5141547918319702,9.785700798034668,-0.06103515625,0.030517578125,-0.244140625
7.0924999,0.7170634269714355,-0.5183446407318115,9.785700798034668,-0.030517578125,0,-0.244140625
7.0974999,0.7152677774429321,-0.5231330990791321,9.788095474243164,0,0.091552734375,-0.30517578125
7.102499900000001,0.7146692276000977,-0.5261258482933044,9.791088104248047,0.091552734375,0.06103515625,-0.274658203125
7.1074999000000005,0.7116764783859253,-0.5261258482933044,9.784503936767578,0.152587890625,0.030517578125,-0.30517578125
7.1124999,0.7104793787002563,-0.5219359993934631,9.785101890563965,0,0.1220703125,-0.18310546875
7.1174999,0.707486629486084,-0.518943190574646,9.78869342803955,0.06103515625,0,-0.152587890625
7.1224999,0.7134721279144287,-0.5147533416748047,9.782109260559082,-0.030517578125,0.06103515625,-0.18310546875
7.1274999,0.71766197681427,-0.5147533416748047,9.776124000549316,0.06103515625,-0.030517578125,-0.213623046875
7.1324999,0.7218518257141113,-0.5159504413604736,9.777320861816406,0.091552734375,0.06103515625,-0.244140625
7.1374999,0.7248445749282837,-0.5147533416748047,9.777320861816406,0,-0.091552734375,-0.274658203125
7.142499900000001,0.7248445749282837,-0.5183446407318115,9.776124000549316,-0.030517578125,0.030517578125,-0.274658203125
7.147499900000001,0.7224503755569458,-0.518943190574646,9.788095474243164,0,0.1220703125,-0.30517578125
7.1524999000000005,0.7170634269714355,-0.5231330990791321,9.791088104248047,0.091552734375,0.091552734375,-0.30517578125
7.1574999,0.7104793787002563,-0.5237316489219666,9.798270225524902,0.06103515625,0.152587890625,-0.152587890625
7.1624999,0.7038952708244324,-0.5225345492362976,9.799467086791992,-0.06103515625,0.213623046875,-0.335693359375
7.1674999,0.6997054219245911,-0.5213374495506287,9.793481826782227,0,0.152587890625,-0.3662109375
7.1724999,0.6973112225532532,-0.518943190574646,9.794678688049316,-0.030517578125,0.18310546875,-0.244140625
7.1774999,0.6955155730247498,-0.5207388401031494,9.78989028930664,-0.06103515625,0.06103515625,-0.244140625
7.1824999,0.7032967209815979,-0.5213374495506287,9.787496566772461,0.06103515625,0.091552734375,-0.18310546875
7.187499900000001,0.7110779285430908,-0.5207388401031494,9.783905029296875,-0.06103515625,0,-0.42724609375
7.1924999000000005,0.7164648771286011,-0.5183446407318115,9.783905029296875,-0.06103515625,-0.18310546875,-0.213623046875
7.1974999,0.7254431247711182,-0.5153518915176392,9.78869342803955,-0.030517578125,-0.030517578125,-0.030517578125
7.2024999,0.702099621295929,-0.5183446407318115,9.789292335510254,0.213623046875,0.091552734375,-0.18310546875
7.2074999,0.702099621295929,-0.5183446407318115,9.789292335510254,0.213623046875,0.091552734375,-0.18310546875
7.2124999,0.6949170231819153,-0.5207388401031494,9.788095474243164,-0.091552734375,0.030517578125,-0.244140625
7.2174999,0.6919242739677429,-0.5219359993934631,9.785700798034668,-0.06103515625,0.06103515625,-0.244140625
7.2224999,0.6925228238105774,-0.5231330990791321,9.781511306762695,0.091552734375,0.1220703125,-0.30517578125
7.227499900000001,0.6973112225532532,-0.5231330990791321,9.786299705505371,0,0,-0.152587890625
7.2324999000000005,0.702099621295929,-0.5225345492362976,9.786299705505371,-0.030517578125,-0.06103515625,-0.244140625
7.2374999,0.7080851793289185,-0.518943190574646,9.783905029296875,0.030517578125,-0.091552734375,-0.213623046875
7.2424999,0.7170634269714355,-0.5171475410461426,9.787496566772461,-0.030517578125,-0.030517578125,-0.274658203125
7.2474999,0.7230489253997803,-0.5159504413604736,9.780912399291992,-0.1220703125,-0.06103515625,-0.244140625
7.2524999,0.7248445749282837,-0.5141547918319702,9.774927139282227,0.091552734375,-0.091552734375,-0.213623046875
7.2574999,0.727837324142456,-0.5165489912033081,9.778518676757812,0.152587890625,0.1220703125,-0.213623046875
7.2624999,0.7254431247711182,-0.5165489912033081,9.77791976928711,-0.152587890625,0.213623046875,-0.244140625
7.267499900000001,0.7212532758712769,-0.5165489912033081,9.781511306762695,-0.030517578125,0.152587890625,-0.30517578125
7.272499900000001,0.7182605266571045,-0.5195417404174805,9.791686058044434,0.030517578125,0.152587890625,-0.213623046875
7.2774999000000005,0.7104793787002563,-0.5207388401031494,9.791088104248047,0.091552734375,0.152587890625,-0.244140625
7.2824999,0.7044938206672668,-0.5213374495506287,9.797073364257812,0.06103515625,0.06103515625,-0.18310546875
7.2874999,0.6985083222389221,-0.5165489912033081,9.797073364257812,0.091552734375,-0.06103515625,-0.244140625
7.2924999,0.70090252161026,-0.5135562419891357,9.79647445678711,0.030517578125,-0.06103515625,-0.1220703125
7.2974999,0.7056909799575806,-0.5135562419891357,9.792284965515137,0.06103515625,-0.06103515625,-0.30517578125
7.3024999,0.7110779285430908,-0.5117605924606323,9.79288387298584,0.06103515625,0.030517578125,-0.18310546875
7.3074999,0.7218518257141113,-0.5165489912033081,9.798270225524902,-0.030517578125,0.091552734375,-0.152587890625
7.312499900000001,0.7272387742996216,-0.5165489912033081,9.793481826782227,-0.030517578125,-0.06103515625,-0.335693359375
7.3174999000000005,0.7320271730422974,-0.518943190574646,9.798270225524902,0,-0.06103515625,-0.152587890625
7.3224999,0.7368155717849731,-0.5201402902603149,9.79527759552002,-0.030517578125,0.152587890625,-0.335693359375
7.3274999,0.7332242727279663,-0.5213374495506287,9.788095474243164,0,0.030517578125,-0.396728515625
7.3324999,0.7320271730422974,-0.5225345492362976,9.788095474243164,0.1220703125,0.152587890625,-0.274658203125
7.3374999,0.7272387742996216,-0.5231330990791321,9.780912399291992,-0.06103515625,0.1220703125,-0.396728515625
7.3424999,0.7080851793289185,-0.5207388401031494,9.774927139282227,0,0.06103515625,-0.42724609375
7.3474999,0.7032967209815979,-0.518943190574646,9.7791166305542,0,0,-0.274658203125
7.352499900000001,0.702099621295929,-0.517746090888977,9.785101890563965,-0.06103515625,-0.030517578125,-0.213623046875
7.3574999000000005,0.7003039717674255,-0.5135562419891357,9.789292335510254,0,-0.1220703125,-0.18310546875
7.3624999,0.7050924301147461,-0.5147533416748047,9.794678688049316,-0.030517578125,-0.030517578125,-0.091552734375
7.3674999,0.7086837291717529,-0.5129576921463013,9.791686058044434,-0.030517578125,-0.152587890625,-0.396728515625
7.3724999,0.7128735780715942,-0.5147533416748047,9.791088104248047,0.030517578125,-0.152587890625,-0.274658203125
7.3774999,0.718859076499939,-0.5183446407318115,9.79288387298584,0,-0.030517578125,-0.30517578125
7.3824999,0.7224503755569458,-0.5201402902603149,9.787496566772461,-0.06103515625,-0.06103515625,-0.335693359375
7.3874999,0.7260416746139526,-0.5231330990791321,9.788095474243164,-0.030517578125,0.152587890625,-0.152587890625
7.392499900000001,0.7296329736709595,-0.5225345492362976,9.79288387298584,-0.1220703125,0.18310546875,-0.30517578125
7.397499900000001,0.6979097723960876,-0.5111620426177979,9.79408073425293,-0.030517578125,0.030517578125,-0.152587890625
7.4024999000000005,0.6949170231819153,-0.5123591423034668,9.794678688049316,-0.030517578125,0.091552734375,-0.274658203125
7.4074999,0.6943184733390808,-0.5129576921463013,9.789292335510254,-0.06103515625,-0.030517578125,-0.396728515625
7.4124999,0.6991068720817566,-0.5141547918319702,9.791088104248047,-0.030517578125,0,-0.152587890625
7.4174999,0.7044938206672668,-0.5165489912033081,9.785700798034668,0,0.030517578125,-0.244140625
7.4224999,0.7152677774429321,-0.5159504413604736,9.785700798034668,0,-0.091552734375,-0.18310546875
7.4274999,0.7218518257141113,-0.5183446407318115,9.782708168029785,0.1220703125,-0.06103515625,-0.152587890625
7.4324999,0.7266402244567871,-0.5159504413604736,9.778518676757812,0,0.1220703125,-0.3662109375
7.437499900000001,0.7266402244567871,-0.5171475410461426,9.782109260559082,-0.06103515625,0.1220703125,-0.244140625
7.4424999000000005,0.7098808288574219,-0.5141547918319702,9.793481826782227,0.06103515625,0,-0.030517578125
7.4474999,0.7098808288574219,-0.5171475410461426,9.78869342803955,0.091552734375,0,-0.213623046875
7.4524999,0.7116764783859253,-0.5195417404174805,9.787496566772461,-0.030517578125,0.091552734375,-0.213623046875
7.4574999,0.7134721279144287,-0.5207388401031494,9.78869342803955,-0.06103515625,0.06103515625,-0.274658203125
7.4624999,0.7170634269714355,-0.5231330990791321,9.785700798034668,0,-0.030517578125,-0.30517578125
7.4674999,0.7170634269714355,-0.5231330990791321,9.791088104248047,0.091552734375,-0.06103515625,-0.091552734375
7.4724999,0.7200561761856079,-0.5267243981361389,9.792284965515137,0,0.091552734375,-0.335693359375
7.477499900000001,0.7224503755569458,-0.5261258482933044,9.79288387298584,0,0.06103515625,-0.30517578125
7.4824999000000005,0.7194576263427734,-0.5165489912033081,9.785700798034668,0,0.152587890625,-0.30517578125
7.4874999,0.7092822790145874,-0.5147533416748047,9.781511306762695,0.06103515625,0.030517578125,-0.18310546875
7.4924999,0.706289529800415,-0.5123591423034668,9.78869342803955,0.213623046875,0.152587890625,-0.18310546875
7.4974999,0.702099621295929,-0.5153518915176392,9.786897659301758,0.030517578125,0.1220703125,-0.30517578125
7.5024999,0.6997054219245911,-0.5171475410461426,9.782708168029785,0.030517578125,0,-0.244140625
7.5074999,0.7044938206672668,-0.517746090888977,9.786897659301758,0.030517578125,0,-0.091552734375
7.5124999,0.706289529800415,-0.5225345492362976,9.780313491821289,0.030517578125,-0.091552734375,-0.30517578125
7.517499900000001,0.7098808288574219,-0.5195417404174805,9.7791166305542,0.030517578125,-0.152587890625,-0.335693359375
7.522499900000001,0.7146692276000977,-0.5201402902603149,9.787496566772461,0.06103515625,0.06103515625,-0.18310546875
7.5274999000000005,0.71766197681427,-0.517746090888977,9.788095474243164,0.06103515625,0,-0.30517578125
7.5324999,0.7146692276000977,-0.5237316489219666,9.785700798034668,0.030517578125,0.091552734375,-0.18310546875
7.5374999,0.7128735780715942,-0.524330198764801,9.787496566772461,0.06103515625,0.18310546875,-0.244140625
7.5424999,0.7110779285430908,-0.5213374495506287,9.78869342803955,0,0.18310546875,-0.335693359375
7.5474999,0.7116764783859253,-0.518943190574646,9.797073364257812,-0.091552734375,0.030517578125,-0.3662109375
7.5524999,0.7140706777572632,-0.5183446407318115,9.799467086791992,0.06103515625,0.030517578125,-0.213623046875
7.5574999,0.7116764783859253,-0.5183446407318115,9.800664901733398,0.030517578125,0.06103515625,-0.274658203125
7.562499900000001,0.7146692276000977,-0.5195417404174805,9.804854393005371,-0.06103515625,-0.030517578125,-0.213623046875
7.5674999000000005,0.7122750282287598,-0.5219359993934631,9.799467086791992,-0.1220703125,-0.06103515625,-0.18310546875
7.5724999,0.7056909799575806,-0.5249287486076355,9.777320861816406,0,0.091552734375,-0.244140625
7.5774999,0.7044938206672668,-0.5273229479789734,9.774328231811523,0.06103515625,0.030517578125,-0.18310546875
7.5824999,0.7050924301147461,-0.5273229479789734,9.774328231811523,0.06103515625,0,-0.335693359375
7.5874999,0.7056909799575806,-0.5273229479789734,9.77013874053955,-0.06103515625,0.06103515625,-0.244140625
7.5924999,0.707486629486084,-0.5249287486076355,9.775525093078613,0.091552734375,0.091552734375,-0.06103515625
7.5974999,0.7080851793289185,-0.5231330990791321,9.778518676757812,0.1220703125,0.091552734375,-0.30517578125
7.602499900000001,0.7116764783859253,-0.5129576921463013,9.780313491821289,-0.030517578125,-0.152587890625,-0.18310546875
7.6074999000000005,0.7152677774429321,-0.5111620426177979,9.780912399291992,0.06103515625,-0.1220703125,-0.091552734375
7.6124999,0.7152677774429321,-0.5111620426177979,9.780912399291992,0.06103515625,-0.1220703125,-0.091552734375
7.6174999,0.7200561761856079,-0.5153518915176392,9.777320861816406,-0.06103515625,0,-0.244140625
7.6224999,0.7230489253997803,-0.5183446407318115,9.782708168029785,0.091552734375,-0.091552734375,-0.18310546875
7.6274999,0.7242460250854492,-0.5201402902603149,9.785101890563965,0.030517578125,0,-0.244140625
7.6324999,0.7224503755569458,-0.518943190574646,9.782708168029785,-0.06103515625,0.1220703125,-0.18310546875
7.6374999,0.7182605266571045,-0.5165489912033081,9.786897659301758,-0.030517578125,0.1220703125,-0.1220703125
7.642499900000001,0.7128735780715942,-0.5135562419891357,9.786299705505371,0.1220703125,0,-0.18310546875
7.647499900000001,0.7044938206672668,-0.5147533416748047,9.785700798034668,0,0.06103515625,-0.18310546875
7.6524999000000005,0.702099621295929,-0.5141547918319702,9.78989028930664,0.1220703125,0,-0.213623046875
7.6574999,0.6991068720817566,-0.5159504413604736,9.79408073425293,0,0.030517578125,-0.274658203125
7.6624999,0.7026981711387634,-0.5117605924606323,9.798270225524902,0,-0.030517578125,-0.213623046875
7.6674999,0.7104793787002563,-0.5093663930892944,9.801262855529785,0.091552734375,-0.06103515625,-0.274658203125
7.6724999,0.7170634269714355,-0.5069721937179565,9.801262855529785,-0.030517578125,-0.091552734375,-0.244140625
7.6774999,0.7266402244567871,-0.5141547918319702,9.798869132995605,0.091552734375,-0.06103515625,-0.18310546875
7.6824999,0.7194576263427734,-0.524330198764801,9.801262855529785,0.091552734375,0.030517578125,-0.1220703125
7.687499900000001,0.7194576263427734,-0.524330198764801,9.801262855529785,0.091552734375,0.030517578125,-0.1220703125
7.6924999000000005,0.71766197681427,-0.5237316489219666,9.800065994262695,-0.06103515625,0.152587890625,-0.213623046875
7.6974999,0.7116764783859253,-0.5207388401031494,9.79527759552002,0,0.18310546875,-0.213623046875
7.7024999,0.7068880796432495,-0.518943190574646,9.793481826782227,0.244140625,0.152587890625,-0.213623046875
7.7074999,0.7056909799575806,-0.5159504413604736,9.79408073425293,0.06103515625,0.244140625,-0.335693359375
7.7124999,0.7026981711387634,-0.5153518915176392,9.78989028930664,0,0.06103515625,-0.244140625
7.7174999,0.707486629486084,-0.5129576921463013,9.791686058044434,0.06103515625,0.06103515625,-0.30517578125
7.7224999,0.7164648771286011,-0.518943190574646,9.795876502990723,0.091552734375,-0.06103515625,-0.3662109375
7.727499900000001,0.7164648771286011,-0.518943190574646,9.795876502990723,0.091552734375,-0.06103515625,-0.3662109375
7.7324999000000005,0.7206547260284424,-0.5201402902603149,9.792284965515137,0,-0.06103515625,-0.274658203125
7.7374999,0.729034423828125,-0.5225345492362976,9.797073364257812,0,0.091552734375,-0.1220703125
7.7424999,0.7350199222564697,-0.52552729845047,9.792284965515137,-0.06103515625,0.18310546875,-0.274658203125
7.7474999,0.7374141216278076,-0.5267243981361389,9.790489196777344,0.030517578125,0.06103515625,-0.244140625
7.7524999,0.7368155717849731,-0.5285200476646423,9.78989028930664,0.06103515625,0.091552734375,-0.274658203125
7.7574999,0.729034423828125,-0.5273229479789734,9.784503936767578,0.030517578125,0.06103515625,-0.335693359375
7.7624999,0.6979097723960876,-0.5111620426177979,9.786299705505371,-0.030517578125,-0.030517578125,-0.274658203125
7.767499900000001,0.7068880796432495,-0.5099649429321289,9.782109260559082,-0.030517578125,0,-0.274658203125
7.772499900000001,0.7122750282287598,-0.5099649429321289,9.783307075500488,0.030517578125,-0.06103515625,-0.335693359375
7.7774999000000005,0.718859076499939,-0.5099649429321289,9.785700798034668,-0.030517578125,-0.030517578125,-0.18310546875
7.7824999,0.7182605266571045,-0.5111620426177979,9.78869342803955,-0.06103515625,-0.1220703125,-0.18310546875
7.7874999,0.7230489253997803,-0.5111620426177979,9.79408073425293,0.06103515625,0.152587890625,-0.213623046875
7.7924999,0.7242460250854492,-0.5129576921463013,9.797073364257812,0.030517578125,0.06103515625,-0.396728515625
7.7974999,0.7254431247711182,-0.5135562419891357,9.800664901733398,-0.030517578125,-0.091552734375,-0.335693359375
7.8024999,0.7248445749282837,-0.5147533416748047,9.800065994262695,0,0.030517578125,-0.244140625
7.807499900000001,0.7170634269714355,-0.5165489912033081,9.793481826782227,-0.030517578125,0.1220703125,-0.3662109375
7.812499900000001,0.7116764783859253,-0.517746090888977,9.793481826782227,0.1220703125,0.06103515625,-0.213623046875
7.8174999000000005,0.7026981711387634,-0.5183446407318115,9.78989028930664,0.030517578125,0.030517578125,-0.152587890625
7.8224999,0.6955155730247498,-0.517746090888977,9.787496566772461,0,0.091552734375,-0.18310546875
7.8274999,0.702099621295929,-0.5195417404174805,9.800065994262695,0,0.030517578125,-0.244140625
7.8324999,0.707486629486084,-0.5219359993934631,9.79527759552002,-0.1220703125,0,-0.335693359375
7.8374999,0.7146692276000977,-0.518943190574646,9.798270225524902,0,0,-0.18310546875
7.8424999,0.7248445749282837,-0.5201402902603149,9.795876502990723,-0.06103515625,0.091552734375,-0.274658203125
7.8474999,0.7272387742996216,-0.5225345492362976,9.797073364257812,0.030517578125,0.06103515625,-0.335693359375
7.852499900000001,0.7236474752426147,-0.52552729845047,9.794678688049316,0.06103515625,0.18310546875,-0.274658203125
7.8574999000000005,0.7164648771286011,-0.5261258482933044,9.799467086791992,0.030517578125,0.091552734375,-0.213623046875
7.8624999,0.7098808288574219,-0.5225345492362976,9.800664901733398,0.152587890625,0.152587890625,-0.244140625
7.8674999,0.7026981711387634,-0.5195417404174805,9.802460670471191,-0.06103515625,0.1220703125,-0.396728515625
7.8724999,0.7038952708244324,-0.5093663930892944,9.801262855529785,-0.030517578125,0.030517578125,-0.274658203125
7.8774999,0.707486629486084,-0.50876784324646,9.79647445678711,-0.1220703125,0.152587890625,-0.244140625
7.8824999,0.7116764783859253,-0.5081692934036255,9.797672271728516,0,-0.06103515625,-0.06103515625
7.8874999,0.7158663272857666,-0.5093663930892944,9.798270225524902,0.030517578125,0.06103515625,-0.274658203125
7.892499900000001,0.7170634269714355,-0.5111620426177979,9.800065994262695,0.030517578125,0.091552734375,-0.274658203125
7.897499900000001,0.7200561761856079,-0.5153518915176392,9.800664901733398,0.06103515625,0.091552734375,-0.30517578125
7.9024999000000005,0.7194576263427734,-0.5201402902603149,9.802460670471191,0.030517578125,0.030517578125,-0.3662109375
7.9074999,0.718859076499939,-0.5201402902603149,9.798869132995605,-0.06103515625,-0.1220703125,-0.18310546875
7.9124999,0.7134721279144287,-0.5213374495506287,9.799467086791992,0.1220703125,0.030517578125,-0.152587890625
7.9174999,0.7104793787002563,-0.5147533416748047,9.797073364257812,0.091552734375,0.091552734375,-0.244140625
7.9224999,0.7038952708244324,-0.5099649429321289,9.79527759552002,0.030517578125,0.06103515625,-0.335693359375
7.9274999,0.70090252161026,-0.5081692934036255,9.79288387298584,0.1220703125,-0.18310546875,-0.1220703125
7.932499900000001,0.7200561761856079,-0.5183446407318115,9.78989028930664,0.06103515625,0.030517578125,-0.213623046875
7.937499900000001,0.7206547260284424,-0.518943190574646,9.794678688049316,0.091552734375,0.030517578125,-0.274658203125
7.9424999000000005,0.7230489253997803,-0.5195417404174805,9.802460670471191,-0.1220703125,0.06103515625,-0.3662109375
7.9474999,0.7236474752426147,-0.5201402902603149,9.813234329223633,-0.030517578125,0.06103515625,-0.30517578125
7.9524999,0.7206547260284424,-0.518943190574646,9.808445930480957,-0.030517578125,-0.030517578125,-0.274658203125
7.9574999,0.7200561761856079,-0.5195417404174805,9.809642791748047,0.06103515625,0.030517578125,-0.1220703125
7.9624999,0.7194576263427734,-0.5207388401031494,9.803058624267578,0.030517578125,0.091552734375,-0.244140625
7.9674999,0.7134721279144287,-0.5219359993934631,9.797073364257812,-0.091552734375,0.213623046875,-0.3662109375
7.9724999,0.7128735780715942,-0.5201402902603149,9.798270225524902,0.1220703125,0.1220703125,-0.1220703125
7.977499900000001,0.7038952708244324,-0.5207388401031494,9.797672271728516,0,0.06103515625,-0.213623046875
7.9824999000000005,0.7026981711387634,-0.5201402902603149,9.798869132995605,-0.030517578125,0,-0.244140625
7.9874999,0.6985083222389221,-0.5171475410461426,9.79647445678711,0,-0.06103515625,-0.396728515625
7.9924999,0.7003039717674255,-0.5135562419891357,9.797073364257812,-0.06103515625,-0.06103515625,-0.335693359375
7.9974999,0.7056909799575806,-0.5105634927749634,9.797073364257812,-0.030517578125,0.030517578125,-0.213623046875
8.0024999,0.7104793787002563,-0.5093663930892944,9.791686058044434,-0.1220703125,-0.152587890625,-0.274658203125
8.007499900000001,0.7182605266571045,-0.5117605924606323,9.794678688049316,0.06103515625,0,-0.274658203125
8.0124999,0.7224503755569458,-0.5141547918319702,9.790489196777344,-0.030517578125,0.06103515625,-0.335693359375
8.0174999,0.7236474752426147,-0.5141547918319702,9.788095474243164,-0.06103515625,-0.091552734375,-0.091552734375
8.0224999,0.7248445749282837,-0.517746090888977,9.791686058044434,0.06103515625,0.030517578125,-0.244140625
8.0274999,0.7206547260284424,-0.5165489912033081,9.78989028930664,0,0,-0.30517578125
8.0324999,0.71766197681427,-0.5159504413604736,9.792284965515137,0.030517578125,0.091552734375,-0.244140625
8.0374999,0.7050924301147461,-0.5093663930892944,9.79408073425293,0.091552734375,0.091552734375,-0.152587890625
8.042499900000001,0.7044938206672668,-0.5117605924606323,9.78989028930664,0.091552734375,0.06103515625,-0.244140625
8.0474999,0.7056909799575806,-0.5159504413604736,9.786299705505371,0.06103515625,-0.030517578125,-0.1220703125
8.0524999,0.7086837291717529,-0.5219359993934631,9.788095474243164,0.091552734375,-0.1220703125,-0.213623046875
8.0574999,0.7116764783859253,-0.5213374495506287,9.783905029296875,-0.06103515625,-0.213623046875,-0.274658203125
8.0624999,0.7164648771286011,-0.5219359993934631,9.786897659301758,-0.091552734375,-0.1220703125,-0.213623046875
8.0674999,0.7206547260284424,-0.5213374495506287,9.782109260559082,-0.091552734375,-0.1220703125,-0.1220703125
8.0724999,0.7242460250854492,-0.5213374495506287,9.785101890563965,-0.06103515625,0.030517578125,-0.1220703125
8.0774999,0.7284358739852905,-0.5237316489219666,9.785101890563965,0,0.030517578125,-0.18310546875
8.0824999,0.7026981711387634,-0.5303156971931458,9.792284965515137,-0.030517578125,0.06103515625,-0.091552734375
8.087499900000001,0.6967126727104187,-0.5297171473503113,9.791088104248047,0.06103515625,0.1220703125,-0.213623046875
8.0924999,0.6913257241249084,-0.524330198764801,9.79288387298584,0.030517578125,0.091552734375,-0.274658203125
8.0974999,0.6925228238105774,-0.518943190574646,9.792284965515137,-0.06103515625,-0.1220703125,-0.18310546875
8.1024999,0.6967126727104187,-0.5141547918319702,9.79527759552002,0.030517578125,0.030517578125,-0.152587890625
8.1074999,0.7032967209815979,-0.5135562419891357,9.791686058044434,-0.06103515625,0,-0.3662109375
8.1124999,0.7110779285430908,-0.5159504413604736,9.78869342803955,-0.030517578125,0,-0.3662109375
8.1174999,0.7170634269714355,-0.517746090888977,9.781511306762695,-0.030517578125,0.06103515625,-0.213623046875
8.122499900000001,0.7206547260284424,-0.5225345492362976,9.774328231811523,-0.030517578125,0.1220703125,-0.244140625
8.1274999,0.7230489253997803,-0.5219359993934631,9.776124000549316,-0.030517578125,0.152587890625,-0.244140625
8.132499900000001,0.7230489253997803,-0.5249287486076355,9.774328231811523,0.06103515625,0.06103515625,-0.18310546875
8.1374999,0.7200561761856079,-0.5231330990791321,9.77791976928711,-0.06103515625,0.06103515625,-0.18310546875
8.1424999,0.7170634269714355,-0.5237316489219666,9.783307075500488,-0.091552734375,0.18310546875,-0.244140625
8.1474999,0.707486629486084,-0.5237316489219666,9.786897659301758,0,0.152587890625,-0.244140625
8.1524999,0.6997054219245911,-0.52552729845047,9.787496566772461,0.06103515625,0.091552734375,-0.213623046875
8.1574999,0.6919242739677429,-0.5249287486076355,9.792284965515137,0.1220703125,0.152587890625,-0.274658203125
8.1624999,0.7003039717674255,-0.518943190574646,9.794678688049316,0.06103515625,-0.06103515625,-0.213623046875
8.167499900000001,0.706289529800415,-0.5195417404174805,9.798869132995605,0.030517578125,-0.06103515625,-0.18310546875
8.1724999,0.7110779285430908,-0.5219359993934631,9.800065994262695,-0.06103515625,0,-0.213623046875
8.1774999,0.7152677774429321,-0.5207388401031494,9.797073364257812,-0.030517578125,-0.030517578125,-0.274658203125
8.1824999,0.7026981711387634,-0.5213374495506287,9.79527759552002,0.06103515625,0.213623046875,-0.30517578125
8.1874999,0.690727174282074,-0.518943190574646,9.791088104248047,0,0.030517578125,-0.244140625
8.1924999,0.6871358752250671,-0.518943190574646,9.78869342803955,0,0.1220703125,-0.274658203125
8.1974999,0.689530074596405,-0.5141547918319702,9.787496566772461,-0.030517578125,0.091552734375,-0.3662109375
8.2024999,0.689530074596405,-0.5141547918319702,9.787496566772461,-0.030517578125,0.091552734375,-0.3662109375
8.2074999,0.6937199234962463,-0.5117605924606323,9.784503936767578,0.030517578125,0.030517578125,-0.30517578125
8.212499900000001,0.706289529800415,-0.507570743560791,9.786897659301758,-0.030517578125,0.06103515625,-0.274658203125
8.2174999,0.7218518257141113,-0.5207388401031494,9.78989028930664,0.06103515625,0.213623046875,-0.213623046875
8.2224999,0.7218518257141113,-0.5207388401031494,9.78989028930664,0.06103515625,0.213623046875,-0.213623046875
8.2274999,0.7116764783859253,-0.5219359993934631,9.78989028930664,-0.06103515625,0.1220703125,-0.18310546875
8.2324999,0.7032967209815979,-0.5225345492362976,9.79288387298584,0.06103515625,0.06103515625,-0.1220703125
8.2374999,0.6985083222389221,-0.5213374495506287,9.79408073425293,0.18310546875,0.1220703125,-0.152587890625
8.2424999,0.6949170231819153,-0.5207388401031494,9.79408073425293,0.06103515625,0,-0.213623046875
8.247499900000001,0.6979097723960876,-0.5213374495506287,9.79647445678711,0.091552734375,0.06103515625,-0.244140625
8.2524999,0.7003039717674255,-0.5195417404174805,9.789292335510254,0,-0.030517578125,-0.30517578125
8.257499900000001,0.707486629486084,-0.5195417404174805,9.78869342803955,-0.06103515625,-0.030517578125,-0.274658203125
8.2624999,0.7194576263427734,-0.5153518915176392,9.782109260559082,0.030517578125,-0.030517578125,-0.18310546875
8.2674999,0.7236474752426147,-0.5123591423034668,9.783307075500488,0.030517578125,0,-0.06103515625
8.2724999,0.7242460250854492,-0.5111620426177979,9.787496566772461,0.1220703125,-0.091552734375,-0.152587890625
8.2774999,0.7200561761856079,-0.5111620426177979,9.787496566772461,-0.030517578125,-0.030517578125,-0.18310546875
8.2824999,0.7152677774429321,-0.5111620426177979,9.79527759552002,-0.091552734375,0.06103515625,-0.1220703125
8.2874999,0.7110779285430908,-0.5129576921463013,9.800065994262695,0.18310546875,0.06103515625,-0.244140625
8.292499900000001,0.7068880796432495,-0.5129576921463013,9.802460670471191,-0.091552734375,0.030517578125,-0.18310546875
8.2974999,0.7086837291717529,-0.5141547918319702,9.804255485534668,0,0.06103515625,-0.091552734375
8.3024999,0.7092822790145874,-0.5147533416748047,9.800065994262695,-0.030517578125,0.244140625,-0.213623046875
8.3074999,0.7086837291717529,-0.5153518915176392,9.791686058044434,0.030517578125,0.213623046875,-0.335693359375
8.3124999,0.7092822790145874,-0.5165489912033081,9.784503936767578,0.1220703125,0.091552734375,-0.1220703125
8.3174999,0.7086837291717529,-0.5165489912033081,9.778518676757812,0,0.030517578125,-0.213623046875
8.3224999,0.7092822790145874,-0.5135562419891357,9.781511306762695,0.030517578125,-0.091552734375,-0.213623046875
8.3274999,0.7122750282287598,-0.5135562419891357,9.785101890563965,0.030517578125,-0.030517578125,-0.18310546875
8.3324999,0.7158663272857666,-0.5165489912033081,9.786299705505371,0.030517578125,-0.030517578125,-0.152587890625
8.337499900000001,0.71766197681427,-0.518943190574646,9.787496566772461,-0.06103515625,0,-0.213623046875
8.3424999,0.7170634269714355,-0.5213374495506287,9.78989028930664,0.1220703125,0.030517578125,-0.213623046875
8.3474999,0.7140706777572632,-0.5207388401031494,9.790489196777344,0.1220703125,0.18310546875,-0.335693359375
8.3524999,0.7098808288574219,-0.517746090888977,9.791686058044434,0.030517578125,0.18310546875,-0.18310546875
8.3574999,0.7032967209815979,-0.5165489912033081,9.792284965515137,-0.1220703125,0.274658203125,-0.274658203125
8.3624999,0.6985083222389221,-0.5165489912033081,9.790489196777344,0.091552734375,0.152587890625,-0.18310546875
8.3674999,0.6967126727104187,-0.5183446407318115,9.791686058044434,0.152587890625,0.091552734375,-0.152587890625
8.372499900000001,0.6967126727104187,-0.5195417404174805,9.791686058044434,-0.030517578125,0.1220703125,-0.244140625
8.3774999,0.7224503755569458,-0.5183446407318115,9.792284965515137,0,-0.091552734375,-0.244140625
8.382499900000001,0.7266402244567871,-0.5165489912033081,9.794678688049316,0.06103515625,0,-0.335693359375
8.3874999,0.7254431247711182,-0.5153518915176392,9.792284965515137,-0.091552734375,0,-0.213623046875
8.3924999,0.7248445749282837,-0.5153518915176392,9.792284965515137,0.06103515625,0,-0.152587890625
8.3974999,0.7224503755569458,-0.5165489912033081,9.789292335510254,0.030517578125,0.06103515625,-0.244140625
8.4024999,0.7152677774429321,-0.5183446407318115,9.783307075500488,-0.1220703125,0.091552734375,-0.30517578125
8.4074999,0.7110779285430908,-0.518943190574646,9.783307075500488,0.030517578125,0.1220703125,-0.152587890625
8.4124999,0.7050924301147461,-0.5207388401031494,9.783905029296875,-0.030517578125,0.244140625,-0.3662109375
8.417499900000001,0.7003039717674255,-0.5201402902603149,9.784503936767578,0.06103515625,0.091552734375,-0.30517578125
8.4224999,0.7032967209815979,-0.5201402902603149,9.78869342803955,-0.091552734375,0.1220703125,-0.335693359375
8.4274999,0.7086837291717529,-0.5225345492362976,9.78869342803955,0.030517578125,0.06103515625,-0.213623046875
8.4324999,0.7122750282287598,-0.5201402902603149,9.786299705505371,0.06103515625,0,-0.274658203125
8.4374999,0.7164648771286011,-0.517746090888977,9.782708168029785,-0.06103515625,-0.030517578125,-0.30517578125
8.4424999,0.7218518257141113,-0.5147533416748047,9.788095474243164,-0.06103515625,0.030517578125,-0.30517578125
8.4474999,0.7212532758712769,-0.5135562419891357,9.789292335510254,-0.030517578125,0.030517578125,-0.396728515625
8.4524999,0.7206547260284424,-0.5093663930892944,9.78869342803955,-0.030517578125,0,-0.30517578125
8.4574999,0.7164648771286011,-0.50876784324646,9.791088104248047,0.1220703125,0.030517578125,-0.244140625
8.462499900000001,0.7092822790145874,-0.5051765441894531,9.788095474243164,0.030517578125,0.213623046875,-0.152587890625
8.4674999,0.7044938206672668,-0.5045779943466187,9.786897659301758,0.030517578125,0.18310546875,-0.18310546875
8.4724999,0.7015010714530945,-0.5033808946609497,9.78989028930664,0.030517578125,0.06103515625,-0.213623046875
8.4774999,0.6985083222389221,-0.5033808946609497,9.786299705505371,-0.030517578125,0.06103515625,-0.1220703125
8.4824999,0.7200561761856079,-0.5063736438751221,9.786897659301758,-0.06103515625,0.091552734375,-0.30517578125
8.4874999,0.7206547260284424,-0.507570743560791,9.78869342803955,0.030517578125,0.091552734375,-0.18310546875
8.4924999,0.7212532758712769,-0.5117605924606323,9.790489196777344,-0.030517578125,0.06103515625,-0.213623046875
8.497499900000001,0.7182605266571045,-0.5159504413604736,9.79408073425293,-0.030517578125,0.06103515625,-0.152587890625
8.5024999,0.7146692276000977,-0.518943190574646,9.801262855529785,0.06103515625,0.152587890625,-0.1220703125
8.507499900000001,0.7092822790145874,-0.518943190574646,9.802460670471191,-0.030517578125,0.091552734375,-0.18310546875
8.5124999,0.7050924301147461,-0.518943190574646,9.800065994262695,0,0.091552734375,-0.3662109375
8.5174999,0.7026981711387634,-0.5171475410461426,9.793481826782227,0.030517578125,0.152587890625,-0.244140625
8.5224999,0.7003039717674255,-0.5141547918319702,9.787496566772461,0,0.091552734375,-0.274658203125
8.5274999,0.6979097723960876,-0.5141547918319702,9.780313491821289,0.030517578125,-0.1220703125,-0.274658203125
8.5324999,0.6967126727104187,-0.5105634927749634,9.77791976928711,0.1220703125,-0.091552734375,-0.1220703125
8.5374999,0.7015010714530945,-0.5093663930892944,9.779715538024902,-0.030517578125,0.030517578125,-0.152587890625
8.542499900000001,0.7068880796432495,-0.5069721937179565,9.782109260559082,-0.091552734375,0.1220703125,-0.3662109375
8.5474999,0.7152677774429321,-0.5081692934036255,9.784503936767578,0.030517578125,-0.091552734375,-0.30517578125
8.5524999,0.7206547260284424,-0.5123591423034668,9.786897659301758,0.091552734375,0,-0.18310546875
8.5574999,0.7254431247711182,-0.5165489912033081,9.786897659301758,0.030517578125,0.030517578125,-0.30517578125
8.5624999,0.7230489253997803,-0.5171475410461426,9.785700798034668,0,0.091552734375,-0.213623046875
8.5674999,0.7206547260284424,-0.5183446407318115,9.786897659301758,0.030517578125,0.244140625,-0.18310546875
8.5724999,0.7152677774429321,-0.5141547918319702,9.789292335510254,0.06103515625,0.06103515625,-0.335693359375
8.577499900000001,0.7056909799575806,-0.5117605924606323,9.78989028930664,0.030517578125,0.1220703125,-0.30517578125
8.5824999,0.7158663272857666,-0.5141547918319702,9.789292335510254,0.091552734375,-0.274658203125,-0.274658203125
8.587499900000001,0.7182605266571045,-0.5141547918319702,9.788095474243164,0,-0.1220703125,-0.213623046875
8.5924999,0.7200561761856079,-0.5135562419891357,9.785101890563965,-0.030517578125,0,-0.18310546875
8.5974999,0.7194576263427734,-0.5141547918319702,9.783905029296875,-0.06103515625,0.030517578125,-0.18310546875
8.6024999,0.7194576263427734,-0.5147533416748047,9.783307075500488,-0.030517578125,0,-0.244140625
8.6074999,0.7170634269714355,-0.5123591423034668,9.780313491821289,0.030517578125,0.06103515625,-0.213623046875
8.6124999,0.7146692276000977,-0.5117605924606323,9.786897659301758,0,0.1220703125,-0.213623046875
8.6174999,0.7104793787002563,-0.507570743560791,9.786897659301758,0,0.030517578125,-0.244140625
8.622499900000001,0.7026981711387634,-0.5069721937179565,9.798270225524902,0.030517578125,0.091552734375,-0.335693359375
8.6274999,0.7003039717674255,-0.507570743560791,9.799467086791992,0.1220703125,-0.1220703125,-0.244140625
8.632499900000001,0.6967126727104187,-0.5057750940322876,9.798270225524902,0.030517578125,0.091552734375,-0.30517578125
8.6374999,0.6979097723960876,-0.5045779943466187,9.801262855529785,-0.06103515625,0.152587890625,-0.3662109375
8.6424999,0.7104793787002563,-0.5099649429321289,9.801861763000488,0.152587890625,0,-0.213623046875
8.6474999,0.7164648771286011,-0.5129576921463013,9.798869132995605,0.091552734375,-0.1220703125,-0.30517578125
8.6524999,0.7206547260284424,-0.5147533416748047,9.79408073425293,0.1220703125,0,-0.335693359375
8.6574999,0.7230489253997803,-0.5165489912033081,9.79408073425293,0.030517578125,-0.06103515625,-0.18310546875
8.6624999,0.7206547260284424,-0.5183446407318115,9.786299705505371,0.030517578125,0.091552734375,-0.244140625
8.667499900000001,0.7164648771286011,-0.518943190574646,9.785101890563965,0.18310546875,0.1220703125,-0.18310546875
8.6724999,0.7092822790145874,-0.5171475410461426,9.783905029296875,0.030517578125,0.18310546875,-0.244140625
8.6774999,0.7038952708244324,-0.5159504413604736,9.786299705505371,0.06103515625,0.1220703125,-0.213623046875
8.6824999,0.70090252161026,-0.5153518915176392,9.787496566772461,0.06103515625,0,-0.244140625
8.6874999,0.6997054219245911,-0.5171475410461426,9.78869342803955,0.06103515625,0.030517578125,-0.30517578125
8.6924999,0.70090252161026,-0.5201402902603149,9.793481826782227,0.091552734375,-0.06103515625,-0.3662109375
8.6974999,0.7050924301147461,-0.5249287486076355,9.792284965515137,0.06103515625,0.06103515625,-0.213623046875
8.702499900000001,0.7116764783859253,-0.5279214978218079,9.79408073425293,0.091552734375,0.030517578125,-0.152587890625
8.7074999,0.7164648771286011,-0.5279214978218079,9.79288387298584,0.030517578125,0.06103515625,-0.30517578125
8.712499900000001,0.718859076499939,-0.52552729845047,9.786299705505371,-0.06103515625,-0.030517578125,-0.213623046875
8.7174999,0.7224503755569458,-0.5231330990791321,9.786897659301758,-0.030517578125,0.1220703125,-0.152587890625
8.7224999,0.7032967209815979,-0.5141547918319702,9.79288387298584,0.030517578125,0.152587890625,-0.152587890625
8.7274999,0.70090252161026,-0.5123591423034668,9.790489196777344,0.030517578125,0.091552734375,-0.18310546875
8.7324999,0.7015010714530945,-0.5111620426177979,9.787496566772461,0.213623046875,0.091552734375,-0.335693359375
8.7374999,0.7044938206672668,-0.5099649429321289,9.783905029296875,-0.06103515625,0.091552734375,-0.30517578125
8.7424999,0.707486629486084,-0.5111620426177979,9.783307075500488,0.030517578125,-0.030517578125,-0.1220703125
8.747499900000001,0.7122750282287598,-0.5141547918319702,9.783307075500488,0.06103515625,0.06103515625,-0.213623046875
8.7524999,0.7170634269714355,-0.5171475410461426,9.784503936767578,-0.06103515625,-0.06103515625,-0.213623046875
8.757499900000001,0.7266402244567871,-0.5213374495506287,9.786897659301758,0.1220703125,-0.152587890625,-0.213623046875
8.7624999,0.7338228225708008,-0.524330198764801,9.78869342803955,0.1220703125,-0.06103515625,-0.18310546875
8.7674999,0.7374141216278076,-0.5249287486076355,9.788095474243164,0.06103515625,0.06103515625,-0.30517578125
8.7724999,0.7146692276000977,-0.5135562419891357,9.785700798034668,0.1220703125,0.152587890625,-0.244140625
8.7774999,0.7050924301147461,-0.5099649429321289,9.783307075500488,0.030517578125,0,-0.152587890625
8.7824999,0.702099621295929,-0.5117605924606323,9.78869342803955,0.06103515625,0.091552734375,-0.244140625
8.7874999,0.6985083222389221,-0.5117605924606323,9.786299705505371,0,0.244140625,-0.1220703125
8.792499900000001,0.6967126727104187,-0.5171475410461426,9.78869342803955,0.030517578125,0.091552734375,-0.18310546875
8.7974999,0.6967126727104187,-0.5171475410461426,9.78869342803955,0.030517578125,0.091552734375,-0.18310546875
8.8024999,0.7003039717674255,-0.5195417404174805,9.790489196777344,0,0,-0.274658203125
8.8074999,0.7003039717674255,-0.5195417404174805,9.790489196777344,0,0,-0.274658203125
8.8124999,0.706289529800415,-0.5201402902603149,9.789292335510254,0.152587890625,0,-0.244140625
8.8174999,0.7140706777572632,-0.5195417404174805,9.790489196777344,-0.06103515625,-0.06103515625,-0.18310546875
8.8224999,0.7194576263427734,-0.5153518915176392,9.787496566772461,0.030517578125,-0.06103515625,-0.152587890625
8.827499900000001,0.7110779285430908,-0.5147533416748047,9.792284965515137,0.1220703125,0.06103515625,-0.18310546875
8.8324999,0.7110779285430908,-0.5147533416748047,9.792284965515137,0.1220703125,0.06103515625,-0.18310546875
8.837499900000001,0.7044938206672668,-0.5147533416748047,9.786299705505371,0.06103515625,0,-0.1220703125
8.8424999,0.70090252161026,-0.5159504413604736,9.782109260559082,0.1220703125,0.091552734375,-0.30517578125
8.8474999,0.6967126727104187,-0.5165489912033081,9.776124000549316,0.091552734375,0.1220703125,-0.274658203125
8.8524999,0.6997054219245911,-0.517746090888977,9.77791976928711,0,0.152587890625,-0.30517578125
8.8574999,0.7015010714530945,-0.5219359993934631,9.782708168029785,0.030517578125,0.091552734375,-0.274658203125
8.8624999,0.7050924301147461,-0.5249287486076355,9.786897659301758,0,0.091552734375,-0.274658203125
8.8674999,0.7086837291717529,-0.5285200476646423,9.792284965515137,-0.06103515625,0.152587890625,-0.274658203125
8.872499900000001,0.7122750282287598,-0.5279214978218079,9.79527759552002,0.030517578125,0.091552734375,-0.213623046875
8.8774999,0.7158663272857666,-0.5165489912033081,9.785700798034668,0.152587890625,0.030517578125,-0.274658203125
8.882499900000001,0.7158663272857666,-0.5165489912033081,9.785700798034668,0.152587890625,0.030517578125,-0.274658203125
8.8874999,0.7104793787002563,-0.5201402902603149,9.786897659301758,-0.091552734375,0.091552734375,-0.213623046875
8.8924999,0.706289529800415,-0.517746090888977,9.783905029296875,-0.06103515625,0.152587890625,-0.213623046875
8.8974999,0.7026981711387634,-0.5207388401031494,9.786299705505371,0.030517578125,0.091552734375,-0.18310546875
8.9024999,0.7038952708244324,-0.518943190574646,9.79408073425293,0.030517578125,0.152587890625,-0.335693359375
8.9074999,0.707486629486084,-0.5201402902603149,9.794678688049316,0,0.091552734375,-0.244140625
8.9124999,0.7104793787002563,-0.5201402902603149,9.79527759552002,0.091552734375,-0.030517578125,-0.213623046875
8.917499900000001,0.7152677774429321,-0.5195417404174805,9.799467086791992,0,0.030517578125,-0.274658203125
8.9224999,0.7218518257141113,-0.5231330990791321,9.800065994262695,-0.030517578125,0,-0.244140625
8.9274999,0.7260416746139526,-0.5285200476646423,9.800065994262695,-0.1220703125,0.06103515625,-0.30517578125
8.9324999,0.7218518257141113,-0.5237316489219666,9.79288387298584,-0.06103515625,-0.030517578125,-0.244140625
8.9374999,0.7158663272857666,-0.5207388401031494,9.791686058044434,0,-0.06103515625,-0.213623046875
8.9424999,0.7092822790145874,-0.5129576921463013,9.791088104248047,0.030517578125,0.091552734375,-0.396728515625
8.9474999,0.7026981711387634,-0.5117605924606323,9.789292335510254,0.030517578125,0.213623046875,-0.3662109375
8.952499900000001,0.7003039717674255,-0.5093663930892944,9.791686058044434,0.030517578125,0.091552734375,-0.1220703125
8.9574999,0.6961141228675842,-0.5123591423034668,9.794678688049316,0.030517578125,0.06103515625,-0.213623046875
8.962499900000001,0.7260416746139526,-0.517746090888977,9.780912399291992,0.091552734375,0,-0.244140625
8.9674999,0.7224503755569458,-0.5141547918319702,9.77253246307373,0,0.030517578125,-0.274658203125
8.9724999,0.7158663272857666,-0.5117605924606323,9.775525093078613,0.1220703125,0.030517578125,-0.3662109375
8.9774999,0.7092822790145874,-0.5081692934036255,9.779715538024902,0.091552734375,0.06103515625,-0.30517578125
8.9824999,0.7015010714530945,-0.5057750940322876,9.785101890563965,0.030517578125,0.152587890625,-0.213623046875
8.9874999,0.6967126727104187,-0.507570743560791,9.790489196777344,0.152587890625,0.18310546875,-0.274658203125
8.9924999,0.6967126727104187,-0.5111620426177979,9.79527759552002,0.091552734375,0.1220703125,-0.3662109375
8.997499900000001,0.6967126727104187,-0.5141547918319702,9.794678688049316,-0.030517578125,-0.030517578125,-0.30517578125
9.0024999,0.7050924301147461,-0.5159504413604736,9.79288387298584,-0.06103515625,0.213623046875,-0.30517578125
9.007499900000001,0.7080851793289185,-0.5201402902603149,9.79288387298584,0.06103515625,0.030517578125,-0.30517578125
9.0124999,0.7236474752426147,-0.5231330990791321,9.797672271728516,-0.091552734375,0.152587890625,-0.274658203125
9.0174999,0.7254431247711182,-0.5261258482933044,9.791088104248047,0.030517578125,0.06103515625,-0.213623046875
9.0224999,0.7254431247711182,-0.5267243981361389,9.785101890563965,0,-0.030517578125,-0.274658203125
9.0274999,0.7230489253997803,-0.5249287486076355,9.782708168029785,0.030517578125,0.06103515625,-0.274658203125
9.0324999,0.7182605266571045,-0.5207388401031494,9.782109260559082,0.091552734375,0.213623046875,-0.274658203125
9.0374999,0.7116764783859253,-0.5159504413604736,9.784503936767578,-0.091552734375,0.18310546875,-0.274658203125
9.042499900000001,0.7038952708244324,-0.5135562419891357,9.791686058044434,-0.091552734375,0.1220703125,-0.244140625
9.0474999,0.6967126727104187,-0.5105634927749634,9.78989028930664,0.06103515625,-0.030517578125,-0.274658203125
9.0524999,0.6925228238105774,-0.50876784324646,9.790489196777344,0.091552734375,-0.091552734375,-0.030517578125
9.0574999,0.6925228238105774,-0.5105634927749634,9.791088104248047,0,-0.06103515625,-0.1220703125
9.0624999,0.7003039717674255,-0.5183446407318115,9.785101890563965,0,-0.030517578125,-0.213623046875
9.0674999,0.7080851793289185,-0.5231330990791321,9.787496566772461,-0.091552734375,0.030517578125,-0.274658203125
9.0724999,0.7152677774429321,-0.5309142470359802,9.781511306762695,-0.030517578125,0,-0.3662109375
9.077499900000001,0.7230489253997803,-0.5297171473503113,9.782109260559082,0.030517578125,0.06103515625,-0.3662109375
9.0824999,0.7260416746139526,-0.5291185975074768,9.781511306762695,0,0,-0.335693359375
9.087499900000001,0.7260416746139526,-0.5213374495506287,9.780912399291992,0,0.030517578125,-0.244140625
9.0924999,0.7236474752426147,-0.5135562419891357,9.785700798034668,0.091552734375,0.1220703125,-0.30517578125
9.0974999,0.7206547260284424,-0.5105634927749634,9.789292335510254,0.152587890625,0.091552734375,-0.244140625
9.1024999,0.7152677774429321,-0.5117605924606323,9.792284965515137,0.18310546875,0.091552734375,-0.152587890625
9.1074999,0.7080851793289185,-0.5153518915176392,9.797672271728516,0.091552734375,0.30517578125,-0.1220703125
9.1124999,0.7003039717674255,-0.5213374495506287,9.798869132995605,-0.030517578125,0.18310546875,-0.244140625
9.1174999,0.690727174282074,-0.5237316489219666,9.800065994262695,0.030517578125,0.091552734375,-0.213623046875
9.122499900000001,0.6901286244392395,-0.524330198764801,9.798869132995605,0.06103515625,-0.06103515625,-0.244140625
9.1274999,0.6985083222389221,-0.5219359993934631,9.795876502990723,0.030517578125,-0.030517578125,-0.152587890625
9.132499900000001,0.7110779285430908,-0.5225345492362976,9.793481826782227,-0.030517578125,-0.1220703125,-0.244140625
9.1374999,0.718859076499939,-0.5207388401031494,9.788095474243164,-0.030517578125,0,-0.244140625
9.1424999,0.7272387742996216,-0.5219359993934631,9.783905029296875,-0.030517578125,0.030517578125,-0.244140625
9.1474999,0.7296329736709595,-0.5207388401031494,9.780912399291992,0.06103515625,0,-0.274658203125
9.1524999,0.7308300733566284,-0.5225345492362976,9.776124000549316,0.152587890625,0.030517578125,-0.335693359375
9.1574999,0.7284358739852905,-0.5201402902603149,9.774927139282227,0.091552734375,0.152587890625,-0.244140625
9.1624999,0.7254431247711182,-0.5207388401031494,9.7791166305542,-0.030517578125,0.091552734375,-0.274658203125
9.167499900000001,0.7182605266571045,-0.5183446407318115,9.782109260559082,-0.030517578125,0.152587890625,-0.274658203125
9.1724999,0.7122750282287598,-0.517746090888977,9.793481826782227,-0.030517578125,0.06103515625,-0.3662109375
9.1774999,0.7038952708244324,-0.5165489912033081,9.801262855529785,0.030517578125,0.091552734375,-0.244140625
9.1824999,0.6997054219245911,-0.518943190574646,9.807249069213867,-0.06103515625,0.1220703125,-0.30517578125
9.1874999,0.7026981711387634,-0.5213374495506287,9.801262855529785,0.091552734375,-0.1220703125,-0.244140625
9.1924999,0.7086837291717529,-0.5195417404174805,9.795876502990723,0.1220703125,-0.18310546875,-0.274658203125
9.1974999,0.7128735780715942,-0.5213374495506287,9.78989028930664,-0.030517578125,-0.06103515625,-0.335693359375
9.202499900000001,0.7260416746139526,-0.5207388401031494,9.785101890563965,0.030517578125,0.030517578125,-0.335693359375
9.2074999,0.7260416746139526,-0.5213374495506287,9.783905029296875,0,0.06103515625,-0.244140625
9.212499900000001,0.7248445749282837,-0.5237316489219666,9.784503936767578,0.1220703125,0.1220703125,-0.244140625
9.2174999,0.71766197681427,-0.5237316489219666,9.780313491821289,0.1220703125,0.030517578125,-0.213623046875
9.2224999,0.7110779285430908,-0.5237316489219666,9.780912399291992,0.1220703125,0.091552734375,-0.1220703125
9.2274999,0.7038952708244324,-0.5207388401031494,9.786299705505371,0.030517578125,0.152587890625,-0.213623046875
9.2324999,0.6919242739677429,-0.5111620426177979,9.799467086791992,0.030517578125,0.091552734375,-0.1220703125
9.2374999,0.6901286244392395,-0.5099649429321289,9.802460670471191,-0.030517578125,0.030517578125,-0.274658203125
9.2424999,0.6955155730247498,-0.5105634927749634,9.798869132995605,0,-0.091552734375,-0.244140625
9.247499900000001,0.7026981711387634,-0.5135562419891357,9.798270225524902,0.030517578125,-0.091552734375,-0.213623046875
9.2524999,0.7122750282287598,-0.5165489912033081,9.798270225524902,0.06103515625,0,-0.335693359375
9.257499900000001,0.7230489253997803,-0.5141547918319702,9.798270225524902,0.030517578125,-0.1220703125,-0.213623046875
9.2624999,0.727837324142456,-0.5147533416748047,9.798270225524902,0.091552734375,-0.18310546875,-0.152587890625
9.2674999,0.7284358739852905,-0.5135562419891357,9.79408073425293,-0.030517578125,-0.091552734375,-0.244140625
9.2724999,0.727837324142456,-0.5159504413604736,9.789292335510254,0,0.091552734375,-0.42724609375
9.2774999,0.7242460250854492,-0.518943190574646,9.786299705505371,0,0.152587890625,-0.3662109375
9.2824999,0.7206547260284424,-0.5219359993934631,9.785101890563965,0.091552734375,0.18310546875,-0.152587890625
9.2874999,0.7182605266571045,-0.5225345492362976,9.785700798034668,-0.030517578125,0.18310546875,-0.213623046875
9.292499900000001,0.6949170231819153,-0.5171475410461426,9.785700798034668,0.152587890625,0.030517578125,-0.213623046875
9.2974999,0.6865373253822327,-0.5165489912033081,9.785101890563965,0.152587890625,0.091552734375,-0.274658203125
9.3024999,0.6847416758537292,-0.5147533416748047,9.786897659301758,0.06103515625,0.06103515625,-0.213623046875
9.3074999,0.6847416758537292,-0.5153518915176392,9.789292335510254,0.030517578125,-0.091552734375,-0.152587890625
9.3124999,0.6901286244392395,-0.5147533416748047,9.786897659301758,0.06103515625,-0.152587890625,-0.18310546875
9.3174999,0.6973112225532532,-0.5147533416748047,9.783307075500488,0,-0.152587890625,-0.18310546875
9.3224999,0.7080851793289185,-0.5147533416748047,9.781511306762695,-0.030517578125,-0.030517578125,-0.335693359375
9.327499900000001,0.7152677774429321,-0.518943190574646,9.774328231811523,-0.091552734375,0.06103515625,-0.457763671875
9.3324999,0.7212532758712769,-0.5195417404174805,9.77253246307373,-0.091552734375,0.091552734375,-0.213623046875
9.337499900000001,0.7218518257141113,-0.5201402902603149,9.773730278015137,0,0.152587890625,-0.274658203125
9.3424999,0.718859076499939,-0.5171475410461426,9.771934509277344,0.1220703125,0.152587890625,-0.30517578125
9.3474999,0.7086837291717529,-0.5093663930892944,9.784503936767578,0.152587890625,0.06103515625,-0.213623046875
9.3524999,0.7056909799575806,-0.5081692934036255,9.788095474243164,0.030517578125,0.213623046875,-0.274658203125
9.3574999,0.7056909799575806,-0.507570743560791,9.78869342803955,0.1220703125,0.091552734375,-0.18310546875
9.3624999,0.7044938206672668,-0.5045779943466187,9.786299705505371,0.1220703125,-0.091552734375,-0.30517578125
9.3674999,0.707486629486084,-0.5045779943466187,9.785700798034668,0.06103515625,-0.18310546875,-0.213623046875
9.372499900000001,0.7104793787002563,-0.5081692934036255,9.784503936767578,-0.030517578125,-0.213623046875,-0.244140625
9.3774999,0.7146692276000977,-0.5093663930892944,9.782109260559082,0.06103515625,-0.06103515625,-0.213623046875
9.382499900000001,0.7224503755569458,-0.5135562419891357,9.782109260559082,-0.030517578125,-0.06103515625,-0.244140625
9.3874999,0.7260416746139526,-0.5159504413604736,9.780313491821289,-0.1220703125,0.06103515625,-0.213623046875
9.3924999,0.7140706777572632,-0.5171475410461426,9.784503936767578,0.091552734375,0.152587890625,-0.1220703125
9.3974999,0.7092822790145874,-0.518943190574646,9.791088104248047,0.213623046875,0.091552734375,-0.152587890625
9.4024999,0.7092822790145874,-0.518943190574646,9.791088104248047,0.213623046875,0.091552734375,-0.152587890625
9.4074999,0.7056909799575806,-0.517746090888977,9.79647445678711,0.091552734375,0.18310546875,-0.274658203125
9.4124999,0.7003039717674255,-0.5159504413604736,9.795876502990723,0.030517578125,0.06103515625,-0.244140625
9.417499900000001,0.6991068720817566,-0.5141547918319702,9.798869132995605,0.030517578125,0.091552734375,-0.30517578125
9.4224999,0.6961141228675842,-0.5165489912033081,9.797672271728516,0.06103515625,0,-0.42724609375
9.4274999,0.6985083222389221,-0.517746090888977,9.795876502990723,0.091552734375,-0.152587890625,-0.244140625
9.4324999,0.7050924301147461,-0.5225345492362976,9.79647445678711,0.030517578125,-0.18310546875,-0.152587890625
9.4374999,0.7152677774429321,-0.524330198764801,9.79527759552002,-0.030517578125,-0.18310546875,-0.1220703125
9.4424999,0.7296329736709595,-0.5237316489219666,9.78989028930664,0.030517578125,0.1220703125,-0.244140625
9.4474999,0.7296329736709595,-0.5237316489219666,9.78989028930664,0.030517578125,0.1220703125,-0.244140625
9.452499900000001,0.7266402244567871,-0.5219359993934631,9.786299705505371,0.091552734375,0.1220703125,-0.274658203125
9.4574999,0.7218518257141113,-0.5213374495506287,9.790489196777344,0,0.213623046875,-0.30517578125
9.462499900000001,0.7146692276000977,-0.5201402902603149,9.787496566772461,-0.1220703125,0.18310546875,-0.274658203125
9.4674999,0.7080851793289185,-0.5201402902603149,9.79288387298584,0.091552734375,0.213623046875,-0.152587890625
9.4724999,0.7050924301147461,-0.5195417404174805,9.79288387298584,0.18310546875,0.18310546875,-0.274658203125
9.4774999,0.7044938206672668,-0.517746090888977,9.794678688049316,0.152587890625,0.06103515625,-0.244140625
9.4824999,0.7068880796432495,-0.5159504413604736,9.793481826782227,0,-0.030517578125,-0.18310546875
9.4874999,0.707486629486084,-0.5117605924606323,9.792284965515137,0,-0.1220703125,-0.244140625
9.4924999,0.7092822790145874,-0.5099649429321289,9.790489196777344,0,-0.06103515625,-0.244140625
9.497499900000001,0.7116764783859253,-0.5057750940322876,9.79408073425293,0,-0.030517578125,-0.213623046875
9.5024999,0.71766197681427,-0.518943190574646,9.79527759552002,0.030517578125,0.06103515625,-0.30517578125
9.507499900000001,0.7194576263427734,-0.5231330990791321,9.797073364257812,0.091552734375,0.152587890625,-0.213623046875
9.5124999,0.71766197681427,-0.5285200476646423,9.794678688049316,0,0.152587890625,-0.274658203125
9.5174999,0.7164648771286011,-0.5315127968788147,9.791088104248047,0.030517578125,0.152587890625,-0.274658203125
9.5224999,0.7080851793289185,-0.5309142470359802,9.789292335510254,-0.030517578125,0.1220703125,-0.274658203125
9.5274999,0.7110779285430908,-0.5285200476646423,9.792284965515137,0.06103515625,0.06103515625,-0.18310546875
9.5324999,0.7110779285430908,-0.5267243981361389,9.798869132995605,0.030517578125,-0.091552734375,-0.244140625
9.5374999,0.7200561761856079,-0.5093663930892944,9.791088104248047,0.030517578125,0.030517578125,-0.244140625
9.542499900000001,0.7218518257141113,-0.5069721937179565,9.782708168029785,0,0.1220703125,-0.274658203125
9.5474999,0.7212532758712769,-0.5051765441894531,9.780912399291992,0.1220703125,0.06103515625,-0.18310546875
9.5524999,0.71766197681427,-0.5099649429321289,9.77672290802002,0.091552734375,0.06103515625,-0.244140625
9.5574999,0.7122750282287598,-0.5141547918319702,9.780313491821289,0.091552734375,0.152587890625,-0.213623046875
9.5624999,0.7092822790145874,-0.5183446407318115,9.787496566772461,0.1220703125,0.18310546875,-0.091552734375
9.5674999,0.702099621295929,-0.5201402902603149,9.791088104248047,-0.06103515625,0.091552734375,-0.213623046875
9.5724999,0.70090252161026,-0.518943190574646,9.79527759552002,-0.152587890625,0.1220703125,-0.274658203125
9.577499900000001,0.6991068720817566,-0.5165489912033081,9.800065994262695,0,0.1220703125,-0.274658203125
9.5824999,0.7026981711387634,-0.5135562419891357,9.798270225524902,0,-0.030517578125,-0.244140625
9.587499900000001,0.7140706777572632,-0.5111620426177979,9.787496566772461,-0.030517578125,-0.1220703125,-0.274658203125
9.5924999,0.7212532758712769,-0.5135562419891357,9.790489196777344,-0.091552734375,-0.06103515625,-0.244140625
9.5974999,0.7236474752426147,-0.5123591423034668,9.78989028930664,-0.030517578125,-0.091552734375,-0.213623046875
9.6024999,0.727837324142456,-0.5117605924606323,9.79647445678711,0,0.091552734375,-0.244140625
9.6074999,0.7266402244567871,-0.5093663930892944,9.79527759552002,-0.030517578125,0.030517578125,-0.213623046875
9.6124999,0.7224503755569458,-0.5099649429321289,9.793481826782227,0,0.1220703125,-0.1220703125
9.6174999,0.718859076499939,-0.5099649429321289,9.791686058044434,0.152587890625,0.091552734375,-0.244140625
9.622499900000001,0.7140706777572632,-0.5129576921463013,9.792284965515137,0.06103515625,0.1220703125,-0.335693359375
9.6274999,0.7092822790145874,-0.5153518915176392,9.78989028930664,0.030517578125,0.030517578125,-0.091552734375
9.632499900000001,0.706289529800415,-0.5153518915176392,9.791088104248047,0.091552734375,0.030517578125,-0.18310546875
9.6374999,0.7050924301147461,-0.517746090888977,9.793481826782227,0.091552734375,0.030517578125,-0.335693359375
9.6424999,0.706289529800415,-0.5183446407318115,9.790489196777344,0.030517578125,-0.091552734375,-0.274658203125
9.6474999,0.7110779285430908,-0.518943190574646,9.792284965515137,-0.030517578125,-0.091552734375,-0.244140625
9.6524999,0.7158663272857666,-0.517746090888977,9.786897659301758,0.030517578125,-0.06103515625,-0.213623046875
9.6574999,0.7206547260284424,-0.5195417404174805,9.78869342803955,0.06103515625,0.06103515625,-0.274658203125
9.6624999,0.7272387742996216,-0.5195417404174805,9.790489196777344,0.030517578125,-0.030517578125,-0.244140625
9.667499900000001,0.7272387742996216,-0.5207388401031494,9.788095474243164,0.06103515625,0.152587890625,-0.244140625
9.6724999,0.7242460250854492,-0.5201402902603149,9.792284965515137,0.030517578125,0.244140625,-0.30517578125
9.6774999,0.7182605266571045,-0.5195417404174805,9.79408073425293,-0.18310546875,0.091552734375,-0.335693359375
9.6824999,0.702099621295929,-0.5093663930892944,9.797672271728516,-0.06103515625,0.030517578125,-0.274658203125
9.6874999,0.7050924301147461,-0.5069721937179565,9.801262855529785,-0.030517578125,0.030517578125,-0.30517578125
9.6924999,0.7056909799575806,-0.5069721937179565,9.800065994262695,-0.091552734375,0,-0.30517578125
9.6974999,0.7098808288574219,-0.5051765441894531,9.799467086791992,0,-0.030517578125,-0.213623046875
9.702499900000001,0.7128735780715942,-0.5039794445037842,9.79647445678711,0.06103515625,-0.1220703125,-0.274658203125
9.7074999,0.7140706777572632,-0.5045779943466187,9.78869342803955,-0.091552734375,0.091552734375,-0.335693359375
9.712499900000001,0.7164648771286011,-0.5021837949752808,9.785101890563965,0,0.030517578125,-0.274658203125
9.7174999,0.7236474752426147,-0.5033808946609497,9.785700798034668,0,-0.06103515625,-0.30517578125
9.7224999,0.7260416746139526,-0.5015852451324463,9.783307075500488,0,-0.06103515625,-0.244140625
9.7274999,0.7308300733566284,-0.5045779943466187,9.789292335510254,-0.030517578125,0,-0.18310546875
9.7324999,0.730231523513794,-0.5093663930892944,9.791686058044434,-0.1220703125,0.091552734375,-0.244140625
9.7374999,0.7254431247711182,-0.5147533416748047,9.79408073425293,0.030517578125,0.030517578125,-0.274658203125
9.7424999,0.7182605266571045,-0.5195417404174805,9.793481826782227,0.030517578125,0.18310546875,-0.18310546875
9.747499900000001,0.7122750282287598,-0.5207388401031494,9.79527759552002,0.030517578125,0.18310546875,-0.335693359375
9.7524999,0.7044938206672668,-0.5213374495506287,9.791088104248047,0,0.1220703125,-0.3662109375
9.757499900000001,0.7038952708244324,-0.5183446407318115,9.79288387298584,-0.1220703125,0.06103515625,-0.18310546875
9.7624999,0.7050924301147461,-0.5171475410461426,9.78989028930664,-0.06103515625,0.06103515625,-0.244140625
9.7674999,0.7092822790145874,-0.5147533416748047,9.787496566772461,-0.030517578125,0.030517578125,-0.244140625
9.7724999,0.7158663272857666,-0.5153518915176392,9.786299705505371,-0.030517578125,-0.030517578125,-0.3662109375
9.7774999,0.7182605266571045,-0.5153518915176392,9.781511306762695,0.06103515625,-0.030517578125,-0.335693359375
9.7824999,0.7242460250854492,-0.518943190574646,9.785700798034668,0.030517578125,0.030517578125,-0.244140625
9.7874999,0.7272387742996216,-0.5237316489219666,9.785700798034668,-0.091552734375,0,-0.18310546875
9.792499900000001,0.7320271730422974,-0.52552729845047,9.785101890563965,0.030517578125,0.030517578125,-0.274658203125
9.7974999,0.7344213724136353,-0.5279214978218079,9.788095474243164,0.06103515625,0.152587890625,-0.244140625
9.8024999,0.7332242727279663,-0.5231330990791321,9.785101890563965,0,0.1220703125,-0.335693359375
9.8074999,0.7260416746139526,-0.5183446407318115,9.784503936767578,0.06103515625,0.152587890625,-0.30517578125
9.8124999,0.71766197681427,-0.5165489912033081,9.786897659301758,0.06103515625,0.213623046875,-0.244140625
9.8174999,0.6931213736534119,-0.5105634927749634,9.793481826782227,0.091552734375,-0.091552734375,-0.1220703125
9.8224999,0.6901286244392395,-0.50876784324646,9.79288387298584,0.030517578125,-0.091552734375,-0.274658203125
9.827499900000001,0.6967126727104187,-0.50876784324646,9.79288387298584,-0.091552734375,-0.091552734375,-0.274658203125
9.8324999,0.7032967209815979,-0.5111620426177979,9.793481826782227,-0.030517578125,-0.18310546875,-0.213623046875
9.837499900000001,0.7152677774429321,-0.5147533416748047,9.79288387298584,-0.030517578125,-0.274658203125,-0.244140625
9.8424999,0.7326257228851318,-0.5183446407318115,9.79527759552002,0,0.06103515625,-0.1220703125
9.8474999,0.7314286231994629,-0.5183446407318115,9.795876502990723,-0.091552734375,0.030517578125,-0.18310546875
9.8524999,0.7260416746139526,-0.5183446407318115,9.797073364257812,0.1220703125,0.152587890625,-0.213623046875
9.8574999,0.7122750282287598,-0.5159504413604736,9.79647445678711,0.030517578125,0.274658203125,-0.30517578125
9.8624999,0.7044938206672668,-0.5147533416748047,9.795876502990723,0.06103515625,0.1220703125,-0.274658203125
9.8674999,0.6991068720817566,-0.5141547918319702,9.79647445678711,-0.030517578125,0.030517578125,-0.274658203125
9.872499900000001,0.6937199234962463,-0.5159504413604736,9.791686058044434,0.091552734375,-0.06103515625,-0.274658203125
9.8774999,0.6931213736534119,-0.5171475410461426,9.79408073425293,-0.030517578125,0.030517578125,-0.244140625
9.882499900000001,0.6979097723960876,-0.5201402902603149,9.793481826782227,-0.1220703125,-0.152587890625,-0.18310546875
9.8874999,0.702099621295929,-0.5195417404174805,9.78869342803955,-0.06103515625,0,-0.1220703125
9.8924999,0.7110779285430908,-0.5171475410461426,9.785700798034668,0.091552734375,-0.1220703125,-0.274658203125
9.8974999,0.7194576263427734,-0.517746090888977,9.784503936767578,-0.030517578125,-0.091552734375,-0.213623046875
9.9024999,0.7248445749282837,-0.5165489912033081,9.781511306762695,0.06103515625,0.06103515625,-0.18310546875
9.9074999,0.729034423828125,-0.517746090888977,9.785700798034668,0.06103515625,0,-0.213623046875
9.9124999,0.7308300733566284,-0.5159504413604736,9.787496566772461,0.030517578125,0.18310546875,-0.30517578125
9.917499900000001,0.7242460250854492,-0.5129576921463013,9.792284965515137,0,0.274658203125,-0.3662109375
9.9224999,0.706289529800415,-0.5135562419891357,9.797073364257812,0.030517578125,0.030517578125,-0.213623046875
9.9274999,0.7015010714530945,-0.5135562419891357,9.797672271728516,-0.06103515625,-0.06103515625,-0.1220703125
9.9324999,0.702099621295929,-0.5159504413604736,9.800664901733398,-0.030517578125,-0.06103515625,-0.244140625
9.9374999,0.7044938206672668,-0.5165489912033081,9.797672271728516,0,-0.152587890625,-0.244140625
9.9424999,0.7098808288574219,-0.5201402902603149,9.794678688049316,0,0,-0.18310546875
9.9474999,0.7200561761856079,-0.5219359993934631,9.797073364257812,-0.091552734375,-0.18310546875,-0.274658203125
9.952499900000001,0.7248445749282837,-0.5237316489219666,9.79408073425293,-0.1220703125,-0.1220703125,-0.18310546875
9.9574999,0.7332242727279663,-0.5225345492362976,9.794678688049316,0,0,-0.1220703125
9.962499900000001,0.7368155717849731,-0.5201402902603149,9.798270225524902,0.091552734375,0.030517578125,-0.213623046875
9.9674999,0.7326257228851318,-0.5111620426177979,9.795876502990723,0,0.152587890625,-0.3662109375
9.9724999,0.7266402244567871,-0.50876784324646,9.798270225524902,-0.091552734375,0.213623046875,-0.30517578125
9.9774999,0.7158663272857666,-0.50876784324646,9.79647445678711,-0.06103515625,0.091552734375,-0.244140625
9.9824999,0.706289529800415,-0.5093663930892944,9.795876502990723,0.030517578125,0.18310546875,-0.18310546875
9.9874999,0.6973112225532532,-0.5141547918319702,9.79408073425293,0.06103515625,0.091552734375,-0.091552734375
9.9924999,0.6919242739677429,-0.5171475410461426,9.791686058044434,0.030517578125,-0.030517578125,-0.213623046875
9.997499900000001,0.6919242739677429,-0.518943190574646,9.791686058044434,-0.091552734375,-0.091552734375,-0.213623046875
10.0024999,0.6979097723960876,-0.517746090888977,9.792284965515137,-0.091552734375,-0.06103515625,-0.274658203125
10.007499900000001,0.706289529800415,-0.5153518915176392,9.791088104248047,-0.030517578125,0.030517578125,-0.244140625
10.0124999,0.7182605266571045,-0.5147533416748047,9.786299705505371,0.091552734375,-0.06103515625,-0.1220703125
10.0174999,0.7284358739852905,-0.5159504413604736,9.780912399291992,0.06103515625,-0.030517578125,-0.244140625
10.0224999,0.7356184720993042,-0.5213374495506287,9.782109260559082,-0.091552734375,-0.091552734375,-0.396728515625
10.0274999,0.7314286231994629,-0.5225345492362976,9.785101890563965,0.1220703125,0.091552734375,-0.1220703125
10.0324999,0.7224503755569458,-0.5213374495506287,9.791686058044434,0,0.213623046875,-0.213623046875
10.0374999,0.7224503755569458,-0.5213374495506287,9.791686058044434,0,0.213623046875,-0.213623046875
10.042499900000001,0.7110779285430908,-0.5219359993934631,9.791686058044434,0.1220703125,0.1220703125,-0.335693359375
10.0474999,0.7015010714530945,-0.5219359993934631,9.791686058044434,0.06103515625,0.213623046875,-0.335693359375
10.0524999,0.6943184733390808,-0.5249287486076355,9.792284965515137,0.06103515625,0.30517578125,-0.152587890625
10.0574999,0.6859387755393982,-0.52552729845047,9.789292335510254,0.06103515625,0.152587890625,-0.213623046875
10.0624999,0.6841431260108948,-0.5267243981361389,9.790489196777344,-0.030517578125,0.18310546875,-0.1220703125
10.0674999,0.6841431260108948,-0.5273229479789734,9.795876502990723,-0.030517578125,0.06103515625,-0.30517578125
10.0724999,0.6889315247535706,-0.524330198764801,9.798270225524902,-0.06103515625,-0.030517578125,-0.244140625
10.077499900000001,0.6985083222389221,-0.5201402902603149,9.802460670471191,0,-0.152587890625,-0.18310546875
10.0824999,0.730231523513794,-0.5237316489219666,9.787496566772461,0.1220703125,0.030517578125,-0.274658203125
10.087499900000001,0.7254431247711182,-0.524330198764801,9.780912399291992,0.152587890625,0.152587890625,-0.213623046875
10.0924999,0.7218518257141113,-0.5249287486076355,9.784503936767578,0.091552734375,0.18310546875,-0.274658203125
10.0974999,0.7134721279144287,-0.5231330990791321,9.78989028930664,0.030517578125,0.30517578125,-0.30517578125
10.1024999,0.7080851793289185,-0.5201402902603149,9.79647445678711,-0.091552734375,0.06103515625,-0.1220703125
10.1074999,0.7044938206672668,-0.5171475410461426,9.802460670471191,-0.06103515625,-0.091552734375,-0.335693359375
10.1124999,0.7056909799575806,-0.5123591423034668,9.804854393005371,0.030517578125,-0.06103515625,-0.152587890625
10.1174999,0.7086837291717529,-0.5117605924606323,9.797672271728516,-0.06103515625,-0.274658203125,-0.244140625
10.122499900000001,0.7146692276000977,-0.5105634927749634,9.794678688049316,-0.06103515625,-0.1220703125,-0.274658203125
10.1274999,0.7260416746139526,-0.5183446407318115,9.786897659301758,0,-0.030517578125,-0.244140625
10.132499900000001,0.7242460250854492,-0.517746090888977,9.791088104248047,0,0.06103515625,-0.18310546875
10.1374999,0.7206547260284424,-0.517746090888977,9.79527759552002,0,0.244140625,-0.18310546875
10.1424999,0.7134721279144287,-0.5201402902603149,9.801262855529785,-0.030517578125,0.335693359375,-0.152587890625
10.1474999,0.7038952708244324,-0.5225345492362976,9.799467086791992,0.06103515625,0.18310546875,-0.274658203125
10.1524999,0.6985083222389221,-0.524330198764801,9.799467086791992,-0.06103515625,0.152587890625,-0.18310546875
10.1574999,0.6919242739677429,-0.524330198764801,9.794678688049316,-0.06103515625,0.091552734375,-0.18310546875
10.1624999,0.6925228238105774,-0.5225345492362976,9.79288387298584,0.030517578125,0,-0.274658203125
10.167499900000001,0.6961141228675842,-0.5213374495506287,9.791088104248047,0,0.1220703125,-0.1220703125
10.1724999,0.6991068720817566,-0.5201402902603149,9.78989028930664,0.06103515625,-0.06103515625,-0.244140625
10.1774999,0.707486629486084,-0.5207388401031494,9.790489196777344,0.06103515625,-0.1220703125,-0.30517578125
10.1824999,0.71766197681427,-0.5183446407318115,9.782708168029785,0.1220703125,-0.152587890625,-0.18310546875
10.1874999,0.71766197681427,-0.5183446407318115,9.782708168029785,0.1220703125,-0.152587890625,-0.18310546875
10.1924999,0.7242460250854492,-0.5159504413604736,9.782708168029785,0.18310546875,-0.091552734375,-0.213623046875
10.1974999,0.7266402244567871,-0.517746090888977,9.781511306762695,-0.06103515625,0.030517578125,-0.30517578125
10.202499900000001,0.727837324142456,-0.517746090888977,9.785700798034668,-0.06103515625,-0.06103515625,-0.274658203125
10.2074999,0.7230489253997803,-0.5195417404174805,9.791088104248047,-0.1220703125,0.06103515625,-0.152587890625
10.212499900000001,0.7170634269714355,-0.5219359993934631,9.793481826782227,-0.030517578125,0.091552734375,-0.213623046875
10.2174999,0.707486629486084,-0.524330198764801,9.794678688049316,-0.030517578125,0.091552734375,-0.213623046875
10.2224999,0.7032967209815979,-0.5249287486076355,9.793481826782227,0.030517578125,0.244140625,-0.244140625
10.2274999,0.6973112225532532,-0.5225345492362976,9.789292335510254,0,0.213623046875,-0.18310546875
10.2324999,0.6949170231819153,-0.5195417404174805,9.790489196777344,0,0.1220703125,-0.244140625
10.2374999,0.6919242739677429,-0.518943190574646,9.791088104248047,0.06103515625,0.06103515625,-0.274658203125
10.2424999,0.70090252161026,-0.5285200476646423,9.797672271728516,0,-0.091552734375,-0.18310546875
10.247499900000001,0.7092822790145874,-0.5267243981361389,9.79647445678711,0.06103515625,-0.244140625,-0.152587890625
10.2524999,0.7182605266571045,-0.5291185975074768,9.801262855529785,-0.06103515625,-0.091552734375,-0.091552734375
10.257499900000001,0.7248445749282837,-0.52552729845047,9.798869132995605,0,0,-0.213623046875
10.2624999,0.7266402244567871,-0.5249287486076355,9.79527759552002,0.030517578125,0,-0.18310546875
10.2674999,0.7260416746139526,-0.5231330990791321,9.791088104248047,0.1220703125,0.1220703125,-0.244140625
10.2724999,0.7254431247711182,-0.5213374495506287,9.784503936767578,0.030517578125,0.030517578125,-0.213623046875
10.2774999,0.7194576263427734,-0.5201402902603149,9.782109260559082,-0.06103515625,0.18310546875,-0.244140625
10.2824999,0.7158663272857666,-0.5165489912033081,9.782708168029785,0.030517578125,0.213623046875,-0.335693359375
10.2874999,0.7080851793289185,-0.5135562419891357,9.783307075500488,0.1220703125,0.244140625,-0.18310546875
10.292499900000001,0.70090252161026,-0.5123591423034668,9.782708168029785,0.06103515625,0.1220703125,-0.18310546875
10.2974999,0.690727174282074,-0.5123591423034668,9.783307075500488,-0.1220703125,0.030517578125,-0.244140625
10.3024999,0.6889315247535706,-0.5135562419891357,9.786897659301758,-0.030517578125,0.030517578125,-0.274658203125
10.3074999,0.6913257241249084,-0.5147533416748047,9.79527759552002,0.030517578125,-0.18310546875,-0.091552734375
10.3124999,0.6961141228675842,-0.5147533416748047,9.79527759552002,0.06103515625,-0.18310546875,-0.244140625
10.3174999,0.7080851793289185,-0.5165489912033081,9.797672271728516,0,-0.244140625,-0.274658203125
10.3224999,0.7314286231994629,-0.5195417404174805,9.784503936767578,0.030517578125,0,-0.1220703125
10.327499900000001,0.74040687084198,-0.5183446407318115,9.780313491821289,-0.1220703125,0.1220703125,-0.3662109375
10.3324999,0.7433996200561523,-0.5171475410461426,9.780912399291992,0.152587890625,0.091552734375,-0.335693359375
10.337499900000001,0.7422025203704834,-0.5147533416748047,9.782708168029785,0.06103515625,0.1220703125,-0.244140625
10.3424999,0.7350199222564697,-0.5147533416748047,9.790489196777344,0.1220703125,0.335693359375,-0.274658203125
10.3474999,0.7260416746139526,-0.5141547918319702,9.793481826782227,-0.030517578125,0.30517578125,-0.30517578125
10.3524999,0.7044938206672668,-0.5129576921463013,9.79288387298584,0,0.091552734375,-0.274658203125
10.3574999,0.6955155730247498,-0.5105634927749634,9.791686058044434,0.06103515625,-0.030517578125,-0.244140625
10.3624999,0.6919242739677429,-0.5129576921463013,9.791686058044434,-0.06103515625,0,-0.274658203125
10.3674999,0.6913257241249084,-0.5147533416748047,9.787496566772461,-0.091552734375,-0.091552734375,-0.274658203125
10.372499900000001,0.6997054219245911,-0.5183446407318115,9.790489196777344,-0.152587890625,-0.030517578125,-0.18310546875
10.3774999,0.7080851793289185,-0.5207388401031494,9.78989028930664,0,-0.244140625,-0.091552734375
10.382499900000001,0.7182605266571045,-0.5195417404174805,9.790489196777344,-0.1220703125,-0.213623046875,-0.244140625
10.3874999,0.7236474752426147,-0.5183446407318115,9.791686058044434,0.06103515625,0,-0.244140625
10.3924999,0.727837324142456,-0.5147533416748047,9.793481826782227,0.152587890625,0,-0.274658203125
10.3974999,0.7260416746139526,-0.5123591423034668,9.791088104248047,0,0.030517578125,-0.42724609375
10.4024999,0.7248445749282837,-0.5117605924606323,9.79408073425293,-0.030517578125,0.152587890625,-0.396728515625
10.4074999,0.7194576263427734,-0.5123591423034668,9.794678688049316,0,-0.030517578125,-0.244140625
10.4124999,0.7080851793289185,-0.5183446407318115,9.795876502990723,0.1220703125,0.274658203125,-0.213623046875
10.417499900000001,0.7032967209815979,-0.5207388401031494,9.79647445678711,0.1220703125,0.152587890625,-0.091552734375
10.4224999,0.70090252161026,-0.5237316489219666,9.79527759552002,0.030517578125,0.06103515625,-0.18310546875
10.4274999,0.7038952708244324,-0.5237316489219666,9.797672271728516,-0.030517578125,0.091552734375,-0.30517578125
10.4324999,0.7038952708244324,-0.5219359993934631,9.790489196777344,0.06103515625,0.06103515625,-0.335693359375
10.4374999,0.7080851793289185,-0.5219359993934631,9.783905029296875,0,-0.091552734375,-0.152587890625
10.4424999,0.7128735780715942,-0.5213374495506287,9.783307075500488,-0.06103515625,-0.1220703125,-0.18310546875
10.4474999,0.7146692276000977,-0.5201402902603149,9.780912399291992,-0.06103515625,-0.091552734375,-0.335693359375
10.452499900000001,0.7200561761856079,-0.518943190574646,9.783905029296875,-0.1220703125,-0.06103515625,-0.152587890625
10.4574999,0.7218518257141113,-0.5183446407318115,9.78869342803955,-0.030517578125,-0.091552734375,-0.030517578125
10.462499900000001,0.7212532758712769,-0.5165489912033081,9.786897659301758,0.030517578125,0.1220703125,-0.213623046875
10.4674999,0.71766197681427,-0.5171475410461426,9.790489196777344,0.091552734375,0.1220703125,-0.18310546875
10.4724999,0.7044938206672668,-0.5171475410461426,9.791088104248047,-0.1220703125,0.152587890625,-0.091552734375
10.4774999,0.6991068720817566,-0.5183446407318115,9.79408073425293,-0.030517578125,0.091552734375,-0.213623046875
10.4824999,0.7044938206672668,-0.5159504413604736,9.793481826782227,0.06103515625,-0.06103515625,-0.335693359375
10.4874999,0.7068880796432495,-0.5153518915176392,9.79527759552002,0,-0.030517578125,-0.213623046875
10.4924999,0.7068880796432495,-0.5147533416748047,9.791088104248047,0.06103515625,0,-0.152587890625
10.497499900000001,0.707486629486084,-0.5159504413604736,9.791088104248047,0.1220703125,-0.1220703125,-0.152587890625
10.5024999,0.7068880796432495,-0.518943190574646,9.789292335510254,0.091552734375,0.030517578125,-0.244140625
10.507499900000001,0.7104793787002563,-0.5183446407318115,9.78869342803955,0.18310546875,-0.030517578125,-0.274658203125
10.5124999,0.7158663272857666,-0.5201402902603149,9.788095474243164,0.030517578125,0.030517578125,-0.30517578125
10.5174999,0.7194576263427734,-0.5213374495506287,9.792284965515137,0.030517578125,0.1220703125,-0.30517578125
10.5224999,0.7194576263427734,-0.5249287486076355,9.785700798034668,0.1220703125,0,-0.244140625
10.5274999,0.7170634269714355,-0.5267243981361389,9.787496566772461,0,0.1220703125,-0.213623046875
10.5324999,0.7110779285430908,-0.5261258482933044,9.786897659301758,0,0.213623046875,-0.335693359375
10.5374999,0.7044938206672668,-0.5237316489219666,9.785700798034668,0.030517578125,0.1220703125,-0.213623046875
10.542499900000001,0.7032967209815979,-0.5231330990791321,9.79288387298584,0.06103515625,-0.091552734375,-0.274658203125
10.5474999,0.6997054219245911,-0.518943190574646,9.792284965515137,0.030517578125,-0.030517578125,-0.30517578125
10.5524999,0.7032967209815979,-0.5147533416748047,9.79288387298584,0.1220703125,-0.06103515625,-0.18310546875
10.5574999,0.706289529800415,-0.5135562419891357,9.797073364257812,0.030517578125,-0.06103515625,-0.152587890625
10.5624999,0.7140706777572632,-0.5129576921463013,9.790489196777344,0.030517578125,0.030517578125,-0.091552734375
10.5674999,0.7182605266571045,-0.5165489912033081,9.789292335510254,-0.06103515625,0.030517578125,-0.213623046875
10.5724999,0.7224503755569458,-0.5219359993934631,9.786299705505371,0.030517578125,0.213623046875,-0.18310546875
10.577499900000001,0.7254431247711182,-0.5237316489219666,9.782708168029785,0.06103515625,0,-0.30517578125
10.5824999,0.7224503755569458,-0.5201402902603149,9.785101890563965,0.030517578125,0.06103515625,-0.274658203125
10.587499900000001,0.71766197681427,-0.5117605924606323,9.789292335510254,0.1220703125,0.06103515625,-0.213623046875
10.5924999,0.7116764783859253,-0.507570743560791,9.78989028930664,0,0.152587890625,-0.274658203125
10.5974999,0.7032967209815979,-0.5033808946609497,9.795876502990723,0.030517578125,0,-0.30517578125
10.6024999,0.6985083222389221,-0.5027823448181152,9.797073364257812,0.152587890625,0.1220703125,-0.274658203125
10.6074999,0.6931213736534119,-0.5039794445037842,9.79408073425293,-0.030517578125,0.06103515625,-0.274658203125
10.6124999,0.6949170231819153,-0.5063736438751221,9.797073364257812,0.091552734375,0,-0.274658203125
10.6174999,0.70090252161026,-0.5093663930892944,9.79527759552002,0.1220703125,0,-0.274658203125
10.622499900000001,0.7092822790145874,-0.5147533416748047,9.790489196777344,0.06103515625,0.030517578125,-0.457763671875
10.6274999,0.71766197681427,-0.5171475410461426,9.789292335510254,-0.06103515625,0.030517578125,-0.30517578125
10.632499900000001,0.7230489253997803,-0.5195417404174805,9.78869342803955,0.030517578125,0.030517578125,-0.396728515625
10.6374999,0.7218518257141113,-0.5201402902603149,9.785101890563965,0,-0.06103515625,-0.213623046875
10.6424999,0.7158663272857666,-0.5201402902603149,9.783905029296875,-0.030517578125,0.1220703125,-0.213623046875
10.6474999,0.7140706777572632,-0.518943190574646,9.783307075500488,-0.06103515625,0.213623046875,-0.335693359375
10.6524999,0.706289529800415,-0.517746090888977,9.778518676757812,0.06103515625,0.091552734375,-0.213623046875
10.6574999,0.7056909799575806,-0.5165489912033081,9.77791976928711,-0.1220703125,0.06103515625,-0.213623046875
10.6624999,0.7044938206672668,-0.5159504413604736,9.784503936767578,-0.030517578125,0.06103515625,-0.18310546875
10.667499900000001,0.6979097723960876,-0.5135562419891357,9.782708168029785,0.152587890625,0.091552734375,-0.152587890625
10.6724999,0.6973112225532532,-0.5129576921463013,9.78869342803955,0.030517578125,0.030517578125,-0.274658203125
10.6774999,0.6967126727104187,-0.5117605924606323,9.797672271728516,0.06103515625,0.030517578125,-0.1220703125
10.6824999,0.6967126727104187,-0.5123591423034668,9.798869132995605,0.030517578125,0.1220703125,-0.30517578125
10.6874999,0.7015010714530945,-0.5135562419891357,9.798270225524902,-0.06103515625,0,-0.42724609375
10.6924999,0.7056909799575806,-0.5159504413604736,9.798869132995605,0,-0.030517578125,-0.244140625
10.6974999,0.7158663272857666,-0.5129576921463013,9.785101890563965,0,-0.091552734375,-0.213623046875
10.702499900000001,0.7158663272857666,-0.5129576921463013,9.785101890563965,0,-0.091552734375,-0.213623046875
10.7074999,0.7194576263427734,-0.5105634927749634,9.780313491821289,0,0.030517578125,-0.244140625
10.712499900000001,0.7164648771286011,-0.5099649429321289,9.777320861816406,-0.030517578125,0.152587890625,-0.335693359375
10.7174999,0.7128735780715942,-0.50876784324646,9.778518676757812,-0.030517578125,0.152587890625,-0.30517578125
10.7224999,0.70090252161026,-0.5117605924606323,9.783307075500488,0.091552734375,0.152587890625,-0.274658203125
10.7274999,0.6979097723960876,-0.5147533416748047,9.786299705505371,-0.152587890625,0.213623046875,-0.30517578125
10.7324999,0.6967126727104187,-0.5147533416748047,9.788095474243164,-0.06103515625,0.091552734375,-0.3662109375
10.7374999,0.6991068720817566,-0.5183446407318115,9.791686058044434,0,0,-0.274658203125
10.7424999,0.7015010714530945,-0.5171475410461426,9.787496566772461,0,0,-0.274658203125
10.747499900000001,0.7044938206672668,-0.5201402902603149,9.785101890563965,0.06103515625,0,-0.244140625
10.7524999,0.7140706777572632,-0.5231330990791321,9.784503936767578,0.06103515625,-0.091552734375,-0.213623046875
10.757499900000001,0.7152677774429321,-0.5231330990791321,9.787496566772461,0.06103515625,-0.06103515625,-0.152587890625
10.7624999,0.7152677774429321,-0.5201402902603149,9.791088104248047,0,0,-0.18310546875
10.7674999,0.7110779285430908,-0.5153518915176392,9.790489196777344,-0.030517578125,0,-0.30517578125
10.7724999,0.7092822790145874,-0.5123591423034668,9.793481826782227,0,0.030517578125,-0.3662109375
10.7774999,0.706289529800415,-0.5105634927749634,9.78989028930664,-0.030517578125,0.1220703125,-0.213623046875
10.7824999,0.7050924301147461,-0.5093663930892944,9.793481826782227,0.06103515625,0.1220703125,-0.18310546875
10.7874999,0.7038952708244324,-0.5111620426177979,9.794678688049316,0.091552734375,0.06103515625,-0.213623046875
10.792499900000001,0.7026981711387634,-0.5147533416748047,9.793481826782227,0.06103515625,0.030517578125,-0.1220703125
10.7974999,0.7038952708244324,-0.5201402902603149,9.79527759552002,0,0.06103515625,-0.152587890625
10.8024999,0.7044938206672668,-0.5237316489219666,9.793481826782227,-0.06103515625,0.1220703125,-0.30517578125
10.8074999,0.706289529800415,-0.524330198764801,9.790489196777344,-0.091552734375,-0.030517578125,-0.274658203125
10.8124999,0.7212532758712769,-0.5123591423034668,9.782708168029785,0.030517578125,-0.030517578125,-0.213623046875
10.8174999,0.7254431247711182,-0.5093663930892944,9.782109260559082,0.030517578125,0.030517578125,-0.274658203125
10.8224999,0.7266402244567871,-0.5105634927749634,9.783307075500488,-0.06103515625,0.1220703125,-0.30517578125
10.827499900000001,0.7236474752426147,-0.5117605924606323,9.77791976928711,-0.091552734375,0.091552734375,-0.18310546875
10.8324999,0.7218518257141113,-0.5153518915176392,9.782109260559082,0,0.030517578125,-0.213623046875
10.837499900000001,0.7164648771286011,-0.5153518915176392,9.789292335510254,0.030517578125,0.091552734375,-0.274658203125
10.8424999,0.7116764783859253,-0.5165489912033081,9.78989028930664,0.091552734375,0.06103515625,-0.18310546875
10.8474999,0.707486629486084,-0.5183446407318115,9.79647445678711,0.274658203125,0.06103515625,-0.152587890625
10.8524999,0.7050924301147461,-0.5195417404174805,9.800664901733398,0.091552734375,0.152587890625,-0.244140625
10.8574999,0.7026981711387634,-0.5201402902603149,9.797073364257812,0,0,-0.244140625
10.8624999,0.7032967209815979,-0.518943190574646,9.797672271728516,-0.06103515625,-0.030517578125,-0.213623046875
10.8674999,0.7050924301147461,-0.5183446407318115,9.789292335510254,-0.030517578125,-0.06103515625,-0.091552734375
10.872499900000001,0.7092822790145874,-0.517746090888977,9.785101890563965,0.030517578125,0,-0.30517578125
10.8774999,0.7152677774429321,-0.5165489912033081,9.784503936767578,0.06103515625,0.030517578125,-0.30517578125
10.882499900000001,0.7260416746139526,-0.5147533416748047,9.787496566772461,0.152587890625,-0.030517578125,-0.213623046875
10.8874999,0.7260416746139526,-0.5147533416748047,9.787496566772461,0.152587890625,-0.030517578125,-0.213623046875
10.8924999,0.7248445749282837,-0.5141547918319702,9.785101890563965,0.1220703125,-0.06103515625,-0.213623046875
10.8974999,0.7272387742996216,-0.5153518915176392,9.786299705505371,-0.06103515625,-0.030517578125,-0.213623046875
10.9024999,0.7212532758712769,-0.5159504413604736,9.785700798034668,0,0,-0.244140625
10.9074999,0.7170634269714355,-0.5165489912033081,9.783905029296875,0,0.091552734375,-0.152587890625
10.9124999,0.7134721279144287,-0.517746090888977,9.78869342803955,-0.030517578125,0.1220703125,-0.152587890625
10.917499900000001,0.7068880796432495,-0.5201402902603149,9.786299705505371,-0.091552734375,0.152587890625,-0.335693359375
10.9224999,0.7032967209815979,-0.5165489912033081,9.787496566772461,0.152587890625,0.091552734375,-0.213623046875
10.9274999,0.706289529800415,-0.5117605924606323,9.791088104248047,-0.06103515625,0.1220703125,-0.30517578125
10.9324999,0.7098808288574219,-0.5093663930892944,9.792284965515137,-0.030517578125,-0.091552734375,-0.335693359375
10.9374999,0.7170634269714355,-0.5123591423034668,9.791686058044434,-0.091552734375,-0.06103515625,-0.213623046875
10.9424999,0.7206547260284424,-0.5153518915176392,9.78869342803955,0,-0.152587890625,-0.244140625
10.9474999,0.7242460250854492,-0.5195417404174805,9.786299705505371,0,-0.06103515625,-0.244140625
10.952499900000001,0.7260416746139526,-0.5219359993934631,9.787496566772461,0.030517578125,-0.06103515625,-0.244140625
10.9574999,0.7260416746139526,-0.5195417404174805,9.78869342803955,0.091552734375,-0.030517578125,-0.18310546875
10.962499900000001,0.7254431247711182,-0.5171475410461426,9.78869342803955,0,0.152587890625,-0.274658203125
10.9674999,0.7206547260284424,-0.5147533416748047,9.791686058044434,0.091552734375,0.1220703125,-0.1220703125
10.9724999,0.7164648771286011,-0.5123591423034668,9.790489196777344,-0.06103515625,0.091552734375,-0.18310546875
10.9774999,0.7146692276000977,-0.5105634927749634,9.79408073425293,-0.030517578125,0.091552734375,-0.244140625
10.9824999,0.7098808288574219,-0.50876784324646,9.79408073425293,0.1220703125,0.091552734375,-0.335693359375
10.9874999,0.7098808288574219,-0.5147533416748047,9.78989028930664,0.091552734375,-0.030517578125,-0.152587890625
10.9924999,0.7122750282287598,-0.5171475410461426,9.785101890563965,-0.030517578125,-0.06103515625,-0.244140625
10.997499900000001,0.7122750282287598,-0.5147533416748047,9.77791976928711,-0.091552734375,0,-0.335693359375
11.0024999,0.7158663272857666,-0.5147533416748047,9.77013874053955,-0.030517578125,-0.06103515625,-0.152587890625
11.007499900000001,0.718859076499939,-0.5141547918319702,9.774927139282227,0,-0.244140625,-0.213623046875
11.0124999,0.7248445749282837,-0.5165489912033081,9.77791976928711,0.091552734375,-0.030517578125,-0.18310546875
11.0174999,0.7254431247711182,-0.5207388401031494,9.7791166305542,0.091552734375,0.06103515625,-0.1220703125
11.0224999,0.7284358739852905,-0.524330198764801,9.786897659301758,0,0,-0.213623046875
11.0274999,0.7254431247711182,-0.5267243981361389,9.785700798034668,0,0.1220703125,-0.06103515625
11.0324999,0.7230489253997803,-0.5273229479789734,9.785700798034668,0.06103515625,0.244140625,-0.18310546875
11.0374999,0.7182605266571045,-0.5273229479789734,9.785700798034668,0.06103515625,0.091552734375,-0.335693359375
11.042499900000001,0.6973112225532532,-0.5123591423034668,9.794678688049316,0.06103515625,0.091552734375,-0.1220703125
11.0474999,0.7003039717674255,-0.5123591423034668,9.798869132995605,-0.030517578125,0,-0.1220703125
11.0524999,0.7038952708244324,-0.5135562419891357,9.805453300476074,-0.091552734375,-0.06103515625,-0.213623046875
11.0574999,0.7122750282287598,-0.5117605924606323,9.804255485534668,-0.091552734375,-0.1220703125,-0.213623046875
11.0624999,0.7200561761856079,-0.5129576921463013,9.807847023010254,-0.091552734375,-0.030517578125,-0.30517578125
11.0674999,0.7254431247711182,-0.5123591423034668,9.803058624267578,-0.091552734375,0.030517578125,-0.3662109375
11.0724999,0.7272387742996216,-0.5141547918319702,9.797672271728516,-0.030517578125,0,-0.244140625
11.077499900000001,0.730231523513794,-0.5159504413604736,9.79408073425293,0,-0.030517578125,-0.091552734375
11.0824999,0.7320271730422974,-0.5165489912033081,9.786299705505371,0.091552734375,-0.06103515625,-0.18310546875
11.087499900000001,0.7308300733566284,-0.5165489912033081,9.781511306762695,0.152587890625,-0.030517578125,-0.244140625
11.0924999,0.730231523513794,-0.5165489912033081,9.780313491821289,-0.030517578125,0.030517578125,-0.274658203125
11.0974999,0.7242460250854492,-0.5159504413604736,9.779715538024902,-0.030517578125,0.1220703125,-0.152587890625
11.1024999,0.7134721279144287,-0.5159504413604736,9.779715538024902,0.030517578125,0.1220703125,-0.396728515625
11.1074999,0.7050924301147461,-0.5159504413604736,9.786897659301758,0.06103515625,0.06103515625,-0.335693359375
11.1124999,0.6967126727104187,-0.5153518915176392,9.786897659301758,0.030517578125,0.06103515625,-0.1220703125
11.1174999,0.6925228238105774,-0.5135562419891357,9.789292335510254,0,-0.091552734375,-0.091552734375
11.122499900000001,0.7080851793289185,-0.5183446407318115,9.79288387298584,0.030517578125,-0.274658203125,-0.3662109375
11.1274999,0.7146692276000977,-0.5183446407318115,9.793481826782227,0.030517578125,-0.030517578125,-0.335693359375
11.132499900000001,0.7218518257141113,-0.5165489912033081,9.79288387298584,-0.030517578125,0.1220703125,-0.244140625
11.1374999,0.7098808288574219,-0.5207388401031494,9.787496566772461,0.030517578125,0.152587890625,-0.244140625
11.1424999,0.7068880796432495,-0.5201402902603149,9.79288387298584,0.030517578125,0.06103515625,-0.30517578125
11.1474999,0.7038952708244324,-0.5201402902603149,9.792284965515137,-0.06103515625,0.030517578125,-0.3662109375
11.1524999,0.702099621295929,-0.5195417404174805,9.797073364257812,-0.091552734375,-0.030517578125,-0.335693359375
11.1574999,0.7026981711387634,-0.5195417404174805,9.794678688049316,0.091552734375,-0.030517578125,-0.244140625
11.1624999,0.7038952708244324,-0.5219359993934631,9.793481826782227,0.06103515625,-0.1220703125,-0.213623046875
11.167499900000001,0.7098808288574219,-0.5207388401031494,9.792284965515137,0.091552734375,-0.213623046875,-0.30517578125
11.1724999,0.7140706777572632,-0.517746090888977,9.790489196777344,0.091552734375,-0.091552734375,-0.30517578125
11.1774999,0.7200561761856079,-0.5153518915176392,9.791088104248047,0.030517578125,-0.06103515625,-0.274658203125
11.1824999,0.7224503755569458,-0.5147533416748047,9.79288387298584,0.06103515625,0.213623046875,-0.18310546875
11.1874999,0.7158663272857666,-0.5123591423034668,9.79527759552002,0.06103515625,0.06103515625,-0.213623046875
11.1924999,0.7068880796432495,-0.5141547918319702,9.79527759552002,0,0.06103515625,-0.152587890625
11.1974999,0.6991068720817566,-0.5147533416748047,9.800065994262695,0,0.06103515625,-0.18310546875
11.202499900000001,0.6949170231819153,-0.5159504413604736,9.799467086791992,0.06103515625,0,-0.30517578125
11.2074999,0.6943184733390808,-0.5171475410461426,9.794678688049316,0.030517578125,0,-0.213623046875
11.212499900000001,0.6997054219245911,-0.518943190574646,9.793481826782227,0.030517578125,0,-0.18310546875
11.2174999,0.7050924301147461,-0.5219359993934631,9.786897659301758,0,-0.18310546875,-0.213623046875
11.2224999,0.7110779285430908,-0.5207388401031494,9.782109260559082,0,-0.06103515625,-0.396728515625
11.2274999,0.7158663272857666,-0.5207388401031494,9.785101890563965,-0.030517578125,-0.06103515625,-0.244140625
11.2324999,0.71766197681427,-0.5165489912033081,9.786897659301758,-0.091552734375,0,-0.274658203125
11.2374999,0.7230489253997803,-0.5159504413604736,9.798869132995605,0,-0.030517578125,-0.091552734375
11.2424999,0.7218518257141113,-0.5153518915176392,9.803058624267578,-0.06103515625,-0.030517578125,-0.091552734375
11.247499900000001,0.7182605266571045,-0.5141547918319702,9.805453300476074,-0.091552734375,0.152587890625,-0.3662109375
11.2524999,0.7104793787002563,-0.5135562419891357,9.803058624267578,0.091552734375,0.1220703125,-0.457763671875
11.257499900000001,0.7032967209815979,-0.5141547918319702,9.798270225524902,0,0,-0.274658203125
11.2624999,0.6979097723960876,-0.5153518915176392,9.79527759552002,0.030517578125,0.091552734375,-0.213623046875
11.2674999,0.6973112225532532,-0.5135562419891357,9.791686058044434,0,0.06103515625,-0.244140625
11.2724999,0.7003039717674255,-0.5153518915176392,9.788095474243164,0,-0.030517578125,-0.274658203125
11.2774999,0.7044938206672668,-0.517746090888977,9.790489196777344,0.06103515625,-0.06103515625,-0.213623046875
11.2824999,0.7164648771286011,-0.5231330990791321,9.790489196777344,0,0.030517578125,-0.244140625
11.2874999,0.7236474752426147,-0.5153518915176392,9.788095474243164,-0.030517578125,0,-0.30517578125
11.292499900000001,0.7212532758712769,-0.5141547918319702,9.786299705505371,-0.06103515625,0.06103515625,-0.274658203125
11.2974999,0.71766197681427,-0.5153518915176392,9.792284965515137,-0.030517578125,0.06103515625,-0.213623046875
11.3024999,0.7140706777572632,-0.517746090888977,9.797073364257812,-0.030517578125,0.06103515625,-0.244140625
11.3074999,0.7056909799575806,-0.5201402902603149,9.800664901733398,0,0.152587890625,-0.1220703125
11.3124999,0.7038952708244324,-0.5213374495506287,9.804255485534668,0.091552734375,0.1220703125,-0.244140625
11.3174999,0.70090252161026,-0.5225345492362976,9.804255485534668,0,0.06103515625,-0.213623046875
11.3224999,0.6997054219245911,-0.5231330990791321,9.798869132995605,-0.091552734375,0,-0.213623046875
11.327499900000001,0.7032967209815979,-0.5219359993934631,9.799467086791992,0,0.091552734375,-0.274658203125
11.3324999,0.706289529800415,-0.5237316489219666,9.798869132995605,-0.06103515625,0,-0.213623046875
11.337499900000001,0.7122750282287598,-0.5195417404174805,9.797672271728516,0.06103515625,-0.030517578125,-0.18310546875
11.3424999,0.7224503755569458,-0.518943190574646,9.792284965515137,0.030517578125,0.030517578125,-0.152587890625
11.3474999,0.727837324142456,-0.5183446407318115,9.786897659301758,0.06103515625,-0.06103515625,-0.18310546875
11.3524999,0.7314286231994629,-0.5219359993934631,9.785101890563965,-0.030517578125,-0.030517578125,-0.213623046875
11.3574999,0.7308300733566284,-0.5237316489219666,9.781511306762695,-0.091552734375,0.091552734375,-0.213623046875
11.3624999,0.7152677774429321,-0.5321113467216492,9.787496566772461,0.030517578125,0.1220703125,-0.274658203125
11.3674999,0.7032967209815979,-0.5333084464073181,9.783905029296875,0.091552734375,0.152587890625,-0.213623046875
11.372499900000001,0.6943184733390808,-0.5315127968788147,9.78989028930664,0,0.18310546875,-0.396728515625
11.3774999,0.6913257241249084,-0.5297171473503113,9.786897659301758,0.06103515625,0.1220703125,-0.274658203125
11.382499900000001,0.690727174282074,-0.5273229479789734,9.780912399291992,0,0,-0.030517578125
11.3874999,0.6973112225532532,-0.52552729845047,9.783905029296875,0,0.030517578125,-0.152587890625
11.3924999,0.718859076499939,-0.5249287486076355,9.78869342803955,-0.06103515625,-0.06103515625,-0.213623046875
11.3974999,0.7236474752426147,-0.5237316489219666,9.78869342803955,-0.030517578125,-0.06103515625,-0.244140625
11.4024999,0.7284358739852905,-0.5225345492362976,9.786299705505371,0,0.06103515625,-0.244140625
11.4074999,0.7326257228851318,-0.5183446407318115,9.792284965515137,0.030517578125,0,-0.1220703125
11.4124999,0.7314286231994629,-0.5171475410461426,9.785101890563965,0.030517578125,0.030517578125,-0.244140625
11.417499900000001,0.7284358739852905,-0.5129576921463013,9.786299705505371,0,-0.06103515625,-0.54931640625
11.4224999,0.7266402244567871,-0.5135562419891357,9.791088104248047,-0.1220703125,0.18310546875,-0.244140625
11.4274999,0.7224503755569458,-0.5147533416748047,9.788095474243164,0.030517578125,0.091552734375,-0.18310546875
11.4324999,0.7182605266571045,-0.517746090888977,9.789292335510254,0.06103515625,0.030517578125,-0.274658203125
11.4374999,0.71766197681427,-0.5213374495506287,9.791686058044434,0.030517578125,0.091552734375,-0.274658203125
11.4424999,0.7116764783859253,-0.5225345492362976,9.786299705505371,0.06103515625,0,-0.18310546875
11.4474999,0.7104793787002563,-0.5195417404174805,9.799467086791992,0.06103515625,-0.06103515625,-0.213623046875
11.452499900000001,0.7116764783859253,-0.5201402902603149,9.797672271728516,-0.06103515625,-0.030517578125,-0.274658203125
11.4574999,0.7152677774429321,-0.5195417404174805,9.798869132995605,-0.091552734375,0.152587890625,-0.244140625
11.462499900000001,0.7182605266571045,-0.5207388401031494,9.790489196777344,0.030517578125,-0.06103515625,-0.244140625
11.4674999,0.7158663272857666,-0.5183446407318115,9.782708168029785,0.091552734375,-0.030517578125,-0.30517578125
11.4724999,0.7152677774429321,-0.517746090888977,9.784503936767578,-0.06103515625,0.06103515625,-0.335693359375
11.4774999,0.7104793787002563,-0.5159504413604736,9.778518676757812,0,0.030517578125,-0.213623046875
11.4824999,0.7080851793289185,-0.5159504413604736,9.778518676757812,-0.06103515625,0.213623046875,-0.152587890625
11.4874999,0.7098808288574219,-0.5165489912033081,9.781511306762695,0,0.1220703125,-0.18310546875
11.4924999,0.7128735780715942,-0.5141547918319702,9.7791166305542,-0.030517578125,0.1220703125,-0.274658203125
11.497499900000001,0.7158663272857666,-0.5123591423034668,9.780912399291992,-0.030517578125,0.091552734375,-0.213623046875
11.5024999,0.7194576263427734,-0.5129576921463013,9.784503936767578,-0.06103515625,0.030517578125,-0.244140625
11.507499900000001,0.7134721279144287,-0.5159504413604736,9.787496566772461,0.1220703125,0.06103515625,-0.213623046875
11.5124999,0.7134721279144287,-0.5159504413604736,9.787496566772461,0.1220703125,0.06103515625,-0.213623046875
11.5174999,0.7086837291717529,-0.518943190574646,9.78869342803955,-0.091552734375,0.091552734375,-0.213623046875
11.5224999,0.7092822790145874,-0.5231330990791321,9.79288387298584,-0.1220703125,0.06103515625,-0.244140625
11.5274999,0.7092822790145874,-0.5231330990791321,9.79288387298584,-0.1220703125,0.06103515625,-0.244140625
11.5324999,0.7110779285430908,-0.5219359993934631,9.791088104248047,-0.091552734375,0.06103515625,-0.18310546875
11.5374999,0.7140706777572632,-0.5219359993934631,9.791686058044434,0,-0.152587890625,-0.274658203125
11.542499900000001,0.7170634269714355,-0.5213374495506287,9.790489196777344,0,-0.06103515625,-0.244140625
11.5474999,0.718859076499939,-0.5207388401031494,9.79647445678711,-0.030517578125,0.030517578125,-0.152587890625
11.5524999,0.7182605266571045,-0.5183446407318115,9.78869342803955,-0.06103515625,0.091552734375,-0.30517578125
11.5574999,0.7158663272857666,-0.5153518915176392,9.791088104248047,0.030517578125,0.18310546875,-0.30517578125
11.5624999,0.7152677774429321,-0.5129576921463013,9.786897659301758,0.06103515625,0.274658203125,-0.244140625
11.5674999,0.7003039717674255,-0.5195417404174805,9.794678688049316,-0.06103515625,0.1220703125,-0.42724609375
11.5724999,0.7003039717674255,-0.5213374495506287,9.793481826782227,0,-0.030517578125,-0.274658203125
11.577499900000001,0.7050924301147461,-0.5213374495506287,9.797672271728516,0.06103515625,-0.1220703125,-0.18310546875
11.5824999,0.7068880796432495,-0.5201402902603149,9.794678688049316,0.030517578125,-0.091552734375,-0.244140625
11.587499900000001,0.7128735780715942,-0.518943190574646,9.79408073425293,0.152587890625,-0.030517578125,-0.18310546875
11.5924999,0.7182605266571045,-0.5213374495506287,9.801262855529785,0.091552734375,-0.06103515625,-0.1220703125
11.5974999,0.7200561761856079,-0.5231330990791321,9.79527759552002,0.06103515625,0.06103515625,-0.213623046875
11.6024999,0.7170634269714355,-0.5267243981361389,9.793481826782227,0.06103515625,0.152587890625,-0.213623046875
11.6074999,0.7104793787002563,-0.5267243981361389,9.78869342803955,0.06103515625,0.30517578125,-0.3662109375
11.6124999,0.6919242739677429,-0.5117605924606323,9.79647445678711,0.091552734375,-0.06103515625,-0.1220703125
11.6174999,0.6961141228675842,-0.5123591423034668,9.803058624267578,0.030517578125,0.030517578125,-0.091552734375
11.622499900000001,0.6979097723960876,-0.5129576921463013,9.794678688049316,0.06103515625,-0.091552734375,-0.244140625
11.6274999,0.6991068720817566,-0.5165489912033081,9.791686058044434,0.030517578125,-0.06103515625,-0.274658203125
11.632499900000001,0.7056909799575806,-0.5201402902603149,9.798270225524902,0.030517578125,-0.030517578125,-0.274658203125
11.6374999,0.707486629486084,-0.5225345492362976,9.79647445678711,0,-0.030517578125,-0.18310546875
11.6424999,0.7116764783859253,-0.5225345492362976,9.798270225524902,0,-0.091552734375,-0.06103515625
11.6474999,0.718859076499939,-0.5231330990791321,9.804255485534668,0,0,-0.18310546875
11.6524999,0.7170634269714355,-0.5207388401031494,9.79527759552002,-0.091552734375,0.06103515625,-0.274658203125
11.6574999,0.7158663272857666,-0.5183446407318115,9.791088104248047,0,0.030517578125,-0.335693359375
11.6624999,0.7015010714530945,-0.5117605924606323,9.790489196777344,0,0.091552734375,-0.1220703125
11.667499900000001,0.6979097723960876,-0.5147533416748047,9.795876502990723,0,0.091552734375,-0.152587890625
11.6724999,0.6931213736534119,-0.5165489912033081,9.78869342803955,0.091552734375,0.030517578125,-0.152587890625
11.6774999,0.6925228238105774,-0.5201402902603149,9.78989028930664,0.06103515625,-0.091552734375,-0.152587890625
11.6824999,0.6937199234962463,-0.5213374495506287,9.787496566772461,-0.1220703125,-0.091552734375,-0.274658203125
11.6874999,0.6955155730247498,-0.5225345492362976,9.779715538024902,0.030517578125,-0.030517578125,-0.30517578125
11.6924999,0.7026981711387634,-0.5213374495506287,9.783307075500488,0.030517578125,0,-0.274658203125
11.6974999,0.7122750282287598,-0.5225345492362976,9.786299705505371,0.06103515625,0.152587890625,-0.244140625
11.702499900000001,0.7194576263427734,-0.5225345492362976,9.786299705505371,0.06103515625,0.06103515625,-0.244140625
11.7074999,0.7248445749282837,-0.5249287486076355,9.790489196777344,0,0.030517578125,-0.18310546875
11.712499900000001,0.7260416746139526,-0.5261258482933044,9.792284965515137,0.06103515625,0.1220703125,-0.213623046875
11.7174999,0.7026981711387634,-0.5219359993934631,9.786897659301758,0.091552734375,0.1220703125,-0.213623046875
11.7224999,0.6979097723960876,-0.5183446407318115,9.787496566772461,-0.030517578125,0.091552734375,-0.152587890625
11.7274999,0.6967126727104187,-0.517746090888977,9.791686058044434,0.030517578125,0.030517578125,-0.213623046875
11.7324999,0.6949170231819153,-0.5153518915176392,9.790489196777344,0,0.030517578125,-0.30517578125
11.7374999,0.6973112225532532,-0.5159504413604736,9.791686058044434,0.06103515625,0,-0.213623046875
11.7424999,0.7015010714530945,-0.5171475410461426,9.790489196777344,0.030517578125,-0.1220703125,-0.1220703125
11.747499900000001,0.7092822790145874,-0.518943190574646,9.786897659301758,0.06103515625,-0.244140625,-0.1220703125
11.7524999,0.7194576263427734,-0.5213374495506287,9.78869342803955,0,-0.18310546875,-0.30517578125
11.757499900000001,0.730231523513794,-0.5195417404174805,9.79288387298584,0,-0.091552734375,-0.274658203125
11.7624999,0.7320271730422974,-0.5195417404174805,9.779715538024902,0.091552734375,0.06103515625,-0.213623046875
11.7674999,0.7272387742996216,-0.5183446407318115,9.77791976928711,-0.091552734375,0.18310546875,-0.335693359375
11.7724999,0.7266402244567871,-0.517746090888977,9.789292335510254,0.091552734375,0.18310546875,-0.18310546875
11.7774999,0.71766197681427,-0.5171475410461426,9.787496566772461,0.091552734375,-0.030517578125,-0.335693359375
11.7824999,0.7068880796432495,-0.5123591423034668,9.780912399291992,0,0,-0.213623046875
11.7874999,0.702099621295929,-0.5105634927749634,9.792284965515137,-0.030517578125,0.030517578125,-0.213623046875
11.792499900000001,0.6991068720817566,-0.50876784324646,9.793481826782227,0,0,-0.244140625
11.7974999,0.6955155730247498,-0.50876784324646,9.788095474243164,0.030517578125,-0.06103515625,-0.1220703125
11.8024999,0.7050924301147461,-0.5105634927749634,9.795876502990723,0.091552734375,0.030517578125,-0.152587890625
11.8074999,0.7092822790145874,-0.5141547918319702,9.794678688049316,0.030517578125,-0.030517578125,-0.30517578125
11.8124999,0.7086837291717529,-0.5171475410461426,9.782109260559082,0.091552734375,-0.030517578125,-0.18310546875
11.8174999,0.7116764783859253,-0.5231330990791321,9.79288387298584,-0.030517578125,0.244140625,-0.274658203125
11.8224999,0.7122750282287598,-0.5171475410461426,9.807847023010254,0,-0.030517578125,-0.3662109375
11.827499900000001,0.7146692276000977,-0.5147533416748047,9.794678688049316,0.030517578125,-0.091552734375,-0.244140625
11.8324999,0.7194576263427734,-0.5147533416748047,9.803058624267578,0.1220703125,0.091552734375,-0.213623046875
11.837499900000001,0.7224503755569458,-0.517746090888977,9.800065994262695,0.1220703125,0.3662109375,-0.274658203125
11.8424999,0.7128735780715942,-0.517746090888977,9.788095474243164,0.152587890625,0.244140625,-0.335693359375
11.8474999,0.7122750282287598,-0.5219359993934631,9.792284965515137,0.06103515625,0.335693359375,-0.274658203125
11.8524999,0.7056909799575806,-0.5213374495506287,9.795876502990723,0.030517578125,0.152587890625,-0.18310546875
11.8574999,0.6997054219245911,-0.5231330990791321,9.789292335510254,-0.030517578125,0.1220703125,-0.213623046875
11.8624999,0.6973112225532532,-0.5231330990791321,9.79408073425293,-0.06103515625,0.030517578125,-0.152587890625
11.8674999,0.6979097723960876,-0.5225345492362976,9.79408073425293,-0.091552734375,0,-0.18310546875
11.872499900000001,0.7086837291717529,-0.517746090888977,9.784503936767578,0.030517578125,-0.244140625,-0.213623046875
11.8774999,0.7164648771286011,-0.5141547918319702,9.782109260559082,0.091552734375,-0.152587890625,-0.18310546875
11.882499900000001,0.7242460250854492,-0.5147533416748047,9.780912399291992,0.030517578125,-0.030517578125,-0.335693359375
11.8874999,0.727837324142456,-0.5159504413604736,9.784503936767578,0,0.091552734375,-0.213623046875
11.8924999,0.7314286231994629,-0.518943190574646,9.787496566772461,0.030517578125,0.152587890625,-0.213623046875
11.8974999,0.7296329736709595,-0.5237316489219666,9.791686058044434,0.152587890625,0.30517578125,-0.152587890625
11.9024999,0.727837324142456,-0.5261258482933044,9.800065994262695,0.091552734375,0.1220703125,-0.152587890625
11.9074999,0.7212532758712769,-0.5225345492362976,9.803657531738281,-0.030517578125,0.1220703125,-0.274658203125
11.9124999,0.7110779285430908,-0.5183446407318115,9.805453300476074,0,0.18310546875,-0.213623046875
11.917499900000001,0.70090252161026,-0.5123591423034668,9.808445930480957,0.091552734375,0.213623046875,-0.244140625
11.9224999,0.6913257241249084,-0.5105634927749634,9.803657531738281,0,0.091552734375,-0.274658203125
11.9274999,0.6847416758537292,-0.5129576921463013,9.800664901733398,0,-0.06103515625,-0.152587890625
11.9324999,0.6829460263252258,-0.517746090888977,9.79408073425293,0.06103515625,-0.091552734375,-0.213623046875
11.9374999,0.6823474764823914,-0.5225345492362976,9.791088104248047,-0.06103515625,-0.091552734375,-0.18310546875
11.9424999,0.6853402256965637,-0.5231330990791321,9.788095474243164,0,-0.213623046875,-0.18310546875
11.9474999,0.6901286244392395,-0.5249287486076355,9.790489196777344,0,-0.06103515625,-0.152587890625
11.952499900000001,0.6985083222389221,-0.5249287486076355,9.791686058044434,0,-0.030517578125,-0.244140625
11.9574999,0.706289529800415,-0.5237316489219666,9.786897659301758,-0.030517578125,0,-0.213623046875
11.962499900000001,0.7158663272857666,-0.5213374495506287,9.786299705505371,0,0.091552734375,-0.244140625
11.9674999,0.7212532758712769,-0.517746090888977,9.787496566772461,0,0.213623046875,-0.335693359375
11.9724999,0.7194576263427734,-0.5135562419891357,9.787496566772461,0.06103515625,0.091552734375,-0.274658203125
11.9774999,0.7146692276000977,-0.5135562419891357,9.792284965515137,0.091552734375,0.18310546875,-0.18310546875
11.9824999,0.7092822790145874,-0.5159504413604736,9.79288387298584,-0.091552734375,0.30517578125,-0.213623046875
11.9874999,0.7092822790145874,-0.5159504413604736,9.79288387298584,-0.091552734375,0.30517578125,-0.213623046875
11.9924999,0.6889315247535706,-0.5225345492362976,9.797672271728516,0.18310546875,0.1220703125,-0.213623046875
11.997499900000001,0.6799532771110535,-0.5195417404174805,9.790489196777344,0.213623046875,-0.030517578125,-0.213623046875
12.0024999,0.679354727268219,-0.5159504413604736,9.791088104248047,0.030517578125,-0.1220703125,-0.274658203125
12.007499900000001,0.6805518269538879,-0.5117605924606323,9.789292335510254,-0.030517578125,-0.30517578125,-0.274658203125
12.0124999,0.6877344250679016,-0.5105634927749634,9.785700798034668,-0.18310546875,-0.244140625,-0.244140625
12.0174999,0.6997054219245911,-0.5135562419891357,9.792284965515137,-0.06103515625,-0.06103515625,-0.152587890625
12.0224999,0.7104793787002563,-0.5231330990791321,9.794678688049316,0.06103515625,-0.091552734375,-0.30517578125
12.0274999,0.7194576263427734,-0.5291185975074768,9.793481826782227,0.1220703125,0.030517578125,-0.244140625
12.032499900000001,0.7296329736709595,-0.5297171473503113,9.801262855529785,0.030517578125,0.152587890625,-0.213623046875
12.0374999,0.7326257228851318,-0.5249287486076355,9.795876502990723,-0.06103515625,0.18310546875,-0.30517578125
12.042499900000001,0.7332242727279663,-0.518943190574646,9.797672271728516,0.091552734375,0.18310546875,-0.244140625
12.0474999,0.7092822790145874,-0.5165489912033081,9.790489196777344,0,0.030517578125,-0.274658203125
12.0524999,0.7038952708244324,-0.5135562419891357,9.78989028930664,-0.06103515625,0.030517578125,-0.213623046875
12.0574999,0.7038952708244324,-0.5153518915176392,9.795876502990723,-0.091552734375,0.030517578125,-0.152587890625
12.0624999,0.706289529800415,-0.5165489912033081,9.798869132995605,-0.030517578125,-0.1220703125,-0.18310546875
12.0674999,0.7080851793289185,-0.5171475410461426,9.79647445678711,0.06103515625,-0.030517578125,-0.152587890625
12.0724999,0.7110779285430908,-0.5171475410461426,9.794678688049316,-0.030517578125,-0.091552734375,-0.335693359375
12.077499900000001,0.7128735780715942,-0.5165489912033081,9.79288387298584,-0.030517578125,-0.030517578125,-0.244140625
12.0824999,0.706289529800415,-0.5231330990791321,9.789292335510254,0.1220703125,0.091552734375,0
12.087499900000001,0.7104793787002563,-0.5195417404174805,9.778518676757812,0.06103515625,0.1220703125,-0.091552734375
12.0924999,0.7140706777572632,-0.5165489912033081,9.780912399291992,0.091552734375,0.1220703125,-0.152587890625
12.0974999,0.7140706777572632,-0.5147533416748047,9.784503936767578,0.06103515625,0.030517578125,-0.274658203125
12.1024999,0.7098808288574219,-0.5153518915176392,9.786897659301758,0.030517578125,0.152587890625,-0.244140625
12.1074999,0.7086837291717529,-0.5153518915176392,9.791686058044434,-0.030517578125,0,-0.3662109375
12.1124999,0.7080851793289185,-0.5165489912033081,9.794678688049316,0,-0.1220703125,-0.42724609375
12.1174999,0.7086837291717529,-0.5165489912033081,9.793481826782227,0.1220703125,-0.1220703125,-0.30517578125
12.122499900000001,0.7128735780715942,-0.5171475410461426,9.797073364257812,0.091552734375,-0.1220703125,-0.244140625
12.1274999,0.7140706777572632,-0.517746090888977,9.79527759552002,-0.091552734375,-0.18310546875,-0.213623046875
12.132499900000001,0.7128735780715942,-0.517746090888977,9.791088104248047,0,-0.030517578125,-0.091552734375
12.1374999,0.7122750282287598,-0.5183446407318115,9.792284965515137,-0.030517578125,0.091552734375,-0.152587890625
12.1424999,0.7068880796432495,-0.517746090888977,9.798869132995605,-0.06103515625,0.06103515625,-0.152587890625
12.1474999,0.707486629486084,-0.5141547918319702,9.801861763000488,0,0.06103515625,-0.274658203125
12.1524999,0.706289529800415,-0.5135562419891357,9.800664901733398,-0.06103515625,0.030517578125,-0.335693359375
12.157499900000001,0.7116764783859253,-0.5093663930892944,9.799467086791992,0.06103515625,0.091552734375,-0.274658203125
12.1624999,0.7098808288574219,-0.50876784324646,9.79647445678711,-0.030517578125,0.091552734375,-0.244140625
12.167499900000001,0.7164648771286011,-0.5111620426177979,9.79527759552002,0,0.091552734375,-0.18310546875
12.1724999,0.7158663272857666,-0.5129576921463013,9.79527759552002,0.1220703125,0.091552734375,-0.091552734375
12.1774999,0.7200561761856079,-0.5153518915176392,9.79408073425293,0.030517578125,-0.030517578125,-0.244140625
12.1824999,0.7218518257141113,-0.5141547918319702,9.797073364257812,0,0,-0.213623046875
12.1874999,0.7200561761856079,-0.5117605924606323,9.79288387298584,0.030517578125,-0.030517578125,-0.274658203125
12.1924999,0.71766197681427,-0.507570743560791,9.790489196777344,-0.030517578125,0,-0.18310546875
12.1974999,0.7104793787002563,-0.5117605924606323,9.781511306762695,0.030517578125,0.030517578125,-0.274658203125
12.202499900000001,0.7122750282287598,-0.5105634927749634,9.777320861816406,-0.06103515625,0.06103515625,-0.18310546875
12.2074999,0.7158663272857666,-0.5099649429321289,9.777320861816406,-0.06103515625,0.030517578125,-0.244140625
12.212499900000001,0.7170634269714355,-0.507570743560791,9.777320861816406,0.06103515625,0,-0.244140625
12.2174999,0.7170634269714355,-0.5111620426177979,9.783905029296875,0.030517578125,-0.030517578125,-0.244140625
12.2224999,0.71766197681427,-0.5111620426177979,9.786299705505371,0.030517578125,0.091552734375,-0.30517578125
12.2274999,0.718859076499939,-0.5123591423034668,9.783905029296875,0.091552734375,0.030517578125,-0.213623046875
12.2324999,0.718859076499939,-0.5147533416748047,9.78869342803955,-0.030517578125,0.06103515625,-0.152587890625
12.2374999,0.7164648771286011,-0.517746090888977,9.783905029296875,-0.06103515625,0.091552734375,-0.18310546875
12.2424999,0.707486629486084,-0.5195417404174805,9.797672271728516,0,0.152587890625,-0.18310546875
12.247499900000001,0.7104793787002563,-0.5195417404174805,9.798270225524902,-0.030517578125,0.030517578125,-0.18310546875
12.2524999,0.7122750282287598,-0.5171475410461426,9.797672271728516,0,-0.091552734375,-0.30517578125
12.257499900000001,0.7140706777572632,-0.518943190574646,9.791088104248047,0.152587890625,0,-0.244140625
12.2624999,0.7170634269714355,-0.518943190574646,9.785101890563965,0.1220703125,0,-0.274658203125
12.2674999,0.71766197681427,-0.5183446407318115,9.782109260559082,-0.06103515625,-0.030517578125,-0.18310546875
12.2724999,0.7182605266571045,-0.5201402902603149,9.774927139282227,0,0.091552734375,-0.18310546875
12.2774999,0.7164648771286011,-0.5195417404174805,9.777320861816406,-0.030517578125,0.06103515625,-0.213623046875
12.282499900000001,0.7152677774429321,-0.5213374495506287,9.779715538024902,0.030517578125,0.030517578125,-0.213623046875
12.2874999,0.7098808288574219,-0.5195417404174805,9.78989028930664,0.030517578125,0.030517578125,-0.18310546875
12.292499900000001,0.706289529800415,-0.5195417404174805,9.79527759552002,0.06103515625,-0.030517578125,-0.1220703125
12.2974999,0.7015010714530945,-0.5165489912033081,9.798869132995605,0.030517578125,0,-0.213623046875
12.3024999,0.6985083222389221,-0.5159504413604736,9.798270225524902,0.06103515625,-0.1220703125,-0.18310546875
12.3074999,0.6973112225532532,-0.517746090888977,9.793481826782227,0,-0.06103515625,-0.1220703125
12.3124999,0.6979097723960876,-0.5183446407318115,9.792284965515137,-0.030517578125,0,-0.396728515625
12.3174999,0.7003039717674255,-0.5225345492362976,9.791686058044434,0.06103515625,-0.030517578125,-0.335693359375
12.3224999,0.702099621295929,-0.52552729845047,9.791686058044434,-0.091552734375,0.152587890625,-0.274658203125
12.327499900000001,0.7068880796432495,-0.5261258482933044,9.794678688049316,0.06103515625,0.091552734375,-0.335693359375
12.3324999,0.7104793787002563,-0.5279214978218079,9.797073364257812,0.030517578125,0.06103515625,-0.30517578125
12.337499900000001,0.7140706777572632,-0.524330198764801,9.799467086791992,0.030517578125,0,-0.30517578125
12.3424999,0.7158663272857666,-0.5219359993934631,9.801861763000488,0.091552734375,0.1220703125,-0.274658203125
12.3474999,0.7134721279144287,-0.5207388401031494,9.797073364257812,0.030517578125,0.152587890625,-0.18310546875
12.3524999,0.7080851793289185,-0.5195417404174805,9.789292335510254,-0.030517578125,0.091552734375,-0.1220703125
12.3574999,0.7003039717674255,-0.518943190574646,9.775525093078613,-0.152587890625,0.091552734375,-0.30517578125
12.3624999,0.6937199234962463,-0.5171475410461426,9.767146110534668,-0.1220703125,0.152587890625,-0.18310546875
12.3674999,0.6937199234962463,-0.517746090888977,9.791088104248047,0.091552734375,0.18310546875,-0.274658203125
12.372499900000001,0.6937199234962463,-0.517746090888977,9.806650161743164,0.1220703125,0.1220703125,-0.244140625
12.3774999,0.6901286244392395,-0.5183446407318115,9.81024169921875,0.030517578125,-0.1220703125,-0.213623046875
12.382499900000001,0.6967126727104187,-0.5183446407318115,9.820416450500488,-0.030517578125,-0.152587890625,-0.274658203125
12.3874999,0.7032967209815979,-0.517746090888977,9.802460670471191,-0.152587890625,-0.54931640625,-0.30517578125
12.3924999,0.7224503755569458,-0.5171475410461426,9.785101890563965,-0.213623046875,-0.67138671875,-0.18310546875
12.3974999,0.751779317855835,-0.5237316489219666,9.78869342803955,-0.213623046875,-0.213623046875,-0.335693359375
12.4024999,0.6847416758537292,-0.5195417404174805,9.789292335510254,0,0.244140625,-0.213623046875
12.407499900000001,0.6500257849693298,-0.5201402902603149,9.794678688049316,0,-0.1220703125,-0.274658203125
12.4124999,0.6356605291366577,-0.5195417404174805,9.79527759552002,0.030517578125,-0.3662109375,-0.18310546875
12.417499900000001,0.6422445774078369,-0.5183446407318115,9.798270225524902,0.06103515625,-0.732421875,-0.18310546875
12.4224999,0.6673837304115295,-0.5141547918319702,9.79408073425293,-0.091552734375,-0.640869140625,-0.244140625
12.4274999,0.7003039717674255,-0.5153518915176392,9.7791166305542,-0.1220703125,-0.244140625,-0.152587890625
12.4324999,0.7368155717849731,-0.5207388401031494,9.780912399291992,0.030517578125,-0.091552734375,-0.274658203125
12.4374999,0.7631517648696899,-0.5261258482933044,9.77672290802002,0.18310546875,0.1220703125,-0.18310546875
12.4424999,0.7745242714881897,-0.5273229479789734,9.774328231811523,0.152587890625,0.335693359375,-0.244140625
12.4474999,0.7625532150268555,-0.518943190574646,9.79288387298584,-0.030517578125,0.152587890625,-0.18310546875
12.452499900000001,0.7398083209991455,-0.5153518915176392,9.79288387298584,-0.030517578125,0.030517578125,-0.244140625
12.4574999,0.7212532758712769,-0.5129576921463013,9.797672271728516,0,0.06103515625,-0.42724609375
12.462499900000001,0.7038952708244324,-0.5129576921463013,9.78869342803955,-0.06103515625,0.213623046875,-0.335693359375
12.4674999,0.6937199234962463,-0.5117605924606323,9.780912399291992,0.091552734375,0.213623046875,-0.091552734375
12.4724999,0.6871358752250671,-0.5129576921463013,9.773730278015137,0.091552734375,0.152587890625,-0.152587890625
12.4774999,0.6835445761680603,-0.5153518915176392,9.773730278015137,-0.030517578125,0.335693359375,-0.244140625
12.4824999,0.6757634282112122,-0.5195417404174805,9.77133560180664,0,0.213623046875,-0.335693359375
12.4874999,0.6733692288398743,-0.5249287486076355,9.782109260559082,0.1220703125,-0.06103515625,-0.1220703125
12.4924999,0.6745663285255432,-0.5291185975074768,9.793481826782227,0.152587890625,-0.244140625,-0.244140625
12.497499900000001,0.6835445761680603,-0.5279214978218079,9.801262855529785,-0.030517578125,-0.3662109375,-0.274658203125
12.5024999,0.6973112225532532,-0.524330198764801,9.803657531738281,-0.1220703125,-0.42724609375,-0.274658203125
12.507499900000001,0.7254431247711182,-0.5267243981361389,9.788095474243164,0.091552734375,0.579833984375,-0.335693359375
12.5124999,0.6973112225532532,-0.5219359993934631,9.78989028930664,0.18310546875,0.3662109375,-0.274658203125
12.5174999,0.6745663285255432,-0.517746090888977,9.794678688049316,0.030517578125,0.213623046875,-0.152587890625
12.5224999,0.657806932926178,-0.5135562419891357,9.800065994262695,-0.030517578125,0.06103515625,-0.3662109375
12.5274999,0.6548141837120056,-0.5105634927749634,9.801861763000488,0.030517578125,-0.335693359375,-0.213623046875
12.532499900000001,0.6643909811973572,-0.50876784324646,9.804255485534668,0,-0.457763671875,-0.152587890625
12.5374999,0.6829460263252258,-0.5123591423034668,9.801262855529785,-0.1220703125,-0.48828125,-0.06103515625
12.542499900000001,0.7284358739852905,-0.5201402902603149,9.798270225524902,0,-0.274658203125,-0.244140625
12.5474999,0.7445967197418213,-0.5225345492362976,9.797073364257812,-0.06103515625,-0.1220703125,-0.1220703125
12.5524999,0.7493851184844971,-0.5201402902603149,9.79288387298584,0.06103515625,-0.030517578125,-0.30517578125
12.5574999,0.7487865686416626,-0.518943190574646,9.792284965515137,0.030517578125,0.06103515625,-0.396728515625
12.5624999,0.729034423828125,-0.5171475410461426,9.787496566772461,0.030517578125,0.244140625,-0.244140625
12.5674999,0.7200561761856079,-0.5147533416748047,9.787496566772461,0.030517578125,0.30517578125,-0.244140625
12.5724999,0.707486629486084,-0.5129576921463013,9.78869342803955,0.06103515625,0.213623046875,-0.274658203125
12.577499900000001,0.6979097723960876,-0.5129576921463013,9.791686058044434,0.091552734375,0.274658203125,-0.274658203125
12.5824999,0.6865373253822327,-0.5129576921463013,9.795876502990723,-0.152587890625,0.213623046875,-0.244140625
12.587499900000001,0.6865373253822327,-0.5129576921463013,9.795876502990723,-0.152587890625,0.213623046875,-0.244140625
12.5924999,0.6757634282112122,-0.5165489912033081,9.803058624267578,0,0.06103515625,-0.18310546875
12.5974999,0.7236474752426147,-0.5081692934036255,9.795876502990723,-0.213623046875,-0.3662109375,-0.213623046875
12.6024999,0.7433996200561523,-0.507570743560791,9.793481826782227,-0.06103515625,-0.244140625,-0.1220703125
12.6074999,0.7583633661270142,-0.5141547918319702,9.78989028930664,0.213623046875,-0.1220703125,-0.18310546875
12.6124999,0.7655459642410278,-0.5195417404174805,9.782708168029785,0.091552734375,0.152587890625,-0.274658203125
12.6174999,0.7643488645553589,-0.5207388401031494,9.780912399291992,0.091552734375,0.244140625,-0.213623046875
12.622499900000001,0.7523778676986694,-0.5207388401031494,9.777320861816406,0.06103515625,0.335693359375,-0.30517578125
12.6274999,0.7356184720993042,-0.5165489912033081,9.777320861816406,-0.06103515625,0.579833984375,-0.30517578125
12.632499900000001,0.7158663272857666,-0.5159504413604736,9.782109260559082,0.06103515625,0.457763671875,-0.335693359375
12.6374999,0.6955155730247498,-0.5165489912033081,9.783307075500488,0.030517578125,0.244140625,-0.244140625
12.6424999,0.6685808300971985,-0.5183446407318115,9.79288387298584,-0.091552734375,-0.152587890625,-0.091552734375
12.6474999,0.6685808300971985,-0.5183446407318115,9.79288387298584,-0.091552734375,-0.152587890625,-0.091552734375
12.6524999,0.6763619780540466,-0.5201402902603149,9.793481826782227,-0.030517578125,-0.213623046875,-0.1220703125
12.657499900000001,0.6871358752250671,-0.5207388401031494,9.794678688049316,-0.030517578125,-0.274658203125,-0.152587890625
12.6624999,0.702099621295929,-0.5213374495506287,9.795876502990723,0.030517578125,-0.274658203125,-0.152587890625
12.667499900000001,0.7164648771286011,-0.518943190574646,9.798270225524902,0.030517578125,-0.1220703125,-0.244140625
12.6724999,0.729034423828125,-0.5147533416748047,9.800664901733398,-0.030517578125,0,-0.18310546875
12.6774999,0.7380126714706421,-0.5105634927749634,9.804255485534668,0.06103515625,0.030517578125,-0.213623046875
12.6824999,0.7433996200561523,-0.5099649429321289,9.808445930480957,0.1220703125,0.152587890625,-0.3662109375
12.6874999,0.7422025203704834,-0.5105634927749634,9.81143856048584,0.1220703125,0.1220703125,-0.335693359375
12.6924999,0.7344213724136353,-0.5123591423034668,9.81263542175293,0.06103515625,0.244140625,-0.30517578125
12.6974999,0.7242460250854492,-0.5153518915176392,9.80904483795166,0.1220703125,0.48828125,-0.274658203125
12.702499900000001,0.7003039717674255,-0.5165489912033081,9.79527759552002,-0.091552734375,0.213623046875,-0.244140625
12.7074999,0.7003039717674255,-0.5165489912033081,9.79527759552002,-0.091552734375,0.213623046875,-0.244140625
12.712499900000001,0.6919242739677429,-0.5183446407318115,9.791686058044434,-0.030517578125,0.152587890625,-0.3662109375
12.7174999,0.6859387755393982,-0.5183446407318115,9.78989028930664,0.030517578125,0.06103515625,-0.30517578125
12.7224999,0.6955155730247498,-0.517746090888977,9.790489196777344,-0.1220703125,-0.18310546875,-0.244140625
12.7274999,0.707486629486084,-0.5213374495506287,9.787496566772461,-0.091552734375,-0.30517578125,-0.274658203125
12.7324999,0.7212532758712769,-0.5237316489219666,9.782109260559082,-0.030517578125,-0.213623046875,-0.091552734375
12.7374999,0.7314286231994629,-0.5273229479789734,9.780313491821289,0.030517578125,0.030517578125,-0.30517578125
12.7424999,0.7380126714706421,-0.5279214978218079,9.7791166305542,0.1220703125,0.091552734375,-0.3662109375
12.747499900000001,0.7380126714706421,-0.5225345492362976,9.782708168029785,0.091552734375,0.213623046875,-0.244140625
12.7524999,0.730231523513794,-0.517746090888977,9.786299705505371,0.091552734375,0.396728515625,-0.244140625
12.757499900000001,0.7056909799575806,-0.5159504413604736,9.797672271728516,0.030517578125,0.274658203125,-0.274658203125
12.7624999,0.6913257241249084,-0.518943190574646,9.797073364257812,0.091552734375,0.091552734375,-0.18310546875
12.7674999,0.6859387755393982,-0.5195417404174805,9.797672271728516,0.18310546875,0.030517578125,-0.152587890625
12.7724999,0.6841431260108948,-0.5135562419891357,9.791686058044434,0.030517578125,0.091552734375,-0.30517578125
12.7774999,0.6901286244392395,-0.5111620426177979,9.790489196777344,-0.030517578125,-0.06103515625,-0.18310546875
12.782499900000001,0.6985083222389221,-0.507570743560791,9.782109260559082,-0.030517578125,-0.1220703125,-0.06103515625
12.7874999,0.7068880796432495,-0.5141547918319702,9.780313491821289,-0.06103515625,-0.1220703125,-0.213623046875
12.792499900000001,0.7164648771286011,-0.5213374495506287,9.778518676757812,-0.06103515625,-0.1220703125,-0.335693359375
12.7974999,0.7248445749282837,-0.5267243981361389,9.779715538024902,0,-0.152587890625,-0.244140625
12.8024999,0.7320271730422974,-0.5285200476646423,9.785700798034668,0.152587890625,-0.152587890625,-0.1220703125
12.8074999,0.7338228225708008,-0.5249287486076355,9.789292335510254,0.06103515625,0.091552734375,-0.213623046875
12.8124999,0.690727174282074,-0.5105634927749634,9.806650161743164,0,0.091552734375,-0.152587890625
12.8174999,0.6889315247535706,-0.5147533416748047,9.806051254272461,0.030517578125,-0.06103515625,-0.213623046875
12.8224999,0.6913257241249084,-0.5213374495506287,9.802460670471191,-0.1220703125,-0.152587890625,-0.213623046875
12.827499900000001,0.7003039717674255,-0.524330198764801,9.803058624267578,0,-0.244140625,-0.213623046875
12.8324999,0.7104793787002563,-0.5267243981361389,9.797073364257812,-0.030517578125,-0.1220703125,-0.30517578125
12.837499900000001,0.7212532758712769,-0.5285200476646423,9.791686058044434,-0.06103515625,-0.213623046875,-0.244140625
12.8424999,0.7308300733566284,-0.5279214978218079,9.790489196777344,-0.1220703125,-0.030517578125,-0.244140625
12.8474999,0.7296329736709595,-0.5261258482933044,9.78869342803955,0.152587890625,0.1220703125,-0.152587890625
12.8524999,0.7242460250854492,-0.5249287486076355,9.797073364257812,0.030517578125,0.30517578125,-0.18310546875
12.8574999,0.7164648771286011,-0.5225345492362976,9.800664901733398,0.030517578125,0.18310546875,-0.18310546875
12.8624999,0.7110779285430908,-0.518943190574646,9.803058624267578,0.1220703125,0.1220703125,-0.18310546875
12.8674999,0.7086837291717529,-0.5147533416748047,9.802460670471191,0.091552734375,0.18310546875,-0.091552734375
12.872499900000001,0.706289529800415,-0.5093663930892944,9.799467086791992,0.1220703125,0.030517578125,-0.18310546875
12.8774999,0.7068880796432495,-0.5063736438751221,9.79288387298584,0.030517578125,-0.06103515625,-0.18310546875
12.882499900000001,0.7098808288574219,-0.5105634927749634,9.787496566772461,0.030517578125,0.030517578125,-0.274658203125
12.8874999,0.7146692276000977,-0.5153518915176392,9.784503936767578,0.091552734375,-0.06103515625,-0.244140625
12.8924999,0.7194576263427734,-0.5201402902603149,9.783905029296875,-0.030517578125,-0.152587890625,-0.213623046875
12.8974999,0.7230489253997803,-0.524330198764801,9.785700798034668,0,0,-0.244140625
12.9024999,0.7098808288574219,-0.524330198764801,9.789292335510254,-0.030517578125,0.244140625,-0.30517578125
12.907499900000001,0.7038952708244324,-0.518943190574646,9.791088104248047,0.18310546875,0,-0.30517578125
12.9124999,0.7015010714530945,-0.5147533416748047,9.78869342803955,0.213623046875,0.152587890625,-0.18310546875
12.917499900000001,0.7003039717674255,-0.50876784324646,9.783905029296875,0,0.213623046875,-0.213623046875
12.9224999,0.702099621295929,-0.5021837949752808,9.782708168029785,0.030517578125,-0.030517578125,-0.274658203125
12.9274999,0.7044938206672668,-0.5045779943466187,9.775525093078613,0.091552734375,0,-0.244140625
12.9324999,0.7080851793289185,-0.50876784324646,9.773131370544434,-0.06103515625,0.18310546875,-0.152587890625
12.9374999,0.7110779285430908,-0.5153518915176392,9.775525093078613,-0.030517578125,-0.030517578125,-0.18310546875
12.9424999,0.7134721279144287,-0.5207388401031494,9.773730278015137,0,-0.030517578125,-0.30517578125
12.9474999,0.7140706777572632,-0.5225345492362976,9.7791166305542,0.030517578125,0.091552734375,-0.274658203125
12.952499900000001,0.7152677774429321,-0.518943190574646,9.782708168029785,-0.030517578125,-0.030517578125,-0.18310546875
12.9574999,0.718859076499939,-0.524330198764801,9.801262855529785,-0.1220703125,0.091552734375,-0.06103515625
12.962499900000001,0.7200561761856079,-0.52552729845047,9.804854393005371,-0.030517578125,0.244140625,-0.18310546875
12.9674999,0.7206547260284424,-0.5273229479789734,9.801262855529785,0,0.213623046875,-0.244140625
12.9724999,0.7182605266571045,-0.5291185975074768,9.798869132995605,0,0.213623046875,-0.1220703125
12.9774999,0.7152677774429321,-0.5273229479789734,9.792284965515137,0,0.213623046875,-0.1220703125
12.9824999,0.707486629486084,-0.5261258482933044,9.78989028930664,-0.030517578125,0.152587890625,-0.18310546875
12.9874999,0.7050924301147461,-0.5213374495506287,9.789292335510254,-0.030517578125,0.030517578125,-0.396728515625
12.9924999,0.70090252161026,-0.5207388401031494,9.78989028930664,-0.030517578125,-0.030517578125,-0.274658203125
12.997499900000001,0.7038952708244324,-0.5201402902603149,9.789292335510254,-0.030517578125,0,-0.244140625
13.0024999,0.7080851793289185,-0.5237316489219666,9.789292335510254,0,-0.06103515625,-0.244140625
13.007499900000001,0.7236474752426147,-0.524330198764801,9.791686058044434,-0.030517578125,0,-0.30517578125
13.0124999,0.7248445749282837,-0.5219359993934631,9.795876502990723,0.030517578125,0.06103515625,-0.244140625
13.0174999,0.7236474752426147,-0.5207388401031494,9.79647445678711,0.091552734375,0,-0.213623046875
13.0224999,0.7164648771286011,-0.518943190574646,9.797672271728516,0,-0.030517578125,-0.18310546875
13.0274999,0.7104793787002563,-0.5171475410461426,9.800664901733398,0.091552734375,0.06103515625,-0.213623046875
13.032499900000001,0.7026981711387634,-0.5159504413604736,9.798270225524902,-0.06103515625,0.06103515625,-0.213623046875
13.0374999,0.6991068720817566,-0.5123591423034668,9.794678688049316,0.030517578125,-0.091552734375,-0.213623046875
13.042499900000001,0.7003039717674255,-0.5123591423034668,9.791686058044434,-0.06103515625,0.091552734375,-0.335693359375
13.0474999,0.7026981711387634,-0.5129576921463013,9.78869342803955,0.030517578125,0.030517578125,-0.244140625
13.0524999,0.7050924301147461,-0.5135562419891357,9.786299705505371,0.06103515625,0,-0.244140625
13.0574999,0.707486629486084,-0.5117605924606323,9.78989028930664,-0.1220703125,0.06103515625,-0.457763671875
13.0624999,0.7086837291717529,-0.5117605924606323,9.791686058044434,0,0.06103515625,-0.274658203125
13.0674999,0.7092822790145874,-0.5105634927749634,9.795876502990723,0.030517578125,0.091552734375,-0.213623046875
13.0724999,0.7110779285430908,-0.5135562419891357,9.797073364257812,0.030517578125,0.06103515625,-0.213623046875
13.077499900000001,0.7104793787002563,-0.5183446407318115,9.79408073425293,0,0.030517578125,-0.152587890625
13.0824999,0.7092822790145874,-0.5201402902603149,9.790489196777344,0,0.06103515625,-0.335693359375
13.087499900000001,0.7056909799575806,-0.5231330990791321,9.784503936767578,0,0.06103515625,-0.274658203125
13.0924999,0.7032967209815979,-0.5213374495506287,9.781511306762695,0.030517578125,0.152587890625,-0.213623046875
13.0974999,0.6997054219245911,-0.5195417404174805,9.77791976928711,0,0.152587890625,-0.18310546875
13.1024999,0.7015010714530945,-0.5159504413604736,9.77791976928711,0.030517578125,-0.030517578125,-0.1220703125
13.1074999,0.7038952708244324,-0.5129576921463013,9.781511306762695,0.06103515625,0.1220703125,-0.274658203125
13.1124999,0.7086837291717529,-0.5093663930892944,9.786897659301758,0,0.030517578125,-0.244140625
13.1174999,0.7170634269714355,-0.5201402902603149,9.790489196777344,-0.030517578125,0,-0.213623046875
13.122499900000001,0.71766197681427,-0.5225345492362976,9.788095474243164,0,0.06103515625,-0.213623046875
13.1274999,0.7164648771286011,-0.5219359993934631,9.785700798034668,0,0,-0.152587890625
13.132499900000001,0.71766197681427,-0.5237316489219666,9.786897659301758,0,0,-0.213623046875
13.1374999,0.7158663272857666,-0.5237316489219666,9.786897659301758,0.06103515625,0.030517578125,-0.213623046875
13.1424999,0.7146692276000977,-0.52552729845047,9.785101890563965,-0.030517578125,-0.06103515625,-0.244140625
13.1474999,0.7140706777572632,-0.52552729845047,9.789292335510254,0.030517578125,0.030517578125,-0.244140625
13.1524999,0.7140706777572632,-0.524330198764801,9.790489196777344,0.030517578125,0.18310546875,-0.213623046875
13.157499900000001,0.7098808288574219,-0.5225345492362976,9.791686058044434,0.091552734375,-0.06103515625,-0.091552734375
13.1624999,0.7092822790145874,-0.5183446407318115,9.79408073425293,-0.1220703125,0.091552734375,-0.213623046875
13.167499900000001,0.7086837291717529,-0.5183446407318115,9.79408073425293,-0.030517578125,0.06103515625,-0.244140625
13.1724999,0.7158663272857666,-0.5171475410461426,9.790489196777344,0.030517578125,-0.1220703125,-0.213623046875
13.1774999,0.7200561761856079,-0.5183446407318115,9.788095474243164,0.030517578125,-0.091552734375,-0.152587890625
13.1824999,0.7212532758712769,-0.5171475410461426,9.780313491821289,0.06103515625,-0.1220703125,-0.213623046875
13.1874999,0.7236474752426147,-0.5159504413604736,9.781511306762695,0,0.06103515625,-0.396728515625
13.1924999,0.7224503755569458,-0.5135562419891357,9.778518676757812,0.091552734375,0.091552734375,-0.3662109375
13.1974999,0.7194576263427734,-0.5153518915176392,9.781511306762695,0.1220703125,0.1220703125,-0.152587890625
13.202499900000001,0.7122750282287598,-0.5267243981361389,9.785700798034668,0,0,-0.213623046875
13.2074999,0.7146692276000977,-0.5249287486076355,9.78869342803955,0.06103515625,0.152587890625,-0.335693359375
13.212499900000001,0.7128735780715942,-0.5207388401031494,9.792284965515137,-0.1220703125,0.030517578125,-0.18310546875
13.2174999,0.7128735780715942,-0.5207388401031494,9.792284965515137,-0.1220703125,0.030517578125,-0.18310546875
13.2224999,0.7134721279144287,-0.517746090888977,9.789292335510254,0,-0.06103515625,-0.18310546875
13.2274999,0.7140706777572632,-0.5165489912033081,9.788095474243164,-0.091552734375,0.06103515625,-0.335693359375
13.2324999,0.7164648771286011,-0.5153518915176392,9.791686058044434,-0.06103515625,0.1220703125,-0.213623046875
13.2374999,0.71766197681427,-0.5135562419891357,9.791686058044434,0,0.18310546875,-0.213623046875
13.2424999,0.7194576263427734,-0.5147533416748047,9.79647445678711,0,0.091552734375,-0.18310546875
13.247499900000001,0.7194576263427734,-0.5171475410461426,9.795876502990723,0,0.030517578125,-0.18310546875
13.2524999,0.7194576263427734,-0.518943190574646,9.798869132995605,0,0,-0.18310546875
13.257499900000001,0.7164648771286011,-0.5225345492362976,9.798270225524902,-0.1220703125,0.06103515625,-0.213623046875
13.2624999,0.7122750282287598,-0.5237316489219666,9.799467086791992,0,0.06103515625,-0.18310546875
13.2674999,0.7110779285430908,-0.52552729845047,9.801262855529785,-0.091552734375,0.06103515625,-0.274658203125
13.2724999,0.7158663272857666,-0.5219359993934631,9.795876502990723,0,-0.1220703125,-0.274658203125
13.2774999,0.7218518257141113,-0.5213374495506287,9.791686058044434,0,-0.091552734375,-0.30517578125
13.282499900000001,0.7284358739852905,-0.5201402902603149,9.79288387298584,0.030517578125,0.030517578125,-0.274658203125
13.2874999,0.7284358739852905,-0.5201402902603149,9.79288387298584,0.030517578125,0.030517578125,-0.274658203125
13.292499900000001,0.7272387742996216,-0.5195417404174805,9.797073364257812,0,-0.030517578125,-0.244140625
13.2974999,0.7230489253997803,-0.5213374495506287,9.799467086791992,0.030517578125,0.030517578125,-0.18310546875
13.3024999,0.7182605266571045,-0.5207388401031494,9.800065994262695,0.030517578125,0.1220703125,-0.1220703125
13.3074999,0.7122750282287598,-0.5207388401031494,9.79408073425293,0,0.274658203125,-0.213623046875
13.3124999,0.7056909799575806,-0.5153518915176392,9.791686058044434,0,0.091552734375,-0.335693359375
13.3174999,0.7026981711387634,-0.5159504413604736,9.791088104248047,0.06103515625,0.030517578125,-0.3662109375
13.3224999,0.6997054219245911,-0.5141547918319702,9.792284965515137,0.06103515625,0.1220703125,-0.152587890625
13.327499900000001,0.7015010714530945,-0.5129576921463013,9.798270225524902,-0.030517578125,0.091552734375,-0.244140625
13.3324999,0.7110779285430908,-0.5099649429321289,9.800065994262695,-0.06103515625,0.030517578125,-0.335693359375
13.337499900000001,0.7146692276000977,-0.5117605924606323,9.791686058044434,0,0,-0.152587890625
13.3424999,0.7194576263427734,-0.5129576921463013,9.790489196777344,0.06103515625,0.030517578125,-0.1220703125
13.3474999,0.7260416746139526,-0.5135562419891357,9.789292335510254,-0.030517578125,0,-0.213623046875
13.3524999,0.7266402244567871,-0.5099649429321289,9.785101890563965,0.06103515625,0.030517578125,-0.213623046875
13.3574999,0.727837324142456,-0.5093663930892944,9.786897659301758,-0.06103515625,0.091552734375,-0.274658203125
13.3624999,0.7230489253997803,-0.50876784324646,9.782708168029785,-0.152587890625,0,-0.30517578125
13.3674999,0.7212532758712769,-0.5111620426177979,9.782109260559082,0.030517578125,0.030517578125,-0.18310546875
13.372499900000001,0.71766197681427,-0.5153518915176392,9.785101890563965,0.091552734375,-0.030517578125,-0.244140625
13.3774999,0.7158663272857666,-0.5201402902603149,9.788095474243164,-0.030517578125,-0.06103515625,-0.18310546875
13.382499900000001,0.706289529800415,-0.518943190574646,9.79527759552002,-0.06103515625,0.091552734375,-0.244140625
13.3874999,0.7056909799575806,-0.5183446407318115,9.793481826782227,-0.06103515625,0.06103515625,-0.244140625
13.3924999,0.7038952708244324,-0.5183446407318115,9.789292335510254,-0.030517578125,-0.18310546875,-0.335693359375
13.3974999,0.7038952708244324,-0.5201402902603149,9.78869342803955,0.06103515625,-0.091552734375,-0.244140625
13.4024999,0.7050924301147461,-0.5207388401031494,9.785700798034668,-0.030517578125,0.06103515625,-0.152587890625
13.407499900000001,0.7080851793289185,-0.5213374495506287,9.786299705505371,0.030517578125,-0.030517578125,-0.152587890625
13.4124999,0.7104793787002563,-0.5207388401031494,9.785700798034668,-0.06103515625,0.091552734375,-0.244140625
13.417499900000001,0.7134721279144287,-0.5213374495506287,9.786897659301758,-0.1220703125,0.213623046875,-0.244140625
13.4224999,0.7170634269714355,-0.5213374495506287,9.78989028930664,0.1220703125,0.30517578125,-0.213623046875
13.4274999,0.7182605266571045,-0.5195417404174805,9.79288387298584,0,0.152587890625,-0.335693359375
13.4324999,0.7098808288574219,-0.518943190574646,9.797073364257812,-0.030517578125,0.1220703125,-0.213623046875
13.4374999,0.7110779285430908,-0.5195417404174805,9.79647445678711,-0.1220703125,0.091552734375,-0.213623046875
13.4424999,0.7146692276000977,-0.5201402902603149,9.79647445678711,0,-0.06103515625,-0.335693359375
13.4474999,0.7224503755569458,-0.5207388401031494,9.798869132995605,-0.06103515625,0,-0.244140625
13.452499900000001,0.7284358739852905,-0.518943190574646,9.79647445678711,0,0,-0.091552734375
13.4574999,0.7338228225708008,-0.5147533416748047,9.79647445678711,0.091552734375,0.18310546875,-0.3662109375
13.462499900000001,0.7344213724136353,-0.5147533416748047,9.78989028930664,0.06103515625,0.030517578125,-0.244140625
13.4674999,0.730231523513794,-0.5141547918319702,9.784503936767578,0.030517578125,0.06103515625,-0.274658203125
13.4724999,0.7236474752426147,-0.5171475410461426,9.788095474243164,0.030517578125,0.18310546875,-0.335693359375
13.4774999,0.706289529800415,-0.5309142470359802,9.789292335510254,-0.06103515625,0.213623046875,-0.30517578125
13.4824999,0.7032967209815979,-0.5297171473503113,9.791686058044434,0,0.1220703125,-0.335693359375
13.4874999,0.702099621295929,-0.5285200476646423,9.795876502990723,0.030517578125,-0.030517578125,-0.213623046875
13.4924999,0.7032967209815979,-0.5219359993934631,9.798869132995605,-0.06103515625,0.091552734375,-0.213623046875
13.497499900000001,0.707486629486084,-0.5195417404174805,9.799467086791992,0.06103515625,0,-0.18310546875
13.5024999,0.7110779285430908,-0.5165489912033081,9.799467086791992,0.152587890625,-0.030517578125,-0.18310546875
13.507499900000001,0.7170634269714355,-0.517746090888977,9.793481826782227,0.18310546875,-0.06103515625,-0.213623046875
13.5124999,0.7164648771286011,-0.5165489912033081,9.787496566772461,0.091552734375,-0.1220703125,-0.274658203125
13.5174999,0.718859076499939,-0.5171475410461426,9.785700798034668,0.152587890625,0.1220703125,-0.244140625
13.5224999,0.7050924301147461,-0.5135562419891357,9.801262855529785,-0.091552734375,0.091552734375,-0.213623046875
13.5274999,0.7015010714530945,-0.5141547918319702,9.807249069213867,0,0,-0.152587890625
13.532499900000001,0.70090252161026,-0.5135562419891357,9.804854393005371,0,-0.06103515625,-0.244140625
13.5374999,0.70090252161026,-0.5135562419891357,9.801861763000488,0.030517578125,-0.030517578125,-0.244140625
13.542499900000001,0.7050924301147461,-0.5153518915176392,9.79647445678711,0.091552734375,-0.1220703125,-0.244140625
13.5474999,0.7086837291717529,-0.5135562419891357,9.79408073425293,-0.06103515625,-0.030517578125,-0.274658203125
13.5524999,0.71766197681427,-0.517746090888977,9.793481826782227,-0.06103515625,-0.091552734375,-0.335693359375
13.5574999,0.7212532758712769,-0.5165489912033081,9.795876502990723,0,0.030517578125,-0.244140625
13.5624999,0.7248445749282837,-0.5183446407318115,9.794678688049316,0.030517578125,-0.030517578125,-0.335693359375
13.5674999,0.7230489253997803,-0.518943190574646,9.791088104248047,0,0.06103515625,-0.18310546875
13.5724999,0.7200561761856079,-0.5201402902603149,9.786897659301758,0,0.06103515625,-0.152587890625
13.577499900000001,0.7164648771286011,-0.5213374495506287,9.783905029296875,0.06103515625,0.091552734375,-0.244140625
13.5824999,0.7068880796432495,-0.5213374495506287,9.787496566772461,0.18310546875,0.1220703125,-0.274658203125
13.587499900000001,0.70090252161026,-0.5195417404174805,9.790489196777344,0.091552734375,0.091552734375,-0.244140625
13.5924999,0.6979097723960876,-0.5171475410461426,9.79288387298584,0.091552734375,0.06103515625,-0.1220703125
13.5974999,0.6967126727104187,-0.5153518915176392,9.794678688049316,0,0.152587890625,-0.274658203125
13.6024999,0.6985083222389221,-0.5129576921463013,9.793481826782227,0.030517578125,0.030517578125,-0.18310546875
13.6074999,0.7026981711387634,-0.5129576921463013,9.78869342803955,0,0.06103515625,-0.18310546875
13.6124999,0.7086837291717529,-0.5135562419891357,9.788095474243164,0.030517578125,-0.091552734375,-0.244140625
13.6174999,0.7152677774429321,-0.5165489912033081,9.785700798034668,-0.06103515625,0,-0.30517578125
13.622499900000001,0.71766197681427,-0.5195417404174805,9.782109260559082,-0.091552734375,0,-0.274658203125
13.6274999,0.718859076499939,-0.5237316489219666,9.785101890563965,0.091552734375,0.030517578125,-0.274658203125
13.632499900000001,0.7116764783859253,-0.5285200476646423,9.784503936767578,0.06103515625,0,-0.244140625
13.6374999,0.7086837291717529,-0.52552729845047,9.788095474243164,-0.030517578125,0.06103515625,-0.335693359375
13.6424999,0.7068880796432495,-0.5219359993934631,9.790489196777344,0,0,-0.335693359375
13.6474999,0.7032967209815979,-0.517746090888977,9.78869342803955,0,0.030517578125,-0.152587890625
13.6524999,0.7050924301147461,-0.5153518915176392,9.79408073425293,-0.06103515625,-0.030517578125,-0.152587890625
13.657499900000001,0.7015010714530945,-0.5159504413604736,9.791088104248047,0,0,-0.244140625
13.6624999,0.7044938206672668,-0.517746090888977,9.793481826782227,0.1220703125,-0.030517578125,-0.274658203125
13.667499900000001,0.7056909799575806,-0.518943190574646,9.794678688049316,0.1220703125,-0.091552734375,-0.18310546875
13.6724999,0.7086837291717529,-0.5201402902603149,9.793481826782227,0.030517578125,0,-0.213623046875
13.6774999,0.7116764783859253,-0.5213374495506287,9.79408073425293,0.030517578125,-0.030517578125,-0.18310546875
13.6824999,0.718859076499939,-0.5165489912033081,9.797672271728516,0.030517578125,0,-0.42724609375
13.6874999,0.7170634269714355,-0.5135562419891357,9.798270225524902,0.091552734375,0.18310546875,-0.244140625
13.6924999,0.7146692276000977,-0.5123591423034668,9.799467086791992,0.1220703125,0.152587890625,-0.274658203125
13.6974999,0.7068880796432495,-0.5123591423034668,9.802460670471191,0.06103515625,0.030517578125,-0.30517578125
13.702499900000001,0.6991068720817566,-0.5105634927749634,9.801262855529785,0.1220703125,0.1220703125,-0.3662109375
13.7074999,0.6979097723960876,-0.50876784324646,9.803058624267578,0.1220703125,0,-0.274658203125
13.712499900000001,0.6973112225532532,-0.5033808946609497,9.798869132995605,0.06103515625,-0.06103515625,-0.274658203125
13.7174999,0.7038952708244324,-0.5033808946609497,9.798270225524902,-0.030517578125,-0.1220703125,-0.213623046875
13.7224999,0.707486629486084,-0.5003881454467773,9.795876502990723,0.030517578125,-0.06103515625,-0.335693359375
13.7274999,0.7140706777572632,-0.5051765441894531,9.797073364257812,-0.091552734375,-0.030517578125,-0.18310546875
13.7324999,0.7206547260284424,-0.5081692934036255,9.801262855529785,-0.091552734375,-0.18310546875,-0.18310546875
13.7374999,0.7248445749282837,-0.5141547918319702,9.797672271728516,-0.030517578125,-0.18310546875,-0.18310546875
13.7424999,0.7032967209815979,-0.5147533416748047,9.788095474243164,0.06103515625,0.244140625,-0.335693359375
13.747499900000001,0.7026981711387634,-0.5153518915176392,9.791686058044434,-0.091552734375,0.091552734375,-0.244140625
13.7524999,0.6991068720817566,-0.5165489912033081,9.78869342803955,-0.030517578125,-0.030517578125,-0.244140625
13.757499900000001,0.6997054219245911,-0.5141547918319702,9.785700798034668,0.030517578125,-0.030517578125,-0.1220703125
13.7624999,0.7056909799575806,-0.5147533416748047,9.787496566772461,-0.1220703125,-0.06103515625,-0.274658203125
13.7674999,0.7086837291717529,-0.5123591423034668,9.785101890563965,-0.06103515625,-0.091552734375,-0.335693359375
13.7724999,0.7182605266571045,-0.5129576921463013,9.785700798034668,0.06103515625,-0.152587890625,-0.152587890625
13.7774999,0.7260416746139526,-0.5165489912033081,9.791088104248047,0,-0.06103515625,-0.213623046875
13.782499900000001,0.7338228225708008,-0.5231330990791321,9.788095474243164,0,0.06103515625,-0.152587890625
13.7874999,0.7332242727279663,-0.52552729845047,9.78989028930664,-0.06103515625,0.06103515625,-0.244140625
13.792499900000001,0.7254431247711182,-0.5267243981361389,9.78869342803955,-0.030517578125,0.091552734375,-0.152587890625
13.7974999,0.7170634269714355,-0.5249287486076355,9.793481826782227,-0.030517578125,0.152587890625,-0.18310546875
13.8024999,0.7080851793289185,-0.5237316489219666,9.79408073425293,-0.06103515625,0.1220703125,-0.213623046875
13.8074999,0.7015010714530945,-0.5207388401031494,9.792284965515137,-0.244140625,0.18310546875,-0.213623046875
13.8124999,0.6997054219245911,-0.5195417404174805,9.793481826782227,0.030517578125,0.152587890625,-0.213623046875
13.8174999,0.6985083222389221,-0.5183446407318115,9.792284965515137,-0.030517578125,0.030517578125,-0.244140625
13.8224999,0.6985083222389221,-0.5183446407318115,9.792284965515137,-0.030517578125,0.030517578125,-0.244140625
13.827499900000001,0.6967126727104187,-0.5195417404174805,9.79288387298584,-0.06103515625,0.030517578125,-0.18310546875
13.8324999,0.6967126727104187,-0.5207388401031494,9.797073364257812,-0.030517578125,-0.030517578125,-0.213623046875
13.837499900000001,0.6967126727104187,-0.5249287486076355,9.79527759552002,0.030517578125,-0.18310546875,-0.152587890625
13.8424999,0.7242460250854492,-0.5231330990791321,9.788095474243164,-0.06103515625,0,-0.152587890625
13.8474999,0.7212532758712769,-0.5219359993934631,9.784503936767578,0,0,-0.1220703125
13.8524999,0.7200561761856079,-0.5207388401031494,9.782109260559082,0,0.030517578125,-0.213623046875
13.8574999,0.7170634269714355,-0.5213374495506287,9.782708168029785,0.030517578125,0.152587890625,-0.244140625
13.8624999,0.7116764783859253,-0.5201402902603149,9.786299705505371,0.06103515625,0.091552734375,-0.1220703125
13.8674999,0.7056909799575806,-0.5219359993934631,9.790489196777344,0.030517578125,0.030517578125,-0.213623046875
13.872499900000001,0.6997054219245911,-0.5219359993934631,9.791686058044434,0.06103515625,0.091552734375,-0.18310546875
13.8774999,0.6949170231819153,-0.524330198764801,9.79527759552002,0.06103515625,0.06103515625,-0.244140625
13.882499900000001,0.6931213736534119,-0.52552729845047,9.791686058044434,-0.06103515625,-0.06103515625,-0.213623046875
13.8874999,0.7044938206672668,-0.5267243981361389,9.790489196777344,0.030517578125,0.1220703125,-0.335693359375
13.8924999,0.7110779285430908,-0.5273229479789734,9.786299705505371,-0.213623046875,0.030517578125,-0.30517578125
13.8974999,0.7200561761856079,-0.5285200476646423,9.784503936767578,-0.06103515625,-0.091552734375,-0.213623046875
13.9024999,0.7224503755569458,-0.5273229479789734,9.785700798034668,0,-0.091552734375,-0.244140625
13.907499900000001,0.7230489253997803,-0.52552729845047,9.784503936767578,-0.030517578125,0.06103515625,-0.152587890625
13.9124999,0.7218518257141113,-0.5195417404174805,9.791686058044434,-0.06103515625,0.18310546875,-0.244140625
13.917499900000001,0.7164648771286011,-0.5183446407318115,9.794678688049316,0,0.274658203125,-0.244140625
13.9224999,0.7092822790145874,-0.5141547918319702,9.792284965515137,-0.030517578125,0.244140625,-0.18310546875
13.9274999,0.7026981711387634,-0.5153518915176392,9.793481826782227,0.030517578125,0.152587890625,-0.274658203125
13.9324999,0.6967126727104187,-0.5165489912033081,9.789292335510254,0.1220703125,0.091552734375,-0.274658203125
13.9374999,0.6913257241249084,-0.517746090888977,9.78869342803955,0,0.06103515625,-0.244140625
13.9424999,0.6937199234962463,-0.518943190574646,9.794678688049316,0.06103515625,0,-0.30517578125
13.9474999,0.7098808288574219,-0.5183446407318115,9.798869132995605,-0.152587890625,-0.06103515625,-0.30517578125
13.952499900000001,0.7164648771286011,-0.5183446407318115,9.792284965515137,-0.152587890625,-0.152587890625,-0.244140625
13.9574999,0.7242460250854492,-0.5213374495506287,9.787496566772461,-0.030517578125,-0.06103515625,-0.152587890625
13.962499900000001,0.7296329736709595,-0.5207388401031494,9.783905029296875,-0.06103515625,0,-0.213623046875
13.9674999,0.7308300733566284,-0.5201402902603149,9.778518676757812,-0.030517578125,0.091552734375,-0.1220703125
13.9724999,0.727837324142456,-0.5141547918319702,9.783307075500488,0,0.18310546875,-0.152587890625
13.9774999,0.718859076499939,-0.5123591423034668,9.780313491821289,0,0.1220703125,-0.274658203125
13.9824999,0.7080851793289185,-0.5105634927749634,9.786299705505371,0.091552734375,0.030517578125,-0.335693359375
13.9874999,0.6979097723960876,-0.5135562419891357,9.787496566772461,0.06103515625,0.152587890625,-0.30517578125
13.9924999,0.6901286244392395,-0.518943190574646,9.789292335510254,0.030517578125,0.18310546875,-0.213623046875
13.997499900000001,0.6877344250679016,-0.5201402902603149,9.792284965515137,0.06103515625,0.06103515625,-0.213623046875
14.0024999,0.7284358739852905,-0.5165489912033081,9.790489196777344,-0.06103515625,-0.091552734375,-0.244140625
14.007499900000001,0.7314286231994629,-0.5183446407318115,9.787496566772461,0.030517578125,0.030517578125,-0.274658203125
14.0124999,0.7308300733566284,-0.5213374495506287,9.786897659301758,0,0.152587890625,-0.244140625
14.0174999,0.7254431247711182,-0.5225345492362976,9.782708168029785,-0.091552734375,0.06103515625,-0.18310546875
14.0224999,0.7194576263427734,-0.5249287486076355,9.788095474243164,0.091552734375,0.30517578125,-0.213623046875
14.0274999,0.7068880796432495,-0.5249287486076355,9.792284965515137,0.091552734375,0.244140625,-0.213623046875
14.032499900000001,0.6847416758537292,-0.5123591423034668,9.793481826782227,-0.1220703125,-0.091552734375,-0.18310546875
14.0374999,0.6949170231819153,-0.5123591423034668,9.787496566772461,-0.244140625,-0.091552734375,-0.213623046875
14.042499900000001,0.7086837291717529,-0.5135562419891357,9.790489196777344,0.1220703125,-0.06103515625,-0.1220703125
14.0474999,0.7236474752426147,-0.5159504413604736,9.79288387298584,0.091552734375,-0.06103515625,-0.213623046875
14.0524999,0.7314286231994629,-0.5165489912033081,9.79527759552002,0,-0.1220703125,-0.213623046875
14.0574999,0.7380126714706421,-0.5183446407318115,9.800065994262695,-0.1220703125,0.091552734375,-0.244140625
14.0624999,0.7344213724136353,-0.5171475410461426,9.79288387298584,-0.091552734375,0.18310546875,-0.30517578125
14.0674999,0.7254431247711182,-0.5135562419891357,9.788095474243164,0.06103515625,0.18310546875,-0.152587890625
14.0724999,0.7140706777572632,-0.5141547918319702,9.786299705505371,0,0.244140625,-0.213623046875
14.077499900000001,0.6919242739677429,-0.5147533416748047,9.780912399291992,0,0.06103515625,-0.18310546875
14.0824999,0.6877344250679016,-0.5165489912033081,9.784503936767578,0.030517578125,0.18310546875,-0.213623046875
14.087499900000001,0.689530074596405,-0.5159504413604736,9.783307075500488,0.091552734375,-0.030517578125,-0.18310546875
14.0924999,0.6949170231819153,-0.5153518915176392,9.784503936767578,0.1220703125,-0.06103515625,-0.1220703125
14.0974999,0.7068880796432495,-0.5123591423034668,9.785700798034668,0.091552734375,-0.152587890625,-0.18310546875
14.1024999,0.71766197681427,-0.5135562419891357,9.785101890563965,0,-0.152587890625,-0.213623046875
14.1074999,0.7272387742996216,-0.5147533416748047,9.783905029296875,-0.030517578125,-0.030517578125,-0.244140625
14.1124999,0.7326257228851318,-0.5183446407318115,9.783905029296875,-0.1220703125,-0.152587890625,-0.213623046875
14.1174999,0.7332242727279663,-0.5207388401031494,9.780313491821289,-0.152587890625,0.213623046875,-0.48828125
14.122499900000001,0.730231523513794,-0.5231330990791321,9.781511306762695,-0.1220703125,0.213623046875,-0.30517578125
14.1274999,0.7248445749282837,-0.5237316489219666,9.781511306762695,0,0.152587890625,-0.244140625
14.132499900000001,0.718859076499939,-0.5225345492362976,9.788095474243164,0.091552734375,0.152587890625,-0.18310546875
14.1374999,0.7080851793289185,-0.517746090888977,9.799467086791992,0.030517578125,0.213623046875,-0.3662109375
14.1424999,0.7026981711387634,-0.5195417404174805,9.803657531738281,0.091552734375,0.06103515625,-0.335693359375
14.1474999,0.6991068720817566,-0.5183446407318115,9.801262855529785,0.06103515625,0.18310546875,-0.30517578125
14.1524999,0.6955155730247498,-0.5213374495506287,9.801262855529785,0,0.06103515625,-0.18310546875
14.157499900000001,0.6943184733390808,-0.5183446407318115,9.800065994262695,-0.091552734375,-0.030517578125,-0.18310546875
14.1624999,0.6961141228675842,-0.5165489912033081,9.798270225524902,-0.091552734375,0,-0.244140625
14.167499900000001,0.6979097723960876,-0.5153518915176392,9.795876502990723,0,-0.152587890625,-0.244140625
14.1724999,0.7026981711387634,-0.5153518915176392,9.79527759552002,-0.030517578125,-0.152587890625,-0.274658203125
14.1774999,0.7068880796432495,-0.5183446407318115,9.790489196777344,-0.030517578125,-0.091552734375,-0.274658203125
14.1824999,0.7164648771286011,-0.5219359993934631,9.793481826782227,0,-0.06103515625,-0.244140625
14.1874999,0.7254431247711182,-0.524330198764801,9.79288387298584,0.06103515625,0.030517578125,-0.274658203125
14.1924999,0.7296329736709595,-0.5267243981361389,9.793481826782227,-0.030517578125,-0.030517578125,-0.152587890625
14.1974999,0.7086837291717529,-0.5183446407318115,9.789292335510254,0.1220703125,0.335693359375,-0.213623046875
14.202499900000001,0.6961141228675842,-0.5171475410461426,9.786897659301758,0.06103515625,0.244140625,-0.274658203125
14.2074999,0.6847416758537292,-0.5141547918319702,9.785700798034668,-0.030517578125,0,-0.30517578125
14.212499900000001,0.6805518269538879,-0.5153518915176392,9.786897659301758,-0.06103515625,0.06103515625,-0.244140625
14.2174999,0.6823474764823914,-0.5147533416748047,9.789292335510254,-0.091552734375,0.091552734375,-0.244140625
14.2224999,0.6901286244392395,-0.5165489912033081,9.78869342803955,-0.030517578125,-0.06103515625,-0.30517578125
14.2274999,0.6991068720817566,-0.5183446407318115,9.793481826782227,0.06103515625,-0.06103515625,-0.30517578125
14.2324999,0.7122750282287598,-0.5195417404174805,9.793481826782227,-0.06103515625,-0.030517578125,-0.335693359375
14.2374999,0.7194576263427734,-0.5225345492362976,9.78989028930664,-0.06103515625,-0.18310546875,-0.152587890625
14.2424999,0.727837324142456,-0.5219359993934631,9.793481826782227,-0.06103515625,-0.030517578125,-0.213623046875
14.247499900000001,0.7284358739852905,-0.5225345492362976,9.79288387298584,-0.091552734375,0.06103515625,-0.274658203125
14.2524999,0.7140706777572632,-0.5159504413604736,9.79408073425293,0.18310546875,0.213623046875,-0.213623046875
14.257499900000001,0.7068880796432495,-0.5129576921463013,9.794678688049316,0.030517578125,0.152587890625,-0.213623046875
14.2624999,0.6985083222389221,-0.5141547918319702,9.793481826782227,0.030517578125,0.1220703125,-0.244140625
14.2674999,0.6925228238105774,-0.5153518915176392,9.792284965515137,-0.06103515625,0.06103515625,-0.1220703125
14.2724999,0.6871358752250671,-0.5213374495506287,9.792284965515137,-0.030517578125,0.06103515625,-0.18310546875
14.2774999,0.6889315247535706,-0.52552729845047,9.791686058044434,0.06103515625,-0.030517578125,-0.244140625
14.282499900000001,0.6925228238105774,-0.5303156971931458,9.78989028930664,0.06103515625,-0.06103515625,-0.18310546875
14.2874999,0.6997054219245911,-0.5303156971931458,9.792284965515137,-0.030517578125,-0.091552734375,-0.18310546875
14.292499900000001,0.7080851793289185,-0.5279214978218079,9.791088104248047,0,-0.030517578125,-0.213623046875
14.2974999,0.71766197681427,-0.5279214978218079,9.790489196777344,0.1220703125,0.06103515625,-0.30517578125
14.3024999,0.7254431247711182,-0.5231330990791321,9.791088104248047,0.091552734375,0.091552734375,-0.244140625
14.3074999,0.7320271730422974,-0.5213374495506287,9.783905029296875,0.091552734375,0.091552734375,-0.274658203125
14.3124999,0.7296329736709595,-0.5195417404174805,9.779715538024902,0.030517578125,0.030517578125,-0.30517578125
14.3174999,0.7224503755569458,-0.5219359993934631,9.77791976928711,-0.030517578125,0.1220703125,-0.30517578125
14.3224999,0.7068880796432495,-0.5249287486076355,9.782708168029785,0.091552734375,0,-0.18310546875
14.327499900000001,0.7015010714530945,-0.52552729845047,9.78869342803955,-0.091552734375,0.06103515625,-0.213623046875
14.3324999,0.6949170231819153,-0.5267243981361389,9.788095474243164,0.030517578125,0.030517578125,-0.335693359375
14.337499900000001,0.6901286244392395,-0.5279214978218079,9.790489196777344,0.06103515625,-0.091552734375,-0.1220703125
14.3424999,0.6937199234962463,-0.5285200476646423,9.79288387298584,0,0.030517578125,-0.18310546875
14.3474999,0.6979097723960876,-0.5291185975074768,9.790489196777344,0.030517578125,-0.06103515625,-0.213623046875
14.3524999,0.7104793787002563,-0.5267243981361389,9.791088104248047,0.030517578125,-0.091552734375,-0.244140625
14.3574999,0.7194576263427734,-0.5249287486076355,9.790489196777344,-0.1220703125,-0.091552734375,-0.152587890625
14.3624999,0.7242460250854492,-0.5213374495506287,9.783905029296875,-0.06103515625,-0.030517578125,-0.244140625
14.3674999,0.7242460250854492,-0.5195417404174805,9.782708168029785,-0.1220703125,0,-0.274658203125
14.372499900000001,0.7230489253997803,-0.5183446407318115,9.782109260559082,-0.091552734375,0.091552734375,-0.3662109375
14.3774999,0.7164648771286011,-0.5171475410461426,9.782708168029785,0.06103515625,0.030517578125,-0.274658203125
14.382499900000001,0.7122750282287598,-0.5147533416748047,9.790489196777344,0.091552734375,0.06103515625,-0.213623046875
14.3874999,0.706289529800415,-0.5123591423034668,9.788095474243164,0.06103515625,0.06103515625,-0.213623046875
14.3924999,0.6997054219245911,-0.5099649429321289,9.789292335510254,0.030517578125,0.091552734375,-0.213623046875
14.3974999,0.6949170231819153,-0.50876784324646,9.786897659301758,0.030517578125,0.244140625,-0.30517578125
14.4024999,0.7152677774429321,-0.5111620426177979,9.788095474243164,0,-0.091552734375,-0.213623046875
14.407499900000001,0.7194576263427734,-0.5099649429321289,9.79527759552002,0,-0.091552734375,-0.274658203125
14.4124999,0.7254431247711182,-0.5111620426177979,9.801262855529785,0.1220703125,0.152587890625,-0.18310546875
14.417499900000001,0.7260416746139526,-0.5117605924606323,9.798270225524902,0.091552734375,0.152587890625,-0.213623046875
14.4224999,0.7236474752426147,-0.5153518915176392,9.799467086791992,0.152587890625,0.091552734375,-0.335693359375
14.4274999,0.718859076499939,-0.517746090888977,9.79408073425293,0.091552734375,0.152587890625,-0.42724609375
14.4324999,0.7086837291717529,-0.5213374495506287,9.78869342803955,-0.030517578125,0.030517578125,-0.42724609375
14.4374999,0.7086837291717529,-0.5213374495506287,9.78869342803955,-0.030517578125,0.030517578125,-0.42724609375
14.4424999,0.70090252161026,-0.5231330990791321,9.785101890563965,0.030517578125,0.091552734375,-0.18310546875
14.4474999,0.6961141228675842,-0.5267243981361389,9.782708168029785,-0.091552734375,0.030517578125,-0.152587890625
14.452499900000001,0.6961141228675842,-0.5261258482933044,9.782109260559082,-0.06103515625,-0.091552734375,-0.152587890625
14.4574999,0.7266402244567871,-0.5141547918319702,9.786897659301758,0,-0.030517578125,-0.244140625
14.462499900000001,0.7266402244567871,-0.5141547918319702,9.786897659301758,0,-0.030517578125,-0.244140625
14.4674999,0.7338228225708008,-0.5117605924606323,9.786299705505371,0.091552734375,-0.030517578125,-0.30517578125
14.4724999,0.7356184720993042,-0.5105634927749634,9.786299705505371,-0.030517578125,-0.06103515625,-0.244140625
14.4774999,0.7368155717849731,-0.5129576921463013,9.791088104248047,-0.06103515625,0.06103515625,-0.244140625
14.4824999,0.7320271730422974,-0.5135562419891357,9.794678688049316,0.030517578125,0.18310546875,-0.244140625
14.4874999,0.7266402244567871,-0.5147533416748047,9.79408073425293,0.091552734375,0.091552734375,-0.18310546875
14.4924999,0.7200561761856079,-0.5117605924606323,9.797073364257812,-0.06103515625,0.213623046875,-0.06103515625
14.497499900000001,0.7116764783859253,-0.5081692934036255,9.793481826782227,-0.06103515625,0.152587890625,-0.274658203125
14.5024999,0.7032967209815979,-0.5057750940322876,9.78989028930664,0.030517578125,0.1220703125,-0.274658203125
14.507499900000001,0.6973112225532532,-0.5045779943466187,9.791686058044434,0,0.091552734375,-0.274658203125
14.5124999,0.6943184733390808,-0.5117605924606323,9.786897659301758,-0.06103515625,0.030517578125,-0.335693359375
14.5174999,0.6997054219245911,-0.5249287486076355,9.785700798034668,0,0.1220703125,-0.274658203125
14.5224999,0.702099621295929,-0.5297171473503113,9.782109260559082,0,0.030517578125,-0.335693359375
14.5274999,0.7086837291717529,-0.5273229479789734,9.783905029296875,-0.030517578125,0,-0.244140625
14.532499900000001,0.7116764783859253,-0.52552729845047,9.786897659301758,0.030517578125,0.06103515625,-0.213623046875
14.5374999,0.7122750282287598,-0.5207388401031494,9.78869342803955,0.06103515625,0.06103515625,-0.335693359375
14.542499900000001,0.7122750282287598,-0.5195417404174805,9.791686058044434,0.152587890625,0.152587890625,-0.396728515625
14.5474999,0.7080851793289185,-0.5213374495506287,9.79527759552002,0.091552734375,0.091552734375,-0.335693359375
14.5524999,0.706289529800415,-0.5225345492362976,9.79408073425293,-0.030517578125,0.06103515625,-0.18310546875
14.5574999,0.7026981711387634,-0.5267243981361389,9.795876502990723,0,0.091552734375,-0.18310546875
14.5624999,0.70090252161026,-0.5279214978218079,9.797073364257812,0.06103515625,0.1220703125,-0.244140625
14.5674999,0.6985083222389221,-0.5285200476646423,9.79408073425293,0.06103515625,0.06103515625,-0.244140625
14.5724999,0.70090252161026,-0.5291185975074768,9.794678688049316,0,0.091552734375,-0.274658203125
14.577499900000001,0.7152677774429321,-0.5195417404174805,9.785700798034668,-0.030517578125,-0.06103515625,-0.335693359375
14.5824999,0.7212532758712769,-0.517746090888977,9.787496566772461,-0.030517578125,-0.06103515625,-0.30517578125
14.587499900000001,0.7260416746139526,-0.5195417404174805,9.790489196777344,0.091552734375,0,-0.244140625
14.5924999,0.727837324142456,-0.517746090888977,9.792284965515137,0.030517578125,-0.091552734375,-0.152587890625
14.5974999,0.7236474752426147,-0.517746090888977,9.79527759552002,-0.030517578125,0.06103515625,-0.244140625
14.6024999,0.7212532758712769,-0.5159504413604736,9.79408073425293,-0.030517578125,0.18310546875,-0.30517578125
14.6074999,0.7158663272857666,-0.5159504413604736,9.786299705505371,0.091552734375,0.18310546875,-0.18310546875
14.6124999,0.7128735780715942,-0.5159504413604736,9.781511306762695,0.06103515625,0.1220703125,-0.152587890625
14.6174999,0.7080851793289185,-0.517746090888977,9.77791976928711,0.030517578125,0.1220703125,-0.18310546875
14.622499900000001,0.7015010714530945,-0.517746090888977,9.774328231811523,0.091552734375,0.091552734375,-0.091552734375
14.6274999,0.6949170231819153,-0.5195417404174805,9.782708168029785,0.06103515625,0.06103515625,-0.091552734375
14.632499900000001,0.7080851793289185,-0.517746090888977,9.794678688049316,-0.152587890625,-0.030517578125,-0.274658203125
14.6374999,0.7146692276000977,-0.5159504413604736,9.791686058044434,-0.091552734375,-0.06103515625,-0.152587890625
14.6424999,0.7218518257141113,-0.5129576921463013,9.789292335510254,-0.1220703125,-0.1220703125,-0.213623046875
14.6474999,0.7266402244567871,-0.5117605924606323,9.78869342803955,-0.030517578125,0.030517578125,-0.244140625
14.6524999,0.7284358739852905,-0.5093663930892944,9.791686058044434,-0.06103515625,0.1220703125,-0.213623046875
14.657499900000001,0.7260416746139526,-0.50876784324646,9.786299705505371,-0.030517578125,0.091552734375,-0.18310546875
14.6624999,0.7200561761856079,-0.5105634927749634,9.790489196777344,0,0.1220703125,-0.274658203125
14.667499900000001,0.7116764783859253,-0.5129576921463013,9.786897659301758,0.06103515625,0.152587890625,-0.30517578125
14.6724999,0.7038952708244324,-0.5165489912033081,9.783307075500488,0.06103515625,0.18310546875,-0.152587890625
14.6774999,0.6925228238105774,-0.5195417404174805,9.787496566772461,0,0.091552734375,-0.274658203125
14.6824999,0.6925228238105774,-0.5195417404174805,9.787496566772461,0,0.091552734375,-0.274658203125
14.6874999,0.6931213736534119,-0.5183446407318115,9.787496566772461,0.06103515625,-0.091552734375,-0.18310546875
14.6924999,0.6955155730247498,-0.5153518915176392,9.78989028930664,0.030517578125,-0.18310546875,-0.213623046875
14.6974999,0.7015010714530945,-0.5123591423034668,9.78989028930664,0,-0.030517578125,-0.244140625
14.702499900000001,0.7086837291717529,-0.5111620426177979,9.786897659301758,0,-0.06103515625,-0.213623046875
14.7074999,0.7182605266571045,-0.5117605924606323,9.783905029296875,-0.030517578125,-0.091552734375,-0.213623046875
14.712499900000001,0.727837324142456,-0.5141547918319702,9.784503936767578,-0.152587890625,0,-0.274658203125
14.7174999,0.7296329736709595,-0.518943190574646,9.784503936767578,-0.06103515625,0.091552734375,-0.335693359375
14.7224999,0.7116764783859253,-0.5219359993934631,9.797672271728516,-0.030517578125,0.06103515625,-0.06103515625
14.7274999,0.6967126727104187,-0.5237316489219666,9.804255485534668,0.06103515625,0.030517578125,-0.3662109375
14.7324999,0.6949170231819153,-0.524330198764801,9.807249069213867,0.091552734375,0.1220703125,-0.274658203125
14.7374999,0.6949170231819153,-0.5219359993934631,9.804854393005371,-0.030517578125,0.213623046875,-0.18310546875
14.7424999,0.6955155730247498,-0.5213374495506287,9.803657531738281,0.06103515625,-0.1220703125,-0.18310546875
14.747499900000001,0.6997054219245911,-0.5183446407318115,9.798869132995605,0,-0.030517578125,-0.244140625
14.7524999,0.7038952708244324,-0.5207388401031494,9.78989028930664,-0.06103515625,-0.1220703125,-0.18310546875
14.757499900000001,0.7128735780715942,-0.5231330990791321,9.782708168029785,-0.030517578125,0,-0.18310546875
14.7624999,0.718859076499939,-0.5261258482933044,9.776124000549316,0,0.1220703125,-0.335693359375
14.7674999,0.7254431247711182,-0.5285200476646423,9.766547203063965,-0.030517578125,-0.06103515625,-0.18310546875
14.7724999,0.727837324142456,-0.5303156971931458,9.768342971801758,0,0,-0.152587890625
14.7774999,0.729034423828125,-0.5297171473503113,9.766547203063965,-0.06103515625,0.152587890625,-0.274658203125
14.782499900000001,0.7164648771286011,-0.5249287486076355,9.775525093078613,0.1220703125,0.091552734375,-0.213623046875
14.7874999,0.707486629486084,-0.5213374495506287,9.7791166305542,-0.06103515625,0.030517578125,-0.30517578125
14.792499900000001,0.702099621295929,-0.5183446407318115,9.783905029296875,0.06103515625,-0.030517578125,-0.213623046875
14.7974999,0.6985083222389221,-0.5165489912033081,9.794678688049316,0,-0.030517578125,-0.18310546875
14.8024999,0.7122750282287598,-0.5123591423034668,9.795876502990723,-0.030517578125,-0.030517578125,-0.30517578125
14.8074999,0.7170634269714355,-0.5117605924606323,9.78869342803955,-0.1220703125,-0.06103515625,-0.274658203125
14.8124999,0.7218518257141113,-0.5147533416748047,9.786897659301758,-0.030517578125,0,-0.18310546875
14.8174999,0.7236474752426147,-0.5207388401031494,9.783905029296875,0.091552734375,-0.030517578125,-0.213623046875
14.8224999,0.7230489253997803,-0.5249287486076355,9.780313491821289,0.030517578125,-0.06103515625,-0.244140625
14.827499900000001,0.7230489253997803,-0.5273229479789734,9.785101890563965,0.152587890625,0.091552734375,-0.152587890625
14.8324999,0.7080851793289185,-0.5141547918319702,9.792284965515137,0.030517578125,0.18310546875,-0.30517578125
14.837499900000001,0.7086837291717529,-0.517746090888977,9.792284965515137,0.030517578125,0.091552734375,-0.274658203125
14.8424999,0.7068880796432495,-0.5237316489219666,9.78869342803955,0.091552734375,0.091552734375,-0.213623046875
14.8474999,0.707486629486084,-0.5261258482933044,9.785700798034668,0.06103515625,0.1220703125,-0.30517578125
14.8524999,0.7092822790145874,-0.5273229479789734,9.789292335510254,-0.06103515625,-0.030517578125,-0.213623046875
14.8574999,0.7098808288574219,-0.5213374495506287,9.785700798034668,-0.091552734375,-0.06103515625,-0.244140625
14.8624999,0.7128735780715942,-0.5171475410461426,9.78869342803955,0.091552734375,-0.091552734375,-0.30517578125
14.8674999,0.7158663272857666,-0.5135562419891357,9.791686058044434,0.1220703125,-0.06103515625,-0.244140625
14.872499900000001,0.7170634269714355,-0.5147533416748047,9.788095474243164,-0.030517578125,-0.06103515625,-0.30517578125
14.8774999,0.7116764783859253,-0.5273229479789734,9.779715538024902,-0.030517578125,0.091552734375,-0.152587890625
14.882499900000001,0.707486629486084,-0.5219359993934631,9.780912399291992,0.091552734375,0.152587890625,0.06103515625
14.8874999,0.7056909799575806,-0.5219359993934631,9.786897659301758,-0.06103515625,0.1220703125,-0.152587890625
14.8924999,0.7026981711387634,-0.518943190574646,9.784503936767578,0.030517578125,-0.091552734375,-0.244140625
14.8974999,0.702099621295929,-0.5171475410461426,9.789292335510254,0.091552734375,-0.030517578125,-0.1220703125
14.9024999,0.7038952708244324,-0.5159504413604736,9.794678688049316,0,0.030517578125,-0.335693359375
14.907499900000001,0.7032967209815979,-0.5129576921463013,9.792284965515137,0,-0.152587890625,-0.335693359375
14.9124999,0.7104793787002563,-0.5129576921463013,9.797672271728516,-0.06103515625,-0.1220703125,-0.274658203125
14.917499900000001,0.7170634269714355,-0.5123591423034668,9.794678688049316,-0.030517578125,-0.06103515625,-0.18310546875
14.9224999,0.727837324142456,-0.5147533416748047,9.794678688049316,0.06103515625,0.152587890625,-0.091552734375
14.9274999,0.7224503755569458,-0.517746090888977,9.79288387298584,0,0,-0.18310546875
14.9324999,0.7170634269714355,-0.5171475410461426,9.79408073425293,-0.06103515625,0.152587890625,-0.30517578125
14.9374999,0.7086837291717529,-0.518943190574646,9.794678688049316,-0.152587890625,0.152587890625,-0.30517578125
14.9424999,0.6985083222389221,-0.5171475410461426,9.791686058044434,-0.030517578125,-0.1220703125,-0.274658203125
14.9474999,0.6961141228675842,-0.5141547918319702,9.791686058044434,0.1220703125,0,-0.18310546875
14.952499900000001,0.6937199234962463,-0.5147533416748047,9.785101890563965,0,0.091552734375,-0.18310546875
14.9574999,0.6979097723960876,-0.5147533416748047,9.782708168029785,0,0.030517578125,-0.213623046875
14.962499900000001,0.718859076499939,-0.5153518915176392,9.79647445678711,0.213623046875,-0.152587890625,-0.30517578125
14.9674999,0.7236474752426147,-0.518943190574646,9.801262855529785,0.091552734375,0.1220703125,-0.274658203125
14.9724999,0.7224503755569458,-0.524330198764801,9.804854393005371,-0.030517578125,0,-0.30517578125
14.9774999,0.7164648771286011,-0.52552729845047,9.803058624267578,0.1220703125,0.06103515625,-0.335693359375
14.9824999,0.7104793787002563,-0.5237316489219666,9.79527759552002,-0.030517578125,0.1220703125,-0.152587890625
14.9874999,0.707486629486084,-0.5219359993934631,9.797672271728516,-0.091552734375,0.1220703125,-0.152587890625
14.9924999,0.70090252161026,-0.5195417404174805,9.789292335510254,0,0.152587890625,-0.30517578125
14.997499900000001,0.6973112225532532,-0.5183446407318115,9.786897659301758,0.091552734375,0.06103515625,-0.244140625
15.0024999,0.6967126727104187,-0.5201402902603149,9.785700798034668,0.06103515625,0.152587890625,-0.244140625
15.007499900000001,0.6919242739677429,-0.5207388401031494,9.7791166305542,-0.1220703125,0.091552734375,-0.42724609375
15.0124999,0.6955155730247498,-0.5207388401031494,9.7791166305542,0.06103515625,-0.030517578125,-0.18310546875
15.0174999,0.6985083222389221,-0.5183446407318115,9.780912399291992,0,0.091552734375,-0.152587890625
15.0224999,0.7038952708244324,-0.5153518915176392,9.7791166305542,0.030517578125,0.06103515625,-0.274658203125
15.0274999,0.7104793787002563,-0.5141547918319702,9.784503936767578,-0.1220703125,0.030517578125,-0.30517578125
15.032499900000001,0.7134721279144287,-0.5195417404174805,9.77791976928711,0.06103515625,0.030517578125,-0.244140625
15.0374999,0.7122750282287598,-0.5201402902603149,9.782109260559082,0.030517578125,0.030517578125,-0.213623046875
15.042499900000001,0.7086837291717529,-0.518943190574646,9.779715538024902,-0.030517578125,0.1220703125,-0.3662109375
15.0474999,0.707486629486084,-0.5159504413604736,9.789292335510254,0.152587890625,0.1220703125,-0.244140625
15.0524999,0.706289529800415,-0.5141547918319702,9.793481826782227,0.091552734375,0.06103515625,-0.152587890625
15.0574999,0.702099621295929,-0.5153518915176392,9.795876502990723,0,0.213623046875,-0.30517578125
15.0624999,0.6979097723960876,-0.5165489912033081,9.800664901733398,0,0.213623046875,-0.244140625
15.0674999,0.6931213736534119,-0.5195417404174805,9.801262855529785,-0.030517578125,-0.030517578125,-0.213623046875
15.0724999,0.6931213736534119,-0.5195417404174805,9.801262855529785,-0.030517578125,-0.030517578125,-0.213623046875
15.077499900000001,0.6913257241249084,-0.5195417404174805,9.801861763000488,-0.152587890625,0,-0.244140625
15.0824999,0.6943184733390808,-0.5207388401031494,9.803058624267578,0.030517578125,-0.030517578125,-0.1220703125
15.087499900000001,0.7032967209815979,-0.5213374495506287,9.797672271728516,0.1220703125,-0.091552734375,-0.18310546875
15.0924999,0.7374141216278076,-0.5183446407318115,9.791686058044434,-0.06103515625,0.06103515625,-0.1220703125
15.0974999,0.7350199222564697,-0.5195417404174805,9.791686058044434,-0.030517578125,0.030517578125,-0.18310546875
15.1024999,0.7260416746139526,-0.5201402902603149,9.790489196777344,0.06103515625,0.06103515625,-0.244140625
15.1074999,0.7182605266571045,-0.5207388401031494,9.791686058044434,0,0.030517578125,-0.213623046875
15.1124999,0.7056909799575806,-0.5207388401031494,9.786897659301758,0.030517578125,0.091552734375,-0.274658203125
15.1174999,0.6973112225532532,-0.5219359993934631,9.783905029296875,0.152587890625,0.091552734375,-0.335693359375
15.122499900000001,0.6931213736534119,-0.5219359993934631,9.785101890563965,0.091552734375,-0.06103515625,-0.213623046875
15.1274999,0.690727174282074,-0.518943190574646,9.781511306762695,0.091552734375,-0.06103515625,-0.213623046875
15.132499900000001,0.6937199234962463,-0.517746090888977,9.785101890563965,0.06103515625,0.030517578125,-0.274658203125
15.1374999,0.7003039717674255,-0.5159504413604736,9.791088104248047,-0.152587890625,0.030517578125,-0.457763671875
15.1424999,0.7146692276000977,-0.5207388401031494,9.801262855529785,0.152587890625,0,-0.18310546875
15.1474999,0.7182605266571045,-0.5237316489219666,9.800065994262695,0,-0.091552734375,-0.30517578125
15.1524999,0.7206547260284424,-0.5219359993934631,9.797672271728516,-0.030517578125,-0.091552734375,-0.274658203125
15.157499900000001,0.718859076499939,-0.5201402902603149,9.797073364257812,0,-0.030517578125,-0.18310546875
15.1624999,0.71766197681427,-0.5147533416748047,9.791088104248047,-0.091552734375,0.1220703125,-0.3662109375
15.167499900000001,0.7158663272857666,-0.5141547918319702,9.784503936767578,0.030517578125,0.091552734375,-0.152587890625
15.1724999,0.7164648771286011,-0.5141547918319702,9.782109260559082,0.030517578125,0.1220703125,-0.213623046875
15.1774999,0.7152677774429321,-0.5159504413604736,9.77791976928711,-0.030517578125,0.1220703125,-0.244140625
15.1824999,0.7128735780715942,-0.5165489912033081,9.785700798034668,0.030517578125,0.18310546875,-0.30517578125
15.1874999,0.7080851793289185,-0.5141547918319702,9.794678688049316,0,0.1220703125,-0.42724609375
15.1924999,0.7015010714530945,-0.5141547918319702,9.801861763000488,-0.06103515625,-0.030517578125,-0.1220703125
15.1974999,0.6991068720817566,-0.5141547918319702,9.81143856048584,-0.06103515625,0.091552734375,-0.091552734375
15.202499900000001,0.7068880796432495,-0.5015852451324463,9.79408073425293,-0.091552734375,-0.091552734375,-0.274658203125
15.2074999,0.7104793787002563,-0.5021837949752808,9.78989028930664,-0.06103515625,-0.030517578125,-0.18310546875
15.212499900000001,0.7146692276000977,-0.507570743560791,9.783905029296875,-0.030517578125,0.030517578125,-0.213623046875
15.2174999,0.7146692276000977,-0.5141547918319702,9.773131370544434,0.030517578125,0.091552734375,-0.274658203125
15.2224999,0.7164648771286011,-0.5183446407318115,9.773730278015137,0.06103515625,0.091552734375,-0.244140625
15.2274999,0.7164648771286011,-0.5201402902603149,9.773730278015137,-0.030517578125,0.213623046875,-0.244140625
15.2324999,0.7152677774429321,-0.5171475410461426,9.782708168029785,-0.06103515625,0.18310546875,-0.335693359375
15.2374999,0.7140706777572632,-0.5129576921463013,9.791686058044434,-0.030517578125,0.152587890625,-0.30517578125
15.2424999,0.7104793787002563,-0.5105634927749634,9.79408073425293,0.030517578125,0.152587890625,-0.244140625
15.247499900000001,0.7086837291717529,-0.5045779943466187,9.798270225524902,0.06103515625,0.06103515625,-0.18310546875
15.2524999,0.7068880796432495,-0.5027823448181152,9.797073364257812,0.091552734375,0,-0.152587890625
15.257499900000001,0.7068880796432495,-0.5027823448181152,9.797073364257812,0.091552734375,0,-0.152587890625
15.2624999,0.7080851793289185,-0.5051765441894531,9.797672271728516,0.030517578125,-0.030517578125,-0.244140625
15.2674999,0.7116764783859253,-0.5105634927749634,9.799467086791992,-0.030517578125,0.1220703125,-0.3662109375
15.2724999,0.7128735780715942,-0.5135562419891357,9.79527759552002,-0.030517578125,0.06103515625,-0.244140625
15.2774999,0.7152677774429321,-0.5159504413604736,9.797672271728516,0,0.030517578125,-0.213623046875
15.282499900000001,0.7140706777572632,-0.5141547918319702,9.794678688049316,0.030517578125,-0.06103515625,-0.396728515625
15.2874999,0.7146692276000977,-0.5141547918319702,9.79288387298584,0.06103515625,0.06103515625,-0.396728515625
15.292499900000001,0.7110779285430908,-0.5153518915176392,9.79288387298584,0.030517578125,0.1220703125,-0.091552734375
15.2974999,0.7068880796432495,-0.5183446407318115,9.786897659301758,-0.06103515625,0.030517578125,-0.213623046875
15.3024999,0.70090252161026,-0.5201402902603149,9.791088104248047,0,0,-0.335693359375
15.3074999,0.70090252161026,-0.5213374495506287,9.789292335510254,0.030517578125,-0.06103515625,-0.213623046875
15.3124999,0.7038952708244324,-0.5129576921463013,9.789292335510254,-0.091552734375,0.091552734375,-0.091552734375
15.3174999,0.706289529800415,-0.5135562419891357,9.787496566772461,-0.06103515625,0,-0.091552734375
15.3224999,0.7068880796432495,-0.5135562419891357,9.786897659301758,0,0.06103515625,-0.1220703125
15.327499900000001,0.7080851793289185,-0.5153518915176392,9.792284965515137,0.1220703125,0,-0.1220703125
15.3324999,0.7122750282287598,-0.5147533416748047,9.791686058044434,-0.06103515625,-0.091552734375,-0.274658203125
15.337499900000001,0.7152677774429321,-0.5111620426177979,9.79647445678711,-0.1220703125,-0.030517578125,-0.244140625
15.3424999,0.7170634269714355,-0.5117605924606323,9.793481826782227,-0.030517578125,-0.06103515625,-0.244140625
15.3474999,0.7140706777572632,-0.5147533416748047,9.786897659301758,-0.030517578125,0,-0.335693359375
15.3524999,0.7128735780715942,-0.5207388401031494,9.786897659301758,0,0.030517578125,-0.3662109375
15.3574999,0.7080851793289185,-0.5261258482933044,9.781511306762695,0.18310546875,-0.030517578125,-0.30517578125
15.3624999,0.7098808288574219,-0.5225345492362976,9.785101890563965,0.1220703125,0.213623046875,-0.18310546875
15.3674999,0.7003039717674255,-0.5165489912033081,9.785700798034668,-0.030517578125,-0.030517578125,-0.335693359375
15.372499900000001,0.70090252161026,-0.5129576921463013,9.79408073425293,-0.030517578125,-0.18310546875,-0.091552734375
15.3774999,0.7032967209815979,-0.5111620426177979,9.79288387298584,-0.091552734375,-0.1220703125,-0.18310546875
15.382499900000001,0.7092822790145874,-0.5111620426177979,9.790489196777344,-0.18310546875,0.091552734375,-0.213623046875
15.3874999,0.7170634269714355,-0.5153518915176392,9.791686058044434,-0.091552734375,0.091552734375,-0.335693359375
15.3924999,0.7212532758712769,-0.5237316489219666,9.786897659301758,0.1220703125,0,-0.3662109375
15.3974999,0.7248445749282837,-0.52552729845047,9.785700798034668,0.030517578125,-0.030517578125,-0.18310546875
15.4024999,0.7224503755569458,-0.524330198764801,9.79288387298584,-0.030517578125,0.030517578125,-0.18310546875
15.407499900000001,0.71766197681427,-0.5183446407318115,9.788095474243164,0.06103515625,0.06103515625,-0.335693359375
15.4124999,0.7116764783859253,-0.5141547918319702,9.792284965515137,0.1220703125,0.18310546875,-0.274658203125
15.417499900000001,0.6985083222389221,-0.5225345492362976,9.78869342803955,0.030517578125,0,-0.213623046875
15.4224999,0.6991068720817566,-0.5267243981361389,9.78869342803955,0.091552734375,-0.06103515625,-0.30517578125
15.4274999,0.6997054219245911,-0.5249287486076355,9.789292335510254,0.030517578125,0.091552734375,-0.1220703125
15.4324999,0.7044938206672668,-0.524330198764801,9.791686058044434,-0.030517578125,0.213623046875,-0.30517578125
15.4374999,0.7068880796432495,-0.5237316489219666,9.783905029296875,-0.1220703125,-0.030517578125,-0.30517578125
15.4424999,0.7146692276000977,-0.524330198764801,9.782109260559082,-0.1220703125,0.030517578125,-0.152587890625
15.4474999,0.7230489253997803,-0.524330198764801,9.782708168029785,0,-0.06103515625,-0.274658203125
15.452499900000001,0.7284358739852905,-0.5225345492362976,9.77791976928711,-0.091552734375,-0.152587890625,-0.244140625
15.4574999,0.7362170219421387,-0.5195417404174805,9.791088104248047,-0.030517578125,0.06103515625,-0.091552734375
15.462499900000001,0.7374141216278076,-0.5183446407318115,9.791686058044434,0,0.091552734375,-0.30517578125
15.4674999,0.7356184720993042,-0.5171475410461426,9.79408073425293,0.152587890625,0.030517578125,-0.18310546875
15.4724999,0.71766197681427,-0.5123591423034668,9.790489196777344,-0.06103515625,0.06103515625,-0.152587890625
15.4774999,0.7080851793289185,-0.5093663930892944,9.794678688049316,-0.091552734375,0.1220703125,-0.18310546875
15.4824999,0.6997054219245911,-0.5057750940322876,9.797073364257812,-0.030517578125,0.1220703125,-0.335693359375
15.487499900000001,0.6955155730247498,-0.5081692934036255,9.79408073425293,0.091552734375,0.06103515625,-0.3662109375
15.4924999,0.6955155730247498,-0.5129576921463013,9.800065994262695,-0.030517578125,-0.1220703125,-0.244140625
15.497499900000001,0.7003039717674255,-0.518943190574646,9.791088104248047,0.091552734375,-0.06103515625,-0.244140625
15.5024999,0.7050924301147461,-0.5207388401031494,9.78989028930664,0.06103515625,-0.18310546875,-0.274658203125
15.507499900000001,0.71766197681427,-0.5225345492362976,9.790489196777344,-0.06103515625,-0.152587890625,-0.274658203125
15.5124999,0.7218518257141113,-0.5195417404174805,9.782708168029785,-0.091552734375,0.030517578125,-0.213623046875
15.5174999,0.7260416746139526,-0.5201402902603149,9.781511306762695,0.06103515625,0.091552734375,-0.3662109375
15.5224999,0.7182605266571045,-0.5171475410461426,9.79527759552002,-0.152587890625,0.152587890625,-0.3662109375
15.5274999,0.7182605266571045,-0.518943190574646,9.806650161743164,-0.1220703125,0.091552734375,-0.152587890625
15.532499900000001,0.7128735780715942,-0.5201402902603149,9.804854393005371,0.030517578125,0.030517578125,-0.244140625
15.5374999,0.7092822790145874,-0.5195417404174805,9.803657531738281,0,0,-0.18310546875
15.542499900000001,0.7056909799575806,-0.5183446407318115,9.806650161743164,0,0.030517578125,-0.244140625
15.5474999,0.7044938206672668,-0.517746090888977,9.797073364257812,0.030517578125,-0.06103515625,-0.18310546875
15.5524999,0.7068880796432495,-0.5165489912033081,9.798869132995605,-0.06103515625,-0.030517578125,-0.274658203125
15.5574999,0.7116764783859253,-0.517746090888977,9.795876502990723,-0.030517578125,0.030517578125,-0.244140625
15.5624999,0.7164648771286011,-0.5171475410461426,9.794678688049316,0.1220703125,-0.1220703125,-0.1220703125
15.5674999,0.7200561761856079,-0.5165489912033081,9.797073364257812,0.091552734375,-0.06103515625,-0.244140625
15.5724999,0.7230489253997803,-0.5165489912033081,9.798270225524902,0,0.091552734375,-0.244140625
15.577499900000001,0.7182605266571045,-0.5207388401031494,9.797073364257812,0.1220703125,0.030517578125,-0.335693359375
15.5824999,0.7092822790145874,-0.5225345492362976,9.791686058044434,-0.030517578125,0.030517578125,-0.335693359375
15.587499900000001,0.7015010714530945,-0.5219359993934631,9.78869342803955,-0.06103515625,0.091552734375,-0.18310546875
15.5924999,0.6931213736534119,-0.5207388401031494,9.787496566772461,0.030517578125,0.18310546875,-0.244140625
15.5974999,0.689530074596405,-0.5207388401031494,9.787496566772461,0.030517578125,0.091552734375,-0.244140625
15.6024999,0.6997054219245911,-0.5201402902603149,9.791088104248047,-0.091552734375,0.1220703125,-0.30517578125
15.6074999,0.7086837291717529,-0.517746090888977,9.792284965515137,0,-0.030517578125,-0.152587890625
15.612499900000001,0.71766197681427,-0.5165489912033081,9.793481826782227,-0.06103515625,-0.030517578125,-0.18310546875
15.6174999,0.7230489253997803,-0.5147533416748047,9.791686058044434,0.030517578125,-0.18310546875,-0.274658203125
15.622499900000001,0.7284358739852905,-0.5129576921463013,9.794678688049316,0.06103515625,-0.18310546875,-0.152587890625
15.6274999,0.7296329736709595,-0.5117605924606323,9.795876502990723,-0.091552734375,0.06103515625,-0.213623046875
15.632499900000001,0.7254431247711182,-0.5111620426177979,9.793481826782227,0.06103515625,0.1220703125,-0.1220703125
15.6374999,0.71766197681427,-0.5135562419891357,9.786299705505371,-0.030517578125,0.091552734375,-0.30517578125
15.6424999,0.7116764783859253,-0.5141547918319702,9.782109260559082,-0.06103515625,-0.030517578125,-0.213623046875
15.6474999,0.7104793787002563,-0.5171475410461426,9.781511306762695,0.030517578125,0.030517578125,-0.091552734375
15.6524999,0.706289529800415,-0.5171475410461426,9.780313491821289,0.06103515625,0.06103515625,-0.244140625
15.657499900000001,0.7068880796432495,-0.5153518915176392,9.779715538024902,0.1220703125,0,-0.213623046875
15.6624999,0.7098808288574219,-0.5165489912033081,9.784503936767578,0.06103515625,0.06103515625,-0.335693359375
15.667499900000001,0.7104793787002563,-0.5135562419891357,9.780313491821289,0,0.06103515625,-0.30517578125
15.6724999,0.7140706777572632,-0.5147533416748047,9.784503936767578,0.06103515625,0.18310546875,-0.244140625
15.6774999,0.7164648771286011,-0.5147533416748047,9.78869342803955,0.06103515625,0.06103515625,-0.274658203125
15.6824999,0.7128735780715942,-0.5093663930892944,9.790489196777344,0.030517578125,0.1220703125,-0.244140625
15.6874999,0.7092822790145874,-0.5123591423034668,9.785700798034668,-0.152587890625,0.030517578125,-0.274658203125
15.6924999,0.706289529800415,-0.5147533416748047,9.783905029296875,0,0.1220703125,-0.213623046875
15.6974999,0.7044938206672668,-0.5213374495506287,9.787496566772461,0,0.091552734375,-0.274658203125
15.702499900000001,0.7032967209815979,-0.5231330990791321,9.786897659301758,-0.030517578125,0.1220703125,-0.274658203125
15.7074999,0.7032967209815979,-0.5249287486076355,9.786897659301758,0.06103515625,0.18310546875,-0.244140625
15.712499900000001,0.7032967209815979,-0.5249287486076355,9.786897659301758,0.06103515625,0.18310546875,-0.244140625
15.7174999,0.7044938206672668,-0.5225345492362976,9.78869342803955,-0.091552734375,0.1220703125,-0.335693359375
15.7224999,0.706289529800415,-0.5219359993934631,9.782708168029785,0.030517578125,0.030517578125,-0.335693359375
15.7274999,0.7098808288574219,-0.5201402902603149,9.785700798034668,0.1220703125,0.030517578125,-0.213623046875
15.7324999,0.7164648771286011,-0.524330198764801,9.79408073425293,0.030517578125,0,-0.18310546875
15.737499900000001,0.7164648771286011,-0.524330198764801,9.79408073425293,0.030517578125,0,-0.18310546875
15.7424999,0.7140706777572632,-0.5249287486076355,9.795876502990723,0,-0.06103515625,-0.213623046875
15.747499900000001,0.7104793787002563,-0.5237316489219666,9.79647445678711,0.06103515625,-0.1220703125,-0.244140625
15.7524999,0.7050924301147461,-0.524330198764801,9.797672271728516,0.1220703125,0.091552734375,-0.213623046875
15.757499900000001,0.6997054219245911,-0.5261258482933044,9.79647445678711,-0.030517578125,0.030517578125,-0.244140625
15.7624999,0.7086837291717529,-0.5117605924606323,9.786897659301758,0.030517578125,0.06103515625,-0.213623046875
15.7674999,0.7140706777572632,-0.5129576921463013,9.786299705505371,0,0,-0.213623046875
15.7724999,0.7194576263427734,-0.518943190574646,9.787496566772461,-0.030517578125,0.06103515625,-0.152587890625
15.7774999,0.7218518257141113,-0.5207388401031494,9.788095474243164,0,-0.06103515625,0
15.782499900000001,0.7248445749282837,-0.5207388401031494,9.788095474243164,0.030517578125,0.06103515625,-0.030517578125
15.7874999,0.7242460250854492,-0.518943190574646,9.784503936767578,0.030517578125,0.1220703125,-0.244140625
15.792499900000001,0.7236474752426147,-0.5165489912033081,9.787496566772461,0.06103515625,0.06103515625,-0.244140625
15.7974999,0.7194576263427734,-0.5141547918319702,9.788095474243164,0.030517578125,0.1220703125,-0.30517578125
15.8024999,0.7140706777572632,-0.5135562419891357,9.78869342803955,0,0.18310546875,-0.244140625
15.8074999,0.7098808288574219,-0.5129576921463013,9.79408073425293,-0.06103515625,0.06103515625,-0.091552734375
15.8124999,0.706289529800415,-0.5171475410461426,9.78869342803955,-0.06103515625,0.06103515625,-0.335693359375
15.8174999,0.7050924301147461,-0.5153518915176392,9.791088104248047,0,0.030517578125,-0.274658203125
15.8224999,0.7086837291717529,-0.5171475410461426,9.78869342803955,0.030517578125,-0.030517578125,-0.091552734375
15.827499900000001,0.7122750282287598,-0.5159504413604736,9.785700798034668,-0.091552734375,-0.030517578125,-0.244140625
15.8324999,0.7284358739852905,-0.5213374495506287,9.79527759552002,-0.091552734375,0.091552734375,-0.30517578125
15.837499900000001,0.7308300733566284,-0.5225345492362976,9.79288387298584,0.030517578125,0.1220703125,-0.244140625
15.8424999,0.7284358739852905,-0.5183446407318115,9.791088104248047,0.1220703125,-0.030517578125,-0.244140625
15.8474999,0.727837324142456,-0.5159504413604736,9.788095474243164,0.06103515625,0,-0.244140625
15.8524999,0.7200561761856079,-0.5123591423034668,9.787496566772461,-0.030517578125,0.152587890625,-0.30517578125
15.8574999,0.7158663272857666,-0.5111620426177979,9.787496566772461,-0.06103515625,0.06103515625,-0.213623046875
15.862499900000001,0.7092822790145874,-0.5135562419891357,9.790489196777344,-0.030517578125,0.030517578125,-0.244140625
15.8674999,0.7056909799575806,-0.517746090888977,9.788095474243164,0.06103515625,-0.152587890625,-0.274658203125
15.872499900000001,0.7038952708244324,-0.5225345492362976,9.790489196777344,0.1220703125,-0.1220703125,-0.18310546875
15.8774999,0.702099621295929,-0.5237316489219666,9.78869342803955,-0.06103515625,0.030517578125,-0.30517578125
15.882499900000001,0.7068880796432495,-0.5147533416748047,9.797672271728516,0.030517578125,0.030517578125,-0.1220703125
15.8874999,0.7050924301147461,-0.5111620426177979,9.791686058044434,0.1220703125,0,-0.152587890625
15.8924999,0.7050924301147461,-0.5105634927749634,9.79288387298584,0.030517578125,0.030517578125,-0.152587890625
15.8974999,0.706289529800415,-0.5111620426177979,9.785101890563965,-0.152587890625,0.091552734375,-0.335693359375
15.9024999,0.7086837291717529,-0.5105634927749634,9.788095474243164,0.06103515625,0.030517578125,-0.1220703125
15.907499900000001,0.7098808288574219,-0.5135562419891357,9.791088104248047,0.030517578125,0.030517578125,-0.18310546875
15.9124999,0.7098808288574219,-0.5195417404174805,9.797073364257812,0.1220703125,0.030517578125,-0.152587890625
15.917499900000001,0.7164648771286011,-0.517746090888977,9.791686058044434,-0.091552734375,0.091552734375,-0.30517578125
15.9224999,0.7206547260284424,-0.5135562419891357,9.793481826782227,0,0.030517578125,-0.457763671875
15.9274999,0.7254431247711182,-0.5135562419891357,9.798270225524902,0.030517578125,-0.06103515625,-0.213623046875
15.9324999,0.7236474752426147,-0.5147533416748047,9.799467086791992,0,0,-0.18310546875
15.9374999,0.718859076499939,-0.5153518915176392,9.798869132995605,0.030517578125,0.152587890625,-0.1220703125
15.9424999,0.7140706777572632,-0.5201402902603149,9.800065994262695,0.152587890625,0.152587890625,-0.152587890625
15.9474999,0.7086837291717529,-0.5219359993934631,9.79288387298584,0.18310546875,0,-0.30517578125
15.952499900000001,0.707486629486084,-0.5237316489219666,9.789292335510254,0.1220703125,0.030517578125,-0.18310546875
15.9574999,0.7092822790145874,-0.5225345492362976,9.778518676757812,-0.030517578125,-0.030517578125,-0.213623046875
15.962499900000001,0.7152677774429321,-0.5219359993934631,9.77672290802002,-0.06103515625,-0.030517578125,-0.213623046875
15.9674999,0.718859076499939,-0.5207388401031494,9.776124000549316,0,-0.1220703125,-0.42724609375
15.9724999,0.7254431247711182,-0.5207388401031494,9.780313491821289,0,-0.030517578125,-0.213623046875
15.9774999,0.7314286231994629,-0.5207388401031494,9.782708168029785,0.06103515625,0.091552734375,-0.091552734375
15.9824999,0.7332242727279663,-0.5231330990791321,9.785700798034668,0.030517578125,0.091552734375,-0.213623046875
15.987499900000001,0.7344213724136353,-0.524330198764801,9.785700798034668,0.06103515625,-0.030517578125,-0.18310546875
15.9924999,0.727837324142456,-0.5279214978218079,9.786299705505371,0,0.030517578125,-0.274658203125
15.997499900000001,0.7194576263427734,-0.5261258482933044,9.781511306762695,0.030517578125,0.1220703125,-0.274658203125
16.0024999,0.7098808288574219,-0.52552729845047,9.786299705505371,0.091552734375,0.152587890625,-0.30517578125
16.0074999,0.702099621295929,-0.5231330990791321,9.787496566772461,0.06103515625,0.06103515625,-0.3662109375
16.0124999,0.6985083222389221,-0.5207388401031494,9.79408073425293,0.030517578125,0.030517578125,-0.274658203125
16.0174999,0.6985083222389221,-0.518943190574646,9.798270225524902,-0.06103515625,0.030517578125,-0.18310546875
16.0224999,0.7026981711387634,-0.517746090888977,9.798270225524902,-0.030517578125,0.06103515625,-0.152587890625
16.0274999,0.706289529800415,-0.5183446407318115,9.79288387298584,0.091552734375,0.06103515625,-0.274658203125
16.0324999,0.7110779285430908,-0.5165489912033081,9.786299705505371,-0.06103515625,0,-0.18310546875
16.0374999,0.7164648771286011,-0.5165489912033081,9.791088104248047,-0.091552734375,0.1220703125,-0.152587890625
16.0424999,0.7182605266571045,-0.5153518915176392,9.78989028930664,0.06103515625,0.06103515625,-0.213623046875
16.047499900000002,0.7194576263427734,-0.5147533416748047,9.78869342803955,0.1220703125,0.030517578125,-0.1220703125
16.0524999,0.7206547260284424,-0.5165489912033081,9.791686058044434,-0.030517578125,0.091552734375,-0.1220703125
16.0574999,0.71766197681427,-0.5183446407318115,9.784503936767578,-0.091552734375,0.1220703125,-0.335693359375
16.0624999,0.7170634269714355,-0.517746090888977,9.785700798034668,0.091552734375,-0.091552734375,-0.244140625
16.0674999,0.7158663272857666,-0.5165489912033081,9.786897659301758,0.06103515625,0.1220703125,-0.213623046875
16.0724999,0.7116764783859253,-0.5141547918319702,9.788095474243164,-0.030517578125,0.18310546875,-0.274658203125
16.0774999,0.7038952708244324,-0.5141547918319702,9.793481826782227,-0.06103515625,0.1220703125,-0.42724609375
16.082499900000002,0.6991068720817566,-0.5147533416748047,9.791088104248047,0.06103515625,0.152587890625,-0.244140625
16.0874999,0.7026981711387634,-0.5147533416748047,9.78989028930664,0.091552734375,0.030517578125,-0.091552734375
16.0924999,0.7050924301147461,-0.5147533416748047,9.786897659301758,-0.06103515625,0,-0.30517578125
16.0974999,0.7092822790145874,-0.5153518915176392,9.785700798034668,-0.091552734375,-0.091552734375,-0.213623046875
16.1024999,0.7134721279144287,-0.5165489912033081,9.79288387298584,0,0,-0.1220703125
16.1074999,0.7164648771286011,-0.5207388401031494,9.790489196777344,0.030517578125,0.06103515625,-0.152587890625
16.1124999,0.71766197681427,-0.5213374495506287,9.79408073425293,0.1220703125,-0.030517578125,-0.335693359375
16.117499900000002,0.7182605266571045,-0.5213374495506287,9.79527759552002,0.06103515625,-0.06103515625,-0.274658203125
16.1224999,0.7134721279144287,-0.5183446407318115,9.792284965515137,0.06103515625,0.1220703125,-0.152587890625
16.1274999,0.7116764783859253,-0.5147533416748047,9.798270225524902,0.030517578125,0,-0.213623046875
16.1324999,0.7056909799575806,-0.5123591423034668,9.79527759552002,0.030517578125,0.18310546875,-0.274658203125
16.1374999,0.70090252161026,-0.5159504413604736,9.791686058044434,0.06103515625,-0.06103515625,-0.274658203125
16.1424999,0.702099621295929,-0.5183446407318115,9.792284965515137,-0.06103515625,0.06103515625,-0.244140625
16.1474999,0.7038952708244324,-0.5207388401031494,9.78989028930664,-0.06103515625,0,-0.213623046875
16.1524999,0.7068880796432495,-0.5195417404174805,9.786299705505371,-0.1220703125,0,-0.152587890625
16.1574999,0.7128735780715942,-0.5207388401031494,9.783307075500488,-0.06103515625,0,-0.274658203125
16.1624999,0.7158663272857666,-0.518943190574646,9.781511306762695,0,0.030517578125,-0.213623046875
16.1674999,0.7158663272857666,-0.5165489912033081,9.786299705505371,0.1220703125,0.1220703125,-0.213623046875
16.172499900000002,0.7158663272857666,-0.5135562419891357,9.785700798034668,0.06103515625,0.152587890625,-0.274658203125
16.1774999,0.718859076499939,-0.5141547918319702,9.78869342803955,0.030517578125,0,-0.30517578125
16.1824999,0.7206547260284424,-0.5195417404174805,9.785700798034668,-0.06103515625,0.18310546875,-0.274658203125
16.1874999,0.7200561761856079,-0.524330198764801,9.789292335510254,-0.06103515625,0.1220703125,-0.18310546875
16.1924999,0.7158663272857666,-0.5303156971931458,9.793481826782227,-0.091552734375,0.18310546875,-0.274658203125
16.1974999,0.7104793787002563,-0.5345055460929871,9.792284965515137,0,0.091552734375,-0.18310546875
16.2024999,0.7050924301147461,-0.5363011956214905,9.797672271728516,0.091552734375,0.091552734375,-0.18310546875
16.207499900000002,0.6997054219245911,-0.536899745464325,9.793481826782227,0,0,-0.30517578125
16.2124999,0.6961141228675842,-0.5333084464073181,9.78989028930664,-0.030517578125,0.1220703125,-0.152587890625
16.2174999,0.6961141228675842,-0.5297171473503113,9.788095474243164,0,-0.06103515625,-0.152587890625
16.2224999,0.6961141228675842,-0.524330198764801,9.785101890563965,-0.030517578125,-0.030517578125,-0.244140625
16.2274999,0.6979097723960876,-0.517746090888977,9.783905029296875,0.030517578125,-0.06103515625,-0.244140625
16.2324999,0.70090252161026,-0.5135562419891357,9.78869342803955,0.091552734375,0.030517578125,-0.18310546875
16.2374999,0.7050924301147461,-0.5129576921463013,9.786299705505371,-0.06103515625,0.06103515625,-0.274658203125
16.242499900000002,0.7134721279144287,-0.518943190574646,9.785700798034668,0.030517578125,0.091552734375,-0.152587890625
16.2474999,0.7146692276000977,-0.5213374495506287,9.783307075500488,0,0.06103515625,-0.1220703125
16.2524999,0.7164648771286011,-0.524330198764801,9.783307075500488,0,0.030517578125,-0.1220703125
16.2574999,0.7146692276000977,-0.52552729845047,9.782708168029785,0,0.18310546875,-0.274658203125
16.2624999,0.7110779285430908,-0.5237316489219666,9.785101890563965,0.06103515625,0.213623046875,-0.1220703125
16.2674999,0.707486629486084,-0.5261258482933044,9.787496566772461,0,0,-0.30517578125
16.2724999,0.7038952708244324,-0.5249287486076355,9.790489196777344,-0.06103515625,0.06103515625,-0.274658203125
16.2774999,0.7056909799575806,-0.5261258482933044,9.790489196777344,0,0.030517578125,-0.18310546875
16.2824999,0.7086837291717529,-0.5249287486076355,9.792284965515137,0.06103515625,0,-0.30517578125
16.2874999,0.7152677774429321,-0.5237316489219666,9.791686058044434,-0.091552734375,0.06103515625,-0.335693359375
16.2924999,0.7212532758712769,-0.5225345492362976,9.79288387298584,0,-0.030517578125,-0.152587890625
16.297499900000002,0.7248445749282837,-0.5201402902603149,9.793481826782227,0.091552734375,0.152587890625,-0.1220703125
16.3024999,0.7212532758712769,-0.518943190574646,9.792284965515137,0.030517578125,0,-0.1220703125
16.3074999,0.7146692276000977,-0.518943190574646,9.791686058044434,-0.091552734375,0.06103515625,-0.335693359375
16.3124999,0.7098808288574219,-0.5183446407318115,9.791686058044434,0.030517578125,0.18310546875,-0.274658203125
16.3174999,0.707486629486084,-0.5171475410461426,9.792284965515137,0.06103515625,0.030517578125,-0.335693359375
16.3224999,0.7110779285430908,-0.5141547918319702,9.79527759552002,-0.030517578125,0,-0.152587890625
16.3274999,0.7158663272857666,-0.5135562419891357,9.79408073425293,0,-0.06103515625,-0.213623046875
16.332499900000002,0.7158663272857666,-0.5135562419891357,9.79408073425293,0,-0.06103515625,-0.213623046875
16.3374999,0.718859076499939,-0.5171475410461426,9.79527759552002,-0.030517578125,0,-0.091552734375
16.3424999,0.7236474752426147,-0.5183446407318115,9.791686058044434,-0.06103515625,-0.06103515625,-0.18310546875
16.3474999,0.7236474752426147,-0.5219359993934631,9.78989028930664,0,0,-0.213623046875
16.3524999,0.7224503755569458,-0.52552729845047,9.783307075500488,-0.06103515625,0.091552734375,-0.274658203125
16.3574999,0.7206547260284424,-0.5249287486076355,9.780313491821289,0.030517578125,0.213623046875,-0.213623046875
16.3624999,0.7158663272857666,-0.5219359993934631,9.780912399291992,0.06103515625,0.1220703125,-0.213623046875
16.367499900000002,0.7116764783859253,-0.517746090888977,9.781511306762695,-0.091552734375,0.091552734375,-0.30517578125
16.3724999,0.7050924301147461,-0.5153518915176392,9.785700798034668,0.1220703125,0.091552734375,-0.18310546875
16.3774999,0.6985083222389221,-0.5135562419891357,9.791686058044434,0.06103515625,0.152587890625,-0.274658203125
16.3824999,0.6937199234962463,-0.5129576921463013,9.790489196777344,0.030517578125,-0.030517578125,-0.244140625
16.3874999,0.6901286244392395,-0.5135562419891357,9.79288387298584,0.06103515625,-0.091552734375,-0.213623046875
16.3924999,0.6901286244392395,-0.5141547918319702,9.790489196777344,0.030517578125,0.06103515625,-0.3662109375
16.3974999,0.6919242739677429,-0.5129576921463013,9.785700798034668,-0.06103515625,0.030517578125,-0.335693359375
16.4024999,0.6973112225532532,-0.5135562419891357,9.788095474243164,0.06103515625,-0.030517578125,-0.1220703125
16.4074999,0.702099621295929,-0.5129576921463013,9.782109260559082,0.06103515625,-0.091552734375,-0.213623046875
16.4124999,0.7134721279144287,-0.5183446407318115,9.788095474243164,0.06103515625,0,-0.152587890625
16.4174999,0.7116764783859253,-0.5213374495506287,9.79288387298584,0.06103515625,0.06103515625,-0.091552734375
16.422499900000002,0.7122750282287598,-0.524330198764801,9.79408073425293,0.030517578125,0.213623046875,-0.274658203125
16.4274999,0.7080851793289185,-0.524330198764801,9.793481826782227,0.030517578125,0.152587890625,-0.274658203125
16.4324999,0.7056909799575806,-0.5219359993934631,9.795876502990723,0,0.18310546875,-0.274658203125
16.4374999,0.7015010714530945,-0.517746090888977,9.795876502990723,0.091552734375,0.030517578125,-0.244140625
16.4424999,0.6991068720817566,-0.5129576921463013,9.794678688049316,0.030517578125,0.030517578125,-0.18310546875
16.4474999,0.6997054219245911,-0.5105634927749634,9.794678688049316,-0.030517578125,0.1220703125,-0.244140625
16.4524999,0.7003039717674255,-0.5105634927749634,9.789292335510254,-0.06103515625,0.030517578125,-0.30517578125
16.457499900000002,0.7038952708244324,-0.5117605924606323,9.788095474243164,0.1220703125,0,-0.274658203125
16.4624999,0.7092822790145874,-0.5147533416748047,9.788095474243164,0.06103515625,0.030517578125,-0.30517578125
16.4674999,0.7164648771286011,-0.5159504413604736,9.78989028930664,0.06103515625,0.030517578125,-0.274658203125
16.4724999,0.7164648771286011,-0.5159504413604736,9.78989028930664,0.06103515625,0.030517578125,-0.274658203125
16.4774999,0.718859076499939,-0.5153518915176392,9.791088104248047,0,0.030517578125,-0.3662109375
16.4824999,0.7206547260284424,-0.5135562419891357,9.78869342803955,0.030517578125,0.030517578125,-0.18310546875
16.4874999,0.7200561761856079,-0.5117605924606323,9.788095474243164,0.091552734375,0.1220703125,-0.18310546875
16.492499900000002,0.7206547260284424,-0.5105634927749634,9.783905029296875,-0.030517578125,0.06103515625,-0.152587890625
16.4974999,0.7140706777572632,-0.507570743560791,9.783905029296875,0.030517578125,0.030517578125,-0.244140625
16.5024999,0.7122750282287598,-0.5063736438751221,9.789292335510254,0.06103515625,0.06103515625,-0.213623046875
16.5074999,0.706289529800415,-0.5045779943466187,9.793481826782227,0,-0.030517578125,-0.1220703125
16.5124999,0.7056909799575806,-0.5051765441894531,9.799467086791992,-0.030517578125,0,-0.152587890625
16.5174999,0.706289529800415,-0.5099649429321289,9.798869132995605,-0.030517578125,-0.030517578125,-0.18310546875
16.5224999,0.7080851793289185,-0.5165489912033081,9.791686058044434,0,0.18310546875,-0.244140625
16.5274999,0.7128735780715942,-0.5225345492362976,9.791686058044434,0,-0.030517578125,-0.244140625
16.5324999,0.7230489253997803,-0.5141547918319702,9.791686058044434,-0.030517578125,0.1220703125,-0.213623046875
16.5374999,0.7194576263427734,-0.5135562419891357,9.792284965515137,-0.06103515625,-0.030517578125,-0.1220703125
16.5424999,0.71766197681427,-0.5171475410461426,9.79288387298584,0,0,-0.18310546875
16.547499900000002,0.7128735780715942,-0.5201402902603149,9.785700798034668,-0.06103515625,0.06103515625,-0.06103515625
16.5524999,0.7092822790145874,-0.5201402902603149,9.782109260559082,0.030517578125,0.1220703125,-0.244140625
16.5574999,0.7092822790145874,-0.5219359993934631,9.7791166305542,-0.030517578125,0.06103515625,-0.335693359375
16.5624999,0.7086837291717529,-0.5213374495506287,9.77672290802002,-0.030517578125,0.1220703125,-0.152587890625
16.5674999,0.7122750282287598,-0.5207388401031494,9.780313491821289,0.06103515625,-0.1220703125,-0.091552734375
16.5724999,0.7134721279144287,-0.5195417404174805,9.786299705505371,0.152587890625,-0.030517578125,-0.213623046875
16.5774999,0.71766197681427,-0.5147533416748047,9.791686058044434,0.030517578125,-0.030517578125,-0.244140625
16.582499900000002,0.7200561761856079,-0.517746090888977,9.79408073425293,0.06103515625,-0.091552734375,-0.152587890625
16.5874999,0.7200561761856079,-0.518943190574646,9.78989028930664,0.030517578125,0.091552734375,-0.152587890625
16.5924999,0.7194576263427734,-0.5165489912033081,9.788095474243164,0.030517578125,0.213623046875,-0.213623046875
16.5974999,0.7146692276000977,-0.5159504413604736,9.786299705505371,0.06103515625,0.152587890625,-0.244140625
16.6024999,0.7086837291717529,-0.5165489912033081,9.783905029296875,0.18310546875,0.06103515625,-0.213623046875
16.6074999,0.7032967209815979,-0.5147533416748047,9.787496566772461,0.030517578125,0.06103515625,-0.091552734375
16.6124999,0.6973112225532532,-0.5159504413604736,9.788095474243164,0.030517578125,0.06103515625,-0.213623046875
16.617499900000002,0.6961141228675842,-0.5123591423034668,9.789292335510254,0.091552734375,0.06103515625,-0.152587890625
16.6224999,0.6991068720817566,-0.5111620426177979,9.791686058044434,0.06103515625,0,-0.152587890625
16.6274999,0.7224503755569458,-0.5123591423034668,9.782708168029785,0.030517578125,0.06103515625,-0.244140625
16.6324999,0.718859076499939,-0.5123591423034668,9.779715538024902,0.06103515625,0.06103515625,-0.213623046875
16.6374999,0.7146692276000977,-0.5105634927749634,9.783905029296875,0,0.030517578125,-0.152587890625
16.6424999,0.7116764783859253,-0.5105634927749634,9.78869342803955,0.091552734375,-0.06103515625,-0.335693359375
16.6474999,0.7080851793289185,-0.5117605924606323,9.785700798034668,0,-0.1220703125,-0.274658203125
16.6524999,0.7068880796432495,-0.5105634927749634,9.786897659301758,0,0.152587890625,-0.30517578125
16.6574999,0.7068880796432495,-0.5117605924606323,9.78989028930664,0.06103515625,0.152587890625,-0.274658203125
16.6624999,0.7068880796432495,-0.5117605924606323,9.785101890563965,0,-0.030517578125,-0.152587890625
16.6674999,0.7092822790145874,-0.5093663930892944,9.790489196777344,0.091552734375,-0.091552734375,-0.091552734375
16.672499900000002,0.7134721279144287,-0.5099649429321289,9.78869342803955,-0.030517578125,0.030517578125,-0.213623046875
16.6774999,0.7164648771286011,-0.5123591423034668,9.790489196777344,0.152587890625,-0.1220703125,-0.244140625
16.6824999,0.7206547260284424,-0.5123591423034668,9.78869342803955,-0.030517578125,-0.030517578125,-0.335693359375
16.6874999,0.7254431247711182,-0.5153518915176392,9.78989028930664,-0.091552734375,-0.1220703125,-0.244140625
16.6924999,0.730231523513794,-0.5165489912033081,9.794678688049316,0.06103515625,0,-0.152587890625
16.6974999,0.7296329736709595,-0.5183446407318115,9.79408073425293,-0.06103515625,0.030517578125,-0.335693359375
16.7024999,0.730231523513794,-0.5183446407318115,9.798270225524902,-0.091552734375,0.152587890625,-0.3662109375
16.707499900000002,0.7254431247711182,-0.5183446407318115,9.797073364257812,-0.152587890625,0.030517578125,-0.396728515625
16.7124999,0.7242460250854492,-0.5159504413604736,9.79527759552002,-0.030517578125,0.1220703125,-0.30517578125
16.7174999,0.7182605266571045,-0.5129576921463013,9.797672271728516,0.06103515625,0.18310546875,-0.274658203125
16.7224999,0.7140706777572632,-0.5111620426177979,9.798270225524902,0,0.213623046875,-0.244140625
16.7274999,0.706289529800415,-0.5105634927749634,9.798869132995605,0.030517578125,0.06103515625,-0.244140625
16.7324999,0.6967126727104187,-0.5123591423034668,9.795876502990723,0.030517578125,0.06103515625,-0.18310546875
16.7374999,0.6985083222389221,-0.5141547918319702,9.793481826782227,-0.030517578125,0.06103515625,-0.244140625
16.742499900000002,0.6997054219245911,-0.517746090888977,9.791686058044434,0,-0.030517578125,-0.274658203125
16.7474999,0.7056909799575806,-0.5225345492362976,9.788095474243164,0.06103515625,-0.06103515625,-0.213623046875
16.7524999,0.7116764783859253,-0.5267243981361389,9.790489196777344,-0.091552734375,0,-0.244140625
16.7574999,0.7164648771286011,-0.5297171473503113,9.789292335510254,-0.030517578125,0.1220703125,-0.335693359375
16.7624999,0.7182605266571045,-0.5303156971931458,9.78869342803955,0.091552734375,0.091552734375,-0.1220703125
16.7674999,0.71766197681427,-0.5273229479789734,9.793481826782227,0.091552734375,0,-0.18310546875
16.7724999,0.7170634269714355,-0.5237316489219666,9.79288387298584,-0.1220703125,0.091552734375,-0.3662109375
16.7774999,0.7140706777572632,-0.5195417404174805,9.793481826782227,-0.06103515625,0.18310546875,-0.244140625
16.7824999,0.7146692276000977,-0.5207388401031494,9.797073364257812,-0.030517578125,0.335693359375,-0.244140625
16.7874999,0.7098808288574219,-0.518943190574646,9.794678688049316,-0.06103515625,0.06103515625,-0.152587890625
16.7924999,0.7044938206672668,-0.5165489912033081,9.79408073425293,0.1220703125,-0.091552734375,-0.18310546875
16.797499900000002,0.7116764783859253,-0.5195417404174805,9.785700798034668,-0.030517578125,-0.1220703125,-0.18310546875
16.8024999,0.7182605266571045,-0.5237316489219666,9.788095474243164,0.030517578125,0.244140625,-0.244140625
16.8074999,0.7152677774429321,-0.518943190574646,9.790489196777344,0,0.030517578125,-0.1220703125
16.8124999,0.7104793787002563,-0.5147533416748047,9.794678688049316,0.06103515625,0.06103515625,-0.18310546875
16.8174999,0.7050924301147461,-0.5105634927749634,9.797672271728516,0.091552734375,0.091552734375,-0.335693359375
16.8224999,0.70090252161026,-0.5135562419891357,9.795876502990723,0.152587890625,0,-0.213623046875
16.8274999,0.7044938206672668,-0.5195417404174805,9.79527759552002,0.06103515625,-0.06103515625,-0.274658203125
16.832499900000002,0.707486629486084,-0.5213374495506287,9.790489196777344,0.030517578125,-0.152587890625,-0.30517578125
16.8374999,0.7092822790145874,-0.5237316489219666,9.786897659301758,0,-0.1220703125,-0.335693359375
16.8424999,0.7104793787002563,-0.5249287486076355,9.785101890563965,-0.091552734375,0.030517578125,-0.213623046875
16.8474999,0.7110779285430908,-0.5213374495506287,9.782109260559082,-0.1220703125,-0.030517578125,-0.152587890625
16.8524999,0.7152677774429321,-0.5207388401031494,9.782708168029785,0.152587890625,-0.030517578125,-0.18310546875
16.8574999,0.7212532758712769,-0.5141547918319702,9.783905029296875,0.091552734375,-0.030517578125,-0.30517578125
16.8624999,0.7224503755569458,-0.5129576921463013,9.784503936767578,-0.030517578125,-0.06103515625,-0.18310546875
16.867499900000002,0.7254431247711182,-0.5117605924606323,9.786897659301758,-0.06103515625,0.06103515625,-0.335693359375
16.8724999,0.7200561761856079,-0.5129576921463013,9.789292335510254,0.091552734375,0.091552734375,-0.274658203125
16.8774999,0.7170634269714355,-0.5159504413604736,9.791686058044434,0.1220703125,0.1220703125,-0.1220703125
16.8824999,0.7086837291717529,-0.518943190574646,9.79408073425293,0,-0.091552734375,-0.18310546875
16.8874999,0.707486629486084,-0.5201402902603149,9.791088104248047,-0.091552734375,-0.091552734375,-0.274658203125
16.8924999,0.706289529800415,-0.5195417404174805,9.78989028930664,-0.030517578125,-0.030517578125,-0.30517578125
16.8974999,0.7086837291717529,-0.5207388401031494,9.78869342803955,-0.091552734375,0,-0.3662109375
16.9024999,0.7110779285430908,-0.5207388401031494,9.787496566772461,0.06103515625,0.1220703125,-0.30517578125
16.9074999,0.7152677774429321,-0.5213374495506287,9.787496566772461,0.091552734375,0.06103515625,-0.274658203125
16.9124999,0.7182605266571045,-0.5207388401031494,9.788095474243164,-0.030517578125,0.1220703125,-0.213623046875
16.9174999,0.7182605266571045,-0.5201402902603149,9.78869342803955,0.06103515625,0.091552734375,-0.274658203125
16.922499900000002,0.7152677774429321,-0.518943190574646,9.78989028930664,0.030517578125,0.06103515625,-0.244140625
16.9274999,0.7104793787002563,-0.518943190574646,9.78869342803955,-0.030517578125,0.1220703125,-0.274658203125
16.9324999,0.702099621295929,-0.5183446407318115,9.787496566772461,0,0.030517578125,-0.30517578125
16.9374999,0.6997054219245911,-0.5165489912033081,9.78989028930664,0.091552734375,0.1220703125,-0.18310546875
16.9424999,0.6961141228675842,-0.5159504413604736,9.793481826782227,0,0.091552734375,-0.06103515625
16.9474999,0.6985083222389221,-0.5165489912033081,9.795876502990723,-0.030517578125,0.06103515625,-0.152587890625
16.9524999,0.7044938206672668,-0.517746090888977,9.798869132995605,0,-0.030517578125,-0.3662109375
16.957499900000002,0.7068880796432495,-0.5201402902603149,9.792284965515137,-0.1220703125,-0.091552734375,-0.30517578125
16.9624999,0.7140706777572632,-0.5207388401031494,9.785101890563965,0.06103515625,-0.06103515625,-0.152587890625
16.9674999,0.7140706777572632,-0.5207388401031494,9.785101890563965,0.06103515625,-0.06103515625,-0.152587890625
16.9724999,0.7170634269714355,-0.518943190574646,9.785101890563965,0.06103515625,-0.030517578125,-0.274658203125
16.9774999,0.7158663272857666,-0.5105634927749634,9.79288387298584,0,0.152587890625,-0.396728515625
16.9824999,0.7158663272857666,-0.5105634927749634,9.79288387298584,0,0.152587890625,-0.396728515625
16.9874999,0.7122750282287598,-0.507570743560791,9.794678688049316,0.06103515625,0.213623046875,-0.3662109375
16.992499900000002,0.7068880796432495,-0.5081692934036255,9.793481826782227,0,0.091552734375,-0.244140625
16.9974999,0.7003039717674255,-0.50876784324646,9.795876502990723,-0.06103515625,0.06103515625,-0.152587890625
17.0024999,0.6985083222389221,-0.5117605924606323,9.800664901733398,0,0.1220703125,-0.1220703125
17.0074999,0.6967126727104187,-0.5153518915176392,9.798270225524902,-0.030517578125,-0.06103515625,-0.274658203125
17.0124999,0.7015010714530945,-0.5183446407318115,9.799467086791992,0,-0.06103515625,-0.30517578125
17.0174999,0.707486629486084,-0.5225345492362976,9.79527759552002,-0.030517578125,0.06103515625,-0.457763671875
17.0224999,0.7140706777572632,-0.5249287486076355,9.79408073425293,-0.18310546875,0,-0.335693359375
17.0274999,0.7200561761856079,-0.5267243981361389,9.792284965515137,-0.091552734375,-0.030517578125,-0.152587890625
17.0324999,0.7248445749282837,-0.5279214978218079,9.79647445678711,0.091552734375,0.030517578125,-0.30517578125
17.0374999,0.7248445749282837,-0.5261258482933044,9.798270225524902,-0.030517578125,0.091552734375,-0.1220703125
17.0424999,0.7200561761856079,-0.5219359993934631,9.79288387298584,-0.030517578125,0.06103515625,-0.152587890625
17.047499900000002,0.7206547260284424,-0.518943190574646,9.792284965515137,0.030517578125,0.1220703125,-0.335693359375
17.0524999,0.718859076499939,-0.5147533416748047,9.783307075500488,-0.091552734375,0.1220703125,-0.335693359375
17.0574999,0.7152677774429321,-0.5135562419891357,9.782109260559082,-0.030517578125,0.091552734375,-0.335693359375
17.0624999,0.7104793787002563,-0.5141547918319702,9.783905029296875,0.152587890625,0.213623046875,-0.213623046875
17.0674999,0.7050924301147461,-0.5183446407318115,9.784503936767578,0.18310546875,-0.030517578125,-0.244140625
17.0724999,0.70090252161026,-0.5195417404174805,9.78869342803955,0.1220703125,-0.06103515625,-0.274658203125
17.0774999,0.7026981711387634,-0.5225345492362976,9.791686058044434,0.06103515625,0.18310546875,-0.213623046875
17.082499900000002,0.7044938206672668,-0.5231330990791321,9.791088104248047,-0.06103515625,0,-0.152587890625
17.0874999,0.7116764783859253,-0.5249287486076355,9.79408073425293,-0.06103515625,-0.030517578125,-0.213623046875
17.0924999,0.7152677774429321,-0.5261258482933044,9.794678688049316,-0.030517578125,0.06103515625,-0.244140625
17.0974999,0.7206547260284424,-0.5285200476646423,9.79527759552002,-0.030517578125,-0.091552734375,-0.18310546875
17.1024999,0.71766197681427,-0.5267243981361389,9.793481826782227,0.030517578125,0.030517578125,-0.30517578125
17.1074999,0.7158663272857666,-0.5231330990791321,9.786299705505371,0.091552734375,0.030517578125,-0.213623046875
17.1124999,0.7116764783859253,-0.518943190574646,9.786897659301758,-0.091552734375,0.091552734375,-0.244140625
17.117499900000002,0.7086837291717529,-0.517746090888977,9.784503936767578,0,0.18310546875,-0.335693359375
17.1224999,0.7056909799575806,-0.5153518915176392,9.783905029296875,0.091552734375,0.335693359375,-0.091552734375
17.1274999,0.7044938206672668,-0.5183446407318115,9.786299705505371,0,0.18310546875,-0.213623046875
17.1324999,0.7050924301147461,-0.5213374495506287,9.784503936767578,-0.030517578125,0,-0.274658203125
17.1374999,0.7086837291717529,-0.5231330990791321,9.786299705505371,0,0.1220703125,-0.274658203125
17.1424999,0.7110779285430908,-0.524330198764801,9.78989028930664,0.06103515625,0.030517578125,-0.274658203125
17.1474999,0.7146692276000977,-0.524330198764801,9.786897659301758,0,0.06103515625,-0.274658203125
17.152499900000002,0.71766197681427,-0.524330198764801,9.787496566772461,-0.091552734375,0.06103515625,-0.30517578125
17.1574999,0.7158663272857666,-0.5201402902603149,9.7791166305542,-0.06103515625,-0.213623046875,-0.30517578125
17.1624999,0.7164648771286011,-0.5153518915176392,9.781511306762695,-0.18310546875,-0.030517578125,-0.335693359375
17.1674999,0.7146692276000977,-0.5111620426177979,9.7791166305542,-0.06103515625,0,-0.244140625
17.172499900000002,0.7122750282287598,-0.5069721937179565,9.783307075500488,0.06103515625,0.091552734375,-0.091552734375
17.1774999,0.7122750282287598,-0.5069721937179565,9.783905029296875,0,0.213623046875,-0.213623046875
17.1824999,0.707486629486084,-0.5081692934036255,9.782109260559082,0,0.06103515625,-0.244140625
17.1874999,0.707486629486084,-0.5093663930892944,9.783307075500488,0.06103515625,0.213623046875,-0.244140625
17.1924999,0.706289529800415,-0.5123591423034668,9.783307075500488,0.030517578125,0.18310546875,-0.274658203125
17.1974999,0.7068880796432495,-0.5141547918319702,9.785101890563965,-0.030517578125,0.152587890625,-0.274658203125
17.2024999,0.7218518257141113,-0.5207388401031494,9.788095474243164,-0.06103515625,-0.091552734375,-0.274658203125
17.207499900000002,0.7230489253997803,-0.5237316489219666,9.78989028930664,0.030517578125,-0.091552734375,-0.213623046875
17.2124999,0.7236474752426147,-0.524330198764801,9.79288387298584,0.06103515625,-0.152587890625,-0.06103515625
17.2174999,0.7212532758712769,-0.5249287486076355,9.787496566772461,0,-0.091552734375,-0.091552734375
17.2224999,0.7182605266571045,-0.5225345492362976,9.78869342803955,0.030517578125,0.18310546875,-0.091552734375
17.2274999,0.7170634269714355,-0.5201402902603149,9.785101890563965,0,0.1220703125,-0.274658203125
17.2324999,0.7104793787002563,-0.5165489912033081,9.786897659301758,0,0.091552734375,-0.274658203125
17.2374999,0.707486629486084,-0.5135562419891357,9.790489196777344,0.091552734375,0.18310546875,-0.213623046875
17.242499900000002,0.702099621295929,-0.5147533416748047,9.794678688049316,-0.1220703125,0.244140625,-0.244140625
17.2474999,0.70090252161026,-0.5159504413604736,9.795876502990723,0.091552734375,0.06103515625,0.06103515625
17.2524999,0.7015010714530945,-0.5207388401031494,9.797672271728516,0,0.152587890625,-0.213623046875
17.2574999,0.7056909799575806,-0.5213374495506287,9.798270225524902,-0.1220703125,0.06103515625,-0.30517578125
17.2624999,0.7146692276000977,-0.5207388401031494,9.800065994262695,0.152587890625,-0.152587890625,-0.1220703125
17.2674999,0.718859076499939,-0.5201402902603149,9.792284965515137,0.152587890625,-0.152587890625,-0.274658203125
17.2724999,0.7206547260284424,-0.5195417404174805,9.789292335510254,-0.030517578125,0.091552734375,-0.244140625
17.277499900000002,0.7230489253997803,-0.5201402902603149,9.785700798034668,-0.030517578125,0,-0.18310546875
17.2824999,0.7218518257141113,-0.5183446407318115,9.783307075500488,0,-0.030517578125,-0.213623046875
17.2874999,0.7194576263427734,-0.5195417404174805,9.787496566772461,-0.091552734375,0.1220703125,-0.30517578125
17.2924999,0.7164648771286011,-0.518943190574646,9.789292335510254,-0.091552734375,0.18310546875,-0.30517578125
17.297499900000002,0.7110779285430908,-0.5219359993934631,9.79288387298584,0.1220703125,-0.1220703125,0
17.3024999,0.7092822790145874,-0.5207388401031494,9.79408073425293,-0.06103515625,0.213623046875,-0.213623046875
17.3074999,0.7050924301147461,-0.5237316489219666,9.797073364257812,-0.030517578125,0.213623046875,-0.3662109375
17.3124999,0.7044938206672668,-0.5225345492362976,9.79647445678711,-0.091552734375,0,-0.30517578125
17.3174999,0.7015010714530945,-0.5213374495506287,9.79647445678711,-0.030517578125,0.030517578125,-0.244140625
17.3224999,0.7056909799575806,-0.5219359993934631,9.791088104248047,0.030517578125,-0.06103515625,-0.152587890625
17.3274999,0.707486629486084,-0.5219359993934631,9.78869342803955,0.030517578125,0.030517578125,-0.091552734375
17.332499900000002,0.7152677774429321,-0.5249287486076355,9.785101890563965,0,-0.030517578125,-0.213623046875
17.3374999,0.7164648771286011,-0.5279214978218079,9.782708168029785,-0.030517578125,0.030517578125,-0.244140625
17.3424999,0.7206547260284424,-0.5279214978218079,9.785101890563965,0,-0.030517578125,-0.244140625
17.3474999,0.7212532758712769,-0.5267243981361389,9.785700798034668,0,0,-0.213623046875
17.3524999,0.7200561761856079,-0.5231330990791321,9.792284965515137,-0.091552734375,0,-0.213623046875
17.3574999,0.71766197681427,-0.518943190574646,9.797073364257812,0.06103515625,0.06103515625,-0.244140625
17.3624999,0.7134721279144287,-0.5165489912033081,9.800664901733398,0.030517578125,-0.030517578125,-0.18310546875
17.367499900000002,0.707486629486084,-0.5135562419891357,9.802460670471191,0.091552734375,0.1220703125,-0.244140625
17.3724999,0.7032967209815979,-0.5141547918319702,9.801262855529785,-0.06103515625,0.030517578125,-0.396728515625
17.3774999,0.70090252161026,-0.5135562419891357,9.798270225524902,-0.030517578125,0.18310546875,-0.42724609375
17.3824999,0.7092822790145874,-0.5213374495506287,9.794678688049316,0.030517578125,-0.030517578125,-0.30517578125
17.3874999,0.7116764783859253,-0.5171475410461426,9.78989028930664,0,0.030517578125,-0.244140625
17.3924999,0.7122750282287598,-0.5159504413604736,9.789292335510254,0,-0.030517578125,-0.244140625
17.3974999,0.7140706777572632,-0.5141547918319702,9.788095474243164,-0.06103515625,0.091552734375,-0.18310546875
17.402499900000002,0.7134721279144287,-0.5141547918319702,9.78869342803955,0.06103515625,0.091552734375,-0.152587890625
17.4074999,0.7140706777572632,-0.5147533416748047,9.79288387298584,-0.030517578125,0.091552734375,-0.213623046875
17.4124999,0.7098808288574219,-0.5135562419891357,9.78989028930664,-0.030517578125,-0.091552734375,-0.18310546875
17.4174999,0.7098808288574219,-0.5129576921463013,9.78989028930664,0,0.06103515625,-0.213623046875
17.422499900000002,0.706289529800415,-0.5123591423034668,9.786897659301758,0,0.1220703125,-0.274658203125
17.4274999,0.7068880796432495,-0.5117605924606323,9.780313491821289,0,0.091552734375,-0.152587890625
17.4324999,0.707486629486084,-0.5141547918319702,9.7791166305542,-0.030517578125,-0.030517578125,-0.30517578125
17.4374999,0.7098808288574219,-0.5129576921463013,9.77791976928711,0.091552734375,-0.06103515625,-0.1220703125
17.4424999,0.7122750282287598,-0.5129576921463013,9.783905029296875,0.030517578125,0.091552734375,-0.152587890625
17.4474999,0.7122750282287598,-0.5135562419891357,9.785700798034668,-0.06103515625,0.06103515625,-0.274658203125
17.4524999,0.7146692276000977,-0.5111620426177979,9.786897659301758,-0.06103515625,0.06103515625,-0.274658203125
17.457499900000002,0.7152677774429321,-0.5117605924606323,9.79288387298584,-0.18310546875,-0.030517578125,-0.274658203125
17.4624999,0.7164648771286011,-0.5111620426177979,9.793481826782227,-0.030517578125,-0.06103515625,-0.30517578125
17.4674999,0.7116764783859253,-0.5141547918319702,9.79647445678711,-0.030517578125,0.030517578125,-0.213623046875
17.4724999,0.7092822790145874,-0.5153518915176392,9.798869132995605,-0.06103515625,0.1220703125,-0.18310546875
17.4774999,0.7038952708244324,-0.5213374495506287,9.800065994262695,0,0.030517578125,-0.30517578125
17.4824999,0.702099621295929,-0.5225345492362976,9.800065994262695,0.030517578125,0.030517578125,-0.335693359375
17.4874999,0.7026981711387634,-0.5237316489219666,9.800664901733398,0,0,-0.244140625
17.492499900000002,0.7050924301147461,-0.5249287486076355,9.801262855529785,-0.091552734375,0.152587890625,-0.274658203125
17.4974999,0.706289529800415,-0.5237316489219666,9.798869132995605,-0.06103515625,0,-0.274658203125
17.5024999,0.7098808288574219,-0.5237316489219666,9.79527759552002,0.06103515625,-0.1220703125,-0.244140625
17.5074999,0.7122750282287598,-0.524330198764801,9.79408073425293,0.06103515625,-0.06103515625,-0.30517578125
17.5124999,0.7164648771286011,-0.5237316489219666,9.79288387298584,0.091552734375,-0.06103515625,-0.213623046875
17.5174999,0.7164648771286011,-0.52552729845047,9.790489196777344,-0.06103515625,-0.030517578125,-0.091552734375
17.5224999,0.7164648771286011,-0.5261258482933044,9.78989028930664,-0.091552734375,0.1220703125,-0.18310546875
17.527499900000002,0.7128735780715942,-0.5279214978218079,9.785700798034668,-0.06103515625,0.030517578125,-0.213623046875
17.5324999,0.7098808288574219,-0.5261258482933044,9.783307075500488,0.152587890625,-0.030517578125,-0.1220703125
17.5374999,0.7080851793289185,-0.5249287486076355,9.778518676757812,0.06103515625,0.1220703125,-0.213623046875
17.5424999,0.7068880796432495,-0.5195417404174805,9.7791166305542,0.030517578125,0.091552734375,-0.213623046875
17.547499900000002,0.7092822790145874,-0.5159504413604736,9.7791166305542,0.030517578125,0.06103515625,-0.152587890625
17.5524999,0.7116764783859253,-0.5195417404174805,9.780313491821289,0.091552734375,0,-0.06103515625
17.5574999,0.7152677774429321,-0.5249287486076355,9.782708168029785,0.030517578125,0.030517578125,-0.152587890625
17.5624999,0.7170634269714355,-0.5279214978218079,9.784503936767578,0.030517578125,0.030517578125,-0.18310546875
17.5674999,0.718859076499939,-0.5273229479789734,9.788095474243164,-0.030517578125,0.06103515625,-0.18310546875
17.5724999,0.7206547260284424,-0.524330198764801,9.791686058044434,0,-0.152587890625,-0.244140625
17.5774999,0.7206547260284424,-0.5219359993934631,9.795876502990723,0.030517578125,0.152587890625,-0.244140625
17.582499900000002,0.7212532758712769,-0.5219359993934631,9.799467086791992,0,0.06103515625,-0.244140625
17.5874999,0.7206547260284424,-0.5213374495506287,9.798869132995605,0.030517578125,-0.06103515625,-0.335693359375
17.5924999,0.7218518257141113,-0.5195417404174805,9.79527759552002,-0.1220703125,0.091552734375,-0.213623046875
17.5974999,0.7212532758712769,-0.5171475410461426,9.792284965515137,0.030517578125,0.1220703125,-0.152587890625
17.6024999,0.7224503755569458,-0.5117605924606323,9.786897659301758,-0.030517578125,0.274658203125,-0.213623046875
17.6074999,0.71766197681427,-0.5105634927749634,9.78989028930664,-0.06103515625,0.1220703125,-0.335693359375
17.6124999,0.7116764783859253,-0.5135562419891357,9.786897659301758,0.06103515625,-0.030517578125,-0.274658203125
17.617499900000002,0.7080851793289185,-0.5165489912033081,9.790489196777344,0.152587890625,-0.030517578125,-0.18310546875
17.6224999,0.7032967209815979,-0.5201402902603149,9.790489196777344,0.06103515625,0,-0.18310546875
17.6274999,0.6991068720817566,-0.5183446407318115,9.787496566772461,-0.091552734375,-0.030517578125,-0.18310546875
17.6324999,0.7015010714530945,-0.518943190574646,9.78989028930664,-0.030517578125,-0.091552734375,-0.335693359375
17.6374999,0.7044938206672668,-0.5171475410461426,9.78869342803955,-0.030517578125,0,-0.335693359375
17.6424999,0.7110779285430908,-0.517746090888977,9.786299705505371,-0.030517578125,-0.06103515625,-0.30517578125
17.6474999,0.7164648771286011,-0.518943190574646,9.786299705505371,-0.152587890625,-0.1220703125,-0.30517578125
17.652499900000002,0.71766197681427,-0.518943190574646,9.781511306762695,0.030517578125,0.030517578125,-0.274658203125
17.6574999,0.71766197681427,-0.518943190574646,9.781511306762695,0.030517578125,0.030517578125,-0.274658203125
17.6624999,0.71766197681427,-0.517746090888977,9.782109260559082,0,0.06103515625,-0.244140625
17.6674999,0.706289529800415,-0.5105634927749634,9.791686058044434,0.030517578125,0.152587890625,-0.18310546875
17.672499900000002,0.7026981711387634,-0.5117605924606323,9.791686058044434,-0.06103515625,0.06103515625,-0.213623046875
17.6774999,0.6985083222389221,-0.5129576921463013,9.78989028930664,-0.030517578125,0.091552734375,-0.244140625
17.6824999,0.6979097723960876,-0.5135562419891357,9.786897659301758,-0.06103515625,-0.06103515625,-0.152587890625
17.6874999,0.70090252161026,-0.5165489912033081,9.785101890563965,0.152587890625,-0.091552734375,-0.244140625
17.6924999,0.7050924301147461,-0.5165489912033081,9.786299705505371,0.213623046875,-0.06103515625,-0.152587890625
17.6974999,0.7104793787002563,-0.5171475410461426,9.782708168029785,-0.06103515625,0,-0.18310546875
17.7024999,0.7158663272857666,-0.5153518915176392,9.788095474243164,-0.06103515625,-0.18310546875,-0.152587890625
17.707499900000002,0.7206547260284424,-0.5129576921463013,9.784503936767578,-0.030517578125,-0.1220703125,-0.1220703125
17.7124999,0.7218518257141113,-0.5093663930892944,9.783307075500488,0.091552734375,0.030517578125,-0.091552734375
17.7174999,0.7182605266571045,-0.5135562419891357,9.782109260559082,0.06103515625,0.06103515625,-0.274658203125
17.7224999,0.7116764783859253,-0.517746090888977,9.785101890563965,0,0,-0.213623046875
17.7274999,0.7068880796432495,-0.5213374495506287,9.788095474243164,0,0.18310546875,-0.335693359375
17.7324999,0.702099621295929,-0.5219359993934631,9.78869342803955,0.06103515625,0.152587890625,-0.335693359375
17.7374999,0.6967126727104187,-0.5207388401031494,9.79288387298584,0.030517578125,-0.030517578125,-0.18310546875
17.742499900000002,0.6961141228675842,-0.518943190574646,9.79527759552002,-0.06103515625,0,-0.335693359375
17.7474999,0.6949170231819153,-0.5183446407318115,9.795876502990723,0.06103515625,0.091552734375,-0.335693359375
17.7524999,0.6991068720817566,-0.5159504413604736,9.800065994262695,0,-0.091552734375,-0.213623046875
17.7574999,0.7068880796432495,-0.5171475410461426,9.797672271728516,0.06103515625,0.06103515625,-0.396728515625
17.7624999,0.7212532758712769,-0.5159504413604736,9.798270225524902,0,0.030517578125,-0.3662109375
17.7674999,0.7212532758712769,-0.5159504413604736,9.798270225524902,0,0.030517578125,-0.3662109375
17.7724999,0.7254431247711182,-0.5165489912033081,9.797672271728516,0,0.1220703125,-0.244140625
17.777499900000002,0.7260416746139526,-0.5207388401031494,9.797672271728516,0.06103515625,0.030517578125,-0.152587890625
17.7824999,0.7260416746139526,-0.5207388401031494,9.797672271728516,0.06103515625,0.030517578125,-0.152587890625
17.7874999,0.7218518257141113,-0.5237316489219666,9.79527759552002,-0.1220703125,0.1220703125,-0.3662109375
17.7924999,0.7170634269714355,-0.5225345492362976,9.78869342803955,0.091552734375,0.18310546875,-0.244140625
17.797499900000002,0.7134721279144287,-0.5225345492362976,9.78869342803955,0.06103515625,0.152587890625,-0.244140625
17.8024999,0.7092822790145874,-0.5207388401031494,9.782708168029785,-0.030517578125,0.1220703125,-0.152587890625
17.8074999,0.7068880796432495,-0.5213374495506287,9.78869342803955,0.06103515625,0.091552734375,-0.274658203125
17.8124999,0.706289529800415,-0.5219359993934631,9.791686058044434,0.06103515625,0.1220703125,-0.335693359375
17.8174999,0.7092822790145874,-0.5213374495506287,9.797073364257812,-0.030517578125,-0.091552734375,-0.213623046875
17.8224999,0.7122750282287598,-0.5207388401031494,9.803657531738281,0,-0.06103515625,-0.244140625
17.8274999,0.7170634269714355,-0.5201402902603149,9.801861763000488,0.030517578125,0,-0.091552734375
17.832499900000002,0.718859076499939,-0.5201402902603149,9.804255485534668,0.1220703125,-0.030517578125,-0.1220703125
17.8374999,0.7134721279144287,-0.5207388401031494,9.79527759552002,-0.030517578125,0.091552734375,-0.30517578125
17.8424999,0.6919242739677429,-0.5099649429321289,9.797073364257812,0.030517578125,0.213623046875,-0.274658203125
17.8474999,0.6913257241249084,-0.5111620426177979,9.807847023010254,-0.030517578125,0.213623046875,-0.42724609375
17.8524999,0.6943184733390808,-0.5117605924606323,9.810839653015137,0.030517578125,0.091552734375,-0.335693359375
17.8574999,0.6979097723960876,-0.5111620426177979,9.819818496704102,0.030517578125,0.091552734375,-0.30517578125
17.8624999,0.702099621295929,-0.5117605924606323,9.820416450500488,-0.091552734375,0.1220703125,-0.18310546875
17.867499900000002,0.7044938206672668,-0.5117605924606323,9.815030097961426,-0.06103515625,0.091552734375,-0.152587890625
17.8724999,0.7164648771286011,-0.5153518915176392,9.803657531738281,-0.030517578125,-0.213623046875,-0.30517578125
17.8774999,0.7218518257141113,-0.5135562419891357,9.795876502990723,-0.152587890625,-0.091552734375,-0.091552734375
17.8824999,0.7284358739852905,-0.5141547918319702,9.791686058044434,0.030517578125,0.06103515625,-0.06103515625
17.8874999,0.7296329736709595,-0.5111620426177979,9.78989028930664,0.030517578125,0.1220703125,-0.244140625
17.8924999,0.7260416746139526,-0.5123591423034668,9.785700798034668,0,0.213623046875,-0.213623046875
17.8974999,0.71766197681427,-0.5165489912033081,9.790489196777344,-0.091552734375,0.30517578125,-0.244140625
17.902499900000002,0.706289529800415,-0.5183446407318115,9.788095474243164,0.030517578125,0.213623046875,-0.244140625
17.9074999,0.6967126727104187,-0.5231330990791321,9.791686058044434,0.1220703125,0,-0.213623046875
17.9124999,0.6925228238105774,-0.5219359993934631,9.794678688049316,-0.030517578125,-0.030517578125,-0.274658203125
17.9174999,0.6943184733390808,-0.5231330990791321,9.791686058044434,-0.06103515625,-0.091552734375,-0.244140625
17.922499900000002,0.70090252161026,-0.5195417404174805,9.79527759552002,-0.030517578125,-0.06103515625,-0.18310546875
17.9274999,0.7110779285430908,-0.5225345492362976,9.79527759552002,-0.091552734375,-0.091552734375,-0.335693359375
17.9324999,0.739209771156311,-0.5213374495506287,9.797073364257812,0,0.030517578125,-0.274658203125
17.9374999,0.7338228225708008,-0.5207388401031494,9.788095474243164,0.091552734375,0.091552734375,-0.213623046875
17.9424999,0.7296329736709595,-0.5231330990791321,9.786897659301758,0.06103515625,0.30517578125,-0.213623046875
17.9474999,0.7200561761856079,-0.5231330990791321,9.784503936767578,0.06103515625,0.18310546875,-0.30517578125
17.9524999,0.7116764783859253,-0.5219359993934631,9.78869342803955,-0.091552734375,0.213623046875,-0.274658203125
17.957499900000002,0.7038952708244324,-0.518943190574646,9.793481826782227,0.06103515625,0.244140625,-0.30517578125
17.9624999,0.6961141228675842,-0.5201402902603149,9.795876502990723,0.06103515625,0.18310546875,-0.335693359375
17.9674999,0.689530074596405,-0.5165489912033081,9.793481826782227,-0.091552734375,0.091552734375,-0.213623046875
17.9724999,0.6883329749107361,-0.517746090888977,9.791686058044434,-0.091552734375,-0.030517578125,-0.244140625
17.9774999,0.6943184733390808,-0.5159504413604736,9.780313491821289,-0.06103515625,-0.1220703125,-0.244140625
17.9824999,0.7032967209815979,-0.5153518915176392,9.77672290802002,0.030517578125,-0.18310546875,-0.244140625
17.9874999,0.7110779285430908,-0.5147533416748047,9.774927139282227,-0.030517578125,-0.1220703125,-0.18310546875
17.992499900000002,0.7206547260284424,-0.5147533416748047,9.781511306762695,-0.06103515625,0,-0.18310546875
17.9974999,0.729034423828125,-0.5141547918319702,9.785101890563965,-0.06103515625,0,-0.30517578125
18.0024999,0.7296329736709595,-0.5141547918319702,9.792284965515137,0.06103515625,0,-0.18310546875
18.0074999,0.7332242727279663,-0.5153518915176392,9.800065994262695,0.06103515625,0.18310546875,-0.335693359375
18.0124999,0.7260416746139526,-0.5183446407318115,9.798270225524902,-0.030517578125,0.213623046875,-0.244140625
18.0174999,0.71766197681427,-0.5201402902603149,9.79647445678711,-0.030517578125,0.244140625,-0.152587890625
18.0224999,0.7104793787002563,-0.5207388401031494,9.793481826782227,0.030517578125,0.274658203125,-0.274658203125
18.027499900000002,0.6979097723960876,-0.5213374495506287,9.780313491821289,0.06103515625,0.030517578125,-0.213623046875
18.0324999,0.6937199234962463,-0.5201402902603149,9.776124000549316,0,0,-0.18310546875
18.0374999,0.7122750282287598,-0.5195417404174805,9.780313491821289,0.06103515625,-0.091552734375,-0.3662109375
18.0424999,0.7254431247711182,-0.518943190574646,9.785101890563965,0,0,-0.335693359375
18.047499900000002,0.7362170219421387,-0.5171475410461426,9.79408073425293,-0.091552734375,0.06103515625,-0.244140625
18.0524999,0.7380126714706421,-0.5165489912033081,9.79527759552002,0.06103515625,-0.030517578125,-0.213623046875
18.0574999,0.7332242727279663,-0.5147533416748047,9.791686058044434,0.030517578125,0.030517578125,-0.213623046875
18.0624999,0.7266402244567871,-0.5159504413604736,9.789292335510254,0,0.1220703125,-0.244140625
18.0674999,0.7182605266571045,-0.5147533416748047,9.7791166305542,0,0.152587890625,-0.30517578125
18.0724999,0.7116764783859253,-0.5171475410461426,9.776124000549316,-0.152587890625,0.1220703125,-0.1220703125
18.0774999,0.707486629486084,-0.5153518915176392,9.7791166305542,-0.06103515625,0.18310546875,-0.18310546875
18.082499900000002,0.7038952708244324,-0.5165489912033081,9.785700798034668,0.06103515625,0.06103515625,-0.213623046875
18.0874999,0.7003039717674255,-0.5153518915176392,9.798270225524902,-0.1220703125,0.1220703125,-0.213623046875
18.0924999,0.7038952708244324,-0.5183446407318115,9.797073364257812,-0.152587890625,0,-0.3662109375
18.0974999,0.7098808288574219,-0.5183446407318115,9.792284965515137,-0.091552734375,0.091552734375,-0.335693359375
18.1024999,0.7194576263427734,-0.5207388401031494,9.792284965515137,0,-0.1220703125,-0.213623046875
18.1074999,0.729034423828125,-0.5207388401031494,9.783905029296875,0.1220703125,-0.18310546875,-0.152587890625
18.1124999,0.7356184720993042,-0.518943190574646,9.784503936767578,0.06103515625,-0.030517578125,-0.244140625
18.117499900000002,0.739209771156311,-0.5147533416748047,9.782708168029785,-0.091552734375,0.06103515625,-0.335693359375
18.1224999,0.7368155717849731,-0.5129576921463013,9.780313491821289,0,0.091552734375,-0.30517578125
18.1274999,0.7320271730422974,-0.5129576921463013,9.780313491821289,0.030517578125,0.213623046875,-0.18310546875
18.1324999,0.7224503755569458,-0.5147533416748047,9.780313491821289,0.030517578125,0.30517578125,-0.152587890625
18.1374999,0.7122750282287598,-0.5195417404174805,9.779715538024902,0,0.18310546875,-0.18310546875
18.1424999,0.7038952708244324,-0.5225345492362976,9.783905029296875,-0.030517578125,0.213623046875,-0.244140625
18.1474999,0.6877344250679016,-0.5219359993934631,9.786897659301758,0.030517578125,0.1220703125,-0.1220703125
18.152499900000002,0.6877344250679016,-0.5207388401031494,9.787496566772461,0,-0.091552734375,-0.091552734375
18.1574999,0.6883329749107361,-0.5207388401031494,9.786897659301758,0.030517578125,-0.1220703125,-0.1220703125
18.1624999,0.7218518257141113,-0.5165489912033081,9.790489196777344,0,-0.06103515625,-0.244140625
18.1674999,0.7224503755569458,-0.5171475410461426,9.787496566772461,0.1220703125,-0.091552734375,-0.213623046875
18.172499900000002,0.7236474752426147,-0.5147533416748047,9.786299705505371,0.091552734375,0.213623046875,-0.274658203125
18.1774999,0.7170634269714355,-0.5135562419891357,9.784503936767578,0,0.244140625,-0.244140625
18.1824999,0.7092822790145874,-0.5099649429321289,9.777320861816406,0.152587890625,0.1220703125,-0.18310546875
18.1874999,0.7044938206672668,-0.5093663930892944,9.776124000549316,0.091552734375,0.1220703125,-0.152587890625
18.1924999,0.6955155730247498,-0.5129576921463013,9.771934509277344,-0.030517578125,0.06103515625,-0.30517578125
18.1974999,0.6937199234962463,-0.518943190574646,9.7791166305542,0.030517578125,0.06103515625,-0.3662109375
18.2024999,0.6943184733390808,-0.518943190574646,9.787496566772461,0.06103515625,0.091552734375,-0.213623046875
18.207499900000002,0.6949170231819153,-0.5195417404174805,9.793481826782227,0.06103515625,-0.06103515625,-0.18310546875
18.2124999,0.702099621295929,-0.517746090888977,9.798270225524902,-0.06103515625,-0.091552734375,-0.18310546875
18.2174999,0.7080851793289185,-0.5141547918319702,9.795876502990723,-0.030517578125,-0.1220703125,-0.274658203125
18.2224999,0.7134721279144287,-0.5129576921463013,9.792284965515137,0.030517578125,-0.152587890625,-0.152587890625
18.2274999,0.7194576263427734,-0.5141547918319702,9.790489196777344,0,0,-0.1220703125
18.2324999,0.7212532758712769,-0.5171475410461426,9.785700798034668,-0.030517578125,-0.030517578125,-0.091552734375
18.2374999,0.7206547260284424,-0.5195417404174805,9.785101890563965,-0.030517578125,0.091552734375,-0.1220703125
18.242499900000002,0.7200561761856079,-0.5195417404174805,9.789292335510254,-0.030517578125,0.152587890625,-0.244140625
18.2474999,0.706289529800415,-0.5117605924606323,9.797672271728516,-0.091552734375,0.18310546875,-0.18310546875
18.2524999,0.7038952708244324,-0.5117605924606323,9.795876502990723,0.030517578125,0.06103515625,-0.213623046875
18.2574999,0.7044938206672668,-0.5111620426177979,9.795876502990723,0.030517578125,0.091552734375,-0.244140625
18.2624999,0.706289529800415,-0.5141547918319702,9.79527759552002,-0.091552734375,0,-0.335693359375
18.2674999,0.7080851793289185,-0.5135562419891357,9.795876502990723,0,0,-0.42724609375
18.2724999,0.7128735780715942,-0.5171475410461426,9.800065994262695,0.152587890625,-0.1220703125,-0.274658203125
18.277499900000002,0.7194576263427734,-0.5171475410461426,9.801262855529785,0.152587890625,-0.091552734375,-0.152587890625
18.2824999,0.7230489253997803,-0.5201402902603149,9.798869132995605,0.091552734375,0.030517578125,-0.244140625
18.2874999,0.7284358739852905,-0.524330198764801,9.800664901733398,-0.1220703125,0.091552734375,-0.244140625
18.2924999,0.7284358739852905,-0.524330198764801,9.800664901733398,-0.1220703125,0.091552734375,-0.244140625
18.297499900000002,0.7284358739852905,-0.5261258482933044,9.79647445678711,0.213623046875,-0.030517578125,-0.091552734375
18.3024999,0.7128735780715942,-0.5267243981361389,9.802460670471191,0.06103515625,0.1220703125,-0.244140625
18.3074999,0.7128735780715942,-0.5267243981361389,9.802460670471191,0.06103515625,0.1220703125,-0.244140625
18.3124999,0.7032967209815979,-0.524330198764801,9.800664901733398,-0.091552734375,0.030517578125,-0.244140625
18.3174999,0.6985083222389221,-0.5231330990791321,9.801861763000488,-0.06103515625,0,-0.213623046875
18.3224999,0.6949170231819153,-0.5207388401031494,9.791686058044434,0.1220703125,0.030517578125,-0.152587890625
18.3274999,0.6949170231819153,-0.5207388401031494,9.791686058044434,0.1220703125,0.030517578125,-0.152587890625
18.332499900000002,0.6991068720817566,-0.5195417404174805,9.788095474243164,-0.030517578125,0.030517578125,-0.3662109375
18.3374999,0.7032967209815979,-0.518943190574646,9.783307075500488,-0.030517578125,0.06103515625,-0.30517578125
18.3424999,0.7098808288574219,-0.5153518915176392,9.783905029296875,-0.091552734375,0.030517578125,-0.213623046875
18.3474999,0.7134721279144287,-0.5135562419891357,9.788095474243164,-0.06103515625,-0.06103515625,-0.18310546875
18.3524999,0.71766197681427,-0.5117605924606323,9.791088104248047,0.06103515625,0.030517578125,-0.30517578125
18.3574999,0.7206547260284424,-0.5147533416748047,9.79647445678711,-0.030517578125,0.1220703125,-0.396728515625
18.3624999,0.71766197681427,-0.5201402902603149,9.79288387298584,0,0.06103515625,-0.244140625
18.367499900000002,0.7110779285430908,-0.5201402902603149,9.78869342803955,0.030517578125,0.091552734375,-0.30517578125
18.3724999,0.7026981711387634,-0.5159504413604736,9.786299705505371,-0.06103515625,0.091552734375,-0.18310546875
18.3774999,0.6985083222389221,-0.5159504413604736,9.782109260559082,0,0.1220703125,-0.274658203125
18.3824999,0.6949170231819153,-0.5153518915176392,9.782708168029785,0,0.091552734375,-0.274658203125
18.3874999,0.6973112225532532,-0.5159504413604736,9.782109260559082,0.030517578125,0.030517578125,-0.152587890625
18.3924999,0.70090252161026,-0.5159504413604736,9.783307075500488,0.091552734375,0,-0.213623046875
18.3974999,0.707486629486084,-0.5147533416748047,9.789292335510254,-0.030517578125,-0.030517578125,-0.30517578125
18.402499900000002,0.7128735780715942,-0.5165489912033081,9.79408073425293,-0.091552734375,-0.06103515625,-0.152587890625
18.4074999,0.7128735780715942,-0.5165489912033081,9.79408073425293,-0.091552734375,-0.06103515625,-0.152587890625
18.4124999,0.7158663272857666,-0.5219359993934631,9.797672271728516,0,0.091552734375,-0.335693359375
18.4174999,0.7164648771286011,-0.5225345492362976,9.797073364257812,0,0.18310546875,-0.18310546875
18.422499900000002,0.7134721279144287,-0.5213374495506287,9.797073364257812,-0.091552734375,0.152587890625,-0.18310546875
18.4274999,0.707486629486084,-0.5195417404174805,9.78869342803955,0.030517578125,0.18310546875,-0.18310546875
18.4324999,0.70090252161026,-0.518943190574646,9.783905029296875,0.1220703125,0.152587890625,-0.274658203125
18.4374999,0.6955155730247498,-0.5213374495506287,9.782109260559082,0.091552734375,0.091552734375,-0.18310546875
18.4424999,0.690727174282074,-0.5231330990791321,9.77672290802002,0,0.030517578125,-0.152587890625
18.4474999,0.6931213736534119,-0.52552729845047,9.783307075500488,-0.030517578125,-0.06103515625,-0.152587890625
18.4524999,0.7003039717674255,-0.52552729845047,9.786299705505371,-0.091552734375,-0.06103515625,-0.06103515625
18.457499900000002,0.7068880796432495,-0.5237316489219666,9.785700798034668,0.06103515625,-0.152587890625,-0.091552734375
18.4624999,0.71766197681427,-0.5201402902603149,9.78989028930664,-0.030517578125,0.030517578125,-0.18310546875
18.4674999,0.7230489253997803,-0.5159504413604736,9.786299705505371,0.030517578125,0.06103515625,-0.30517578125
18.4724999,0.7272387742996216,-0.5129576921463013,9.788095474243164,-0.030517578125,-0.030517578125,-0.152587890625
18.4774999,0.7242460250854492,-0.5153518915176392,9.784503936767578,0.091552734375,0.030517578125,-0.274658203125
18.4824999,0.7206547260284424,-0.5195417404174805,9.782708168029785,-0.06103515625,0.030517578125,-0.18310546875
18.4874999,0.7182605266571045,-0.5201402902603149,9.789292335510254,-0.06103515625,0.091552734375,-0.152587890625
18.492499900000002,0.7140706777572632,-0.5201402902603149,9.790489196777344,0.030517578125,0.06103515625,-0.274658203125
18.4974999,0.7116764783859253,-0.5183446407318115,9.794678688049316,0.091552734375,-0.030517578125,-0.244140625
18.5024999,0.707486629486084,-0.5195417404174805,9.802460670471191,0.030517578125,0.152587890625,-0.274658203125
18.5074999,0.7026981711387634,-0.5219359993934631,9.800065994262695,0.091552734375,0.030517578125,-0.244140625
18.5124999,0.6991068720817566,-0.5267243981361389,9.799467086791992,0.030517578125,0.030517578125,-0.274658203125
18.5174999,0.6997054219245911,-0.5315127968788147,9.798270225524902,0,-0.06103515625,-0.18310546875
18.5224999,0.7032967209815979,-0.5345055460929871,9.791088104248047,-0.030517578125,-0.091552734375,-0.18310546875
18.527499900000002,0.7104793787002563,-0.536899745464325,9.794678688049316,0.030517578125,0,-0.274658203125
18.5324999,0.7200561761856079,-0.5333084464073181,9.787496566772461,-0.030517578125,-0.1220703125,-0.244140625
18.5374999,0.7242460250854492,-0.5285200476646423,9.788095474243164,0.06103515625,0,-0.244140625
18.5424999,0.7242460250854492,-0.5231330990791321,9.782708168029785,0.18310546875,0.030517578125,-0.213623046875
18.547499900000002,0.7170634269714355,-0.518943190574646,9.77791976928711,0.030517578125,0.18310546875,-0.30517578125
18.5524999,0.7128735780715942,-0.518943190574646,9.783905029296875,0.06103515625,0.18310546875,-0.335693359375
18.5574999,0.7050924301147461,-0.5159504413604736,9.785700798034668,0.030517578125,0,-0.274658203125
18.5624999,0.6997054219245911,-0.5141547918319702,9.78989028930664,0.091552734375,0.030517578125,-0.1220703125
18.5674999,0.7038952708244324,-0.5129576921463013,9.799467086791992,0.030517578125,0.18310546875,-0.244140625
18.5724999,0.702099621295929,-0.5111620426177979,9.798869132995605,0.091552734375,0.1220703125,-0.213623046875
18.5774999,0.7050924301147461,-0.5135562419891357,9.798869132995605,-0.030517578125,-0.091552734375,-0.274658203125
18.582499900000002,0.7050924301147461,-0.5153518915176392,9.798270225524902,-0.213623046875,0,-0.335693359375
18.5874999,0.7080851793289185,-0.5147533416748047,9.789292335510254,0.030517578125,-0.1220703125,-0.30517578125
18.5924999,0.7194576263427734,-0.5153518915176392,9.786897659301758,0.06103515625,-0.1220703125,-0.274658203125
18.5974999,0.7242460250854492,-0.5171475410461426,9.783905029296875,0.1220703125,-0.1220703125,-0.213623046875
18.6024999,0.730231523513794,-0.5195417404174805,9.78989028930664,0,0.244140625,-0.244140625
18.6074999,0.730231523513794,-0.5207388401031494,9.789292335510254,-0.030517578125,0.06103515625,-0.457763671875
18.6124999,0.7260416746139526,-0.5195417404174805,9.786299705505371,0,0.1220703125,-0.335693359375
18.617499900000002,0.718859076499939,-0.5153518915176392,9.788095474243164,-0.1220703125,0.18310546875,-0.244140625
18.6224999,0.7104793787002563,-0.5135562419891357,9.783307075500488,-0.06103515625,0.213623046875,-0.244140625
18.6274999,0.7003039717674255,-0.50876784324646,9.782109260559082,-0.06103515625,0.18310546875,-0.213623046875
18.6324999,0.6973112225532532,-0.5117605924606323,9.787496566772461,-0.091552734375,0.152587890625,-0.244140625
18.6374999,0.6937199234962463,-0.5111620426177979,9.787496566772461,-0.06103515625,0.06103515625,-0.152587890625
18.6424999,0.6955155730247498,-0.5153518915176392,9.793481826782227,-0.030517578125,-0.06103515625,-0.244140625
18.6474999,0.6991068720817566,-0.5171475410461426,9.797672271728516,-0.06103515625,-0.091552734375,-0.396728515625
18.652499900000002,0.7080851793289185,-0.5195417404174805,9.797672271728516,0.06103515625,-0.18310546875,-0.244140625
18.6574999,0.7134721279144287,-0.518943190574646,9.79527759552002,0.06103515625,0.06103515625,-0.274658203125
18.6624999,0.71766197681427,-0.5171475410461426,9.790489196777344,0,0,-0.244140625
18.6674999,0.7224503755569458,-0.5153518915176392,9.78989028930664,0.030517578125,0.1220703125,-0.18310546875
18.672499900000002,0.7254431247711182,-0.5153518915176392,9.786897659301758,0.030517578125,0.1220703125,-0.274658203125
18.6774999,0.7206547260284424,-0.5141547918319702,9.782109260559082,-0.06103515625,0.1220703125,-0.3662109375
18.6824999,0.71766197681427,-0.5141547918319702,9.786299705505371,0,0.1220703125,-0.274658203125
18.6874999,0.707486629486084,-0.5147533416748047,9.785700798034668,0.06103515625,0,-0.18310546875
18.6924999,0.6997054219245911,-0.5165489912033081,9.783905029296875,-0.030517578125,0.152587890625,-0.213623046875
18.6974999,0.6967126727104187,-0.5201402902603149,9.791686058044434,0.030517578125,0.18310546875,-0.335693359375
18.7024999,0.6961141228675842,-0.5231330990791321,9.787496566772461,0,0.152587890625,-0.213623046875
18.707499900000002,0.7140706777572632,-0.524330198764801,9.78869342803955,0.030517578125,-0.152587890625,-0.244140625
18.7124999,0.7134721279144287,-0.52552729845047,9.78989028930664,-0.030517578125,-0.18310546875,-0.213623046875
18.7174999,0.7140706777572632,-0.524330198764801,9.782109260559082,0.030517578125,-0.06103515625,-0.244140625
18.7224999,0.7212532758712769,-0.5213374495506287,9.78869342803955,0.06103515625,-0.030517578125,-0.213623046875
18.7274999,0.7236474752426147,-0.5183446407318115,9.785101890563965,0.1220703125,0,-0.274658203125
18.7324999,0.7230489253997803,-0.5165489912033081,9.790489196777344,-0.06103515625,0.152587890625,-0.244140625
18.7374999,0.71766197681427,-0.5147533416748047,9.789292335510254,0.030517578125,0.213623046875,-0.152587890625
18.742499900000002,0.7092822790145874,-0.5129576921463013,9.783905029296875,0.091552734375,0.1220703125,-0.244140625
18.7474999,0.7032967209815979,-0.5147533416748047,9.790489196777344,0,0.18310546875,-0.274658203125
18.7524999,0.6913257241249084,-0.5159504413604736,9.78989028930664,0.1220703125,0.1220703125,-0.274658203125
18.7574999,0.6919242739677429,-0.518943190574646,9.797672271728516,0,0.091552734375,-0.274658203125
18.7624999,0.6925228238105774,-0.5201402902603149,9.791088104248047,-0.06103515625,-0.091552734375,-0.152587890625
18.7674999,0.70090252161026,-0.5213374495506287,9.792284965515137,0.091552734375,-0.1220703125,-0.213623046875
18.7724999,0.7092822790145874,-0.5219359993934631,9.791686058044434,-0.030517578125,-0.091552734375,-0.244140625
18.777499900000002,0.7158663272857666,-0.5225345492362976,9.788095474243164,-0.091552734375,-0.1220703125,-0.396728515625
18.7824999,0.7212532758712769,-0.5213374495506287,9.789292335510254,-0.030517578125,-0.06103515625,-0.18310546875
18.7874999,0.7260416746139526,-0.5237316489219666,9.791088104248047,0.1220703125,-0.030517578125,-0.18310546875
18.7924999,0.7254431247711182,-0.5213374495506287,9.785700798034668,-0.030517578125,-0.030517578125,-0.18310546875
18.797499900000002,0.7242460250854492,-0.5213374495506287,9.783905029296875,-0.091552734375,0.091552734375,-0.274658203125
18.8024999,0.6949170231819153,-0.518943190574646,9.79527759552002,-0.06103515625,0.030517578125,-0.152587890625
18.8074999,0.6937199234962463,-0.5201402902603149,9.79288387298584,-0.091552734375,0.091552734375,-0.18310546875
18.8124999,0.6997054219245911,-0.5237316489219666,9.786897659301758,-0.091552734375,-0.1220703125,-0.244140625
18.8174999,0.7050924301147461,-0.5225345492362976,9.786299705505371,0.030517578125,-0.152587890625,-0.18310546875
18.8224999,0.7140706777572632,-0.5231330990791321,9.783905029296875,0,0,-0.1220703125
18.8274999,0.7218518257141113,-0.5207388401031494,9.783905029296875,-0.030517578125,0.030517578125,-0.18310546875
18.832499900000002,0.7296329736709595,-0.5183446407318115,9.789292335510254,0.06103515625,0.030517578125,-0.30517578125
18.8374999,0.7332242727279663,-0.5165489912033081,9.782708168029785,0.030517578125,-0.030517578125,-0.213623046875
18.8424999,0.7326257228851318,-0.5153518915176392,9.783905029296875,0,0.18310546875,-0.152587890625
18.8474999,0.7284358739852905,-0.5171475410461426,9.785101890563965,0.06103515625,0.18310546875,-0.30517578125
18.8524999,0.702099621295929,-0.5201402902603149,9.804854393005371,0.152587890625,0.091552734375,-0.244140625
18.8574999,0.6997054219245911,-0.517746090888977,9.807249069213867,0.030517578125,-0.06103515625,-0.18310546875
18.8624999,0.6967126727104187,-0.5111620426177979,9.805453300476074,-0.030517578125,-0.1220703125,-0.274658203125
18.867499900000002,0.6973112225532532,-0.5093663930892944,9.800065994262695,0.030517578125,-0.030517578125,-0.3662109375
18.8724999,0.6985083222389221,-0.507570743560791,9.79527759552002,0,-0.030517578125,-0.213623046875
18.8774999,0.7003039717674255,-0.5099649429321289,9.786299705505371,0.1220703125,-0.1220703125,-0.18310546875
18.8824999,0.7158663272857666,-0.5207388401031494,9.78989028930664,0,0.091552734375,-0.3662109375
18.8874999,0.7200561761856079,-0.5207388401031494,9.792284965515137,-0.1220703125,0.152587890625,-0.244140625
18.8924999,0.7272387742996216,-0.518943190574646,9.79527759552002,0.030517578125,0.1220703125,-0.213623046875
18.8974999,0.718859076499939,-0.5123591423034668,9.795876502990723,-0.030517578125,-0.06103515625,-0.244140625
18.902499900000002,0.7146692276000977,-0.5135562419891357,9.799467086791992,-0.06103515625,0,-0.274658203125
18.9074999,0.7086837291717529,-0.5141547918319702,9.795876502990723,0,0.030517578125,-0.42724609375
18.9124999,0.7056909799575806,-0.5159504413604736,9.79288387298584,0.06103515625,-0.030517578125,-0.213623046875
18.9174999,0.7044938206672668,-0.5159504413604736,9.795876502990723,0.06103515625,0.030517578125,-0.1220703125
18.922499900000002,0.7038952708244324,-0.5147533416748047,9.790489196777344,0.030517578125,0.06103515625,-0.152587890625
18.9274999,0.7056909799575806,-0.5141547918319702,9.791088104248047,-0.030517578125,0.06103515625,-0.18310546875
18.9324999,0.7104793787002563,-0.5129576921463013,9.792284965515137,-0.1220703125,-0.18310546875,-0.213623046875
18.9374999,0.7122750282287598,-0.5129576921463013,9.786299705505371,-0.1220703125,-0.06103515625,-0.30517578125
18.9424999,0.7182605266571045,-0.5129576921463013,9.78869342803955,-0.030517578125,-0.06103515625,-0.335693359375
18.9474999,0.7182605266571045,-0.5129576921463013,9.78869342803955,-0.030517578125,-0.06103515625,-0.335693359375
18.9524999,0.7212532758712769,-0.5183446407318115,9.78989028930664,-0.030517578125,0,-0.1220703125
18.957499900000002,0.729034423828125,-0.5285200476646423,9.787496566772461,0,-0.06103515625,-0.18310546875
18.9624999,0.7332242727279663,-0.5303156971931458,9.787496566772461,0.030517578125,0.152587890625,-0.091552734375
18.9674999,0.7320271730422974,-0.5285200476646423,9.784503936767578,0.030517578125,0.30517578125,-0.18310546875
18.9724999,0.729034423828125,-0.5231330990791321,9.787496566772461,0.06103515625,0.152587890625,-0.213623046875
18.9774999,0.7248445749282837,-0.5183446407318115,9.78869342803955,-0.091552734375,0.18310546875,-0.244140625
18.9824999,0.7164648771286011,-0.5129576921463013,9.785101890563965,0,0,-0.213623046875
18.9874999,0.7110779285430908,-0.5111620426177979,9.789292335510254,0.030517578125,-0.1220703125,-0.18310546875
18.992499900000002,0.7056909799575806,-0.507570743560791,9.786897659301758,0,-0.1220703125,-0.244140625
18.9974999,0.7056909799575806,-0.5105634927749634,9.786897659301758,0.030517578125,-0.06103515625,-0.213623046875
19.0024999,0.7092822790145874,-0.5123591423034668,9.794678688049316,-0.030517578125,-0.06103515625,-0.274658203125
19.0074999,0.7122750282287598,-0.5165489912033081,9.79527759552002,-0.091552734375,0,-0.274658203125
19.0124999,0.71766197681427,-0.5201402902603149,9.798270225524902,-0.091552734375,0.030517578125,-0.244140625
19.0174999,0.7230489253997803,-0.5231330990791321,9.79288387298584,-0.091552734375,0.030517578125,-0.213623046875
19.0224999,0.7248445749282837,-0.5237316489219666,9.78989028930664,0.091552734375,0.030517578125,-0.244140625
19.027499900000002,0.7236474752426147,-0.52552729845047,9.788095474243164,0.030517578125,0.06103515625,-0.18310546875
19.0324999,0.7200561761856079,-0.52552729845047,9.783307075500488,-0.06103515625,-0.06103515625,-0.213623046875
19.0374999,0.7158663272857666,-0.524330198764801,9.78869342803955,-0.091552734375,0.152587890625,-0.244140625
19.0424999,0.7122750282287598,-0.5171475410461426,9.794678688049316,0,0.1220703125,-0.213623046875
19.047499900000002,0.7122750282287598,-0.5171475410461426,9.794678688049316,0,0.1220703125,-0.213623046875
19.0524999,0.7128735780715942,-0.5171475410461426,9.794678688049316,-0.091552734375,0.06103515625,-0.30517578125
19.0574999,0.7134721279144287,-0.5165489912033081,9.793481826782227,0.06103515625,0.030517578125,-0.30517578125
19.0624999,0.7170634269714355,-0.5171475410461426,9.797073364257812,-0.091552734375,-0.030517578125,-0.274658203125
19.0674999,0.7164648771286011,-0.518943190574646,9.79527759552002,-0.091552734375,-0.1220703125,-0.274658203125
19.0724999,0.7098808288574219,-0.5213374495506287,9.78989028930664,-0.06103515625,0,-0.213623046875
19.0774999,0.707486629486084,-0.5165489912033081,9.788095474243164,-0.091552734375,0.1220703125,-0.18310546875
19.082499900000002,0.7044938206672668,-0.5147533416748047,9.783307075500488,-0.152587890625,0.244140625,-0.18310546875
19.0874999,0.7026981711387634,-0.5117605924606323,9.7791166305542,-0.091552734375,0.1220703125,-0.213623046875
19.0924999,0.7026981711387634,-0.5129576921463013,9.779715538024902,-0.030517578125,0.091552734375,-0.274658203125
19.0974999,0.7038952708244324,-0.5153518915176392,9.782708168029785,0,0.091552734375,-0.18310546875
19.1024999,0.7068880796432495,-0.517746090888977,9.785700798034668,-0.091552734375,0.18310546875,-0.244140625
19.1074999,0.7104793787002563,-0.5213374495506287,9.793481826782227,0,0.1220703125,-0.335693359375
19.1124999,0.7116764783859253,-0.5225345492362976,9.797672271728516,0,0.030517578125,-0.396728515625
19.117499900000002,0.7134721279144287,-0.5237316489219666,9.800065994262695,-0.06103515625,0.030517578125,-0.30517578125
19.1224999,0.7200561761856079,-0.5225345492362976,9.786299705505371,0.1220703125,0.030517578125,-0.274658203125
19.1274999,0.7194576263427734,-0.5219359993934631,9.782708168029785,-0.152587890625,-0.06103515625,-0.213623046875
19.1324999,0.7140706777572632,-0.5231330990791321,9.782708168029785,-0.1220703125,0.06103515625,-0.152587890625
19.1374999,0.706289529800415,-0.5225345492362976,9.783307075500488,-0.030517578125,0.244140625,-0.30517578125
19.1424999,0.6967126727104187,-0.5237316489219666,9.786299705505371,0.030517578125,0.030517578125,-0.213623046875
19.1474999,0.689530074596405,-0.5231330990791321,9.78869342803955,-0.06103515625,0.030517578125,-0.152587890625
19.152499900000002,0.6889315247535706,-0.5237316489219666,9.789292335510254,-0.091552734375,0.1220703125,-0.274658203125
19.1574999,0.690727174282074,-0.524330198764801,9.787496566772461,0.1220703125,0,-0.30517578125
19.1624999,0.7003039717674255,-0.5225345492362976,9.791088104248047,-0.06103515625,0.030517578125,-0.213623046875
19.1674999,0.7044938206672668,-0.5225345492362976,9.785700798034668,0,-0.030517578125,-0.091552734375
19.172499900000002,0.7224503755569458,-0.5141547918319702,9.783905029296875,0.06103515625,0.030517578125,-0.152587890625
19.1774999,0.729034423828125,-0.5165489912033081,9.789292335510254,-0.091552734375,0.244140625,-0.244140625
19.1824999,0.7308300733566284,-0.5183446407318115,9.786897659301758,0.030517578125,0.091552734375,-0.30517578125
19.1874999,0.7296329736709595,-0.5231330990791321,9.790489196777344,0,0.030517578125,-0.3662109375
19.1924999,0.7266402244567871,-0.5273229479789734,9.79527759552002,-0.06103515625,0,-0.274658203125
19.1974999,0.7224503755569458,-0.5297171473503113,9.794678688049316,-0.1220703125,0.06103515625,-0.335693359375
