# Time (seconds),Accel_X,Accel_Y,Accel_Z,Gyro_X,Gyro_Y,Gyro_Z
0.0024999,2.650381326675415,0.021547814831137657,11.24795913696289,73.822021484375,50.506591796875,101.776123046875
0.0074999,2.650381326675415,0.021547814831137657,11.24795913696289,73.822021484375,50.506591796875,101.776123046875
0.012499900000000001,3.3919851779937744,-0.07422025501728058,10.762535095214844,73.91357421875,50.72021484375,77.301025390625
0.0174999,3.867234230041504,-0.1628057211637497,10.234015464782715,65.643310546875,43.548583984375,40.130615234375
0.0224999,3.993528366088867,-0.08439560979604721,9.715670585632324,55.60302734375,36.43798828125,3.41796875
0.0274999,3.7169981002807617,0.24899697303771973,9.129091262817383,37.53662109375,26.214599609375,-32.562255859375
0.0324999,3.2124202251434326,0.8086416125297546,8.620323181152344,13.18359375,10.467529296875,-68.17626953125
0.0374999,2.11946702003479,2.115875720977783,7.333439826965332,-53.680419921875,-18.280029296875,-141.510009765625
0.0424999,1.7375918626785278,2.6024973392486572,6.653486728668213,-98.32763671875,-36.68212890625,-172.393798828125
0.0474999,1.7345991134643555,2.7886464595794678,6.1285576820373535,-132.87353515625,-39.794921875,-195.709228515625
0.0524999,1.9063831567764282,2.7006595134735107,6.907271862030029,-143.61572265625,-0.518798828125,-204.04052734375
0.0574999,1.7016788721084595,1.61069917678833,8.838793754577637,-79.315185546875,65.0634765625,-171.81396484375
0.0624999,1.0672154426574707,0.30945056676864624,10.506355285644531,2.593994140625,66.986083984375,-109.0087890625
0.0674999,1.0672154426574707,0.30945056676864624,10.506355285644531,2.593994140625,66.986083984375,-109.0087890625
0.0724999,-0.4010287821292877,-1.8590975999832153,11.64719295501709,-40.52734375,15.533447265625,-37.811279296875
0.0774999,-2.358887195587158,-2.8844144344329834,10.993576049804688,-44.219970703125,-10.25390625,32.71484375
0.0824999,-5.297171115875244,-3.575740337371826,7.921814918518066,0.8544921875,-57.159423828125,63.446044921875
0.0874999,-5.757456302642822,-2.9730000495910645,7.632715225219727,-1.800537109375,-99.42626953125,67.779541015625
0.0924999,-4.14915132522583,-1.5077484846115112,9.03751277923584,34.271240234375,-73.2421875,66.497802734375
0.0974999,-4.14915132522583,-1.5077484846115112,9.03751277923584,34.271240234375,-73.2421875,66.497802734375
0.1024999,-2.455253839492798,-0.9576807022094727,10.307038307189941,12.8173828125,-81.11572265625,69.305419921875
0.1074999,-0.6177040338516235,-0.6931213736534119,11.262923240661621,19.073486328125,-62.347412109375,80.963134765625
0.1124999,0.9852139949798584,-0.5847837924957275,11.686098098754883,38.39111328125,-30.364990234375,98.602294921875
0.1174999,2.1727380752563477,-0.7116764783859253,11.495759010314941,51.055908203125,-6.011962890625,110.77880859375
0.1224999,3.004124641418457,-0.8690952062606812,10.910377502441406,54.8095703125,10.3759765625,111.87744140625
0.1274999,3.5488054752349854,-1.1791443824768066,10.332776069641113,53.009033203125,13.275146484375,95.855712890625
0.1324999,3.9049429893493652,-1.2437877655029297,9.967659950256348,54.443359375,17.27294921875,74.432373046875
0.1374999,4.063559055328369,-1.2485761642456055,9.694721221923828,52.459716796875,17.059326171875,52.6123046875
0.1424999,4.030638694763184,-1.0217255353927612,9.577404975891113,45.867919921875,8.544921875,23.834228515625
0.1474999,3.8810009956359863,-0.6572083830833435,9.452906608581543,39.520263671875,6.072998046875,-6.134033203125
0.1524999,3.6816837787628174,-0.24779987335205078,9.305663108825684,33.843994140625,9.033203125,-30.609130859375
0.1574999,3.384204149246216,0.4728548228740692,9.000402450561523,14.34326171875,8.85009765625,-79.833984375
0.1624999,3.2848446369171143,0.7745242714881897,8.665214538574219,-3.265380859375,8.087158203125,-104.949951171875
0.1674999,3.2848446369171143,0.7745242714881897,8.665214538574219,-3.265380859375,8.087158203125,-104.949951171875
0.1724999,3.2207999229431152,0.9870096445083618,8.163629531860352,-25.0244140625,11.77978515625,-127.655029296875
0.17749990000000002,3.2339680194854736,1.3467384576797485,7.468712329864502,-52.520751953125,19.439697265625,-149.444580078125
0.1824999,3.310582399368286,1.8171991109848022,6.733093738555908,-87.82958984375,26.153564453125,-172.637939453125
0.1874999,3.4410665035247803,2.4600422382354736,6.2165446281433105,-127.50244140625,36.4990234375,-193.084716796875
0.1924999,3.4524388313293457,2.8443117141723633,7.13891077041626,-148.62060546875,83.160400390625,-196.746826171875
0.1974999,2.47560453414917,2.057217836380005,9.1662015914917,-74.89013671875,171.38671875,-157.40966796875
0.2024999,1.1965023279190063,-0.055665191262960434,11.440692901611328,35.70556640625,128.96728515625,-82.244873046875
0.20749990000000001,-0.8236053586006165,-1.8632874488830566,12.29362678527832,-11.16943359375,51.605224609375,4.638671875
0.2124999,-2.8808231353759766,-3.5057098865509033,11.578957557678223,-42.877197265625,27.34375,78.033447265625
0.2174999,-3.110666513442993,-0.7416039705276489,11.511322021484375,14.70947265625,-75.347900390625,83.099365234375
0.2224999,-0.8601169586181641,-0.8098387122154236,12.83711051940918,31.1279296875,-65.5517578125,84.075927734375
0.2274999,1.127070426940918,-0.7721300721168518,12.972383499145508,34.210205078125,-55.328369140625,94.573974609375
0.2324999,2.540247917175293,-0.7170634269714355,11.962628364562988,37.078857421875,-41.93115234375,91.9189453125
0.2374999,3.4578258991241455,-0.7236474752426147,10.54406452178955,31.341552734375,-22.430419921875,83.709716796875
0.2424999,4.001908302307129,-0.7649474143981934,9.30686092376709,25.5126953125,1.861572265625,69.82421875
0.2474999,4.332307815551758,-0.8026561141014099,8.627506256103516,23.345947265625,10.1318359375,52.520751953125
0.2524999,2.654571056365967,0.29628247022628784,9.452308654785156,-7.904052734375,36.07177734375,-32.53173828125
0.2574999,2.340930700302124,-0.026336219161748886,9.396044731140137,-9.033203125,45.34912109375,-35.09521484375
0.2624999,2.1733365058898926,-0.21966800093650818,9.363123893737793,-10.43701171875,52.337646484375,-40.4052734375
0.2674999,2.139817714691162,-0.1711854189634323,9.371503829956055,-13.85498046875,56.70166015625,-52.001953125
0.2724999,2.186504602432251,0.041299980133771896,9.449316024780273,-20.32470703125,59.112548828125,-65.399169921875
0.2774999,2.2020668983459473,0.3250128924846649,9.627084732055664,-24.71923828125,67.962646484375,-73.577880859375
0.2824999,2.077568531036377,0.395043283700943,10.008959770202637,-18.9208984375,79.925537109375,-74.127197265625
0.28749990000000003,-3.336320161819458,-1.1300631761550903,9.761758804321289,-23.101806640625,0.54931640625,-9.765625
0.2924999,-4.719570159912109,-1.1534066200256348,8.973467826843262,-15.7470703125,-37.53662109375,48.828125
0.2974999,-5.798158168792725,-1.3455413579940796,8.281543731689453,0.42724609375,-76.324462890625,66.83349609375
0.3024999,-6.418854713439941,-1.106719732284546,8.343792915344238,-21.942138671875,-97.35107421875,50.47607421875
0.3074999,-6.159682273864746,-0.5518634915351868,9.156025886535645,-24.169921875,-112.3046875,48.614501953125
0.3124999,-4.862623691558838,-0.1364694982767105,10.225635528564453,-5.79833984375,-110.9619140625,54.229736328125
0.3174999,-2.9023709297180176,0.09816227108240128,11.176732063293457,5.035400390625,-106.658935546875,61.248779296875
0.3224999,4.194641590118408,-1.9734207391738892,9.52353572845459,30.3955078125,-22.5830078125,77.239990234375
0.3274999,4.580107688903809,-2.0865468978881836,9.181164741516113,27.52685546875,-8.544921875,72.509765625
0.3324999,4.540005207061768,-1.9255367517471313,9.182361602783203,30.45654296875,0.06103515625,59.99755859375
0.3374999,4.246116638183594,-1.4760253429412842,9.287108421325684,30.609130859375,10.406494140625,47.05810546875
0.3424999,3.870227098464966,-1.0732009410858154,9.43135929107666,29.35791015625,13.763427734375,33.3251953125
0.34749990000000003,3.550601005554199,-0.6338648796081543,9.613917350769043,30.1513671875,17.303466796875,17.547607421875
0.35249990000000003,3.2854433059692383,-0.1693897694349289,9.642048835754395,26.153564453125,20.599365234375,-0.762939453125
0.3574999,3.073556423187256,0.1951274424791336,9.66419506072998,17.730712890625,14.312744140625,-21.270751953125
0.3624999,2.9161376953125,0.5476736426353455,9.501389503479004,9.979248046875,12.26806640625,-39.85595703125
0.3674999,2.7970261573791504,0.7457938194274902,9.231443405151367,0,16.571044921875,-54.5654296875
0.3724999,2.742558002471924,0.7499836683273315,8.87410831451416,-10.68115234375,21.78955078125,-69.091796875
0.3774999,2.7760767936706543,0.7643488645553589,8.49402904510498,-24.383544921875,26.519775390625,-85.14404296875
0.3824999,3.0544028282165527,0.8619126081466675,7.93019437789917,-57.403564453125,43.609619140625,-120.452880859375
0.3874999,3.292625904083252,1.0301052331924438,8.14028549194336,-67.07763671875,71.59423828125,-131.011962890625
0.3924999,3.375225782394409,1.0307037830352783,9.024943351745605,-56.15234375,125.54931640625,-126.953125
0.3974999,2.9514522552490234,0.6991068720817566,10.760141372680664,-11.16943359375,157.073974609375,-110.198974609375
0.4024999,1.9806033372879028,0.0933738648891449,12.389395713806152,30.609130859375,108.642578125,-90.118408203125
0.4074999,0.42437225580215454,-0.4620809257030487,13.28183364868164,10.43701171875,66.680908203125,-71.10595703125
0.41249990000000003,-1.5263035297393799,-0.9780313968658447,12.894572257995605,-24.871826171875,57.647705078125,-45.5322265625
0.41749990000000003,-3.441664934158325,-1.5328876972198486,11.322778701782227,-39.703369140625,25.177001953125,-2.0751953125
0.4224999,-5.253477096557617,-1.866280198097229,9.290101051330566,-21.484375,-34.393310546875,62.042236328125
0.4274999,-6.610390663146973,-2.3529016971588135,7.554903507232666,-15.106201171875,-86.029052734375,90.4541015625
0.4324999,-7.437587738037109,-2.494758129119873,6.495469093322754,-26.06201171875,-124.6337890625,96.771240234375
0.4374999,-7.430405139923096,-2.09672212600708,6.721122741699219,1.861572265625,-143.98193359375,98.20556640625
0.4424999,-2.6647465229034424,-0.5081692934036255,12.049418449401855,11.71875,-89.263916015625,94.29931640625
0.4474999,-0.42018240690231323,-0.4967968463897705,12.588712692260742,27.008056640625,-86.273193359375,103.271484375
0.4524999,1.469441294670105,-0.6494272351264954,11.847108840942383,40.22216796875,-67.962646484375,108.642578125
0.4574999,2.866457939147949,-1.0295066833496094,10.719439506530762,35.491943359375,-42.236328125,109.619140625
0.4624999,3.7648820877075195,-1.3623007535934448,9.824606895446777,37.811279296875,-13.916015625,103.607177734375
0.4674999,4.331709384918213,-1.6047136783599854,9.351153373718262,48.583984375,7.568359375,100.5859375
0.47249990000000003,4.53761100769043,-1.6340426206588745,9.079411506652832,47.943115234375,9.674072265625,92.71240234375
0.47749990000000003,4.55616569519043,-1.403002142906189,9.208099365234375,41.168212890625,6.89697265625,70.404052734375
0.4824999,4.460397720336914,-0.9481038451194763,9.520543098449707,44.647216796875,4.669189453125,46.539306640625
0.4874999,4.258686065673828,-0.4794389009475708,9.828198432922363,45.59326171875,3.326416015625,24.505615234375
0.4924999,4.0078935623168945,-0.07122749835252762,9.9772367477417,41.68701171875,-1.40380859375,0.18310546875
0.4974999,3.752312660217285,0.15023615956306458,9.840168952941895,32.867431640625,-3.997802734375,-27.374267578125
0.5024999,3.4638113975524902,0.18375498056411743,9.451709747314453,20.782470703125,-2.86865234375,-54.13818359375
0.5074999,3.207033157348633,0.11312603205442429,9.008183479309082,11.322021484375,-0.823974609375,-70.25146484375
0.5124999,3.0394389629364014,0.09576806426048279,8.519766807556152,2.288818359375,8.209228515625,-81.23779296875
0.5174999,2.9484593868255615,0.21787235140800476,8.200140953063965,-10.7421875,13.97705078125,-98.08349609375
0.5224999,3.04602313041687,0.6476315855979919,7.7883381843566895,-31.1279296875,17.730712890625,-118.194580078125
0.5274999,3.2537200450897217,1.3563152551651,7.31967306137085,-65.093994140625,23.25439453125,-147.430419921875
0.5324999,3.5206735134124756,2.2475569248199463,6.7031660079956055,-105.010986328125,29.327392578125,-172.515869140625
0.5374999,3.77565598487854,3.1513679027557373,6.293159008026123,-145.538330078125,45.7763671875,-186.8896484375
0.5424999,3.861248731613159,3.4171242713928223,7.326855659484863,-169.3115234375,114.3798828125,-186.370849609375
0.5474999,2.983773946762085,2.4869771003723145,9.391256332397461,-103.8818359375,274.749755859375,-169.37255859375
0.5524999,1.592742681503296,0.6200982332229614,12.041637420654297,38.14697265625,186.737060546875,-121.368408203125
0.5574999,-4.260481834411621,-3.1268274784088135,10.380660057067871,-49.1943359375,47.607421875,20.1416015625
0.5624999,-5.626972675323486,-3.1471781730651855,7.880515098571777,-45.0439453125,-17.2119140625,55.96923828125
0.5674999000000001,-6.6391215324401855,-2.895188331604004,6.044162273406982,-30.029296875,-109.31396484375,85.693359375
0.5724999000000001,-7.140706539154053,-2.8610711097717285,5.295375823974609,-2.44140625,-145.263671875,102.813720703125
0.5774999000000001,-6.868366241455078,-2.832340717315674,5.480327606201172,47.8515625,-151.336669921875,108.09326171875
0.5824999,-5.744288444519043,-2.7252001762390137,7.082048416137695,98.44970703125,-133.636474609375,113.83056640625
0.5874999,-3.955221176147461,-2.3086090087890625,9.475651741027832,77.972412109375,-82.183837890625,122.100830078125
0.5924999,-1.9255367517471313,-1.7603367567062378,11.490970611572266,13.641357421875,-45.135498046875,125.152587890625
0.5974999,-0.010175357572734356,-1.058835744857788,12.92449951171875,29.47998046875,-57.80029296875,117.67578125
0.6024999,1.5604209899902344,-0.4387374520301819,12.665327072143555,52.886962890625,-56.45751953125,112.060546875
0.6074999,2.672527551651001,-0.10833762586116791,11.44907283782959,41.290283203125,-33.721923828125,111.053466796875
0.6124999,3.8804023265838623,-0.06404489278793335,9.37748908996582,26.30615234375,-5.859375,-4.82177734375
0.6174999,3.797802448272705,0.16160862147808075,9.26915168762207,16.2353515625,-4.302978515625,-30.029296875
0.6224999,3.7038300037384033,0.34177228808403015,8.923788070678711,0.518798828125,-0.335693359375,-54.87060546875
0.6274999,3.560776472091675,0.30885201692581177,8.5903959274292,-13.336181640625,3.60107421875,-72.93701171875
0.6324999,3.3931822776794434,0.3387795388698578,8.307281494140625,-18.890380859375,14.801025390625,-81.1767578125
0.6374999,3.3931822776794434,0.3387795388698578,8.307281494140625,-18.890380859375,14.801025390625,-81.1767578125
0.6424999,3.268085241317749,0.304063618183136,8.011597633361816,-28.3203125,27.984619140625,-88.80615234375
0.6474999,3.309983968734741,1.2970588207244873,7.360973358154297,-89.05029296875,36.7431640625,-142.2119140625
0.6524999,3.5266590118408203,2.145204782485962,7.113771915435791,-122.650146484375,53.131103515625,-161.865234375
0.6574999,3.75829815864563,2.76350736618042,7.920617580413818,-132.904052734375,114.1357421875,-159.66796875
0.6624999,3.0406360626220703,2.2403743267059326,9.77672290802002,-80.74951171875,236.38916015625,-133.85009765625
0.6674999,1.7962498664855957,0.8265981078147888,12.162544250488281,7.62939453125,173.583984375,-117.3095703125
0.6724999,-0.17058686912059784,-0.9361328482627869,13.366230010986328,40.374755859375,49.86572265625,-64.483642578125
0.6774999,-2.3349452018737793,-2.65097975730896,12.748525619506836,-3.509521484375,37.04833984375,-26.885986328125
0.6824999,-4.125209331512451,-3.4141316413879395,10.36449909210205,-32.04345703125,37.933349609375,5.67626953125
0.6874999,-5.520430564880371,-3.5721490383148193,7.757812023162842,-12.3291015625,-13.702392578125,45.654296875
0.6924999000000001,-6.593631267547607,-3.4117374420166016,5.993884086608887,1.312255859375,-96.588134765625,70.80078125
0.6974999000000001,-7.186794757843018,-3.074753522872925,5.719149112701416,-1.007080078125,-136.04736328125,83.49609375
0.7024999000000001,-6.92881965637207,-2.6641478538513184,6.9258270263671875,33.294677734375,-125.213623046875,74.615478515625
0.7074999,-3.5416228771209717,-1.2114660739898682,11.39161205291748,19.561767578125,-94.635009765625,55.816650390625
0.7124999,-1.0528502464294434,-0.579995334148407,12.879009246826172,15.411376953125,-94.573974609375,65.460205078125
0.7174999,1.2324153184890747,-0.08200141042470932,13.040617942810059,35.064697265625,-70.73974609375,76.873779296875
0.7224999,2.83174204826355,0.10833762586116791,12.1008939743042,41.6259765625,-45.501708984375,84.136962890625
0.7274999,3.8331170082092285,0.0975637212395668,10.760141372680664,39.794921875,-24.2919921875,90.63720703125
0.7324999,4.281431198120117,-0.19572599232196808,9.509769439697266,34.423828125,-2.288818359375,81.512451171875
0.7374999,4.4041337966918945,-0.6350619792938232,8.834604263305664,32.2265625,7.38525390625,62.164306640625
0.7424999,4.2730512619018555,-0.751779317855835,8.625710487365723,39.1845703125,14.34326171875,59.600830078125
0.7474999,3.971980571746826,-0.7637503147125244,8.69095230102539,31.55517578125,21.66748046875,53.741455078125
0.7524999,3.597288131713867,-0.3423708379268646,9.285911560058594,32.28759765625,18.157958984375,36.31591796875
0.7574999,3.161543369293213,0.14006079733371735,9.448118209838867,28.076171875,14.862060546875,21.575927734375
0.7624999,2.84790301322937,0.3363853394985199,9.52473258972168,17.76123046875,12.664794921875,0.54931640625
0.7674999,2.522890090942383,0.14844051003456116,9.050681114196777,-4.913330078125,6.988525390625,-48.33984375
0.7724999,2.5061306953430176,0.03172317147254944,8.797493934631348,-13.092041015625,9.002685546875,-61.920166015625
0.7774999,2.581547975540161,0.11192893236875534,8.558672904968262,-23.01025390625,14.617919921875,-75.62255859375
0.7824999,2.7467479705810547,0.46627077460289,8.254609107971191,-42.1142578125,17.63916015625,-98.14453125
0.7874999,3.0352492332458496,1.0241197347640991,7.8763251304626465,-69.915771484375,20.93505859375,-127.716064453125
0.7924999,3.4099416732788086,1.7166426181793213,7.625532627105713,-97.442626953125,38.87939453125,-149.35302734375
0.7974999,3.780444383621216,2.298433542251587,8.269572257995605,-107.2998046875,94.268798828125,-151.031494140625
0.8024999,3.378218650817871,1.9303251504898071,9.936535835266113,-71.197509765625,194.580078125,-129.8828125
0.8074999,2.383427858352661,0.8331822156906128,12.127828598022461,5.828857421875,161.163330078125,-114.31884765625
0.8124999,0.6512228846549988,-0.5237316489219666,13.39436149597168,32.89794921875,61.614990234375,-76.141357421875
0.8174999000000001,-1.4712369441986084,-1.79146146774292,13.210606575012207,-6.439208984375,44.189453125,-39.24560546875
0.8224999000000001,-3.514089584350586,-2.603694438934326,11.443086624145508,-39.85595703125,40.283203125,-3.387451171875
0.8274999000000001,-6.522404193878174,-2.932298421859741,7.1676411628723145,-17.608642578125,-92.620849609375,79.77294921875
0.8324999000000001,-6.522404193878174,-2.932298421859741,7.1676411628723145,-17.608642578125,-92.620849609375,79.77294921875
0.8374999,-7.250839710235596,-2.955641984939575,6.223128795623779,-12.725830078125,-136.53564453125,89.9658203125
0.8424999,-7.041945934295654,-2.6198551654815674,6.446388244628906,28.350830078125,-141.54052734375,89.447021484375
0.8474999,-5.8203043937683105,-2.2637176513671875,8.179790496826172,64.056396484375,-107.177734375,80.291748046875
0.8524999,-3.8576574325561523,-1.7513585090637207,10.407594680786133,37.78076171875,-89.813232421875,74.27978515625
0.8574999,-1.4676456451416016,-1.3323732614517212,12.307394027709961,12.63427734375,-89.7216796875,77.69775390625
0.8624999,0.7631517648696899,-0.8924387097358704,13.00051498413086,35.5224609375,-72.723388671875,84.41162109375
0.8674999,2.456450939178467,-0.5524620413780212,12.352883338928223,49.74365234375,-46.539306640625,92.28515625
0.8724999,3.5679590702056885,-0.34596213698387146,11.16236686706543,48.492431640625,-24.017333984375,104.248046875
0.8774999,4.19224739074707,-0.41120412945747375,9.967061996459961,42.29736328125,-4.150390625,96.25244140625
0.8824999,4.459200859069824,-0.4728548228740692,9.383475303649902,45.2880859375,9.613037109375,79.925537109375
0.8874999,4.444236755371094,-0.46567222476005554,9.14345645904541,55.11474609375,12.298583984375,77.484130859375
0.8924999,3.7487213611602783,-0.2908954918384552,9.516353607177734,47.9736328125,9.58251953125,44.097900390625
0.8974999,3.265092611312866,-0.166995570063591,9.572616577148438,44.61669921875,9.58251953125,24.71923828125
0.9024999,2.9227216243743896,-0.14365209639072418,9.477447509765625,35.5224609375,4.8828125,1.5869140625
0.9074999,2.783858060836792,-0.04967968538403511,9.213486671447754,21.42333984375,-0.18310546875,-26.702880859375
0.9124999,2.8401217460632324,0.228047713637352,8.872312545776367,6.378173828125,-2.3193359375,-54.290771484375
0.9174999,3.025672435760498,0.6673837304115295,8.440757751464844,-11.688232421875,-2.655029296875,-79.7119140625
0.9224999,3.2549171447753906,1.0923545360565186,7.936180114746094,-34.332275390625,0.152587890625,-103.69873046875
0.9274999,3.404554843902588,1.3754688501358032,7.484873294830322,-57.80029296875,7.2021484375,-125.885009765625
0.9324999,3.5440170764923096,1.6011223793029785,7.043142795562744,-79.132080078125,16.571044921875,-140.472412109375
0.9374999,3.620631456375122,1.8225860595703125,6.694188117980957,-110.16845703125,32.89794921875,-158.14208984375
0.9424999000000001,3.8097734451293945,2.07397723197937,6.998850345611572,-138.763427734375,63.201904296875,-173.858642578125
0.9474999000000001,-0.016160860657691956,-1.5041571855545044,13.854047775268555,31.67724609375,47.66845703125,-46.56982421875
0.9524999000000001,-2.167351007461548,-2.3936030864715576,12.533645629882812,-24.078369140625,49.957275390625,-17.51708984375
0.9574999000000001,-4.137180328369141,-2.669534921646118,10.20767879486084,-47.18017578125,34.332275390625,19.287109375
0.9624999,-5.817910194396973,-2.718017578125,7.923610687255859,-24.96337890625,-38.14697265625,68.115234375
0.9674999,-7.1041951179504395,-2.7982232570648193,6.439205646514893,-21.697998046875,-114.07470703125,95.123291015625
0.9724999,-7.715314865112305,-2.8844144344329834,5.86040735244751,-6.591796875,-145.050048828125,102.783203125
0.9774999,-7.371148586273193,-2.8197710514068604,6.276998519897461,35.736083984375,-146.240234375,103.57666015625
0.9824999,-6.010045051574707,-2.6150667667388916,8.130708694458008,79.28466796875,-115.142822265625,98.602294921875
0.9874999,-3.951031446456909,-2.168548107147217,10.448894500732422,51.7578125,-79.345703125,93.963623046875
0.9924999,-1.6089035272598267,-1.6202759742736816,12.321160316467285,15.350341796875,-71.2890625,96.405029296875
0.9974999,2.2601263523101807,-0.42616790533065796,12.531251907348633,47.8515625,-54.962158203125,97.503662109375
1.0024999,3.4572272300720215,-0.06464344263076782,11.286267280578613,44.37255859375,-33.111572265625,107.879638671875
1.0074999000000002,4.113238334655762,-0.08978256583213806,10.257957458496094,41.8701171875,-14.923095703125,93.994140625
1.0124999000000001,4.425083160400391,-0.2041056901216507,9.512163162231445,46.875,3.265380859375,81.939697265625
1.0174999000000002,4.437653064727783,-0.40521863102912903,9.167996406555176,53.466796875,13.763427734375,84.41162109375
1.0224999000000001,4.219780445098877,-0.5003881454467773,9.132083892822266,53.40576171875,16.4794921875,78.277587890625
1.0274999,3.8804023265838623,-0.4357447028160095,9.299677848815918,49.86572265625,13.24462890625,59.326171875
1.0324999000000001,3.5051112174987793,-0.3100491166114807,9.39245319366455,43.670654296875,8.575439453125,32.40966796875
1.0374999,3.20404052734375,-0.14484919607639313,9.34157657623291,33.02001953125,3.0517578125,3.60107421875
1.0424999000000001,4.134786128997803,2.603694438934326,7.19936466217041,-145.904541015625,69.366455078125,-177.764892578125
1.0474999,4.0084919929504395,2.208651065826416,8.964489936828613,-119.62890625,191.22314453125,-163.39111328125
1.0524999000000002,3.0771477222442627,0.8140285611152649,11.647790908813477,-24.84130859375,271.91162109375,-146.820068359375
1.0574999,1.668160080909729,-0.7990648150444031,13.687052726745605,52.001953125,112.579345703125,-122.49755859375
1.0624999000000002,-0.3776853084564209,-2.2864625453948975,14.215572357177734,30.364990234375,50.96435546875,-71.47216796875
1.0674999,-2.431910276412964,-3.1914708614349365,12.6150484085083,-24.23095703125,60.60791015625,-36.407470703125
1.0724999000000002,-4.26706600189209,-3.2776620388031006,10.173561096191406,-33.233642578125,40.130615234375,11.932373046875
1.0774999,-5.847837448120117,-3.338115692138672,7.800309181213379,-10.101318359375,-36.651611328125,65.24658203125
1.0824999000000002,-7.078457355499268,-3.138798475265503,6.30094051361084,-16.357421875,-108.917236328125,86.761474609375
1.0874999,-7.3867106437683105,-2.495955228805542,6.189610004425049,25.054931640625,-149.84130859375,95.428466796875
1.0924999000000002,-6.05852746963501,-1.9835960865020752,8.196549415588379,65.948486328125,-118.83544921875,91.583251953125
1.0974999,-4.081515312194824,-1.3617022037506104,10.555437088012695,44.036865234375,-84.16748046875,90.850830078125
1.1024999000000002,-1.7723077535629272,-0.8122329115867615,12.500725746154785,14.923095703125,-87.46337890625,94.635009765625
1.1074999,0.46507367491722107,-0.33039984107017517,13.133992195129395,39.9169921875,-80.38330078125,98.57177734375
1.1124999000000002,2.1529858112335205,-0.1149216815829277,12.26010799407959,45.5322265625,-58.4716796875,103.424072265625
1.1174999,3.405751943588257,-0.07900865375995636,11.08635139465332,42.816162109375,-39.6728515625,108.09326171875
1.1224999000000002,4.149750232696533,-0.32441434264183044,9.895833969116211,43.304443359375,-13.153076171875,99.2431640625
1.1274999,4.4759602546691895,-0.578798234462738,9.126696586608887,40.8935546875,17.88330078125,83.49609375
1.1324999000000002,4.54419469833374,-0.7422025203704834,8.786121368408203,47.271728515625,21.6064453125,81.573486328125
1.1374999000000001,4.351461410522461,-0.7433996200561523,8.794501304626465,47.54638671875,19.95849609375,83.038330078125
1.1424999000000002,4.034828186035156,-0.4950011968612671,9.099761962890625,43.914794921875,20.111083984375,68.29833984375
1.1474999000000001,3.3177649974823,0.1041477769613266,9.615114212036133,33.8134765625,10.43701171875,15.899658203125
1.1524999000000002,3.0609867572784424,0.22206220030784607,9.45410442352295,20.751953125,5.523681640625,-11.566162109375
1.1574999000000001,2.9490580558776855,0.3363853394985199,9.060855865478516,5.0048828125,0.3662109375,-40.374755859375
1.1624999,2.9730000495910645,0.45489832758903503,8.577227592468262,-12.481689453125,-0.579833984375,-67.657470703125
1.1674999000000001,3.095702886581421,0.7308300733566284,8.088212013244629,-31.3720703125,1.739501953125,-92.376708984375
1.1724999,3.250128746032715,1.006163239479065,7.685986042022705,-52.79541015625,6.591796875,-114.80712890625
1.1774999000000002,3.425503969192505,1.4095861911773682,7.353790283203125,-74.5849609375,13.0615234375,-133.575439453125
1.1824999,3.5859155654907227,1.824381709098816,7.103596210479736,-102.1728515625,26.397705078125,-153.656005859375
1.1874999000000002,3.7930140495300293,2.2870612144470215,7.336432456970215,-124.969482421875,52.520751953125,-167.510986328125
1.1924999,3.954622745513916,2.319981336593628,8.687959671020508,-118.255615234375,127.685546875,-161.4990234375
1.1974999000000002,3.177704095840454,1.326986312866211,10.950480461120605,-46.7529296875,230.224609375,-132.8125
1.2024999,-6.402693748474121,-1.7980455160140991,8.099584579467773,40.557861328125,-124.603271484375,79.04052734375
1.2074999000000002,-4.541202068328857,-1.1689690351486206,10.46086597442627,28.167724609375,-92.681884765625,78.0029296875
1.2124999,-2.205658197402954,-0.7038952708244324,12.521675109863281,14.739990234375,-96.343994140625,85.662841796875
1.2174999000000002,0.17477671802043915,-0.3734954595565796,13.260884284973145,38.055419921875,-83.831787109375,96.74072265625
1.2224999,2.077568531036377,-0.34416648745536804,12.419322967529297,47.210693359375,-53.436279296875,102.35595703125
1.2274999000000002,3.397970676422119,-0.4381389021873474,11.131840705871582,42.3583984375,-29.571533203125,105.40771484375
1.2324999,4.23773717880249,-0.5859808921813965,9.923966407775879,43.304443359375,-11.871337890625,106.231689453125
1.2374999000000002,4.6273932456970215,-0.7583633661270142,9.045293807983398,40.4052734375,14.007568359375,92.498779296875
1.2424999,4.730343818664551,-0.8044517636299133,8.784924507141113,43.45703125,24.322509765625,79.803466796875
1.2474999000000002,4.5394062995910645,-0.7326257228851318,8.876502990722656,46.875,20.904541015625,77.972412109375
1.2524999,4.162319660186768,-0.5285200476646423,9.210494041442871,46.478271484375,22.216796875,64.0869140625
1.2574999000000002,3.665522813796997,-0.25677812099456787,9.651026725769043,43.914794921875,16.6015625,38.482666015625
1.2624999000000001,3.18249249458313,-0.002394201699644327,9.753378868103027,35.58349609375,9.033203125,10.467529296875
1.2674999000000002,2.8365304470062256,0.13048399984836578,9.572616577148438,22.88818359375,3.204345703125,-17.51708984375
1.2724999000000001,2.674921751022339,0.24779987335205078,9.177573204040527,8.056640625,-1.373291015625,-44.464111328125
1.2774999000000002,2.7012581825256348,0.3944447338581085,8.680776596069336,-7.8125,-1.861572265625,-68.7255859375
1.2824999000000001,2.825756549835205,0.5710170865058899,8.237849235534668,-24.71923828125,0.48828125,-90.362548828125
1.2874999,3.28963303565979,1.4586673974990845,7.436390399932861,-82.427978515625,24.078369140625,-142.364501953125
1.2924999000000001,3.488950490951538,1.9063831567764282,7.27418327331543,-108.551025390625,37.90283203125,-160.64453125
1.2974999,3.77565598487854,2.319382905960083,7.940370082855225,-124.969482421875,73.18115234375,-165.924072265625
1.3024999000000002,3.5482068061828613,1.9925743341445923,9.621099472045898,-93.56689453125,176.055908203125,-145.263671875
1.3074999,2.5797524452209473,0.6224924325942993,12.047024726867676,2.960205078125,195.343017578125,-117.340087890625
1.3124999000000002,1.1629834175109863,-0.8182184100151062,13.506290435791016,35.94970703125,87.493896484375,-96.19140625
1.3174999,-0.8786720037460327,-2.251746654510498,13.5685396194458,8.72802734375,57.586669921875,-53.070068359375
1.3224999000000002,-2.7922377586364746,-3.0406360626220703,11.648988723754883,-24.90234375,55.0537109375,-23.74267578125
1.3274999,-4.549582004547119,-3.2333693504333496,9.201516151428223,-22.369384765625,19.012451171875,25.054931640625
1.3324999000000002,-6.011840343475342,-3.291428804397583,7.088632583618164,-5.4931640625,-58.197021484375,74.493408203125
1.3374999,-7.111976146697998,-3.250128746032715,5.8837504386901855,-11.566162109375,-114.288330078125,89.141845703125
1.3424999000000002,-7.016806602478027,-2.141014814376831,7.143100738525391,36.92626953125,-136.383056640625,84.3505859375
1.3474999,-5.512050628662109,-1.2246341705322266,9.382277488708496,41.473388671875,-96.405029296875,79.498291015625
1.3524999000000002,-3.4374752044677734,-0.5422866940498352,11.693880081176758,14.7705078125,-89.90478515625,84.8388671875
1.3574999,-1.0660183429718018,-0.0999579206109047,13.100473403930664,24.23095703125,-93.994140625,94.879150390625
1.3624999000000002,1.082777738571167,0.0011971008498221636,12.934674263000488,43.9453125,-69.488525390625,101.01318359375
1.3674999,2.6629507541656494,-0.18614917993545532,11.657367706298828,41.19873046875,-42.694091796875,103.240966796875
1.3724999000000002,3.7451300621032715,-0.4596867263317108,10.407594680786133,38.6962890625,-22.216796875,104.095458984375
1.3774999,4.40353536605835,-0.7326257228851318,9.361329078674316,42.66357421875,3.570556640625,104.522705078125
1.3824999000000002,4.66330623626709,-0.8906430602073669,8.815450668334961,41.046142578125,17.791748046875,91.461181640625
1.3874999000000001,4.657320976257324,-0.9056068062782288,8.774748802185059,38.970947265625,15.07568359375,75.5615234375
1.3924999000000002,4.444236755371094,-0.7852981686592102,9.031527519226074,42.877197265625,17.059326171875,65.338134765625
1.3974999000000001,4.049193859100342,-0.5506663918495178,9.428964614868164,43.975830078125,17.425537109375,46.93603515625
1.4024999000000002,2.8425159454345703,0.22385786473751068,8.978256225585938,1.251220703125,0.6103515625,-58.349609375
1.4074999000000001,2.7880477905273438,0.3076549172401428,8.595782279968262,-11.993408203125,2.960205078125,-76.141357421875
1.4124999,2.84790301322937,0.46986207365989685,8.225878715515137,-21.54541015625,11.3525390625,-87.738037109375
1.4174999000000001,2.9305028915405273,0.761954665184021,7.9625163078308105,-39.947509765625,17.059326171875,-107.513427734375
1.4224999,3.096301317214966,1.2473790645599365,7.712322235107422,-63.78173828125,18.12744140625,-131.40869140625
1.4274999000000002,3.3231520652770996,1.9865888357162476,7.347805023193359,-91.36962890625,27.099609375,-151.153564453125
1.4324999,3.555389642715454,2.4672248363494873,7.259219646453857,-118.743896484375,45.379638671875,-163.818359375
1.4374999000000002,3.773261785507202,2.646191358566284,8.264185905456543,-122.61962890625,101.959228515625,-160.308837890625
1.4424999,2.094926595687866,-0.10534487664699554,12.571952819824219,30.975341796875,155.517578125,-115.29541015625
1.4474999000000002,-1.523909330368042,-2.847304344177246,13.0729398727417,-4.638671875,59.63134765625,-45.074462890625
1.4524999,-3.3039982318878174,-3.290830135345459,10.879252433776855,-28.656005859375,50.72021484375,-10.68115234375
1.4574999000000002,-4.93385124206543,-3.2585084438323975,8.507197380065918,-13.763427734375,-2.99072265625,46.295166015625
1.4624999,-6.299144744873047,-3.132812976837158,6.716932773590088,-7.50732421875,-80.596923828125,83.831787109375
1.4674999000000002,-7.264008045196533,-3.026869535446167,5.786187171936035,-13.092041015625,-124.1455078125,91.30859375
1.4724999,-7.475894927978516,-2.4827871322631836,6.092644691467285,12.237548828125,-142.547607421875,89.141845703125
1.4774999000000002,-6.678027153015137,-1.7304092645645142,7.813477039337158,43.0908203125,-124.755859375,80.13916015625
1.4824999,-4.999093055725098,-0.9367313981056213,10.112509727478027,31.3720703125,-89.447021484375,77.69775390625
1.4874999000000002,-2.846107244491577,-0.33937808871269226,12.301408767700195,13.458251953125,-97.5341796875,88.836669921875
1.4924999,-0.5656301379203796,0.030526071786880493,13.259687423706055,34.271240234375,-89.9658203125,104.217529296875
1.4974999000000002,1.3311761617660522,0.05386953800916672,12.618041038513184,48.187255859375,-58.53271484375,114.349365234375
1.5024999,2.6803088188171387,-0.22505496442317963,11.299434661865234,42.999267578125,-36.31591796875,119.2626953125
1.5074999000000002,4.229955673217773,-0.9624691009521484,9.142857551574707,46.173095703125,10.284423828125,111.907958984375
1.5124999000000001,4.502296447753906,-1.1629834175109863,8.712499618530273,43.3349609375,16.05224609375,100.09765625
1.5174999000000002,4.562749862670898,-1.146224021911621,8.770559310913086,37.750244140625,14.495849609375,79.16259765625
1.5224999000000001,4.401739597320557,-0.9487023949623108,9.122507095336914,41.259765625,10.955810546875,61.370849609375
1.5274999000000002,4.077325344085693,-0.6470330357551575,9.487024307250977,40.191650390625,8.453369140625,38.51318359375
1.5324999000000001,3.729567766189575,-0.30705636739730835,9.78869342803955,34.85107421875,0.6103515625,8.544921875
1.5374999000000003,3.4332852363586426,0.011372458189725876,9.774328231811523,25.81787109375,-4.7607421875,-20.599365234375
1.5424999000000001,3.2333693504333496,0.32381579279899597,9.464279174804688,12.939453125,-5.035400390625,-46.0205078125
1.5474999,3.064578056335449,0.27892449498176575,9.059659004211426,0.48828125,-2.44140625,-65.73486328125
1.5524999000000002,2.943072557449341,0.3280056416988373,8.71609115600586,-5.615234375,5.279541015625,-73.91357421875
1.5574999,2.8856115341186523,0.3058592677116394,8.415618896484375,-11.383056640625,18.37158203125,-80.56640625
1.5624999000000002,2.889202833175659,0.5267243981361389,8.200140953063965,-29.022216796875,22.0947265625,-100.799560546875
1.5674999,3.2094273567199707,1.7298107147216797,7.4537482261657715,-83.06884765625,25.482177734375,-148.8037109375
1.5724999000000002,3.380014181137085,2.4666264057159424,7.043142795562744,-114.74609375,37.078857421875,-164.85595703125
1.5774999,3.602076530456543,2.844910144805908,7.432799339294434,-136.77978515625,70.556640625,-170.10498046875
1.5824999000000002,3.2758665084838867,2.4013843536376953,9.042301177978516,-103.973388671875,173.64501953125,-149.993896484375
1.5874999,2.272696018218994,0.7170634269714355,11.473014831542969,2.50244140625,203.521728515625,-125.396728515625
1.5924999000000002,0.861314058303833,-0.9858125448226929,13.08910083770752,42.724609375,88.958740234375,-93.32275390625
1.5974999,-1.0552444458007812,-2.7126305103302,13.155539512634277,11.260986328125,53.64990234375,-47.05810546875
1.6024999000000002,-2.82515811920166,-3.5703532695770264,11.339537620544434,-32.470703125,51.26953125,-13.519287109375
1.6074999,-4.448426723480225,-3.7283706665039062,8.774748802185059,-17.88330078125,17.4560546875,39.093017578125
1.6124999000000002,-5.8215012550354,-3.6822822093963623,6.815094947814941,6.89697265625,-56.121826171875,77.484130859375
1.6174999,-6.964134216308594,-3.5284547805786133,5.738901615142822,-8.9111328125,-112.762451171875,86.456298828125
1.6224999000000002,-3.5224692821502686,0.17956513166427612,12.065579414367676,8.97216796875,-97.0458984375,82.427978515625
1.6274999,-1.1737574338912964,0.6314706802368164,13.210007667541504,24.139404296875,-99.91455078125,96.038818359375
1.6324999000000002,0.900818407535553,0.5303156971931458,12.743138313293457,39.764404296875,-69.976806640625,104.736328125
1.6374999000000001,2.4654293060302734,0.08379705995321274,11.440692901611328,38.543701171875,-43.27392578125,108.5205078125
1.6424999000000002,3.602076530456543,-0.5165489912033081,10.067618370056152,35.888671875,-17.76123046875,104.79736328125
1.6474999000000001,4.352060317993164,-0.9756371974945068,9.14585018157959,36.163330078125,3.387451171875,94.940185546875
1.6524999000000002,4.725555419921875,-1.227626919746399,8.69334602355957,36.285400390625,6.9580078125,87.615966796875
1.6574999000000001,4.779425144195557,-1.2862848043441772,8.614337921142578,31.585693359375,10.19287109375,75.225830078125
1.6624999000000003,4.60165548324585,-1.148618221282959,8.882488250732422,29.083251953125,15.19775390625,50.537109375
1.6674999000000001,4.2544965744018555,-0.8391677141189575,9.213486671447754,28.1982421875,13.97705078125,27.03857421875
1.6724999,2.9927520751953125,0.4189853072166443,9.348758697509766,2.3193359375,11.04736328125,-52.459716796875
1.6774999000000002,2.868852138519287,0.4752490520477295,9.011775016784668,-8.30078125,14.984130859375,-69.9462890625
1.6824999,2.868852138519287,0.8182184100151062,8.238448143005371,-39.1845703125,23.3154296875,-104.79736328125
1.6874999000000002,2.9526493549346924,1.2629413604736328,7.865550994873047,-59.326171875,28.778076171875,-124.298095703125
1.6924999,3.075352191925049,1.6466121673583984,7.606977462768555,-83.953857421875,37.384033203125,-141.90673828125
1.6974999000000002,3.2609026432037354,1.9524714946746826,7.812280178070068,-99.884033203125,62.1337890625,-150.177001953125
1.7024999,3.2525229454040527,1.6735470294952393,9.116521835327148,-80.474853515625,130.06591796875,-139.95361328125
1.7074999000000002,2.558204412460327,0.5943605899810791,11.267112731933594,-12.420654296875,179.229736328125,-117.462158203125
1.7124999,1.5538369417190552,-0.6649895310401917,13.093290328979492,37.994384765625,107.452392578125,-103.668212890625
1.7174999000000002,-7.374141216278076,-1.6735470294952393,7.294534206390381,7.537841796875,-123.9013671875,74.03564453125
1.7224999,-6.273406982421875,-0.5811924338340759,9.284713745117188,20.81298828125,-102.325439453125,62.591552734375
1.7274999000000002,-4.520851135253906,0.20949265360832214,11.438298225402832,7.476806640625,-107.391357421875,69.3359375
1.7324999,-2.2487540245056152,0.4429273009300232,12.875418663024902,14.312744140625,-116.119384765625,84.1064453125
1.7374999000000002,-0.023343466222286224,0.2585737705230713,12.729372024536133,31.06689453125,-84.197998046875,94.268798828125
1.7424999,1.79146146774292,-0.2555810213088989,11.644798278808594,35.82763671875,-55.511474609375,102.1728515625
1.7474999000000002,3.2136173248291016,-0.861314058303833,10.281899452209473,34.698486328125,-28.13720703125,104.736328125
1.7524999,4.817133903503418,-1.5807716846466064,8.813654899597168,36.1328125,9.033203125,87.799072265625
1.7574999000000002,5.0685248374938965,-1.5741876363754272,8.741230010986328,35.21728515625,15.289306640625,75.653076171875
1.7624999000000001,4.949413299560547,-1.335964560508728,8.908226013183594,34.149169921875,15.594482421875,60.638427734375
1.7674999000000002,4.61661958694458,-1.026513934135437,9.2033109664917,30.364990234375,16.66259765625,35.64453125
1.7724999000000001,4.155735492706299,-0.5937620401382446,9.520543098449707,28.38134765625,15.960693359375,8.1787109375
1.7774999000000002,3.688866376876831,-0.1538274586200714,9.644442558288574,23.0712890625,9.979248046875,-16.29638671875
1.7824999000000001,3.3231520652770996,0.23822307586669922,9.660603523254395,15.411376953125,6.04248046875,-36.9873046875
1.7874999000000003,3.047220230102539,0.536899745464325,9.46607494354248,7.26318359375,8.209228515625,-53.52783203125
1.7924999000000001,2.8772318363189697,0.6416460275650024,9.133879661560059,-2.99072265625,12.20703125,-69.488525390625
1.7974999,2.7916390895843506,0.6967126727104187,8.73105525970459,-14.58740234375,16.90673828125,-85.75439453125
1.8024999000000002,2.786850690841675,0.7864952683448792,8.28094482421875,-31.494140625,22.918701171875,-102.752685546875
1.8074999,2.8634653091430664,1.1342530250549316,7.870339393615723,-52.276611328125,27.069091796875,-120.391845703125
1.8124999000000002,3.203441858291626,1.8279730081558228,7.51659631729126,-96.954345703125,51.7578125,-151.885986328125
1.8174999,3.355473756790161,1.764526605606079,8.49402904510498,-92.28515625,109.527587890625,-146.91162109375
1.8224999000000002,2.875436305999756,0.9762357473373413,10.512341499328613,-32.501220703125,186.492919921875,-120.208740234375
1.8274999,2.0039467811584473,-0.2711433470249176,12.639589309692383,34.85107421875,136.688232421875,-100.64697265625
1.8324999000000002,0.52552729845047,-1.3449428081512451,13.773842811584473,29.4189453125,72.32666015625,-79.16259765625
1.8374999,0.52552729845047,-1.3449428081512451,13.773842811584473,29.4189453125,72.32666015625,-79.16259765625
1.8424999000000002,-1.2659341096878052,-2.184110403060913,13.175890922546387,-9.521484375,63.96484375,-44.158935546875
1.8474999,-3.0567970275878906,-2.7252001762390137,11.282076835632324,-34.759521484375,43.64013671875,-3.60107421875
1.8524999000000002,-4.752490520477295,-2.7724854946136475,8.89445972442627,-8.758544921875,-18.1884765625,60.9130859375
1.8574999,-6.266822814941406,-3.0352492332458496,7.115567684173584,5.401611328125,-74.5849609375,88.19580078125
1.8624999000000002,-7.313088893890381,-2.8365304470062256,6.1716532707214355,-16.693115234375,-116.058349609375,88.5009765625
1.8674999,-7.683591842651367,-2.012925148010254,6.624756336212158,-0.274658203125,-134.58251953125,82.305908203125
1.8724999000000002,-0.8672995567321777,0.45669397711753845,13.049596786499023,29.266357421875,-98.846435546875,99.151611328125
1.8774999,-0.8672995567321777,0.45669397711753845,13.049596786499023,29.266357421875,-98.846435546875,99.151611328125
1.8824999000000002,1.0965443849563599,0.004788403399288654,12.140996932983398,36.529541015625,-66.802978515625,108.856201171875
1.8874999000000001,2.584540843963623,-0.6637924313545227,10.761338233947754,33.050537109375,-43.701171875,111.14501953125
1.8924999000000002,3.708618402481079,-1.270722508430481,9.53849983215332,35.33935546875,-11.688232421875,107.940673828125
1.8974999000000001,4.489128112792969,-1.6543933153152466,8.909422874450684,39.4287109375,7.537841796875,98.57177734375
1.9024999000000002,4.930259704589844,-1.7693150043487549,8.702922821044922,36.712646484375,9.857177734375,86.151123046875
1.9074999000000001,5.060145378112793,-1.600523829460144,8.927379608154297,36.2548828125,9.21630859375,72.265625
1.9124999000000003,4.888959884643555,-1.2665326595306396,9.21707820892334,36.865234375,14.678955078125,51.483154296875
1.9174999000000001,4.516661643981934,-0.8601169586181641,9.493608474731445,31.79931640625,15.838623046875,23.345947265625
1.9224999,4.061763286590576,-0.34416648745536804,9.66539192199707,27.52685546875,10.498046875,-3.7841796875
1.9274999000000002,3.3470940589904785,0.43335050344467163,9.539097785949707,12.39013671875,3.692626953125,-49.591064453125
1.9324999,3.3470940589904785,0.43335050344467163,9.539097785949707,12.39013671875,3.692626953125,-49.591064453125
1.9374999000000002,3.1256303787231445,0.6224924325942993,9.27334213256836,3.326416015625,7.080078125,-65.765380859375
1.9424999,2.979583978652954,0.6709750294685364,8.87171459197998,-7.904052734375,13.36669921875,-81.451416015625
1.9474999000000002,2.890998601913452,0.7015010714530945,8.401253700256348,-23.3154296875,18.890380859375,-97.65625
1.9524999,2.896984100341797,0.8888474106788635,7.956530570983887,-41.93115234375,23.406982421875,-115.631103515625
1.9574999000000002,2.982576847076416,1.2701239585876465,7.535749912261963,-65.3076171875,30.914306640625,-135.498046875
1.9624999,3.1423897743225098,1.6968904733657837,7.270592212677002,-91.97998046875,40.985107421875,-151.9775390625
1.9674999000000002,3.3728315830230713,2.02848744392395,7.6117658615112305,-108.551025390625,69.27490234375,-158.63037109375
1.9724999,3.3441011905670166,1.7747019529342651,9.090784072875977,-84.8388671875,155.1513671875,-144.4091796875
1.9774999000000002,2.494159698486328,0.6548141837120056,11.445481300354004,-4.0283203125,203.2470703125,-116.76025390625
1.9824999,1.3605051040649414,-0.6542156338691711,13.284228324890137,46.630859375,108.612060546875,-101.37939453125
1.9874999000000002,-3.9869444370269775,-3.1238346099853516,10.198700904846191,-32.073974609375,17.425537109375,36.865234375
1.9924999,-3.9869444370269775,-3.1238346099853516,10.198700904846191,-32.073974609375,17.425537109375,36.865234375
1.9974999000000002,-5.524620532989502,-3.2638955116271973,7.757213592529297,12.908935546875,-45.7763671875,83.19091796875
2.0024999,-6.803722858428955,-3.2160115242004395,6.312911510467529,3.021240234375,-95.367431640625,85.02197265625
2.0074999,-7.5782470703125,-2.6372132301330566,5.981314182281494,-18.096923828125,-128.692626953125,81.60400390625
2.0124999000000003,-7.416638374328613,-1.5418659448623657,7.310096263885498,12.14599609375,-126.251220703125,73.028564453125
2.0174999000000002,-6.1985883712768555,-0.4531026780605316,9.520543098449707,26.153564453125,-99.884033203125,60.577392578125
2.0224999,-4.371213912963867,0.48602294921875,11.796232223510742,7.904052734375,-109.893798828125,70.1904296875
2.0274999,-2.0404584407806396,0.811634361743927,13.086706161499023,16.29638671875,-115.90576171875,89.569091796875
2.0324999000000004,0.14664486050605774,0.6075286865234375,12.693458557128906,34.759521484375,-77.789306640625,105.16357421875
2.0374999000000003,1.8824410438537598,-0.015562310814857483,11.403582572937012,36.376953125,-48.614501953125,112.9150390625
2.0424999,3.1926679611206055,-0.767341673374176,9.961674690246582,29.052734375,-29.571533203125,111.175537109375
2.0474999,5.053561210632324,-1.624465823173523,8.989628791809082,27.740478515625,7.62939453125,42.6025390625
2.0524999,5.053561210632324,-1.624465823173523,8.989628791809082,27.740478515625,7.62939453125,42.6025390625
2.0574999000000003,4.783016681671143,-1.2012907266616821,9.27453899383545,25.390625,8.880615234375,21.54541015625
2.0624999,4.368220806121826,-0.6236895322799683,9.479243278503418,21.05712890625,11.077880859375,-1.5869140625
2.0674999,3.93367338180542,-0.016759412363171577,9.551069259643555,16.082763671875,10.7421875,-22.857666015625
2.0724999,3.559579372406006,0.45848962664604187,9.485228538513184,9.27734375,10.31494140625,-39.642333984375
2.0774999000000003,3.244741916656494,0.6943184733390808,9.317035675048828,1.77001953125,14.617919921875,-52.886962890625
2.0824999,2.9915549755096436,1.478419542312622,8.10317611694336,-78.399658203125,66.71142578125,-128.875732421875
2.0874999,3.008913040161133,1.467047095298767,8.98543930053711,-69.183349609375,117.462158203125,-126.03759765625
2.0924999,2.473809003829956,0.557250440120697,10.74876880645752,-21.087646484375,162.811279296875,-109.649658203125
2.0974999000000003,1.5682021379470825,-0.5141547918319702,12.518083572387695,35.736083984375,117.706298828125,-95.3369140625
2.1024999,0.14903905987739563,-1.6388310194015503,13.435661315917969,29.60205078125,73.455810546875,-76.507568359375
2.1074999,-1.460463047027588,-2.27748441696167,12.96460247039795,-10.650634765625,60.211181640625,-53.741455078125
2.1124999,-3.074753522872925,-2.5546131134033203,11.173140525817871,-28.594970703125,33.02001953125,-12.115478515625
2.1174999000000003,-4.759673118591309,-2.53725528717041,9.024943351745605,-9.307861328125,-27.40478515625,57.7392578125
2.1224999,-6.175843238830566,-2.5097219944000244,7.417236804962158,11.322021484375,-71.929931640625,82.061767578125
2.1274999,-7.274781703948975,-2.2433669567108154,6.596624374389648,-11.444091796875,-104.67529296875,73.1201171875
2.1324999,-7.586028099060059,-1.37906014919281,7.24605131149292,-15.44189453125,-129.82177734375,65.704345703125
2.1374999000000003,-6.718728542327881,-0.4207809567451477,8.98005199432373,5.37109375,-116.51611328125,53.89404296875
2.1424999000000002,1.5604209899902344,-0.12509703636169434,11.462240219116211,27.496337890625,-61.065673828125,100.89111328125
2.1474999,2.9885623455047607,-0.8948329091072083,10.236409187316895,27.587890625,-42.266845703125,101.776123046875
2.1524999,4.000710964202881,-1.5729905366897583,9.240421295166016,28.01513671875,-14.09912109375,98.20556640625
2.1574999000000004,4.657320976257324,-1.9177556037902832,8.875904083251953,33.5693359375,5.401611328125,91.30859375
2.1624999000000003,4.35684871673584,-0.7870938181877136,9.567828178405762,27.618408203125,14.556884765625,11.627197265625
2.1674999,3.890577793121338,-0.30945056676864624,9.675567626953125,22.064208984375,11.016845703125,-10.894775390625
2.1724999,3.448847532272339,0.14065934717655182,9.654618263244629,17.364501953125,9.33837890625,-29.998779296875
2.1774999000000004,2.8592753410339355,0.5877765417098999,9.226056098937988,1.3427734375,16.998291015625,-57.373046875
2.1824999000000003,2.7024552822113037,0.6009446382522583,8.889671325683594,-7.62939453125,22.674560546875,-67.81005859375
2.1874999,2.6174609661102295,0.6027402877807617,8.53532886505127,-19.378662109375,28.62548828125,-80.352783203125
2.1924999,2.6174609661102295,0.7194576263427734,8.235455513000488,-34.3017578125,33.75244140625,-97.22900390625
2.1974999,2.7269957065582275,1.083974838256836,7.990049839019775,-53.52783203125,39.0625,-115.6005859375
2.2024999000000003,2.934692621231079,1.4425065517425537,7.864354133605957,-75.01220703125,50.10986328125,-130.157470703125
2.2074999,3.1663317680358887,1.702277421951294,8.262989044189453,-82.58056640625,80.56640625,-133.880615234375
2.2124999,3.06876802444458,1.2563573122024536,9.446322441101074,-57.037353515625,150.665283203125,-121.52099609375
2.2174999,2.3481132984161377,-0.002992752008140087,11.51850414276123,8.514404296875,161.163330078125,-98.57177734375
2.2224999000000003,1.1689690351486206,-1.2635399103164673,12.980164527893066,51.361083984375,92.864990234375,-76.96533203125
2.2274999,-0.4908113479614258,-2.2643163204193115,13.437457084655762,7.232666015625,66.5283203125,-61.309814453125
2.2324999,-2.275688648223877,-2.7503392696380615,12.305598258972168,-16.41845703125,54.50439453125,-32.470703125
2.2374999,-6.991667747497559,-2.184709072113037,6.852803707122803,1.129150390625,-92.254638671875,84.16748046875
2.2424999000000003,-7.781754016876221,-1.533486247062683,6.853402137756348,-17.27294921875,-121.429443359375,69.488525390625
2.2474999,-7.517194747924805,-0.43933600187301636,8.229470252990723,-11.566162109375,-126.89208984375,56.732177734375
2.2524999,-6.096834659576416,0.4297592043876648,10.074800491333008,2.99072265625,-108.978271484375,48.492431640625
2.2574999,-4.015076160430908,0.945111095905304,11.962628364562988,6.561279296875,-118.46923828125,66.5283203125
2.2624999000000003,-1.5209165811538696,0.7727286219596863,12.673707008361816,19.04296875,-117.828369140625,88.470458984375
2.2674999000000002,0.7380126714706421,0.11971008777618408,11.944672584533691,26.4892578125,-76.202392578125,98.0224609375
2.2724999,2.4588451385498047,-0.7541735172271729,10.740388870239258,29.296875,-50.872802734375,100.250244140625
2.2774999,3.709815502166748,-1.523909330368042,9.50737476348877,27.130126953125,-28.839111328125,97.7783203125
2.2824999000000004,4.575319290161133,-2.035670042037964,8.876502990722656,29.47998046875,-1.0986328125,92.559814453125
2.2874999000000003,5.0703206062316895,-2.1152772903442383,8.780136108398438,34.3017578125,7.904052734375,82.3974609375
2.2924999,5.08648157119751,-1.403002142906189,9.174580574035645,27.03857421875,11.322021484375,39.85595703125
2.2974999,4.704606533050537,-0.9528923034667969,9.503783226013184,26.79443359375,13.97705078125,18.524169921875
2.3024999000000004,4.1862616539001465,-0.39384618401527405,9.567828178405762,24.7802734375,16.66259765625,0.1220703125
2.3074999000000003,3.6996402740478516,-0.002992752008140087,9.70549488067627,18.218994140625,12.481689453125,-23.345947265625
2.3124999,3.2423477172851562,0.41718965768814087,9.550470352172852,11.41357421875,11.260986328125,-40.83251953125
2.3174999,2.9221231937408447,0.6135141849517822,9.30386734008789,1.15966796875,15.289306640625,-53.28369140625
2.3224999,2.5546131134033203,0.5273229479789734,8.640673637390137,-15.655517578125,28.4423828125,-74.3408203125
2.3274999000000003,2.5348610877990723,0.5542576909065247,8.367136001586914,-28.50341796875,35.15625,-89.324951171875
2.3324999,2.6174609661102295,0.7739257216453552,8.172008514404297,-44.708251953125,38.87939453125,-107.147216796875
2.3374999,2.8371291160583496,1.3611036539077759,8.08162784576416,-63.262939453125,46.32568359375,-123.504638671875
2.3424999,1.523909330368042,-0.910993754863739,12.436680793762207,48.675537109375,109.43603515625,-77.33154296875
2.3474999000000003,-0.0071826050989329815,-1.9584569931030273,13.166912078857422,18.402099609375,71.502685546875,-64.39208984375
2.3524999,-1.8255788087844849,-2.2194249629974365,12.44087028503418,-11.65771484375,57.92236328125,-42.724609375
2.3574999,-3.6278140544891357,-2.474407434463501,10.729016304016113,-28.411865234375,23.92578125,5.7373046875
2.3624999,-5.270834922790527,-2.141613483428955,8.610746383666992,-0.30517578125,-37.53662109375,73.089599609375
2.3674999000000003,-6.700173377990723,-2.2212207317352295,7.287351608276367,6.53076171875,-81.1767578125,86.48681640625
2.3724999,-7.593210697174072,-1.7998411655426025,6.858789443969727,-21.514892578125,-116.39404296875,73.1201171875
2.3774999,-7.671022415161133,-0.8792705535888672,7.887697696685791,-13.641357421875,-131.378173828125,59.844970703125
2.3824999,-6.51641845703125,0.008978256024420261,9.617507934570312,1.861572265625,-113.76953125,47.088623046875
2.3874999000000003,-4.614225387573242,0.6554127335548401,11.468226432800293,3.997802734375,-113.037109375,59.38720703125
2.3924999000000002,0.23283611238002777,0.1538274586200714,12.175114631652832,24.90234375,-87.799072265625,94.7265625
2.3974999,2.120065689086914,-0.6428431272506714,11.063007354736328,28.38134765625,-55.633544921875,97.564697265625
2.4024999,4.970362663269043,-2.101510524749756,8.841188430786133,34.881591796875,8.270263671875,84.625244140625
2.4074999000000004,5.14932918548584,-1.8836381435394287,8.932168006896973,32.806396484375,7.781982421875,69.244384765625
2.4124999000000003,5.078700542449951,-1.4760253429412842,9.147047996520996,29.23583984375,9.246826171875,46.38671875
2.4174999,4.765059947967529,-1.07379949092865,9.502586364746094,29.571533203125,13.519287109375,24.444580078125
2.4224999,4.279635429382324,-0.5171475410461426,9.59596061706543,28.74755859375,15.93017578125,6.378173828125
2.4274999000000004,4.279635429382324,-0.5171475410461426,9.59596061706543,28.74755859375,15.93017578125,6.378173828125
2.4324999000000003,3.821146011352539,-0.13048399984836578,9.751583099365234,22.308349609375,11.993408203125,-18.310546875
2.4374999,3.3871967792510986,0.32381579279899597,9.608530044555664,16.387939453125,11.199951171875,-37.628173828125
2.4424999,2.5115175247192383,0.5740098357200623,8.325238227844238,-25.543212890625,30.792236328125,-88.5009765625
2.4474999,2.5115175247192383,0.5740098357200623,8.325238227844238,-25.543212890625,30.792236328125,-88.5009765625
2.4524999000000003,2.5474305152893066,0.7906851172447205,8.076240539550781,-42.17529296875,35.980224609375,-105.65185546875
2.4574999,2.7108349800109863,1.2000936269760132,7.933187484741211,-62.652587890625,41.259765625,-122.894287109375
2.4624999,3.003525972366333,1.6675615310668945,7.975085735321045,-80.810546875,58.10546875,-134.490966796875
2.4674999,3.1657330989837646,1.722628116607666,8.692748069763184,-78.55224609375,107.635498046875,-132.01904296875
2.4724999000000003,2.8341362476348877,0.8373720645904541,10.330381393432617,-33.905029296875,171.142578125,-115.203857421875
2.4774999,1.9321208000183105,-0.3687070608139038,12.31517505645752,38.177490234375,133.544921875,-89.2333984375
2.4824999,-3.0154969692230225,-2.541445016860962,11.484387397766113,-24.35302734375,44.3115234375,-14.373779296875
2.4874999,-3.0154969692230225,-2.541445016860962,11.484387397766113,-24.35302734375,44.3115234375,-14.373779296875
2.4924999000000003,-6.269815921783447,-2.4007856845855713,7.375936985015869,8.36181640625,-75.347900390625,91.00341796875
2.4974999,-7.385513782501221,-2.2200236320495605,6.56071138381958,-5.279541015625,-109.039306640625,80.74951171875
2.5024999,-7.800309181213379,-1.43532395362854,7.020398139953613,-15.045166015625,-125.42724609375,66.436767578125
2.5074999,-7.029974937438965,-0.31543606519699097,8.849568367004395,-2.960205078125,-118.988037109375,53.619384765625
2.5124999000000003,-5.325901508331299,0.5063736438751221,10.792462348937988,3.570556640625,-109.710693359375,51.910400390625
2.5174999000000002,-3.0346505641937256,0.8583213090896606,12.530055046081543,9.979248046875,-125.091552734375,73.66943359375
2.5224999,-0.5554547905921936,0.5488707423210144,12.600683212280273,23.49853515625,-104.30908203125,91.796875
2.5274999,1.50355863571167,-0.12270283699035645,11.577760696411133,29.144287109375,-61.03515625,98.602294921875
2.5324999000000004,3.027467966079712,-0.9588778018951416,10.261548042297363,28.62548828125,-39.48974609375,98.236083984375
2.5374999000000003,4.107851505279541,-1.6011223793029785,9.169194221496582,24.7802734375,-18.218994140625,95.76416015625
2.5424999,4.8069586753845215,-1.953070044517517,8.7484130859375,28.62548828125,2.74658203125,88.9892578125
2.5474999,5.1331682205200195,-1.944091796875,8.741828918457031,30.303955078125,11.1083984375,74.981689453125
2.5524999000000004,4.882375717163086,-1.225232720375061,9.272144317626953,23.345947265625,9.674072265625,31.18896484375
2.5574999000000003,4.434061527252197,-0.7386112213134766,9.564835548400879,24.688720703125,14.34326171875,11.474609375
2.5624999,3.8953661918640137,-0.24001872539520264,9.618705749511719,19.6533203125,15.899658203125,-7.537841796875
2.5674999,3.4404678344726562,0.19273324310779572,9.676166534423828,13.153076171875,11.474609375,-28.411865234375
2.5724999,3.022679567337036,0.5392939448356628,9.473855972290039,5.43212890625,12.20703125,-42.083740234375
2.5774999000000003,2.7473464012145996,0.6530185341835022,9.206304550170898,-3.082275390625,18.6767578125,-51.81884765625
2.5824999,2.5558102130889893,0.5949591398239136,8.914810180664062,-9.1552734375,27.52685546875,-59.600830078125
2.5874999,2.4468741416931152,0.497395396232605,8.605957984924316,-19.134521484375,34.423828125,-67.474365234375
2.5924999,2.4187421798706055,0.5363011956214905,8.42699146270752,-30.487060546875,39.85595703125,-79.437255859375
2.5974999000000003,2.4815900325775146,0.7272387742996216,8.365341186523438,-43.51806640625,43.121337890625,-95.458984375
2.6024999,2.630629062652588,1.070208191871643,8.449137687683105,-56.610107421875,55.145263671875,-109.130859375
2.6074999,2.8119897842407227,1.2204443216323853,8.844181060791016,-61.09619140625,80.078125,-113.70849609375
2.6124999,2.205059766769409,0.07481880486011505,11.198878288269043,0.762939453125,133.23974609375,-91.4306640625
2.6174999000000003,1.2270283699035645,-0.8984242081642151,12.36605167388916,30.303955078125,89.84375,-82.09228515625
2.6224999,-0.2106897532939911,-1.821987509727478,12.670714378356934,17.608642578125,64.422607421875,-64.3310546875
2.6274999,-1.789067268371582,-2.079962730407715,11.850101470947266,-11.29150390625,47.66845703125,-48.095703125
2.6324999,-3.375824451446533,-2.2152352333068848,10.24000072479248,-14.892578125,17.608642578125,-12.5732421875
2.6374999000000003,-5.018246650695801,-2.12485408782959,8.632294654846191,-9.368896484375,-31.890869140625,49.163818359375
2.6424999000000002,-7.225700855255127,-1.734000563621521,7.32505989074707,-10.7421875,-106.781005859375,63.873291015625
2.6474999,-7.204751491546631,-0.8667010068893433,8.215703010559082,-21.17919921875,-118.46923828125,52.06298828125
2.6524999,-6.038775444030762,0.12689268589019775,9.90361499786377,-7.6904296875,-115.41748046875,48.675537109375
2.6574999000000004,-4.113238334655762,0.7386112213134766,11.428123474121094,2.166748046875,-115.631103515625,56.0302734375
2.6624999000000003,-1.7872716188430786,0.768538773059845,12.29781723022461,10.528564453125,-113.250732421875,77.606201171875
2.6674999,2.278681516647339,-0.7314286231994629,10.746973037719727,22.705078125,-55.328369140625,88.836669921875
2.6724999,3.6074633598327637,-1.5622166395187378,9.688735961914062,25.08544921875,-31.219482421875,86.334228515625
2.6774999000000004,4.496310710906982,-2.1104888916015625,9.080010414123535,27.16064453125,-10.31494140625,84.04541015625
2.6824999000000003,4.9565958976745605,-2.2439656257629395,9.008782386779785,31.494140625,0.18310546875,77.20947265625
2.6874999,5.021239280700684,-2.0464439392089844,9.118915557861328,32.53173828125,8.9111328125,61.676025390625
2.6924999,4.79738187789917,-1.5843629837036133,9.281123161315918,31.341552734375,19.95849609375,43.243408203125
2.6974999,4.370615005493164,-0.9415197968482971,9.39784049987793,28.62548828125,24.566650390625,28.4423828125
2.7024999000000003,3.8744168281555176,-0.30885201692581177,9.481637001037598,24.505615234375,21.6064453125,13.763427734375
2.7074999,3.4123358726501465,0.28371289372444153,9.525331497192383,21.240234375,20.69091796875,-3.84521484375
2.7124999,3.005321741104126,0.6386532783508301,9.50498104095459,14.34326171875,18.06640625,-21.6064453125
2.7174999,2.6617536544799805,0.7487865686416626,9.39245319366455,6.591796875,18.463134765625,-35.614013671875
2.7224999000000003,2.181716203689575,0.52552729845047,8.489839553833008,-34.66796875,32.196044921875,-84.747314453125
2.7274999,2.3810336589813232,0.7529764175415039,8.423399925231934,-47.2412109375,38.330078125,-98.388671875
2.7324999,2.6569652557373047,1.125873327255249,8.514379501342773,-58.2275390625,51.177978515625,-110.137939453125
2.7374999,2.8652608394622803,1.1450269222259521,9.017760276794434,-58.319091796875,81.756591796875,-113.09814453125
2.7424999000000003,2.76350736618042,0.8176198601722717,10.047865867614746,-32.989501953125,125.640869140625,-103.240966796875
2.7474999,2.2002713680267334,-0.333991140127182,11.480795860290527,9.33837890625,121.09375,-90.88134765625
2.7524999,1.1683704853057861,-1.2641384601593018,12.458827018737793,32.53173828125,80.322265625,-73.333740234375
2.7574999,-0.2735375463962555,-2.0847511291503906,12.522273063659668,6.866455078125,65.032958984375,-55.35888671875
2.7624999000000003,-1.945288896560669,-2.160168409347534,11.562797546386719,-9.674072265625,46.783447265625,-32.196044921875
2.7674999000000002,-3.6523547172546387,-2.163161277770996,9.861717224121094,-14.007568359375,7.415771484375,7.232666015625
2.7724999,-7.378331184387207,-1.3946224451065063,7.393294811248779,-14.0380859375,-112.060546875,61.492919921875
2.7774999,-7.074865818023682,-0.46806642413139343,8.565256118774414,-19.012451171875,-119.5068359375,51.20849609375
2.7824999000000004,-5.682039260864258,0.444722980260849,10.278307914733887,-5.889892578125,-115.692138671875,47.36328125
2.7874999000000003,-3.603872060775757,0.9289502501487732,11.71662425994873,3.326416015625,-116.51611328125,62.042236328125
2.7924999,-1.1701661348342896,0.7266402244567871,12.266692161560059,15.411376953125,-106.536865234375,82.794189453125
2.7974999,1.037886381149292,-0.016759412363171577,11.583148002624512,20.69091796875,-76.507568359375,89.84375
2.8024999000000004,4.987720489501953,-2.296039342880249,9.011177062988281,32.77587890625,5.31005859375,74.5849609375
2.8074999000000003,4.991910457611084,-1.9321208000183105,9.170391082763672,33.14208984375,16.357421875,59.50927734375
2.8124999,4.314949989318848,-0.7805097699165344,9.519944190979004,28.594970703125,19.744873046875,23.5595703125
2.8174999,3.821744441986084,-0.2190694510936737,9.633668899536133,28.656005859375,20.111083984375,6.8359375
2.8224999,3.358466386795044,0.2519897222518921,9.674370765686035,22.674560546875,15.960693359375,-14.6484375
2.8274999000000003,2.9496564865112305,0.4920084476470947,9.626486778259277,15.13671875,11.8408203125,-36.1328125
2.8324999,2.6150667667388916,0.5949591398239136,9.340977668762207,4.94384765625,14.068603515625,-48.15673828125
2.8374999,2.3965959548950195,0.557250440120697,9.014169692993164,-3.875732421875,18.585205078125,-58.89892578125
2.8424999,2.278082847595215,0.47165772318840027,8.653841972351074,-14.0380859375,23.895263671875,-70.648193359375
2.8474999000000003,2.276885747909546,0.5345055460929871,8.379107475280762,-27.2216796875,27.77099609375,-83.099365234375
2.8524999,2.3936030864715576,0.7846996188163757,8.184578895568848,-41.8701171875,34.48486328125,-97.442626953125
2.8574999,2.6114754676818848,1.116895079612732,8.094796180725098,-58.28857421875,41.56494140625,-111.724853515625
2.8624999,2.890399932861328,1.4383167028427124,8.248024940490723,-71.563720703125,58.59375,-121.612548828125
2.8674999000000003,3.0573954582214355,1.3940238952636719,9.035717010498047,-64.300537109375,102.569580078125,-118.377685546875
2.8724999,-0.9481038451194763,-2.232593059539795,12.791022300720215,-7.080078125,61.798095703125,-46.9970703125
2.8774999,-2.738368272781372,-2.4372973442077637,11.185111999511719,-16.815185546875,39.55078125,-21.759033203125
2.8824999,-7.175422668457031,-2.009333848953247,6.781576156616211,-4.8828125,-104.06494140625,75.74462890625
2.8874999000000003,-7.5848307609558105,-1.3593080043792725,7.332841396331787,-15.411376953125,-120.819091796875,59.906005859375
2.8924999000000002,-6.840832710266113,-0.29568392038345337,8.989029884338379,-10.223388671875,-117.340087890625,50.048828125
2.8974999,-5.155314922332764,0.5596446394920349,10.837952613830566,0.48828125,-113.922119140625,49.1943359375
2.9024999,-2.872443437576294,0.9277531504631042,12.335525512695312,7.232666015625,-119.171142578125,69.488525390625
2.9074999000000004,-0.4183867573738098,0.619499683380127,12.436081886291504,19.866943359375,-100.2197265625,86.334228515625
2.9124999000000003,3.1902737617492676,-1.036689281463623,10.182539939880371,23.590087890625,-40.008544921875,90.087890625
2.9174999,4.240131378173828,-1.7962498664855957,9.25179386138916,25.08544921875,-16.937255859375,90.301513671875
2.9224999,4.823119163513184,-2.182314872741699,8.912415504455566,29.998779296875,1.5869140625,85.51025390625
2.9274999000000004,5.021838188171387,-2.166153907775879,8.941145896911621,32.77587890625,13.580322265625,73.486328125
2.9324999000000003,4.90452241897583,-1.7812861204147339,9.1662015914917,31.67724609375,15.625,56.21337890625
2.9374999,4.57112979888916,-1.2078747749328613,9.385271072387695,28.564453125,16.082763671875,34.759521484375
2.9424999,4.1431660652160645,-0.7727286219596863,9.573814392089844,25.909423828125,16.387939453125,14.190673828125
2.9474999,3.6553473472595215,-0.18614917993545532,9.716867446899414,27.64892578125,17.2119140625,-2.0751953125
2.9524999000000003,3.2345664501190186,0.14065934717655182,9.677961349487305,18.463134765625,12.8173828125,-25.0244140625
2.9574999,2.897582530975342,0.4578910768032074,9.628880500793457,11.932373046875,9.33837890625,-44.281005859375
2.9624999,2.980781078338623,1.5376760959625244,8.389283180236816,-71.868896484375,69.580078125,-123.6572265625
2.9674999,3.022679567337036,1.4299370050430298,9.358335494995117,-56.21337890625,121.15478515625,-116.973876953125
2.9724999000000003,2.542043685913086,0.38546648621559143,11.08635139465332,-6.011962890625,151.3671875,-102.1728515625
2.9774999,1.5682021379470825,-0.7559691667556763,12.607267379760742,37.445068359375,102.47802734375,-79.986572265625
2.9824999,0.090979665517807,-1.7968484163284302,13.22976016998291,20.44677734375,68.4814453125,-55.755615234375
2.9874999,-1.657984733581543,-2.1936872005462646,12.509105682373047,-17.578125,57.098388671875,-39.1845703125
2.9924999000000003,-3.445256233215332,-2.425326347351074,10.617087364196777,-22.88818359375,24.261474609375,0.3662109375
2.9974999,-5.188833713531494,-2.390011787414551,8.64127254486084,-9.6435546875,-40.71044921875,67.56591796875
3.0024999,-6.621164798736572,-2.4450783729553223,7.105990409851074,4.638671875,-87.738037109375,87.554931640625
3.0074999,-7.562684535980225,-2.0805611610412598,6.708553314208984,-8.056640625,-113.4033203125,72.418212890625
3.0124999000000003,-7.574057102203369,-1.1617863178253174,7.68658447265625,-13.214111328125,-123.96240234375,58.89892578125
3.0174999000000002,-6.412270545959473,-0.05746084079146385,9.627084732055664,-0.3662109375,-114.6240234375,48.309326171875
3.0224999,-4.447229862213135,0.7338228225708008,11.472415924072266,3.23486328125,-115.447998046875,55.694580078125
3.0274999,-1.9596540927886963,0.8475474119186401,12.600085258483887,13.427734375,-117.706298828125,78.55224609375
3.0324999000000004,0.4692635238170624,0.37469255924224854,12.132018089294434,21.728515625,-86.639404296875,89.385986328125
3.0374999000000003,2.3720552921295166,-0.4471171796321869,10.96304988861084,24.017333984375,-54.0771484375,91.49169921875
3.0424999,3.7187938690185547,-1.2898762226104736,9.755773544311523,24.871826171875,-31.036376953125,90.8203125
3.0474999,4.5854949951171875,-1.8656816482543945,9.062651634216309,26.9775390625,-7.049560546875,88.104248046875
3.0524999000000004,5.008669853210449,-2.099714994430542,8.89565658569336,31.1279296875,4.0283203125,77.880859375
3.0574999000000003,5.053561210632324,-1.9692308902740479,8.992023468017578,29.6630859375,5.92041015625,60.943603515625
3.0624999,3.1866824626922607,0.3687070608139038,9.657012939453125,17.730712890625,11.16943359375,-35.33935546875
3.0674999,2.8652608394622803,0.6949170231819153,9.41759204864502,8.48388671875,14.6484375,-47.36328125
3.0724999000000004,2.65097975730896,0.8008604645729065,9.095572471618652,0.640869140625,21.3623046875,-59.14306640625
3.0774999000000003,2.4863784313201904,0.7428010702133179,8.71369743347168,-10.772705078125,25.390625,-70.404052734375
3.0824999,2.432508945465088,0.7433996200561523,8.393472671508789,-24.47509765625,28.778076171875,-84.259033203125
3.0874999,2.4875755310058594,0.8936358094215393,8.107365608215332,-40.069580078125,35.186767578125,-101.07421875
3.0924999,2.6605565547943115,1.2216414213180542,7.909245491027832,-60.394287109375,42.633056640625,-117.12646484375
3.0974999000000003,2.9311013221740723,1.5292962789535522,7.930793285369873,-78.06396484375,59.112548828125,-128.082275390625
3.1024999,3.1076738834381104,1.5496470928192139,8.707113265991211,-72.6318359375,105.224609375,-125.274658203125
3.1074999,1.9608511924743652,-0.0802057534456253,12.405555725097656,33.294677734375,128.326416015625,-91.583251953125
3.1124999,0.6045359373092651,-1.0696096420288086,13.512275695800781,26.092529296875,75.62255859375,-69.27490234375
3.1174999000000003,-1.0977414846420288,-1.7088614702224731,13.277045249938965,-13.092041015625,61.4013671875,-46.905517578125
3.1224999,-6.9042792320251465,-1.081580638885498,8.516175270080566,6.439208984375,-117.950439453125,61.95068359375
3.1274999,-5.277419090270996,-0.12330138683319092,10.606911659240723,14.190673828125,-102.05078125,57.31201171875
3.1324999,-3.0777463912963867,0.4100070297718048,12.425308227539062,12.420654296875,-116.912841796875,77.117919921875
3.1374999000000003,-0.6733692288398743,0.4124012291431427,12.683283805847168,24.017333984375,-104.400634765625,94.573974609375
3.1424999000000002,2.8646624088287354,-0.7182605266571045,10.436325073242188,32.958984375,-33.50830078125,105.712890625
3.1474999,3.9426517486572266,-1.3084312677383423,9.353547096252441,30.059814453125,-13.916015625,103.45458984375
3.1524999,4.639364242553711,-1.6813281774520874,8.910021781921387,30.21240234375,-2.5634765625,93.780517578125
3.1574999000000004,4.943428039550781,-1.7812861204147339,8.793902397155762,29.449462890625,0.823974609375,73.42529296875
3.1624999000000003,5.002684593200684,-1.7651251554489136,9.05367374420166,29.876708984375,6.103515625,51.849365234375
3.1674999,4.759673118591309,-1.5041571855545044,9.2841157913208,33.75244140625,15.80810546875,39.36767578125
3.1724999,4.423287868499756,-1.0797849893569946,9.585784912109375,32.440185546875,23.468017578125,19.683837890625
3.1774999000000004,4.015076160430908,-0.49559974670410156,9.70549488067627,27.587890625,17.51708984375,-6.89697265625
3.1824999000000003,3.6308069229125977,0.16101007163524628,9.671976089477539,19.59228515625,11.474609375,-27.03857421875
3.1874999,3.309983968734741,0.6901286244392395,9.522936820983887,12.115478515625,11.71875,-43.182373046875
3.1924999,3.0376434326171875,0.9552865028381348,9.248801231384277,3.23486328125,14.617919921875,-57.403564453125
3.1974999000000004,2.7922377586364746,0.8948329091072083,8.87051773071289,-8.758544921875,17.7001953125,-71.59423828125
3.2024999000000003,2.5941176414489746,0.7697358727455139,8.116942405700684,-36.376953125,31.036376953125,-102.508544921875
3.2074999,2.673126220703125,0.9469067454338074,7.824849605560303,-56.21337890625,36.651611328125,-119.384765625
3.2124999,2.896984100341797,1.3862427473068237,7.6764092445373535,-76.873779296875,47.42431640625,-134.063720703125
3.2174999,3.1501708030700684,1.653794765472412,8.072649955749512,-88.9892578125,77.911376953125,-139.46533203125
3.2224999000000003,3.087921619415283,1.501164436340332,9.43494987487793,-63.29345703125,146.392822265625,-126.251220703125
3.2274999,2.405574083328247,0.5285200476646423,11.59212589263916,5.9814453125,166.717529296875,-106.353759765625
3.2324999,1.3090298175811768,-0.46627077460289,13.201029777526855,43.060302734375,96.038818359375,-91.094970703125
3.2374999,-0.3471592366695404,-1.4987702369689941,13.725359916687012,9.033203125,67.07763671875,-64.849853515625
3.2424999000000003,-2.0685901641845703,-2.186504602432251,12.53184986114502,-25.146484375,59.02099609375,-36.651611328125
3.2474999,-3.820547342300415,-2.580350875854492,10.31362247467041,-35.70556640625,16.7236328125,19.95849609375
3.2524999,-5.436633586883545,-2.93888258934021,8.150461196899414,4.33349609375,-51.116943359375,80.810546875
3.2574999,-6.736684799194336,-3.004124641418457,6.588842868804932,6.866455078125,-93.56689453125,86.669921875
3.2624999000000003,-7.367557048797607,-1.6304513216018677,7.360973358154297,0.244140625,-130.889892578125,68.54248046875
3.2674999000000002,-6.094440460205078,-0.5841852426528931,9.391854286193848,13.73291015625,-103.485107421875,54.50439453125
3.2724999,-4.213196277618408,0.32860419154167175,11.481992721557617,7.293701171875,-105.8349609375,63.720703125
3.2774999,-1.8734627962112427,0.6775590777397156,12.770072937011719,20.01953125,-118.7744140625,85.38818359375
3.2824999000000004,0.32620999217033386,0.44592007994651794,12.315773963928223,29.72412109375,-80.62744140625,98.724365234375
3.2874999000000003,2.0213048458099365,-0.12689268589019775,11.132439613342285,30.242919921875,-48.2177734375,105.5908203125
3.2924999,3.2620997428894043,-0.8182184100151062,9.865307807922363,27.34375,-31.18896484375,104.79736328125
3.2974999,4.1431660652160645,-1.3742717504501343,8.975862503051758,26.580810546875,-7.904052734375,97.22900390625
3.3024999000000004,4.692635536193848,-1.7028759717941284,8.728062629699707,29.1748046875,4.2724609375,83.160400390625
3.3074999000000003,4.937442302703857,-1.7573440074920654,8.813654899597168,28.228759765625,2.5634765625,65.582275390625
3.3124999,4.912303447723389,-1.6089035272598267,9.156025886535645,28.472900390625,5.4931640625,47.36328125
3.3174999,4.651933670043945,-1.2743138074874878,9.441534042358398,29.022216796875,12.481689453125,26.153564453125
3.3224999000000004,3.4775779247283936,0.27234044671058655,9.587580680847168,12.51220703125,8.97216796875,-37.567138671875
3.3274999000000003,3.1908724308013916,0.5919663906097412,9.388861656188965,6.195068359375,12.969970703125,-50.59814453125
3.3324999,2.962226152420044,0.718859076499939,9.103952407836914,-2.166748046875,20.660400390625,-61.4013671875
3.3374999,2.7724854946136475,0.7056909799575806,8.778939247131348,-11.749267578125,28.3203125,-70.343017578125
3.3424999,2.6581623554229736,0.7308300733566284,8.430583000183105,-24.444580078125,33.843994140625,-81.1767578125
3.3474999000000003,2.6114754676818848,0.8619126081466675,8.139687538146973,-40.496826171875,39.825439453125,-96.405029296875
3.3524999,2.6671407222747803,1.1917139291763306,7.934982776641846,-58.59375,45.806884765625,-112.85400390625
3.3574999,2.8095955848693848,1.4000093936920166,8.005013465881348,-74.737548828125,62.8662109375,-123.931884765625
3.3624999,2.9454667568206787,1.4927847385406494,8.720281600952148,-70.9228515625,103.179931640625,-122.406005859375
3.3674999000000003,2.6390087604522705,0.8756792545318604,10.348937034606934,-28.472900390625,156.6162109375,-106.719970703125
3.3724999,1.899200439453125,-0.13826514780521393,12.2403564453125,26.641845703125,130.157470703125,-95.458984375
3.3774999,0.6661866307258606,-1.0468647480010986,13.385383605957031,28.594970703125,78.55224609375,-83.099365234375
3.3824999,-0.9313444495201111,-1.7375918626785278,13.257891654968262,-4.45556640625,64.788818359375,-57.861328125
3.3874999000000003,-2.6007015705108643,-2.1936872005462646,11.694478034973145,-24.749755859375,44.342041015625,-30.57861328125
3.3924999000000002,-4.292803764343262,-2.362478494644165,9.479243278503418,-26.30615234375,-8.056640625,29.144287109375
3.3974999,-5.846042156219482,-2.738368272781372,7.684788703918457,4.486083984375,-66.253662109375,81.787109375
3.4024999,-7.011419773101807,-2.7066450119018555,6.512228488922119,1.434326171875,-99.853515625,80.6884765625
3.4074999000000004,-7.515398979187012,-2.2218191623687744,6.749853134155273,-8.514404296875,-122.894287109375,67.474365234375
3.4124999000000003,-6.985682010650635,-1.1007342338562012,8.325836181640625,-5.9814453125,-121.09375,57.708740234375
3.4174999,-5.416881561279297,-0.0586579404771328,10.439916610717773,8.23974609375,-106.781005859375,51.849365234375
3.4224999,-3.313575267791748,0.6949170231819153,12.237363815307617,9.27734375,-114.013671875,66.5283203125
3.4274999000000004,-0.9498994946479797,0.74040687084198,12.801796913146973,20.93505859375,-109.344482421875,88.134765625
3.4324999000000003,1.0905588865280151,0.24001872539520264,11.884817123413086,25.390625,-73.73046875,98.052978515625
3.4374999,3.7439329624176025,-1.27191960811615,9.47146224975586,26.2451171875,-24.444580078125,95.27587890625
3.4424999,4.909310817718506,-2.011129379272461,8.845976829528809,30.242919921875,4.058837890625,74.27978515625
3.4474999000000004,4.993107795715332,-1.8818424940109253,8.97765827178955,30.70068359375,11.627197265625,58.04443359375
3.4524999000000003,4.809352874755859,-1.5257049798965454,9.188347816467285,30.76171875,23.162841796875,42.41943359375
3.4574999,4.458003520965576,-0.9115923047065735,9.408015251159668,30.059814453125,28.9306640625,28.3203125
3.4624999,4.001908302307129,-0.29388827085494995,9.570821762084961,25.787353515625,24.383544921875,11.749267578125
3.4674999,3.5440170764923096,0.3010708689689636,9.673172950744629,21.209716796875,19.775390625,-7.99560546875
3.4724999000000003,3.0849289894104004,0.6548141837120056,9.636661529541016,14.6484375,17.2119140625,-26.79443359375
3.4774999,2.6850972175598145,0.7344213724136353,9.4636812210083,4.8828125,15.44189453125,-42.510986328125
3.4824999,2.3702597618103027,0.6685808300971985,9.139864921569824,-4.7607421875,18.218994140625,-56.640625
3.4874999,2.167351007461548,0.5363011956214905,8.790311813354492,-16.54052734375,20.111083984375,-70.1904296875
3.4924999000000003,2.2649147510528564,0.730231523513794,8.276156425476074,-43.3349609375,28.9306640625,-100.006103515625
3.4974999,2.521692991256714,1.0672154426574707,8.157045364379883,-59.844970703125,36.68212890625,-113.800048828125
3.5024999,2.82515811920166,1.2946646213531494,8.309675216674805,-72.81494140625,56.884765625,-121.124267578125
3.5074999,3.008913040161133,1.291671872138977,9.059659004211426,-62.469482421875,103.668212890625,-114.74609375
3.5124999000000003,2.6605565547943115,0.6524199843406677,10.539276123046875,-20.660400390625,151.458740234375,-98.57177734375
3.5174999000000002,1.909974455833435,-0.44592007994651794,12.160749435424805,26.031494140625,115.814208984375,-92.376708984375
3.5224999,0.6446388363838196,-1.3682862520217896,13.038224220275879,26.42822265625,68.359375,-81.35986328125
3.5274999,-0.8810662031173706,-2.0266916751861572,12.701239585876465,-3.204345703125,57.769775390625,-59.9365234375
3.5324999000000004,-2.519897222518921,-2.360084295272827,11.186907768249512,-19.4091796875,39.459228515625,-29.632568359375
3.5374999000000003,-4.183269023895264,-2.3469161987304688,9.23563289642334,-16.754150390625,-10.31494140625,30.853271484375
3.5424999,-5.747879505157471,-2.491166830062866,7.7434468269348145,7.75146484375,-67.047119140625,79.742431640625
3.5474999,-6.8791399002075195,-2.251746654510498,6.934805393218994,-2.50244140625,-98.358154296875,72.998046875
3.5524999000000004,-6.634931564331055,-0.518943190574646,9.026140213012695,-7.14111328125,-114.74609375,50.811767578125
3.5574999000000003,-4.982932090759277,0.35434186458587646,10.813411712646484,0.823974609375,-109.649658203125,48.4619140625
3.5624999,-2.846705913543701,0.8427590131759644,12.267291069030762,7.659912109375,-115.478515625,67.474365234375
3.5674999,-0.5069721937179565,0.629675030708313,12.39957046508789,21.17919921875,-98.907470703125,85.357666015625
3.5724999000000004,1.456871747970581,-0.05686229094862938,11.421539306640625,23.529052734375,-62.774658203125,91.49169921875
3.5774999000000003,2.9011738300323486,-0.8391677141189575,10.180744171142578,24.383544921875,-38.26904296875,93.32275390625
3.5824999,3.9384617805480957,-1.5598224401474,9.25179386138916,25.604248046875,-18.1884765625,92.4072265625
3.5874999,4.579509258270264,-1.942894697189331,8.89565658569336,28.38134765625,-2.38037109375,85.693359375
3.5924999,4.869207859039307,-2.005143880844116,8.951920509338379,29.9072265625,5.401611328125,70.098876953125
3.5974999000000003,4.853046894073486,-1.7711106538772583,9.165003776550293,29.937744140625,10.498046875,50.323486328125
3.6024999,2.6222493648529053,0.6200982332229614,9.339181900024414,6.103515625,19.775390625,-43.609619140625
3.6074999,2.3756465911865234,0.6027402877807617,9.03631591796875,-1.617431640625,24.383544921875,-55.23681640625
3.6124999,2.3756465911865234,0.6027402877807617,9.03631591796875,-1.617431640625,24.383544921875,-55.23681640625
3.6174999000000003,2.227206230163574,0.545877993106842,8.704718589782715,-14.068603515625,26.519775390625,-67.87109375
3.6224999,2.204461097717285,0.6087257862091064,8.434772491455078,-28.717041015625,27.862548828125,-84.41162109375
3.6274999,2.29484224319458,0.8667010068893433,8.224681854248047,-44.647216796875,32.2265625,-101.318359375
3.6324999,2.5234885215759277,1.1941081285476685,8.093599319458008,-61.8896484375,41.412353515625,-115.936279296875
3.6374999000000003,2.7934348583221436,1.427542805671692,8.271966934204102,-75.25634765625,62.469482421875,-123.22998046875
3.6424999000000002,2.937685489654541,1.3640964031219482,9.208099365234375,-61.21826171875,108.82568359375,-116.02783203125
3.6474999,2.497152328491211,0.5033808946609497,10.943896293640137,-11.749267578125,143.463134765625,-98.419189453125
3.6524999,-1.292868971824646,-2.0177135467529297,12.611457824707031,-14.373779296875,56.488037109375,-44.525146484375
3.6574999000000004,-3.02327823638916,-2.236783027648926,10.671555519104004,-23.4375,28.50341796875,-9.1552734375
3.6624999000000003,-4.745906352996826,-2.36188006401062,8.782530784606934,-9.918212890625,-30.181884765625,58.502197265625
3.6674999,-6.260837554931641,-2.3774423599243164,7.18320369720459,8.6669921875,-81.54296875,86.0595703125
3.6724999,-7.286154270172119,-2.214038133621216,6.7749924659729,-7.75146484375,-110.015869140625,71.83837890625
3.6774999000000004,-7.4800848960876465,-1.4395138025283813,7.659051418304443,-15.2587890625,-122.711181640625,58.10546875
3.6824999000000003,-6.475118637084961,-0.3824737071990967,9.531915664672852,-0.762939453125,-112.213134765625,50.750732421875
3.6874999,-4.658517837524414,0.3932476341724396,11.351509094238281,7.26318359375,-109.405517578125,54.962158203125
3.6924999,-2.346317768096924,0.6997054219245911,12.625823020935059,13.580322265625,-118.621826171875,76.812744140625
3.6974999000000004,-0.02513911761343479,0.30526071786880493,12.319364547729492,23.468017578125,-92.7734375,92.34619140625
3.7024999000000003,1.8183962106704712,-0.3908534348011017,11.170147895812988,28.4423828125,-52.581787109375,99.639892578125
3.7074999,4.921281814575195,-1.9279309511184692,8.972869873046875,32.867431640625,5.950927734375,70.068359375
3.7124999,4.921281814575195,-1.9279309511184692,8.972869873046875,32.867431640625,5.950927734375,70.068359375
3.7174999,4.884769916534424,-1.6687586307525635,9.185355186462402,33.26416015625,16.17431640625,51.26953125
3.7224999000000003,4.626794815063477,-1.3820528984069824,9.504382133483887,37.506103515625,23.590087890625,38.787841796875
3.7274999,4.24970817565918,-0.7823054194450378,9.634267807006836,37.41455078125,24.261474609375,23.49853515625
3.7324999,3.885789394378662,-0.32022446393966675,9.822811126708984,30.3955078125,18.5546875,-7.293701171875
3.7374999,3.469796895980835,0.2932897210121155,9.763554573059082,23.3154296875,10.1318359375,-31.402587890625
3.7424999000000003,3.1226375102996826,0.6943184733390808,9.572616577148438,13.916015625,8.941650390625,-48.004150390625
3.7474999,2.8425159454345703,0.8074445128440857,9.214683532714844,5.157470703125,13.00048828125,-64.361572265625
3.7524999,2.6186580657958984,0.7386112213134766,8.757390975952148,-8.880615234375,14.83154296875,-79.620361328125
3.7574999,2.544437885284424,0.7146692276000977,8.324040412902832,-23.590087890625,18.5546875,-97.10693359375
3.7624999000000003,3.0119056701660156,1.690904974937439,7.372345447540283,-89.7216796875,44.708251953125,-145.5078125
3.7674999000000002,3.309385299682617,2.0171148777008057,7.861361503601074,-99.700927734375,78.9794921875,-146.97265625
3.7724999,3.1441853046417236,1.5873557329177856,9.457097053527832,-64.544677734375,158.203125,-130.0048828125
3.7774999,2.3762452602386475,0.44532153010368347,11.744756698608398,17.27294921875,170.379638671875,-108.367919921875
3.7824999000000004,1.125873327255249,-0.6877344250679016,13.357251167297363,43.15185546875,92.437744140625,-83.221435546875
3.7874999000000003,-0.6434416770935059,-1.7651251554489136,13.691242218017578,0.3662109375,65.826416015625,-52.42919921875
3.7924999,-2.45285964012146,-2.44747257232666,12.02188491821289,-36.895751953125,55.23681640625,-21.66748046875
3.7974999,-4.232349872589111,-2.853888511657715,9.768342971801758,-30.029296875,2.38037109375,50.10986328125
3.8024999000000004,-5.792172431945801,-3.0885202884674072,7.385513782501221,14.007568359375,-63.232421875,93.93310546875
3.8074999000000003,-7.000645637512207,-3.1489737033843994,6.096236228942871,3.96728515625,-106.93359375,89.263916015625
3.8124999,-7.24485445022583,-1.4586673974990845,7.681197643280029,6.866455078125,-125.701904296875,69.793701171875
3.8174999,-5.849034786224365,-0.36332011222839355,9.891045570373535,18.707275390625,-91.97998046875,59.295654296875
3.8224999000000004,-3.9205052852630615,0.47824180126190186,12.109273910522461,11.23046875,-114.013671875,75.98876953125
3.8274999000000003,-1.5867571830749512,0.6811503767967224,12.980164527893066,23.529052734375,-114.501953125,95.184326171875
3.8324999,0.4381389021873474,0.39145198464393616,12.254721641540527,33.935546875,-69.51904296875,109.43603515625
3.8374999,2.0045454502105713,-0.2621650993824005,10.952874183654785,35.82763671875,-42.41943359375,115.814208984375
3.8424999,4.095282077789307,-1.5532383918762207,8.972869873046875,31.585693359375,-8.7890625,100.006103515625
3.8474999000000003,4.649539470672607,-1.8417396545410156,8.704718589782715,32.40966796875,3.23486328125,84.28955078125
3.8524999,4.9565958976745605,-1.9141643047332764,8.831012725830078,33.843994140625,13.48876953125,69.27490234375
3.8574999,4.987720489501953,-1.6549919843673706,9.132083892822266,35.552978515625,15.9912109375,55.877685546875
3.8624999,4.793790340423584,-1.2222399711608887,9.459490776062012,33.38623046875,15.289306640625,35.0341796875
3.8674999000000003,3.3081881999969482,0.7457938194274902,9.354744911193848,6.439208984375,10.3759765625,-57.159423828125
3.8724999,3.008314371109009,0.7841010689735413,9.004592895507812,-4.2724609375,13.85498046875,-73.2421875
3.8774999,2.7994203567504883,0.7703344225883484,8.62511157989502,-16.204833984375,17.822265625,-89.599609375
3.8824999,2.7269957065582275,0.8140285611152649,8.200140953063965,-32.623291015625,24.200439453125,-106.14013671875
3.8874999000000003,2.7712883949279785,1.1234791278839111,7.807491779327393,-53.8330078125,29.571533203125,-123.687744140625
3.8924999000000002,2.935889720916748,1.4850035905838013,7.461529731750488,-78.30810546875,38.421630859375,-139.892578125
3.8974999,3.1872811317443848,1.8884265422821045,7.4752960205078125,-97.71728515625,62.286376953125,-148.834228515625
3.9024999,3.354875087738037,1.868674397468567,8.546701431274414,-90.423583984375,118.896484375,-142.27294921875
3.9074999000000004,2.7676970958709717,0.9941922426223755,10.60152530670166,-27.77099609375,187.80517578125,-118.408203125
3.9124999000000003,1.8303672075271606,-0.17477671802043915,12.720992088317871,40.58837890625,132.080078125,-105.224609375
3.9174999,-1.6196774244308472,-2.2661118507385254,13.0543851852417,-14.862060546875,62.713623046875,-47.8515625
3.9224999,-3.4123358726501465,-2.8209681510925293,11.1102933883667,-42.022705078125,37.139892578125,-0.30517578125
3.9274999000000004,-5.094262599945068,-3.023876667022705,8.634089469909668,-0.946044921875,-27.679443359375,71.35009765625
3.9324999000000003,-6.495469093322754,-3.203441858291626,6.856395244598389,15.9912109375,-80.047607421875,85.9375
3.9374999,-7.48846435546875,-2.9203274250030518,5.984307289123535,-11.383056640625,-118.194580078125,78.18603515625
3.9424999,-7.6752119064331055,-1.9877859354019165,6.795342922210693,-11.29150390625,-138.824462890625,73.30322265625
3.9474999000000004,-6.700771808624268,-0.922366201877594,8.751405715942383,15.289306640625,-107.666015625,60.1806640625
3.9524999000000003,-4.982333660125732,0.08619125932455063,11.026495933532715,12.664794921875,-99.853515625,62.56103515625
3.9574999,-2.765302896499634,0.667982280254364,12.84968090057373,15.655517578125,-124.420166015625,82.489013671875
3.9624999,-0.4926069974899292,0.6218938827514648,12.844892501831055,29.205322265625,-95.03173828125,100.2197265625
3.9674999000000004,1.3000515699386597,0.15442600846290588,11.789648056030273,35.858154296875,-57.342529296875,114.07470703125
3.9724999000000003,2.653373956680298,-0.5404910445213318,10.368688583374023,33.14208984375,-35.82763671875,116.3330078125
3.9774999,4.357447147369385,-1.7004817724227905,8.722076416015625,31.8603515625,-0.8544921875,93.44482421875
3.9824999,4.784213542938232,-1.833359956741333,8.558672904968262,30.609130859375,9.918212890625,78.155517578125
3.9874999,4.99669885635376,-1.777096152305603,8.828619003295898,30.94482421875,15.655517578125,62.1337890625
3.9924999000000003,4.920084476470947,-1.4036006927490234,9.19972038269043,31.67724609375,13.153076171875,45.745849609375
3.9974999,4.647744178771973,-0.9846154451370239,9.515754699707031,28.01513671875,15.716552734375,21.392822265625
4.0024999,4.253299236297607,-0.3842693865299225,9.783307075500488,24.90234375,14.95361328125,-8.026123046875
4.0074999,3.797802448272705,0.1346738487482071,9.743802070617676,17.7001953125,10.25390625,-30.029296875
4.0124999,3.4135329723358154,0.5159504413604736,9.587580680847168,9.58251953125,8.056640625,-48.15673828125
4.0174999,3.092111587524414,0.7026981711387634,9.28531265258789,0.91552734375,11.53564453125,-63.323974609375
4.022499900000001,2.830544948577881,0.6901286244392395,8.94533634185791,-8.60595703125,17.181396484375,-76.202392578125
4.0274999000000005,2.6886885166168213,0.6949170231819153,8.562862396240234,-20.6298828125,23.101806640625,-89.4775390625
4.0324999,2.6599581241607666,0.9235633015632629,8.177994728088379,-37.353515625,30.181884765625,-104.583740234375
4.0374999,3.157952070236206,1.8285715579986572,7.951742172241211,-89.84375,80.535888671875,-137.237548828125
4.0424999,3.0759506225585938,1.4383167028427124,9.381080627441406,-62.042236328125,143.6767578125,-122.955322265625
4.0474999,2.3259668350219727,0.34596213698387146,11.566388130187988,5.79833984375,164.55078125,-101.62353515625
4.0524999,1.2503718137741089,-0.7906851172447205,13.184868812561035,37.078857421875,94.329833984375,-96.954345703125
4.0574999,-0.44352585077285767,-1.765723705291748,13.706206321716309,10.528564453125,63.385009765625,-71.929931640625
4.062499900000001,-2.1481974124908447,-2.4576480388641357,12.367847442626953,-22.186279296875,55.084228515625,-43.365478515625
4.0674999000000005,-3.886387825012207,-2.7030537128448486,10.197504043579102,-32.2265625,17.913818359375,15.594482421875
4.0724999,-5.508459568023682,-2.912546396255493,8.083423614501953,8.9111328125,-47.91259765625,78.06396484375
4.0774999,-6.810306549072266,-2.919728994369507,6.687005519866943,8.636474609375,-91.552734375,80.780029296875
4.0824999,1.941697597503662,-0.1538274586200714,11.167754173278809,33.477783203125,-45.928955078125,111.297607421875
4.0874999,3.134010076522827,-0.9265560507774353,9.88506031036377,30.76171875,-30.70068359375,109.7412109375
4.0924999,3.9905357360839844,-1.5640122890472412,8.992621421813965,28.38134765625,-11.90185546875,99.06005859375
4.0974999,4.543596267700195,-1.8680758476257324,8.701127052307129,30.914306640625,4.57763671875,85.418701171875
4.1024999,4.836885929107666,-1.8956091403961182,8.710704803466797,30.517578125,14.129638671875,69.244384765625
4.1074999000000005,4.903325080871582,-1.6292542219161987,8.986037254333496,30.303955078125,19.500732421875,54.74853515625
4.1124999,4.733336925506592,-1.2395979166030884,9.316437721252441,30.487060546875,19.1650390625,38.75732421875
4.1174999,4.395155906677246,-0.656609833240509,9.569025993347168,27.618408203125,21.759033203125,16.845703125
4.1224999,3.9905357360839844,-0.11192893236875534,9.758766174316406,23.284912109375,19.500732421875,-9.674072265625
4.1274999,3.115454912185669,0.7469909191131592,9.536105155944824,6.2255859375,11.3525390625,-47.393798828125
4.1324999,2.759317398071289,0.8176198601722717,9.197325706481934,-2.99072265625,15.2587890625,-61.309814453125
4.1374999,2.472611904144287,0.6943184733390808,8.81784439086914,-14.22119140625,19.439697265625,-72.8759765625
4.1424999,2.3582887649536133,0.6200982332229614,8.453327178955078,-25.390625,25.87890625,-85.540771484375
4.147499900000001,2.38462495803833,0.6817489266395569,8.182184219360352,-40.069580078125,31.494140625,-101.5625
4.1524999000000005,2.5558102130889893,1.1174936294555664,8.052298545837402,-57.952880859375,35.400390625,-118.0419921875
4.1574999,2.823961019515991,1.4323312044143677,8.093000411987305,-75.714111328125,50.445556640625,-128.662109375
4.1624999,0.8367735147476196,-1.3856441974639893,13.005902290344238,38.39111328125,78.369140625,-77.57568359375
4.1674999,-6.889914035797119,-2.2457611560821533,7.092822551727295,3.204345703125,-91.85791015625,75.86669921875
4.1724999,-7.5213847160339355,-1.6711528301239014,7.261613845825195,-14.83154296875,-115.6005859375,59.844970703125
4.1774999,-7.054515361785889,-0.6141127347946167,8.69095230102539,-16.11328125,-119.32373046875,48.40087890625
4.1824999,-5.503671169281006,0.3621230125427246,10.398616790771484,-1.251220703125,-107.757568359375,46.08154296875
4.187499900000001,-3.3722331523895264,0.8702923059463501,12.037447929382324,6.34765625,-116.973876953125,64.208984375
4.1924999000000005,-0.9917980432510376,0.7631517648696899,12.52945613861084,19.04296875,-110.748291015625,83.984375
4.1974999,-0.9917980432510376,0.7631517648696899,12.52945613861084,19.04296875,-110.748291015625,83.984375
4.2024999,1.0444705486297607,0.03890577703714371,11.697470664978027,24.5361328125,-69.091796875,96.3134765625
4.2074999,2.562992811203003,-0.7805097699165344,10.507553100585938,29.815673828125,-39.85595703125,101.593017578125
4.2124999,3.959411144256592,-0.25258827209472656,9.647436141967773,25.360107421875,22.369384765625,10.68115234375
4.2174999,3.5015199184417725,0.26994624733924866,9.717466354370117,20.81298828125,18.85986328125,-10.284423828125
4.2224999,3.0436289310455322,0.5883750915527344,9.660005569458008,13.5498046875,15.80810546875,-28.656005859375
4.2274999,2.672527551651001,0.6308721303939819,9.406818389892578,4.241943359375,16.693115234375,-43.304443359375
4.2324999000000005,2.364274263381958,0.52552729845047,9.093177795410156,-4.547119140625,19.439697265625,-55.60302734375
4.2374999,2.184709072113037,0.41120412945747375,8.793304443359375,-14.190673828125,21.728515625,-68.206787109375
4.2424999,2.161365509033203,0.4596867263317108,8.559270858764648,-26.153564453125,25.69580078125,-82.45849609375
4.2474999,2.521692991256714,1.0348936319351196,8.340201377868652,-54.656982421875,37.109375,-110.77880859375
4.2524999,2.779069662094116,1.2779051065444946,8.440757751464844,-66.40625,54.3212890625,-118.011474609375
4.2574999,2.892195701599121,1.245583415031433,9.097966194152832,-58.7158203125,91.796875,-113.861083984375
4.2624999,2.563591480255127,0.47644615173339844,10.367491722106934,-24.96337890625,127.44140625,-100.677490234375
4.2674999,1.8471266031265259,-0.5776011347770691,11.834539413452148,18.341064453125,106.14013671875,-88.714599609375
4.272499900000001,0.6494272351264954,-1.599326729774475,12.643180847167969,28.533935546875,69.122314453125,-74.310302734375
4.2774999000000005,-0.8146271109580994,-2.1559786796569824,12.416330337524414,-1.983642578125,58.2275390625,-58.502197265625
4.2824999,-2.446275472640991,-2.3481132984161377,11.094132423400879,-11.16943359375,41.44287109375,-27.252197265625
4.2874999,-4.113238334655762,-2.1721394062042236,9.35773754119873,-14.190673828125,-5.4931640625,30.303955078125
4.2924999,-5.720944881439209,-2.1278467178344727,8.088212013244629,8.1787109375,-58.135986328125,75.653076171875
4.2974999,-6.869563102722168,-1.7597382068634033,7.390900611877441,-3.2958984375,-89.53857421875,69.091796875
4.3024999,-7.3418192863464355,-1.128267526626587,7.860164165496826,-21.1181640625,-112.579345703125,54.840087890625
4.3074999,-5.058349609375,0.6302735805511475,10.743980407714844,-4.486083984375,-111.297607421875,46.356201171875
4.312499900000001,-2.9287071228027344,0.9151836037635803,12.018294334411621,5.340576171875,-116.607666015625,66.131591796875
4.3174999000000005,-0.5805938839912415,0.48482584953308105,12.164938926696777,19.439697265625,-102.1728515625,84.320068359375
4.3224999,1.37906014919281,-0.32381579279899597,11.246164321899414,24.505615234375,-61.767578125,92.529296875
4.3274999,2.855085611343384,-1.2509703636169434,10.127472877502441,27.374267578125,-36.68212890625,95.8251953125
4.3324999,3.9169139862060547,-1.8830395936965942,9.207501411437988,27.28271484375,-18.096923828125,94.23828125
4.3374999,4.593874454498291,-2.212841033935547,8.862735748291016,28.045654296875,0.335693359375,85.784912109375
4.3424999,4.92188024520874,-2.118269920349121,8.908824920654297,30.487060546875,11.90185546875,72.998046875
4.3474999,4.931457042694092,-1.7298107147216797,9.154829025268555,30.82275390625,17.02880859375,56.70166015625
4.352499900000001,4.671686172485352,-1.1737574338912964,9.32302188873291,28.106689453125,21.881103515625,37.628173828125
4.3574999000000005,4.281431198120117,-0.6440402865409851,9.55705451965332,25.970458984375,23.834228515625,19.378662109375
4.3624999,3.7876269817352295,-0.0802057534456253,9.696516990661621,27.40478515625,21.820068359375,4.669189453125
4.3674999,2.892195701599121,0.5237316489219666,9.703699111938477,13.671875,13.580322265625,-36.376953125
4.3724999,2.5288755893707275,0.5482721924781799,9.371503829956055,2.593994140625,16.11328125,-48.248291015625
4.3774999,2.27209734916687,0.4297592043876648,9.042900085449219,-4.69970703125,20.416259765625,-60.11962890625
4.3824999,2.1487960815429688,0.3477577865123749,8.664017677307129,-15.716552734375,23.37646484375,-73.883056640625
4.3874999,2.204461097717285,0.4704606235027313,8.435969352722168,-29.388427734375,26.18408203125,-90.14892578125
4.3924999,2.403179883956909,0.9367313981056213,8.265382766723633,-44.3115234375,32.53173828125,-105.194091796875
4.397499900000001,2.6569652557373047,1.2000936269760132,8.186373710632324,-61.1572265625,42.388916015625,-116.69921875
4.4024999000000005,2.9281086921691895,1.5490485429763794,8.406042098999023,-69.366455078125,66.253662109375,-120.819091796875
4.4074999,2.9526493549346924,1.2563573122024536,9.331999778747559,-54.01611328125,109.7412109375,-112.884521484375
4.4124999,2.471414804458618,0.13587094843387604,10.92534065246582,-10.101318359375,132.843017578125,-95.39794921875
4.4174999,1.5592238903045654,-0.8601169586181641,12.413337707519531,34.48486328125,93.963623046875,-76.141357421875
4.4224999,0.17477671802043915,-1.9261353015899658,12.968193054199219,16.41845703125,66.986083984375,-62.80517578125
4.4274999,-6.4164605140686035,-2.1152772903442383,7.4549455642700195,6.439208984375,-76.96533203125,80.535888671875
4.4324999,-7.367557048797607,-1.7381904125213623,7.208342552185059,-10.955810546875,-104.949951171875,67.0166015625
4.437499900000001,-7.458536624908447,-0.884058952331543,8.119935035705566,-18.73779296875,-119.842529296875,53.497314453125
4.4424999000000005,-6.367978096008301,0.17238251864910126,9.79288387298584,-7.720947265625,-116.02783203125,46.142578125
4.4474999,-4.462791919708252,0.7727286219596863,11.376049041748047,-0.3662109375,-116.607666015625,52.825927734375
4.4524999,-2.1062989234924316,0.8415619134902954,12.428300857543945,13.519287109375,-118.10302734375,75.86669921875
4.4574999,0.1933317929506302,0.30705636739730835,12.038644790649414,25.604248046875,-88.92822265625,92.041015625
4.4624999,1.9967641830444336,-0.6135141849517822,10.923544883728027,27.64892578125,-51.849365234375,99.334716796875
4.4674999,3.312976598739624,-1.4293384552001953,9.730634689331055,28.900146484375,-28.167724609375,100.616455078125
4.4724999,4.231751441955566,-2.050035238265991,8.966883659362793,28.62548828125,-6.256103515625,97.869873046875
4.477499900000001,4.7584757804870605,-1.0965443849563599,9.473855972290039,28.961181640625,21.78955078125,32.318115234375
4.4824999000000005,3.8073792457580566,-0.020949264988303185,9.765948295593262,25.69580078125,19.04296875,-10.009765625
4.4874999,3.312976598739624,0.35075053572654724,9.815030097961426,19.012451171875,11.04736328125,-33.843994140625
4.4924999,2.871246337890625,0.5835866928100586,9.521739959716797,8.575439453125,11.71875,-48.797607421875
4.4974999,2.5504233837127686,0.6009446382522583,9.193734169006348,-0.48828125,15.777587890625,-60.516357421875
4.5024999,2.3295583724975586,0.5297171473503113,8.771158218383789,-9.70458984375,21.1181640625,-72.3876953125
4.5074999,2.2637176513671875,0.5213374495506287,8.423998832702637,-23.8037109375,23.956298828125,-87.2802734375
4.5124999,2.3499090671539307,0.7110779285430908,8.172607421875,-39.154052734375,27.83203125,-104.156494140625
4.5174999,2.8580782413482666,1.4676456451416016,7.97329044342041,-74.554443359375,51.8798828125,-126.739501953125
4.522499900000001,3.111265182495117,1.6603789329528809,8.537723541259766,-74.310302734375,86.7919921875,-124.664306640625
4.5274999000000005,2.9059622287750244,0.9445125460624695,9.960477828979492,-40.71044921875,141.29638671875,-109.283447265625
4.5324999,2.1978771686553955,-0.17178396880626678,11.942876815795898,20.416259765625,129.5166015625,-87.127685546875
4.5374999,0.9594763517379761,-1.3617022037506104,13.166912078857422,37.200927734375,78.7353515625,-64.788818359375
4.5424999,-0.6841431260108948,-2.1092917919158936,13.261483192443848,-2.25830078125,66.314697265625,-53.924560546875
4.5474999,-2.470217704772949,-2.433107376098633,11.82915210723877,-16.2353515625,49.86572265625,-28.228759765625
4.5524999,-4.234145641326904,-2.358887195587158,9.671378135681152,-19.59228515625,-0.06103515625,31.06689453125
4.5574999,-5.8885393142700195,-2.4223334789276123,7.90086555480957,6.2255859375,-62.3779296875,82.366943359375
4.562499900000001,-7.690774440765381,-1.5867571830749512,7.119757175445557,-16.326904296875,-118.5302734375,62.255859375
4.5674999000000005,-7.17242956161499,-0.44412440061569214,8.65743350982666,-11.016845703125,-121.09375,52.30712890625
4.5724999,-0.9995791912078857,0.7679402232170105,12.618639945983887,22.39990234375,-110.809326171875,86.395263671875
4.5774999,1.0684125423431396,-0.02454056777060032,11.73398208618164,29.60205078125,-67.93212890625,100.738525390625
4.5824999,2.585737943649292,-0.828393816947937,10.451887130737305,32.77587890625,-36.712646484375,107.574462890625
4.5874999,3.6780924797058105,-1.668160080909729,9.298480987548828,29.632568359375,-15.56396484375,108.795166015625
4.5924999,4.414309501647949,-2.1302409172058105,8.789113998413086,31.036376953125,1.251220703125,101.50146484375
4.5974999,4.843470096588135,-2.2020668983459473,8.69214916229248,31.494140625,13.641357421875,86.944580078125
4.602499900000001,4.994304656982422,-1.912368655204773,8.975862503051758,32.470703125,18.85986328125,68.328857421875
4.6074999000000005,4.884769916534424,-1.490989089012146,9.361329078674316,32.196044921875,16.78466796875,48.858642578125
4.6124999,4.550180435180664,-0.945111095905304,9.643844604492188,33.355712890625,20.32470703125,29.72412109375
4.6174999,4.10246467590332,-0.44173020124435425,9.800664901733398,28.80859375,19.22607421875,3.326416015625
4.6224999,3.6373908519744873,0.08559270948171616,9.838972091674805,22.3388671875,10.55908203125,-23.92578125
4.6274999,2.469619035720825,0.7356184720993042,8.271368026733398,-29.96826171875,26.3671875,-94.54345703125
4.6324999,2.542642116546631,0.9726444482803345,7.9864583015441895,-47.66845703125,31.67724609375,-110.77880859375
4.6374999,2.715623378753662,1.3503297567367554,7.808688640594482,-66.46728515625,40.313720703125,-125.030517578125
4.6424999,2.7096378803253174,0.5859808921813965,10.592546463012695,-25.0244140625,152.191162109375,-103.759765625
4.647499900000001,1.8495208024978638,-0.557250440120697,12.533047676086426,34.149169921875,117.218017578125,-78.277587890625
4.6524999000000005,0.4866214990615845,-1.8309657573699951,13.514071464538574,29.144287109375,76.324462890625,-61.920166015625
4.6574999,-1.236605167388916,-2.380434989929199,13.098677635192871,-7.293701171875,64.849853515625,-49.98779296875
4.6624999,-7.6985554695129395,-1.1749545335769653,7.4100542068481445,-16.510009765625,-120.2392578125,56.33544921875
4.6674999,-6.886921405792236,0.06404489278793335,9.165602684020996,-16.021728515625,-117.12646484375,46.661376953125
4.6724999,-5.080495834350586,0.9720458984375,10.982203483581543,-1.220703125,-114.654541015625,48.583984375
4.6774999,-2.8215668201446533,1.2198457717895508,12.445060729980469,8.026123046875,-123.96240234375,71.10595703125
4.6824999,-0.4279635548591614,0.6751648783683777,12.426505088806152,21.728515625,-103.45458984375,89.324951171875
4.687499900000001,1.4712369441986084,-0.28969839215278625,11.3269681930542,26.092529296875,-60.943603515625,97.808837890625
4.6924999000000005,2.89339280128479,-1.2557587623596191,10.077195167541504,29.083251953125,-34.60693359375,99.456787109375
4.6974999,3.933074951171875,-1.9536685943603516,9.063849449157715,26.91650390625,-12.5732421875,96.25244140625
4.7024999,4.660313606262207,-2.232593059539795,8.762778282165527,27.9541015625,0.3662109375,88.897705078125
4.7074999,3.420117139816284,0.2555810213088989,9.719860076904297,22.552490234375,19.47021484375,-16.204833984375
4.7124999,3.0160956382751465,0.37828385829925537,9.791686058044434,15.655517578125,11.993408203125,-39.9169921875
4.7174999,2.6431987285614014,0.4770447015762329,9.4014310836792,5.4931640625,15.716552734375,-53.680419921875
4.7224999,2.717418909072876,1.3970166444778442,7.920019149780273,-69.305419921875,40.802001953125,-127.960205078125
4.727499900000001,3.1429882049560547,1.5598224401474,9.203909873962402,-61.8896484375,120.66650390625,-119.81201171875
4.7324999000000005,2.6372132301330566,0.3411737382411957,11.018714904785156,-7.26318359375,152.008056640625,-96.5576171875
4.7374999,1.6502034664154053,-0.7966706156730652,12.685079574584961,41.748046875,98.785400390625,-77.7587890625
4.7424999,0.09277531504631042,-2.0009541511535645,13.308768272399902,15.93017578125,71.2890625,-62.3779296875
4.7474999,-1.73519766330719,-2.4648306369781494,12.60307788848877,-11.962890625,60.821533203125,-41.351318359375
4.7524999,-3.5230677127838135,-2.627037763595581,10.685321807861328,-20.01953125,24.658203125,2.44140625
4.7574999,-5.2893900871276855,-2.45285964012146,8.683769226074219,-1.89208984375,-38.055419921875,67.413330078125
4.7624999,-6.679224014282227,-2.3918075561523438,7.251438617706299,4.791259765625,-82.70263671875,83.1298828125
4.7674999,-7.605780124664307,-1.9207483530044556,6.8360443115234375,-12.14599609375,-114.471435546875,72.3876953125
4.772499900000001,-7.614160060882568,-0.9074024558067322,7.845200538635254,-16.143798828125,-126.77001953125,60.6689453125
4.7774999000000005,1.9171570539474487,-0.6290764808654785,11.017518043518066,32.196044921875,-48.980712890625,107.879638671875
4.7824999,3.226186752319336,-1.4179660081863403,9.746794700622559,32.53173828125,-25.604248046875,107.879638671875
4.7874999,4.173093795776367,-2.0039467811584473,8.953117370605469,30.45654296875,-3.5400390625,102.386474609375
4.7924999,4.808155536651611,-2.1984755992889404,8.731653213500977,32.53173828125,6.4697265625,89.263916015625
4.7974999,5.123591423034668,-2.008136749267578,8.875904083251953,32.3486328125,10.528564453125,72.265625
4.8024999,2.585139274597168,0.7601590156555176,8.249221801757812,-25.634765625,23.895263671875,-102.47802734375
4.8074999,2.6563668251037598,1.070208191871643,7.888894557952881,-47.119140625,26.611328125,-122.13134765625
4.812499900000001,2.83174204826355,1.50355863571167,7.541136741638184,-73.1201171875,32.16552734375,-140.380859375
4.8174999000000005,3.1208419799804688,1.946485996246338,7.420828342437744,-94.54345703125,51.116943359375,-151.79443359375
4.8224999,3.3423056602478027,1.9853917360305786,8.20732307434082,-95.306396484375,104.1259765625,-146.30126953125
4.8274999,2.9215245246887207,1.216254472732544,10.047266960144043,-39.520263671875,181.549072265625,-119.903564453125
4.8324999,2.076969861984253,-0.004189853090792894,12.248735427856445,38.970947265625,143.157958984375,-100.372314453125
4.8374999,0.5638344883918762,-1.1300631761550903,13.543400764465332,34.36279296875,77.63671875,-72.723388671875
4.8424999,-1.245583415031433,-1.912368655204773,13.128604888916016,-13.336181640625,64.300537109375,-43.64013671875
4.8474999,-4.830301761627197,-2.6862943172454834,8.868123054504395,-11.932373046875,-23.101806640625,70.526123046875
4.852499900000001,-6.324283599853516,-3.0795419216156006,7.016806602478027,19.500732421875,-76.934814453125,92.7734375
4.8574999000000005,-7.327454090118408,-2.959233283996582,6.034585475921631,-4.08935546875,-113.311767578125,84.320068359375
4.8624999,-7.68538761138916,-2.1697452068328857,6.622960567474365,-13.397216796875,-136.5966796875,77.850341796875
4.8674999,-6.868366241455078,-1.1456254720687866,8.534730911254883,10.284423828125,-112.36572265625,60.05859375
4.8724999,-5.2666449546813965,-0.11432313174009323,10.751761436462402,11.962890625,-95.367431640625,57.43408203125
4.8774999,-3.093308687210083,0.6248866319656372,12.701239585876465,15.472412109375,-120.635986328125,78.06396484375
4.8824999,-0.7739257216453552,0.6350619792938232,12.917316436767578,28.25927734375,-99.4873046875,96.49658203125
4.8874999,1.0959458351135254,0.2992752194404602,11.93629264831543,34.97314453125,-60.028076171875,112.4267578125
4.8924999,2.4660277366638184,-0.4183867573738098,10.509347915649414,32.958984375,-35.369873046875,119.2626953125
4.897499900000001,3.4584243297576904,-1.1019313335418701,9.284713745117188,30.2734375,-10.68115234375,111.87744140625
4.9024999000000005,4.132990837097168,-1.6053122282028198,8.637083053588867,30.670166015625,6.744384765625,97.900390625
4.9074999,4.5423994064331055,-1.0223240852355957,9.537900924682617,24.383544921875,11.77978515625,20.111083984375
4.9124999,4.210203647613525,-0.4531026780605316,9.79288387298584,20.56884765625,8.758544921875,-5.67626953125
4.9174999,3.801393747329712,0.1149216815829277,9.803058624267578,15.93017578125,7.354736328125,-25.390625
4.9224999,3.4338839054107666,0.4985924959182739,9.654618263244629,9.58251953125,8.087158203125,-40.985107421875
4.9274999,3.134010076522827,0.7116764783859253,9.3643217086792,1.03759765625,12.786865234375,-54.229736328125
4.9324999,2.8862102031707764,0.7398083209991455,9.00399398803711,-8.209228515625,19.287109375,-65.12451171875
4.937499900000001,2.7036523818969727,0.6967126727104187,8.636484146118164,-18.798828125,26.275634765625,-75.74462890625
4.9424999000000005,2.6228480339050293,0.7433996200561523,8.309675216674805,-31.494140625,33.26416015625,-89.41650390625
4.9474999,2.62823486328125,0.9882067441940308,8.04810905456543,-48.9501953125,38.63525390625,-105.52978515625
4.9524999,2.7323827743530273,1.22642982006073,7.9744873046875,-67.413330078125,46.234130859375,-118.927001953125
4.9574999,2.8419175148010254,1.2210428714752197,9.399636268615723,-56.33544921875,118.133544921875,-112.6708984375
4.9624999,2.256535053253174,0.12868833541870117,11.119271278381348,-7.87353515625,142.2119140625,-95.062255859375
4.9674999,1.3611036539077759,-0.9594763517379761,12.607866287231445,32.8369140625,93.8720703125,-85.63232421875
4.9724999,-0.04249707981944084,-2.052429437637329,13.117232322692871,22.88818359375,61.6455078125,-75.531005859375
4.977499900000001,-1.5203180313110352,-2.3726539611816406,12.254721641540527,-9.3994140625,54.656982421875,-61.187744140625
4.9824999000000005,-3.0400376319885254,-2.446275472640991,10.499771118164062,-11.932373046875,31.524658203125,-25.69580078125
4.9874999,-4.6507368087768555,-2.233790159225464,8.789712905883789,-7.26318359375,-20.08056640625,37.139892578125
4.9924999,-6.033987045288086,-2.1583728790283203,7.6752119064331055,8.575439453125,-66.436767578125,72.998046875
4.9974999,-7.084442615509033,-1.7956513166427612,7.405265808105469,-7.01904296875,-93.6279296875,63.873291015625
5.0024999,-7.250839710235596,-0.9750386476516724,8.078036308288574,-18.768310546875,-112.36572265625,51.910400390625
5.0074999,-6.338648796081543,0.11552023142576218,9.569623947143555,-15.960693359375,-114.44091796875,47.119140625
5.0124999,-4.499902248382568,0.8319851160049438,11.042656898498535,-3.814697265625,-112.030029296875,50.1708984375
5.0174999,-0.05985504388809204,0.5380968451499939,12.120047569274902,22.15576171875,-94.512939453125,85.51025390625
5.022499900000001,1.6867151260375977,-0.41539400815963745,11.092336654663086,25.604248046875,-56.09130859375,95.947265625
5.0274999000000005,2.962824583053589,-1.2647370100021362,9.958083152770996,27.16064453125,-32.958984375,99.884033203125
5.0324999,3.839700937271118,-1.9512743949890137,9.01476764678955,25.93994140625,-11.749267578125,98.114013671875
5.0374999,4.4526166915893555,-2.23199462890625,8.740033149719238,27.40478515625,6.134033203125,88.80615234375
5.0424999,4.7369279861450195,-2.1134815216064453,8.875904083251953,29.4189453125,10.1318359375,73.699951171875
5.0474999,4.7584757804870605,-1.7244237661361694,9.165003776550293,27.77099609375,12.725830078125,54.13818359375
5.0524999,4.534019470214844,-1.1881226301193237,9.435548782348633,26.55029296875,17.578125,32.3486328125
5.0574999,4.143764495849609,-0.619499683380127,9.636063575744629,24.078369140625,18.98193359375,15.625
5.062499900000001,3.688866376876831,-0.04967968538403511,9.676764488220215,21.514892578125,17.2119140625,-0.30517578125
5.0674999000000005,3.269282341003418,0.3621230125427246,9.708487510681152,16.66259765625,13.7939453125,-19.34814453125
5.0724999,2.8838160037994385,0.5764040350914001,9.553462982177734,9.796142578125,13.97705078125,-34.942626953125
5.0774999,2.6001031398773193,0.5692214369773865,9.326014518737793,1.556396484375,16.876220703125,-46.875
5.0824999,2.3762452602386475,0.4620809257030487,9.018359184265137,-6.378173828125,22.369384765625,-57.098388671875
5.0874999,2.2625205516815186,0.3818751573562622,8.73225212097168,-16.4794921875,26.092529296875,-68.05419921875
5.0924999,2.2697031497955322,0.5297171473503113,8.555081367492676,-28.01513671875,30.792236328125,-81.6650390625
5.0974999,2.3948001861572266,0.7451952695846558,8.38688850402832,-41.961669921875,36.407470703125,-95.64208984375
5.102499900000001,2.5695769786834717,1.0432734489440918,8.385092735290527,-56.304931640625,43.670654296875,-107.269287109375
5.1074999000000005,2.759916067123413,1.1504138708114624,8.653243064880371,-61.5234375,64.88037109375,-112.335205078125
5.1124999,2.7287914752960205,0.9157821536064148,9.568427085876465,-43.51806640625,105.95703125,-104.644775390625
5.1174999,2.229001760482788,0.08140286058187485,10.989984512329102,-4.2724609375,122.589111328125,-88.80615234375
5.1224999,1.456871747970581,-0.8834604024887085,12.178107261657715,22.918701171875,86.60888671875,-84.77783203125
5.1274999,0.2124854028224945,-1.6633716821670532,12.579733848571777,16.7236328125,60.302734375,-73.455810546875
5.1324999,-1.173158884048462,-2.0021512508392334,11.817779541015625,-6.500244140625,52.18505859375,-54.8095703125
5.1374999,-4.344278812408447,-1.9291280508041382,8.838793754577637,-10.25390625,-19.073486328125,32.073974609375
5.1424999,-5.880159378051758,-1.9614497423171997,7.903858184814453,4.150390625,-64.63623046875,75.3173828125
5.147499900000001,-6.887519836425781,-1.6328455209732056,7.563881874084473,-7.4462890625,-95.03173828125,67.718505859375
5.1524999000000005,-7.174823760986328,-1.0336965322494507,8.213309288024902,-19.83642578125,-113.250732421875,54.87060546875
5.1574999,-6.316502571105957,-0.050876785069704056,9.598953247070312,-15.289306640625,-113.800048828125,51.20849609375
5.1624999,-4.587290287017822,0.5428852438926697,11.065999984741211,0.9765625,-111.572265625,52.947998046875
5.1674999,-2.4384944438934326,0.7817068696022034,12.118850708007812,11.04736328125,-110.321044921875,71.77734375
5.1724999,-0.24839842319488525,0.3172317147254944,12.04463005065918,23.37646484375,-91.85791015625,90.75927734375
5.1774999,1.5394717454910278,-0.5129576921463013,11.05642318725586,26.91650390625,-57.2509765625,101.4404296875
5.1824999,2.8407204151153564,-1.37906014919281,9.919178009033203,29.052734375,-32.135009765625,104.888916015625
5.187499900000001,3.778050184249878,-2.074575662612915,9.09377670288086,30.82275390625,-8.60595703125,102.813720703125
5.1924999000000005,4.394556999206543,-2.3511061668395996,8.854954719543457,33.416748046875,6.9580078125,93.56689453125
5.1974999,4.745307922363281,-1.780089020729065,9.297284126281738,35.369873046875,15.960693359375,59.844970703125
5.2024999,4.552574634552002,-1.2294225692749023,9.582792282104492,34.1796875,18.310546875,40.22216796875
5.2074999,4.201824188232422,-0.6625953316688538,9.75936508178711,33.447265625,16.845703125,21.087646484375
5.2124999,3.8157589435577393,-0.1364694982767105,9.828198432922363,29.937744140625,14.2822265625,-2.532958984375
5.2174999,3.4332852363586426,0.284311443567276,9.816226959228516,24.688720703125,9.82666015625,-27.34375
5.2224999,3.1064767837524414,0.5554547905921936,9.621698379516602,15.960693359375,7.01904296875,-46.0205078125
5.227499900000001,2.850895643234253,0.6105214357376099,9.299078941345215,6.439208984375,10.101318359375,-61.1572265625
5.2324999000000005,2.6360161304473877,0.5578489899635315,8.908226013183594,-3.448486328125,14.5263671875,-74.3408203125
5.2374999,2.542043685913086,0.48901569843292236,8.509591102600098,-15.2587890625,20.111083984375,-89.202880859375
5.2424999,2.580949544906616,0.6661866307258606,8.147468566894531,-32.196044921875,25.2685546875,-106.719970703125
5.2474999,2.74076247215271,1.1091139316558838,7.829039573669434,-53.89404296875,29.60205078125,-125.152587890625
5.2524999,2.962226152420044,1.644816517829895,7.537545680999756,-79.89501953125,37.841796875,-141.021728515625
5.2574999,3.2591071128845215,1.8584990501403809,8.872312545776367,-80.108642578125,128.875732421875,-135.498046875
5.2624999,2.6126725673675537,0.6733692288398743,11.01272964477539,-7.6904296875,176.300048828125,-105.28564453125
5.2674999,1.6226701736450195,-0.5494692921638489,12.859257698059082,47.4853515625,107.696533203125,-83.19091796875
5.272499900000001,-0.02753331884741783,-1.766920804977417,13.665504455566406,16.876220703125,67.962646484375,-56.7626953125
5.2774999000000005,-1.8052281141281128,-2.5049335956573486,12.592304229736328,-23.13232421875,61.279296875,-32.65380859375
5.2824999,-5.317522048950195,-2.8419175148010254,8.175600051879883,8.9111328125,-43.853759765625,84.41162109375
5.2874999,-6.7259111404418945,-2.7748796939849854,6.6397199630737305,11.474609375,-88.226318359375,85.99853515625
5.2924999,-7.581838130950928,-2.389413356781006,6.217741966247559,-15.777587890625,-117.7978515625,75.01220703125
5.2974999,-7.592612266540527,-1.357512354850769,7.420229434967041,-9.58251953125,-132.080078125,68.878173828125
5.3024999,-6.439205646514893,-0.37648820877075195,9.46487808227539,9.09423828125,-108.062744140625,55.694580078125
5.3074999,-4.5854949951171875,0.4273650050163269,11.595717430114746,7.568359375,-105.04150390625,61.21826171875
5.312499900000001,-0.010773907415568829,0.4776432514190674,12.60307788848877,30.059814453125,-87.249755859375,101.043701171875
5.3174999000000005,1.710058569908142,-0.11372458189725876,11.331756591796875,31.951904296875,-51.483154296875,111.297607421875
5.3224999,1.710058569908142,-0.11372458189725876,11.331756591796875,31.951904296875,-51.483154296875,111.297607421875
5.3274999,2.9652187824249268,-0.9253589510917664,9.966463088989258,29.9072265625,-28.900146484375,111.907958984375
5.3324999,3.8337154388427734,-1.5975310802459717,8.987235069274902,29.60205078125,-6.89697265625,103.118896484375
5.3374999,4.413112163543701,-1.9740192890167236,8.580220222473145,31.06689453125,10.711669921875,89.752197265625
5.3424999,4.738125324249268,-1.9979612827301025,8.639476776123047,29.510498046875,14.495849609375,73.1201171875
5.3474999,4.855441093444824,-1.7663222551345825,8.968679428100586,27.679443359375,13.12255859375,55.48095703125
5.352499900000001,4.757278919219971,-1.2761094570159912,9.37509536743164,28.6865234375,15.13671875,37.4755859375
5.3574999000000005,4.499902248382568,-0.7445967197418213,9.682151794433594,26.336669921875,16.11328125,13.3056640625
5.3624999,2.646790027618408,0.6548141837120056,8.866926193237305,-9.552001953125,21.209716796875,-70.159912109375
5.3674999,2.5043349266052246,0.6841431260108948,8.464101791381836,-22.796630859375,25.390625,-84.716796875
5.3724999,2.5115175247192383,0.9858125448226929,8.143877029418945,-39.031982421875,28.62548828125,-101.715087890625
5.3774999,2.61087703704834,1.1988965272903442,7.877521991729736,-58.59375,35.15625,-118.377685546875
5.3824999,2.806602954864502,1.5376760959625244,7.835623741149902,-75.958251953125,47.882080078125,-129.21142578125
5.3874999,3.0406360626220703,1.523909330368042,8.376114845275879,-78.91845703125,80.047607421875,-128.47900390625
5.3924999,2.942473888397217,1.0660183429718018,9.845556259155273,-46.234130859375,139.068603515625,-111.602783203125
5.397499900000001,2.258330821990967,-0.046088382601737976,11.850699424743652,11.04736328125,142.15087890625,-92.46826171875
5.4024999000000005,1.2246341705322266,-1.01753568649292,13.205818176269531,32.257080078125,82.794189453125,-90.63720703125
5.4074999,-0.3902548849582672,-1.8932149410247803,13.420099258422852,6.927490234375,65.91796875,-70.159912109375
5.4124999,-2.0602104663848877,-2.390011787414551,12.039841651916504,-16.937255859375,54.87060546875,-42.572021484375
5.4174999,-7.247847080230713,-0.970848798751831,8.063671112060547,-13.153076171875,-122.772216796875,55.450439453125
5.4224999,-5.881356239318848,0.09038111567497253,9.984419822692871,0.885009765625,-109.619140625,49.86572265625
5.4274999,-3.909731388092041,0.7667431235313416,11.75792407989502,3.5400390625,-113.250732421875,58.074951171875
5.4324999,-1.592742681503296,0.9355342984199524,12.780248641967773,18.4326171875,-115.936279296875,78.91845703125
5.437499900000001,0.5117605924606323,0.3693056106567383,12.152369499206543,28.1982421875,-79.498291015625,95.184326171875
5.4424999000000005,3.221997022628784,-1.2731167078018188,9.655217170715332,29.388427734375,-23.956298828125,108.82568359375
5.4474999,4.025850296020508,-1.889025092124939,8.879495620727539,28.564453125,-3.11279296875,103.08837890625
5.4524999,4.544793605804443,-2.120664119720459,8.672995567321777,31.219482421875,8.941650390625,89.53857421875
5.4574999,4.794388771057129,-1.613093376159668,9.140463829040527,28.4423828125,15.716552734375,50.201416015625
5.4624999,4.794388771057129,-1.613093376159668,9.140463829040527,28.4423828125,15.716552734375,50.201416015625
5.4674999,4.586093425750732,-1.1109095811843872,9.501389503479004,28.74755859375,18.5546875,31.707763671875
5.4724999,4.217386245727539,-0.545877993106842,9.674968719482422,28.106689453125,19.195556640625,13.36669921875
5.477499900000001,3.8067808151245117,-0.02214636653661728,9.833584785461426,22.674560546875,13.702392578125,-11.688232421875
5.4824999000000005,3.362656354904175,0.3687070608139038,9.807249069213867,17.120361328125,8.819580078125,-32.623291015625
5.4874999,2.9753942489624023,0.5500678420066833,9.560047149658203,8.11767578125,10.6201171875,-46.56982421875
5.4924999,2.674323320388794,0.569819986820221,9.240421295166016,0.823974609375,16.571044921875,-58.53271484375
5.4974999,2.456450939178467,0.5309142470359802,8.829216957092285,-9.490966796875,21.484375,-70.068359375
5.5024999,2.38462495803833,0.5710170865058899,8.4916353225708,-22.94921875,24.444580078125,-84.625244140625
5.5074999,2.4432828426361084,0.9481038451194763,8.203133583068848,-38.2080078125,29.35791015625,-100.7080078125
5.5124999,2.588730573654175,1.158793568611145,7.988852500915527,-57.06787109375,36.19384765625,-115.264892578125
5.5174999,2.8802247047424316,0.8852560520172119,9.867103576660156,-43.182373046875,135.8642578125,-108.795166015625
5.522499900000001,2.191891670227051,-0.3321954905986786,11.782464981079102,13.641357421875,131.744384765625,-86.273193359375
5.5274999000000005,1.116895079612732,-1.4443022012710571,13.058574676513672,37.17041015625,80.535888671875,-74.981689453125
5.5324999,-0.4465186297893524,-2.254140853881836,13.183073043823242,2.685546875,66.131591796875,-63.720703125
5.5374999,-2.1152772903442383,-2.4432828426361084,11.713631629943848,-9.796142578125,53.52783203125,-37.2314453125
5.5424999,-3.838503837585449,-2.3977930545806885,9.876680374145508,-18.829345703125,9.46044921875,16.265869140625
5.5474999,-5.502473831176758,-2.2200236320495605,8.081028938293457,7.232666015625,-49.102783203125,74.798583984375
5.5524999,-6.826467514038086,-2.058414936065674,7.229291915893555,2.01416015625,-84.228515625,74.005126953125
5.5574999,-7.5650787353515625,-1.4945803880691528,7.305307865142822,-17.486572265625,-111.846923828125,58.89892578125
5.562499900000001,-7.2556281089782715,-0.4842272996902466,8.562263488769531,-18.951416015625,-121.88720703125,51.513671875
5.5674999000000005,-5.841852188110352,0.4321534037590027,10.268132209777832,-3.23486328125,-112.12158203125,48.187255859375
5.5724999,2.208052635192871,-0.8403648138046265,10.621875762939453,28.86962890625,-46.32568359375,104.98046875
5.5774999,3.338714361190796,-1.66696298122406,9.391854286193848,28.228759765625,-19.83642578125,104.217529296875
5.5824999,4.174290657043457,-2.161365509033203,8.822632789611816,29.9072265625,-1.007080078125,97.564697265625
5.5874999,4.704007625579834,-2.2816741466522217,8.775347709655762,30.70068359375,1.373291015625,83.404541015625
5.5924999,4.949413299560547,-2.0386626720428467,9.011775016784668,28.38134765625,3.326416015625,60.394287109375
5.5974999,4.879981517791748,-1.6148890256881714,9.311050415039062,26.641845703125,9.765625,34.5458984375
5.602499900000001,4.598064422607422,-1.0947487354278564,9.53849983215332,25.177001953125,15.594482421875,17.791748046875
5.6074999000000005,4.183867454528809,-0.4991910457611084,9.663596153259277,28.4423828125,23.37646484375,7.110595703125
5.6124999,3.7678749561309814,0.05027823522686958,9.724648475646973,24.96337890625,20.8740234375,-10.80322265625
5.6174999,3.3686418533325195,0.5147533416748047,9.741408348083496,19.744873046875,14.6484375,-30.029296875
5.6224999,2.366668462753296,0.6051344871520996,8.450334548950195,-22.918701171875,27.374267578125,-86.0595703125
5.6274999,2.43011474609375,0.8475474119186401,8.094796180725098,-42.6025390625,29.205322265625,-105.40771484375
5.6324999,2.58813214302063,1.3114240169525146,7.828441143035889,-63.812255859375,34.7900390625,-120.9716796875
5.6374999,2.853289842605591,1.5945383310317993,7.756016254425049,-80.322265625,53.77197265625,-130.523681640625
5.6424999,3.0849289894104004,1.6268600225448608,8.474875450134277,-78.4912109375,93.597412109375,-127.44140625
5.647499900000001,2.7958290576934814,0.9792284965515137,10.22383975982666,-33.447265625,152.313232421875,-105.743408203125
5.6524999000000005,2.0871453285217285,-0.07841010391712189,12.269684791564941,27.9541015625,128.662109375,-90.423583984375
5.6574999,0.811634361743927,-0.9738415479660034,13.467384338378906,27.374267578125,78.521728515625,-76.507568359375
5.6624999,-0.8595184087753296,-1.7764976024627686,13.341090202331543,-6.927490234375,65.673828125,-51.605224609375
5.6674999,-2.585139274597168,-2.163759708404541,11.474211692810059,-29.4189453125,44.7998046875,-23.284912109375
5.6724999,-5.960963726043701,-2.759916067123413,7.429806232452393,14.556884765625,-67.779541015625,85.540771484375
5.6774999,-7.135319709777832,-2.783858060836792,6.480505466461182,-1.03759765625,-100.28076171875,74.8291015625
5.6824999,2.367266893386841,-0.5273229479789734,10.556035041809082,33.050537109375,-36.31591796875,114.654541015625
5.687499900000001,3.381211280822754,-1.2862848043441772,9.382277488708496,33.0810546875,-12.298583984375,113.128662109375
5.6924999000000005,4.1192240715026855,-1.8291701078414917,8.802881240844727,33.538818359375,2.38037109375,104.248046875
5.6974999,4.574720859527588,-2.0691888332366943,8.725069999694824,31.8603515625,2.777099609375,85.99853515625
5.7024999,4.8488569259643555,-1.6956933736801147,9.32661247253418,34.759521484375,20.721435546875,45.41015625
5.7074999,4.642356872558594,-1.1450269222259521,9.589376449584961,32.867431640625,16.326904296875,27.587890625
5.7124999,4.359841346740723,-0.5063736438751221,9.782109260559082,29.296875,14.34326171875,0.823974609375
5.7174999,3.9857473373413086,0.16579847037792206,9.81143856048584,24.383544921875,10.772705078125,-25.421142578125
5.7224999,3.5936968326568604,0.585382342338562,9.646238327026367,15.777587890625,7.232666015625,-44.61669921875
5.727499900000001,3.2154128551483154,0.7428010702133179,9.340977668762207,6.4697265625,10.498046875,-60.028076171875
5.7324999000000005,2.867655038833618,0.7236474752426147,8.977059364318848,-2.227783203125,15.228271484375,-73.8525390625
5.7374999,2.6150667667388916,0.6613982319831848,8.571840286254883,-15.5029296875,19.22607421875,-88.775634765625
5.7424999,2.5480291843414307,0.8403648138046265,8.222886085510254,-32.1044921875,23.529052734375,-104.400634765625
5.7474999,2.606687068939209,1.136048674583435,7.816470146179199,-54.26025390625,30.21240234375,-119.140625
5.7524999,2.785653591156006,1.5538369417190552,7.529165744781494,-74.8291015625,39.398193359375,-131.4697265625
5.7574999,3.047818660736084,1.8441338539123535,7.533355712890625,-91.552734375,61.70654296875,-139.58740234375
5.7624999,0.4638765752315521,-1.2874820232391357,13.795989036560059,22.88818359375,74.188232421875,-72.906494140625
5.7674999,-1.2892776727676392,-2.1571757793426514,13.237541198730469,-12.237548828125,67.7490234375,-46.142578125
5.772499900000001,-3.028066635131836,-2.6126725673675537,11.278485298156738,-33.5693359375,43.853759765625,-12.786865234375
5.7774999000000005,-4.820724964141846,-2.7970261573791504,8.992023468017578,-14.34326171875,-19.71435546875,58.7158203125
5.7824999,-6.257246017456055,-3.0125043392181396,7.156867504119873,14.70947265625,-73.79150390625,84.442138671875
5.7874999,-7.330447196960449,-2.8604724407196045,6.100425720214844,-5.18798828125,-107.086181640625,74.52392578125
5.7924999,-7.647678852081299,-2.118868589401245,6.505644798278809,-15.7470703125,-134.33837890625,70.159912109375
5.7974999,-6.88332986831665,-1.0660183429718018,8.28094482421875,8.392333984375,-120.941162109375,63.5986328125
5.8024999,-5.2666449546813965,-0.0077811554074287415,10.465654373168945,13.12255859375,-99.79248046875,59.234619140625
5.8074999,-3.132214307785034,0.6332663297653198,12.406753540039062,13.00048828125,-118.896484375,72.69287109375
5.812499900000001,1.0462661981582642,0.34596213698387146,11.924321174621582,35.33935546875,-68.78662109375,108.154296875
5.8174999000000005,2.3959972858428955,-0.41359832882881165,10.541071891784668,33.966064453125,-39.093017578125,119.537353515625
5.8224999,3.337517261505127,-1.1653777360916138,9.388861656188965,33.63037109375,-12.5732421875,118.438720703125
5.8274999,3.977367639541626,-1.7639280557632446,8.780136108398438,36.041259765625,2.716064453125,108.58154296875
5.8324999,4.408323764801025,-2.036867141723633,8.672995567321777,34.454345703125,7.080078125,92.46826171875
5.8374999,4.635773181915283,-2.0458452701568604,8.949525833129883,32.2265625,7.110595703125,69.183349609375
5.8424999,4.014477729797363,0.03232172131538391,9.821614265441895,26.336669921875,10.955810546875,-17.425537109375
5.8474999,3.708019971847534,0.5518634915351868,9.714473724365234,19.6533203125,8.056640625,-37.261962890625
5.852499900000001,3.0867245197296143,0.8254010081291199,9.049484252929688,0.3662109375,13.3056640625,-70.6787109375
5.8574999000000005,2.8203697204589844,0.7984662652015686,8.624512672424316,-13.458251953125,16.17431640625,-87.677001953125
5.8624999,2.698265314102173,0.8475474119186401,8.145672798156738,-31.3720703125,21.30126953125,-105.1025390625
5.8674999,2.694674015045166,1.1186907291412354,7.73087739944458,-53.16162109375,26.947021484375,-121.795654296875
5.8724999,2.826355218887329,1.4951789379119873,7.35199499130249,-76.324462890625,34.515380859375,-136.993408203125
5.8774999,3.046621561050415,1.8471266031265259,7.260416507720947,-97.47314453125,51.81884765625,-148.3154296875
5.8824999,3.046621561050415,1.8471266031265259,7.260416507720947,-97.47314453125,51.81884765625,-148.3154296875
5.8874999,3.3033998012542725,2.0171148777008057,8.134300231933594,-100.616455078125,95.52001953125,-145.233154296875
5.8924999,3.0406360626220703,1.4484920501708984,10.08437728881836,-48.736572265625,174.102783203125,-118.22509765625
5.897499900000001,2.1727380752563477,0.1646013706922531,12.437877655029297,28.62548828125,150.115966796875,-92.22412109375
5.9024999000000005,0.8649053573608398,-1.0690110921859741,13.74930191040039,26.3671875,76.873779296875,-86.48681640625
5.9074999,-1.025316834449768,-2.1092917919158936,13.612832069396973,-1.89208984375,68.4814453125,-56.33544921875
5.9124999,-6.035782337188721,-3.2375593185424805,7.217320919036865,14.129638671875,-63.262939453125,81.1767578125
5.9174999,-6.035782337188721,-3.2375593185424805,7.217320919036865,14.129638671875,-63.262939453125,81.1767578125
5.9224999,-7.094019412994385,-3.208828926086426,6.107608318328857,3.84521484375,-101.6845703125,77.178955078125
5.9274999,-7.574655532836914,-2.612074136734009,6.139930248260498,-10.345458984375,-128.47900390625,73.79150390625
5.9324999,-7.0587053298950195,-1.3970166444778442,7.772775650024414,3.082275390625,-127.471923828125,69.39697265625
5.937499900000001,-5.60602331161499,-0.2669534981250763,9.9586820602417,13.763427734375,-99.365234375,59.478759765625
5.9424999000000005,-3.6517560482025146,0.6416460275650024,12.084134101867676,8.209228515625,-115.203857421875,66.864013671875
5.9474999,-1.3527239561080933,0.9229647517204285,12.946645736694336,24.7802734375,-110.992431640625,84.625244140625
5.9524999,0.6308721303939819,0.6200982332229614,12.25651741027832,35.064697265625,-75.86669921875,101.287841796875
5.9574999,2.099116325378418,-0.09038111567497253,10.873865127563477,33.63037109375,-45.257568359375,115.509033203125
5.9624999,3.13700270652771,-0.9062053561210632,9.586981773376465,32.71484375,-18.707275390625,119.68994140625
5.9674999,3.8307228088378906,-1.5717934370040894,8.801684379577637,34.576416015625,-0.18310546875,113.46435546875
5.9724999,4.574720859527588,-1.2988544702529907,9.527127265930176,30.609130859375,14.95361328125,33.14208984375
5.977499900000001,4.574720859527588,-1.2988544702529907,9.527127265930176,30.609130859375,14.95361328125,33.14208984375
5.9824999000000005,4.343081951141357,-0.7260416746139526,9.736021041870117,27.862548828125,13.85498046875,9.82666015625
5.9874999,4.043806552886963,-0.09816227108240128,9.798270225524902,23.193359375,10.8642578125,-14.129638671875
5.9924999,3.7193922996520996,0.42856210470199585,9.709086418151855,17.27294921875,7.720947265625,-33.5693359375
5.9974999,3.4075474739074707,0.7146692276000977,9.460089683532715,9.307861328125,9.82666015625,-49.98779296875
6.0024999,3.1016883850097656,0.7823054194450378,9.142857551574707,0.091552734375,13.702392578125,-65.24658203125
6.0074999,2.8341362476348877,0.7260416746139526,8.740033149719238,-11.71875,18.73779296875,-79.376220703125
6.0124999,2.6827030181884766,0.8301894664764404,8.304288864135742,-26.9775390625,24.322509765625,-94.390869140625
6.017499900000001,2.6354174613952637,0.9846154451370239,7.8966755867004395,-47.149658203125,30.1513671875,-110.076904296875
6.022499900000001,2.7024552822113037,1.3611036539077759,7.5848307609558105,-67.840576171875,35.980224609375,-125.213623046875
6.0274999000000005,2.9502551555633545,1.2665326595306396,10.047266960144043,-49.835205078125,148.651123046875,-115.447998046875
6.0324999,2.182913303375244,0.11611878126859665,12.236166000366211,16.05224609375,143.524169921875,-91.61376953125
6.0374999,1.1264718770980835,-1.0103530883789062,13.640365600585938,28.6865234375,79.498291015625,-92.071533203125
6.0424999,-0.5710170865058899,-1.9267338514328003,13.696629524230957,3.60107421875,67.56591796875,-69.183349609375
6.0474999,-2.1793220043182373,-2.477998733520508,12.031461715698242,-17.425537109375,57.9833984375,-43.487548828125
6.0524999,-3.8798038959503174,-2.670732021331787,9.867103576660156,-25.787353515625,15.2587890625,13.427734375
6.0574999,-5.459977149963379,-2.8850131034851074,7.918822288513184,7.232666015625,-48.675537109375,74.8291015625
6.062499900000001,-6.682217121124268,-2.9239187240600586,6.699574947357178,6.2255859375,-88.134765625,77.1484375
6.0674999000000005,-7.391499042510986,-2.539050817489624,6.471527099609375,-9.94873046875,-115.692138671875,68.78662109375
6.0724999,-7.1676411628723145,-1.4754267930984497,7.6985554695129395,-8.514404296875,-126.434326171875,64.544677734375
6.0774999,-5.8639984130859375,-0.3208230137825012,9.689932823181152,8.85009765625,-104.461669921875,56.732177734375
6.0824999,0.32022446393966675,0.5710170865058899,12.403162002563477,31.463623046875,-82.672119140625,92.59033203125
6.0874999,1.886630892753601,-0.13527239859104156,11.125855445861816,33.26416015625,-49.346923828125,108.428955078125
6.0924999,2.9741971492767334,-0.9032126069068909,9.791088104248047,31.8603515625,-21.17919921875,116.455078125
6.0974999,3.706224203109741,-1.5532383918762207,8.928576469421387,33.203125,-3.021240234375,113.677978515625
6.102499900000001,4.1629180908203125,-1.911171555519104,8.62630844116211,34.0576171875,8.72802734375,103.302001953125
6.1074999000000005,4.4274773597717285,-1.954267144203186,8.769362449645996,33.14208984375,13.580322265625,83.92333984375
6.1124999,4.535216331481934,-1.7471686601638794,9.123703956604004,32.3486328125,16.11328125,60.272216796875
6.1174999,4.4723687171936035,-1.3293805122375488,9.543288230895996,31.982421875,14.007568359375,38.4521484375
6.1224999,4.261679172515869,-0.812831461429596,9.767744064331055,29.876708984375,11.65771484375,15.380859375
6.1274999,3.9917328357696533,-0.2759317457675934,9.849745750427246,25.390625,9.002685546875,-10.986328125
6.1324999,3.6535518169403076,0.23163901269435883,9.779715538024902,19.4091796875,5.584716796875,-32.318115234375
6.1374999,2.649782657623291,0.899621307849884,8.467094421386719,-20.172119140625,22.705078125,-87.615966796875
6.142499900000001,2.603694438934326,0.9253589510917664,8.090007781982422,-37.994384765625,28.74755859375,-102.447509765625
6.147499900000001,2.670732021331787,1.2743138074874878,7.753622055053711,-58.135986328125,33.966064453125,-117.24853515625
6.1524999000000005,2.807800054550171,1.4640543460845947,7.562684535980225,-78.521728515625,43.487548828125,-130.645751953125
6.1574999,3.0166940689086914,1.6178817749023438,7.861361503601074,-90.75927734375,69.27490234375,-136.3525390625
6.1624999,3.072359323501587,1.426345705986023,9.23323917388916,-70.98388671875,124.81689453125,-123.6572265625
6.1674999,2.4654293060302734,0.43933600187301636,11.429919242858887,-6.378173828125,158.99658203125,-96.923828125
6.1724999,1.6304513216018677,-0.6572083830833435,13.207613945007324,35.58349609375,99.9755859375,-90.63720703125
6.1774999,0.08559270948171616,-1.6394295692443848,13.936049461364746,13.702392578125,72.845458984375,-72.20458984375
6.1824999,-1.5634137392044067,-2.2673089504241943,12.864644050598145,-13.092041015625,65.460205078125,-46.93603515625
6.187499900000001,-3.2207999229431152,-2.609679937362671,10.80203914642334,-28.86962890625,34.515380859375,-8.331298828125
6.1924999000000005,-4.906317710876465,-2.7473464012145996,8.631096839904785,-5.584716796875,-28.167724609375,63.3544921875
6.1974999,-6.242282390594482,-2.985569477081299,7.029376029968262,12.939453125,-74.249267578125,81.6650390625
6.2024999,-7.176619529724121,-2.7305870056152344,6.296152114868164,-4.730224609375,-107.2998046875,74.8291015625
6.2074999,-7.376535415649414,-1.8770540952682495,6.965331077575684,-11.77978515625,-130.31005859375,69.305419921875
6.2124999,-6.505644798278809,-0.6733692288398743,8.859743118286133,3.7841796875,-113.494873046875,60.11962890625
6.2174999,-4.892550945281982,0.37469255924224854,10.952275276184082,9.490966796875,-104.67529296875,55.60302734375
6.2224999,-2.7712883949279785,0.945111095905304,12.669516563415527,11.871337890625,-123.809814453125,68.389892578125
6.227499900000001,-0.5339069962501526,0.8918401598930359,12.683881759643555,26.519775390625,-96.771240234375,86.029052734375
6.2324999000000005,1.2635399103164673,0.2801215946674347,11.667543411254883,33.63037109375,-63.232421875,104.3701171875
6.2374999,2.58813214302063,-0.5542576909065247,10.237008094787598,32.16552734375,-33.38623046875,117.340087890625
6.2424999,3.4751837253570557,-1.3617022037506104,9.17817211151123,32.958984375,-8.97216796875,117.431640625
6.2474999,4.420893669128418,-2.079962730407715,8.692748069763184,33.538818359375,8.087158203125,90.667724609375
6.2524999,4.586691856384277,-2.0219032764434814,9.019556045532227,31.768798828125,9.82666015625,67.474365234375
6.2574999,4.587290287017822,-1.7004817724227905,9.426570892333984,33.02001953125,14.0380859375,45.2880859375
6.2624999,4.432265758514404,-1.217451572418213,9.729436874389648,34.7900390625,18.9208984375,26.9775390625
6.267499900000001,4.1862616539001465,-0.628477931022644,9.871294021606445,32.623291015625,16.815185546875,3.84521484375
6.272499900000001,3.904344320297241,-0.015562310814857483,9.868300437927246,26.9775390625,10.955810546875,-20.599365234375
6.2774999000000005,3.5942952632904053,0.4381389021873474,9.717466354370117,20.050048828125,7.568359375,-39.520263671875
6.2824999,3.2986114025115967,0.6500257849693298,9.454702377319336,12.725830078125,10.68115234375,-55.755615234375
6.2874999,2.98437237739563,0.6548141837120056,9.075819969177246,3.35693359375,15.045166015625,-71.502685546875
6.2924999,2.7718870639801025,0.8762778043746948,8.671798706054688,-10.711669921875,17.39501953125,-87.7685546875
6.2974999,2.6611552238464355,0.8810662031173706,8.167819023132324,-29.754638671875,22.064208984375,-106.292724609375
6.3024999,2.669534921646118,1.3407529592514038,7.701548099517822,-52.825927734375,25.421142578125,-123.53515625
6.3074999,2.98437237739563,1.4419080018997192,9.90361499786377,-52.764892578125,172.42431640625,-122.222900390625
6.312499900000001,2.1422119140625,0.14185644686222076,12.281656265258789,29.4189453125,152.557373046875,-91.6748046875
6.3174999000000005,0.8696937561035156,-1.1061211824417114,13.591882705688477,28.1982421875,77.0263671875,-83.984375
6.3224999,-1.035492181777954,-2.1068975925445557,13.337498664855957,-3.72314453125,70.037841796875,-52.18505859375
6.3274999,-2.8149826526641846,-3.0178911685943604,11.484387397766113,-37.139892578125,56.915283203125,-15.5029296875
6.3324999,-4.538209438323975,-3.09689998626709,9.066842079162598,-15.0146484375,-5.767822265625,59.173583984375
6.3374999,-6.01423454284668,-3.4536359310150146,7.084442615509033,19.805908203125,-66.253662109375,88.287353515625
6.3424999,-7.038952827453613,-3.2992098331451416,5.993884086608887,2.593994140625,-102.935791015625,81.48193359375
6.3474999,-7.535749912261963,-2.567182779312134,6.134543418884277,-9.8876953125,-130.950927734375,78.67431640625
6.352499900000001,-7.03057336807251,-1.279700756072998,7.881113529205322,5.706787109375,-126.068115234375,71.533203125
6.3574999000000005,-3.7050271034240723,0.871489405632019,12.234969139099121,8.7890625,-115.3564453125,67.5048828125
6.3624999,-1.4167689085006714,1.104325532913208,12.993332862854004,26.885986328125,-110.137939453125,87.066650390625
6.3674999,0.569819986820221,0.6997054219245911,12.200851440429688,34.97314453125,-75.714111328125,105.40771484375
6.3724999,2.050035238265991,-0.13287819921970367,10.80084228515625,33.477783203125,-45.684814453125,118.499755859375
6.3774999,3.093308687210083,-1.0121487379074097,9.542689323425293,33.111572265625,-18.73779296875,120.78857421875
6.3824999,3.8337154388427734,-1.6944962739944458,8.80048656463623,36.529541015625,3.265380859375,114.1357421875
6.3874999,4.32991361618042,-2.078166961669922,8.602965354919434,37.04833984375,12.5732421875,98.876953125
6.392499900000001,4.640561580657959,-2.123058319091797,8.7885160446167,34.1796875,14.404296875,78.91845703125
6.397499900000001,4.742913722991943,-1.8064252138137817,9.21588134765625,34.515380859375,13.48876953125,57.647705078125
6.4024999000000005,4.405331134796143,-0.706289529800415,9.777320861816406,29.876708984375,12.451171875,6.988525390625
6.4074999,4.083311080932617,-0.09038111567497253,9.840767860412598,25.5126953125,6.072998046875,-18.24951171875
6.4124999,3.424306869506836,0.6147112846374512,9.570222854614258,13.3056640625,5.0048828125,-56.671142578125
6.4174999,3.1525650024414062,0.7128735780715942,9.23682975769043,3.662109375,10.1318359375,-72.174072265625
6.4224999,2.982576847076416,0.9247604012489319,8.7885160446167,-9.521484375,16.17431640625,-87.158203125
6.4274999,2.874239206314087,0.8924387097358704,8.24383544921875,-28.01513671875,21.759033203125,-103.271484375
6.4324999,2.8628666400909424,1.259350061416626,7.696161270141602,-49.530029296875,27.191162109375,-120.2392578125
6.437499900000001,2.8987796306610107,1.4472949504852295,7.2340803146362305,-73.333740234375,35.614013671875,-138.12255859375
6.4424999000000005,3.0125043392181396,1.789067268371582,7.004835605621338,-98.2666015625,47.7294921875,-153.045654296875
6.4474999,3.2082302570343018,2.009333848953247,7.68538761138916,-109.954833984375,81.634521484375,-155.120849609375
6.4524999,3.0615854263305664,1.6178817749023438,9.50498104095459,-66.619873046875,169.708251953125,-132.4462890625
6.4574999,2.212242364883423,0.36152446269989014,11.994352340698242,20.751953125,168.792724609375,-99.945068359375
6.4624999,1.0660183429718018,-0.8804676532745361,13.506290435791016,36.041259765625,83.19091796875,-90.2099609375
6.4674999,-0.7912836670875549,-2.0817582607269287,13.73433780670166,2.197265625,71.35009765625,-56.640625
6.4724999,-4.308964729309082,-3.1028854846954346,9.687539100646973,-23.0712890625,9.21630859375,38.26904296875
6.477499900000001,-5.75326681137085,-3.28963303565979,7.509413719177246,17.242431640625,-54.443359375,80.047607421875
6.4824999000000005,-6.933009624481201,-3.251325845718384,6.113594055175781,3.021240234375,-95.916748046875,81.35986328125
6.4874999,-7.511209487915039,-2.741360902786255,5.786187171936035,-14.34326171875,-131.011962890625,82.70263671875
6.4924999,-7.2005615234375,-1.5568296909332275,7.238868713378906,7.32421875,-135.955810546875,78.06396484375
6.4974999,-5.912481307983398,-0.406415730714798,9.421782493591309,18.85986328125,-95.550537109375,63.29345703125
6.5024999,-4.033631324768066,0.5518634915351868,11.725004196166992,9.58251953125,-107.11669921875,66.986083984375
6.5074999,-1.7483657598495483,0.9415197968482971,12.918514251708984,24.0478515625,-112.060546875,85.8154296875
6.5124999,0.3477577865123749,0.6853402256965637,12.442068099975586,36.865234375,-79.16259765625,100.616455078125
6.517499900000001,0.3477577865123749,0.6853402256965637,12.442068099975586,36.865234375,-79.16259765625,100.616455078125
6.522499900000001,1.9321208000183105,0.02992752194404602,11.091139793395996,33.050537109375,-50.048828125,112.701416015625
6.5274999000000005,3.050212860107422,-0.761954665184021,9.70429801940918,29.571533203125,-24.10888671875,115.66162109375
6.5324999,4.387973308563232,-1.7950527667999268,8.461109161376953,32.745361328125,15.13671875,95.367431640625
6.5374999,4.387973308563232,-1.7950527667999268,8.461109161376953,32.745361328125,15.13671875,95.367431640625
6.5424999,4.728548526763916,-1.8369512557983398,8.525154113769531,27.16064453125,18.341064453125,75.469970703125
6.5474999,4.838083267211914,-1.547252893447876,8.91181755065918,23.8037109375,14.984130859375,51.26953125
6.5524999,4.701014995574951,-1.0720038414001465,9.245808601379395,19.287109375,11.962890625,25.909423828125
6.5574999,4.389170169830322,-0.49140989780426025,9.46487808227539,13.946533203125,12.176513671875,1.15966796875
6.562499900000001,3.573944568634033,0.6476315855979919,9.504382133483887,2.227783203125,11.199951171875,-34.088134765625
6.5674999000000005,3.573944568634033,0.6476315855979919,9.504382133483887,2.227783203125,11.199951171875,-34.088134765625
6.5724999,3.2136173248291016,0.9475052952766418,9.32421875,-5.37109375,14.58740234375,-45.074462890625
6.5774999,2.875436305999756,1.035492181777954,9.090185165405273,-13.092041015625,23.284912109375,-51.69677734375
6.5824999,2.557007312774658,0.9050082564353943,8.859145164489746,-20.294189453125,31.79931640625,-55.48095703125
6.5874999,2.296039342880249,0.7212532758712769,8.6897554397583,-27.16064453125,40.22216796875,-59.99755859375
6.5924999,1.9051860570907593,0.5069721937179565,9.388861656188965,-37.445068359375,59.6923828125,-76.385498046875
6.5974999,1.9051860570907593,0.5069721937179565,9.388861656188965,-37.445068359375,59.6923828125,-76.385498046875
6.602499900000001,1.7405846118927002,0.29807811975479126,10.136451721191406,-21.820068359375,68.90869140625,-72.93701171875
6.6074999000000005,1.4287399053573608,-0.18375498056411743,10.936115264892578,-1.800537109375,68.389892578125,-68.572998046875
6.6124999,0.9283517003059387,-0.7948749661445618,11.43530559539795,6.8359375,60.943603515625,-70.73974609375
6.6174999,0.34835633635520935,-1.2791022062301636,11.371260643005371,7.415771484375,53.192138671875,-81.298828125
6.6224999,-0.29149407148361206,-1.5388731956481934,10.69130802154541,-2.899169921875,35.82763671875,-87.646484375
6.6274999,-0.961870551109314,-1.4927847385406494,9.798869132995605,-15.350341796875,17.578125,-81.207275390625
6.6324999,-1.7926585674285889,-1.2533645629882812,9.173982620239258,-23.62060546875,9.429931640625,-60.333251953125
6.6374999,-2.8335378170013428,-1.2802993059158325,9.038111686706543,-12.0849609375,-1.15966796875,-21.42333984375
6.642499900000001,-4.824914932250977,-1.2336124181747437,9.413402557373047,6.195068359375,-52.520751953125,52.642822265625
6.647499900000001,-4.719570159912109,-0.3902548849582672,9.783307075500488,-22.430419921875,-83.770751953125,34.0576171875
6.6524999000000005,-3.6511576175689697,0.24779987335205078,10.331579208374023,-19.53125,-95.123291015625,41.3818359375
6.6574999,-2.0925323963165283,0.4800374507904053,10.846930503845215,-1.28173828125,-89.508056640625,45.41015625
6.6624999,-0.5159504413604736,0.33698388934135437,11.124059677124023,5.43212890625,-80.352783203125,56.243896484375
6.6674999,0.9690531492233276,-0.3064578175544739,10.82239055633545,12.115478515625,-66.95556640625,65.765380859375
6.6724999,2.140416383743286,-1.0732009410858154,10.108918190002441,15.7470703125,-38.330078125,69.122314453125
6.6774999,2.962824583053589,-1.7345991134643555,9.473258018493652,19.6533203125,-16.845703125,70.343017578125
6.6824999,3.5027170181274414,-2.0434510707855225,9.126696586608887,22.125244140625,-1.556396484375,68.17626953125
6.687499900000001,3.751115560531616,-1.999756932258606,9.130288124084473,23.651123046875,8.209228515625,60.272216796875
6.6924999000000005,3.772064685821533,-1.659181833267212,9.34397029876709,24.017333984375,12.8173828125,49.163818359375
6.6974999,3.603872060775757,-1.0995371341705322,9.567828178405762,24.383544921875,15.655517578125,35.980224609375
6.7024999,3.3686418533325195,-0.46507367491722107,9.696516990661621,21.91162109375,16.7236328125,21.209716796875
6.7074999,2.2230162620544434,0.586579442024231,9.209297180175781,-3.448486328125,20.81298828125,-24.200439453125
6.7124999,1.9422961473464966,0.41778820753097534,9.133879661560059,-6.561279296875,25.93994140625,-25.69580078125
6.7174999,1.6944962739944458,0.20470423996448517,9.188945770263672,-8.514404296875,30.242919921875,-27.557373046875
6.7224999,1.5083470344543457,0.018555063754320145,9.345766067504883,-9.09423828125,33.69140625,-29.388427734375
6.727499900000001,1.3778630495071411,-0.17657238245010376,9.543288230895996,-8.30078125,37.811279296875,-30.181884765625
6.7324999000000005,1.2635399103164673,-0.36092591285705566,9.782109260559082,-5.645751953125,39.581298828125,-31.005859375
6.7374999,1.1558008193969727,-0.43514615297317505,9.985616683959961,-2.349853515625,39.215087890625,-33.416748046875
6.7424999,1.048660397529602,-0.6242880821228027,10.139444351196289,-0.030517578125,37.200927734375,-38.665771484375
6.7474999,0.9816226959228516,-0.6248866319656372,10.17176628112793,-0.213623046875,33.782958984375,-47.18017578125
6.7524999,0.9498994946479797,-0.6440402865409851,10.028712272644043,-4.39453125,31.341552734375,-58.197021484375
6.7574999,0.9349357485771179,-0.5129576921463013,9.564237594604492,-14.95361328125,28.62548828125,-79.986572265625
6.7624999,0.7751228213310242,-0.4034229815006256,9.518148422241211,-18.61572265625,26.91650390625,-78.948974609375
6.767499900000001,0.39624038338661194,-0.28790274262428284,9.746794700622559,-16.693115234375,26.824951171875,-65.73486328125
6.772499900000001,-0.3471592366695404,-0.21428105235099792,10.105326652526855,-9.918212890625,27.984619140625,-40.0390625
6.7774999000000005,-1.4574702978134155,-0.2406172752380371,10.361506462097168,-2.3193359375,15.80810546875,-5.401611328125
6.7824999,-2.7246015071868896,-0.4902127981185913,10.1568021774292,-5.950927734375,-5.218505859375,22.003173828125
6.7874999,-3.9588124752044678,-0.5590460896492004,9.770736694335938,-13.885498046875,-43.792724609375,37.872314453125
6.7924999,-4.716577529907227,-0.6643909811973572,9.39784049987793,-8.392333984375,-71.35009765625,37.53662109375
6.7974999,-4.8500542640686035,-0.42856210470199585,9.406219482421875,-16.54052734375,-80.902099609375,32.867431640625
6.8024999,-4.17728328704834,-0.11013327538967133,10.000580787658691,-15.07568359375,-94.512939453125,38.238525390625
6.8074999,-2.855085611343384,-0.010175357572734356,10.599729537963867,-1.3427734375,-94.23828125,44.097900390625
6.812499900000001,-1.212663173675537,-0.017956512048840523,10.913968086242676,6.7138671875,-79.803466796875,58.837890625
6.8174999000000005,1.821987509727478,-1.1049240827560425,10.110713958740234,18.4326171875,-38.2080078125,81.9091796875
6.8224999,2.808398485183716,-1.7208324670791626,9.57321548461914,24.35302734375,-15.68603515625,84.869384765625
6.8274999,3.4368765354156494,-2.1308395862579346,9.298480987548828,29.876708984375,0.701904296875,85.174560546875
6.8324999,3.7457284927368164,-2.161964178085327,9.363722801208496,32.53173828125,9.246826171875,76.47705078125
6.8374999,3.8163576126098633,-1.8148049116134644,9.616311073303223,34.85107421875,10.894775390625,62.07275390625
6.8424999,3.6816837787628174,-1.2623428106307983,9.822811126708984,34.24072265625,11.8408203125,45.684814453125
6.8474999,3.4626142978668213,-0.6368576288223267,9.925163269042969,32.1044921875,10.711669921875,28.86962890625
6.852499900000001,3.1711201667785645,-0.13048399984836578,9.816226959228516,27.496337890625,10.19287109375,12.14599609375
6.8574999000000005,2.8670566082000732,0.21428105235099792,9.617507934570312,20.44677734375,9.6435546875,-5.096435546875
6.8624999,2.6222493648529053,0.436343252658844,9.351153373718262,11.962890625,10.345458984375,-20.56884765625
6.8674999,2.4211363792419434,0.5327098965644836,9.086593627929688,3.60107421875,12.786865234375,-33.233642578125
6.8724999,2.2852654457092285,0.5776011347770691,8.89026927947998,-4.57763671875,16.265869140625,-42.96875
6.8774999,2.162562608718872,0.5656301379203796,8.620922088623047,-30.059814453125,33.172607421875,-66.58935546875
6.8824999,2.2170307636260986,0.6889315247535706,8.681375503540039,-38.055419921875,41.412353515625,-72.418212890625
6.8874999,2.2703018188476562,0.6853402256965637,8.942343711853027,-40.8935546875,50.84228515625,-75.103759765625
6.892499900000001,2.24935245513916,0.5895721912384033,9.521739959716797,-36.31591796875,60.455322265625,-74.64599609375
6.897499900000001,2.03507137298584,0.15801730751991272,10.40579891204834,-18.341064453125,70.12939453125,-71.533203125
6.9024999000000005,1.61069917678833,-0.5099649429321289,11.265317916870117,2.38037109375,70.770263671875,-70.73974609375
6.9074999,1.0229226350784302,-1.1306617259979248,11.673528671264648,8.97216796875,60.638427734375,-74.89013671875
6.9124999,0.3016694188117981,-1.5436615943908691,11.402984619140625,1.8310546875,48.828125,-76.0498046875
6.9174999,-0.5249287486076355,-1.63344407081604,10.588356971740723,-7.232666015625,36.102294921875,-69.27490234375
6.9224999,-1.5412673950195312,-1.4071919918060303,9.708487510681152,-11.8408203125,24.505615234375,-49.072265625
6.9274999,-2.7946319580078125,-1.1761516332626343,9.229048728942871,-4.21142578125,6.011962890625,-13.397216796875
6.9324999,-5.173870086669922,-0.9056068062782288,8.792705535888672,-13.580322265625,-54.19921875,45.95947265625
6.937499900000001,-5.7754130363464355,-0.7643488645553589,8.851962089538574,-16.78466796875,-90.728759765625,52.642822265625
6.9424999000000005,-5.629366874694824,-0.4213795065879822,9.261969566345215,-18.585205078125,-97.7783203125,50.811767578125
6.9474999,-4.721964359283447,0.015562310814857483,10.090961456298828,-12.75634765625,-98.44970703125,48.919677734375
6.9524999,-3.2154128551483154,0.3106476664543152,11.07378101348877,-0.762939453125,-104.034423828125,51.483154296875
6.9574999,-1.3491326570510864,0.16519992053508759,11.447277069091797,6.256103515625,-94.42138671875,61.859130859375
6.9624999,0.5518634915351868,-0.3687070608139038,11.124059677124023,14.34326171875,-68.90869140625,74.676513671875
6.9674999,2.189497470855713,-1.1839327812194824,10.350133895874023,20.538330078125,-43.5791015625,80.26123046875
6.9724999,3.402759075164795,-1.9075802564620972,9.552266120910645,22.857666015625,-15.838623046875,80.078125
6.977499900000001,4.171896457672119,-2.252345323562622,9.121908187866211,26.123046875,4.33349609375,76.690673828125
6.9824999000000005,4.492120742797852,-2.191891670227051,9.107542991638184,25.482177734375,10.80322265625,65.887451171875
6.9874999,3.360262155532837,-0.2124854028224945,9.97484302520752,31.005859375,15.106201171875,5.279541015625
6.9924999,2.981379747390747,0.22505496442317963,9.86351203918457,20.843505859375,10.528564453125,-15.716552734375
6.9974999,2.655169725418091,0.5081692934036255,9.506776809692383,12.115478515625,11.5966796875,-31.18896484375
7.0024999,2.3708581924438477,0.6991068720817566,9.154829025268555,3.021240234375,14.70947265625,-39.1845703125
7.0074999,2.18770170211792,0.7763199210166931,8.866926193237305,-4.425048828125,20.355224609375,-46.234130859375
7.0124999,2.0697872638702393,0.7948749661445618,8.660426139831543,-13.092041015625,26.06201171875,-52.825927734375
7.017499900000001,2.0404584407806396,0.7763199210166931,8.541314125061035,-22.857666015625,31.585693359375,-59.722900390625
7.022499900000001,2.0470423698425293,0.7398083209991455,8.510788917541504,-31.951904296875,38.818359375,-64.94140625
7.0274999000000005,2.0805611610412598,0.6560112833976746,8.62511157989502,-38.055419921875,46.905517578125,-67.9931640625
7.0324999,2.1068975925445557,0.5333084464073181,9.004592895507812,-37.90283203125,58.89892578125,-69.488525390625
7.0374999,1.7860745191574097,-0.08858546614646912,10.735001564025879,-9.94873046875,76.690673828125,-64.422607421875
7.0424999,1.3305776119232178,-0.5578489899635315,11.562198638916016,7.01904296875,66.89453125,-65.0634765625
7.0474999,0.6997054219245911,-1.0606313943862915,11.799822807312012,9.918212890625,52.978515625,-70.9228515625
7.0524999,-0.06524199992418289,-1.3736732006072998,11.300033569335938,-1.739501953125,44.98291015625,-69.061279296875
7.0574999,-0.9540894031524658,-1.3886369466781616,10.323199272155762,-10.894775390625,35.125732421875,-55.267333984375
7.062499900000001,-2.076969861984253,-1.2318167686462402,9.460687637329102,-9.002685546875,15.0146484375,-28.411865234375
7.0674999000000005,-3.381211280822754,-1.0720038414001465,8.950722694396973,-3.41796875,-10.833740234375,5.584716796875
7.0724999,-4.63517427444458,-0.9570821523666382,8.681375503540039,-10.162353515625,-36.834716796875,33.172607421875
7.0774999,-5.533598899841309,-0.921169102191925,8.617929458618164,-21.728515625,-75.042724609375,47.332763671875
7.0824999,-5.830479621887207,-0.7374141216278076,8.864531517028809,-19.22607421875,-103.179931640625,54.962158203125
7.0874999,-5.298966884613037,-0.47584760189056396,9.526528358459473,-14.434814453125,-102.264404296875,53.466796875
7.0924999,-4.069544315338135,-0.14664486050605774,10.517727851867676,-5.0048828125,-99.7314453125,50.72021484375
7.0974999,4.598064422607422,-2.0464439392089844,9.018359184265137,21.392822265625,4.638671875,63.96484375
7.102499900000001,4.671686172485352,-1.8698714971542358,9.214683532714844,25.0244140625,11.77978515625,52.276611328125
7.1074999000000005,4.408323764801025,-1.5741876363754272,9.553462982177734,29.998779296875,16.876220703125,42.144775390625
7.1124999,3.952826976776123,-1.1115081310272217,9.87967300415039,35.064697265625,24.23095703125,32.1044921875
7.1174999,3.4596214294433594,-0.629675030708313,9.998186111450195,36.865234375,26.0009765625,22.0947265625
7.1224999,1.8854337930679321,0.9696516990661621,8.720879554748535,-10.284423828125,21.728515625,-44.036865234375
7.1274999,1.7747019529342651,0.9026140570640564,8.59997272491455,-20.050048828125,23.101806640625,-53.77197265625
7.1324999,1.7747019529342651,0.9026140570640564,8.59997272491455,-20.050048828125,23.101806640625,-53.77197265625
7.1374999,1.745373010635376,0.7882909178733826,8.569446563720703,-29.449462890625,28.045654296875,-61.4013671875
7.142499900000001,1.8010382652282715,0.619499683380127,8.684967041015625,-35.675048828125,34.66796875,-64.910888671875
7.147499900000001,1.9243396520614624,0.47465047240257263,8.959102630615234,-37.078857421875,45.654296875,-65.887451171875
7.1524999000000005,2.005143880844116,0.24839842319488525,9.518747329711914,-30.70068359375,59.417724609375,-64.239501953125
7.1574999,1.932719349861145,0.0293289702385664,10.334571838378906,-15.31982421875,67.56591796875,-61.187744140625
7.1624999,1.6549919843673706,-0.40222588181495667,11.141417503356934,0.579833984375,65.338134765625,-63.629150390625
7.1674999,1.183334231376648,-0.7583633661270142,11.549030303955078,7.965087890625,56.15234375,-69.580078125
7.1724999,0.5363011956214905,-1.1450269222259521,11.34193229675293,0.518798828125,45.318603515625,-71.197509765625
7.1774999,-0.23403321206569672,-1.3138182163238525,10.58536434173584,-9.307861328125,36.773681640625,-65.36865234375
7.1824999,-2.4343044757843018,-1.1312602758407593,9.258378028869629,-4.547119140625,3.84521484375,-17.181396484375
7.187499900000001,-3.7433342933654785,-1.003769040107727,8.986037254333496,-5.0048828125,-17.76123046875,15.2587890625
7.1924999000000005,-4.853645324707031,-0.9409212470054626,8.849568367004395,-14.801025390625,-47.66845703125,37.750244140625
7.1974999,-5.519233703613281,-0.829590916633606,8.868123054504395,-19.439697265625,-85.906982421875,48.675537109375
7.2024999,3.39677357673645,-1.7675193548202515,9.626486778259277,22.613525390625,-18.37158203125,76.66015625
7.2074999,4.2060136795043945,-2.0913352966308594,9.259574890136719,23.651123046875,0.213623046875,70.6787109375
7.2124999,4.457405090332031,-1.7615338563919067,9.444527626037598,28.900146484375,14.2822265625,51.7578125
7.2174999,4.080318450927734,-1.3431471586227417,9.728240013122559,34.423828125,18.829345703125,42.266845703125
7.2224999,3.6134488582611084,-0.9540894031524658,9.944316864013672,38.39111328125,24.35302734375,30.975341796875
7.227499900000001,3.181295394897461,-0.5045779943466187,10.075998306274414,37.53662109375,24.932861328125,16.082763671875
7.2324999000000005,2.7934348583221436,-0.03890577703714371,9.947309494018555,31.55517578125,20.477294921875,-2.44140625
7.2374999,2.4875755310058594,0.3321954905986786,9.702502250671387,20.843505859375,13.458251953125,-20.6298828125
7.2424999,2.2182278633117676,0.6200982332229614,9.37748908996582,12.237548828125,12.6953125,-35.09521484375
7.2474999,2.0159177780151367,0.7463923692703247,9.015366554260254,1.89208984375,14.251708984375,-45.166015625
7.2524999,1.953070044517517,0.7326257228851318,8.717886924743652,-7.659912109375,17.333984375,-57.80029296875
7.2574999,1.9991583824157715,0.729034423828125,8.485051155090332,-20.233154296875,19.378662109375,-71.4111328125
7.2624999,2.1571757793426514,0.7757213711738586,8.342596054077148,-33.477783203125,23.406982421875,-83.892822265625
7.267499900000001,2.3995885848999023,0.9295487999916077,8.22887134552002,-46.44775390625,33.111572265625,-93.841552734375
7.272499900000001,2.120065689086914,0.020350715145468712,11.66574764251709,9.033203125,98.6328125,-76.23291015625
7.2774999000000005,1.1468225717544556,-0.811634361743927,12.715006828308105,18.9208984375,73.486328125,-64.02587890625
7.2824999,-0.1759738177061081,-1.4658499956130981,12.761693954467773,-0.030517578125,63.995361328125,-49.957275390625
7.2874999,-1.643619418144226,-1.6867151260375977,11.561001777648926,-12.664794921875,48.492431640625,-33.416748046875
7.2924999,-3.2118215560913086,-1.8148049116134644,9.803657531738281,-11.41357421875,13.12255859375,-3.60107421875
7.2974999,-4.7405195236206055,-1.9608511924743652,8.322843551635742,-9.002685546875,-32.77587890625,37.994384765625
7.3024999,-6.010643482208252,-2.097919225692749,7.293935298919678,-6.744384765625,-78.7353515625,70.1904296875
7.3074999,-6.790554523468018,-1.9560627937316895,7.187992095947266,-12.3291015625,-114.19677734375,71.258544921875
7.312499900000001,-6.771999359130859,-1.3431471586227417,8.17380428314209,-11.260986328125,-121.612548828125,61.798095703125
7.3174999000000005,-3.958214044570923,0.28969839215278625,11.540650367736816,5.4931640625,-110.382080078125,59.9365234375
7.3224999,-1.6932991743087769,0.507570743560791,12.326547622680664,14.83154296875,-103.790283203125,75.5615234375
7.3274999,0.5327098965644836,0.181959331035614,11.883021354675293,21.697998046875,-70.526123046875,89.080810546875
7.3324999,2.3517045974731445,-0.5380968451499939,10.736797332763672,21.30126953125,-47.210693359375,92.10205078125
7.3374999,3.714603900909424,-1.238999366760254,9.510966300964355,18.585205078125,-20.01953125,86.578369140625
7.3424999,4.590283393859863,-1.7980455160140991,8.860342025756836,17.9443359375,2.86865234375,75.37841796875
7.3474999,5.016450881958008,-2.009333848953247,8.865130424499512,23.040771484375,10.92529296875,65.7958984375
7.352499900000001,4.984129428863525,-2.077568531036377,9.162610054016113,29.9072265625,14.22119140625,59.08203125
7.3574999000000005,4.668693542480469,-1.799242615699768,9.597756385803223,36.224365234375,22.491455078125,46.905517578125
7.3624999,4.141968727111816,-1.3521254062652588,9.923966407775879,37.4755859375,26.67236328125,27.923583984375
7.3674999,3.626616954803467,-0.6224924325942993,9.993996620178223,30.3955078125,20.599365234375,3.96728515625
7.3724999,3.162141799926758,0.0933738648891449,9.859322547912598,22.247314453125,13.275146484375,-17.059326171875
7.3774999,2.1326351165771484,0.9241618514060974,8.781332969665527,-11.65771484375,18.646240234375,-63.568115234375
7.3824999,2.182913303375244,0.8248024582862854,8.548497200012207,-23.01025390625,24.200439453125,-75.042724609375
7.3874999,2.3116016387939453,0.767341673374176,8.341399192810059,-35.64453125,31.585693359375,-87.615966796875
7.392499900000001,2.5007436275482178,0.8140285611152649,8.210315704345703,-49.1943359375,39.581298828125,-99.18212890625
7.397499900000001,2.7269957065582275,0.9810241460800171,8.339004516601562,-59.722900390625,56.0302734375,-105.926513671875
7.4024999000000005,2.8646624088287354,0.9594763517379761,9.032125473022461,-54.473876953125,85.75439453125,-102.630615234375
7.4074999,2.5983073711395264,0.579995334148407,10.432733535766602,-21.05712890625,115.1123046875,-88.470458984375
7.4124999,1.941697597503662,-0.21188685297966003,11.939285278320312,15.80810546875,98.297119140625,-78.30810546875
7.4174999,0.8493430614471436,-0.9091981053352356,12.775460243225098,17.303466796875,70.3125,-71.990966796875
7.4224999,-0.5620388388633728,-1.4652514457702637,12.561179161071777,-2.74658203125,61.920166015625,-55.60302734375
7.4274999,-6.8557963371276855,-1.4059948921203613,8.40185260772705,-4.150390625,-122.344970703125,65.0634765625
7.4324999,-5.626972675323486,-0.5817909836769104,10.108918190002441,4.5166015625,-105.712890625,58.746337890625
7.437499900000001,-3.6954503059387207,0.02992752194404602,11.894393920898438,10.19287109375,-115.05126953125,66.253662109375
7.4424999000000005,-1.3563152551651,0.18974047899246216,12.44087028503418,19.989013671875,-99.334716796875,83.55712890625
7.4474999,0.8433575630187988,-0.1604115068912506,11.823166847229004,28.900146484375,-63.507080078125,99.395751953125
7.4524999,2.5995044708251953,-0.7565677165985107,10.551246643066406,28.076171875,-42.05322265625,102.508544921875
7.4574999,3.845686435699463,-1.3994108438491821,9.314641952514648,20.99609375,-14.5263671875,94.482421875
7.4624999,4.601057052612305,-1.801636815071106,8.881889343261719,24.4140625,4.7607421875,84.930419921875
7.4674999,4.862623691558838,-2.05781626701355,9.281123161315918,38.787841796875,17.08984375,71.4111328125
7.4724999,4.616020679473877,-1.678335428237915,9.823410034179688,45.22705078125,23.468017578125,50.140380859375
7.477499900000001,4.219780445098877,-1.2449848651885986,10.01075553894043,42.388916015625,23.4375,25.299072265625
7.4824999000000005,3.844489336013794,-0.5333084464073181,10.14902114868164,36.92626953125,12.542724609375,-0.579833984375
7.4874999,3.400364875793457,0.1388636976480484,9.964069366455078,31.31103515625,5.06591796875,-21.30126953125
7.4924999,3.003525972366333,0.5422866940498352,9.694721221923828,23.4375,3.41796875,-38.63525390625
7.4974999,2.697068214416504,0.7212532758712769,9.357138633728027,15.625,5.0048828125,-54.901123046875
7.5024999,2.5270798206329346,0.7757213711738586,8.976460456848145,4.974365234375,7.32421875,-71.136474609375
7.5074999,2.5300726890563965,0.7338228225708008,8.541314125061035,-9.6435546875,11.65771484375,-88.92822265625
7.5124999,2.6809072494506836,0.8637082576751709,8.113350868225098,-26.519775390625,16.9677734375,-107.0556640625
7.517499900000001,2.915539026260376,1.092953085899353,7.668029308319092,-47.54638671875,24.078369140625,-125.885009765625
7.522499900000001,0.40222588181495667,-0.9074024558067322,13.461997985839844,31.646728515625,73.272705078125,-58.10546875
7.5274999000000005,-1.4933832883834839,-1.8668787479400635,13.315951347351074,-18.310546875,62.469482421875,-32.073974609375
7.5324999,-3.272873640060425,-2.228403329849243,11.452065467834473,-41.107177734375,48.88916015625,-6.072998046875
7.5374999,-4.875791549682617,-2.4426841735839844,9.088988304138184,-27.801513671875,-6.317138671875,44.0673828125
7.5424999,-6.179434776306152,-2.431910276412964,6.985682010650635,-6.866455078125,-79.620361328125,89.35546875
7.5474999,-7.052121162414551,-2.7084407806396484,5.708375453948975,-11.3525390625,-130.7373046875,101.25732421875
7.5524999,-7.2771759033203125,-2.404376983642578,5.676652431488037,5.06591796875,-149.59716796875,102.35595703125
7.5574999,-6.609193801879883,-1.9704279899597168,7.341220855712891,35.46142578125,-124.908447265625,94.085693359375
7.562499900000001,-5.102043628692627,-1.3742717504501343,9.75397777557373,31.341552734375,-87.310791015625,80.50537109375
7.5674999000000005,0.9768342971801758,-0.272938996553421,12.342708587646484,45.47119140625,-69.671630859375,112.97607421875
7.5724999,2.4151508808135986,-0.4076128304004669,10.907383918762207,32.012939453125,-43.304443359375,110.41259765625
7.5774999,3.488351821899414,-0.7086837291717529,9.733028411865234,28.9306640625,-23.4375,95.306396484375
7.5824999,4.268861770629883,-1.002571940422058,8.8878755569458,35.09521484375,0.91552734375,93.536376953125
7.5874999,4.660912036895752,-1.2575544118881226,8.637681007385254,35.09521484375,11.71875,82.061767578125
7.5924999,4.806359767913818,-1.381454348564148,8.759186744689941,31.158447265625,16.4794921875,60.48583984375
7.5974999,4.692635536193848,-1.1605892181396484,9.130887031555176,35.308837890625,20.01953125,45.7763671875
7.602499900000001,4.381987571716309,-0.71766197681427,9.498396873474121,34.698486328125,17.51708984375,28.13720703125
7.6074999000000005,4.0294413566589355,-0.16101007163524628,9.823410034179688,31.494140625,11.383056640625,7.537841796875
7.6124999,3.6278140544891357,0.3106476664543152,9.908403396606445,26.67236328125,9.185791015625,-11.65771484375
7.6174999,3.201646327972412,0.4734533727169037,9.734824180603027,19.256591796875,9.490966796875,-28.594970703125
7.6224999,2.539649486541748,0.2885012924671173,9.000402450561523,2.685546875,14.22119140625,-57.098388671875
7.6274999,2.449866771697998,0.37469255924224854,8.605957984924316,-12.664794921875,15.625,-77.789306640625
7.6324999,2.5689783096313477,0.7158663272857666,8.213309288024902,-32.04345703125,16.7236328125,-99.334716796875
7.6374999,2.8221652507781982,1.2306196689605713,7.8062944412231445,-54.412841796875,20.904541015625,-119.7509765625
7.642499900000001,3.1016883850097656,1.899200439453125,7.3681559562683105,-80.963134765625,29.47998046875,-138.427734375
7.647499900000001,3.3441011905670166,2.3564929962158203,7.129333972930908,-108.82568359375,45.41015625,-152.252197265625
7.6524999000000005,3.4757823944091797,2.4396915435791016,7.893084526062012,-117.7978515625,88.92822265625,-154.052734375
7.6574999,2.9652187824249268,1.6316484212875366,9.740809440612793,-64.51416015625,188.5986328125,-139.6484375
7.6624999,1.9039889574050903,0.15442600846290588,12.16673469543457,36.102294921875,164.337158203125,-113.8916015625
7.6674999,0.37888240814208984,-1.216254472732544,13.589488983154297,44.769287109375,74.03564453125,-75.958251953125
7.6724999,-1.489791989326477,-2.251148223876953,13.493122100830078,-9.002685546875,57.80029296875,-46.112060546875
7.6774999,-4.783016681671143,-2.8987796306610107,9.239823341369629,-20.01953125,3.082275390625,34.698486328125
7.6824999,-6.061520099639893,-3.0831332206726074,7.132327079772949,-0.762939453125,-75.01220703125,76.446533203125
7.687499900000001,-6.959944248199463,-3.1651346683502197,5.8873419761657715,-12.115478515625,-126.708984375,84.8388671875
7.6924999000000005,-7.235876083374023,-2.808398485183716,6.01423454284668,0.030517578125,-147.186279296875,90.02685546875
7.6974999,-6.531980991363525,-1.9662381410598755,7.666234016418457,29.96826171875,-124.481201171875,82.550048828125
7.7024999,-4.994903087615967,-1.0558429956436157,9.925163269042969,24.017333984375,-92.987060546875,68.572998046875
7.7074999,-4.994903087615967,-1.0558429956436157,9.925163269042969,24.017333984375,-92.987060546875,68.572998046875
7.7124999,-2.9472622871398926,-0.3208230137825012,12.014702796936035,16.11328125,-103.1494140625,76.995849609375
7.7174999,-0.7056909799575806,0.05147533491253853,12.901754379272461,37.628173828125,-99.67041015625,97.503662109375
7.7224999,1.268328309059143,0.004788403399288654,12.00452709197998,43.8232421875,-61.34033203125,110.809326171875
7.727499900000001,2.7006595134735107,-0.26336219906806946,10.697293281555176,31.92138671875,-34.3017578125,107.208251953125
7.7324999000000005,3.755305290222168,-0.669179379940033,9.501988410949707,28.9306640625,-17.425537109375,98.93798828125
7.7374999,4.808753967285156,-1.416170358657837,8.929773330688477,35.58349609375,22.03369140625,64.727783203125
7.7424999,4.643554210662842,-1.1552022695541382,9.412205696105957,40.52734375,20.538330078125,46.69189453125
7.7474999,4.290409564971924,-0.8882488012313843,9.77672290802002,38.02490234375,13.97705078125,26.092529296875
7.7524999,3.8815994262695312,-0.3860650360584259,10.105925559997559,35.919189453125,5.523681640625,1.739501953125
7.7574999,3.418321371078491,0.1107318252325058,10.00716495513916,29.541015625,2.655029296875,-20.416259765625
7.7624999,2.4384944438934326,0.17956513166427612,8.939350128173828,6.134033203125,10.8642578125,-61.46240234375
7.767499900000001,2.3786394596099854,0.2663549482822418,8.580819129943848,-3.662109375,17.2119140625,-76.080322265625
7.772499900000001,2.5264813899993896,0.5668272376060486,8.22767448425293,-23.8037109375,19.10400390625,-99.365234375
7.7774999000000005,2.8329391479492188,1.1743559837341309,7.801506042480469,-48.76708984375,20.965576171875,-123.138427734375
7.7824999,1.9183541536331177,0.6440402865409851,11.258733749389648,22.52197265625,185.60791015625,-116.058349609375
7.7874999,0.4387374520301819,-1.0648212432861328,12.797606468200684,54.901123046875,73.66943359375,-67.19970703125
7.7924999,-1.4862006902694702,-2.4013843536376953,12.86823558807373,-5.18798828125,50.384521484375,-35.09521484375
7.7974999,-3.202843427658081,-3.1501708030700684,10.989385604858398,-47.9736328125,52.55126953125,-6.8359375
7.8024999,-4.711789131164551,-3.247734546661377,8.656834602355957,-26.79443359375,2.960205078125,48.065185546875
7.807499900000001,-5.959766387939453,-3.4410665035247803,6.627150535583496,-1.739501953125,-82.977294921875,84.65576171875
7.812499900000001,-6.856395244598389,-3.3680431842803955,5.606621742248535,-8.819580078125,-130.828857421875,94.512939453125
7.8174999000000005,-7.132327079772949,-2.982576847076416,5.9555768966674805,18.73779296875,-143.707275390625,99.151611328125
7.8224999,-6.473322868347168,-2.146401882171631,7.757812023162842,48.553466796875,-116.14990234375,88.2568359375
7.8274999,-2.93349552154541,-0.4207809567451477,12.047024726867676,11.29150390625,-97.198486328125,79.28466796875
7.8324999,-0.7314286231994629,0.04189852997660637,12.930484771728516,38.116455078125,-97.412109375,98.20556640625
7.8374999,1.2336124181747437,0.08140286058187485,12.11825180053711,48.095703125,-54.8095703125,112.79296875
7.8424999,4.1641154289245605,-0.6380547285079956,9.592967987060547,36.651611328125,10.528564453125,26.2451171875
7.8474999,3.8139634132385254,-0.22744916379451752,9.954492568969727,34.881591796875,6.04248046875,3.143310546875
7.852499900000001,3.4189200401306152,0.13826514780521393,9.972448348999023,29.571533203125,2.9296875,-19.134521484375
7.8574999000000005,2.5546131134033203,0.11552023142576218,8.928576469421387,5.706787109375,11.993408203125,-61.798095703125
7.8624999,2.538452386856079,0.25079262256622314,8.504204750061035,-8.11767578125,15.960693359375,-80.87158203125
7.8674999,2.721010208129883,0.6470330357551575,8.073247909545898,-31.158447265625,16.7236328125,-107.60498046875
7.8724999,3.0196869373321533,1.3401544094085693,7.55131196975708,-59.6923828125,18.341064453125,-132.171630859375
7.8774999,3.3189620971679688,2.235585927963257,6.975506782531738,-93.719482421875,26.641845703125,-152.496337890625
7.8824999,3.551798105239868,2.9652187824249268,6.540958881378174,-130.06591796875,42.48046875,-167.78564453125
7.8874999,3.605069160461426,3.1663317680358887,7.414244174957275,-145.538330078125,90.057373046875,-168.27392578125
7.892499900000001,2.848501443862915,2.078166961669922,9.312846183776855,-82.183837890625,208.43505859375,-150.87890625
7.897499900000001,1.5969325304031372,0.3669114112854004,11.673528671264648,41.961669921875,163.360595703125,-113.83056640625
7.9024999000000005,-0.15801730751991272,-1.358709454536438,12.877213478088379,48.675537109375,60.72998046875,-60.882568359375
7.9074999,-2.10210919380188,-2.8371291160583496,12.388197898864746,-16.082763671875,52.947998046875,-29.23583984375
7.9124999,-5.16549015045166,-3.472191095352173,7.9409685134887695,-16.998291015625,-18.24951171875,54.50439453125
7.9174999,-6.302735805511475,-3.5697548389434814,6.142324447631836,-8.36181640625,-99.853515625,82.855224609375
7.9224999,-7.085041522979736,-2.8562827110290527,6.135740280151367,34.881591796875,-148.37646484375,101.165771484375
7.9274999,-6.117784023284912,-1.9303251504898071,8.165425300598145,53.64990234375,-110.7177734375,88.165283203125
7.932499900000001,-4.456806659698486,-0.9355342984199524,10.306439399719238,16.265869140625,-75.3173828125,78.18603515625
7.937499900000001,-2.2840683460235596,-0.25019407272338867,12.351686477661133,17.547607421875,-102.508544921875,85.052490234375
7.9424999000000005,-0.11252748221158981,0.05746084079146385,12.75870132446289,44.12841796875,-90.789794921875,103.3935546875
7.9474999,1.7477672100067139,-0.053270988166332245,11.826757431030273,49.468994140625,-49.13330078125,118.865966796875
7.9524999,3.095702886581421,-0.4207809567451477,10.598532676696777,41.168212890625,-25.238037109375,110.53466796875
7.9574999,4.0527849197387695,-0.8134300112724304,9.541492462158203,39.764404296875,-8.331298828125,99.151611328125
7.9624999,4.658517837524414,-1.0271124839782715,8.777742385864258,41.44287109375,14.373779296875,95.21484375
7.9674999,4.57232666015625,-0.7439981698989868,9.203909873962402,37.78076171875,13.336181640625,36.68212890625
7.9724999,4.186860084533691,-0.36152446269989014,9.613917350769043,35.186767578125,10.009765625,12.14599609375
7.977499900000001,3.7624878883361816,0.060453593730926514,9.88625717163086,30.1513671875,2.01416015625,-12.664794921875
7.9824999000000005,3.312976598739624,0.29628247022628784,9.765948295593262,21.1181640625,1.739501953125,-34.881591796875
7.9874999,2.938283920288086,0.2645592987537384,9.469666481018066,12.8173828125,4.5166015625,-50.323486328125
7.9924999,2.7311856746673584,0.20949265360832214,9.054272651672363,5.4931640625,9.3994140625,-63.96484375
7.9974999,2.7036523818969727,0.3106476664543152,8.588600158691406,-8.544921875,13.946533203125,-83.526611328125
8.0024999,2.8622682094573975,0.7003039717674255,8.119935035705566,-30.426025390625,15.625,-107.0556640625
8.007499900000001,3.132214307785034,1.314416766166687,7.603385925292969,-56.182861328125,19.500732421875,-129.7607421875
8.0124999,3.3859996795654297,2.102707624435425,7.068880558013916,-87.066650390625,28.289794921875,-150.787353515625
8.0174999,3.095104217529297,2.1140801906585693,9.0859956741333,-97.686767578125,200.103759765625,-153.50341796875
8.0224999,1.8950105905532837,0.46148237586021423,11.520898818969727,29.9072265625,191.009521484375,-117.340087890625
8.0274999,0.26336219906806946,-1.025316834449768,12.90295124053955,53.314208984375,71.014404296875,-67.9931640625
8.0324999,-1.7381904125213623,-2.668337821960449,12.80119800567627,-6.103515625,52.947998046875,-35.7666015625
8.0374999,-3.4817678928375244,-3.183689594268799,10.715250015258789,-44.342041015625,56.732177734375,-2.99072265625
8.042499900000001,-4.963180065155029,-3.5236663818359375,8.331223487854004,-21.575927734375,3.90625,50.72021484375
8.0474999,-6.163273811340332,-3.669712543487549,6.322488307952881,3.448486328125,-81.97021484375,81.54296875
8.0524999,-7.007828235626221,-3.339312791824341,5.273229122161865,-7.354736328125,-131.9580078125,93.170166015625
8.0574999,-7.245452880859375,-2.874239206314087,5.694010257720947,16.082763671875,-149.200439453125,98.0224609375
8.0624999,-6.5277910232543945,-1.8596961498260498,7.53395414352417,48.583984375,-120.330810546875,85.906982421875
8.0674999,-4.948216438293457,-0.8774749040603638,9.806650161743164,24.2919921875,-78.18603515625,73.028564453125
8.0724999,-0.6727706789970398,0.25677812099456787,12.895769119262695,37.384033203125,-101.287841796875,97.686767578125
8.0774999,1.2066776752471924,0.17537526786327362,12.124835968017578,43.365478515625,-60.272216796875,109.771728515625
8.0824999,4.823718070983887,-1.0199298858642578,8.377311706542969,27.313232421875,9.490966796875,76.84326171875
8.087499900000001,4.90452241897583,-1.0552444458007812,8.482656478881836,21.759033203125,18.61572265625,54.931640625
8.0924999,4.791994571685791,-0.8966285586357117,8.83699893951416,20.1416015625,20.233154296875,31.73828125
8.0974999,4.487332344055176,-0.5428852438926697,9.170391082763672,16.90673828125,16.2353515625,13.00048828125
8.1024999,4.088099479675293,-0.13946224749088287,9.439140319824219,12.3291015625,15.56396484375,-7.720947265625
8.1074999,3.620033025741577,0.23343466222286224,9.635464668273926,7.87353515625,14.404296875,-23.98681640625
8.1124999,3.1681272983551025,0.535702645778656,9.616909980773926,3.2958984375,16.90673828125,-36.468505859375
8.1174999,2.607884168624878,0.6003460884094238,9.08838939666748,-16.357421875,23.895263671875,-64.483642578125
8.122499900000001,2.517503023147583,0.568622887134552,8.730456352233887,-27.069091796875,29.6630859375,-76.904296875
8.1274999,2.56000018119812,0.882861852645874,8.423399925231934,-37.59765625,39.459228515625,-89.141845703125
8.132499900000001,2.6437971591949463,0.862511157989502,8.262989044189453,-52.55126953125,49.957275390625,-100.189208984375
8.1374999,2.761113166809082,1.1851298809051514,8.452130317687988,-61.248779296875,62.530517578125,-106.38427734375
8.1424999,2.7461493015289307,0.9588778018951416,9.154829025268555,-53.436279296875,89.7216796875,-106.75048828125
8.1474999,2.2882583141326904,0.3345896899700165,10.494384765625,-22.003173828125,118.682861328125,-100.067138671875
8.1524999,1.5155296325683594,-0.46088382601737976,11.859079360961914,12.75634765625,100.128173828125,-101.01318359375
8.1574999,0.3663128614425659,-1.116895079612732,12.588712692260742,14.83154296875,62.8662109375,-96.61865234375
8.1624999,-3.929483652114868,-1.7920600175857544,9.634267807006836,-11.962890625,6.011962890625,2.716064453125
8.167499900000001,-5.141548156738281,-0.5267243981361389,10.213066101074219,5.43212890625,-107.391357421875,55.48095703125
8.1724999,-3.19865345954895,0.01975216343998909,11.866262435913086,7.415771484375,-112.579345703125,63.323974609375
8.1774999,-0.9714473485946655,0.07242459803819656,12.519879341125488,22.735595703125,-101.9287109375,80.291748046875
8.1824999,1.047463297843933,-0.27653029561042786,11.86386775970459,31.1279296875,-72.265625,95.489501953125
8.1874999,2.608482837677002,-0.884058952331543,10.596736907958984,29.052734375,-40.069580078125,99.395751953125
8.1924999,3.793612480163574,-1.3922282457351685,9.386467933654785,28.472900390625,-14.46533203125,93.75
8.1974999,4.548983097076416,-1.7573440074920654,8.704718589782715,21.78955078125,2.655029296875,80.596923828125
8.2024999,4.944026470184326,-1.7322049140930176,8.664615631103516,25.69580078125,11.3525390625,71.044921875
8.2074999,4.982932090759277,-1.5861586332321167,8.9680814743042,32.65380859375,20.538330078125,62.6220703125
8.212499900000001,4.314949989318848,-0.8541314601898193,9.834183692932129,35.308837890625,26.092529296875,24.078369140625
8.2174999,3.8570590019226074,-0.36332011222839355,9.913191795349121,30.853271484375,22.8271484375,0.18310546875
8.2224999,3.3883938789367676,0.11911153793334961,9.904213905334473,24.0478515625,16.90673828125,-19.744873046875
8.2274999,2.9682116508483887,0.5033808946609497,9.694721221923828,17.364501953125,15.44189453125,-34.393310546875
8.2324999,2.6114754676818848,0.6655880808830261,9.388861656188965,8.9111328125,17.578125,-48.095703125
8.2374999,2.3564929962158203,0.6542156338691711,9.045293807983398,-0.8544921875,17.181396484375,-63.568115234375
8.2424999,2.252345323562622,0.6625953316688538,8.712499618530273,-12.75634765625,19.95849609375,-79.28466796875
8.247499900000001,2.313995838165283,0.7841010689735413,8.36953067779541,-27.9541015625,23.49853515625,-95.977783203125
8.2524999,2.4624364376068115,1.060032844543457,7.997232437133789,-49.041748046875,27.069091796875,-113.1591796875
8.257499900000001,2.6797101497650146,1.3754688501358032,7.708730697631836,-71.35009765625,33.660888671875,-128.692626953125
8.2624999,2.943072557449341,1.6202759742736816,7.7416510581970215,-86.883544921875,53.7109375,-138.61083984375
8.2674999,2.943072557449341,1.6202759742736816,7.7416510581970215,-86.883544921875,53.7109375,-138.61083984375
8.2724999,2.5438392162323,0.6165069341659546,10.892420768737793,-15.106201171875,153.564453125,-100.921630859375
8.2774999,2.5438392162323,0.6165069341659546,10.892420768737793,-15.106201171875,153.564453125,-100.921630859375
8.2824999,1.7561469078063965,-0.4124012291431427,12.732963562011719,35.82763671875,109.55810546875,-84.53369140625
8.2874999,0.292691171169281,-1.338358759880066,13.665504455566406,16.7236328125,71.380615234375,-66.34521484375
8.292499900000001,-1.347337007522583,-1.8465280532836914,12.913126945495605,-18.035888671875,64.300537109375,-41.6259765625
8.2974999,-3.0550012588500977,-2.117072820663452,10.99656867980957,-27.984619140625,38.116455078125,-9.063720703125
8.3024999,-4.750694751739502,-2.2248120307922363,8.853757858276367,-15.07568359375,-20.01953125,44.73876953125
8.3074999,-6.181230068206787,-2.49834942817688,7.1490864753723145,-7.2021484375,-79.65087890625,83.251953125
8.3124999,-7.1903862953186035,-2.587533473968506,6.145317077636719,-17.08984375,-123.6572265625,90.576171875
8.3174999,-7.478887557983398,-2.1487960815429688,6.536170482635498,-4.7607421875,-146.1181640625,88.897705078125
8.3224999,1.2395979166030884,-0.2017114907503128,12.044032096862793,42.8466796875,-65.3076171875,119.56787109375
8.3274999,1.2395979166030884,-0.2017114907503128,12.044032096862793,42.8466796875,-65.3076171875,119.56787109375
8.3324999,2.737769603729248,-0.6009446382522583,10.638036727905273,39.154052734375,-34.698486328125,124.481201171875
8.337499900000001,3.7846343517303467,-1.136048674583435,9.354744911193848,31.951904296875,-7.080078125,106.62841796875
8.3424999,4.518456935882568,-1.4736311435699463,8.727463722229004,36.590576171875,9.307861328125,95.245361328125
8.3474999,4.902127742767334,-1.6166846752166748,8.492233276367188,38.02490234375,16.845703125,92.8955078125
8.3524999,4.970961093902588,-1.6956933736801147,8.815450668334961,35.400390625,21.6064453125,73.30322265625
8.3574999,4.827907562255859,-1.3628993034362793,9.30925464630127,37.9638671875,20.599365234375,46.20361328125
8.3624999,4.514865875244141,-0.9475052952766418,9.719860076904297,38.604736328125,19.073486328125,23.040771484375
8.3674999,4.125808238983154,-0.3357867896556854,10.001777648925781,36.07177734375,13.031005859375,-1.220703125
8.372499900000001,3.685275077819824,0.1999158412218094,10.065223693847656,30.82275390625,4.82177734375,-24.169921875
8.3774999,3.270479440689087,0.5183446407318115,9.82759952545166,21.30126953125,2.288818359375,-45.7763671875
8.382499900000001,2.889202833175659,1.0749965906143188,7.890690326690674,-38.604736328125,16.204833984375,-123.046875
8.3874999,3.0849289894104004,1.50355863571167,7.396287441253662,-64.178466796875,22.8271484375,-141.845703125
8.3924999,3.2615013122558594,2.0201077461242676,6.9276227951049805,-93.8720703125,32.958984375,-157.71484375
8.3974999,3.4524388313293457,2.409764051437378,6.7247138023376465,-122.0703125,53.1005859375,-168.27392578125
8.4024999,2.738966703414917,1.3251906633377075,9.968857765197754,-48.187255859375,220.977783203125,-133.85009765625
8.4074999,2.738966703414917,1.3251906633377075,9.968857765197754,-48.187255859375,220.977783203125,-133.85009765625
8.4124999,1.646013617515564,-0.04010287672281265,12.341510772705078,50.201416015625,145.6298828125,-105.072021484375
8.417499900000001,-0.10235211998224258,-1.4622586965560913,13.48653793334961,35.94970703125,63.568115234375,-63.812255859375
8.4224999,-1.9608511924743652,-2.6013002395629883,12.749124526977539,-23.040771484375,59.6923828125,-36.2548828125
8.4274999,-3.640982151031494,-2.9670145511627197,10.576984405517578,-45.867919921875,49.4384765625,4.241943359375
8.4324999,-7.519588947296143,-2.604292869567871,5.810727596282959,14.22119140625,-152.099609375,103.21044921875
8.4374999,-6.66785192489624,-1.7495628595352173,7.681197643280029,52.276611328125,-121.15478515625,92.254638671875
8.4424999,-4.993706226348877,-0.8248024582862854,9.978434562683105,30.1513671875,-81.84814453125,81.0546875
8.4474999,-2.8652608394622803,-0.22266076505184174,12.085929870605469,12.664794921875,-100.40283203125,89.17236328125
8.4524999,-0.6584054827690125,0.11372458189725876,12.917915344238281,40.069580078125,-101.5625,105.621337890625
8.4574999,1.14742112159729,-0.004189853090792894,12.136807441711426,49.74365234375,-60.36376953125,120.60546875
8.462499900000001,2.5246856212615967,-0.2801215946674347,10.85830307006836,45.0439453125,-35.675048828125,125.79345703125
8.4674999,3.537432909011841,-0.7326257228851318,9.583989143371582,32.5927734375,-20.8740234375,107.513427734375
8.4724999,4.32871675491333,-1.0127472877502441,8.815450668334961,36.31591796875,-1.8310546875,90.88134765625
8.4774999,4.778227806091309,-1.2084733247756958,8.334216117858887,34.271240234375,13.3056640625,81.024169921875
8.4824999,4.262876033782959,-0.2454056739807129,9.699509620666504,25.299072265625,12.359619140625,-4.21142578125
8.4874999,3.8804023265838623,0.29867666959762573,9.915586471557617,20.538330078125,6.28662109375,-26.42822265625
8.4924999,3.5027170181274414,0.6739677786827087,9.75637149810791,11.3525390625,6.317138671875,-44.921875
8.497499900000001,3.227982521057129,0.7356184720993042,9.350554466247559,-0.30517578125,9.918212890625,-63.78173828125
8.5024999,3.0316579341888428,0.6913257241249084,8.823830604553223,-13.153076171875,13.85498046875,-82.672119140625
8.507499900000001,2.963423252105713,0.702099621295929,8.268974304199219,-28.961181640625,21.087646484375,-100.830078125
8.5124999,3.007715940475464,0.9415197968482971,7.798513412475586,-49.041748046875,27.252197265625,-119.07958984375
8.5174999,3.1268274784088135,1.4335283041000366,7.405864238739014,-73.455810546875,33.477783203125,-137.6953125
8.5224999,3.309385299682617,1.878849744796753,7.243657112121582,-98.419189453125,47.882080078125,-153.01513671875
8.5274999,3.5182793140411377,2.143409013748169,7.870339393615723,-108.673095703125,87.09716796875,-154.937744140625
8.5324999,2.235585927963257,0.33937808871269226,12.011710166931152,16.693115234375,183.349609375,-117.37060546875
8.5374999,0.8313865661621094,-0.8092401623725891,13.617620468139648,49.31640625,88.531494140625,-93.841552734375
8.542499900000001,-1.0779893398284912,-1.9255367517471313,13.906122207641602,3.60107421875,68.572998046875,-59.478759765625
8.5474999,-2.9005753993988037,-2.3283610343933105,12.379817962646484,-32.745361328125,64.208984375,-29.815673828125
8.5524999,-4.591480255126953,-2.5713725090026855,10.074800491333008,-29.205322265625,20.843505859375,18.218994140625
8.5574999,-6.025607109069824,-2.6647465229034424,7.829039573669434,-8.6669921875,-51.57470703125,68.603515625
8.5624999,-5.743690013885498,-1.668160080909729,8.577826499938965,43.76220703125,-108.856201171875,80.13916015625
8.5674999,-3.8283286094665527,-1.0720038414001465,11.044452667236328,20.01953125,-94.512939453125,73.944091796875
8.5724999,-1.556231141090393,-0.5883750915527344,12.906542778015137,27.374267578125,-106.048583984375,86.181640625
8.577499900000001,2.009932279586792,-0.3292027413845062,11.710040092468262,49.163818359375,-50.262451171875,122.37548828125
8.5824999,3.0783448219299316,-0.5171475410461426,10.40460205078125,46.32568359375,-29.23583984375,131.40869140625
8.587499900000001,3.713406801223755,-0.7811083197593689,9.23682975769043,42.8466796875,-4.08935546875,117.095947265625
8.5924999,4.2090067863464355,-1.0145429372787476,8.591592788696289,47.119140625,20.99609375,106.93359375
8.5974999,4.432265758514404,-1.1605892181396484,8.365939140319824,40.52734375,21.97265625,91.644287109375
8.6024999,4.535815238952637,-1.095347285270691,8.608352661132812,32.684326171875,16.571044921875,67.413330078125
8.6074999,4.472967147827148,-0.8361749649047852,9.049484252929688,35.33935546875,15.411376953125,47.66845703125
8.6124999,4.2275614738464355,-0.4159925580024719,9.552266120910645,34.60693359375,13.36669921875,24.59716796875
8.6174999,3.9193081855773926,0.04908113554120064,9.861717224121094,30.3955078125,4.82177734375,-1.953125
8.622499900000001,3.5404257774353027,0.3974374830722809,9.880271911621094,21.484375,-2.01416015625,-27.2216796875
8.6274999,3.183689594268799,0.5363011956214905,9.635464668273926,11.871337890625,-2.593994140625,-46.722412109375
8.632499900000001,2.9263129234313965,0.5392939448356628,9.21947193145752,2.777099609375,2.471923828125,-61.767578125
8.6374999,3.1441853046417236,1.61069917678833,7.451354026794434,-70.098876953125,25.32958984375,-130.462646484375
8.6424999,3.296217203140259,2.0907366275787354,7.067683219909668,-96.00830078125,36.2548828125,-144.775390625
8.6474999,3.465008497238159,2.390011787414551,7.031171798706055,-120.05615234375,54.901123046875,-154.296875
8.6524999,3.5877113342285156,2.299032211303711,8.255207061767578,-118.5302734375,112.823486328125,-148.040771484375
8.6574999,2.890998601913452,1.2234370708465576,10.42076301574707,-49.530029296875,209.381103515625,-121.246337890625
8.6624999,1.900996208190918,-0.3292027413845062,12.816760063171387,35.247802734375,149.47509765625,-112.73193359375
8.667499900000001,0.23702596127986908,-1.777694821357727,13.936049461364746,31.79931640625,71.8994140625,-88.104248046875
8.6724999,-1.5711948871612549,-2.850297212600708,13.157934188842773,-4.669189453125,68.603515625,-55.572509765625
8.6774999,-3.2626984119415283,-3.2986114025115967,11.005546569824219,-32.379150390625,57.7392578125,-19.378662109375
8.6824999,-7.055113792419434,-3.117849111557007,5.603030681610107,-12.115478515625,-119.62890625,86.12060546875
8.6874999,-7.407061576843262,-2.647388458251953,5.846042156219482,0.1220703125,-146.759033203125,90.75927734375
8.6924999,-6.831854343414307,-1.5209165811538696,7.539939880371094,24.47509765625,-129.241943359375,80.780029296875
8.6974999,-5.339069843292236,-0.5937620401382446,10.032901763916016,20.660400390625,-95.76416015625,63.079833984375
8.702499900000001,-3.3213562965393066,0.07960720360279083,12.249933242797852,11.566162109375,-111.14501953125,67.169189453125
8.7074999,-1.0438719987869263,0.4159925580024719,13.33929443359375,34.271240234375,-109.92431640625,86.9140625
8.712499900000001,0.9199720025062561,0.2735375463962555,12.584522247314453,42.66357421875,-75.225830078125,103.790283203125
8.7174999,2.295440912246704,-0.13407529890537262,11.239580154418945,40.191650390625,-45.562744140625,119.140625
8.7224999,4.558559894561768,-0.9085995554924011,9.126696586608887,20.32470703125,18.98193359375,27.496337890625
8.7274999,4.220977783203125,-0.42377370595932007,9.620500564575195,19.866943359375,14.22119140625,2.960205078125
8.7324999,3.843890905380249,0.018555063754320145,9.864110946655273,15.777587890625,10.467529296875,-20.6298828125
8.7374999,3.4799721240997314,0.4106055796146393,9.967659950256348,11.016845703125,6.317138671875,-39.642333984375
8.7424999,3.1968579292297363,0.6308721303939819,9.730634689331055,3.570556640625,9.8876953125,-53.924560546875
8.747499900000001,2.9753942489624023,0.667982280254364,9.369708061218262,-5.279541015625,15.777587890625,-67.9931640625
8.7524999,2.83174204826355,0.6344634294509888,8.888473510742188,-16.29638671875,21.087646484375,-82.244873046875
8.757499900000001,2.7922377586364746,0.7906851172447205,8.42040729522705,-30.94482421875,28.839111328125,-97.198486328125
8.7624999,2.810194253921509,0.9409212470054626,7.969698905944824,-51.788330078125,34.149169921875,-112.85400390625
8.7674999,2.8850131034851074,1.3174095153808594,7.68658447265625,-70.953369140625,41.229248046875,-126.52587890625
8.7724999,3.008314371109009,1.4939818382263184,7.807491779327393,-85.174560546875,60.36376953125,-136.077880859375
8.7774999,2.478597402572632,0.7068880796432495,10.85590934753418,-22.64404296875,155.70068359375,-112.36572265625
8.7824999,1.643619418144226,-0.32381579279899597,12.736554145812988,27.34375,115.478515625,-103.668212890625
8.7874999,0.2621650993824005,-1.236605167388916,13.676279067993164,21.575927734375,71.380615234375,-90.240478515625
8.792499900000001,-1.314416766166687,-1.8812439441680908,13.084312438964844,-4.486083984375,61.70654296875,-60.638427734375
8.7974999,-2.919728994369507,-2.2224178314208984,11.171943664550781,-24.688720703125,42.17529296875,-26.947021484375
8.8024999,-4.535815238952637,-2.455253839492798,9.169792175292969,-10.833740234375,-7.2021484375,36.651611328125
8.8074999,-5.985504150390625,-2.7072436809539795,7.446565628051758,4.5166015625,-65.216064453125,75.50048828125
8.8124999,-7.028179168701172,-2.8155810832977295,6.541557788848877,-11.65771484375,-107.147216796875,77.81982421875
8.8174999,-7.464522361755371,-2.1805191040039062,6.825869083404541,-14.434814453125,-134.307861328125,76.47705078125
8.8224999,-6.829460144042969,-1.2533645629882812,8.422801971435547,11.29150390625,-121.978759765625,67.657470703125
8.827499900000001,-5.304952621459961,-0.21847090125083923,10.480019569396973,10.345458984375,-104.06494140625,59.26513671875
8.8324999,-3.2609026432037354,0.4225766062736511,12.299612998962402,11.505126953125,-115.753173828125,72.052001953125
8.837499900000001,1.0414776802062988,-0.008978256024420261,12.01111125946045,34.515380859375,-71.075439453125,103.57666015625
8.8424999,2.586336374282837,-0.6919242739677429,10.655394554138184,32.71484375,-39.0625,107.818603515625
8.8474999,2.586336374282837,-0.6919242739677429,10.655394554138184,32.71484375,-39.0625,107.818603515625
8.8524999,3.7487213611602783,-1.3341689109802246,9.363722801208496,31.768798828125,-15.19775390625,100.7080078125
8.8574999,4.619612216949463,-1.601720929145813,8.529942512512207,24.993896484375,3.082275390625,85.44921875
8.8624999,5.162497520446777,-1.5747861862182617,8.180388450622559,16.876220703125,12.63427734375,64.056396484375
8.8674999,5.406705856323242,-1.258152961730957,8.383296966552734,14.7705078125,16.4794921875,44.49462890625
8.872499900000001,5.298368453979492,-0.8762778043746948,8.789712905883789,16.754150390625,16.876220703125,29.296875
8.8774999,4.93385124206543,-0.5740098357200623,9.353547096252441,18.5546875,21.66748046875,9.979248046875
8.882499900000001,3.8756139278411865,0.0586579404771328,10.011953353881836,16.815185546875,22.5830078125,-32.3486328125
8.8874999,3.8756139278411865,0.0586579404771328,10.011953353881836,16.815185546875,22.5830078125,-32.3486328125
8.8924999,3.400364875793457,0.3082534670829773,9.96945571899414,11.138916015625,21.759033203125,-47.027587890625
8.8974999,2.6839001178741455,0.3357867896556854,9.217676162719727,-3.753662109375,34.24072265625,-67.68798828125
8.9024999,2.454056739807129,0.292691171169281,8.731653213500977,-14.5263671875,39.947509765625,-81.84814453125
8.9074999,2.3511061668395996,0.40222588181495667,8.316858291625977,-29.937744140625,40.863037109375,-101.25732421875
8.9124999,2.3924059867858887,0.7589619159698486,8.067861557006836,-49.62158203125,42.3583984375,-121.4599609375
8.917499900000001,2.5528175830841064,1.1701661348342896,8.039729118347168,-67.9931640625,53.497314453125,-134.368896484375
8.9224999,2.7263972759246826,1.4059948921203613,8.637681007385254,-67.047119140625,86.181640625,-133.7890625
8.9274999,2.425924777984619,1.0594342947006226,10.178948402404785,-28.9306640625,132.50732421875,-115.325927734375
8.9324999,1.7292121648788452,0.27712884545326233,11.945869445800781,21.453857421875,118.133544921875,-98.236083984375
8.9374999,0.4920084476470947,-0.4878185987472534,13.160926818847656,24.627685546875,77.63671875,-80.01708984375
8.9424999,-1.1025298833847046,-1.1294646263122559,13.163919448852539,-7.781982421875,62.896728515625,-52.3681640625
8.9474999,-2.7557260990142822,-1.5436615943908691,11.592724800109863,-34.271240234375,41.168212890625,-21.91162109375
8.952499900000001,-4.455609321594238,-2.056020736694336,9.6618013381958,-27.2216796875,-13.24462890625,43.15185546875
8.9574999,-7.470507621765137,-2.4654293060302734,6.503849029541016,-14.678955078125,-133.941650390625,77.1484375
8.962499900000001,-5.434239387512207,-0.5111620426177979,10.165182113647461,15.167236328125,-101.531982421875,56.793212890625
8.9674999,-3.3907880783081055,0.32441434264183044,12.049418449401855,9.3994140625,-115.66162109375,70.587158203125
8.9724999,-1.0857704877853394,0.43933600187301636,12.810774803161621,27.03857421875,-108.856201171875,90.88134765625
8.9774999,0.9169792532920837,0.08200141042470932,11.966818809509277,33.172607421875,-77.667236328125,103.3935546875
8.9824999,2.4199392795562744,-0.6147112846374512,10.644021987915039,28.594970703125,-47.821044921875,104.156494140625
8.9874999,3.6080620288848877,-1.2623428106307983,9.466673851013184,31.25,-21.331787109375,97.381591796875
8.9924999,4.426280498504639,-1.7256208658218384,8.741230010986328,30.426025390625,-3.021240234375,86.090087890625
8.997499900000001,4.97934103012085,-1.8022353649139404,8.511985778808594,26.336669921875,6.011962890625,69.976806640625
9.0024999,5.187636375427246,-1.6573861837387085,8.678382873535156,24.627685546875,12.939453125,51.3916015625
9.007499900000001,4.794987678527832,-0.9588778018951416,9.303269386291504,25.421142578125,26.2451171875,19.71435546875
9.0124999,4.794987678527832,-0.9588778018951416,9.303269386291504,25.421142578125,26.2451171875,19.71435546875
9.0174999,4.355052947998047,-0.44532153010368347,9.62828254699707,24.5361328125,24.444580078125,-2.44140625
9.0224999,3.886986494064331,0.10654197633266449,9.75517463684082,18.829345703125,20.416259765625,-24.627685546875
9.0274999,3.471592426300049,0.6506243348121643,9.798869132995605,13.641357421875,16.754150390625,-42.022705078125
9.0324999,3.1244332790374756,0.8948329091072083,9.55585765838623,4.913330078125,20.050048828125,-55.328369140625
9.0374999,2.8383262157440186,0.8601169586181641,9.198522567749023,-5.06591796875,23.773193359375,-68.66455078125
9.042499900000001,2.6402058601379395,0.7577648162841797,8.735843658447266,-16.845703125,28.656005859375,-83.953857421875
9.0474999,2.5540146827697754,0.7068880796432495,8.274959564208984,-32.440185546875,35.064697265625,-101.226806640625
9.0524999,2.5959131717681885,0.9792284965515137,7.933187484741211,-52.42919921875,39.24560546875,-118.560791015625
9.0574999,2.7724854946136475,1.2545616626739502,7.7416510581970215,-73.638916015625,48.03466796875,-132.843017578125
9.0624999,3.028066635131836,1.5670050382614136,8.145073890686035,-82.8857421875,78.887939453125,-137.02392578125
9.0674999,2.205059766769409,0.39145198464393616,11.63222885131836,10.7421875,155.853271484375,-102.11181640625
9.0724999,1.080383539199829,-0.507570743560791,13.177087783813477,41.015625,91.49169921875,-88.9892578125
9.077499900000001,-0.5811924338340759,-1.3395558595657349,13.65951919555664,4.547119140625,68.939208984375,-62.5
9.0824999,-2.2200236320495605,-2.034472942352295,12.461221694946289,-31.524658203125,58.502197265625,-33.02001953125
9.087499900000001,-3.951629877090454,-2.451063871383667,10.326790809631348,-36.468505859375,10.1318359375,29.9072265625
9.0924999,-5.429450988769531,-2.8006174564361572,8.084620475769043,7.598876953125,-53.77197265625,82.58056640625
9.0974999,-6.673837184906006,-3.075352191925049,6.488884925842285,5.55419921875,-92.254638671875,83.343505859375
9.1024999,-7.396886348724365,-2.693476915359497,5.8657941818237305,-12.359619140625,-125.1220703125,78.55224609375
9.1074999,-7.24485445022583,-1.7178397178649902,7.082048416137695,1.15966796875,-136.53564453125,72.418212890625
9.1124999,-6.066308498382568,-0.6087257862091064,9.151237487792969,16.17431640625,-104.522705078125,57.55615234375
9.1174999,-4.25629186630249,0.3884592354297638,11.529278755187988,7.354736328125,-112.579345703125,61.279296875
9.122499900000001,4.152144432067871,-1.4383167028427124,8.789712905883789,25.93994140625,-9.307861328125,90.484619140625
9.1274999,4.747702121734619,-1.7411831617355347,8.440757751464844,25.634765625,4.69970703125,76.84326171875
9.132499900000001,5.076306343078613,-1.6974890232086182,8.506598472595215,22.613525390625,11.016845703125,61.34033203125
9.1374999,5.10383939743042,-1.4443022012710571,8.864531517028809,21.6064453125,12.3291015625,43.5791015625
9.1424999,4.859631061553955,-1.1115081310272217,9.188945770263672,20.904541015625,18.49365234375,26.06201171875
9.1474999,4.434061527252197,-0.6458359360694885,9.534309387207031,19.59228515625,23.284912109375,5.4931640625
9.1524999,3.9456443786621094,-0.15023615956306458,9.697115898132324,16.05224609375,21.209716796875,-16.05224609375
9.1574999,3.4554316997528076,0.31603461503982544,9.737217903137207,10.19287109375,17.486572265625,-33.26416015625
9.1624999,3.0346505641937256,0.6039373874664307,9.606135368347168,4.302978515625,17.9443359375,-44.677734375
9.167499900000001,2.695272445678711,0.6727706789970398,9.339181900024414,-2.960205078125,25.2685546875,-53.436279296875
9.1724999,2.3044190406799316,0.5805938839912415,8.458714485168457,-33.69140625,42.17529296875,-85.87646484375
9.1774999,2.4019827842712402,0.8277952671051025,8.365939140319824,-46.234130859375,49.346923828125,-98.20556640625
9.1824999,2.543240785598755,0.9965864419937134,8.561066627502441,-56.365966796875,62.8662109375,-104.949951171875
9.1874999,2.6426000595092773,1.0031704902648926,9.17817211151123,-51.33056640625,87.677001953125,-103.729248046875
9.1924999,2.3953988552093506,0.6123170852661133,10.310030937194824,-25.054931640625,115.90576171875,-96.74072265625
9.1974999,1.7507599592208862,-0.30705636739730835,11.595717430114746,9.46044921875,107.452392578125,-94.29931640625
9.202499900000001,-7.120954513549805,-1.701080322265625,7.386112213134766,-11.65771484375,-105.865478515625,55.96923828125
9.2074999,-6.89410400390625,-0.8457517623901367,8.382100105285645,-19.317626953125,-117.767333984375,47.576904296875
9.212499900000001,-5.581482887268066,0.08319851011037827,10.041281700134277,-2.716064453125,-111.297607421875,47.637939453125
9.2174999,-3.6786909103393555,0.6877344250679016,11.629236221313477,4.364013671875,-116.973876953125,58.807373046875
9.2224999,-1.4203602075576782,0.8020575642585754,12.416330337524414,14.2822265625,-112.4267578125,74.493408203125
9.2274999,0.6248866319656372,0.1430535465478897,11.87763500213623,23.773193359375,-79.132080078125,87.310791015625
9.2324999,2.213439464569092,-0.645237386226654,10.76612663269043,25.787353515625,-53.802490234375,91.6748046875
9.2374999,3.380612850189209,-1.5364789962768555,9.533711433410645,24.658203125,-30.09033203125,93.56689453125
9.2424999,4.183867454528809,-2.096123695373535,8.907029151916504,24.383544921875,-10.43701171875,89.41650390625
9.247499900000001,4.641160011291504,-2.212242364883423,8.787917137145996,28.228759765625,0.9765625,78.61328125
9.2524999,4.777030944824219,-1.9716250896453857,8.953117370605469,28.961181640625,9.94873046875,63.995361328125
9.257499900000001,4.637568473815918,-1.5382746458053589,9.27334213256836,29.144287109375,16.6015625,46.539306640625
9.2624999,3.8768110275268555,-0.48722004890441895,9.673771858215332,25.146484375,20.69091796875,10.284423828125
9.2674999,3.488351821899414,0.002992752008140087,9.73542308807373,23.92578125,22.918701171875,-7.293701171875
9.2724999,3.159149169921875,0.36152446269989014,9.75517463684082,19.59228515625,17.486572265625,-24.139404296875
9.2774999,2.8874073028564453,0.5662286877632141,9.59596061706543,11.932373046875,15.13671875,-37.200927734375
9.2824999,2.3469161987304688,0.7230489253997803,8.310873031616211,-32.440185546875,31.31103515625,-90.789794921875
9.2874999,2.449268341064453,1.026513934135437,8.051700592041016,-50.262451171875,35.308837890625,-106.292724609375
9.292499900000001,2.6593594551086426,1.4059948921203613,7.987056732177734,-67.7490234375,45.989990234375,-117.73681640625
9.2974999,2.8880057334899902,1.4838064908981323,8.347384452819824,-74.066162109375,75.1953125,-120.91064453125
9.3024999,2.876034736633301,1.1228805780410767,9.586981773376465,-49.13330078125,127.62451171875,-109.405517578125
9.3074999,2.27748441696167,0.17298106849193573,11.459846496582031,4.638671875,143.1884765625,-92.34619140625
9.3124999,1.3628993034362793,-0.7463923692703247,12.934674263000488,34.332275390625,93.902587890625,-87.371826171875
9.3174999,-0.14185644686222076,-1.5520412921905518,13.416507720947266,9.796142578125,69.854736328125,-65.5517578125
9.3224999,-1.7310078144073486,-1.9482816457748413,12.327744483947754,-19.10400390625,55.96923828125,-40.618896484375
9.327499900000001,-3.3907880783081055,-2.3104045391082764,10.417770385742188,-29.60205078125,20.111083984375,4.180908203125
9.3324999,-5.009867191314697,-2.4690206050872803,8.359953880310059,-6.011962890625,-42.05322265625,74.127197265625
9.337499900000001,-6.3745622634887695,-2.7305870056152344,6.897096633911133,7.354736328125,-86.24267578125,86.12060546875
9.3424999,-7.259818077087402,-2.4181437492370605,6.451775074005127,-4.180908203125,-114.898681640625,72.1435546875
9.3474999,-7.302913665771484,-1.5478514432907104,7.4770917892456055,-8.026123046875,-125.335693359375,59.50927734375
9.3524999,-6.229712963104248,-0.3531447649002075,9.539097785949707,-0.42724609375,-109.161376953125,52.1240234375
9.3574999,-4.455010890960693,0.5153518915176392,11.685500144958496,10.650634765625,-113.83056640625,56.854248046875
9.3624999,-2.203263998031616,0.9277531504631042,13.026851654052734,16.2353515625,-120.941162109375,74.8291015625
9.3674999,-0.03172317147254944,0.6212953329086304,12.713809967041016,29.23583984375,-89.29443359375,91.888427734375
9.372499900000001,4.855441093444824,-2.0380642414093018,8.587403297424316,26.824951171875,5.645751953125,71.136474609375
9.3774999,4.917690277099609,-1.8034324645996094,8.942343711853027,27.2216796875,12.908935546875,49.62158203125
9.382499900000001,4.7405195236206055,-1.359906554222107,9.343372344970703,28.961181640625,21.3623046875,32.65380859375
9.3874999,4.378994941711426,-0.8649053573608398,9.615114212036133,27.2216796875,21.30126953125,14.068603515625
9.3924999,3.973776340484619,-0.24899697303771973,9.765948295593262,23.345947265625,19.71435546875,-9.613037109375
9.3974999,3.5907039642333984,0.2968810200691223,9.722254753112793,16.937255859375,18.585205078125,-32.196044921875
9.4024999,3.266289710998535,0.7463923692703247,9.588777542114258,9.368896484375,15.411376953125,-46.93603515625
9.4074999,2.9867665767669678,0.9080010056495667,9.249998092651367,-0.6103515625,18.768310546875,-57.342529296875
9.4124999,2.542043685913086,0.7026981711387634,8.533533096313477,-20.01953125,31.585693359375,-81.23779296875
9.417499900000001,2.4678235054016113,0.7284358739852905,8.249820709228516,-34.7900390625,36.0107421875,-96.25244140625
9.4224999,2.5127146244049072,0.9882067441940308,8.054094314575195,-53.1005859375,40.802001953125,-111.51123046875
9.4274999,2.67372465133667,1.2982559204101562,8.030152320861816,-70.1904296875,50.1708984375,-122.74169921875
9.4324999,2.869450807571411,1.4748282432556152,8.498817443847656,-75.3173828125,77.7587890625,-124.237060546875
9.4374999,2.7533318996429443,1.1216834783554077,9.804255485534668,-46.539306640625,135.528564453125,-109.893798828125
9.4424999,1.0965443849563599,-0.8930372595787048,13.035231590270996,38.421630859375,86.60888671875,-83.343505859375
9.4474999,-0.38726213574409485,-1.7417817115783691,13.33570384979248,8.72802734375,66.558837890625,-67.19970703125
9.452499900000001,-1.9626468420028687,-2.0231003761291504,12.193669319152832,-21.17919921875,54.656982421875,-47.4853515625
9.4574999,-3.554192304611206,-2.278681516647339,10.248380661010742,-27.2216796875,19.989013671875,-0.885009765625
9.462499900000001,-6.420650482177734,-2.63362193107605,6.965929985046387,8.11767578125,-85.845947265625,83.80126953125
9.4674999,-7.255029678344727,-2.3535003662109375,6.582857608795166,-4.852294921875,-110.107421875,71.35009765625
9.4724999,-7.235876083374023,-1.4873977899551392,7.593809127807617,-11.016845703125,-123.199462890625,58.9599609375
9.4774999,-6.144718647003174,-0.29867666959762573,9.59715747833252,-2.62451171875,-111.053466796875,50.9033203125
9.4824999,-4.350264549255371,0.5847837924957275,11.61367416381836,5.31005859375,-115.020751953125,54.62646484375
9.4874999,-2.0919337272644043,0.8672995567321777,12.935872077941895,15.2587890625,-121.490478515625,70.49560546875
9.4924999,0.076015904545784,0.6278793811798096,12.604873657226562,28.1982421875,-87.95166015625,88.134765625
9.497499900000001,1.824381709098816,-0.11372458189725876,11.340136528015137,29.9072265625,-57.4951171875,101.07421875
9.5024999,3.075352191925049,-0.9355342984199524,9.857526779174805,24.383544921875,-35.064697265625,101.409912109375
9.507499900000001,3.998316764831543,-1.5735890865325928,8.87829875946045,23.25439453125,-15.2587890625,94.66552734375
9.5124999,4.568136692047119,-1.9590555429458618,8.47786808013916,25.543212890625,1.190185546875,82.8857421875
9.5174999,4.8602294921875,-1.9632453918457031,8.56884765625,25.57373046875,10.589599609375,66.7724609375
9.5224999,4.620809078216553,-1.2958617210388184,9.331400871276855,23.956298828125,14.83154296875,29.449462890625
9.5274999,4.217984676361084,-0.8134300112724304,9.601346969604492,24.90234375,23.01025390625,13.397216796875
9.5324999,3.782240152359009,-0.2950853705406189,9.761159896850586,22.0947265625,24.505615234375,-6.256103515625
9.5374999,3.3877954483032227,0.2148796021938324,9.78869342803955,17.51708984375,19.53125,-25.634765625
9.542499900000001,3.053205728530884,0.568622887134552,9.6803560256958,10.528564453125,16.41845703125,-38.26904296875
9.5474999,2.7934348583221436,0.7134721279144287,9.402029991149902,2.74658203125,21.3623046875,-48.40087890625
9.5524999,2.5683798789978027,0.6817489266395569,9.063250541687012,-5.096435546875,28.38134765625,-58.319091796875
9.5574999,2.4013843536376953,0.586579442024231,8.653841972351074,-17.02880859375,32.958984375,-69.976806640625
9.5624999,2.321178436279297,0.6135141849517822,8.379107475280762,-30.21240234375,36.07177734375,-84.3505859375
9.5674999,2.3457190990448,0.778714120388031,8.215105056762695,-44.12841796875,40.34423828125,-99.42626953125
9.5724999,2.4666264057159424,1.0845733880996704,8.242039680480957,-58.380126953125,47.91259765625,-111.297607421875
9.577499900000001,2.6557681560516357,1.1803414821624756,8.605957984924316,-66.192626953125,69.64111328125,-115.234375
9.5824999,2.205658197402954,0.1867477297782898,11.113286018371582,-4.730224609375,128.47900390625,-92.864990234375
9.587499900000001,1.3563152551651,-0.7086837291717529,12.452841758728027,29.083251953125,93.20068359375,-83.221435546875
9.5924999,0.013168109580874443,-1.5981296300888062,12.902353286743164,18.524169921875,68.66455078125,-68.66455078125
9.5974999,-1.4915876388549805,-1.9285295009613037,12.15296745300293,-10.8642578125,53.28369140625,-54.229736328125
9.6024999,-5.984307289123535,-2.248155355453491,7.491456985473633,9.27734375,-74.0966796875,83.526611328125
9.6074999,-7.025186538696289,-2.014122247695923,7.06409215927124,-5.035400390625,-101.531982421875,68.4814453125
9.6124999,-7.2586212158203125,-1.2186486721038818,7.735665798187256,-19.195556640625,-118.255615234375,53.985595703125
9.6174999,-6.345232963562012,-0.16998831927776337,9.442132949829102,-9.735107421875,-114.2578125,48.40087890625
9.622499900000001,-4.639364242553711,0.646434485912323,11.181520462036133,2.532958984375,-114.07470703125,52.459716796875
9.6274999,-2.453458309173584,0.8421604633331299,12.525266647338867,9.46044921875,-123.71826171875,67.657470703125
9.632499900000001,1.5717934370040894,-0.30466216802597046,11.31799030303955,29.4189453125,-61.004638671875,94.6044921875
9.6374999,2.940678119659424,-1.1450269222259521,9.930550575256348,26.031494140625,-38.177490234375,96.221923828125
9.6424999,3.930680751800537,-1.8728642463684082,8.96149730682373,22.88818359375,-18.00537109375,90.88134765625
9.6474999,4.577713489532471,-2.182913303375244,8.593987464904785,27.069091796875,-1.03759765625,81.84814453125
9.6524999,4.882375717163086,-2.1302409172058105,8.686163902282715,28.594970703125,11.65771484375,69.366455078125
9.6574999,4.882974147796631,-1.7298107147216797,9.03511905670166,28.13720703125,14.70947265625,51.788330078125
9.6624999,4.613028049468994,-1.22642982006073,9.354146003723145,24.71923828125,14.58740234375,30.792236328125
9.667499900000001,4.200626850128174,-0.7308300733566284,9.639654159545898,23.8037109375,18.85986328125,12.75634765625
9.6724999,3.736151695251465,-0.24899697303771973,9.746794700622559,24.10888671875,24.505615234375,-3.84521484375
9.6774999,3.353677988052368,0.1777694821357727,9.805453300476074,20.294189453125,23.37646484375,-23.25439453125
9.6824999,2.787449359893799,0.6865373253822327,9.452308654785156,5.859375,20.8740234375,-46.051025390625
9.6874999,2.581547975540161,0.6829460263252258,9.097368240356445,-1.495361328125,28.3203125,-56.45751953125
9.6924999,2.4175450801849365,0.6135141849517822,8.686761856079102,-13.61083984375,32.501220703125,-68.511962890625
9.6974999,2.337938070297241,0.6482301354408264,8.352770805358887,-28.045654296875,35.09521484375,-83.892822265625
9.702499900000001,2.343923568725586,0.838569164276123,8.145073890686035,-43.9453125,37.17041015625,-101.01318359375
9.7074999,2.455852508544922,1.235408067703247,8.086416244506836,-60.791015625,43.64013671875,-114.501953125
9.712499900000001,2.6599581241607666,1.3958195447921753,8.379107475280762,-71.2890625,65.0634765625,-120.60546875
9.7174999,2.7449522018432617,1.3305776119232178,9.381080627441406,-55.6640625,108.88671875,-112.274169921875
9.7224999,2.29484224319458,0.3866635859012604,11.058218955993652,-7.14111328125,137.725830078125,-93.780517578125
9.7274999,1.4927847385406494,-0.6021417379379272,12.570157051086426,33.782958984375,99.67041015625,-80.078125
9.7324999,0.13108254969120026,-1.567603588104248,13.210606575012207,19.256591796875,70.556640625,-63.17138671875
9.7374999,-1.4191631078720093,-1.9375077486038208,12.510302543640137,-14.923095703125,57.525634765625,-47.943115234375
9.7424999,-2.984971046447754,-2.164358377456665,10.738593101501465,-20.965576171875,30.059814453125,-15.31982421875
9.747499900000001,-4.639962673187256,-2.294243812561035,8.836400032043457,-16.265869140625,-25.57373046875,50.1708984375
9.7524999,-7.350199222564697,-1.50355863571167,7.351396083831787,-12.75634765625,-123.84033203125,58.929443359375
9.757499900000001,-6.509235858917236,-0.3944447338581085,9.179967880249023,-8.97216796875,-114.31884765625,50.140380859375
9.7624999,-4.8255133628845215,0.5662286877632141,11.203666687011719,5.340576171875,-112.030029296875,52.581787109375
9.7674999,-2.6587610244750977,0.9564836025238037,12.72877311706543,11.23046875,-125.3662109375,69.580078125
9.7724999,-0.39564183354377747,0.6613982319831848,12.664130210876465,23.74267578125,-96.893310546875,85.693359375
9.7774999,1.4311341047286987,-0.11611878126859665,11.53466510772705,30.670166015625,-63.17138671875,100.5859375
9.7824999,2.7970261573791504,-1.0414776802062988,10.06582260131836,28.01513671875,-38.57421875,104.55322265625
9.7874999,3.816956043243408,-1.790264368057251,9.015965461730957,26.42822265625,-14.83154296875,97.900390625
9.792499900000001,4.480748653411865,-2.169146776199341,8.555679321289062,28.350830078125,-0.396728515625,86.517333984375
9.7974999,4.856039524078369,-2.141014814376831,8.598176956176758,27.099609375,6.4697265625,71.990966796875
9.8024999,4.387973308563232,-0.8469488620758057,9.611522674560547,28.900146484375,26.42822265625,21.05712890625
9.8074999,3.949235677719116,-0.22744916379451752,9.761758804321289,26.2451171875,23.0712890625,1.28173828125
9.8124999,3.535637378692627,0.27054479718208313,9.785101890563965,20.843505859375,19.622802734375,-21.331787109375
9.8174999,3.1705214977264404,0.6967126727104187,9.694122314453125,13.458251953125,15.411376953125,-38.87939453125
9.8224999,2.8580782413482666,0.8254010081291199,9.40023422241211,3.814697265625,17.120361328125,-50.750732421875
9.827499900000001,2.6007015705108643,0.7667431235313416,9.016563415527344,-5.4931640625,23.834228515625,-62.01171875
9.8324999,2.4175450801849365,0.6308721303939819,8.604162216186523,-16.632080078125,29.327392578125,-75.347900390625
9.837499900000001,2.3499090671539307,0.6147112846374512,8.265382766723633,-31.158447265625,33.050537109375,-89.935302734375
9.8424999,-1.3353660106658936,-1.7842788696289062,12.631209373474121,-11.627197265625,61.767578125,-54.38232421875
9.8474999,-2.8556840419769287,-2.1781249046325684,10.841544151306152,-23.040771484375,34.912109375,-23.92578125
9.8524999,-4.46518611907959,-2.358887195587158,8.89685344696045,-19.59228515625,-18.524169921875,41.961669921875
9.8574999,-5.823895454406738,-2.7449522018432617,7.333439826965332,6.134033203125,-71.136474609375,83.953857421875
9.8624999,-6.879738807678223,-2.67372465133667,6.4817023277282715,0.335693359375,-100.982666015625,75.1953125
9.8674999,-7.1706342697143555,-1.9506758451461792,7.020398139953613,-4.2724609375,-122.25341796875,60.302734375
9.872499900000001,-6.467337131500244,-0.8277952671051025,8.716690063476562,-9.979248046875,-113.739013671875,49.37744140625
9.8774999,-4.8937482833862305,0.322618693113327,10.913370132446289,0.79345703125,-106.719970703125,51.20849609375
9.882499900000001,-2.8383262157440186,0.9923965930938721,12.679093360900879,12.847900390625,-122.222900390625,63.3544921875
9.8874999,2.521692991256714,-0.5021837949752808,10.42195987701416,27.16064453125,-41.900634765625,105.65185546875
9.8924999,3.5009214878082275,-1.334767460823059,9.196727752685547,24.810791015625,-17.7001953125,102.9052734375
9.8974999,4.127603530883789,-1.8908207416534424,8.561066627502441,25.7568359375,-0.42724609375,93.81103515625
9.9024999,4.495113849639893,-2.100912094116211,8.518569946289062,26.4892578125,7.01904296875,81.6650390625
9.9074999,4.602852821350098,-1.9638439416885376,8.838793754577637,26.824951171875,10.101318359375,63.65966796875
9.9124999,4.4939165115356445,-1.599326729774475,9.27034854888916,26.214599609375,14.0380859375,40.8935546875
9.917499900000001,4.223371982574463,-1.092953085899353,9.607333183288574,25.054931640625,19.073486328125,20.44677734375
9.9224999,3.8708255290985107,-0.4794389009475708,9.798869132995605,23.590087890625,19.83642578125,4.2724609375
9.9274999,3.5218706130981445,0.08499415963888168,9.77013874053955,18.49365234375,16.937255859375,-14.923095703125
9.9324999,3.227383852005005,0.5482721924781799,9.673172950744629,12.14599609375,15.2587890625,-32.16552734375
9.9374999,2.9700071811676025,0.7763199210166931,9.41639518737793,4.791259765625,17.27294921875,-43.060302734375
9.9424999,2.278082847595215,0.5267243981361389,10.283695220947266,-28.961181640625,103.6376953125,-94.3603515625
9.9474999,1.7076643705368042,-0.26096799969673157,11.511322021484375,3.204345703125,97.076416015625,-88.958740234375
9.952499900000001,0.9020155072212219,-1.0330979824066162,12.264896392822266,16.78466796875,69.305419921875,-97.320556640625
9.9574999,-0.2645592987537384,-1.53707754611969,12.154763221740723,3.265380859375,61.95068359375,-88.043212890625
9.962499900000001,-1.4993687868118286,-1.7148469686508179,11.210250854492188,-6.34765625,48.065185546875,-58.04443359375
9.9674999,-2.9029695987701416,-1.9291280508041382,9.853935241699219,-11.53564453125,17.608642578125,-15.56396484375
9.9724999,-5.744288444519043,-2.160767078399658,7.890690326690674,4.608154296875,-67.352294921875,74.89013671875
9.9774999,-6.661866188049316,-1.8842366933822632,7.671620845794678,-4.33349609375,-90.789794921875,60.272216796875
9.9824999,-6.721122741699219,-1.1593921184539795,8.333019256591797,-13.763427734375,-108.88671875,48.095703125
9.9874999,-5.810129165649414,-0.15023615956306458,9.727641105651855,-13.7939453125,-109.039306640625,47.515869140625
9.9924999,-4.08510684967041,0.5404910445213318,11.231200218200684,2.86865234375,-110.04638671875,52.30712890625
9.997499900000001,-2.033275842666626,0.730231523513794,12.2002534866333,10.986328125,-110.198974609375,66.58935546875
10.0024999,0.031124621629714966,0.3998316824436188,12.068572044372559,23.529052734375,-85.845947265625,83.6181640625
10.007499900000001,1.6490063667297363,-0.3884592354297638,11.05283260345459,27.496337890625,-56.884765625,98.419189453125
10.0124999,2.826953649520874,-1.1629834175109863,9.835380554199219,25.87890625,-32.440185546875,104.3701171875
10.0174999,2.826953649520874,-1.1629834175109863,9.835380554199219,25.87890625,-32.440185546875,104.3701171875
10.0224999,3.6284127235412598,-1.8124107122421265,9.03751277923584,26.611328125,-11.871337890625,100.2197265625
10.0274999,4.136581897735596,-2.117072820663452,8.728660583496094,30.120849609375,3.570556640625,89.84375
10.0324999,3.8738183975219727,-0.8224082589149475,9.779715538024902,32.135009765625,25.421142578125,22.674560546875
10.0374999,3.5643677711486816,-0.30226796865463257,9.852140426635742,29.510498046875,21.6064453125,4.39453125
10.042499900000001,3.3201591968536377,0.1951274424791336,9.864709854125977,24.96337890625,15.31982421875,-15.0146484375
10.0474999,3.1226375102996826,0.5093663930892944,9.727043151855469,19.4091796875,14.373779296875,-31.158447265625
10.0524999,2.919728994369507,0.6458359360694885,9.467870712280273,11.90185546875,17.364501953125,-44.525146484375
10.0574999,2.713229179382324,0.645237386226654,9.086593627929688,1.617431640625,21.05712890625,-58.319091796875
10.0624999,2.5234885215759277,0.6356605291366577,8.680776596069336,-11.8408203125,22.735595703125,-73.638916015625
10.0674999,2.425924777984619,0.8164227604866028,8.308478355407715,-27.740478515625,25.787353515625,-89.90478515625
10.0724999,2.42472767829895,1.0091559886932373,7.982268333435059,-46.0205078125,30.2734375,-105.52978515625
10.077499900000001,2.8886044025421143,1.5017629861831665,8.73225212097168,-77.1484375,91.12548828125,-124.8779296875
10.0824999,-4.154538631439209,-2.5318682193756104,9.238027572631836,-23.3154296875,-6.4697265625,37.445068359375
10.087499900000001,-5.652111530303955,-2.9215245246887207,7.393294811248779,6.011962890625,-67.108154296875,84.442138671875
10.0924999,-6.809109687805176,-2.8886044025421143,6.2165446281433105,0.091552734375,-99.334716796875,80.474853515625
10.0974999,-7.293935298919678,-2.3684639930725098,6.403891086578369,-5.279541015625,-124.420166015625,70.556640625
10.1024999,-6.810306549072266,-1.2910733222961426,8.069656372070312,1.373291015625,-121.7041015625,61.065673828125
10.1074999,-1.1444283723831177,0.912190854549408,13.10645866394043,24.993896484375,-108.001708984375,79.620361328125
10.1124999,0.8074445128440857,0.5740098357200623,12.318766593933105,33.599853515625,-74.52392578125,98.388671875
10.1174999,2.2236149311065674,-0.13946224749088287,10.837353706359863,31.18896484375,-47.454833984375,113.616943359375
10.122499900000001,3.201047658920288,-0.9522937536239624,9.527127265930176,32.196044921875,-20.904541015625,118.621826171875
10.1274999,3.838503837585449,-1.5849615335464478,8.715493202209473,35.369873046875,3.5400390625,112.24365234375
10.132499900000001,4.233547210693359,-1.878849744796753,8.470685958862305,33.26416015625,11.71875,96.61865234375
10.1374999,4.4292731285095215,-1.92134690284729,8.62271785736084,28.1982421875,13.153076171875,75.1953125
10.1424999,4.471171855926514,-1.6400281190872192,9.030330657958984,31.097412109375,19.34814453125,59.2041015625
10.1474999,4.324526786804199,-1.2336124181747437,9.419986724853516,29.449462890625,21.05712890625,39.24560546875
10.1524999,4.079719543457031,-0.6703764796257019,9.728838920593262,26.3671875,18.6767578125,12.39013671875
10.1574999,3.8061821460723877,-0.12689268589019775,9.801861763000488,20.81298828125,14.129638671875,-13.12255859375
10.1624999,3.1076738834381104,0.7356184720993042,9.301473617553711,0.701904296875,15.2587890625,-63.568115234375
10.167499900000001,2.9275100231170654,0.7200561761856079,8.957905769348145,-8.9111328125,21.1181640625,-76.23291015625
10.1724999,2.7946319580078125,0.7116764783859253,8.573038101196289,-22.27783203125,26.0009765625,-90.728759765625
10.1774999,2.739565372467041,0.8619126081466675,8.179790496826172,-39.031982421875,30.487060546875,-107.086181640625
10.1824999,2.7437551021575928,1.0642226934432983,7.832630634307861,-59.87548828125,37.078857421875,-123.199462890625
10.1874999,2.828150749206543,1.3664906024932861,7.652467250823975,-78.857421875,47.515869140625,-136.04736328125
10.1924999,2.9700071811676025,1.501164436340332,8.124124526977539,-87.738037109375,72.93701171875,-139.58740234375
10.1974999,2.87064790725708,1.2485761642456055,9.668983459472656,-58.16650390625,132.9345703125,-125.396728515625
10.202499900000001,2.102707624435425,0.33758243918418884,11.884218215942383,9.58251953125,149.566650390625,-99.090576171875
10.2074999,1.1581950187683105,-0.6482301354408264,13.426084518432617,32.53173828125,88.958740234375,-96.282958984375
10.212499900000001,-0.4734533727169037,-1.4993687868118286,13.791200637817383,3.96728515625,69.51904296875,-76.324462890625
10.2174999,-3.7247793674468994,-2.433706045150757,10.178948402404785,-27.008056640625,23.49853515625,6.256103515625
10.2224999,-5.2247467041015625,-2.5929205417633057,7.988852500915527,1.52587890625,-41.107177734375,70.098876953125
10.2274999,-6.554725646972656,-2.984971046447754,6.662464618682861,2.166748046875,-86.24267578125,82.427978515625
10.2324999,-7.321468830108643,-2.828150749206543,6.1285576820373535,-12.664794921875,-119.93408203125,80.01708984375
10.2374999,-7.358579158782959,-1.9614497423171997,7.194576263427734,-1.8310546875,-137.603759765625,75.408935546875
10.2424999,-4.575918197631836,0.18734627962112427,11.388020515441895,7.6904296875,-109.710693359375,59.356689453125
10.247499900000001,-2.324171304702759,0.7122750282287598,12.825139999389648,18.157958984375,-121.673583984375,74.89013671875
10.2524999,-0.09217676520347595,0.6362590789794922,12.733561515808105,34.820556640625,-92.10205078125,93.8720703125
10.257499900000001,1.6418237686157227,0.09457096457481384,11.596914291381836,38.0859375,-60.05859375,113.09814453125
10.2624999,2.8670566082000732,-0.6961141228675842,10.220847129821777,37.750244140625,-31.73828125,126.007080078125
10.2674999,3.7056257724761963,-1.391629695892334,9.180566787719727,41.290283203125,-1.068115234375,125.823974609375
10.2724999,4.613626480102539,-1.84233820438385,8.831611633300781,36.834716796875,17.9443359375,76.690673828125
10.2774999,4.5160627365112305,-1.4963760375976562,9.200318336486816,34.48486328125,20.8740234375,54.107666015625
10.2824999,4.302380561828613,-1.0031704902648926,9.573814392089844,31.402587890625,18.951416015625,22.552490234375
10.2874999,4.005499362945557,-0.40701428055763245,9.764751434326172,26.2451171875,13.0615234375,-6.683349609375
10.292499900000001,3.7457284927368164,0.17956513166427612,9.818022727966309,20.751953125,5.096435546875,-31.646728515625
10.2974999,3.4823663234710693,0.6482301354408264,9.713874816894531,14.495849609375,2.105712890625,-50.445556640625
10.3024999,3.2854433059692383,0.8744821548461914,9.440337181091309,5.9814453125,5.401611328125,-67.169189453125
10.3074999,3.112462282180786,0.9433154463768005,9.042301177978516,-4.669189453125,12.359619140625,-82.58056640625
10.3124999,2.983175277709961,0.8960300087928772,8.540716171264648,-18.585205078125,18.585205078125,-97.808837890625
10.3174999,2.935291290283203,1.0115501880645752,8.048707962036133,-36.4990234375,23.86474609375,-115.631103515625
10.3224999,2.958036184310913,1.270722508430481,7.53395414352417,-61.370849609375,29.571533203125,-134.46044921875
10.327499900000001,3.3494882583618164,1.9847931861877441,8.377910614013672,-104.400634765625,117.67578125,-152.130126953125
10.3324999,2.625242233276367,1.1049240827560425,10.568604469299316,-28.99169921875,199.27978515625,-118.499755859375
10.337499900000001,1.6968904733657837,-0.20231004059314728,12.773664474487305,44.219970703125,129.547119140625,-99.884033203125
10.3424999,0.008379706181585789,-1.4083890914916992,13.73852825164795,20.20263671875,71.96044921875,-80.413818359375
10.3474999,-1.766920804977417,-2.4678235054016113,12.953827857971191,-16.357421875,71.807861328125,-45.379638671875
10.3524999,-3.451840400695801,-2.9251158237457275,10.723628997802734,-40.008544921875,48.33984375,1.434326171875
10.3574999,-5.0248308181762695,-3.1968579292297363,8.446145057678223,-4.7607421875,-21.30126953125,67.138671875
10.3624999,-6.282385349273682,-3.2998085021972656,6.5277910232543945,9.063720703125,-78.948974609375,87.921142578125
10.3674999,-7.226897716522217,-3.2986114025115967,5.5114521980285645,-11.749267578125,-120.391845703125,90.484619140625
10.372499900000001,-7.4998369216918945,-2.5516204833984375,5.896918773651123,0.335693359375,-150.054931640625,90.728759765625
10.3774999,-6.809708118438721,-1.4903905391693115,7.71471643447876,30.426025390625,-122.406005859375,77.056884765625
10.382499900000001,-5.305551052093506,-0.33039984107017517,10.207080841064453,16.90673828125,-92.71240234375,64.300537109375
10.3874999,-3.2190041542053223,0.5135562419891357,12.341510772705078,13.153076171875,-115.570068359375,72.113037109375
10.3924999,-0.9193734526634216,0.7948749661445618,13.102867126464844,35.064697265625,-107.269287109375,90.6982421875
10.3974999,1.0103530883789062,0.5171475410461426,12.218210220336914,41.107177734375,-71.868896484375,110.076904296875
10.4024999,2.3798365592956543,-0.12689268589019775,10.931924819946289,38.848876953125,-47.698974609375,123.626708984375
10.4074999,3.3231520652770996,-0.8170213103294373,9.639654159545898,40.313720703125,-20.599365234375,124.51171875
10.4124999,3.9863457679748535,-1.3820528984069824,8.844181060791016,44.3115234375,8.4228515625,113.8916015625
10.417499900000001,4.3861775398254395,-1.7603367567062378,8.564059257507324,40.985107421875,9.70458984375,95.52001953125
10.4224999,4.598662853240967,-1.8567034006118774,8.574832916259766,34.7900390625,7.99560546875,80.596923828125
10.4274999,4.6285905838012695,-1.6729484796524048,8.887276649475098,35.308837890625,19.71435546875,61.798095703125
10.4324999,4.475361347198486,-1.204882025718689,9.269750595092773,32.958984375,19.378662109375,34.85107421875
10.4374999,4.2090067863464355,-0.5949591398239136,9.537900924682617,27.099609375,13.336181640625,7.781982421875
10.4424999,3.6493618488311768,0.6021417379379272,9.75397777557373,17.27294921875,3.47900390625,-38.75732421875
10.4474999,3.399167776107788,0.9050082564353943,9.571419715881348,8.636474609375,3.90625,-57.18994140625
10.452499900000001,3.185485363006592,0.9642647504806519,9.186552047729492,-2.8076171875,9.21630859375,-74.981689453125
10.4574999,3.025672435760498,0.9265560507774353,8.687959671020508,-16.876220703125,14.2822265625,-91.033935546875
10.462499900000001,2.9436709880828857,1.0528502464294434,8.147468566894531,-33.75244140625,20.965576171875,-107.11669921875
10.4674999,2.9490580558776855,1.20368492603302,7.642890453338623,-55.755615234375,28.472900390625,-124.0234375
10.4724999,3.0095114707946777,1.5741876363754272,7.229291915893555,-80.169677734375,36.224365234375,-140.19775390625
10.4774999,3.136404275894165,1.9321208000183105,7.083245754241943,-104.461669921875,49.25537109375,-153.045654296875
10.4824999,2.0931308269500732,0.28371289372444153,12.158953666687012,21.91162109375,175.445556640625,-107.635498046875
10.4874999,0.8212111592292786,-1.004966139793396,13.64216136932373,36.102294921875,84.5947265625,-100.9521484375
10.4924999,-4.469376087188721,-3.2770636081695557,9.44871711730957,-21.270751953125,12.39013671875,39.48974609375
10.497499900000001,-5.813720226287842,-3.4787750244140625,7.2789716720581055,11.383056640625,-53.680419921875,78.094482421875
10.5024999,-6.913257598876953,-3.4955344200134277,5.760449409484863,-4.119873046875,-100.799560546875,82.03125
10.507499900000001,-7.444770336151123,-2.961029052734375,5.294776916503906,-12.603759765625,-142.547607421875,86.639404296875
10.5124999,-7.1712327003479,-1.941697597503662,6.629544734954834,19.805908203125,-146.30126953125,82.672119140625
10.5174999,-5.905298709869385,-0.751779317855835,8.895057678222656,25.69580078125,-98.602294921875,67.0166015625
10.5224999,-4.073135852813721,0.28371289372444153,11.437101364135742,9.979248046875,-108.82568359375,65.155029296875
10.5274999,-1.8040310144424438,0.8331822156906128,12.925097465515137,25.146484375,-118.988037109375,79.803466796875
10.5324999,0.3256114423274994,0.7493851184844971,12.767679214477539,41.44287109375,-88.653564453125,99.12109375
10.5374999,1.8704700469970703,0.25737667083740234,11.464634895324707,39.276123046875,-57.12890625,117.49267578125
10.542499900000001,2.9442696571350098,-0.4357447028160095,10.158597946166992,39.36767578125,-34.85107421875,126.708984375
10.5474999,4.500500679016113,-1.821987509727478,8.695141792297363,36.285400390625,18.280029296875,77.1484375
10.5524999,4.458003520965576,-1.4838064908981323,9.080608367919922,35.430908203125,22.003173828125,52.490234375
10.5574999,4.2742486000061035,-0.9343371987342834,9.382277488708496,29.022216796875,15.31982421875,22.735595703125
10.5624999,3.27227520942688,0.9487023949623108,9.378686904907227,2.25830078125,5.37109375,-65.399169921875
10.5674999,3.095104217529297,0.9678560495376587,9.002198219299316,-9.58251953125,9.8876953125,-81.756591796875
10.5724999,2.963423252105713,0.9289502501487732,8.520365715026855,-23.651123046875,16.845703125,-96.588134765625
10.577499900000001,2.912546396255493,1.0073603391647339,7.997830867767334,-41.68701171875,24.35302734375,-111.846923828125
10.5824999,2.98437237739563,1.5837644338607788,7.184999465942383,-88.836669921875,40.10009765625,-143.37158203125
10.587499900000001,2.98437237739563,1.5837644338607788,7.184999465942383,-88.836669921875,40.10009765625,-143.37158203125
10.5924999,3.1501708030700684,1.9369091987609863,7.293336868286133,-108.795166015625,58.624267578125,-152.7099609375
10.5974999,3.272873640060425,1.955464243888855,8.501212120056152,-102.6611328125,120.208740234375,-146.026611328125
10.6024999,2.7263972759246826,1.159990668296814,10.702680587768555,-34.698486328125,199.249267578125,-118.988037109375
10.6074999,1.7782933712005615,-0.17298106849193573,12.969988822937012,37.017822265625,135.040283203125,-104.217529296875
10.6124999,0.25438392162323,-1.4299370050430298,13.97256088256836,19.71435546875,75.042724609375,-95.64208984375
10.6174999,-1.535880446434021,-2.313995838165283,13.14117431640625,-6.53076171875,74.554443359375,-60.4248046875
10.622499900000001,-3.246537446975708,-2.984971046447754,11.0486421585083,-36.19384765625,54.8095703125,-22.491455078125
10.6274999,-4.794987678527832,-3.043030261993408,8.583212852478027,-7.049560546875,-8.453369140625,50.689697265625
10.632499900000001,-6.135141849517822,-3.403956174850464,6.7696051597595215,15.68603515625,-67.352294921875,80.169677734375
10.6374999,-7.033565998077393,-3.400364875793457,5.708375453948975,-7.598876953125,-110.076904296875,80.50537109375
10.6424999,3.138798475265503,-0.5129576921463013,9.701305389404297,38.39111328125,-25.0244140625,123.931884765625
10.6474999,3.7427358627319336,-1.091755986213684,8.842385292053223,41.046142578125,1.89208984375,124.51171875
10.6524999,4.109048843383789,-1.50355863571167,8.548497200012207,41.8701171875,10.55908203125,114.56298828125
10.6574999,4.281431198120117,-1.7040730714797974,8.589797019958496,37.2314453125,13.641357421875,93.902587890625
10.6624999,4.344278812408447,-1.6561890840530396,8.90762710571289,36.56005859375,21.484375,72.601318359375
10.667499900000001,4.239532470703125,-1.3425486087799072,9.27453899383545,33.38623046875,19.439697265625,48.33984375
10.6724999,3.818153142929077,-0.243011474609375,9.68813705444336,22.369384765625,8.270263671875,-7.9345703125
10.6774999,3.6116533279418945,0.31783026456832886,9.714473724365234,16.632080078125,4.0283203125,-31.951904296875
10.6824999,3.4129345417022705,0.7068880796432495,9.567828178405762,9.6435546875,2.44140625,-50.1708984375
10.6874999,3.2393548488616943,0.882861852645874,9.268553733825684,-0.67138671875,6.072998046875,-66.925048828125
10.6924999,3.0603883266448975,0.9026140570640564,8.904634475708008,-12.0849609375,11.138916015625,-81.787109375
10.6974999,2.9299042224884033,0.9917980432510376,8.454524993896484,-25.20751953125,18.9208984375,-94.940185546875
10.702499900000001,2.8658595085144043,1.0235211849212646,8.004414558410645,-42.96875,27.64892578125,-109.161376953125
10.7074999,2.876034736633301,1.303044319152832,7.600393295288086,-63.65966796875,34.149169921875,-124.57275390625
10.712499900000001,2.941276788711548,1.534683346748352,7.350797653198242,-86.3037109375,42.266845703125,-139.129638671875
10.7174999,3.092111587524414,1.742978811264038,7.578845500946045,-103.302001953125,63.690185546875,-146.42333984375
10.7224999,3.153762102127075,1.6262614727020264,8.923788070678711,-90.606689453125,121.64306640625,-138.153076171875
10.7274999,2.5665841102600098,0.7924807667732239,11.170746803283691,-24.810791015625,181.7626953125,-113.8916015625
10.7324999,-3.2603042125701904,-2.940678119659424,10.992378234863281,-29.84619140625,48.9501953125,-22.064208984375
10.7374999,-4.854243755340576,-3.053205728530884,8.653841972351074,-5.615234375,-15.594482421875,56.915283203125
10.7424999,-6.112995624542236,-3.3219549655914307,6.791751861572266,14.95361328125,-72.021484375,82.03125
10.747499900000001,-7.042544364929199,-3.15974760055542,5.806537628173828,-5.06591796875,-109.130859375,77.392578125
10.7524999,-7.351396083831787,-2.3349452018737793,6.157886981964111,-11.16943359375,-138.153076171875,75.714111328125
10.757499900000001,-6.642712593078613,-1.2204443216323853,8.020575523376465,13.5498046875,-124.542236328125,66.925048828125
10.7624999,-5.175665378570557,-0.06404489278793335,10.289081573486328,12.14599609375,-99.395751953125,57.342529296875
10.7674999,-3.1729156970977783,0.6560112833976746,12.360664367675781,12.237548828125,-120.758056640625,66.436767578125
10.7724999,-0.9091981053352356,0.7978677153587341,12.946645736694336,31.158447265625,-106.781005859375,81.6650390625
10.7774999,2.3469161987304688,-0.11611878126859665,10.72482681274414,34.1796875,-48.2177734375,114.288330078125
10.7824999,3.2758665084838867,-0.7960720658302307,9.48762321472168,36.407470703125,-21.240234375,121.58203125
10.7874999,3.841496706008911,-1.3634978532791138,8.760982513427734,40.58837890625,3.2958984375,122.955322265625
10.792499900000001,4.176684856414795,-1.71245276927948,8.57004451751709,41.68701171875,12.908935546875,112.823486328125
10.7974999,4.334103584289551,-1.835754156112671,8.702922821044922,38.9404296875,19.683837890625,91.522216796875
10.8024999,3.9839515686035156,-0.730231523513794,9.68274974822998,30.45654296875,15.5029296875,18.85986328125
10.8074999,3.736151695251465,-0.15442600846290588,9.743802070617676,24.505615234375,10.1318359375,-8.453369140625
10.8124999,3.494337320327759,0.3597288131713867,9.71926212310791,18.24951171875,4.82177734375,-31.43310546875
10.8174999,3.269282341003418,0.6685808300971985,9.535507202148438,10.8642578125,2.960205078125,-50.29296875
10.8224999,3.071760892868042,0.7996633648872375,9.25299072265625,1.312255859375,5.92041015625,-67.291259765625
10.827499900000001,2.832340717315674,1.0157400369644165,8.009801864624023,-42.724609375,26.397705078125,-109.832763671875
10.8324999,2.867655038833618,1.3437457084655762,7.6081743240356445,-63.934326171875,30.853271484375,-125.48828125
10.837499900000001,2.9472622871398926,1.6208745241165161,7.268198013305664,-87.7685546875,40.71044921875,-141.265869140625
10.8424999,3.0603883266448975,1.853710651397705,7.436988830566406,-105.28564453125,61.798095703125,-149.444580078125
10.8474999,3.1441853046417236,1.7519570589065552,8.780136108398438,-94.757080078125,114.013671875,-141.021728515625
10.8524999,2.5540146827697754,0.882861852645874,11.022306442260742,-26.0009765625,182.373046875,-113.677978515625
10.8574999,1.6412252187728882,-0.4291606545448303,13.132196426391602,34.3017578125,121.7041015625,-100.494384765625
10.8624999,0.1496376097202301,-1.5532383918762207,14.00368595123291,16.876220703125,71.563720703125,-94.573974609375
10.8674999,-1.5957354307174683,-2.3307554721832275,12.99393081665039,-8.30078125,74.066162109375,-62.408447265625
10.872499900000001,-3.2609026432037354,-2.9753942489624023,10.833763122558594,-33.5693359375,51.116943359375,-16.265869140625
10.8774999,-4.834491729736328,-3.045424461364746,8.429984092712402,-5.096435546875,-19.561767578125,61.95068359375
10.882499900000001,-0.8577227592468262,0.7942764163017273,12.972383499145508,32.1044921875,-105.987548828125,81.085205078125
10.8874999,1.0097545385360718,0.5069721937179565,12.063185691833496,34.3017578125,-75.98876953125,99.18212890625
10.8924999,2.3493103981018066,-0.1041477769613266,10.679935455322266,32.28759765625,-50.59814453125,113.4033203125
10.8974999,3.2345664501190186,-0.7655459642410278,9.430760383605957,35.09521484375,-20.6298828125,120.330810546875
10.9024999,3.7906198501586914,-1.294066071510315,8.714295387268066,40.52734375,6.8359375,121.490478515625
10.9074999,4.125808238983154,-1.6627731323242188,8.500014305114746,40.985107421875,17.08984375,112.060546875
10.9124999,4.319738388061523,-1.8148049116134644,8.665813446044922,37.78076171875,19.561767578125,94.23828125
10.917499900000001,4.015076160430908,-0.7601590156555176,9.676764488220215,28.289794921875,16.143798828125,16.021728515625
10.9224999,3.7612907886505127,-0.166995570063591,9.751583099365234,21.97265625,8.60595703125,-10.8642578125
10.9274999,3.4805707931518555,0.3250128924846649,9.691129684448242,15.869140625,4.547119140625,-32.928466796875
10.9324999,3.2297780513763428,0.6428431272506714,9.55585765838623,9.3994140625,2.593994140625,-51.33056640625
10.9374999,3.0202853679656982,0.7817068696022034,9.296086311340332,0.9765625,6.622314453125,-67.138671875
10.9424999,2.870049238204956,0.8379706144332886,8.963293075561523,-9.796142578125,12.451171875,-80.169677734375
10.9474999,2.7910406589508057,0.9379284977912903,8.520963668823242,-23.681640625,20.751953125,-92.498779296875
10.952499900000001,2.786850690841675,1.0558429956436157,8.057685852050781,-42.236328125,26.91650390625,-106.62841796875
10.9574999,2.8179752826690674,1.3090298175811768,7.634510517120361,-62.713623046875,32.89794921875,-122.100830078125
10.962499900000001,3.0101101398468018,1.7088614702224731,7.623138427734375,-99.029541015625,63.079833984375,-142.9443359375
10.9674999,2.4666264057159424,0.7338228225708008,11.265915870666504,-19.073486328125,166.68701171875,-107.208251953125
10.9724999,1.5945383310317993,-0.45429977774620056,13.242329597473145,29.96826171875,109.4970703125,-98.785400390625
10.9774999,0.12270283699035645,-1.4520833492279053,14.066533088684082,14.0380859375,72.662353515625,-91.888427734375
10.9824999,-1.5442601442337036,-2.276287317276001,13.084312438964844,-8.60595703125,73.760986328125,-61.70654296875
10.9874999,-3.155557870864868,-2.8371291160583496,10.908581733703613,-30.487060546875,47.119140625,-16.448974609375
10.9924999,-4.779425144195557,-3.1262288093566895,8.662819862365723,-6.683349609375,-21.453857421875,61.065673828125
10.997499900000001,-6.070498466491699,-3.4817678928375244,6.876147270202637,19.989013671875,-70.343017578125,82.3974609375
11.0024999,-7.01860237121582,-3.287837505340576,5.925649166107178,1.312255859375,-100.921630859375,72.75390625
11.007499900000001,-7.285555839538574,-2.315192937850952,6.350619792938232,-8.544921875,-130.767822265625,66.375732421875
11.0124999,-6.520608425140381,-1.003769040107727,8.212111473083496,4.364013671875,-122.100830078125,58.563232421875
11.0174999,-5.050568580627441,0.272938996553421,10.417770385742188,3.387451171875,-101.654052734375,54.38232421875
11.0224999,-2.987365245819092,1.0007762908935547,12.470199584960938,13.7939453125,-120.574951171875,64.453125
11.0274999,1.0438719987869263,0.557250440120697,11.95484733581543,30.76171875,-75.286865234375,96.466064453125
11.0324999,2.3738510608673096,-0.19213469326496124,10.532093048095703,30.426025390625,-46.5087890625,111.328125
11.0374999,3.2956185340881348,-0.9929951429367065,9.334992408752441,33.599853515625,-16.693115234375,119.659423828125
11.042499900000001,4.224568843841553,-1.9087773561477661,8.53293514251709,38.055419921875,16.9677734375,105.194091796875
11.0474999,4.386775970458984,-2.006939649581909,8.750208854675293,35.82763671875,18.49365234375,87.860107421875
11.0524999,4.380191802978516,-1.7369933128356934,9.17697525024414,35.82763671875,21.728515625,66.436767578125
11.0574999,4.2275614738464355,-1.2791022062301636,9.545083999633789,34.088134765625,22.76611328125,41.351318359375
11.0624999,3.9647979736328125,-0.6560112833976746,9.783307075500488,29.96826171875,16.876220703125,15.68603515625
11.0674999,3.6733038425445557,-0.038307227194309235,9.831191062927246,24.444580078125,10.25390625,-9.490966796875
11.0724999,3.3662476539611816,0.43335050344467163,9.764153480529785,17.852783203125,4.39453125,-32.2265625
11.077499900000001,3.1022868156433105,0.6733692288398743,9.557653427124023,10.80322265625,3.60107421875,-50.750732421875
11.0824999,2.8155810832977295,1.525106430053711,7.436988830566406,-81.085205078125,43.304443359375,-134.246826171875
11.087499900000001,2.9694087505340576,1.7483657598495483,7.688380241394043,-96.8017578125,60.11962890625,-141.632080078125
11.0924999,3.02327823638916,1.6172832250595093,8.996811866760254,-82.70263671875,116.058349609375,-133.30078125
11.0974999,2.4456770420074463,0.761954665184021,11.246164321899414,-18.707275390625,167.90771484375,-108.70361328125
11.1024999,1.6077064275741577,-0.3974374830722809,13.165715217590332,31.8603515625,108.7646484375,-100.921630859375
11.1074999,0.11372458189725876,-1.3682862520217896,13.98872184753418,15.716552734375,74.737548828125,-85.87646484375
11.1124999,-1.4951789379119873,-2.1332337856292725,12.832322120666504,-12.237548828125,73.974609375,-54.19921875
11.1174999,-4.808155536651611,-3.00711727142334,8.244433403015137,-2.9296875,-32.928466796875,76.385498046875
11.122499900000001,-4.8901567459106445,0.6111199855804443,10.837952613830566,5.79833984375,-103.057861328125,51.1474609375
11.1274999,-2.78086519241333,1.3569138050079346,12.704233169555664,12.786865234375,-122.25341796875,62.896728515625
11.132499900000001,-0.5752069354057312,1.2976573705673218,12.978368759155273,28.01513671875,-105.010986328125,79.681396484375
11.1374999,1.212663173675537,0.6422445774078369,11.833940505981445,28.533935546875,-72.3876953125,96.099853515625
11.1424999,2.5067291259765625,-0.3106476664543152,10.359111785888672,28.01513671875,-40.985107421875,109.31396484375
11.1474999,3.4302923679351807,-1.1767501831054688,9.173982620239258,32.073974609375,-12.26806640625,113.739013671875
11.1524999,4.399944305419922,-2.0434510707855225,8.501212120056152,33.233642578125,14.556884765625,96.37451171875
11.1574999,4.551976203918457,-1.9877859354019165,8.771158218383789,32.745361328125,18.646240234375,79.559326171875
11.1624999,4.465784549713135,-1.6041151285171509,9.19972038269043,31.463623046875,20.81298828125,55.96923828125
11.167499900000001,4.226364612579346,-1.0995371341705322,9.5408935546875,27.191162109375,18.61572265625,29.4189453125
11.1724999,3.888782024383545,-0.46507367491722107,9.73542308807373,23.5595703125,16.815185546875,6.16455078125
11.1774999,3.514089584350586,0.08798690885305405,9.765948295593262,19.34814453125,12.5732421875,-13.580322265625
11.1824999,3.1902737617492676,0.5063736438751221,9.68813705444336,13.824462890625,8.1787109375,-30.792236328125
11.1874999,2.9035680294036865,0.7122750282287598,9.501389503479004,6.9580078125,10.55908203125,-44.708251953125
11.1924999,2.693476915359497,0.7535749673843384,9.23323917388916,-1.068115234375,14.678955078125,-56.427001953125
11.1974999,2.542642116546631,0.6811503767967224,8.876502990722656,-11.260986328125,22.003173828125,-67.474365234375
11.202499900000001,2.4881742000579834,0.8337807655334473,8.239047050476074,-37.7197265625,32.2265625,-93.231201171875
11.2074999,2.6007015705108643,0.9768342971801758,9.825204849243164,-52.978515625,112.213134765625,-113.70849609375
11.212499900000001,2.0667946338653564,-0.13168109953403473,11.550227165222168,-4.82177734375,128.11279296875,-97.83935546875
11.2174999,1.136048674583435,-1.1510124206542969,12.930484771728516,29.60205078125,84.04541015625,-86.212158203125
11.2224999,-0.12868833541870117,-2.1086931228637695,13.114239692687988,9.246826171875,62.6220703125,-84.991455078125
11.2274999,-1.5879542827606201,-2.3355438709259033,12.07814884185791,-8.7890625,57.0068359375,-62.469482421875
11.2324999,-3.1046810150146484,-2.427121877670288,10.054450035095215,-12.51220703125,29.327392578125,-14.892578125
11.2374999,-4.641160011291504,-2.3289597034454346,8.519766807556152,-4.608154296875,-30.609130859375,60.638427734375
11.2424999,-6.061520099639893,-2.2846670150756836,7.308899402618408,13.519287109375,-73.699951171875,84.5947265625
11.247499900000001,-6.988076210021973,-1.8363527059555054,7.220313549041748,-5.523681640625,-96.86279296875,63.41552734375
11.2524999,-7.128137111663818,-0.9062053561210632,8.167819023132324,-17.852783203125,-113.067626953125,46.478271484375
11.257499900000001,-0.048482585698366165,0.5500678420066833,12.285247802734375,25.115966796875,-90.972900390625,85.296630859375
11.2624999,1.6250643730163574,-0.4106055796146393,11.199477195739746,28.900146484375,-60.1806640625,98.69384765625
11.2674999,2.8113913536071777,-1.358709454536438,9.926959037780762,30.82275390625,-32.318115234375,108.154296875
11.2724999,3.6104562282562256,-2.076371431350708,9.031527519226074,32.501220703125,-5.706787109375,110.107421875
11.2774999,4.13179349899292,-2.4396915435791016,8.686761856079102,35.46142578125,10.345458984375,103.302001953125
11.2824999,4.401739597320557,-2.3744494915008545,8.803479194641113,35.2783203125,12.75634765625,89.17236328125
11.2874999,4.460397720336914,-1.9674352407455444,9.124900817871094,33.660888671875,18.00537109375,68.695068359375
11.292499900000001,4.334702014923096,-1.3868412971496582,9.556455612182617,35.33935546875,22.5830078125,48.2177734375
11.2974999,4.068347454071045,-0.7565677165985107,9.793481826782227,33.75244140625,19.34814453125,28.045654296875
11.3024999,3.7433342933654785,-0.22445641458034515,9.95090103149414,31.79931640625,16.41845703125,5.462646484375
11.3074999,2.674921751022339,0.596754789352417,9.099761962890625,3.265380859375,13.336181640625,-67.657470703125
11.3124999,2.564788579940796,0.606930136680603,8.666411399841309,-9.58251953125,16.510009765625,-82.1533203125
11.3174999,2.5755624771118164,0.8164227604866028,8.266579627990723,-25.5126953125,21.30126953125,-98.052978515625
11.3224999,2.6414029598236084,1.113303780555725,7.826046943664551,-46.600341796875,27.557373046875,-114.013671875
11.327499900000001,2.7455508708953857,1.5005658864974976,7.4537482261657715,-69.122314453125,33.172607421875,-129.33349609375
11.3324999,2.8838160037994385,1.8692729473114014,7.277774810791016,-92.46826171875,42.633056640625,-142.791748046875
11.337499900000001,3.0639796257019043,2.0266916751861572,7.875127792358398,-102.264404296875,78.2470703125,-145.8740234375
11.3424999,2.832340717315674,1.4873977899551392,9.673771858215332,-62.255859375,154.35791015625,-126.3427734375
11.3474999,2.09672212600708,0.3148375153541565,12.018294334411621,17.7001953125,153.6865234375,-100.89111328125
11.3524999,0.9624691009521484,-0.8786720037460327,13.494917869567871,35.70556640625,87.0361328125,-84.47265625
11.3574999,-0.7284358739852905,-1.9500772953033447,13.617022514343262,-2.86865234375,74.249267578125,-55.2978515625
11.3624999,-5.578489780426025,-3.5003228187561035,7.220912456512451,26.031494140625,-64.88037109375,101.715087890625
11.3674999,-6.827664852142334,-3.5745432376861572,5.801749229431152,15.68603515625,-96.099853515625,86.7919921875
11.372499900000001,-7.430405139923096,-2.5701754093170166,5.729324817657471,1.922607421875,-125,68.84765625
11.3774999,-7.09342098236084,-1.2970588207244873,7.351396083831787,-4.57763671875,-125.91552734375,53.924560546875
11.382499900000001,-5.747281074523926,0.1454477459192276,9.859322547912598,3.753662109375,-103.179931640625,46.112060546875
11.3874999,-3.7702691555023193,1.002571940422058,12.188282012939453,13.427734375,-115.203857421875,59.5703125
11.3924999,-1.4586673974990845,1.2234370708465576,13.231555938720703,28.533935546875,-114.1357421875,77.20947265625
11.3974999,0.558447539806366,0.8690952062606812,12.497733116149902,32.073974609375,-84.8388671875,92.620849609375
11.4024999,2.006939649581909,0.13347674906253815,11.014524459838867,29.693603515625,-52.032470703125,107.23876953125
11.4074999,3.021482467651367,-0.6883329749107361,9.59715747833252,31.55517578125,-24.71923828125,116.729736328125
11.4124999,3.7199909687042236,-1.3862427473068237,8.679579734802246,33.660888671875,2.3193359375,115.203857421875
11.417499900000001,4.178480625152588,-1.84233820438385,8.392873764038086,35.33935546875,15.80810546875,105.438232421875
11.4224999,4.455609321594238,-2.009932279586792,8.534730911254883,33.3251953125,17.15087890625,91.644287109375
11.4274999,4.520851135253906,-1.7980455160140991,9.000402450561523,32.684326171875,18.829345703125,70.770263671875
11.4324999,4.4041337966918945,-1.4047977924346924,9.423578262329102,30.6396484375,19.866943359375,43.304443359375
11.4374999,4.134187698364258,-0.8242039084434509,9.75936508178711,27.191162109375,15.5029296875,16.510009765625
11.4424999,3.7816414833068848,-0.26396074891090393,9.852140426635742,22.613525390625,10.955810546875,-7.354736328125
11.4474999,3.4608185291290283,0.23044191300868988,9.835979461669922,17.51708984375,5.859375,-29.23583984375
11.452499900000001,3.175309896469116,0.5285200476646423,9.639056205749512,10.80322265625,4.974365234375,-47.027587890625
11.4574999,2.9694087505340576,0.7026981711387634,9.387664794921875,2.86865234375,8.056640625,-62.19482421875
11.462499900000001,2.825756549835205,0.7338228225708008,9.010578155517578,-7.110595703125,14.923095703125,-74.737548828125
11.4674999,2.7329812049865723,0.7493851184844971,8.6089506149292,-19.59228515625,21.759033203125,-85.845947265625
11.4724999,2.7898435592651367,1.4071919918060303,7.587224960327148,-74.310302734375,43.487548828125,-128.326416015625
11.4774999,2.9227216243743896,1.6208745241165161,7.773972988128662,-89.630126953125,59.814453125,-136.474609375
11.4824999,2.9759926795959473,1.5502456426620483,8.897452354431152,-79.010009765625,109.619140625,-130.096435546875
11.4874999,2.5252842903137207,0.5847837924957275,10.917559623718262,-23.162841796875,163.0859375,-109.55810546875
11.4924999,1.6376339197158813,-0.5416881442070007,12.927492141723633,34.1796875,115.53955078125,-92.987060546875
11.497499900000001,0.29807811975479126,-1.688510775566101,13.821127891540527,21.453857421875,73.760986328125,-85.845947265625
11.5024999,-1.3670891523361206,-2.3337481021881104,13.205818176269531,-7.568359375,70.770263671875,-61.279296875
11.507499900000001,-2.964620351791382,-2.873042106628418,11.16117000579834,-24.383544921875,47.18017578125,-20.01953125
11.5124999,-4.595670223236084,-2.7676970958709717,8.950124740600586,-10.650634765625,-18.341064453125,59.87548828125
11.5174999,-6.009446144104004,-2.9753942489624023,7.12155294418335,19.134521484375,-70.831298828125,90.667724609375
11.5224999,1.0330979824066162,0.4273650050163269,12.039243698120117,30.242919921875,-76.5380859375,95.15380859375
11.5274999,2.404975652694702,-0.6536170840263367,10.494982719421387,30.181884765625,-47.454833984375,108.58154296875
11.5324999,3.383605480194092,-1.6502034664154053,9.221267700195312,32.196044921875,-18.00537109375,114.166259765625
11.5374999,4.071938514709473,-2.252345323562622,8.554482460021973,35.58349609375,5.92041015625,109.06982421875
11.542499900000001,4.496310710906982,-2.430713176727295,8.485051155090332,36.468505859375,14.129638671875,98.2666015625
11.5474999,4.682459831237793,-2.210446834564209,8.740632057189941,33.8134765625,15.44189453125,81.268310546875
11.5524999,4.641758441925049,-1.7058687210083008,9.21707820892334,33.905029296875,21.1181640625,59.02099609375
11.5574999,4.40233850479126,-1.1174936294555664,9.555258750915527,32.257080078125,22.94921875,35.09521484375
11.5624999,3.670311212539673,0.0933738648891449,9.858723640441895,25.543212890625,15.2587890625,-10.223388671875
11.5674999,3.333327293395996,0.5159504413604736,9.801861763000488,19.134521484375,7.904052734375,-31.43310546875
11.5724999,3.0148985385894775,0.74040687084198,9.59476375579834,11.16943359375,8.11767578125,-48.980712890625
11.577499900000001,2.7934348583221436,0.8110358119010925,9.269750595092773,2.105712890625,11.65771484375,-62.896728515625
11.5824999,2.626439332962036,0.7775170207023621,8.83819580078125,-9.8876953125,17.974853515625,-75.62255859375
11.587499900000001,2.564189910888672,0.9433154463768005,8.422801971435547,-24.0478515625,22.369384765625,-88.43994140625
11.5924999,2.5683798789978027,1.004966139793396,7.997232437133789,-42.05322265625,28.50341796875,-103.1494140625
11.5974999,2.6426000595092773,1.3557167053222656,7.674015045166016,-62.347412109375,35.003662109375,-118.194580078125
11.6024999,2.7527334690093994,1.5418659448623657,7.510012149810791,-82.244873046875,44.708251953125,-131.2255859375
11.6074999,2.941276788711548,1.6639702320098877,7.950545310974121,-92.8955078125,68.267822265625,-135.345458984375
11.6124999,2.8820202350616455,1.3742717504501343,9.453505516052246,-67.901611328125,128.875732421875,-122.25341796875
11.6174999,2.27209734916687,0.20709845423698425,11.68190860748291,-2.471923828125,156.158447265625,-99.273681640625
11.622499900000001,-0.1909375786781311,-2.056020736694336,13.877989768981934,9.979248046875,71.1669921875,-77.117919921875
11.6274999,-1.7866730690002441,-2.4396915435791016,12.450447082519531,-11.871337890625,67.779541015625,-51.81884765625
11.632499900000001,-3.423708438873291,-3.090914487838745,10.31362247467041,-25.87890625,32.3486328125,0.18310546875
11.6374999,-4.93923807144165,-2.826953649520874,8.048707962036133,3.23486328125,-37.9638671875,76.416015625
11.6424999,-6.323685169219971,-3.1968579292297363,6.703764915466309,17.76123046875,-81.390380859375,86.761474609375
11.6474999,-7.210138320922852,-2.4881742000579834,6.282983779907227,-1.52587890625,-106.4453125,67.596435546875
11.6524999,-7.313687801361084,-1.2497732639312744,7.439981937408447,-7.8125,-122.406005859375,51.6357421875
11.6574999,-6.35301399230957,0.17298106849193573,9.421183586120605,-16.2353515625,-112.701416015625,46.539306640625
11.6624999,-4.592677593231201,1.2228385210037231,11.759719848632812,0.3662109375,-116.912841796875,52.764892578125
11.667499900000001,-2.382230758666992,1.5454572439193726,13.109451293945312,13.885498046875,-122.894287109375,66.46728515625
11.6724999,-0.17058686912059784,1.0438719987869263,12.958616256713867,26.611328125,-97.22900390625,80.841064453125
11.6774999,1.558625340461731,0.11791443079710007,11.597513198852539,28.9306640625,-63.96484375,95.977783203125
11.6824999,4.185064792633057,-0.8655039072036743,9.640253067016602,27.130126953125,23.101806640625,25.238037109375
11.6874999,3.801393747329712,-0.2735375463962555,9.77253246307373,22.003173828125,19.866943359375,2.655029296875
11.6924999,3.4171242713928223,0.2992752194404602,9.808445930480957,18.310546875,14.58740234375,-17.059326171875
11.6974999,3.4171242713928223,0.2992752194404602,9.808445930480957,18.310546875,14.58740234375,-17.059326171875
11.702499900000001,3.052008628845215,0.6763619780540466,9.691728591918945,12.054443359375,10.55908203125,-32.745361328125
11.7074999,2.7323827743530273,0.7912836670875549,9.496601104736328,5.43212890625,12.725830078125,-44.586181640625
11.712499900000001,2.477400302886963,0.7661445140838623,9.21707820892334,-2.13623046875,18.096923828125,-54.8095703125
11.7174999,2.2613234519958496,0.6021417379379272,8.553884506225586,-24.810791015625,29.1748046875,-77.69775390625
11.7224999,2.3133974075317383,0.8864531517028809,8.318055152893066,-37.841796875,33.26416015625,-90.667724609375
11.7274999,2.4163479804992676,1.0396820306777954,8.169015884399414,-53.863525390625,39.306640625,-103.515625
11.7324999,2.5552117824554443,1.357512354850769,8.27855110168457,-65.91796875,48.9501953125,-111.907958984375
11.7374999,2.65097975730896,1.2222399711608887,8.87291145324707,-66.46728515625,72.75390625,-113.8916015625
11.7424999,2.454655408859253,0.5530605912208557,10.144830703735352,-38.787841796875,112.152099609375,-105.1025390625
11.747499900000001,1.886630892753601,-0.518943190574646,11.659163475036621,4.7607421875,114.471435546875,-90.911865234375
11.7524999,0.9020155072212219,-1.5430630445480347,12.732963562011719,31.158447265625,78.79638671875,-79.65087890625
11.757499900000001,-0.32680854201316833,-2.234388828277588,12.647370338439941,3.875732421875,57.92236328125,-79.803466796875
11.7624999,-7.003638744354248,-1.3251906633377075,7.6111674308776855,-10.31494140625,-94.23828125,53.89404296875
11.7674999,-6.944382190704346,-0.35075053572654724,8.596381187438965,-23.284912109375,-109.68017578125,41.351318359375
11.7724999,-5.807734966278076,0.7044938206672668,10.113706588745117,-14.312744140625,-112.3046875,45.59326171875
11.7774999,-3.9390604496002197,1.1534066200256348,11.517906188964844,-0.274658203125,-115.631103515625,55.48095703125
11.7824999,-1.7501614093780518,0.9421183466911316,12.300809860229492,12.725830078125,-110.443115234375,71.35009765625
11.7874999,0.31543606519699097,0.11432313174009323,11.845911026000977,25.390625,-80.841064453125,84.686279296875
11.792499900000001,1.9105730056762695,-0.9199720025062561,10.860697746276855,27.862548828125,-53.497314453125,92.6513671875
11.7974999,3.0561983585357666,-1.8034324645996094,9.744400978088379,31.8603515625,-31.280517578125,101.01318359375
11.8024999,3.78104305267334,-2.386420488357544,9.034520149230957,31.219482421875,-7.965087890625,105.499267578125
11.8074999,4.215590476989746,-2.4624364376068115,8.842984199523926,36.68212890625,11.627197265625,98.297119140625
11.8124999,4.3622355461120605,-2.1547815799713135,8.960898399353027,38.0859375,17.852783203125,85.601806640625
11.8174999,3.823540210723877,-0.42616790533065796,9.749189376831055,31.43310546875,19.4091796875,21.881103515625
11.8224999,3.823540210723877,-0.42616790533065796,9.749189376831055,31.43310546875,19.4091796875,21.881103515625
11.827499900000001,3.5194764137268066,0.05746084079146385,9.818022727966309,28.350830078125,17.15087890625,0.79345703125
11.8324999,3.251325845718384,0.4572925269603729,9.753378868103027,22.857666015625,10.345458984375,-19.134521484375
11.837499900000001,2.9981391429901123,0.7140706777572632,9.57321548461914,14.5263671875,8.36181640625,-36.92626953125
11.8424999,2.428917646408081,0.579995334148407,8.650250434875488,-14.22119140625,20.111083984375,-76.690673828125
11.8474999,2.42472767829895,0.6619967818260193,8.345588684082031,-28.717041015625,24.261474609375,-91.24755859375
11.8524999,2.5073277950286865,1.0169371366500854,8.043320655822754,-46.417236328125,29.052734375,-106.5673828125
11.8574999,2.6384103298187256,1.380257248878479,7.826046943664551,-67.626953125,33.63037109375,-120.941162109375
11.8624999,2.8359320163726807,1.7274165153503418,7.822455406188965,-85.174560546875,48.553466796875,-131.011962890625
11.8674999,2.7329812049865723,0.6368576288223267,10.307637214660645,-39.9169921875,147.003173828125,-112.12158203125
11.872499900000001,1.978209137916565,-0.4692635238170624,12.415731430053711,28.9306640625,128.875732421875,-84.808349609375
11.8774999,0.8224082589149475,-1.8255788087844849,13.560159683227539,32.562255859375,80.596923828125,-71.83837890625
11.882499900000001,-0.8020575642585754,-2.406172752380371,13.4290771484375,-5.67626953125,69.854736328125,-58.074951171875
11.8874999,-2.3499090671539307,-2.671330451965332,11.627440452575684,-18.402099609375,52.001953125,-25.390625
11.8924999,-4.059369087219238,-2.624643564224243,9.403226852416992,-20.8740234375,-3.90625,43.3349609375
11.8974999,-5.565920352935791,-2.5905263423919678,7.5201873779296875,19.744873046875,-62.07275390625,90.33203125
11.9024999,-6.884527206420898,-2.4432828426361084,6.492476463317871,6.40869140625,-93.93310546875,79.193115234375
11.9074999,-7.556100368499756,-1.5861586332321167,6.806715488433838,-8.85009765625,-118.072509765625,56.854248046875
11.9124999,-7.160458564758301,-0.47225627303123474,8.35456657409668,-16.90673828125,-118.438720703125,44.219970703125
11.917499900000001,-5.71316385269165,0.6727706789970398,10.548852920532227,-6.04248046875,-111.419677734375,48.065185546875
11.9224999,3.3512837886810303,-1.436521053314209,9.383475303649902,29.4189453125,-20.233154296875,109.55810546875
11.9274999,4.068347454071045,-2.123058319091797,8.60236644744873,30.303955078125,-0.732421875,105.1025390625
11.9324999,4.501099109649658,-2.3774423599243164,8.425195693969727,31.463623046875,10.498046875,94.329833984375
11.9374999,4.683657169342041,-2.1775264739990234,8.619126319885254,29.815673828125,16.204833984375,77.301025390625
11.9424999,4.630984783172607,-1.7345991134643555,9.098565101623535,27.984619140625,18.798828125,55.35888671875
11.9474999,4.39156436920166,-1.1552022695541382,9.514557838439941,27.923583984375,18.463134765625,34.759521484375
11.952499900000001,4.05158805847168,-0.6416460275650024,9.782708168029785,26.885986328125,20.782470703125,13.214111328125
11.9574999,3.6727054119110107,-0.08858546614646912,9.912593841552734,24.71923828125,19.34814453125,-10.040283203125
11.962499900000001,3.3405098915100098,0.353743314743042,9.86231517791748,18.524169921875,11.016845703125,-29.72412109375
11.9674999,3.0137014389038086,0.6314706802368164,9.663596153259277,10.55908203125,10.650634765625,-43.731689453125
11.9724999,2.4803929328918457,1.1905168294906616,7.944559574127197,-54.19921875,33.843994140625,-110.198974609375
11.9774999,2.6156654357910156,1.521515130996704,7.843404769897461,-72.235107421875,42.327880859375,-121.795654296875
11.9824999,2.785055160522461,1.6148890256881714,8.180388450622559,-81.298828125,65.460205078125,-126.861572265625
11.9874999,2.764704465866089,1.294066071510315,9.464279174804688,-61.1572265625,114.6240234375,-117.767333984375
11.9924999,2.254140853881836,0.11611878126859665,11.388020515441895,-6.77490234375,141.082763671875,-97.808837890625
11.997499900000001,1.3425486087799072,-0.9427168965339661,13.038224220275879,35.400390625,94.512939453125,-81.1767578125
12.0024999,-6.455366134643555,0.25917232036590576,9.518747329711914,-15.533447265625,-114.19677734375,45.71533203125
12.007499900000001,-4.725555419921875,1.061229944229126,11.453861236572266,0.030517578125,-117.095947265625,52.978515625
12.0124999,-2.515707492828369,1.3311761617660522,12.770072937011719,11.8408203125,-121.58203125,68.206787109375
12.0174999,-0.30226796865463257,0.760757565498352,12.619836807250977,26.4892578125,-93.75,84.381103515625
12.0224999,1.470638394355774,-0.1215057373046875,11.436503410339355,30.914306640625,-61.95068359375,98.876953125
12.0274999,2.759317398071289,-1.1881226301193237,10.029909133911133,29.4189453125,-38.6962890625,108.21533203125
12.032499900000001,3.6595373153686523,-2.056020736694336,8.967482566833496,28.86962890625,-14.892578125,107.177734375
12.0374999,4.262277603149414,-2.4881742000579834,8.546102523803711,32.684326171875,6.744384765625,98.907470703125
12.042499900000001,4.584896087646484,-2.433107376098633,8.610746383666992,34.48486328125,16.7236328125,86.944580078125
12.0474999,3.1316158771514893,0.5327098965644836,9.801262855529785,18.768310546875,7.75146484375,-36.376953125
12.0524999,2.8556840419769287,0.6380547285079956,9.547477722167969,11.199951171875,10.009765625,-50.872802734375
12.0574999,2.650381326675415,0.6111199855804443,9.114127159118652,2.227783203125,16.9677734375,-63.934326171875
12.0624999,2.518700122833252,0.579995334148407,8.67359447479248,-11.04736328125,20.3857421875,-78.0029296875
12.0674999,2.515108823776245,0.760757565498352,8.264185905456543,-27.191162109375,23.773193359375,-93.56689453125
12.0724999,2.5767595767974854,1.0528502464294434,7.870339393615723,-47.271728515625,29.23583984375,-109.2529296875
12.077499900000001,2.6850972175598145,1.4335283041000366,7.573458671569824,-68.023681640625,35.736083984375,-123.22998046875
12.0824999,-5.512050628662109,-3.153762102127075,7.239467620849609,20.355224609375,-62.68310546875,92.22412109375
12.087499900000001,-6.724115371704102,-3.3213562965393066,6.029797077178955,11.71875,-92.34619140625,82.305908203125
12.0924999,-7.445967197418213,-2.5127146244049072,6.124367713928223,1.861572265625,-120.17822265625,67.474365234375
12.0974999,-7.134122371673584,-1.2144588232040405,7.69735860824585,-7.99560546875,-123.35205078125,53.436279296875
12.1024999,-5.858013153076172,0.22206220030784607,10.092757225036621,-3.173828125,-106.26220703125,47.05810546875
12.1074999,-1.5765818357467651,1.3437457084655762,13.253702163696289,25.5126953125,-115.386962890625,76.72119140625
12.1124999,0.4812345504760742,0.8637082576751709,12.554594993591309,31.280517578125,-83.587646484375,92.681884765625
12.1174999,1.9967641830444336,0.04668693244457245,11.085153579711914,30.1513671875,-55.328369140625,107.2998046875
12.122499900000001,3.071760892868042,-0.9139865040779114,9.607931137084961,30.303955078125,-26.824951171875,116.2109375
12.1274999,3.800795316696167,-1.6867151260375977,8.728660583496094,33.26416015625,-0.335693359375,114.410400390625
12.132499900000001,4.26826286315918,-2.124255418777466,8.400056838989258,35.797119140625,13.946533203125,104.79736328125
12.1374999,4.54419469833374,-2.206256866455078,8.554482460021973,33.660888671875,17.578125,90.39306640625
12.1424999,4.602852821350098,-1.911171555519104,9.003395080566406,32.684326171875,19.22607421875,69.061279296875
12.1474999,4.471171855926514,-1.4317326545715332,9.428366661071777,31.341552734375,20.99609375,43.45703125
12.1524999,4.200028419494629,-0.8834604024887085,9.73661994934082,28.411865234375,18.829345703125,17.578125
12.157499900000001,3.845686435699463,-0.2346317619085312,9.86889934539795,24.658203125,14.312744140625,-6.988525390625
12.1624999,2.6426000595092773,0.7745242714881897,8.537723541259766,-19.47021484375,23.223876953125,-84.53369140625
12.167499900000001,2.612074136734009,0.899621307849884,8.143278121948242,-35.888671875,27.923583984375,-98.602294921875
12.1724999,2.632424831390381,1.1342530250549316,7.810484409332275,-55.6640625,34.271240234375,-113.525390625
12.1774999,2.715623378753662,1.4610615968704224,7.612364292144775,-75.01220703125,42.29736328125,-126.922607421875
12.1824999,2.876034736633301,1.6825252771377563,7.8314337730407715,-89.53857421875,58.7158203125,-134.58251953125
12.1874999,2.935291290283203,1.577778935432434,8.999205589294434,-77.545166015625,107.91015625,-127.685546875
12.1924999,2.4372973442077637,0.7433996200561523,11.106701850891113,-20.3857421875,159.36279296875,-106.201171875
12.1974999,1.6250643730163574,-0.3842693865299225,13.027449607849121,29.72412109375,111.328125,-97.59521484375
12.202499900000001,0.2651578485965729,-1.4089876413345337,13.892354965209961,16.6015625,72.967529296875,-91.705322265625
12.2074999,-1.3090298175811768,-2.1960813999176025,13.133393287658691,-8.72802734375,69.793701171875,-63.53759765625
12.212499900000001,-6.9904704093933105,-3.1052796840667725,5.983708381652832,5.37109375,-97.320556640625,73.79150390625
12.2174999,-6.9904704093933105,-3.1052796840667725,5.983708381652832,5.37109375,-97.320556640625,73.79150390625
12.2224999,-7.354389190673828,-2.161964178085327,6.552929878234863,-1.312255859375,-123.35205078125,61.82861328125
12.2274999,-6.722918510437012,-0.7852981686592102,8.40304946899414,-9.8876953125,-117.431640625,54.656982421875
12.2324999,-5.197213172912598,0.5518634915351868,10.812214851379395,1.312255859375,-105.804443359375,50.933837890625
12.2374999,-3.1507694721221924,1.30543851852417,12.722787857055664,11.41357421875,-122.98583984375,63.079833984375
12.2424999,-0.9259575009346008,1.2557587623596191,13.133992195129395,25.20751953125,-108.0322265625,80.474853515625
12.247499900000001,0.9283517003059387,0.6099228858947754,12.05959415435791,29.388427734375,-75.8056640625,96.0693359375
12.2524999,2.258330821990967,-0.33758243918418884,10.579977035522461,29.327392578125,-46.44775390625,109.832763671875
12.257499900000001,3.2136173248291016,-1.2575544118881226,9.312846183776855,32.77587890625,-18.035888671875,117.12646484375
12.2624999,4.218583583831787,-2.1984755992889404,8.53532886505127,37.994384765625,14.5263671875,106.26220703125
12.2674999,4.398746967315674,-2.1523873805999756,8.758588790893555,35.980224609375,17.15087890625,90.33203125
12.2724999,4.387973308563232,-1.8142063617706299,9.214683532714844,35.94970703125,22.5830078125,67.626953125
12.2774999,4.210203647613525,-1.2910733222961426,9.600749015808105,34.7900390625,20.721435546875,42.816162109375
12.282499900000001,3.930082082748413,-0.6985083222389221,9.87967300415039,32.073974609375,14.923095703125,17.76123046875
12.2874999,3.6146459579467773,-0.14784196019172668,9.955689430236816,28.25927734375,9.674072265625,-7.38525390625
12.292499900000001,3.3470940589904785,0.3100491166114807,9.919178009033203,22.979736328125,2.899169921875,-30.181884765625
12.2974999,3.1238346099853516,0.6117185354232788,9.675567626953125,15.31982421875,2.532958984375,-49.072265625
12.3024999,2.959233283996582,0.7493851184844971,9.318233489990234,5.401611328125,6.65283203125,-63.96484375
12.3074999,2.823362350463867,0.7577648162841797,8.862137794494629,-5.859375,12.14599609375,-77.5146484375
12.3124999,2.7533318996429443,0.8607155084609985,8.377910614013672,-19.47021484375,18.85986328125,-90.789794921875
12.3174999,2.741360902786255,0.9295487999916077,7.915829181671143,-38.63525390625,26.275634765625,-104.705810546875
12.3224999,3.0394389629364014,1.92134690284729,7.469909191131592,-101.776123046875,55.267333984375,-145.599365234375
12.327499900000001,3.1507694721221924,1.9369091987609863,8.727463722229004,-93.68896484375,109.92431640625,-139.0380859375
12.3324999,2.6007015705108643,1.1228805780410767,10.901398658752441,-29.052734375,177.398681640625,-113.09814453125
12.337499900000001,1.7723077535629272,-0.10893617570400238,13.034632682800293,33.5693359375,126.495361328125,-102.5390625
12.3424999,0.284311443567276,-1.3090298175811768,14.00248908996582,21.148681640625,75.927734375,-86.24267578125
12.3474999,-1.381454348564148,-2.145204782485962,13.054983139038086,-10.894775390625,70.98388671875,-56.671142578125
12.3524999,-3.0837318897247314,-3.0609867572784424,10.979808807373047,-41.473388671875,47.698974609375,-12.39013671875
12.3574999,-4.653729438781738,-3.2315738201141357,8.459911346435547,-7.354736328125,-22.613525390625,72.81494140625
12.3624999,-6.069900035858154,-3.8055837154388428,6.610989570617676,26.031494140625,-72.784423828125,93.3837890625
12.3674999,-7.0557122230529785,-3.313575267791748,5.689820289611816,7.32421875,-104.98046875,78.765869140625
12.372499900000001,-7.453149795532227,-2.450465440750122,6.180033206939697,-1.0986328125,-129.364013671875,67.291259765625
12.3774999,-5.270834922790527,0.31603461503982544,10.614094734191895,1.64794921875,-105.438232421875,50.811767578125
12.382499900000001,-5.270834922790527,0.31603461503982544,10.614094734191895,1.64794921875,-105.438232421875,50.811767578125
12.3874999,-3.1747114658355713,1.026513934135437,12.668319702148438,17.242431640625,-123.47412109375,64.5751953125
12.3924999,-0.9265560507774353,1.0660183429718018,13.201627731323242,31.67724609375,-108.21533203125,78.948974609375
12.3974999,0.9642647504806519,0.5781996846199036,12.171523094177246,33.721923828125,-75.225830078125,96.099853515625
12.4024999,4.14795446395874,-1.8387469053268433,8.342596054077148,38.39111328125,21.026611328125,113.067626953125
12.407499900000001,4.14795446395874,-1.8387469053268433,8.342596054077148,38.39111328125,21.026611328125,113.067626953125
12.4124999,4.304774761199951,-1.9309237003326416,8.596381187438965,34.5458984375,19.59228515625,94.17724609375
12.417499900000001,4.2993879318237305,-1.742978811264038,9.080608367919922,33.721923828125,19.287109375,71.47216796875
12.4224999,4.1611223220825195,-1.3736732006072998,9.536704063415527,33.721923828125,20.477294921875,45.989990234375
12.4274999,3.6846764087677,-0.26994624733924866,9.932944297790527,24.0478515625,8.6669921875,-11.23046875
12.4324999,3.470993995666504,0.28311434388160706,9.874286651611328,17.15087890625,1.739501953125,-34.5458984375
12.4374999,3.264493942260742,0.6655880808830261,9.615114212036133,10.284423828125,1.434326171875,-51.605224609375
12.4424999,3.09151291847229,0.8619126081466675,9.281721115112305,1.5869140625,7.14111328125,-65.0634765625
12.4474999,2.9472622871398926,0.912190854549408,8.850765228271484,-10.040283203125,14.434814453125,-77.57568359375
12.452499900000001,2.8383262157440186,0.9558850526809692,8.417414665222168,-23.8037109375,22.3388671875,-89.508056640625
12.4574999,2.7892448902130127,1.025316834449768,7.978677272796631,-40.95458984375,28.86962890625,-102.783203125
12.462499900000001,2.7706899642944336,1.2449848651885986,7.666832447052002,-61.09619140625,33.782958984375,-117.61474609375
12.4674999,2.8143839836120605,1.4850035905838013,7.495646953582764,-81.23779296875,43.487548828125,-131.4697265625
12.4724999,2.917334794998169,1.6615760326385498,7.819462776184082,-94.482421875,61.004638671875,-137.847900390625
12.4774999,2.9311013221740723,1.5263035297393799,9.161413192749023,-80.291748046875,111.51123046875,-128.265380859375
12.4824999,2.3092074394226074,0.6637924313545227,11.368268013000488,-19.073486328125,163.787841796875,-105.65185546875
12.4874999,0.031124621629714966,-1.4299370050430298,14.028824806213379,16.4794921875,66.070556640625,-95.15380859375
12.4924999,-1.4963760375976562,-2.2397756576538086,13.069947242736816,-10.498046875,65.00244140625,-68.695068359375
12.497499900000001,-2.959831953048706,-2.689286947250366,10.925939559936523,-29.449462890625,44.891357421875,-27.618408203125
12.5024999,-4.516661643981934,-2.9957449436187744,8.670601844787598,-10.92529296875,-19.53125,53.863525390625
12.507499900000001,-5.823297023773193,-3.3016040325164795,7.043741226196289,25.146484375,-69.82421875,83.221435546875
12.5124999,-6.85100793838501,-3.049015760421753,6.1303534507751465,5.157470703125,-94.635009765625,71.868896484375
12.5174999,-7.184999465942383,-2.138620615005493,6.624756336212158,-12.5732421875,-122.25341796875,61.614990234375
12.5224999,-6.466738700866699,-0.8140285611152649,8.469488143920898,-1.8310546875,-118.988037109375,54.443359375
12.5274999,-5.020640850067139,0.39205053448677063,10.603321075439453,-1.40380859375,-101.654052734375,54.8095703125
12.532499900000001,-2.9652187824249268,1.1097124814987183,12.595296859741211,12.20703125,-118.10302734375,62.774658203125
12.5374999,-0.8313865661621094,1.0749965906143188,12.9741792678833,25.604248046875,-104.736328125,76.11083984375
12.542499900000001,1.0127472877502441,0.5506663918495178,12.060791015625,28.62548828125,-74.0966796875,92.498779296875
12.5474999,3.8103721141815186,-1.7304092645645142,8.702922821044922,36.163330078125,8.72802734375,117.279052734375
12.5524999,4.104858875274658,-2.033874273300171,8.537124633789062,37.933349609375,19.989013671875,107.940673828125
12.5574999,4.214393615722656,-2.0428526401519775,8.759785652160645,36.773681640625,21.91162109375,91.97998046875
12.5624999,4.1413702964782715,-1.790264368057251,9.199121475219727,35.125732421875,20.08056640625,69.549560546875
12.5674999,3.952826976776123,-1.3341689109802246,9.592369079589844,32.684326171875,17.2119140625,41.961669921875
12.5724999,3.694851875305176,-0.7679402232170105,9.84615421295166,28.533935546875,13.031005859375,12.5732421875
12.577499900000001,3.4302923679351807,-0.18495208024978638,9.88386344909668,22.27783203125,6.500244140625,-13.48876953125
12.5824999,3.2297780513763428,0.36092591285705566,9.771934509277344,15.716552734375,-0.06103515625,-33.660888671875
12.587499900000001,3.0538041591644287,0.7254431247711182,9.544485092163086,8.880615234375,0.79345703125,-48.27880859375
12.5924999,2.9454667568206787,0.9044097065925598,9.246406555175781,1.15966796875,7.14111328125,-60.272216796875
12.5974999,2.853888511657715,0.9289502501487732,8.888473510742188,-8.11767578125,15.777587890625,-70.73974609375
12.6024999,2.7521347999572754,1.1456254720687866,7.83921480178833,-54.290771484375,35.0341796875,-107.91015625
12.6074999,2.761711597442627,1.3012486696243286,7.687182903289795,-73.05908203125,42.327880859375,-122.4365234375
12.6124999,2.8389246463775635,1.4401123523712158,7.954136371612549,-86.9140625,58.746337890625,-130.645751953125
12.6174999,2.849698543548584,1.3335703611373901,9.124900817871094,-75.653076171875,104.79736328125,-124.8779296875
12.622499900000001,2.340332269668579,0.5949591398239136,11.182717323303223,-22.216796875,151.092529296875,-105.560302734375
12.6274999,1.5634137392044067,-0.4495113790035248,13.010091781616211,26.4892578125,109.649658203125,-99.700927734375
12.632499900000001,0.27413609623908997,-1.3377602100372314,13.852850914001465,18.280029296875,68.115234375,-93.780517578125
12.6374999,-1.1851298809051514,-1.999756932258606,13.074136734008789,-8.30078125,63.018798828125,-69.793701171875
12.6424999,-2.6641478538513184,-2.342127799987793,10.897807121276855,-26.2451171875,45.166015625,-32.806396484375
12.6474999,-4.222174644470215,-2.7461493015289307,8.905233383178711,-16.754150390625,-13.702392578125,47.088623046875
12.6524999,-5.628767967224121,-3.0101101398468018,7.128735542297363,21.636962890625,-67.108154296875,86.669921875
12.657499900000001,2.2661118507385254,-0.3298012912273407,10.651803016662598,31.280517578125,-43.792724609375,108.21533203125
12.6624999,3.2094273567199707,-1.1623848676681519,9.452308654785156,33.75244140625,-19.989013671875,117.340087890625
12.667499900000001,3.793612480163574,-1.7872716188430786,8.775946617126465,36.834716796875,2.50244140625,118.316650390625
12.6724999,4.104858875274658,-2.1092917919158936,8.628104209899902,40.924072265625,18.00537109375,110.04638671875
12.6774999,4.20541524887085,-2.1589713096618652,8.860940933227539,41.351318359375,20.416259765625,93.841552734375
12.6824999,4.122815132141113,-1.922544002532959,9.211690902709961,39.0625,22.216796875,71.929931640625
12.6874999,3.9468414783477783,-1.434126853942871,9.618705749511719,38.848876953125,24.322509765625,48.828125
12.6924999,3.70742130279541,-0.7894880175590515,9.847949981689453,36.163330078125,17.242431640625,22.64404296875
12.6974999,3.4793736934661865,-0.11372458189725876,9.90241813659668,28.62548828125,8.85009765625,-5.31005859375
12.702499900000001,3.3063924312591553,0.4471171796321869,9.818621635437012,21.881103515625,0.732421875,-28.656005859375
12.7074999,3.1202433109283447,0.778714120388031,9.593565940856934,14.739990234375,0.274658203125,-45.196533203125
12.712499900000001,2.9682116508483887,0.8810662031173706,9.261370658874512,5.828857421875,5.31005859375,-60.36376953125
12.7174999,2.8329391479492188,0.8577227592468262,8.871115684509277,-5.035400390625,10.528564453125,-75.13427734375
12.7224999,2.7694928646087646,0.9217676520347595,8.449736595153809,-19.95849609375,16.082763671875,-88.775634765625
12.7274999,2.7694928646087646,0.9792284965515137,8.007407188415527,-37.506103515625,23.0712890625,-102.813720703125
12.7324999,2.805405855178833,1.258152961730957,7.652467250823975,-56.915283203125,28.045654296875,-117.828369140625
12.7374999,2.87064790725708,1.5167267322540283,7.358579158782959,-79.65087890625,36.041259765625,-133.819580078125
12.7424999,2.980781078338623,1.8100165128707886,7.417236804962158,-100.52490234375,49.224853515625,-144.805908203125
12.747499900000001,3.1304187774658203,1.867477297782898,8.437167167663574,-101.043701171875,92.83447265625,-142.181396484375
12.7524999,2.7018566131591797,1.213860273361206,10.460267066955566,-46.234130859375,170.0439453125,-118.59130859375
12.757499900000001,1.9015947580337524,-0.013168109580874443,12.72877311706543,27.618408203125,138.36669921875,-102.60009765625
12.7624999,0.5991489887237549,-1.0881646871566772,13.903129577636719,26.123046875,74.76806640625,-93.75
12.7674999,-1.094150185585022,-2.187103271484375,13.526640892028809,-6.77490234375,71.10595703125,-63.65966796875
12.7724999,-2.6581623554229736,-2.8862102031707764,11.531073570251465,-37.506103515625,56.549072265625,-25.665283203125
12.7774999,-4.30058479309082,-3.338714361190796,9.097966194152832,-16.326904296875,-9.063720703125,57.037353515625
12.782499900000001,-5.6658782958984375,-3.6505589485168457,7.016806602478027,30.57861328125,-63.690185546875,91.217041015625
12.7874999,-6.763619899749756,-3.3530795574188232,5.808931827545166,11.871337890625,-95.0927734375,80.841064453125
12.792499900000001,-7.328651428222656,-2.537853717803955,5.9519853591918945,-6.53076171875,-125.18310546875,70.25146484375
12.7974999,-6.856993675231934,-0.9941922426223755,7.735665798187256,-3.23486328125,-124.664306640625,57.80029296875
12.8024999,0.6177040338516235,0.801459014415741,12.297218322753906,30.8837890625,-80.596923828125,92.315673828125
12.8074999,2.0895395278930664,-0.0005985504249110818,10.884040832519531,30.57861328125,-48.88916015625,108.673095703125
12.8124999,3.0992941856384277,-0.8038532137870789,9.595361709594727,33.447265625,-22.88818359375,118.988037109375
12.8174999,3.711611270904541,-1.4502876996994019,8.752602577209473,36.651611328125,4.45556640625,122.467041015625
12.8224999,4.043806552886963,-1.8411411046981812,8.531737327575684,39.9169921875,19.22607421875,117.034912109375
12.827499900000001,4.171298027038574,-1.9794062376022339,8.717886924743652,39.642333984375,19.53125,102.447509765625
12.8324999,4.171298027038574,-1.9794062376022339,8.717886924743652,39.642333984375,19.53125,102.447509765625
12.837499900000001,4.128800868988037,-1.8974047899246216,9.137471199035645,36.956787109375,17.303466796875,78.521728515625
12.8424999,3.9821560382843018,-1.602918028831482,9.551069259643555,35.64453125,20.1416015625,49.560546875
12.8474999,3.772064685821533,-1.037886381149292,9.86111831665039,34.698486328125,17.669677734375,23.956298828125
12.8524999,3.535637378692627,-0.42437225580215454,9.892242431640625,27.374267578125,9.429931640625,-1.617431640625
12.8574999,3.378817081451416,0.2214636504650116,9.82759952545166,20.538330078125,1.220703125,-25.604248046875
12.8624999,2.9035680294036865,1.4089876413345337,7.462128162384033,-75.653076171875,39.0625,-129.82177734375
12.8674999,2.9035680294036865,1.4089876413345337,7.462128162384033,-75.653076171875,39.0625,-129.82177734375
12.872499900000001,2.979583978652954,1.699883222579956,7.571662902832031,-95.21484375,49.4384765625,-141.143798828125
12.8774999,3.113659381866455,1.7705121040344238,8.47906494140625,-97.83935546875,87.249755859375,-140.5029296875
12.882499900000001,0.6368576288223267,-1.0678139925003052,13.88277816772461,29.541015625,76.171875,-100.982666015625
12.8874999,-0.9894038438796997,-2.0865468978881836,13.66071605682373,-3.5400390625,67.230224609375,-72.052001953125
12.8924999,-4.137779235839844,-3.0974984169006348,9.337387084960938,-23.3154296875,-1.312255859375,44.0673828125
12.8974999,-5.547964096069336,-3.4374752044677734,7.191583156585693,25.81787109375,-59.75341796875,85.87646484375
12.9024999,-6.67982292175293,-3.4536359310150146,6.050746440887451,12.786865234375,-89.263916015625,78.033447265625
12.907499900000001,-7.242460250854492,-2.7293899059295654,6.176441669464111,-3.326416015625,-120.269775390625,67.81005859375
12.9124999,-6.870760440826416,-1.3527239561080933,7.808688640594482,-6.744384765625,-124.57275390625,59.87548828125
12.917499900000001,-5.582081317901611,0.04429273307323456,10.13405704498291,2.716064453125,-101.62353515625,50.689697265625
12.9224999,-3.6762967109680176,1.0001777410507202,12.252925872802734,8.4228515625,-115.90576171875,56.610107421875
12.9274999,-1.4772224426269531,1.2802993059158325,13.18008041381836,24.90234375,-113.8916015625,74.52392578125
12.9324999,0.5039794445037842,0.8349778652191162,12.396577835083008,30.059814453125,-83.80126953125,91.9189453125
12.9374999,1.9716250896453857,0.09277531504631042,10.991181373596191,29.23583984375,-51.025390625,106.536865234375
12.9424999,2.978985548019409,-0.7362170219421387,9.697115898132324,32.989501953125,-24.90234375,116.790771484375
12.9474999,3.627215623855591,-1.3874398469924927,8.859743118286133,36.773681640625,-0.030517578125,121.09375
12.952499900000001,4.127603530883789,-2.033275842666626,8.763975143432617,41.259765625,19.866943359375,105.46875
12.9574999,4.083311080932617,-1.9937714338302612,9.120711326599121,41.259765625,21.575927734375,83.984375
12.962499900000001,3.9923312664031982,-1.659181833267212,9.537900924682617,39.520263671875,24.71923828125,56.365966796875
12.9674999,3.801992416381836,-1.1121066808700562,9.852140426635742,37.078857421875,16.937255859375,29.388427734375
12.9724999,3.579331636428833,-0.46088382601737976,9.915586471557617,30.426025390625,8.697509765625,3.265380859375
12.9774999,3.398569345474243,0.14784196019172668,9.861717224121094,24.59716796875,2.166748046875,-20.751953125
12.9824999,3.223792552947998,0.5961562395095825,9.64923095703125,17.76123046875,-0.18310546875,-40.95458984375
12.9874999,3.0867245197296143,0.7996633648872375,9.317634582519531,8.30078125,2.410888671875,-58.441162109375
12.9924999,2.981379747390747,0.8529343605041504,8.922591209411621,-3.60107421875,7.232666015625,-74.127197265625
12.997499900000001,2.9047651290893555,0.8672995567321777,8.507795333862305,-16.54052734375,13.48876953125,-88.134765625
13.0024999,2.874837636947632,0.9085995554924011,8.072649955749512,-32.958984375,21.240234375,-101.959228515625
13.007499900000001,2.897582530975342,1.1324573755264282,7.723694801330566,-51.025390625,29.022216796875,-116.607666015625
13.0124999,3.1860837936401367,2.0655975341796875,7.901463985443115,-110.7177734375,74.21875,-150.81787109375
13.0174999,2.9305028915405273,1.701080322265625,9.677961349487305,-75.836181640625,153.228759765625,-132.87353515625
13.0224999,2.1039047241210938,0.43275195360183716,12.048221588134766,10.467529296875,168.609619140625,-111.724853515625
13.0274999,0.9786299467086792,-0.7086837291717529,13.628993034362793,37.90283203125,90.14892578125,-102.752685546875
13.032499900000001,-0.739209771156311,-1.98958158493042,13.827113151550293,2.99072265625,71.075439453125,-68.756103515625
13.0374999,-2.31758713722229,-2.8125884532928467,11.91893482208252,-32.745361328125,64.666748046875,-35.2783203125
13.042499900000001,-3.979761838912964,-3.339312791824341,9.479841232299805,-32.806396484375,10.986328125,41.229248046875
13.0474999,-5.3761796951293945,-3.643376350402832,7.010222434997559,26.7333984375,-50.445556640625,90.087890625
13.0524999,-6.608595371246338,-3.777451753616333,5.571307182312012,18.035888671875,-88.470458984375,83.160400390625
13.0574999,-7.273584842681885,-2.958036184310913,5.4210710525512695,1.007080078125,-123.1689453125,71.77734375
13.0624999,-7.12035608291626,-1.711255669593811,6.952163219451904,-3.96728515625,-129.08935546875,62.835693359375
13.0674999,0.12389993667602539,1.0875661373138428,12.798803329467773,31.79931640625,-93.780517578125,87.738037109375
13.0724999,1.7028759717941284,0.3561375141143799,11.34432601928711,30.2734375,-55.419921875,104.248046875
13.077499900000001,2.828150749206543,-0.5123591423034668,9.950302124023438,35.0341796875,-27.587890625,115.692138671875
13.0824999,3.5667619705200195,-1.2545616626739502,8.919598579406738,36.834716796875,-3.35693359375,122.55859375
13.087499900000001,3.9851486682891846,-1.7471686601638794,8.529343605041504,38.421630859375,12.3291015625,120.4833984375
13.0924999,4.196436882019043,-1.9662381410598755,8.564658164978027,39.61181640625,20.477294921875,107.269287109375
13.0974999,4.232349872589111,-1.9626468420028687,8.939949035644531,38.482666015625,22.88818359375,84.16748046875
13.1024999,4.144961833953857,-1.688510775566101,9.378087997436523,36.68212890625,20.904541015625,57.80029296875
13.1074999,3.9647979736328125,-1.193509578704834,9.781511306762695,34.820556640625,15.625,31.158447265625
13.1124999,3.7032315731048584,-0.6075286865234375,9.913790702819824,30.120849609375,10.894775390625,3.96728515625
13.1174999,3.268085241317749,0.4866214990615845,9.678560256958008,16.4794921875,1.068115234375,-40.069580078125
13.122499900000001,3.092710018157959,0.7481880187988281,9.39365005493164,8.30078125,2.8076171875,-56.549072265625
13.1274999,2.958634853363037,0.8062474131584167,9.038111686706543,-1.28173828125,8.026123046875,-72.021484375
13.132499900000001,2.874239206314087,0.9900023937225342,8.67718505859375,-12.63427734375,14.434814453125,-85.63232421875
13.1374999,2.847304344177246,0.9175778031349182,8.242637634277344,-29.083251953125,22.247314453125,-98.724365234375
13.1424999,2.874239206314087,1.2168530225753784,7.833827972412109,-48.126220703125,28.228759765625,-113.76953125
13.1474999,2.9269115924835205,1.4071919918060303,7.449558734893799,-70.709228515625,33.355712890625,-131.072998046875
13.1524999,2.9879636764526367,1.7172411680221558,7.2298903465271,-95.15380859375,43.51806640625,-146.270751953125
13.157499900000001,3.160346269607544,1.9387048482894897,7.7416510581970215,-110.107421875,68.78662109375,-151.2451171875
13.1624999,3.028665065765381,1.6765397787094116,9.43255615234375,-80.596923828125,143.61572265625,-134.94873046875
13.167499900000001,2.2008697986602783,0.5147533416748047,11.838129997253418,3.387451171875,175.59814453125,-110.107421875
13.1724999,-2.203263998031616,-2.7240030765533447,12.057199478149414,-32.012939453125,66.95556640625,-40.283203125
13.1774999,-3.864840030670166,-3.3686418533325195,9.701904296875,-38.51318359375,15.869140625,39.73388671875
13.1824999,-5.313930511474609,-3.5296518802642822,7.187992095947266,28.564453125,-49.9267578125,94.90966796875
13.1874999,-6.5511345863342285,-3.7678749561309814,5.746084213256836,24.322509765625,-86.12060546875,86.029052734375
13.1924999,-7.319074630737305,-2.9682116508483887,5.480926036834717,0.79345703125,-116.455078125,70.159912109375
13.1974999,-7.2322845458984375,-1.5867571830749512,6.929418087005615,-7.32421875,-127.655029296875,57.67822265625
13.202499900000001,-4.320336818695068,0.9756371974945068,11.81299114227295,7.415771484375,-113.250732421875,53.7109375
13.2074999,-2.02848744392395,1.390432596206665,13.236942291259766,24.59716796875,-116.5771484375,72.357177734375
13.212499900000001,0.10773907601833344,1.0414776802062988,12.845490455627441,33.02001953125,-91.827392578125,85.26611328125
13.2174999,1.7088614702224731,0.3776853084564209,11.402984619140625,28.533935546875,-58.4716796875,101.50146484375
13.2224999,4.222174644470215,-1.9632453918457031,8.939350128173828,36.529541015625,18.402099609375,84.16748046875
13.2274999,4.151545524597168,-1.698686122894287,9.403825759887695,33.660888671875,15.625,55.389404296875
13.2324999,3.954024076461792,-1.2575544118881226,9.75936508178711,30.1513671875,13.3056640625,23.4375
13.2374999,3.664325714111328,-0.67815762758255,9.854534149169922,23.651123046875,7.62939453125,-3.692626953125
13.2424999,3.382408380508423,-0.046088382601737976,9.769539833068848,17.39501953125,3.173828125,-24.169921875
13.247499900000001,3.158550500869751,0.4878185987472534,9.567828178405762,10.68115234375,-0.18310546875,-41.412353515625
13.2524999,2.9987375736236572,0.8361749649047852,9.353547096252441,3.96728515625,1.52587890625,-55.999755859375
13.257499900000001,2.913743495941162,0.99479079246521,9.070432662963867,-4.21142578125,8.72802734375,-67.626953125
13.2624999,2.8796260356903076,1.0480618476867676,8.752602577209473,-14.5263671875,18.1884765625,-77.545166015625
13.2674999,2.8562827110290527,1.0749965906143188,7.978677272796631,-45.654296875,33.538818359375,-101.318359375
13.2724999,2.876034736633301,1.1988965272903442,7.6752119064331055,-64.361572265625,40.802001953125,-117.584228515625
13.2774999,2.9263129234313965,1.37906014919281,7.648277282714844,-83.770751953125,50.23193359375,-130.584716796875
13.282499900000001,1.106719732284546,-1.1192892789840698,13.5870943069458,35.552978515625,87.2802734375,-96.954345703125
13.2874999,-0.47824180126190186,-1.987187385559082,13.785813331604004,6.34765625,67.87109375,-77.63671875
13.292499900000001,-2.0470423698425293,-2.609081268310547,12.18528938293457,-19.287109375,62.68310546875,-47.332763671875
13.2974999,-3.687070608139038,-2.914341926574707,9.814431190490723,-33.69140625,16.05224609375,20.01953125
13.3024999,-5.187037944793701,-3.028066635131836,7.761403560638428,15.777587890625,-52.947998046875,87.0361328125
13.3074999,-6.528987884521484,-3.1220390796661377,6.279991149902344,20.843505859375,-82.244873046875,82.6416015625
13.3124999,-7.245452880859375,-1.0947487354278564,7.4333977699279785,-11.444091796875,-120.025634765625,49.01123046875
13.3174999,-6.084265232086182,0.2795230448246002,9.616909980773926,-9.94873046875,-109.130859375,46.234130859375
13.3224999,-4.291007995605469,1.303044319152832,11.874641418457031,2.99072265625,-115.509033203125,56.21337890625
13.327499900000001,-2.0404584407806396,1.4622586965560913,13.132196426391602,18.768310546875,-118.408203125,69.183349609375
13.3324999,0.05267243832349777,0.9487023949623108,12.733561515808105,26.641845703125,-91.033935546875,82.855224609375
13.337499900000001,1.6825252771377563,-0.019153613597154617,11.403582572937012,27.313232421875,-61.5234375,98.236083984375
13.3424999,2.8383262157440186,-1.0660183429718018,9.982624053955078,29.815673828125,-35.247802734375,109.771728515625
13.3474999,3.624222755432129,-1.8602946996688843,8.97765827178955,33.14208984375,-5.92041015625,114.1357421875
13.3524999,4.106654644012451,-2.3044190406799316,8.613141059875488,38.055419921875,14.739990234375,108.154296875
13.3574999,4.3412861824035645,-2.346317768096924,8.699930191040039,39.48974609375,19.95849609375,96.8017578125
13.3624999,4.379593372344971,-2.0895395278930664,9.102156639099121,37.933349609375,18.310546875,78.460693359375
13.3674999,4.226963043212891,-1.5759832859039307,9.496601104736328,37.322998046875,21.759033203125,53.558349609375
13.372499900000001,2.7982232570648193,0.7948749661445618,9.43375301361084,10.80322265625,4.547119140625,-49.13330078125
13.3774999,2.6605565547943115,0.7793126702308655,9.100360870361328,1.40380859375,9.09423828125,-63.8427734375
13.382499900000001,2.5953147411346436,0.7110779285430908,8.715493202209473,-11.04736328125,14.2822265625,-78.369140625
13.3874999,2.6174609661102295,0.8224082589149475,8.282740592956543,-27.191162109375,18.85986328125,-93.017578125
13.3924999,2.7078421115875244,1.0402805805206299,7.903259754180908,-45.745849609375,24.96337890625,-108.917236328125
13.3974999,2.8137855529785156,1.3551181554794312,7.531559944152832,-67.0166015625,32.501220703125,-125.30517578125
13.4024999,2.935291290283203,1.7208324670791626,7.369951248168945,-90.240478515625,39.6728515625,-139.58740234375
13.407499900000001,3.1513679027557373,1.931522250175476,7.841010570526123,-104.736328125,64.727783203125,-146.453857421875
13.4124999,3.1513679027557373,1.931522250175476,7.841010570526123,-104.736328125,64.727783203125,-146.453857421875
13.417499900000001,2.3253684043884277,0.39205053448677063,11.792640686035156,2.532958984375,169.921875,-105.04150390625
13.4224999,1.3389573097229004,-0.9391255974769592,13.474567413330078,41.19873046875,94.8486328125,-93.536376953125
13.4274999,-0.3597288131713867,-2.012925148010254,13.867216110229492,6.195068359375,71.380615234375,-72.509765625
13.4324999,-1.956661343574524,-2.8215668201446533,12.380416870117188,-23.62060546875,67.596435546875,-37.139892578125
13.4374999,-3.664325714111328,-3.248931646347046,9.96825885772705,-39.276123046875,11.871337890625,39.093017578125
13.4424999,-6.133944988250732,0.45010992884635925,9.675567626953125,-14.617919921875,-108.70361328125,38.787841796875
13.4474999,-4.214992046356201,1.27191960811615,12.030264854431152,8.026123046875,-115.90576171875,54.6875
13.452499900000001,-1.86508309841156,1.4383167028427124,13.174095153808594,23.0712890625,-114.07470703125,72.8759765625
13.4574999,1.8195933103561401,0.06224924325942993,11.257535934448242,26.42822265625,-56.45751953125,96.527099609375
13.462499900000001,1.8195933103561401,0.06224924325942993,11.257535934448242,26.42822265625,-56.45751953125,96.527099609375
13.4674999,2.897582530975342,-0.8720879554748535,9.831191062927246,28.961181640625,-30.364990234375,107.269287109375
13.4724999,3.6074633598327637,-1.6166846752166748,8.791508674621582,30.853271484375,-2.716064453125,111.75537109375
13.4774999,4.049193859100342,-2.0685901641845703,8.447940826416016,33.50830078125,15.19775390625,106.26220703125
13.4824999,4.2742486000061035,-2.118868589401245,8.55148983001709,34.0576171875,17.63916015625,94.23828125
13.4874999,4.319738388061523,-1.9171570539474487,8.97885513305664,32.65380859375,20.477294921875,75.836181640625
13.4924999,4.20541524887085,-1.478419542312622,9.449316024780273,31.585693359375,18.829345703125,49.835205078125
13.497499900000001,3.952228546142578,-0.9403226971626282,9.798869132995605,28.3203125,15.167236328125,22.88818359375
13.5024999,3.597886562347412,-0.40701428055763245,9.922170639038086,24.566650390625,11.65771484375,-0.732421875
13.507499900000001,3.272873640060425,0.09576806426048279,9.856928825378418,18.37158203125,6.103515625,-20.599365234375
13.5124999,2.9945478439331055,0.5105634927749634,9.673172950744629,12.298583984375,4.669189453125,-36.92626953125
13.5174999,2.6408045291900635,0.7811083197593689,8.69334602355957,-14.58740234375,21.087646484375,-71.014404296875
13.5224999,2.627636432647705,0.8577227592468262,8.378508567810059,-26.702880859375,29.510498046875,-82.6416015625
13.5274999,2.6414029598236084,0.9205705523490906,8.100781440734863,-43.45703125,35.58349609375,-96.649169921875
13.532499900000001,2.677914619445801,1.2108675241470337,7.936180114746094,-61.370849609375,38.51318359375,-110.595703125
13.5374999,2.761113166809082,1.3766659498214722,8.009801864624023,-76.873779296875,47.943115234375,-122.161865234375
13.542499900000001,2.825756549835205,1.3377602100372314,8.705317497253418,-77.728271484375,79.28466796875,-124.93896484375
13.5474999,2.581547975540161,0.5297171473503113,10.22264289855957,-43.8232421875,129.547119140625,-111.51123046875
13.5524999,1.932719349861145,-0.585382342338562,12.102689743041992,13.3056640625,124.908447265625,-91.73583984375
13.5574999,0.9056068062782288,-1.7345991134643555,13.21599292755127,33.8134765625,79.132080078125,-80.6884765625
13.5624999,-0.47465047240257263,-2.3540987968444824,13.123218536376953,1.03759765625,63.4765625,-76.904296875
13.5674999,-1.9261353015899658,-2.274491548538208,11.5250883102417,-8.331298828125,51.177978515625,-48.370361328125
13.5724999,-5.006275653839111,-2.2188265323638916,7.84998893737793,8.544921875,-47.393798828125,75.8056640625
13.577499900000001,-6.389525890350342,-2.3570916652679443,7.078457355499268,18.280029296875,-76.568603515625,81.268310546875
13.5824999,-7.220313549041748,-1.5161281824111938,7.284358501434326,-7.843017578125,-97.35107421875,57.220458984375
13.587499900000001,-7.1454949378967285,-0.3208230137825012,8.497620582580566,-24.7802734375,-114.166259765625,41.56494140625
13.5924999,-5.959766387939453,0.933738648891449,10.266935348510742,-16.937255859375,-114.593505859375,43.0908203125
13.5974999,-4.045602321624756,1.5119383335113525,11.872247695922852,0.79345703125,-119.56787109375,54.99267578125
13.6024999,1.935113549232483,-0.823006808757782,10.881647109985352,29.1748046875,-56.2744140625,94.085693359375
13.6074999,3.0795419216156006,-1.9117701053619385,9.743802070617676,32.745361328125,-31.6162109375,103.3935546875
13.6124999,3.8163576126098633,-2.5456349849700928,9.018359184265137,35.552978515625,-6.561279296875,107.72705078125
13.6174999,4.228160381317139,-2.7030537128448486,8.867524147033691,41.259765625,12.39013671875,102.996826171875
13.622499900000001,4.261080265045166,-1.9129672050476074,9.327810287475586,43.426513671875,21.97265625,77.880859375
13.6274999,4.049792289733887,-1.2330138683319092,9.653421401977539,42.449951171875,26.214599609375,55.511474609375
13.632499900000001,3.7930140495300293,-0.5015852451324463,9.827000617980957,39.947509765625,23.4375,31.92138671875
13.6374999,3.490147590637207,0.1149216815829277,9.870695114135742,35.21728515625,15.68603515625,10.345458984375
13.6424999,3.1914708614349365,0.5027823448181152,9.783905029296875,28.99169921875,7.659912109375,-11.016845703125
13.6474999,2.915539026260376,0.6835445761680603,9.606734275817871,21.78955078125,4.0283203125,-31.829833984375
13.6524999,2.676717519760132,0.7152677774429321,9.346963882446289,11.749267578125,3.509521484375,-50.6591796875
13.657499900000001,2.5546131134033203,0.6829460263252258,9.002198219299316,1.129150390625,6.072998046875,-67.626953125
13.6624999,2.5282769203186035,0.7092822790145874,8.605957984924316,-12.908935546875,10.43701171875,-82.8857421875
13.667499900000001,2.608482837677002,0.8649053573608398,8.225878715515137,-28.656005859375,15.44189453125,-97.869873046875
13.6724999,2.737769603729248,1.1186907291412354,7.812280178070068,-48.27880859375,22.003173828125,-113.28125
13.6774999,2.874837636947632,1.4867992401123047,7.445967197418213,-71.502685546875,27.923583984375,-129.669189453125
13.6824999,-6.65288782119751,-2.983175277709961,5.72513484954834,26.7333984375,-87.554931640625,89.202880859375
13.6874999,-7.445368766784668,-1.8525135517120361,5.677849292755127,0.67138671875,-114.68505859375,65.582275390625
13.6924999,-7.369951248168945,-0.5626373887062073,7.296329498291016,-14.373779296875,-123.71826171875,48.15673828125
13.6974999,-6.126163482666016,0.7248445749282837,9.765350341796875,-11.322021484375,-107.574462890625,39.00146484375
13.702499900000001,-1.8590975999832153,1.513733983039856,13.2525053024292,23.01025390625,-116.058349609375,72.3876953125
13.7074999,0.2759317457675934,0.8684966564178467,12.715604782104492,27.89306640625,-90.728759765625,82.70263671875
13.712499900000001,1.8453309535980225,0.03711012750864029,11.185709953308105,25.665283203125,-57.373046875,96.282958984375
13.7174999,2.9496564865112305,-0.9331400990486145,9.752182006835938,28.1982421875,-30.364990234375,106.414794921875
13.7224999,3.7050271034240723,-1.668160080909729,8.749011993408203,29.083251953125,-6.89697265625,107.421875
13.7274999,4.168903827667236,-2.1110873222351074,8.416217803955078,30.517578125,8.6669921875,98.175048828125
13.7324999,4.414907932281494,-2.1769278049468994,8.547300338745117,31.707763671875,15.80810546875,85.845947265625
13.7374999,4.457405090332031,-1.9303251504898071,8.93156909942627,31.158447265625,19.8974609375,68.695068359375
13.7424999,4.305373191833496,-1.4550760984420776,9.364919662475586,28.86962890625,19.561767578125,45.5322265625
13.747499900000001,4.028244495391846,-0.8361749649047852,9.710882186889648,25.665283203125,16.90673828125,21.514892578125
13.7524999,3.6559460163116455,-0.2603694200515747,9.835979461669922,21.8505859375,13.97705078125,-0.8544921875
13.757499900000001,3.293823003768921,0.23523031175136566,9.82640266418457,16.937255859375,9.857177734375,-19.012451171875
13.7624999,2.5067291259765625,0.6661866307258606,8.757989883422852,-14.7705078125,23.8037109375,-68.939208984375
13.7674999,2.5061306953430176,0.8289923667907715,8.453926086425781,-26.458740234375,31.005859375,-81.573486328125
13.7724999,2.542043685913086,0.8571242094039917,8.198345184326172,-42.3583984375,36.2548828125,-95.27587890625
13.7774999,2.6156654357910156,1.1965023279190063,8.060079574584961,-59.50927734375,39.031982421875,-108.917236328125
13.782499900000001,2.722805976867676,1.280897855758667,8.166622161865234,-73.486328125,50.048828125,-120.635986328125
13.7874999,2.783259391784668,1.1988965272903442,8.873510360717773,-71.258544921875,85.99853515625,-122.711181640625
13.792499900000001,2.559401512145996,0.31364041566848755,10.36988639831543,-34.881591796875,129.913330078125,-109.43603515625
13.7974999,1.8997989892959595,-0.645237386226654,12.101492881774902,16.265869140625,117.156982421875,-89.66064453125
13.8024999,0.8559271097183228,-1.7968484163284302,13.09029769897461,28.839111328125,78.460693359375,-78.67431640625
13.8074999,-2.072181463241577,-2.32297420501709,11.32038402557373,-8.30078125,45.34912109375,-45.806884765625
13.8124999,-3.685275077819824,-2.3469161987304688,9.48462963104248,-21.30126953125,6.40869140625,12.75634765625
13.8174999,-5.261856555938721,-2.1960813999176025,7.8960771560668945,11.8408203125,-51.361083984375,80.230712890625
13.8224999,-6.618770599365234,-2.094926595687866,7.186196327209473,13.397216796875,-80.963134765625,77.850341796875
13.827499900000001,-7.384915351867676,-1.30543851852417,7.520786285400391,-10.406494140625,-102.325439453125,51.727294921875
13.8324999,-7.143100738525391,-0.1843535304069519,8.705317497253418,-24.749755859375,-113.861083984375,40.71044921875
13.837499900000001,-5.782595634460449,0.9127894043922424,10.496180534362793,-12.481689453125,-114.74609375,46.295166015625
13.8424999,-3.7714662551879883,1.3186066150665283,11.95365047454834,3.448486328125,-122.802734375,58.2275390625
13.8474999,-1.492186188697815,1.037886381149292,12.568960189819336,14.739990234375,-114.31884765625,73.42529296875
13.8524999,0.5380968451499939,0.0293289702385664,11.894393920898438,27.9541015625,-80.810546875,86.24267578125
13.8574999,2.076969861984253,-0.9882067441940308,10.76492977142334,32.470703125,-50.079345703125,96.649169921875
13.8624999,3.177105665206909,-1.9650410413742065,9.61212158203125,35.614013671875,-25.970458984375,105.194091796875
13.8674999,4.3209357261657715,-2.5917234420776367,8.831611633300781,41.68701171875,11.23046875,102.325439453125
13.872499900000001,4.44782829284668,-2.3481132984161377,8.951920509338379,43.88427734375,23.193359375,90.179443359375
13.8774999,4.377199172973633,-1.8136078119277954,9.281721115112305,42.29736328125,26.67236328125,71.71630859375
13.882499900000001,4.157531261444092,-1.113303780555725,9.654618263244629,41.595458984375,23.590087890625,51.605224609375
13.8874999,3.868431329727173,-0.47644615173339844,9.868300437927246,39.764404296875,20.416259765625,29.205322265625
13.8924999,3.5410242080688477,0.07841010391712189,9.978434562683105,37.139892578125,14.46533203125,5.340576171875
13.8974999,3.2381577491760254,0.46986207365989685,9.899425506591797,29.937744140625,6.317138671875,-18.73779296875
13.9024999,2.985569477081299,0.6619967818260193,9.649829864501953,20.477294921875,2.44140625,-41.015625
13.907499900000001,2.7760767936706543,0.7451952695846558,9.288305282592773,10.223388671875,3.84521484375,-59.417724609375
13.9124999,2.65097975730896,0.71766197681427,8.87051773071289,-0.67138671875,7.080078125,-75.836181640625
13.917499900000001,2.631826162338257,0.7697358727455139,8.442553520202637,-15.350341796875,11.8408203125,-91.73583984375
13.9224999,3.072957992553711,2.1595699787139893,7.01860237121582,-109.31396484375,38.9404296875,-154.541015625
13.9274999,3.2746694087982178,2.279878616333008,7.806893348693848,-121.03271484375,81.6650390625,-157.684326171875
13.9324999,2.9095535278320312,1.614290475845337,9.739013671875,-71.502685546875,178.863525390625,-132.354736328125
13.9374999,2.1122844219207764,0.21787235140800476,12.173318862915039,25.115966796875,170.2880859375,-107.513427734375
13.9424999,0.7930793166160583,-1.0193313360214233,13.587693214416504,40.6494140625,87.158203125,-82.70263671875
13.9474999,-0.9840168952941895,-2.476801633834839,13.3889741897583,-5.340576171875,74.21875,-46.7529296875
13.952499900000001,-2.7078421115875244,-3.405751943588257,11.501745223999023,-60.760498046875,55.267333984375,3.631591796875
13.9574999,-4.349666118621826,-3.516483783721924,8.803479194641113,-10.25390625,-17.547607421875,85.3271484375
13.962499900000001,-5.734711647033691,-3.6721067428588867,6.563105583190918,41.656494140625,-64.361572265625,104.248046875
13.9674999,-6.893505096435547,-2.871845006942749,5.3342814445495605,19.439697265625,-100.15869140625,83.465576171875
13.9724999,-7.4333977699279785,-1.8213889598846436,5.660491466522217,-0.6103515625,-129.669189453125,67.474365234375
13.9774999,-3.5494039058685303,1.3706804513931274,12.572551727294922,15.228271484375,-117.340087890625,62.07275390625
13.9824999,-1.2030863761901855,1.3221979141235352,13.381193161010742,28.472900390625,-111.02294921875,77.0263671875
13.9874999,-1.2030863761901855,1.3221979141235352,13.381193161010742,28.472900390625,-111.02294921875,77.0263671875
13.9924999,0.7350199222564697,0.8433575630187988,12.411541938781738,29.6630859375,-80.963134765625,88.80615234375
13.997499900000001,2.1051018238067627,0.07960720360279083,10.900800704956055,25.7568359375,-54.26025390625,102.142333984375
14.0024999,3.069965124130249,-0.6961141228675842,9.442731857299805,27.801513671875,-24.383544921875,109.649658203125
14.007499900000001,3.70742130279541,-1.3838485479354858,8.6089506149292,31.25,0.6103515625,108.673095703125
14.0124999,4.125808238983154,-1.8489222526550293,8.3521728515625,31.18896484375,11.53564453125,98.81591796875
14.0174999,4.352060317993164,-2.0183119773864746,8.506598472595215,30.120849609375,18.707275390625,83.3740234375
14.0224999,4.422688961029053,-1.867477297782898,8.933364868164062,28.961181640625,22.705078125,62.92724609375
14.0274999,4.274847030639648,-1.43532395362854,9.337387084960938,24.84130859375,18.310546875,38.421630859375
14.032499900000001,2.987365245819092,0.656609833240509,9.609726905822754,5.55419921875,9.33837890625,-38.75732421875
14.0374999,2.785055160522461,0.8206126093864441,9.337985038757324,-1.52587890625,14.923095703125,-48.614501953125
14.042499900000001,2.6455929279327393,0.8182184100151062,9.033323287963867,-10.223388671875,21.66748046875,-58.868408203125
14.0474999,2.562992811203003,0.7236474752426147,8.722076416015625,-19.6533203125,29.022216796875,-68.7255859375
14.0524999,2.5468320846557617,0.8313865661621094,8.447940826416016,-29.998779296875,37.384033203125,-79.58984375
14.0574999,2.557007312774658,0.829590916633606,8.259397506713867,-44.5556640625,43.548583984375,-92.010498046875
14.0624999,2.604891538619995,1.082777738571167,8.274959564208984,-57.6171875,47.42431640625,-103.179931640625
14.0674999,2.6557681560516357,1.072602391242981,8.607154846191406,-64.63623046875,62.225341796875,-110.7177734375
14.0724999,2.56000018119812,0.7858967185020447,9.5223388671875,-51.3916015625,97.259521484375,-109.344482421875
14.077499900000001,2.168548107147217,-0.16519992053508759,10.917559623718262,-14.312744140625,118.072509765625,-97.625732421875
14.0824999,-3.0394389629364014,1.1552022695541382,11.808202743530273,3.082275390625,-114.471435546875,62.68310546875
14.087499900000001,-0.8595184087753296,0.6871358752250671,12.072762489318848,15.5029296875,-102.142333984375,75.836181640625
14.0924999,0.9876081943511963,-0.36810851097106934,11.39161205291748,26.336669921875,-71.6552734375,86.273193359375
14.0974999,3.2555158138275146,-2.1966800689697266,9.528923034667969,34.7900390625,-22.857666015625,100.311279296875
14.1024999,3.2555158138275146,-2.1966800689697266,9.528923034667969,34.7900390625,-22.857666015625,100.311279296875
14.1074999,3.8151605129241943,-2.5510218143463135,9.065644264221191,37.109375,-0.885009765625,106.903076171875
14.1124999,4.095880508422852,-2.515707492828369,9.062651634216309,43.792724609375,14.495849609375,102.9052734375
14.1174999,4.144961833953857,-2.1362264156341553,9.189544677734375,45.013427734375,22.979736328125,88.9892578125
14.122499900000001,4.045602321624756,-1.5502456426620483,9.47146224975586,42.3583984375,24.71923828125,68.115234375
14.1274999,3.8714241981506348,-0.8637082576751709,9.713874816894531,39.581298828125,20.355224609375,44.281005859375
14.132499900000001,3.625419855117798,-0.2561795711517334,9.825204849243164,35.70556640625,15.5029296875,21.270751953125
14.1374999,3.3668460845947266,0.2064998894929886,9.827000617980957,31.829833984375,9.124755859375,-0.732421875
14.1424999,3.0998926162719727,0.50876784324646,9.72285270690918,25.299072265625,3.173828125,-22.52197265625
14.1474999,2.889202833175659,0.6655880808830261,9.512163162231445,16.6015625,0.823974609375,-43.304443359375
14.1524999,2.7281928062438965,0.7200561761856079,9.209297180175781,6.16455078125,3.2958984375,-59.87548828125
14.157499900000001,2.6563668251037598,0.8607155084609985,8.49402904510498,-17.486572265625,13.85498046875,-87.7685546875
14.1624999,2.722805976867676,0.9247604012489319,8.076839447021484,-35.003662109375,20.6298828125,-102.783203125
14.167499900000001,2.8161797523498535,1.3150153160095215,7.688380241394043,-57.18994140625,25.146484375,-117.98095703125
14.1724999,2.9071593284606934,1.5670050382614136,7.33703088760376,-80.902099609375,31.005859375,-133.819580078125
14.1774999,3.066972494125366,1.923741102218628,7.254431247711182,-104.156494140625,47.18017578125,-147.216796875
14.1824999,3.2615013122558594,1.9626468420028687,8.226476669311523,-106.597900390625,94.390869140625,-145.599365234375
14.1874999,2.9454667568206787,1.0576386451721191,10.225635528564453,-51.116943359375,176.910400390625,-119.232177734375
14.1924999,2.146401882171631,-0.22026655077934265,12.565967559814453,34.912109375,150.360107421875,-91.400146484375
14.1974999,0.8236053586006165,-1.614290475845337,13.77563762664795,31.280517578125,82.000732421875,-75.714111328125
14.202499900000001,-0.9959878921508789,-2.474407434463501,13.230358123779297,-6.195068359375,75.62255859375,-46.142578125
14.2074999,-2.7946319580078125,-3.487154722213745,11.16236686706543,-41.717529296875,54.6875,-5.096435546875
14.212499900000001,-4.4526166915893555,-3.311779499053955,8.588001251220703,-10.498046875,-16.326904296875,74.76806640625
14.2174999,-7.007828235626221,-0.32860419154167175,8.15764331817627,-9.063720703125,-121.429443359375,51.1474609375
14.2224999,-5.598242282867432,0.6308721303939819,10.721834182739258,2.166748046875,-104.705810546875,48.431396484375
14.2274999,-3.5063083171844482,1.204882025718689,12.807782173156738,14.373779296875,-123.565673828125,63.65966796875
14.2324999,-1.2120646238327026,1.137245774269104,13.341689109802246,26.30615234375,-112.945556640625,76.263427734375
14.2374999,0.729034423828125,0.6051344871520996,12.310386657714844,29.60205078125,-81.634521484375,90.362548828125
14.2424999,3.8049850463867188,-1.7082629203796387,8.531139373779297,34.271240234375,4.08935546875,111.572265625
14.247499900000001,4.240131378173828,-2.070984363555908,8.336610794067383,34.85107421875,14.373779296875,102.020263671875
14.2524999,4.486135482788086,-2.098517894744873,8.5287446975708,33.69140625,20.5078125,86.212158203125
14.257499900000001,4.359841346740723,-1.3563152551651,9.43255615234375,28.25927734375,18.12744140625,38.665771484375
14.2624999,4.061164855957031,-0.7637503147125244,9.777320861816406,25.634765625,15.045166015625,13.153076171875
14.2674999,3.6619315147399902,-0.17717093229293823,9.871294021606445,22.064208984375,11.962890625,-9.246826171875
14.2724999,3.311779499053955,0.34835633635520935,9.859322547912598,16.9677734375,6.561279296875,-28.25927734375
14.2774999,3.046621561050415,0.7140706777572632,9.640851974487305,9.918212890625,6.378173828125,-44.158935546875
14.282499900000001,2.8544869422912598,0.8966285586357117,9.333795547485352,1.28173828125,11.53564453125,-56.33544921875
14.2874999,2.7305870056152344,0.8858546018600464,8.941145896911621,-8.48388671875,17.486572265625,-68.206787109375
14.292499900000001,2.6581623554229736,0.8373720645904541,8.538321495056152,-20.751953125,24.23095703125,-80.352783203125
14.2974999,2.6443958282470703,0.9415197968482971,8.127716064453125,-35.980224609375,31.55517578125,-94.1162109375
14.3024999,2.6665420532226562,1.0935516357421875,7.828441143035889,-55.96923828125,36.2548828125,-109.130859375
14.3074999,2.7305870056152344,1.392826795578003,7.666234016418457,-74.64599609375,42.6025390625,-123.443603515625
14.3124999,2.8604724407196045,1.5580267906188965,8.033743858337402,-86.517333984375,61.4013671875,-131.2255859375
14.3174999,2.387019157409668,0.2519897222518921,11.26950740814209,-12.908935546875,155.21240234375,-102.203369140625
14.3224999,1.5131354331970215,-0.8361749649047852,13.027449607849121,34.11865234375,100.067138671875,-87.554931640625
14.327499900000001,0.2148796021938324,-1.9590555429458618,13.673884391784668,17.08984375,66.89453125,-84.41162109375
14.3324999,-1.3449428081512451,-2.360084295272827,12.826935768127441,-8.4228515625,62.6220703125,-65.36865234375
14.337499900000001,-2.897582530975342,-2.542642116546631,10.634445190429688,-19.256591796875,38.360595703125,-27.740478515625
14.3424999,-4.486733913421631,-2.624643564224243,8.676587104797363,-10.833740234375,-20.416259765625,49.530029296875
14.3474999,-5.928043365478516,-2.607285737991333,7.077858924865723,23.529052734375,-68.603515625,86.48681640625
14.3524999,-7.016208171844482,-2.3936030864715576,6.678625583648682,5.0048828125,-92.46826171875,70.709228515625
14.3574999,-7.378331184387207,-1.3210008144378662,7.451952934265137,-15.472412109375,-113.189697265625,50.262451171875
14.3624999,-6.663661956787109,-0.008379706181585789,9.221267700195312,-21.78955078125,-115.631103515625,43.5791015625
14.3674999,-5.031414985656738,1.037886381149292,11.191097259521484,-3.84521484375,-113.95263671875,49.37744140625
14.372499900000001,-2.9059622287750244,1.389235496520996,12.654553413391113,8.148193359375,-124.45068359375,64.422607421875
14.3774999,1.1492167711257935,0.02753331884741783,11.716026306152344,28.045654296875,-70.465087890625,88.958740234375
14.382499900000001,2.473210334777832,-1.0271124839782715,10.374075889587402,30.609130859375,-45.10498046875,101.776123046875
14.3874999,3.4093432426452637,-1.8836381435394287,9.261969566345215,31.67724609375,-20.32470703125,107.84912109375
14.3924999,4.0114850997924805,-2.4223334789276123,8.738836288452148,35.15625,2.105712890625,104.6142578125
14.3974999,4.3406877517700195,-2.470816135406494,8.698134422302246,38.787841796875,13.18359375,96.61865234375
14.4024999,4.431667327880859,-2.1924901008605957,8.957306861877441,38.238525390625,17.08984375,82.550048828125
14.407499900000001,4.30058479309082,-1.6974890232086182,9.344569206237793,35.888671875,17.08984375,59.02099609375
14.4124999,4.036025524139404,-1.0869675874710083,9.691728591918945,34.271240234375,17.51708984375,35.003662109375
14.417499900000001,3.6966474056243896,-0.5219359993934631,9.86231517791748,34.0576171875,21.209716796875,16.2353515625
14.4224999,3.3746273517608643,0.023942016065120697,9.913191795349121,31.67724609375,15.56396484375,-2.86865234375
14.4274999,3.136404275894165,0.4752490520477295,9.797672271728516,24.59716796875,8.453369140625,-22.76611328125
14.4324999,2.9466638565063477,0.7649474143981934,9.580398559570312,16.204833984375,7.171630859375,-40.0390625
14.4374999,2.61087703704834,0.8409633636474609,8.4293851852417,-18.646240234375,19.317626953125,-86.090087890625
14.4424999,2.632424831390381,0.9421183466911316,8.005013465881348,-38.665771484375,24.200439453125,-102.6611328125
14.4474999,2.7078421115875244,1.2976573705673218,7.647080421447754,-59.539794921875,27.740478515625,-118.71337890625
14.452499900000001,2.829347848892212,1.6412252187728882,7.373542785644531,-82.51953125,34.332275390625,-134.918212890625
14.4574999,3.0376434326171875,1.9195512533187866,7.470507621765137,-102.4169921875,54.534912109375,-145.6298828125
14.462499900000001,3.200449228286743,1.8872294425964355,8.686761856079102,-95.3369140625,109.375,-139.312744140625
14.4674999,2.7084407806396484,0.8816647529602051,10.812214851379395,-30.975341796875,176.849365234375,-112.335205078125
14.4724999,1.877652645111084,-0.3561375141143799,12.90953540802002,38.2080078125,128.448486328125,-93.353271484375
14.4774999,0.38486793637275696,-1.6454150676727295,13.855843544006348,22.613525390625,76.385498046875,-75.62255859375
14.4824999,-1.3150153160095215,-2.5133132934570312,12.876615524291992,-12.969970703125,70.770263671875,-48.27880859375
14.4874999,-3.025672435760498,-3.384204149246216,10.918756484985352,-46.783447265625,40.618896484375,0.885009765625
14.4924999,-6.090848922729492,-3.6589386463165283,6.630741596221924,30.76171875,-76.019287109375,96.49658203125
14.497499900000001,-7.202357292175293,-3.050212860107422,5.704185485839844,8.11767578125,-106.93359375,76.080322265625
14.5024999,-7.510610580444336,-1.8531121015548706,6.503250598907471,-1.15966796875,-125.579833984375,60.24169921875
14.507499900000001,-6.731297969818115,-0.5267243981361389,8.588001251220703,-9.82666015625,-111.26708984375,50.201416015625
14.5124999,-5.119401931762695,0.8110358119010925,11.077971458435059,2.655029296875,-107.086181640625,50.29296875
14.5174999,-2.9454667568206787,1.3970166444778442,12.97537612915039,14.373779296875,-124.969482421875,64.27001953125
14.5224999,-0.6961141228675842,1.3215993642807007,13.207015037536621,28.13720703125,-105.3466796875,76.7822265625
14.5274999,1.114500880241394,0.6206967830657959,12.01111125946045,29.815673828125,-73.272705078125,92.041015625
14.532499900000001,2.4019827842712402,-0.26096799969673157,10.471639633178711,29.815673828125,-41.93115234375,105.77392578125
14.5374999,3.2980127334594727,-1.1408370733261108,9.21588134765625,33.14208984375,-17.181396484375,113.46435546875
14.542499900000001,3.8600516319274902,-1.789067268371582,8.525154113769531,33.63037109375,2.74658203125,113.311767578125
14.5474999,3.7876269817352295,-0.7032967209815979,9.892242431640625,30.426025390625,15.106201171875,17.02880859375
14.5524999,3.4787750244140625,-0.12928688526153564,9.971251487731934,26.0009765625,9.27734375,-7.62939453125
14.5574999,3.246537446975708,0.3621230125427246,9.876680374145508,18.9208984375,3.265380859375,-28.472900390625
14.5624999,3.0388405323028564,0.6631938815116882,9.603142738342285,10.986328125,3.326416015625,-45.318603515625
14.5674999,2.889801502227783,0.7715315222740173,9.251194953918457,2.288818359375,8.23974609375,-59.26513671875
14.5724999,2.889801502227783,0.7715315222740173,9.251194953918457,2.288818359375,8.23974609375,-59.26513671875
14.577499900000001,2.800018787384033,0.7751228213310242,8.844181060791016,-8.026123046875,14.923095703125,-73.272705078125
14.5824999,2.76350736618042,0.8421604633331299,8.432378768920898,-22.003173828125,21.54541015625,-86.761474609375
14.587499900000001,2.781463861465454,0.9612720012664795,8.021772384643555,-40.191650390625,27.252197265625,-100.64697265625
14.5924999,3.0148985385894775,1.722628116607666,7.754819393157959,-95.794677734375,59.417724609375,-141.90673828125
14.5974999,3.0148985385894775,1.722628116607666,7.754819393157959,-95.794677734375,59.417724609375,-141.90673828125
14.6024999,3.0651767253875732,1.5975310802459717,9.02015495300293,-83.19091796875,115.53955078125,-133.60595703125
14.6074999,2.4803929328918457,0.7475894689559937,11.21863079071045,-21.209716796875,172.42431640625,-110.504150390625
14.6124999,1.625662922859192,-0.4231751561164856,13.177685737609863,31.829833984375,113.46435546875,-103.424072265625
14.6174999,0.17298106849193573,-1.4179660081863403,14.036605834960938,17.242431640625,68.05419921875,-92.803955078125
14.622499900000001,-1.404199242591858,-2.1763293743133545,13.043012619018555,-10.040283203125,67.87109375,-64.5751953125
14.6274999,-3.028665065765381,-2.93349552154541,10.822988510131836,-36.773681640625,44.5556640625,-17.913818359375
14.632499900000001,-4.5406036376953125,-3.136404275894165,8.416217803955078,-7.232666015625,-25.787353515625,69.39697265625
14.6374999,-5.948394298553467,-3.6098575592041016,6.587646007537842,32.2265625,-73.211669921875,91.644287109375
14.6424999,-7.268198013305664,-2.0225019454956055,6.5511345863342285,-7.2021484375,-119.873046875,60.516357421875
14.6474999,-5.042787551879883,0.6326677799224854,11.033679008483887,-1.373291015625,-107.60498046875,49.652099609375
14.6524999,-2.9712042808532715,1.1342530250549316,12.917915344238281,15.93017578125,-119.964599609375,63.65966796875
14.657499900000001,-0.7912836670875549,1.0564415454864502,13.207613945007324,27.4658203125,-103.668212890625,76.66015625
14.6624999,1.0223240852355957,0.44412440061569214,12.078747749328613,29.327392578125,-73.8525390625,91.217041015625
14.667499900000001,2.3038206100463867,-0.33099839091300964,10.54406452178955,28.13720703125,-45.41015625,105.621337890625
14.6724999,3.201047658920288,-1.115697979927063,9.267355918884277,31.463623046875,-18.98193359375,115.1123046875
14.6774999,3.7445313930511475,-1.7471686601638794,8.556278228759766,36.102294921875,9.033203125,117.401123046875
14.6824999,4.067748546600342,-2.0596120357513428,8.46170711517334,38.909912109375,20.782470703125,109.4970703125
14.6874999,4.171896457672119,-2.099714994430542,8.735843658447266,37.139892578125,18.5546875,93.1396484375
14.6924999,4.131195068359375,-1.8896236419677734,9.213486671447754,36.285400390625,20.477294921875,71.258544921875
14.6974999,3.9713821411132812,-1.4089876413345337,9.679757118225098,36.224365234375,20.477294921875,45.654296875
14.702499900000001,3.737947463989258,-0.8170213103294373,9.938929557800293,32.501220703125,14.434814453125,18.6767578125
14.7074999,3.269282341003418,0.37648820877075195,9.858723640441895,20.32470703125,0.701904296875,-26.519775390625
14.712499900000001,3.064578056335449,0.7260416746139526,9.581595420837402,13.031005859375,1.46484375,-42.90771484375
14.7174999,2.93349552154541,0.8595184087753296,9.235034942626953,4.180908203125,6.34765625,-57.769775390625
14.7224999,2.8329391479492188,0.8553285598754883,8.831012725830078,-7.354736328125,12.237548828125,-71.624755859375
14.7274999,2.783259391784668,0.8966285586357117,8.424596786499023,-20.81298828125,18.37158203125,-84.65576171875
14.7324999,2.7772738933563232,0.9552865028381348,8.04691219329834,-36.895751953125,25.32958984375,-98.93798828125
14.7374999,2.7970261573791504,1.1749545335769653,7.755417823791504,-55.11474609375,31.55517578125,-114.19677734375
14.7424999,2.853888511657715,1.4347254037857056,7.539939880371094,-76.5380859375,38.57421875,-130.340576171875
14.747499900000001,2.980182647705078,1.6759412288665771,7.693767070770264,-95.76416015625,50.048828125,-141.754150390625
14.7524999,3.111863613128662,1.6525976657867432,8.711302757263184,-92.95654296875,97.625732421875,-139.312744140625
14.757499900000001,2.654571056365967,0.9666589498519897,10.727819442749023,-40.1611328125,167.938232421875,-117.523193359375
14.7624999,1.88782799243927,-0.21607670187950134,12.842497825622559,28.076171875,130.2490234375,-106.414794921875
14.7674999,-2.6366145610809326,-2.801215887069702,11.439496040344238,-33.843994140625,53.985595703125,-25.543212890625
14.7724999,-4.316147327423096,-3.290231704711914,9.048885345458984,-17.08984375,-12.359619140625,58.441162109375
14.7774999,-5.704185485839844,-3.510498285293579,7.010821342468262,29.11376953125,-65.91796875,91.522216796875
14.782499900000001,-6.871358871459961,-3.3883938789367676,5.805340766906738,12.14599609375,-93.68896484375,79.193115234375
14.7874999,-7.3454108238220215,-2.341529369354248,6.07588529586792,-2.593994140625,-121.673583984375,66.131591796875
14.792499900000001,-6.834847450256348,-0.9157821536064148,7.927201747894287,-7.965087890625,-120.42236328125,55.511474609375
14.7974999,-5.440224647521973,0.41958385705947876,10.387842178344727,0.67138671875,-102.72216796875,49.346923828125
14.8024999,2.0847511291503906,-0.058059390634298325,10.844536781311035,27.679443359375,-51.300048828125,105.224609375
14.8074999,3.0550012588500977,-0.9319429993629456,9.530119895935059,32.53173828125,-22.613525390625,113.76953125
14.8124999,3.6745009422302246,-1.635838270187378,8.71609115600586,37.567138671875,6.40869140625,117.98095703125
14.8174999,4.027047157287598,-2.0231003761291504,8.51557731628418,40.863037109375,19.622802734375,113.6474609375
14.8224999,4.166509628295898,-2.1254525184631348,8.744223594665527,40.4052734375,18.73779296875,100.250244140625
14.827499900000001,4.128800868988037,-1.96683669090271,9.152434349060059,38.421630859375,19.34814453125,77.5146484375
14.8324999,3.9851486682891846,-1.5209165811538696,9.61331844329834,37.933349609375,21.209716796875,50.96435546875
14.837499900000001,3.7606923580169678,-0.9014169573783875,9.888052940368652,35.125732421875,14.5263671875,24.932861328125
14.8424999,3.5266590118408203,-0.26096799969673157,9.926360130310059,28.411865234375,7.537841796875,-0.396728515625
14.8474999,3.330933094024658,0.32022446393966675,9.837176322937012,22.369384765625,0.732421875,-22.64404296875
14.8524999,3.1495723724365234,0.6721721291542053,9.592369079589844,14.923095703125,-0.152587890625,-41.168212890625
14.8574999,3.0184898376464844,0.8307880163192749,9.254188537597656,6.2255859375,4.45556640625,-56.94580078125
14.8624999,2.917933225631714,0.8277952671051025,8.85794734954834,-5.67626953125,9.918212890625,-71.77734375
14.8674999,2.872443437576294,0.8373720645904541,8.432378768920898,-18.951416015625,16.11328125,-85.357666015625
14.872499900000001,2.8820202350616455,1.1180921792984009,7.705139636993408,-53.03955078125,30.70068359375,-113.58642578125
14.8774999,2.913144826889038,1.4335283041000366,7.451952934265137,-74.76806640625,37.78076171875,-129.791259765625
14.882499900000001,2.049436569213867,0.12210428714752197,12.470199584960938,17.9443359375,152.252197265625,-108.88671875
14.8874999,0.8822633028030396,-0.9385270476341248,13.812747955322266,33.477783203125,79.803466796875,-101.07421875
14.8924999,-0.7781155705451965,-2.058414936065674,13.75169563293457,-1.64794921875,69.76318359375,-71.35009765625
14.8974999,-2.3780407905578613,-2.6180596351623535,11.689689636230469,-30.45654296875,63.232421875,-36.865234375
14.9024999,-4.0545806884765625,-3.1968579292297363,9.311649322509766,-28.50341796875,3.570556640625,46.20361328125
14.907499900000001,-5.506663799285889,-3.4141316413879395,6.979696273803711,27.374267578125,-58.9599609375,93.8720703125
14.9124999,-1.6274585723876953,1.4646528959274292,13.266870498657227,23.681640625,-114.532470703125,70.648193359375
14.917499900000001,0.3878606855869293,1.0444705486297607,12.633005142211914,29.11376953125,-88.287353515625,85.14404296875
14.9224999,1.8728642463684082,0.2693476974964142,11.14081859588623,25.787353515625,-56.427001953125,99.761962890625
14.9274999,2.9083564281463623,-0.629675030708313,9.77133560180664,29.510498046875,-28.961181640625,109.344482421875
14.9324999,3.561375141143799,-1.3593080043792725,8.83939266204834,33.843994140625,-1.708984375,114.593505859375
14.9374999,3.914519786834717,-1.8249802589416504,8.514379501342773,37.261962890625,15.869140625,114.74609375
14.9424999,4.046799659729004,-2.0009541511535645,8.681375503540039,39.12353515625,19.775390625,106.536865234375
14.9474999,4.018068790435791,-1.9303251504898071,9.08838939666748,39.398193359375,20.355224609375,87.310791015625
14.952499900000001,3.691260576248169,-1.0851719379425049,9.86650562286377,33.416748046875,13.36669921875,30.181884765625
14.9574999,3.470993995666504,-0.5279214978218079,9.913191795349121,27.374267578125,8.7890625,4.180908203125
14.962499900000001,3.1435868740081787,0.4884171485900879,9.619303703308105,15.289306640625,0,-35.46142578125
14.9674999,3.0328550338745117,0.7422025203704834,9.337985038757324,6.988525390625,2.960205078125,-51.513671875
14.9724999,2.964620351791382,0.8936358094215393,8.990825653076172,-3.662109375,8.7890625,-65.3076171875
14.9774999,2.896984100341797,0.8804676532745361,8.58620548248291,-15.9912109375,16.2353515625,-77.5146484375
14.9824999,2.846705913543701,0.8774749040603638,8.20612621307373,-29.632568359375,23.834228515625,-89.111328125
14.9874999,2.8389246463775635,0.9594763517379761,7.890690326690674,-44.49462890625,33.3251953125,-102.60009765625
14.9924999,2.849698543548584,1.1785458326339722,7.680599212646484,-63.3544921875,39.1845703125,-117.401123046875
14.997499900000001,2.9011738300323486,1.4586673974990845,7.699153900146484,-83.282470703125,44.586181640625,-130.859375
15.0024999,3.022081136703491,1.6328455209732056,8.228272438049316,-93.780517578125,68.756103515625,-137.176513671875
15.007499900000001,2.1763293743133545,0.28072014451026917,11.933300018310547,-6.4697265625,154.327392578125,-112.396240234375
15.0124999,1.227626919746399,-0.7230489253997803,13.493721008300781,33.355712890625,96.588134765625,-109.2529296875
15.0174999,-0.26396074891090393,-1.8154034614562988,13.933655738830566,11.932373046875,68.42041015625,-84.503173828125
15.0224999,-1.7387889623641968,-2.2679076194763184,12.431293487548828,-15.899658203125,60.089111328125,-57.403564453125
15.0274999,-3.3081881999969482,-3.0160956382751465,10.359111785888672,-35.614013671875,26.9775390625,-2.349853515625
15.032499900000001,-4.81473970413208,-3.132812976837158,8.058882713317871,4.94384765625,-38.360595703125,76.23291015625
15.0374999,-6.168062210083008,-3.5404257774353027,6.700173377990723,24.749755859375,-76.751708984375,86.73095703125
15.042499900000001,-4.570530891418457,0.9277531504631042,11.699865341186523,5.9814453125,-109.649658203125,52.276611328125
15.0474999,-2.448071241378784,1.4431051015853882,13.051990509033203,16.17431640625,-117.340087890625,67.19970703125
15.0524999,1.3754688501358032,0.363918662071228,11.641805648803711,27.587890625,-64.544677734375,98.2666015625
15.0574999,2.5534160137176514,-0.6117185354232788,10.247182846069336,31.73828125,-33.50830078125,109.43603515625
15.0624999,3.359663486480713,-1.447893500328064,9.156025886535645,36.865234375,-7.4462890625,117.034912109375
15.0674999,3.838503837585449,-2.0266916751861572,8.666411399841309,39.36767578125,10.955810546875,118.743896484375
15.0724999,4.079719543457031,-2.278681516647339,8.692748069763184,42.54150390625,18.9208984375,111.14501953125
15.077499900000001,4.138976097106934,-2.205658197402954,9.014169692993164,44.43359375,23.956298828125,93.6279296875
15.0824999,4.062361717224121,-1.824381709098816,9.446322441101074,42.694091796875,23.5595703125,67.413330078125
15.087499900000001,3.891774892807007,-1.22642982006073,9.838373184204102,39.642333984375,14.556884765625,39.12353515625
15.0924999,3.6517560482025146,-0.5889736413955688,9.964667320251465,35.5224609375,7.843017578125,11.53564453125
15.0974999,3.4093432426452637,0.03651157766580582,9.955689430236816,29.876708984375,1.77001953125,-13.0615234375
15.1024999,3.2094273567199707,0.48722004890441895,9.744400978088379,22.5830078125,-2.288818359375,-35.247802734375
15.1074999,3.0585925579071045,0.7601590156555176,9.441534042358398,13.153076171875,-2.899169921875,-53.64990234375
15.1124999,2.942473888397217,1.0360907316207886,7.836222171783447,-41.44287109375,25.238037109375,-110.53466796875
15.1174999,3.002927541732788,1.349731206893921,7.479485988616943,-62.957763671875,31.67724609375,-126.220703125
15.122499900000001,3.2758665084838867,2.1805191040039062,8.489240646362305,-110.870361328125,111.724853515625,-150.5126953125
15.1274999,2.610278367996216,1.191115379333496,10.627263069152832,-41.50390625,190.7958984375,-123.1689453125
15.132499900000001,1.7387889623641968,-0.12629413604736328,12.799402236938477,41.717529296875,136.53564453125,-106.536865234375
15.1374999,0.1412578970193863,-1.4652514457702637,13.772644996643066,26.9775390625,76.751708984375,-74.89013671875
15.1424999,-1.5741876363754272,-2.7539305686950684,12.92569637298584,-20.538330078125,72.1435546875,-44.952392578125
15.1474999,-1.5741876363754272,-2.7539305686950684,12.92569637298584,-20.538330078125,72.1435546875,-44.952392578125
15.1524999,-4.821323871612549,-3.6296098232269287,8.084620475769043,8.331298828125,-29.510498046875,87.005615234375
15.157499900000001,-4.821323871612549,-3.6296098232269287,8.084620475769043,8.331298828125,-29.510498046875,87.005615234375
15.1624999,-6.1985883712768555,-3.6828808784484863,5.984307289123535,29.96826171875,-72.784423828125,93.44482421875
15.167499900000001,-7.088632583618164,-3.291428804397583,5.117007732391357,8.270263671875,-111.968994140625,79.345703125
15.1724999,-7.413046836853027,-2.250549554824829,5.857414245605469,0.701904296875,-136.871337890625,70.526123046875
15.1774999,-6.617573261260986,-0.8583213090896606,8.003217697143555,7.26318359375,-115.142822265625,57.891845703125
15.1824999,-5.095459938049316,0.3794809579849243,10.645218849182129,8.97216796875,-97.900390625,49.86572265625
15.1874999,-2.9759926795959473,1.2270283699035645,12.696451187133789,14.70947265625,-122.00927734375,63.629150390625
15.1924999,-0.7272387742996216,1.304241418838501,13.10885238647461,31.707763671875,-107.60498046875,79.1015625
15.1974999,1.104325532913208,0.8451532125473022,12.001534461975098,30.914306640625,-73.6083984375,95.39794921875
15.202499900000001,2.38462495803833,0.06643909960985184,10.555437088012695,29.693603515625,-46.32568359375,109.161376953125
15.2074999,3.26688814163208,-0.6829460263252258,9.297882080078125,32.989501953125,-17.547607421875,116.058349609375
15.212499900000001,3.7918169498443604,-1.314416766166687,8.62391471862793,36.68212890625,4.94384765625,117.98095703125
15.2174999,4.158129692077637,-1.909974455833435,8.735843658447266,38.604736328125,20.355224609375,96.893310546875
15.2224999,4.158129692077637,-1.909974455833435,8.735843658447266,38.604736328125,20.355224609375,96.893310546875
15.2274999,4.0982747077941895,-1.813009262084961,9.127894401550293,36.712646484375,22.8271484375,71.685791015625
15.2324999,3.953425645828247,-1.45806884765625,9.519944190979004,33.447265625,21.05712890625,44.464111328125
15.2374999,3.7427358627319336,-0.8661024570465088,9.77013874053955,29.205322265625,13.885498046875,18.341064453125
15.2424999,3.5069069862365723,-0.24660277366638184,9.79527759552002,22.8271484375,8.60595703125,-6.103515625
15.247499900000001,3.3255462646484375,0.3148375153541565,9.751583099365234,17.2119140625,3.5400390625,-27.130126953125
15.2524999,3.1633388996124268,0.6799532771110535,9.515155792236328,9.521484375,2.716064453125,-44.647216796875
15.257499900000001,3.0352492332458496,0.8271966576576233,9.205106735229492,-0.48828125,6.77490234375,-59.906005859375
15.2624999,2.940678119659424,0.8373720645904541,8.820239067077637,-11.474609375,13.671875,-73.822021484375
15.2674999,2.8628666400909424,0.8780734539031982,8.450334548950195,-23.74267578125,20.843505859375,-85.87646484375
15.2724999,2.8377275466918945,0.9457096457481384,8.08282470703125,-39.398193359375,28.900146484375,-98.175048828125
15.2774999,2.9903578758239746,1.4993687868118286,8.956708908081055,-85.02197265625,101.5625,-132.4462890625
15.282499900000001,2.4678235054016113,0.6991068720817566,11.034276962280273,-32.928466796875,159.0576171875,-114.654541015625
15.2874999,1.601720929145813,-0.44831427931785583,13.001113891601562,25.87890625,118.743896484375,-106.353759765625
15.292499900000001,0.28969839215278625,-1.4622586965560913,13.95280933380127,21.728515625,70.80078125,-100.40283203125
15.2974999,-1.2617442607879639,-2.2152352333068848,13.323732376098633,-6.072998046875,63.90380859375,-74.15771484375
15.3024999,-2.7742812633514404,-2.6132712364196777,11.046248435974121,-28.13720703125,46.417236328125,-34.5458984375
15.3074999,-4.349666118621826,-2.980182647705078,8.863933563232422,-20.99609375,-16.082763671875,53.131103515625
15.3124999,-5.7538652420043945,-3.1513679027557373,6.891709804534912,31.6162109375,-68.572998046875,92.529296875
15.3174999,-6.8791399002075195,-3.116652011871338,6.117185115814209,17.2119140625,-89.17236328125,73.8525390625
15.3224999,-7.260416507720947,-2.0823569297790527,6.736684799194336,-3.570556640625,-110.748291015625,52.91748046875
15.327499900000001,-5.064335346221924,0.7314286231994629,10.896012306213379,-11.016845703125,-107.23876953125,47.943115234375
15.3324999,-2.965817451477051,1.4024035930633545,12.693458557128906,12.847900390625,-115.692138671875,58.837890625
15.337499900000001,-0.8134300112724304,1.3078327178955078,13.145364761352539,21.881103515625,-105.224609375,74.03564453125
15.3424999,1.002571940422058,0.6009446382522583,12.144588470458984,25.32958984375,-77.178955078125,87.554931640625
15.3474999,2.2613234519958496,-0.38127660751342773,10.63624095916748,26.0009765625,-44.769287109375,99.18212890625
15.3524999,3.1316158771514893,-1.2551602125167847,9.404424667358398,30.792236328125,-20.01953125,106.99462890625
15.3574999,3.6972460746765137,-1.890222191810608,8.648454666137695,33.172607421875,5.615234375,109.039306640625
15.3624999,3.998316764831543,-2.1972784996032715,8.552088737487793,35.33935546875,14.923095703125,101.5625
15.3674999,4.109048843383789,-2.1547815799713135,8.780136108398438,35.675048828125,19.8974609375,88.37890625
15.372499900000001,4.055179119110107,-1.8052281141281128,9.229647636413574,36.590576171875,24.139404296875,70.3125
15.3774999,3.9049429893493652,-1.268328309059143,9.666589736938477,35.186767578125,21.97265625,46.600341796875
15.382499900000001,3.66851544380188,-0.6625953316688538,9.916184425354004,31.3720703125,16.571044921875,21.209716796875
15.3874999,3.1477766036987305,0.37828385829925537,9.824606895446777,20.20263671875,6.744384765625,-21.3623046875
15.3924999,2.914940595626831,0.6631938815116882,9.584588050842285,12.8173828125,5.096435546875,-37.41455078125
15.3974999,2.7281928062438965,0.7529764175415039,9.231443405151367,3.90625,9.033203125,-51.57470703125
15.4024999,2.588730573654175,0.7080851793289185,8.91301441192627,-5.37109375,12.786865234375,-65.093994140625
15.407499900000001,2.5312697887420654,0.6548141837120056,8.593987464904785,-16.9677734375,17.822265625,-78.18603515625
15.4124999,2.562394380569458,0.7715315222740173,8.342596054077148,-30.21240234375,24.35302734375,-91.033935546875
15.417499900000001,2.6378116607666016,1.0055646896362305,8.040925979614258,-48.40087890625,29.96826171875,-105.316162109375
15.4224999,2.7305870056152344,1.335964560508728,7.83921480178833,-68.05419921875,34.027099609375,-120.30029296875
15.4274999,2.8646624088287354,1.6023194789886475,7.849390506744385,-85.3271484375,46.69189453125,-132.14111328125
15.4324999,2.962824583053589,1.5807716846466064,8.611345291137695,-85.968017578125,86.42578125,-132.843017578125
15.4374999,2.6886885166168213,0.5997475385665894,10.356718063354492,-44.586181640625,142.364501953125,-115.142822265625
15.4424999,-2.2182278633117676,-2.736572504043579,11.575366973876953,-14.2822265625,49.346923828125,-35.400390625
15.4474999,-3.91092848777771,-2.6821043491363525,9.34037971496582,-21.453857421875,1.64794921875,32.89794921875
15.452499900000001,-5.413290023803711,-2.5899276733398438,7.564480304718018,24.078369140625,-58.319091796875,91.827392578125
15.4574999,-6.8156938552856445,-2.2894554138183594,6.689399719238281,15.625,-87.82958984375,82.977294921875
15.462499900000001,-7.481880187988281,-1.2527660131454468,7.116166114807129,-10.284423828125,-109.161376953125,55.877685546875
15.4674999,-7.15387487411499,0.021547814831137657,8.62630844116211,-22.613525390625,-114.8681640625,41.046142578125
15.4724999,-5.7323174476623535,1.1815385818481445,10.693103790283203,-13.7939453125,-113.4033203125,46.69189453125
15.4774999,-3.6571431159973145,1.6376339197158813,12.345701217651367,8.880615234375,-121.978759765625,60.028076171875
15.4824999,-1.3527239561080933,1.245583415031433,12.859855651855469,18.341064453125,-111.114501953125,75.37841796875
15.487499900000001,0.6667851805686951,0.2998737692832947,12.054805755615234,27.83203125,-80.38330078125,87.646484375
15.4924999,2.1380221843719482,-0.884058952331543,10.685920715332031,31.67724609375,-45.318603515625,100.616455078125
15.497499900000001,4.2096052169799805,-2.61087703704834,8.65623664855957,38.238525390625,12.115478515625,104.79736328125
15.5024999,4.351461410522461,-2.3086090087890625,8.887276649475098,40.52734375,20.69091796875,92.34619140625
15.507499900000001,4.283825397491455,-1.8112136125564575,9.329605102539062,41.80908203125,22.735595703125,72.44873046875
15.5124999,4.085705280303955,-1.171961784362793,9.746196746826172,38.482666015625,17.2119140625,46.38671875
15.5174999,3.8067808151245117,-0.5620388388633728,9.95329475402832,36.7431640625,15.045166015625,20.93505859375
15.5224999,3.509899616241455,-0.0071826050989329815,9.992799758911133,32.745361328125,9.368896484375,-2.685546875
15.5274999,3.2196028232574463,0.4183867573738098,9.82879638671875,26.0009765625,3.021240234375,-24.017333984375
15.532499900000001,3.003525972366333,0.6883329749107361,9.561842918395996,17.51708984375,0.640869140625,-43.182373046875
15.5374999,2.8167781829833984,0.7894880175590515,9.209895133972168,7.659912109375,4.241943359375,-59.2041015625
15.542499900000001,2.700061082839966,0.7661445140838623,8.851364135742188,-2.044677734375,8.758544921875,-72.69287109375
15.5474999,2.669534921646118,0.8583213090896606,8.497620582580566,-14.923095703125,15.594482421875,-86.273193359375
15.5524999,2.9035680294036865,1.6047136783599854,7.354987621307373,-77.392578125,32.40966796875,-132.080078125
15.5574999,3.024475336074829,1.9638439416885376,7.178415298461914,-102.508544921875,45.166015625,-145.44677734375
15.5624999,3.2172086238861084,2.1290438175201416,7.9397711753845215,-111.51123046875,84.259033203125,-147.3388671875
15.5674999,2.935291290283203,1.4508862495422363,9.825204849243164,-67.138671875,163.39111328125,-125.457763671875
15.5724999,2.1493945121765137,0.13527239859104156,12.20683765411377,23.162841796875,160.70556640625,-100.860595703125
15.577499900000001,0.9091981053352356,-1.1971008777618408,13.62360668182373,36.92626953125,85.784912109375,-82.672119140625
15.5824999,-0.9044097065925598,-2.427121877670288,13.57093334197998,-3.5400390625,72.540283203125,-52.703857421875
15.587499900000001,-2.589329242706299,-3.381809949874878,11.566987037658691,-44.586181640625,57.647705078125,-13.5498046875
15.5924999,-4.2975921630859375,-3.442862033843994,9.071630477905273,-25.299072265625,-11.53564453125,73.486328125
15.5974999,-5.7089738845825195,-3.5625722408294678,6.745064735412598,36.407470703125,-65.673828125,106.292724609375
15.6024999,-3.534440279006958,1.4460978507995605,12.618639945983887,13.97705078125,-120.574951171875,58.65478515625
15.6074999,-1.2473790645599365,1.4065934419631958,13.382988929748535,25.543212890625,-113.006591796875,72.296142578125
15.612499900000001,0.7015010714530945,0.8523358106613159,12.536040306091309,28.594970703125,-83.0078125,84.3505859375
15.6174999,2.0925323963165283,0.008379706181585789,10.90678596496582,27.618408203125,-49.163818359375,98.6328125
15.622499900000001,3.0759506225585938,-0.8367735147476196,9.519346237182617,29.571533203125,-22.857666015625,109.344482421875
15.6274999,3.711611270904541,-1.4867992401123047,8.571840286254883,30.45654296875,-2.105712890625,112.97607421875
15.632499900000001,4.080916881561279,-1.9039889574050903,8.363545417785645,31.25,10.772705078125,106.292724609375
15.6374999,4.229955673217773,-2.005143880844116,8.537124633789062,32.867431640625,17.364501953125,92.071533203125
15.6424999,4.230554580688477,-1.8285715579986572,8.999205589294434,33.050537109375,23.74267578125,72.509765625
15.6474999,3.7918169498443604,-0.9127894043922424,9.808445930480957,25.20751953125,10.650634765625,18.49365234375
15.6524999,3.4865562915802,-0.3693056106567383,9.90361499786377,20.751953125,9.33837890625,-7.293701171875
15.657499900000001,3.206434726715088,0.14784196019172668,9.821015357971191,15.228271484375,5.7373046875,-25.69580078125
15.6624999,3.007715940475464,0.5404910445213318,9.598953247070312,7.99560546875,4.69970703125,-39.6728515625
15.667499900000001,2.851494312286377,0.7649474143981934,9.303269386291504,0.640869140625,9.063720703125,-51.544189453125
15.6724999,2.739565372467041,0.7996633648872375,8.99621295928955,-7.354736328125,16.387939453125,-62.01171875
15.6774999,2.6617536544799805,0.8277952671051025,8.742427825927734,-16.66259765625,23.712158203125,-71.685791015625
15.6824999,2.697666883468628,1.0618284940719604,8.039729118347168,-60.302734375,42.54150390625,-108.5205078125
15.6874999,2.786850690841675,1.204882025718689,8.148665428161621,-72.906494140625,57.0068359375,-118.804931640625
15.6924999,2.800018787384033,1.161187767982483,8.900444984436035,-69.915771484375,89.569091796875,-120.05615234375
15.6974999,1.8291701078414917,-0.6500257849693298,12.11705493927002,14.5263671875,116.668701171875,-91.73583984375
15.702499900000001,0.7625532150268555,-1.7549498081207275,13.108254432678223,30.670166015625,75.531005859375,-81.35986328125
15.7074999,-0.6476315855979919,-2.3325510025024414,12.8748197555542,-1.617431640625,59.08203125,-76.5380859375
15.712499900000001,-2.121861219406128,-2.208651065826416,11.30422306060791,-11.444091796875,44.7998046875,-51.727294921875
15.7174999,-3.6960489749908447,-2.2679076194763184,9.46487808227539,-18.035888671875,11.474609375,3.814697265625
15.7224999,-5.242702960968018,-2.0039467811584473,7.933785915374756,7.14111328125,-48.187255859375,75.042724609375
15.7274999,-6.59004020690918,-2.029085874557495,7.267599105834961,14.068603515625,-79.28466796875,77.0263671875
15.7324999,-7.29154109954834,-1.4245500564575195,7.554903507232666,-8.6669921875,-97.930908203125,52.001953125
15.737499900000001,-7.0359601974487305,-0.4118026793003082,8.723274230957031,-19.95849609375,-111.114501953125,39.794921875
15.7424999,-5.6874260902404785,0.6512228846549988,10.424354553222656,-19.500732421875,-113.34228515625,47.66845703125
15.747499900000001,-3.689464807510376,1.1408370733261108,11.919532775878906,3.41796875,-119.81201171875,57.830810546875
15.7524999,-1.467047095298767,1.1240776777267456,12.589310646057129,15.045166015625,-114.471435546875,69.091796875
15.757499900000001,2.011129379272461,-0.645237386226654,10.864288330078125,32.958984375,-50.35400390625,96.37451171875
15.7624999,3.977966070175171,-2.5294740200042725,8.691550254821777,39.6728515625,12.451171875,109.832763671875
15.7674999,3.977966070175171,-2.5294740200042725,8.691550254821777,39.6728515625,12.451171875,109.832763671875
15.7724999,4.0761284828186035,-2.390011787414551,8.829815864562988,40.924072265625,21.484375,97.16796875
15.7774999,4.058770656585693,-1.9399019479751587,9.209895133972168,40.557861328125,22.705078125,79.28466796875
15.782499900000001,3.937863349914551,-1.3581109046936035,9.641449928283691,40.191650390625,20.965576171875,56.884765625
15.7874999,3.773860454559326,-0.7745242714881897,9.87967300415039,38.818359375,20.599365234375,31.707763671875
15.792499900000001,3.555389642715454,-0.24001872539520264,10.052654266357422,35.858154296875,12.63427734375,6.744384765625
15.7974999,3.3291375637054443,0.18076223134994507,9.98681354522705,30.76171875,3.021240234375,-16.143798828125
15.8024999,3.087921619415283,0.4513070285320282,9.827000617980957,24.169921875,-0.579833984375,-38.116455078125
15.8074999,2.7676970958709717,0.6835445761680603,9.099761962890625,4.5166015625,4.486083984375,-71.990966796875
15.8124999,2.7287914752960205,0.8152256608009338,8.632892608642578,-8.9111328125,10.25390625,-86.48681640625
15.8174999,2.781463861465454,0.9798270463943481,8.128912925720215,-26.91650390625,15.625,-101.62353515625
15.8224999,2.851494312286377,1.24917471408844,7.671022415161133,-46.69189453125,23.284912109375,-116.790771484375
15.827499900000001,2.9526493549346924,1.5795745849609375,7.237671852111816,-69.88525390625,30.94482421875,-133.453369140625
15.8324999,3.026270866394043,1.9536685943603516,6.987477779388428,-98.297119140625,36.0107421875,-148.92578125
15.837499900000001,3.2369606494903564,2.2391772270202637,7.316680431365967,-120.269775390625,61.8896484375,-158.203125
15.8424999,2.433107376098633,0.8373720645904541,11.338939666748047,-10.406494140625,196.533203125,-117.85888671875
15.8474999,2.433107376098633,0.8373720645904541,11.338939666748047,-10.406494140625,196.533203125,-117.85888671875
15.8524999,1.4059948921203613,-0.3363853394985199,13.256095886230469,48.828125,110.809326171875,-96.832275390625
15.8574999,-0.3597288131713867,-1.9907786846160889,13.85883617401123,13.275146484375,71.8994140625,-60.11962890625
15.862499900000001,-2.0626046657562256,-3.1244332790374756,12.376227378845215,-42.449951171875,68.84765625,-23.590087890625
15.8674999,-6.517016887664795,-3.1645359992980957,5.503072738647461,28.9306640625,-87.40234375,93.475341796875
15.872499900000001,-7.310694694519043,-2.2649147510528564,5.13735818862915,7.38525390625,-119.537353515625,72.509765625
15.8774999,-7.304111003875732,-0.7835025191307068,6.69837760925293,-1.129150390625,-128.753662109375,56.304931640625
15.882499900000001,-6.196194171905518,0.3321954905986786,9.258976936340332,-4.150390625,-103.240966796875,42.05322265625
15.8874999,-4.4077253341674805,1.1085153818130493,11.930307388305664,8.72802734375,-113.067626953125,51.605224609375
15.8924999,-2.1128830909729004,1.3419500589370728,13.366230010986328,25.421142578125,-117.7978515625,74.64599609375
15.8974999,0.046088382601737976,0.983418345451355,13.007099151611328,33.599853515625,-91.4306640625,82.672119140625
15.9024999,1.6089035272598267,0.28371289372444153,11.54124927520752,26.55029296875,-63.78173828125,96.98486328125
15.907499900000001,2.7024552822113037,-0.42197805643081665,10.005967140197754,26.91650390625,-37.9638671875,108.795166015625
15.9124999,3.445256233215332,-1.0983400344848633,8.85675048828125,31.25,-8.056640625,114.92919921875
15.917499900000001,3.907337188720703,-1.5819687843322754,8.371326446533203,33.75244140625,10.55908203125,112.3046875
15.9224999,4.006097793579102,-1.1516109704971313,9.653421401977539,25.81787109375,14.16015625,28.289794921875
15.9274999,3.715202569961548,-0.5859808921813965,9.853935241699219,21.514892578125,10.772705078125,2.197265625
15.9324999,3.3913867473602295,-0.026336219161748886,9.862914085388184,16.66259765625,6.622314453125,-18.218994140625
15.9374999,3.139396905899048,0.4106055796146393,9.727043151855469,11.8408203125,4.8828125,-33.75244140625
15.9424999,2.9460651874542236,0.6979097723960876,9.48462963104248,4.974365234375,7.14111328125,-47.088623046875
15.9474999,2.826355218887329,0.790086567401886,9.157222747802734,-4.0283203125,13.580322265625,-59.326171875
15.952499900000001,2.739565372467041,0.7691373229026794,8.802282333374023,-14.404296875,20.5078125,-70.770263671875
15.9574999,2.7060465812683105,0.8655039072036743,8.453926086425781,-25.970458984375,27.862548828125,-81.939697265625
15.962499900000001,2.7096378803253174,0.8559271097183228,8.12053394317627,-41.32080078125,36.7431640625,-94.29931640625
15.9674999,2.735974073410034,1.1318588256835938,7.934384346008301,-57.525634765625,42.78564453125,-107.818603515625
15.9724999,2.808398485183716,1.2689268589019775,7.959523677825928,-73.089599609375,50.9033203125,-119.384765625
15.9774999,2.8874073028564453,1.3078327178955078,8.552088737487793,-77.850341796875,74.493408203125,-124.45068359375
15.9824999,2.7042508125305176,0.899621307849884,9.882067680358887,-52.642822265625,125.335693359375,-116.790771484375
15.987499900000001,2.07397723197937,-0.24361002445220947,11.739968299865723,-0.579833984375,135.31494140625,-102.081298828125
15.9924999,1.0732009410858154,-1.2677297592163086,13.038822174072266,34.72900390625,84.930419921875,-89.4775390625
15.997499900000001,-0.31184476613998413,-2.186504602432251,13.216591835021973,6.134033203125,62.6220703125,-83.80126953125
16.0024999,-1.8339585065841675,-2.433706045150757,12.130821228027344,-8.880615234375,52.978515625,-59.661865234375
16.0074999,-3.3069911003112793,-2.739565372467041,10.173561096191406,-20.111083984375,23.529052734375,-11.5966796875
16.0124999,-4.896142482757568,-2.453458309173584,8.418013572692871,0.762939453125,-35.247802734375,64.178466796875
16.0174999,-6.231508255004883,-2.5480291843414307,7.3005194664001465,20.477294921875,-72.113037109375,82.366943359375
16.0224999,-7.185597896575928,-1.811812162399292,7.095216751098633,-1.617431640625,-93.719482421875,60.11962890625
16.0274999,-7.215525150299072,-0.6661866307258606,8.05050277709961,-16.204833984375,-112.060546875,41.8701171875
16.0324999,-4.320336818695068,1.3880383968353271,11.520299911499023,-0.3662109375,-116.27197265625,54.3212890625
16.0374999,-2.117072820663452,1.4065934419631958,12.533047676086426,10.498046875,-119.476318359375,66.10107421875
16.0424999,0.020949264988303185,0.7439981698989868,12.339715957641602,22.125244140625,-93.780517578125,78.643798828125
16.047499900000002,1.6855180263519287,-0.3992331326007843,11.223419189453125,28.6865234375,-61.187744140625,92.10205078125
16.0524999,2.850297212600708,-1.423951506614685,9.956886291503906,30.57861328125,-36.2548828125,103.33251953125
16.0574999,3.6373908519744873,-2.2224178314208984,9.058462142944336,33.63037109375,-11.5966796875,108.551025390625
16.0624999,4.123414039611816,-2.518700122833252,8.708909034729004,37.2314453125,7.8125,103.1494140625
16.0674999,4.306570529937744,-2.454655408859253,8.82083797454834,39.031982421875,13.73291015625,91.1865234375
16.0724999,4.294000625610352,-2.0679917335510254,9.124302864074707,38.299560546875,18.218994140625,74.249267578125
16.0774999,4.116829872131348,-1.5017629861831665,9.469666481018066,38.02490234375,24.96337890625,53.314208984375
16.082499900000002,2.737171173095703,0.8170213103294373,9.463082313537598,12.20703125,7.110595703125,-44.036865234375
16.0874999,2.5522189140319824,0.7799112200737,9.125499725341797,1.8310546875,10.711669921875,-59.26513671875
16.0924999,2.4594438076019287,0.7242460250854492,8.7298583984375,-10.711669921875,14.190673828125,-73.3642578125
16.0974999,2.5025393962860107,0.9127894043922424,8.365341186523438,-24.627685546875,19.34814453125,-87.982177734375
16.1024999,2.5905263423919678,1.0235211849212646,7.9858598709106445,-42.449951171875,25.390625,-102.813720703125
16.1074999,2.7263972759246826,1.4359225034713745,7.688380241394043,-63.690185546875,29.754638671875,-117.61474609375
16.1124999,2.852691411972046,1.6508020162582397,7.495048522949219,-85.235595703125,37.17041015625,-131.65283203125
16.117499900000002,3.0544028282165527,1.8309657573699951,7.802104949951172,-99.945068359375,63.3544921875,-140.56396484375
16.1224999,3.0591912269592285,1.316810965538025,9.206304550170898,-78.765869140625,126.251220703125,-130.0048828125
16.1274999,2.522291421890259,0.07960720360279083,11.469423294067383,-7.26318359375,166.656494140625,-100.40283203125
16.1324999,1.5652093887329102,-1.2701239585876465,13.284826278686523,47.607421875,101.287841796875,-73.089599609375
16.1374999,-1.5945383310317993,-2.713827610015869,12.483367919921875,-12.298583984375,66.619873046875,-45.41015625
16.1424999,-3.2752678394317627,-3.1268274784088135,10.269330024719238,-27.9541015625,33.905029296875,7.904052734375
16.1474999,-4.902127742767334,-2.7479450702667236,7.8541789054870605,10.92529296875,-38.26904296875,83.587646484375
16.1524999,-6.384139060974121,-2.82515811920166,6.514622688293457,27.03857421875,-81.60400390625,93.75
16.1574999,-7.420229434967041,-1.7711106538772583,6.257246017456055,0.335693359375,-104.8583984375,67.87109375
16.1624999,-6.557718276977539,0.8062474131584167,9.616909980773926,-20.69091796875,-115.814208984375,38.39111328125
16.1674999,-4.754884719848633,1.4915876388549805,11.887211799621582,-1.129150390625,-120.941162109375,54.74853515625
16.172499900000002,-2.412158250808716,1.3898340463638306,13.198037147521973,19.073486328125,-123.382568359375,69.3359375
16.1774999,-0.19931729137897491,0.7026981711387634,12.83711051940918,25.299072265625,-93.6279296875,78.887939453125
16.1824999,1.5352818965911865,-0.22505496442317963,11.54124927520752,30.059814453125,-62.225341796875,93.56689453125
16.1874999,2.7694928646087646,-1.2306196689605713,9.996989250183105,30.670166015625,-38.2080078125,108.306884765625
16.1924999,4.158129692077637,-2.3564929962158203,8.464101791381836,35.64453125,8.72802734375,110.076904296875
16.1974999,4.401141166687012,-2.410961151123047,8.564658164978027,37.078857421875,14.801025390625,97.564697265625
16.2024999,4.464587688446045,-2.102707624435425,8.94773006439209,37.109375,20.1416015625,80.50537109375
16.207499900000002,4.313154220581055,-1.6412252187728882,9.453505516052246,38.482666015625,24.932861328125,58.868408203125
16.2124999,4.057573318481445,-0.9894038438796997,9.785700798034668,36.102294921875,22.369384765625,35.46142578125
16.2174999,3.73016619682312,-0.36810851097106934,9.963470458984375,32.40966796875,16.66259765625,10.650634765625
16.2224999,3.3931822776794434,0.18555063009262085,9.966463088989258,27.740478515625,8.941650390625,-12.20703125
16.2274999,3.0813376903533936,0.5386953949928284,9.816226959228516,21.331787109375,3.90625,-31.8603515625
16.2324999,2.8377275466918945,0.7206547260284424,9.545083999633789,13.00048828125,4.33349609375,-48.248291015625
16.2374999,2.668936252593994,0.7637503147125244,9.14225959777832,2.899169921875,9.368896484375,-62.713623046875
16.242499900000002,2.5767595767974854,0.768538773059845,8.73225212097168,-9.1552734375,14.34326171875,-76.23291015625
16.2474999,2.582146644592285,0.8954314589500427,8.306084632873535,-24.932861328125,19.22607421875,-90.39306640625
16.2524999,2.7461493015289307,1.3958195447921753,7.587823867797852,-63.4765625,32.501220703125,-119.81201171875
16.2574999,2.8544869422912598,1.7118542194366455,7.3885064125061035,-86.48681640625,39.0625,-134.735107421875
16.2624999,3.0400376319885254,1.9231425523757935,7.706935405731201,-103.118896484375,59.4482421875,-143.5546875
16.2674999,3.0561983585357666,1.6621745824813843,9.133280754089355,-84.808349609375,123.779296875,-134.246826171875
16.2724999,2.4821887016296387,0.4357447028160095,11.42872142791748,-13.916015625,172.18017578125,-107.025146484375
16.2774999,1.5981296300888062,-0.862511157989502,13.33690071105957,43.731689453125,105.04150390625,-86.42578125
16.2824999,0.10534487664699554,-2.1284453868865967,13.975553512573242,11.749267578125,69.03076171875,-76.23291015625
16.2874999,-1.5304933786392212,-2.6821043491363525,12.62163257598877,-11.962890625,69.915771484375,-48.492431640625
16.2924999,-3.1962592601776123,-3.271078109741211,10.384251594543457,-35.064697265625,36.1328125,3.326416015625
16.297499900000002,-4.813542366027832,-2.9071593284606934,7.860762596130371,9.307861328125,-36.7431640625,83.404541015625
16.3024999,-6.247669219970703,-3.0406360626220703,6.4164605140686035,33.233642578125,-77.239990234375,97.015380859375
16.3074999,-7.341220855712891,-2.075772762298584,6.0597243309021,7.171630859375,-101.98974609375,71.6552734375
16.3124999,-7.559093475341797,-0.7218518257141113,7.220313549041748,-13.214111328125,-118.804931640625,49.285888671875
16.3174999,-6.624756336212158,0.7170634269714355,9.330802917480469,-20.477294921875,-114.1357421875,35.552978515625
16.3224999,-4.875193119049072,1.5328876972198486,11.710638999938965,-5.218505859375,-117.401123046875,48.2177734375
16.3274999,-2.5665841102600098,1.613093376159668,13.10645866394043,18.768310546875,-122.100830078125,70.49560546875
16.332499900000002,-0.3315969407558441,0.9726444482803345,12.994529724121094,26.580810546875,-97.076416015625,77.972412109375
16.3374999,1.4107834100723267,0.028131870552897453,11.699865341186523,27.587890625,-68.17626953125,88.653564453125
16.3424999,2.6563668251037598,-0.9253589510917664,10.163386344909668,27.496337890625,-40.802001953125,102.05078125
16.3474999,3.529053211212158,-1.668160080909729,8.995614051818848,29.72412109375,-16.326904296875,109.68017578125
16.3524999,4.090493679046631,-2.1272482872009277,8.429984092712402,32.257080078125,6.8359375,107.421875
16.3574999,4.367023944854736,-2.2176294326782227,8.47786808013916,34.7900390625,14.7705078125,97.442626953125
16.3624999,4.414907932281494,-2.015319347381592,8.775347709655762,34.11865234375,21.54541015625,82.122802734375
16.367499900000002,4.282628059387207,-1.580173134803772,9.280524253845215,34.332275390625,24.505615234375,61.004638671875
16.3724999,3.6517560482025146,-0.4507084786891937,9.891644477844238,27.740478515625,15.777587890625,12.298583984375
16.3774999,3.2968156337738037,0.05506663769483566,9.940725326538086,23.37646484375,10.528564453125,-9.796142578125
16.3824999,2.9951462745666504,0.4345476031303406,9.803058624267578,17.02880859375,5.92041015625,-27.496337890625
16.3874999,2.781463861465454,0.6631938815116882,9.548076629638672,9.918212890625,7.232666015625,-41.534423828125
16.3924999,2.630629062652588,0.7493851184844971,9.197325706481934,0.762939453125,12.39013671875,-53.985595703125
16.3974999,2.540247917175293,0.7206547260284424,8.844181060791016,-9.033203125,17.39501953125,-66.375732421875
16.4024999,2.540247917175293,0.7206547260284424,8.844181060791016,-9.033203125,17.39501953125,-66.375732421875
16.4074999,2.536058187484741,0.8242039084434509,8.513182640075684,-21.66748046875,22.857666015625,-79.132080078125
16.4124999,2.5755624771118164,0.862511157989502,8.158242225646973,-37.933349609375,30.059814453125,-92.742919921875
16.4174999,2.647388458251953,1.1468225717544556,7.926004886627197,-54.840087890625,34.912109375,-106.62841796875
16.422499900000002,2.742558002471924,1.3425486087799072,7.797914981842041,-72.75390625,42.022705078125,-120.147705078125
16.4274999,2.8772318363189697,1.4508862495422363,8.151658058166504,-83.06884765625,60.516357421875,-127.8076171875
16.4324999,2.4127566814422607,0.08319851011037827,11.225812911987305,-15.289306640625,142.303466796875,-103.912353515625
16.4374999,1.5364789962768555,-0.982221245765686,12.895170211791992,31.06689453125,97.71728515625,-86.36474609375
16.4424999,0.28131869435310364,-2.1278467178344727,13.454216003417969,14.373779296875,65.0634765625,-81.298828125
16.4474999,-1.279700756072998,-2.4618380069732666,12.63779354095459,-9.368896484375,57.220458984375,-65.673828125
16.4524999,-2.804208755493164,-2.540846586227417,10.578181266784668,-15.899658203125,36.163330078125,-27.862548828125
16.457499900000002,-4.4532151222229,-2.4893712997436523,8.752602577209473,-9.124755859375,-18.768310546875,49.560546875
16.4624999,-5.923853397369385,-2.428917646408081,7.319074630737305,21.942138671875,-66.741943359375,87.371826171875
16.4674999,-7.044938564300537,-2.1739351749420166,7.0144124031066895,4.94384765625,-89.599609375,70.343017578125
16.4724999,-7.367557048797607,-1.157596468925476,7.83801794052124,-10.345458984375,-108.88671875,48.7060546875
16.4774999,-6.615179061889648,0.1041477769613266,9.357138633728027,-23.49853515625,-109.710693359375,44.647216796875
16.4824999,-4.919486045837402,1.1773487329483032,11.316792488098145,-5.2490234375,-113.525390625,53.070068359375
16.4874999,-2.7892448902130127,1.4538789987564087,12.450447082519531,8.056640625,-121.39892578125,63.90380859375
16.492499900000002,3.375824451446533,-1.9806033372879028,9.258378028869629,34.24072265625,-17.364501953125,110.443115234375
16.4974999,3.930680751800537,-2.5145103931427,8.78193187713623,37.4755859375,2.593994140625,109.771728515625
16.5024999,4.200028419494629,-2.589329242706299,8.734047889709473,40.740966796875,14.46533203125,100.76904296875
16.5074999,4.255693435668945,-2.2673089504241943,8.96149730682373,40.8935546875,23.3154296875,86.97509765625
16.5124999,4.128800868988037,-1.7220295667648315,9.350554466247559,39.703369140625,23.223876953125,66.46728515625
16.5174999,3.9258923530578613,-1.0384849309921265,9.70429801940918,38.238525390625,19.989013671875,44.952392578125
16.5224999,3.666121244430542,-0.4315548539161682,9.914389610290527,37.628173828125,19.256591796875,21.6064453125
16.5274999,3.428496837615967,0.09516951441764832,10.013150215148926,34.088134765625,10.589599609375,-3.2958984375
16.5324999,3.1872811317443848,0.4495113790035248,9.891045570373535,26.4892578125,3.41796875,-26.031494140625
16.5374999,2.9730000495910645,0.646434485912323,9.630077362060547,17.4560546875,1.52587890625,-45.562744140625
16.5424999,2.676717519760132,0.7015010714530945,8.782530784606934,-3.875732421875,9.58251953125,-76.5380859375
16.547499900000002,2.669534921646118,0.8152256608009338,8.333019256591797,-19.10400390625,15.93017578125,-91.30859375
16.5524999,2.7335798740386963,1.0115501880645752,7.909843921661377,-38.51318359375,21.331787109375,-105.804443359375
16.5574999,2.826355218887329,1.392826795578003,7.547122478485107,-58.929443359375,27.587890625,-120.697021484375
16.5624999,2.911947727203369,1.7525556087493896,7.2586212158203125,-82.977294921875,33.599853515625,-137.451171875
16.5674999,3.0585925579071045,2.077568531036377,7.267000675201416,-106.903076171875,48.40087890625,-149.810791015625
16.5724999,3.2375593185424805,2.1116859912872314,8.312667846679688,-108.5205078125,95.458984375,-147.491455078125
16.5774999,2.7952303886413574,1.316810965538025,10.339360237121582,-50.262451171875,179.229736328125,-122.100830078125
16.582499900000002,1.978209137916565,-0.02693476900458336,12.633604049682617,29.96826171875,146.728515625,-102.783203125
16.5874999,0.5680243372917175,-1.2348095178604126,13.770849227905273,30.914306640625,79.315185546875,-80.657958984375
16.5924999,-1.237802267074585,-2.2697031497955322,13.050793647766113,-8.636474609375,71.258544921875,-51.116943359375
16.5974999,-2.963423252105713,-3.4087445735931396,11.030685424804688,-50.140380859375,51.33056640625,-5.55419921875
16.6024999,-7.366360187530518,-2.2822728157043457,6.124966621398926,5.584716796875,-124.8779296875,64.8193359375
16.6074999,-6.685808181762695,-0.5015852451324463,8.069058418273926,-3.84521484375,-114.227294921875,47.210693359375
16.6124999,-5.212775707244873,0.5309142470359802,10.678139686584473,-7.232666015625,-102.294921875,43.243408203125
16.617499900000002,-3.133411407470703,1.2312182188034058,12.877213478088379,16.9677734375,-122.13134765625,60.791015625
16.6224999,-0.9032126069068909,1.3120225667953491,13.345878601074219,29.022216796875,-106.201171875,74.310302734375
16.6274999,0.9229647517204285,0.7823054194450378,12.357671737670898,30.09033203125,-77.301025390625,86.42578125
16.6324999,2.2206220626831055,0.08080431073904037,10.72602367401123,26.947021484375,-49.1943359375,100.830078125
16.6374999,3.087921619415283,-0.7146692276000977,9.367912292480469,28.3203125,-23.590087890625,110.29052734375
16.6424999,3.8959646224975586,-1.7405846118927002,8.331223487854004,33.660888671875,14.58740234375,112.823486328125
16.6474999,3.999513864517212,-1.877652645111084,8.539519309997559,35.308837890625,23.37646484375,100.677490234375
16.6524999,3.95641827583313,-1.7962498664855957,9.060257911682129,35.21728515625,22.918701171875,80.99365234375
16.6574999,3.7924153804779053,-1.5119383335113525,9.53969669342041,33.14208984375,18.463134765625,56.121826171875
16.6624999,3.5853171348571777,-1.0426748991012573,9.932345390319824,30.242919921875,14.739990234375,27.374267578125
16.6674999,3.3704373836517334,-0.50876784324646,10.034099578857422,25.787353515625,9.368896484375,-0.946044921875
16.672499900000002,3.202843427658081,0.0347159244120121,9.944316864013672,18.798828125,2.86865234375,-22.308349609375
16.6774999,3.0849289894104004,0.42197805643081665,9.699509620666504,11.962890625,0.335693359375,-38.787841796875
16.6824999,2.9957449436187744,0.6524199843406677,9.36013126373291,4.638671875,4.547119140625,-52.459716796875
16.6874999,2.9287071228027344,0.7966706156730652,9.00160026550293,-3.753662109375,12.786865234375,-65.765380859375
16.6924999,2.871845006942749,0.823006808757782,8.588600158691406,-17.51708984375,18.37158203125,-78.0029296875
16.6974999,2.8389246463775635,0.8936358094215393,8.226476669311523,-32.012939453125,24.658203125,-89.935302734375
16.7024999,2.828749418258667,1.0097545385360718,7.911040782928467,-46.966552734375,33.477783203125,-103.82080078125
16.707499900000002,2.844910144805908,1.1743559837341309,7.722497463226318,-64.361572265625,41.68701171875,-118.865966796875
16.7124999,2.9065608978271484,1.3634978532791138,7.8278422355651855,-81.1767578125,50.933837890625,-130.340576171875
16.7174999,3.021482467651367,1.4419080018997192,8.574832916259766,-84.65576171875,77.7587890625,-132.598876953125
16.7224999,2.0386626720428467,0.0293289702385664,12.209830284118652,4.913330078125,140.594482421875,-109.588623046875
16.7274999,0.9786299467086792,-0.910993754863739,13.472771644592285,26.702880859375,78.826904296875,-109.43603515625
16.7324999,-0.5548562407493591,-1.8261773586273193,13.538013458251953,2.9296875,61.03515625,-85.205078125
16.7374999,-2.0416555404663086,-2.3552958965301514,12.066178321838379,-19.134521484375,56.0302734375,-55.084228515625
16.742499900000002,-3.643975019454956,-2.782062292098999,9.96825885772705,-31.25,17.822265625,10.650634765625
16.7474999,-5.16429328918457,-3.0807390213012695,8.075642585754395,12.87841796875,-47.91259765625,80.902099609375
16.7524999,-6.432023048400879,-3.1513679027557373,6.761824131011963,22.4609375,-78.277587890625,81.60400390625
16.7574999,-7.2125325202941895,-2.562992811203003,6.521805286407471,-0.885009765625,-101.50146484375,63.17138671875
16.7624999,-7.049128532409668,-1.338358759880066,7.7230963706970215,-10.3759765625,-119.415283203125,50.933837890625
16.7674999,-4.047996520996094,0.9696516990661621,11.821371078491211,4.638671875,-111.4501953125,57.7392578125
16.7724999,-1.8644845485687256,1.292868971824646,12.959814071655273,20.538330078125,-112.274169921875,69.82421875
16.7774999,0.15143325924873352,0.8984242081642151,12.616844177246094,27.435302734375,-89.691162109375,84.991455078125
16.7824999,1.6735470294952393,0.12270283699035645,11.382035255432129,26.947021484375,-61.492919921875,100.15869140625
16.7874999,2.718017578125,-0.778714120388031,10.017339706420898,30.45654296875,-32.16552734375,111.175537109375
16.7924999,3.3871967792510986,-1.5526398420333862,9.094375610351562,36.407470703125,-6.011962890625,118.133544921875
16.797499900000002,3.7672762870788574,-2.0195090770721436,8.681973457336426,40.252685546875,11.8408203125,119.0185546875
16.8024999,3.803189516067505,-1.800439715385437,9.566033363342285,40.496826171875,13.18359375,59.4482421875
16.8074999,3.6122517585754395,-1.3227964639663696,9.898228645324707,36.43798828125,7.080078125,26.30615234375
16.8124999,3.3949780464172363,-0.760757565498352,9.952696800231934,30.181884765625,1.15966796875,-2.593994140625
16.8174999,3.1729156970977783,0.33758243918418884,9.619303703308105,18.798828125,-3.84521484375,-41.748046875
16.8224999,3.1884782314300537,0.811634361743927,9.364919662475586,13.48876953125,-0.640869140625,-54.107666015625
16.8274999,3.207631826400757,1.0432734489440918,8.994417190551758,2.532958984375,5.828857421875,-65.216064453125
16.832499900000002,3.208828926086426,1.1240776777267456,8.617330551147461,-9.09423828125,14.95361328125,-76.812744140625
16.8374999,3.1645359992980957,1.091755986213684,8.190564155578613,-22.796630859375,24.169921875,-89.935302734375
16.8424999,3.0974984169006348,1.0887632369995117,7.7877397537231445,-40.6494140625,32.53173828125,-105.010986328125
16.8474999,3.044826030731201,1.2701239585876465,7.463325023651123,-62.652587890625,37.04833984375,-122.1923828125
16.8524999,3.049015760421753,1.6202759742736816,7.234679222106934,-89.202880859375,42.633056640625,-139.129638671875
16.8574999,3.181894063949585,1.9919757843017578,7.402871608734131,-110.7177734375,63.5986328125,-150.32958984375
16.8624999,3.202244758605957,1.9494787454605103,8.719682693481445,-102.996826171875,126.3427734375,-143.6767578125
16.867499900000002,2.563591480255127,0.9840168952941895,10.913968086242676,-31.494140625,199.981689453125,-121.246337890625
16.8724999,1.5819687843322754,-0.2735375463962555,13.026851654052734,48.4619140625,126.52587890625,-97.808837890625
16.8774999,-1.7178397178649902,-2.699462413787842,12.931083679199219,-26.7333984375,68.78662109375,-40.8935546875
16.8824999,-3.4853591918945312,-3.183091163635254,10.644620895385742,-51.08642578125,39.825439453125,16.66259765625
16.8874999,-4.985326290130615,-3.5715503692626953,8.140884399414062,3.72314453125,-32.867431640625,84.16748046875
16.8924999,-6.366780757904053,-3.6733038425445557,6.223128795623779,21.240234375,-80.26123046875,90.728759765625
16.8974999,-7.254431247711182,-3.2746694087982178,5.263652324676514,2.5634765625,-115.17333984375,80.841064453125
16.9024999,-7.513004779815674,-2.313995838165283,5.971138954162598,1.52587890625,-139.617919921875,74.859619140625
16.9074999,-6.585850238800049,-1.0295066833496094,8.079233169555664,20.8740234375,-115.570068359375,59.844970703125
16.9124999,-5.058349609375,0.1538274586200714,10.532691955566406,7.50732421875,-97.47314453125,53.955078125
16.9174999,-2.8598740100860596,0.9181763529777527,12.698845863342285,16.41845703125,-125.8544921875,66.5283203125
16.922499900000002,-0.6218938827514648,1.0690110921859741,12.995726585388184,34.60693359375,-103.45458984375,79.89501953125
16.9274999,1.1976994276046753,0.7122750282287598,12.006322860717773,35.919189453125,-69.854736328125,97.2900390625
16.9324999,2.4624364376068115,0.03711012750864029,10.594941139221191,34.210205078125,-49.163818359375,114.044189453125
16.9374999,3.7469255924224854,-1.2737152576446533,8.653841972351074,42.1142578125,9.124755859375,125.396728515625
16.9424999,3.9612066745758057,-1.6687586307525635,8.524555206298828,46.56982421875,21.270751953125,122.161865234375
16.9474999,3.997718334197998,-1.8363527059555054,8.719682693481445,44.677734375,23.834228515625,107.7880859375
16.9524999,3.9420530796051025,-1.7501614093780518,9.163806915283203,42.144775390625,23.37646484375,82.58056640625
16.957499900000002,3.795408248901367,-1.4437036514282227,9.545681953430176,39.947509765625,17.669677734375,53.314208984375
16.9624999,3.400963544845581,0.20769700407981873,9.756970405578613,18.402099609375,-4.608154296875,-36.31591796875
16.9674999,3.3429040908813477,0.606930136680603,9.537900924682617,10.650634765625,-8.36181640625,-54.3212890625
16.9724999,3.3249475955963135,0.9917980432510376,9.215282440185547,2.13623046875,-1.983642578125,-69.88525390625
16.9774999,3.2740707397460938,0.973242998123169,8.807669639587402,-10.009765625,6.89697265625,-84.259033203125
16.9824999,3.245340347290039,1.1109095811843872,8.33840560913086,-25.634765625,14.434814453125,-97.22900390625
16.9874999,3.1735143661499023,1.2623428106307983,7.472901821136475,-62.652587890625,31.890869140625,-127.655029296875
16.992499900000002,3.162740468978882,1.580173134803772,7.168240070343018,-87.0361328125,41.107177734375,-143.157958984375
16.9974999,3.224391222000122,1.933916449546814,7.193977355957031,-110.748291015625,52.42919921875,-155.731201171875
17.0024999,3.3848025798797607,2.05781626701355,8.222886085510254,-116.058349609375,97.686767578125,-154.266357421875
17.0074999,2.889801502227783,1.3778630495071411,10.25855541229248,-62.92724609375,196.35009765625,-129.486083984375
17.0124999,1.9991583824157715,0.004788403399288654,12.723386764526367,29.022216796875,164.825439453125,-115.3564453125
17.0174999,0.5578489899635315,-1.1827356815338135,13.985130310058594,38.238525390625,77.362060546875,-97.869873046875
17.0224999,-1.2497732639312744,-2.300827741622925,13.561356544494629,-3.021240234375,72.723388671875,-63.5986328125
17.0274999,-2.981978178024292,-3.045424461364746,11.601702690124512,-41.6259765625,63.751220703125,-22.003173828125
17.0324999,-4.575319290161133,-3.383007049560547,9.042900085449219,-14.0380859375,0.1220703125,54.38232421875
17.0374999,-4.575319290161133,-3.383007049560547,9.042900085449219,-14.0380859375,0.1220703125,54.38232421875
17.0424999,-6.976703643798828,-3.7493197917938232,5.739500045776367,6.8359375,-95.916748046875,79.559326171875
17.047499900000002,-7.484274387359619,-2.9682116508483887,5.606621742248535,-7.904052734375,-135.498046875,77.2705078125
17.0524999,-7.484274387359619,-2.9682116508483887,5.606621742248535,-7.904052734375,-135.498046875,77.2705078125
17.0574999,-7.082647323608398,-1.6675615310668945,7.181407928466797,12.908935546875,-136.871337890625,68.939208984375
17.0624999,-5.756857872009277,-0.31184476613998413,9.428366661071777,11.65771484375,-95.733642578125,54.3212890625
17.0674999,-3.863044500350952,0.7194576263427734,11.870451927185059,7.354736328125,-115.53955078125,59.051513671875
17.0724999,-1.568800687789917,1.184531331062317,13.040617942810059,28.167724609375,-120.697021484375,73.54736328125
17.0774999,0.4734533727169037,0.9421183466911316,12.543821334838867,35.675048828125,-82.58056640625,88.592529296875
17.082499900000002,1.9446903467178345,0.3387795388698578,11.273696899414062,33.75244140625,-59.814453125,105.8349609375
17.0874999,2.9263129234313965,-0.4010287821292877,9.892242431640625,32.379150390625,-37.59765625,117.37060546875
17.0924999,3.5188779830932617,-1.0079588890075684,8.9249849319458,37.078857421875,-3.387451171875,121.185302734375
17.0974999,3.803189516067505,-1.4532804489135742,8.547898292541504,42.388916015625,13.73291015625,121.9482421875
17.1024999,3.9151182174682617,-1.6974890232086182,8.613141059875488,42.572021484375,18.49365234375,117.156982421875
17.1074999,3.906738519668579,-1.744175910949707,8.972270965576172,43.304443359375,23.681640625,100.52490234375
17.1124999,3.709217071533203,-1.1839327812194824,9.752182006835938,37.750244140625,15.533447265625,41.473388671875
17.117499900000002,3.709217071533203,-1.1839327812194824,9.752182006835938,37.750244140625,15.533447265625,41.473388671875
17.1224999,3.58292293548584,-0.6685808300971985,9.856329917907715,29.815673828125,4.21142578125,10.589599609375
17.1274999,3.4763808250427246,-0.09876082092523575,9.830592155456543,22.491455078125,-2.50244140625,-17.852783203125
17.1324999,3.37941575050354,0.363918662071228,9.648633003234863,15.625,-6.378173828125,-40.374755859375
17.1374999,3.3279404640197754,0.7314286231994629,9.359533309936523,6.65283203125,-4.638671875,-60.05859375
17.1424999,3.2573113441467285,0.8672995567321777,8.958504676818848,-6.04248046875,1.220703125,-76.446533203125
17.1474999,3.202843427658081,0.9558850526809692,8.511985778808594,-19.500732421875,8.880615234375,-89.935302734375
17.152499900000002,3.1495723724365234,0.9846154451370239,8.083423614501953,-33.721923828125,19.073486328125,-102.203369140625
17.1574999,3.1256303787231445,1.116895079612732,7.718906402587891,-50.140380859375,29.449462890625,-114.501953125
17.1624999,3.139396905899048,1.3922282457351685,7.47230339050293,-70.068359375,38.726806640625,-128.2958984375
17.1674999,3.1950621604919434,1.7513585090637207,7.384316444396973,-92.498779296875,47.576904296875,-142.08984375
17.172499900000002,2.4223334789276123,0.5608417391777039,11.496357917785645,-20.20263671875,191.925048828125,-117.0654296875
17.1774999,2.4223334789276123,0.5608417391777039,11.496357917785645,-20.20263671875,191.925048828125,-117.0654296875
17.1824999,1.3533225059509277,-0.6829460263252258,13.381792068481445,43.243408203125,111.541748046875,-109.9853515625
17.1874999,-0.29867666959762573,-1.9734207391738892,14.047379493713379,21.759033203125,61.920166015625,-83.343505859375
17.1924999,-1.932719349861145,-2.801814556121826,12.799402236938477,-16.78466796875,64.605712890625,-57.098388671875
17.1974999,-3.5703532695770264,-3.4147300720214844,10.589553833007812,-42.633056640625,39.398193359375,1.129150390625
