# Time (seconds),Accel_X,Accel_Y,Accel_Z,Gyro_X,Gyro_Y,Gyro_Z
0.0024999,0.9941922426223755,-0.36152446269989014,9.747992515563965,-2.62451171875,0.518798828125,1.922607421875
0.0074999,0.9941922426223755,-0.36152446269989014,9.747992515563965,-2.62451171875,0.518798828125,1.922607421875
0.012499900000000001,0.9726444482803345,-0.46806642413139343,9.724648475646973,-3.173828125,-0.701904296875,-2.227783203125
0.0174999,0.912190854549408,-0.44592007994651794,9.808445930480957,5.828857421875,-0.091552734375,-0.518798828125
0.0224999,0.9720458984375,-0.37229835987091064,9.761758804321289,-2.349853515625,0.48828125,2.25830078125
0.0274999,0.9528923034667969,-0.4812345504760742,9.724050521850586,-3.35693359375,-0.54931640625,-2.471923828125
0.0324999,0.882861852645874,-0.456095427274704,9.783905029296875,5.4931640625,-0.152587890625,-0.8544921875
0.0374999,0.9493009448051453,-0.38726213574409485,9.73781681060791,-1.617431640625,0.457763671875,2.349853515625
0.0424999,0.961870551109314,-0.4016273319721222,9.744999885559082,-1.0986328125,0.54931640625,2.471923828125
0.0474999,0.970848798751831,-0.49619829654693604,9.73661994934082,-4.364013671875,-0.48828125,-1.5869140625
0.0524999,0.9080010056495667,-0.45250412821769714,9.780313491821289,5.55419921875,-0.274658203125,-1.251220703125
0.0574999,0.9816226959228516,-0.39384618401527405,9.821614265441895,-0.762939453125,0.701904296875,2.166748046875
0.0624999,0.9900023937225342,-0.4578910768032074,9.791088104248047,-4.669189453125,-0.274658203125,-1.495361328125
0.0674999,0.9068039059638977,-0.4357447028160095,9.800065994262695,5.18798828125,-0.335693359375,-1.3427734375
0.0724999,0.9702502489089966,-0.3711012601852417,9.836577415466309,-0.1220703125,0.6103515625,2.288818359375
0.0774999,0.9792284965515137,-0.43754035234451294,9.75637149810791,-5.0048828125,-0.244140625,-1.40380859375
0.0824999,0.8888474106788635,-0.44412440061569214,9.758766174316406,4.608154296875,-0.30517578125,-1.77001953125
0.0874999,0.9666589498519897,-0.36810851097106934,9.816825866699219,0.42724609375,0.701904296875,2.3193359375
0.0924999,0.9959878921508789,-0.45250412821769714,9.755773544311523,-4.94384765625,-0.518798828125,-1.15966796875
0.0974999,0.9738415479660034,-0.38546648621559143,9.815628051757812,0.823974609375,0.6103515625,2.197265625
0.1024999,0.9941922426223755,-0.4638765752315521,9.741408348083496,-5.126953125,-0.3662109375,-0.8544921875
0.1074999,0.8756792545318604,-0.4728548228740692,9.750386238098145,4.547119140625,-0.67138671875,-2.0751953125
0.1124999,0.961870551109314,-0.38127660751342773,9.791686058044434,1.251220703125,0.67138671875,2.197265625
0.1174999,0.9846154451370239,-0.45848962664604187,9.702502250671387,-5.462646484375,0.030517578125,-0.732421875
0.1224999,0.8834604024887085,-0.45908817648887634,9.731831550598145,4.150390625,-0.6103515625,-2.166748046875
0.1274999,0.9762357473373413,-0.38307225704193115,9.765350341796875,2.01416015625,0.42724609375,2.288818359375
0.1324999,0.9911994934082031,-0.45190557837486267,9.707889556884766,-5.828857421875,-0.152587890625,-0.335693359375
0.1374999,0.9038111567497253,-0.47165772318840027,9.758167266845703,3.753662109375,-0.762939453125,-2.349853515625
0.1424999,0.9780313968658447,-0.3884592354297638,9.780912399291992,2.38037109375,0.48828125,1.89208984375
0.1474999,1.0019733905792236,-0.44532153010368347,9.739013671875,-5.9814453125,0.030517578125,-0.213623046875
0.1524999,0.9187749028205872,-0.4686649739742279,9.769539833068848,3.23486328125,-0.3662109375,-2.44140625
0.1574999,0.9774328470230103,-0.4076128304004669,9.786299705505371,-5.43212890625,-0.152587890625,0.213623046875
0.1624999,0.8912416100502014,-0.4465186297893524,9.773730278015137,2.197265625,-0.8544921875,-2.777099609375
0.1674999,0.9127894043922424,-0.35254621505737305,9.807249069213867,3.631591796875,0.457763671875,1.617431640625
0.1724999,0.982221245765686,-0.3818751573562622,9.776124000549316,-5.279541015625,0,0.579833984375
0.17749990000000002,0.8972271084785461,-0.44412440061569214,9.758766174316406,1.800537109375,-0.48828125,-2.74658203125
0.1824999,0.9265560507774353,-0.3513490855693817,9.803058624267578,3.90625,0.6103515625,1.312255859375
0.1874999,0.9864110946655273,-0.4010287821292877,9.732429504394531,-5.4931640625,0.091552734375,0.48828125
0.1924999,0.9253589510917664,-0.4704606235027313,9.720458984375,1.373291015625,-0.579833984375,-2.655029296875
0.1974999,0.9409212470054626,-0.37888240814208984,9.725247383117676,4.364013671875,0.1220703125,1.373291015625
0.2024999,0.9672574996948242,-0.45908817648887634,9.68694019317627,0.54931640625,-0.3662109375,-3.082275390625
0.20749990000000001,0.9510966539382935,-0.3603273630142212,9.712079048156738,4.638671875,0.335693359375,1.251220703125
0.2124999,1.027711033821106,-0.3818751573562622,9.708487510681152,-4.94384765625,0.152587890625,1.312255859375
0.2174999,0.9786299467086792,-0.45669397711753845,9.710882186889648,0.06103515625,-0.67138671875,-2.86865234375
0.2224999,0.9379284977912903,-0.36810851097106934,9.747393608093262,4.8828125,0.579833984375,0.91552734375
0.2274999,1.0241197347640991,-0.39624038338661194,9.782708168029785,-4.913330078125,0.18310546875,1.251220703125
0.2324999,0.9858125448226929,-0.46986207365989685,9.767744064331055,-0.152587890625,-0.79345703125,-2.685546875
0.2374999,0.9193734526634216,-0.3908534348011017,9.801262855529785,5.06591796875,0.42724609375,0.701904296875
0.2424999,0.9672574996948242,-0.4572925269603729,9.736021041870117,-0.640869140625,-0.732421875,-2.74658203125
0.2474999,0.8852560520172119,-0.36810851097106934,9.750985145568848,5.401611328125,0.1220703125,0.579833984375
0.2524999,0.9929951429367065,-0.3645172119140625,9.759963035583496,-4.39453125,0.42724609375,1.617431640625
0.2574999,0.8786720037460327,-0.39145198464393616,9.734824180603027,5.523681640625,-0.030517578125,0.30517578125
0.2624999,0.9911994934082031,-0.3776853084564209,9.740211486816406,-3.936767578125,0.457763671875,1.77001953125
0.2674999,0.9493009448051453,-0.4471171796321869,9.677961349487305,-2.01416015625,-0.48828125,-2.593994140625
0.2724999,0.8804676532745361,-0.4231751561164856,9.752182006835938,5.67626953125,0.030517578125,0.06103515625
0.2774999,0.9762357473373413,-0.3663128614425659,9.724050521850586,-3.448486328125,0.42724609375,1.861572265625
0.2824999,0.9421183466911316,-0.4297592043876648,9.6803560256958,-2.3193359375,-0.701904296875,-2.532958984375
0.28749990000000003,0.8888474106788635,-0.42616790533065796,9.749788284301758,5.859375,0.1220703125,-0.244140625
0.2924999,0.9786299467086792,-0.35015198588371277,9.739013671875,-3.082275390625,0.457763671875,1.953125
0.2974999,0.9630676507949829,-0.444722980260849,9.704896926879883,-2.8076171875,-0.91552734375,-2.38037109375
0.3024999,0.9097966551780701,-0.4495113790035248,9.810839653015137,5.767822265625,0.18310546875,-0.457763671875
0.3074999,0.983418345451355,-0.3687070608139038,9.792284965515137,-2.899169921875,0.518798828125,2.166748046875
0.3124999,0.9588778018951416,-0.4884171485900879,9.774927139282227,-3.11279296875,-0.79345703125,-2.166748046875
0.3174999,0.960673451423645,-0.3908534348011017,9.794678688049316,-2.288818359375,0.762939453125,2.0751953125
0.3224999,0.9493009448051453,-0.4944026470184326,9.709685325622559,-3.35693359375,-0.54931640625,-1.922607421875
0.3274999,0.8972271084785461,-0.4531026780605316,9.775525093078613,5.79833984375,-0.274658203125,-0.762939453125
0.3324999,0.9636662006378174,-0.3776853084564209,9.709086418151855,-1.800537109375,0.579833984375,2.349853515625
0.3374999,0.9648633003234863,-0.4884171485900879,9.68694019317627,-4.2724609375,-0.1220703125,-2.13623046875
0.3424999,0.9032126069068909,-0.4471171796321869,9.757569313049316,5.645751953125,-0.42724609375,-1.068115234375
0.34749990000000003,0.9678560495376587,-0.3842693865299225,9.75936508178711,-1.220703125,0.3662109375,2.50244140625
0.35249990000000003,0.9678560495376587,-0.3842693865299225,9.75936508178711,-1.220703125,0.3662109375,2.50244140625
0.3574999,0.9816226959228516,-0.47824180126190186,9.752182006835938,-4.2724609375,-0.30517578125,-1.861572265625
0.3624999,0.9187749028205872,-0.4423287510871887,9.797073364257812,5.462646484375,-0.457763671875,-1.46484375
0.3674999,0.9888052940368652,-0.3794809579849243,9.824606895446777,-0.762939453125,0.67138671875,2.471923828125
0.3724999,1.0001777410507202,-0.4704606235027313,9.807249069213867,-4.57763671875,-0.30517578125,-1.373291015625
0.3774999,0.9726444482803345,-0.3860650360584259,9.858125686645508,-0.091552734375,0.579833984375,2.197265625
0.3824999,0.9786299467086792,-0.47225627303123474,9.783905029296875,-4.791259765625,-0.54931640625,-1.434326171875
0.3874999,0.8864531517028809,-0.4776432514190674,9.768941879272461,4.69970703125,-0.030517578125,-1.434326171875
0.3924999,0.9582792520523071,-0.4118026793003082,9.82759952545166,0.42724609375,0.701904296875,2.25830078125
0.3974999,0.9798270463943481,-0.48063600063323975,9.752182006835938,-5.096435546875,-0.335693359375,-1.251220703125
0.4024999,0.9672574996948242,-0.3770867586135864,9.832387924194336,0.762939453125,0.640869140625,2.166748046875
0.4074999,0.9672574996948242,-0.3770867586135864,9.832387924194336,0.762939453125,0.640869140625,2.166748046875
0.41249990000000003,0.9858125448226929,-0.4471171796321869,9.729436874389648,-5.55419921875,-0.18310546875,-1.068115234375
0.41749990000000003,0.884058952331543,-0.45669397711753845,9.758766174316406,4.21142578125,-0.67138671875,-1.983642578125
0.4224999,0.9678560495376587,-0.36990416049957275,9.78989028930664,1.312255859375,0.518798828125,2.227783203125
0.4274999,0.9911994934082031,-0.45250412821769714,9.710283279418945,-5.645751953125,-0.091552734375,-0.8544921875
0.4324999,0.8918401598930359,-0.4686649739742279,9.752182006835938,4.0283203125,-0.579833984375,-2.166748046875
0.4374999,0.9894038438796997,-0.4423287510871887,9.726444244384766,-5.7373046875,-0.1220703125,-0.30517578125
0.4424999,0.8966285586357117,-0.4554968774318695,9.764153480529785,3.5400390625,-0.54931640625,-2.471923828125
0.4474999,0.973242998123169,-0.37169981002807617,9.791686058044434,1.983642578125,0.579833984375,1.983642578125
0.4524999,0.9923965930938721,-0.45010992884635925,9.725247383117676,-5.828857421875,-0.152587890625,-0.3662109375
0.4574999,0.9127894043922424,-0.48063600063323975,9.765948295593262,3.204345703125,-0.3662109375,-2.50244140625
0.4624999,0.9654618501663208,-0.3992331326007843,9.791088104248047,2.99072265625,0.42724609375,2.01416015625
0.4674999,0.9959878921508789,-0.44592007994651794,9.780912399291992,-5.584716796875,-0.152587890625,-0.091552734375
0.47249990000000003,0.9151836037635803,-0.47824180126190186,9.809642791748047,2.5634765625,-0.640869140625,-2.716064453125
0.47749990000000003,0.9564836025238037,-0.3800795078277588,9.858125686645508,3.021240234375,0.54931640625,1.89208984375
0.4824999,0.9199720025062561,-0.46627077460289,9.802460670471191,2.105712890625,-0.640869140625,-2.532958984375
0.4874999,0.9199720025062561,-0.46627077460289,9.802460670471191,2.105712890625,-0.640869140625,-2.532958984375
0.4924999,0.945111095905304,-0.37648820877075195,9.836577415466309,3.47900390625,0.30517578125,1.739501953125
0.4974999,1.002571940422058,-0.40222588181495667,9.721057891845703,-5.584716796875,0.152587890625,0.762939453125
0.5024999,0.9355342984199524,-0.4728548228740692,9.727641105651855,1.129150390625,-0.701904296875,-3.0517578125
0.5074999,0.9463081955909729,-0.3669114112854004,9.75637149810791,4.45556640625,0.396728515625,1.220703125
0.5124999,1.0157400369644165,-0.40701428055763245,9.732429504394531,-5.4931640625,0.18310546875,1.0986328125
0.5174999,0.9642647504806519,-0.46507367491722107,9.72165584564209,0.54931640625,-0.579833984375,-2.9296875
0.5224999,0.9457096457481384,-0.35494041442871094,9.745597839355469,4.974365234375,0.213623046875,1.007080078125
0.5274999,1.0181342363357544,-0.3884592354297638,9.733627319335938,-4.852294921875,0.091552734375,1.068115234375
0.5324999,0.973242998123169,-0.46148237586021423,9.722254753112793,0.244140625,-0.6103515625,-2.74658203125
0.5374999,0.9259575009346008,-0.3597288131713867,9.747992515563965,4.669189453125,0.457763671875,0.946044921875
0.5424999,1.0073603391647339,-0.3932476341724396,9.755773544311523,-4.547119140625,0.30517578125,1.373291015625
0.5474999,1.003769040107727,-0.395043283700943,9.792284965515137,-4.45556640625,0.457763671875,1.556396484375
0.5524999,1.003769040107727,-0.395043283700943,9.792284965515137,-4.45556640625,0.457763671875,1.556396484375
0.5574999,0.961870551109314,-0.46507367491722107,9.728838920593262,-0.732421875,-0.732421875,-2.685546875
0.5624999,0.8786720037460327,-0.39205053448677063,9.773131370544434,5.2490234375,0.3662109375,0.579833984375
0.5674999000000001,0.9840168952941895,-0.38905778527259827,9.773131370544434,-4.2724609375,0.518798828125,1.617431640625
0.5724999000000001,0.9409212470054626,-0.4578910768032074,9.701305389404297,-1.46484375,-0.42724609375,-2.593994140625
0.5774999000000001,0.8667010068893433,-0.39564183354377747,9.762955665588379,5.828857421875,-0.1220703125,0.335693359375
0.5824999,0.9798270463943481,-0.36750996112823486,9.761159896850586,-3.997802734375,0.335693359375,1.617431640625
0.5874999,0.9421183466911316,-0.43933600187301636,9.706692695617676,-1.953125,-0.396728515625,-2.655029296875
0.5924999,0.8804676532745361,-0.4010287821292877,9.770736694335938,5.767822265625,0,0.06103515625
0.5974999,0.9816226959228516,-0.3519476354122162,9.730035781860352,-3.448486328125,0.152587890625,1.983642578125
0.6024999,0.9720458984375,-0.3555389642715454,9.706692695617676,-2.99072265625,0.457763671875,1.8310546875
0.6074999,0.9469067454338074,-0.45250412821769714,9.654618263244629,-2.685546875,-0.823974609375,-2.288818359375
0.6124999,0.8966285586357117,-0.4537012279033661,9.759963035583496,5.92041015625,-0.06103515625,-0.274658203125
0.6174999,0.9744400978088379,-0.36990416049957275,9.721057891845703,-2.777099609375,0.457763671875,2.13623046875
0.6224999,0.9576807022094727,-0.4710591733455658,9.706093788146973,-3.11279296875,-0.6103515625,-2.3193359375
0.6274999,0.9091981053352356,-0.45190557837486267,9.806650161743164,5.7373046875,-0.335693359375,-0.457763671875
0.6324999,0.9660604000091553,-0.37469255924224854,9.75637149810791,-2.288818359375,0.48828125,2.3193359375
0.6374999,0.9564836025238037,-0.48961424827575684,9.723451614379883,-3.387451171875,-0.48828125,-2.13623046875
0.6424999,0.8852560520172119,-0.46088382601737976,9.785700798034668,5.79833984375,-0.213623046875,-0.762939453125
0.6474999,0.9546879529953003,-0.38546648621559143,9.734225273132324,-1.77001953125,0.48828125,2.13623046875
0.6524999,0.9522937536239624,-0.4884171485900879,9.712079048156738,-4.180908203125,-0.335693359375,-1.983642578125
0.6574999,0.8942343592643738,-0.4578910768032074,9.737217903137207,5.31005859375,-0.42724609375,-1.15966796875
0.6624999,0.9786299467086792,-0.4082113802433014,9.788095474243164,-0.91552734375,0.946044921875,2.44140625
0.6674999,0.99479079246521,-0.4800374507904053,9.79647445678711,-4.425048828125,0.213623046875,-1.5869140625
0.6724999,0.9205705523490906,-0.4513070285320282,9.820416450500488,5.157470703125,-0.518798828125,-1.495361328125
0.6774999,0.9774328470230103,-0.375291109085083,9.841365814208984,-0.9765625,-0.213623046875,2.44140625
0.6824999,0.9870096445083618,-0.4644751250743866,9.7791166305542,-3.997802734375,-0.79345703125,-1.312255859375
0.6874999,0.910993754863739,-0.4465186297893524,9.749788284301758,4.913330078125,0.06103515625,-1.922607421875
0.6924999000000001,0.9965864419937134,-0.37828385829925537,9.84376049041748,0.42724609375,1.007080078125,1.89208984375
0.6974999000000001,1.0145429372787476,-0.44173020124435425,9.77791976928711,-5.035400390625,-0.42724609375,-1.220703125
0.7024999000000001,0.9050082564353943,-0.4321534037590027,9.780313491821289,4.45556640625,-0.30517578125,-0.823974609375
0.7074999,0.9690531492233276,-0.424970805644989,9.747992515563965,-6.2255859375,0.030517578125,-1.800537109375
0.7124999,0.8487445116043091,-0.46327802538871765,9.754576683044434,4.486083984375,-1.0986328125,-1.64794921875
0.7174999,0.9367313981056213,-0.3926490843296051,9.78989028930664,1.495361328125,0.091552734375,3.0517578125
0.7224999,0.9403226971626282,-0.49559974670410156,9.658209800720215,-5.035400390625,-0.30517578125,-0.79345703125
0.7274999,0.8583213090896606,-0.5135562419891357,9.671378135681152,4.364013671875,-0.54931640625,-2.74658203125
0.7324999,0.9588778018951416,-0.40282443165779114,9.727043151855469,2.13623046875,0.54931640625,2.5634765625
0.7374999,0.9983820915222168,-0.46746787428855896,9.683947563171387,-5.279541015625,-0.152587890625,-0.18310546875
0.7424999,0.9229647517204285,-0.4513070285320282,9.731831550598145,3.5400390625,-0.244140625,-2.105712890625
0.7474999,0.9911994934082031,-0.3357867896556854,9.761758804321289,2.105712890625,0.579833984375,2.349853515625
0.7524999,1.0121487379074097,-0.424970805644989,9.716269493103027,-6.2255859375,-0.213623046875,-0.274658203125
0.7574999,0.9427168965339661,-0.4345476031303406,9.695320129394531,3.35693359375,-0.9765625,-0.946044921875
0.7624999,0.9953893423080444,-0.35733461380004883,9.683348655700684,2.74658203125,0.213623046875,4.82177734375
0.7674999,0.9816226959228516,-0.7745242714881897,9.658209800720215,6.9580078125,1.556396484375,6.195068359375
0.7724999,0.9744400978088379,-0.5410895943641663,10.030508041381836,-0.640869140625,0.48828125,12.054443359375
0.7774999,0.9331400990486145,-0.7344213724136353,9.874286651611328,-3.265380859375,-0.518798828125,6.8359375
0.7824999,0.7374141216278076,-0.8684966564178467,9.932345390319824,12.939453125,-2.99072265625,16.937255859375
0.7874999,0.7721300721168518,-1.0336965322494507,9.941922187805176,-0.54931640625,-5.035400390625,18.585205078125
0.7924999,0.5303156971931458,-1.7094600200653076,9.404424667358398,24.871826171875,-4.150390625,31.890869140625
0.7974999,0.5141547918319702,-1.8471266031265259,10.116100311279297,7.9345703125,-8.453369140625,35.21728515625
0.8024999,0.2795230448246002,-2.0883424282073975,9.421782493591309,31.1279296875,1.068115234375,41.68701171875
0.8074999,0.22026655077934265,-1.8555063009262085,10.254964828491211,8.392333984375,-12.115478515625,36.0107421875
0.8124999,3.2136173248291016,1.5885528326034546,9.510367393493652,2.50244140625,19.989013671875,-11.138916015625
0.8174999000000001,3.1681272983551025,0.30705636739730835,9.682151794433594,-30.70068359375,27.557373046875,-13.61083984375
0.8224999000000001,2.739565372467041,-1.0199298858642578,9.938929557800293,-26.275634765625,31.219482421875,8.97216796875
0.8274999000000001,2.034472942352295,-1.92134690284729,10.041281700134277,8.453369140625,16.4794921875,-3.7841796875
0.8324999000000001,1.2156559228897095,-2.5695769786834717,9.870695114135742,-14.22119140625,14.58740234375,-9.33837890625
0.8374999,-0.31783026456832886,-2.7006595134735107,9.45410442352295,12.451171875,-2.227783203125,-11.627197265625
0.8424999,-0.6404489278793335,-2.230797529220581,9.362525939941406,-1.28173828125,0.18310546875,-3.753662109375
0.8474999,-0.6189011335372925,-1.5053542852401733,9.625887870788574,29.144287109375,-10.040283203125,1.373291015625
0.8524999,-0.2621650993824005,-0.6667851805686951,9.654618263244629,-11.260986328125,-6.439208984375,-11.260986328125
0.8574999,0.2795230448246002,0.03890577703714371,10.05923843383789,1.28173828125,-3.60107421875,4.57763671875
0.8624999,0.7936778664588928,0.5159504413604736,10.097545623779297,14.068603515625,-12.115478515625,-3.2958984375
0.8674999,1.259350061416626,0.7493851184844971,9.926360130310059,-28.839111328125,4.119873046875,-2.349853515625
0.8724999,1.4778209924697876,0.4734533727169037,10.069414138793945,14.6484375,-3.143310546875,8.453369140625
0.8774999,1.5454572439193726,0.21607670187950134,9.725247383117676,-4.33349609375,-2.38037109375,-6.53076171875
0.8824999,1.260547161102295,-0.6877344250679016,9.746196746826172,24.078369140625,-7.232666015625,0.274658203125
0.8874999,1.1342530250549316,-0.8044517636299133,9.497200012207031,-18.646240234375,5.31005859375,-7.293701171875
0.8924999,0.8768763542175293,-0.7936778664588928,9.676166534423828,7.904052734375,-6.011962890625,-8.758544921875
0.8974999,0.8744821548461914,-0.6003460884094238,9.727641105651855,-17.974853515625,9.033203125,1.312255859375
0.9024999,0.812831461429596,-0.45848962664604187,9.942521095275879,23.74267578125,-7.32421875,2.01416015625
0.9074999,0.8816647529602051,-0.20231004059314728,9.657012939453125,-20.3857421875,2.9296875,-6.4697265625
0.9124999,0.9289502501487732,-0.20769700407981873,9.978434562683105,6.011962890625,1.708984375,8.11767578125
0.9174999,0.9265560507774353,-0.20111294090747833,9.79288387298584,6.591796875,-7.415771484375,-6.622314453125
0.9224999,0.9911994934082031,-0.2585737705230713,9.746196746826172,-20.08056640625,8.544921875,2.8076171875
0.9274999,0.9301473498344421,-0.4578910768032074,9.843161582946777,23.712158203125,-8.270263671875,1.373291015625
0.9324999,0.9917980432510376,-0.4225766062736511,9.501988410949707,-18.98193359375,3.082275390625,-6.561279296875
0.9374999,1.0007762908935547,-0.5578489899635315,9.800065994262695,10.009765625,1.678466796875,7.14111328125
0.9424999000000001,0.99479079246521,-0.4878185987472534,9.605537414550781,3.265380859375,-5.706787109375,-8.48388671875
0.9474999000000001,1.0761936902999878,-0.45848962664604187,9.748590469360352,-13.824462890625,9.002685546875,4.150390625
0.9524999000000001,0.9421183466911316,-0.31184476613998413,9.631275177001953,-8.026123046875,-2.62451171875,-8.23974609375
0.9574999000000001,0.9870096445083618,-0.34835633635520935,9.868300437927246,-3.7841796875,6.866455078125,7.2021484375
0.9624999,0.9068039059638977,-0.43035775423049927,9.780313491821289,13.519287109375,-8.148193359375,-5.37109375
0.9674999,0.9882067441940308,-0.39624038338661194,9.691728591918945,-19.927978515625,8.23974609375,1.373291015625
0.9724999,0.9115923047065735,-0.5117605924606323,9.858125686645508,22.15576171875,-6.16455078125,1.64794921875
0.9774999,0.9115923047065735,-0.5117605924606323,9.858125686645508,22.15576171875,-6.16455078125,1.64794921875
0.9824999,0.9433154463768005,-0.4165911078453064,9.53849983215332,-19.22607421875,2.716064453125,-5.43212890625
0.9874999,0.9475052952766418,-0.4854243993759155,9.88386344909668,12.969970703125,0.823974609375,6.744384765625
0.9924999,0.9295487999916077,-0.4141969084739685,9.606135368347168,-4.0283203125,-4.608154296875,-8.30078125
0.9974999,1.0259153842926025,-0.39564183354377747,9.870695114135742,-5.615234375,6.988525390625,6.77490234375
1.0024999,0.9744400978088379,-0.39863458275794983,9.699509620666504,4.94384765625,-7.32421875,-7.659912109375
1.0074999000000002,1.048660397529602,-0.32680854201316833,9.79647445678711,-11.8408203125,7.781982421875,5.340576171875
1.0124999000000001,0.943913996219635,-0.44352585077285767,9.778518676757812,16.754150390625,-7.659912109375,-3.936767578125
1.0174999000000002,1.0109516382217407,-0.37648820877075195,9.667786598205566,-19.71435546875,6.34765625,0.8544921875
1.0224999000000001,0.9361328482627869,-0.48303020000457764,9.899425506591797,20.6298828125,-4.8828125,1.15966796875
1.0274999,0.9696516990661621,-0.42856210470199585,9.576807022094727,-19.4091796875,2.288818359375,-3.814697265625
1.0324999000000001,0.9714473485946655,-0.38127660751342773,9.563638687133789,-12.237548828125,-2.288818359375,-7.080078125
1.0374999,0.9941922426223755,-0.38307225704193115,9.940725326538086,7.171630859375,4.180908203125,7.293701171875
1.0424999000000001,0.9391255974769592,-0.47405192255973816,9.804255485534668,15.625,-6.4697265625,-3.875732421875
1.0474999,1.0223240852355957,-0.38965633511543274,9.697713851928711,-17.9443359375,5.645751953125,1.556396484375
1.0524999000000002,0.9229647517204285,-0.5009866952896118,9.914389610290527,19.073486328125,-4.21142578125,-0.6103515625
1.0574999,0.9510966539382935,-0.4255693554878235,9.641449928283691,-19.256591796875,3.11279296875,-1.495361328125
1.0624999000000002,0.9080010056495667,-0.45489832758903503,9.939528465270996,18.524169921875,-1.77001953125,2.38037109375
1.0674999,0.9217676520347595,-0.4040215313434601,9.557653427124023,-17.059326171875,0.42724609375,-4.33349609375
1.0724999000000002,0.9684545993804932,-0.41958385705947876,9.53969669342041,-12.908935546875,-2.0751953125,-6.103515625
1.0774999,0.9654618501663208,-0.4207809567451477,9.895236015319824,10.345458984375,2.74658203125,6.317138671875
1.0824999000000002,0.9989806413650513,-0.4183867573738098,9.577404975891113,-7.6904296875,-3.72314453125,-7.171630859375
1.0874999,0.9917980432510376,-0.3908534348011017,9.911994934082031,4.7607421875,4.33349609375,7.110595703125
1.0924999000000002,1.002571940422058,-0.40880993008613586,9.68274974822998,-2.197265625,-5.096435546875,-7.659912109375
1.0974999,1.0181342363357544,-0.363918662071228,9.931747436523438,-0.457763671875,5.18798828125,7.01904296875
1.1024999000000002,0.9702502489089966,-0.4381389021873474,9.746794700622559,3.143310546875,-5.43212890625,-7.354736328125
1.1074999,1.0205284357070923,-0.38307225704193115,9.874884605407715,-5.035400390625,5.462646484375,6.439208984375
1.1124999000000002,0.9181763529777527,-0.49140989780426025,9.713275909423828,6.805419921875,-5.67626953125,-6.500244140625
1.1174999,1.004966139793396,-0.3705027103424072,9.773131370544434,-8.758544921875,5.4931640625,5.615234375
1.1224999000000002,0.9091981053352356,-0.507570743560791,9.704896926879883,10.162353515625,-5.340576171875,-5.767822265625
1.1274999,1.0169371366500854,-0.3429693877696991,9.725247383117676,-11.5966796875,4.82177734375,4.8828125
1.1324999000000002,0.9253589510917664,-0.46567222476005554,9.795876502990723,13.824462890625,-4.21142578125,-3.936767578125
1.1374999000000001,1.028908133506775,-0.3256114423274994,9.706692695617676,-14.495849609375,4.119873046875,2.960205078125
1.1424999000000002,0.9259575009346008,-0.4902127981185913,9.86650562286377,14.892578125,-3.72314453125,-3.021240234375
1.1474999000000001,0.9977835416793823,-0.3776853084564209,9.731831550598145,-15.19775390625,3.35693359375,2.227783203125
1.1524999000000002,0.9241618514060974,-0.5285200476646423,9.889848709106445,15.411376953125,-3.23486328125,-2.593994140625
1.1574999000000001,0.9965864419937134,-0.42616790533065796,9.750985145568848,-15.350341796875,3.0517578125,1.800537109375
1.1624999,0.9373299479484558,-0.5153518915176392,9.882067680358887,15.5029296875,-2.99072265625,-2.13623046875
1.1674999000000001,1.013944387435913,-0.41359832882881165,9.715071678161621,-15.625,2.86865234375,1.52587890625
1.1724999,0.9516952037811279,-0.4602852761745453,9.847352027893066,15.533447265625,-2.593994140625,-1.77001953125
1.1774999000000002,1.0319008827209473,-0.3645172119140625,9.689932823181152,-15.350341796875,2.62451171875,1.3427734375
1.1824999,0.9642647504806519,-0.4189853072166443,9.82999324798584,15.380859375,-2.593994140625,-1.953125
1.1874999000000002,0.9283517003059387,-0.4578910768032074,9.816825866699219,14.46533203125,-2.655029296875,-2.3193359375
1.1924999,1.0097545385360718,-0.3345896899700165,9.683947563171387,-14.068603515625,2.777099609375,2.25830078125
1.1974999000000002,0.9020155072212219,-0.4620809257030487,9.786299705505371,13.671875,-2.5634765625,-2.86865234375
1.2024999,0.9074024558067322,-0.44532153010368347,9.750985145568848,12.5732421875,-2.99072265625,-3.41796875
1.2074999000000002,1.0360907316207886,-0.27712884545326233,9.709086418151855,-11.8408203125,2.9296875,3.35693359375
1.2124999,0.9277531504631042,-0.4776432514190674,9.75397777557373,11.04736328125,-3.173828125,-4.302978515625
1.2174999000000002,1.0109516382217407,-0.30705636739730835,9.740809440612793,-9.8876953125,3.173828125,4.241943359375
1.2224999,0.9169792532920837,-0.5129576921463013,9.767146110534668,8.7890625,-3.2958984375,-4.852294921875
1.2274999000000002,0.9959878921508789,-0.3274070918560028,9.784503936767578,-7.8125,3.47900390625,4.913330078125
1.2324999,0.9510966539382935,-0.48303020000457764,9.746196746826172,3.143310546875,-3.448486328125,-6.28662109375
1.2374999000000002,0.9648633003234863,-0.3585317134857178,9.899425506591797,-1.495361328125,3.387451171875,6.103515625
1.2424999,0.9487023949623108,-0.4728548228740692,9.698312759399414,-0.54931640625,-3.143310546875,-6.439208984375
1.2474999000000002,0.9385270476341248,-0.39803603291511536,9.90361499786377,2.38037109375,3.0517578125,5.889892578125
1.2524999,0.9498994946479797,-0.45190557837486267,9.650428771972656,-4.241943359375,-2.899169921875,-6.317138671875
1.2574999000000002,0.943913996219635,-0.36750996112823486,9.898228645324707,6.103515625,2.62451171875,5.462646484375
1.2624999000000001,0.9774328470230103,-0.39205053448677063,9.617507934570312,-7.965087890625,-2.38037109375,-5.462646484375
1.2674999000000002,0.9385270476341248,-0.32381579279899597,9.855731010437012,9.735107421875,1.708984375,4.486083984375
1.2724999000000001,0.9768342971801758,-0.37648820877075195,9.563638687133789,-11.077880859375,-1.617431640625,-4.39453125
1.2774999000000002,0.9235633015632629,-0.3489548861980438,9.828198432922363,12.298583984375,0.8544921875,3.082275390625
1.2824999000000001,0.9971849918365479,-0.44771572947502136,9.622895240783691,-13.031005859375,-0.579833984375,-2.44140625
1.2874999,0.9792284965515137,-0.5273229479789734,9.855731010437012,13.092041015625,-1.434326171875,-1.220703125
1.2924999000000001,1.0833762884140015,-0.4255693554878235,9.770736694335938,-12.0849609375,1.678466796875,1.953125
1.2974999,0.9678560495376587,-0.5183446407318115,9.789292335510254,10.467529296875,-1.953125,-3.448486328125
1.3024999000000002,1.048660397529602,-0.28550854325294495,9.690531730651855,-8.514404296875,2.44140625,3.96728515625
1.3074999,0.950498104095459,-0.4752490520477295,9.661202430725098,5.889892578125,-2.5634765625,-5.06591796875
1.3124999000000002,0.9720458984375,-0.2902969419956207,9.715071678161621,-3.021240234375,2.50244140625,5.31005859375
1.3174999,0.9445125460624695,-0.47165772318840027,9.605537414550781,-0.1220703125,-2.5634765625,-5.9814453125
1.3224999000000002,0.9391255974769592,-0.37648820877075195,9.85034465789795,2.99072265625,2.3193359375,5.218505859375
1.3274999,0.9564836025238037,-0.47165772318840027,9.63187313079834,-5.7373046875,-2.044677734375,-5.67626953125
1.3324999000000002,0.933738648891449,-0.3884592354297638,9.921571731567383,8.697509765625,1.678466796875,4.45556640625
1.3374999,1.0013748407363892,-0.4100070297718048,9.660005569458008,-10.650634765625,-1.40380859375,-3.72314453125
1.3424999000000002,1.0546458959579468,-0.40043023228645325,9.703699111938477,-12.298583984375,0.48828125,-1.373291015625
1.3474999,0.9624691009521484,-0.40282443165779114,9.82759952545166,12.3291015625,-0.30517578125,-0.8544921875
1.3524999000000002,1.0540473461151123,-0.36750996112823486,9.778518676757812,-11.04736328125,1.15966796875,1.861572265625
1.3574999,0.9373299479484558,-0.4926069974899292,9.79647445678711,8.7890625,-1.861572265625,-3.47900390625
1.3624999000000002,0.9307458996772766,-0.3818751573562622,9.832387924194336,1.007080078125,2.166748046875,5.157470703125
1.3674999,0.9145850539207458,-0.5081692934036255,9.604340553283691,-4.425048828125,-2.166748046875,-5.523681640625
1.3724999000000002,0.8912416100502014,-0.42616790533065796,9.854534149169922,7.904052734375,1.64794921875,4.241943359375
1.3774999,0.9726444482803345,-0.44831427931785583,9.632472038269043,-9.765625,-1.0986328125,-3.5400390625
1.3824999000000002,0.9115923047065735,-0.3734954595565796,9.819818496704102,11.65771484375,0.42724609375,1.739501953125
1.3874999000000001,1.0342950820922852,-0.3621230125427246,9.725247383117676,-11.810302734375,0.152587890625,-0.640869140625
1.3924999000000002,0.9594763517379761,-0.40880993008613586,9.806650161743164,10.80322265625,-1.129150390625,-1.708984375
1.3974999000000001,1.0456676483154297,-0.2944868206977844,9.77672290802002,-9.09423828125,1.5869140625,2.899169921875
1.4024999000000002,0.9810241460800171,-0.48602294921875,9.765350341796875,5.340576171875,-1.708984375,-4.5166015625
1.4074999000000001,1.006163239479065,-0.3250128924846649,9.816825866699219,-1.708984375,1.983642578125,4.638671875
1.4124999,0.9630676507949829,-0.4920084476470947,9.676764488220215,-2.197265625,-1.922607421875,-5.462646484375
1.4174999000000001,0.9229647517204285,-0.3818751573562622,9.868300437927246,6.317138671875,1.708984375,4.547119140625
1.4224999,0.9959878921508789,-0.43933600187301636,9.672574996948242,-8.880615234375,-1.007080078125,-3.875732421875
1.4274999000000002,0.9074024558067322,-0.37169981002807617,9.838972091674805,10.92529296875,0.579833984375,1.64794921875
1.4324999,1.0319008827209473,-0.37828385829925537,9.740211486816406,-11.5966796875,0.30517578125,-0.30517578125
1.4374999000000002,0.9074024558067322,-0.44532153010368347,9.797672271728516,10.1318359375,-0.8544921875,-1.64794921875
1.4424999,0.9894038438796997,-0.32860419154167175,9.79527759552002,-7.843017578125,1.46484375,3.082275390625
1.4474999000000002,0.8954314589500427,-0.5231330990791321,9.730035781860352,3.96728515625,-1.922607421875,-4.669189453125
1.4524999,0.912190854549408,-0.4926069974899292,9.64683723449707,-4.57763671875,-1.739501953125,-4.7607421875
1.4574999000000002,0.9133879542350769,-0.38546648621559143,9.872490882873535,8.4228515625,1.0986328125,3.5400390625
1.4624999,1.015141487121582,-0.4159925580024719,9.661202430725098,-10.43701171875,-0.640869140625,-2.471923828125
1.4674999000000002,0.9588778018951416,-0.36332011222839355,9.80904483795166,10.833740234375,-0.06103515625,0.213623046875
1.4724999,1.1001356840133667,-0.3124433159828186,9.739013671875,-10.07080078125,0.8544921875,1.52587890625
1.4774999000000002,1.013944387435913,-0.42856210470199585,9.73781681060791,6.805419921875,-1.46484375,-3.448486328125
1.4824999,1.0420763492584229,-0.28550854325294495,9.80904483795166,-3.082275390625,1.617431640625,4.2724609375
1.4874999000000002,0.9750386476516724,-0.4920084476470947,9.673172950744629,-1.800537109375,-1.861572265625,-5.035400390625
1.4924999,0.9307458996772766,-0.35913026332855225,9.867103576660156,6.103515625,1.46484375,3.997802734375
1.4974999000000002,0.9894038438796997,-0.456095427274704,9.692327499389648,-9.21630859375,-0.732421875,-3.2958984375
1.5024999,0.8924387097358704,-0.4016273319721222,9.860519409179688,10.955810546875,0.030517578125,0.885009765625
1.5074999000000002,1.0307037830352783,-0.375291109085083,9.783905029296875,-10.101318359375,0.579833984375,0.823974609375
1.5124999000000001,0.9181763529777527,-0.5279214978218079,9.668983459472656,-1.495361328125,-1.708984375,-4.82177734375
1.5174999000000002,0.9050082564353943,-0.3555389642715454,9.854534149169922,5.92041015625,1.40380859375,3.84521484375
1.5224999000000001,0.9846154451370239,-0.4507084786891937,9.673771858215332,-8.97216796875,-0.640869140625,-2.8076171875
1.5274999000000002,0.9044097065925598,-0.3597288131713867,9.828198432922363,10.650634765625,0.06103515625,0.762939453125
1.5324999000000001,1.0504560470581055,-0.31783026456832886,9.752182006835938,-9.552001953125,0.42724609375,1.007080078125
1.5374999000000003,0.9612720012664795,-0.40880993008613586,9.746794700622559,6.744384765625,-1.251220703125,-3.41796875
1.5424999000000001,0.9977835416793823,-0.2711433470249176,9.823410034179688,-2.25830078125,1.46484375,4.08935546875
1.5474999,0.950498104095459,-0.4794389009475708,9.678560256958008,-2.777099609375,-1.373291015625,-4.791259765625
1.5524999000000002,0.9205705523490906,-0.34177228808403015,9.86231517791748,6.9580078125,1.0986328125,3.0517578125
1.5574999,0.9840168952941895,-0.4495113790035248,9.642048835754395,-9.857177734375,-0.48828125,-1.89208984375
1.5624999000000002,0.9163807034492493,-0.4345476031303406,9.77133560180664,10.345458984375,-0.152587890625,-0.518798828125
1.5674999,0.9600749015808105,-0.5285200476646423,9.671378135681152,4.0283203125,-1.434326171875,-4.08935546875
1.5724999000000002,0.9965864419937134,-0.3321954905986786,9.82879638671875,1.28173828125,1.220703125,4.0283203125
1.5774999,1.0157400369644165,-0.5446808934211731,9.692925453186035,-6.16455078125,-1.15966796875,-3.96728515625
1.5824999000000002,0.9157821536064148,-0.38726213574409485,9.84495735168457,9.521484375,0.579833984375,1.983642578125
1.5874999,1.0480618476867676,-0.414795458316803,9.768941879272461,-10.162353515625,0.1220703125,-0.18310546875
1.5924999000000002,0.9139865040779114,-0.4489128291606903,9.77791976928711,8.056640625,-0.885009765625,-2.38037109375
1.5974999,0.9989806413650513,-0.29149407148361206,9.835979461669922,-3.936767578125,1.3427734375,3.570556640625
1.6024999000000002,0.9235633015632629,-0.3280056416988373,9.874286651611328,6.2255859375,0.946044921875,3.23486328125
1.6074999,0.9235633015632629,-0.3280056416988373,9.874286651611328,6.2255859375,0.946044921875,3.23486328125
1.6124999000000002,0.9846154451370239,-0.45010992884635925,9.64683723449707,-9.246826171875,-0.67138671875,-2.13623046875
1.6174999,0.921169102191925,-0.41539400815963745,9.791088104248047,9.796142578125,-0.30517578125,-0.42724609375
1.6224999000000002,1.037886381149292,-0.5105634927749634,9.727641105651855,-7.110595703125,-0.91552734375,-3.173828125
1.6274999,1.037886381149292,-0.5105634927749634,9.727641105651855,-7.110595703125,-0.91552734375,-3.173828125
1.6324999000000002,0.912190854549408,-0.3944447338581085,9.854534149169922,9.521484375,0.30517578125,0.823974609375
1.6374999000000001,1.036689281463623,-0.38965633511543274,9.776124000549316,-9.124755859375,0.54931640625,0.823974609375
1.6424999000000002,0.9014169573783875,-0.4620809257030487,9.746794700622559,5.9814453125,-0.9765625,-3.204345703125
1.6474999000000001,0.9510966539382935,-0.29388827085494995,9.815030097961426,-0.6103515625,1.312255859375,3.753662109375
1.6524999000000002,0.9642647504806519,-0.5135562419891357,9.68574333190918,-4.791259765625,-1.03759765625,-3.875732421875
1.6574999000000001,0.8972271084785461,-0.33518823981285095,9.817423820495605,8.48388671875,0.54931640625,2.044677734375
1.6624999000000003,1.039083480834961,-0.4106055796146393,9.72165584564209,-9.70458984375,0.152587890625,-0.18310546875
1.6674999000000001,0.9271546006202698,-0.4465186297893524,9.740809440612793,7.6904296875,-0.79345703125,-2.50244140625
1.6724999,1.0019733905792236,-0.31184476613998413,9.800664901733398,-2.74658203125,0.9765625,3.47900390625
1.6774999000000002,1.0007762908935547,-0.33339259028434753,9.825204849243164,-3.997802734375,0.885009765625,3.11279296875
1.6824999,0.9475052952766418,-0.49619829654693604,9.684545516967773,-1.007080078125,-1.190185546875,-4.08935546875
1.6874999000000002,0.9487023949623108,-0.3274070918560028,9.812037467956543,6.28662109375,0.762939453125,2.8076171875
1.6924999,1.002571940422058,-0.44173020124435425,9.701305389404297,-8.941650390625,-0.3662109375,-1.129150390625
1.6974999000000002,1.0247182846069336,-0.3357867896556854,9.814431190490723,-4.33349609375,0.762939453125,2.899169921875
1.7024999,0.9666589498519897,-0.4710591733455658,9.712677955627441,-1.251220703125,-1.007080078125,-4.180908203125
1.7074999000000002,0.9672574996948242,-0.3082534670829773,9.84495735168457,6.40869140625,0.79345703125,2.716064453125
1.7124999,1.0229226350784302,-0.42197805643081665,9.73781681060791,-8.97216796875,-0.091552734375,-0.885009765625
1.7174999000000002,0.9355342984199524,-0.4531026780605316,9.767146110534668,7.781982421875,-0.48828125,-2.044677734375
1.7224999,1.0109516382217407,-0.3687070608139038,9.802460670471191,-3.814697265625,1.03759765625,3.265380859375
1.7274999000000002,0.9702502489089966,-0.5315127968788147,9.68574333190918,-2.38037109375,-0.9765625,-3.96728515625
1.7324999,0.9271546006202698,-0.3645172119140625,9.79527759552002,7.049560546875,0.6103515625,2.0751953125
1.7374999000000002,1.0241197347640991,-0.4381389021873474,9.716269493103027,-8.85009765625,-0.152587890625,-0.335693359375
1.7424999,0.9379284977912903,-0.4578910768032074,9.733627319335938,7.14111328125,-0.640869140625,-2.471923828125
1.7474999000000002,1.0097545385360718,-0.3280056416988373,9.782109260559082,-1.89208984375,0.9765625,3.11279296875
1.7524999,1.0235211849212646,-0.5267243981361389,9.6803560256958,-3.60107421875,-0.946044921875,-3.662109375
1.7574999000000002,0.8661024570465088,-0.4926069974899292,9.743204116821289,5.645751953125,-0.732421875,-3.082275390625
1.7624999000000001,0.9391255974769592,-0.3232172429561615,9.822811126708984,-0.030517578125,1.007080078125,3.35693359375
1.7674999000000002,0.9923965930938721,-0.4387374520301819,9.706692695617676,-5.615234375,-0.732421875,-2.960205078125
1.7724999000000001,0.9397241473197937,-0.29388827085494995,9.80904483795166,8.575439453125,0.18310546875,0.67138671875
1.7774999000000002,1.0935516357421875,-0.2950853705406189,9.771934509277344,-7.62939453125,0.54931640625,1.03759765625
1.7824999000000001,0.9666589498519897,-0.4339490532875061,9.725247383117676,3.2958984375,-0.823974609375,-3.60107421875
1.7874999000000003,0.9804255962371826,-0.33518823981285095,9.854534149169922,2.50244140625,0.8544921875,3.35693359375
1.7924999000000001,0.9840168952941895,-0.5309142470359802,9.644442558288574,-7.232666015625,-0.6103515625,-2.349853515625
1.7974999,0.8834604024887085,-0.4812345504760742,9.781511306762695,8.209228515625,-0.091552734375,-0.762939453125
1.8024999000000002,0.9660604000091553,-0.4124012291431427,9.716269493103027,-5.79833984375,0.579833984375,2.197265625
1.8074999,0.8846575021743774,-0.5410895943641663,9.697115898132324,0.152587890625,-0.79345703125,-3.753662109375
1.8124999000000002,0.9965864419937134,-0.3597288131713867,9.819818496704102,-2.86865234375,0.8544921875,2.960205078125
1.8174999,1.0283095836639404,-0.5111620426177979,9.712079048156738,-3.173828125,-0.8544921875,-3.47900390625
1.8224999000000002,0.9217676520347595,-0.34596213698387146,9.775525093078613,7.26318359375,0.091552734375,1.52587890625
1.8274999,1.01753568649292,-0.40880993008613586,9.659406661987305,-8.697509765625,-0.457763671875,0.457763671875
1.8324999000000002,0.8900445103645325,-0.48243165016174316,9.730634689331055,4.791259765625,-0.396728515625,-2.838134765625
1.8374999,0.933738648891449,-0.3992331326007843,9.923966407775879,2.197265625,3.448486328125,3.448486328125
1.8424999000000002,0.9510966539382935,-0.4866214990615845,9.785101890563965,-8.544921875,-1.251220703125,-2.655029296875
1.8474999,0.8571242094039917,-0.4854243993759155,9.861717224121094,8.331298828125,-1.983642578125,0.30517578125
1.8524999000000002,0.9295487999916077,-0.39863458275794983,9.728838920593262,-3.72314453125,-0.579833984375,3.143310546875
1.8574999,0.8720879554748535,-0.5416881442070007,9.613917350769043,0.885009765625,-0.213623046875,-3.5400390625
1.8624999000000002,-0.10833762586116791,-2.567182779312134,6.582857608795166,-60.48583984375,-10.833740234375,134.735107421875
1.8674999,-0.5321113467216492,-4.010886192321777,5.166088581085205,38.970947265625,-9.674072265625,192.0166015625
1.8724999000000002,-2.9484593868255615,-6.223727226257324,5.873575210571289,93.505859375,-22.491455078125,252.25830078125
1.8774999,-5.032013416290283,-8.7298583984375,5.9340291023254395,235.626220703125,-23.040771484375,388.031005859375
1.8824999000000002,-7.305307865142822,-10.343549728393555,4.57112979888916,226.470947265625,-16.9677734375,362.701416015625
1.8874999000000001,-8.066065788269043,-10.532691955566406,2.935889720916748,174.468994140625,-108.70361328125,242.49267578125
1.8924999000000002,-6.418854713439941,-8.730456352233887,0.2735375463962555,26.0009765625,-118.95751953125,150.20751953125
1.8974999000000001,-2.938283920288086,-5.2684407234191895,-0.6200982332229614,-33.050537109375,-65.155029296875,128.082275390625
1.9024999000000002,4.081515312194824,4.1210198402404785,2.0231003761291504,24.383544921875,13.458251953125,162.689208984375
1.9074999000000001,6.033388137817383,8.055890083312988,3.709217071533203,17.02880859375,-14.007568359375,123.35205078125
1.9124999000000003,6.63433313369751,10.96304988861084,5.494692802429199,1.495361328125,-35.94970703125,88.8671875
1.9174999000000001,5.989694118499756,12.302006721496582,6.524798393249512,-12.420654296875,-42.266845703125,43.76220703125
1.9224999,5.006275653839111,12.635997772216797,7.547122478485107,-19.59228515625,-35.15625,-21.484375
1.9274999000000002,4.2957963943481445,12.056601524353027,8.254010200500488,-26.336669921875,-8.9111328125,-88.2568359375
1.9324999,3.8492777347564697,10.866683006286621,8.47786808013916,-25.543212890625,17.852783203125,-152.89306640625
1.9374999000000002,4.14795446395874,9.479243278503418,8.699930191040039,-24.2919921875,44.036865234375,-197.75390625
1.9424999,4.32991361618042,7.937376976013184,8.13908863067627,-32.5927734375,58.441162109375,-217.987060546875
1.9474999000000002,4.525041103363037,6.287772178649902,7.706336498260498,-45.928955078125,62.042236328125,-217.987060546875
1.9524999,4.636970043182373,4.8602294921875,7.425017833709717,-48.52294921875,62.43896484375,-207.51953125
1.9574999000000002,4.544793605804443,3.49314022064209,7.494450092315674,-45.806884765625,65.093994140625,-185.60791015625
1.9624999,4.018068790435791,0.9858125448226929,9.251194953918457,-7.75146484375,50.018310546875,-129.69970703125
1.9674999000000002,3.442263603210449,-0.02753331884741783,9.931747436523438,-3.448486328125,22.125244140625,-101.5625
1.9724999,2.889801502227783,-0.800261914730072,10.476428031921387,-3.814697265625,3.7841796875,-73.089599609375
1.9774999000000002,2.364872694015503,-1.3066356182098389,10.524910926818848,-2.38037109375,-3.96728515625,-42.90771484375
1.9824999,2.0219032764434814,-1.632246971130371,10.26394271850586,-5.9814453125,-11.16943359375,-12.908935546875
1.9874999000000002,1.8896236419677734,-1.6843209266662598,10.0580415725708,-5.767822265625,-15.93017578125,9.765625
1.9924999,1.8692729473114014,-1.6615760326385498,9.92097282409668,-2.5634765625,-21.575927734375,21.17919921875
1.9974999000000002,1.8579005002975464,-1.4844050407409668,9.84615421295166,0.8544921875,-20.99609375,19.71435546875
2.0024999,1.259350061416626,0.23044191300868988,9.5809965133667,0.396728515625,13.824462890625,1.617431640625
2.0074999,1.0893617868423462,0.23343466222286224,9.759963035583496,0.152587890625,8.941650390625,3.082275390625
2.0124999000000003,0.8960300087928772,0.14844051003456116,9.888052940368652,0.457763671875,5.43212890625,5.4931640625
2.0174999000000002,0.7649474143981934,0.11192893236875534,9.940725326538086,0.48828125,0.335693359375,6.866455078125
2.0224999,0.6769605278968811,-0.04668693244457245,9.968857765197754,1.251220703125,-3.41796875,8.48388671875
2.0274999,0.6733692288398743,-0.058059390634298325,9.931747436523438,0.79345703125,-3.936767578125,9.1552734375
2.0324999000000004,0.7003039717674255,-0.08619125932455063,9.895236015319824,-0.396728515625,-5.157470703125,7.781982421875
2.0374999000000003,0.778714120388031,-0.11671733111143112,9.813833236694336,0.640869140625,-2.410888671875,5.889892578125
2.0424999,0.8589198589324951,-0.09277531504631042,9.805453300476074,0.06103515625,-1.28173828125,3.5400390625
2.0474999,0.9756371974945068,-0.16579847037792206,9.728838920593262,0.640869140625,1.3427734375,1.8310546875
2.0524999,1.0851719379425049,-0.24121582508087158,9.761159896850586,-0.54931640625,2.349853515625,1.922607421875
2.0574999000000003,1.2964602708816528,-0.11851298063993454,9.633070945739746,0.457763671875,3.11279296875,4.45556640625
2.0624999,1.1480196714401245,0.040701430290937424,9.41639518737793,0.885009765625,2.227783203125,7.6904296875
2.0674999,0.9971849918365479,0.14784196019172668,9.553462982177734,0.91552734375,-0.274658203125,7.232666015625
2.0724999,0.8756792545318604,0.13347674906253815,9.618106842041016,1.190185546875,-2.349853515625,7.293701171875
2.0774999000000003,0.8206126093864441,0.07481880486011505,9.786299705505371,1.03759765625,-2.99072265625,8.36181640625
2.0824999,0.9391255974769592,-0.2172738015651703,9.837775230407715,-0.1220703125,3.448486328125,1.190185546875
2.0874999,0.921169102191925,-0.3010708689689636,9.71926212310791,-0.8544921875,3.35693359375,-3.60107421875
2.0924999,0.8427590131759644,-0.22505496442317963,9.737217903137207,0.54931640625,0.18310546875,2.86865234375
2.0974999000000003,0.8074445128440857,-0.13826514780521393,9.818621635437012,0.518798828125,-3.0517578125,2.593994140625
2.1024999,0.8331822156906128,-0.14604631066322327,9.895833969116211,0.030517578125,-3.143310546875,0.06103515625
2.1074999,0.8529343605041504,-0.1041477769613266,9.884461402893066,1.3427734375,-1.800537109375,-1.007080078125
2.1124999,0.9522937536239624,-0.10654197633266449,9.800065994262695,-0.244140625,-2.197265625,-0.885009765625
2.1174999000000003,1.0402805805206299,0.005985504016280174,9.79288387298584,-0.91552734375,3.326416015625,-1.8310546875
2.1224999,1.1139023303985596,-0.0065840547904372215,9.409811019897461,-1.495361328125,5.462646484375,-2.8076171875
2.1274999,1.1581950187683105,0.040701430290937424,9.418789863586426,-0.91552734375,1.556396484375,0.518798828125
2.1324999,1.1121066808700562,-0.03172317147254944,9.284713745117188,1.0986328125,-0.396728515625,4.180908203125
2.1374999000000003,1.05105459690094,-0.1412578970193863,9.384073257446289,0.640869140625,-3.35693359375,2.349853515625
2.1424999000000002,0.9953893423080444,-0.1149216815829277,9.66539192199707,0.701904296875,-0.9765625,-0.579833984375
2.1474999,0.9457096457481384,-0.18974047899246216,9.701904296875,-0.1220703125,-1.5869140625,-2.01416015625
2.1524999,0.9564836025238037,-0.10833762586116791,9.710882186889648,-0.9765625,3.47900390625,-4.33349609375
2.1574999000000004,0.9720458984375,0.005386953707784414,9.674370765686035,-1.434326171875,2.3193359375,1.5869140625
2.1624999000000003,0.9265560507774353,-0.1322796493768692,9.774328231811523,1.434326171875,-2.166748046875,5.645751953125
2.1674999,0.9379284977912903,-0.15442600846290588,9.794678688049316,1.220703125,-4.547119140625,3.021240234375
2.1724999,0.9379284977912903,-0.15442600846290588,9.794678688049316,1.220703125,-4.547119140625,3.021240234375
2.1774999000000004,0.9612720012664795,-0.18614917993545532,9.882067680358887,1.15966796875,-1.190185546875,-0.67138671875
2.1824999000000003,1.0384849309921265,-0.05746084079146385,9.856928825378418,-1.678466796875,0.213623046875,-3.936767578125
2.1874999,1.0606313943862915,-0.12928688526153564,9.708487510681152,-1.15966796875,7.87353515625,-6.591796875
2.1924999,1.127070426940918,-0.08499415963888168,9.75397777557373,-2.044677734375,3.082275390625,-0.518798828125
2.1974999,1.0570400953292847,-0.0586579404771328,9.684545516967773,1.953125,-1.190185546875,6.7138671875
2.2024999000000003,1.0073603391647339,-0.10534487664699554,9.755773544311523,2.105712890625,-5.767822265625,4.638671875
2.2074999,0.9870096445083618,-0.322618693113327,9.81143856048584,0.91552734375,-3.082275390625,-0.701904296875
2.2124999,1.026513934135437,-0.35673606395721436,9.66539192199707,-2.197265625,7.32421875,-5.92041015625
2.2174999,1.0157400369644165,-0.05506663769483566,9.536704063415527,-0.6103515625,2.655029296875,2.3193359375
2.2224999000000003,1.006163239479065,0.04369417950510979,9.64564037322998,2.99072265625,-4.150390625,6.2255859375
2.2274999,0.961870551109314,0.08559270948171616,9.642048835754395,2.532958984375,-4.638671875,1.922607421875
2.2324999,0.9056068062782288,0.19812019169330597,9.594164848327637,-1.77001953125,-3.143310546875,-3.814697265625
2.2374999,0.9714473485946655,0.04728548228740692,9.488221168518066,-2.685546875,5.767822265625,-6.65283203125
2.2424999000000003,1.0450690984725952,-0.1909375786781311,9.822212219238281,4.119873046875,-6.40869140625,1.28173828125
2.2474999,0.9792284965515137,-0.1322796493768692,9.803058624267578,-1.89208984375,-1.434326171875,-4.2724609375
2.2524999,1.015141487121582,-0.2082955539226532,9.637260437011719,-4.180908203125,8.30078125,-5.950927734375
2.2574999,1.0522516965866089,-0.13168109953403473,9.622296333312988,-1.556396484375,4.913330078125,2.99072265625
2.2624999000000003,1.083974838256836,-0.22744916379451752,9.807847023010254,3.173828125,-6.927490234375,-0.244140625
2.2674999000000002,1.0097545385360718,-0.12030863761901855,9.834183692932129,-2.62451171875,-1.3427734375,-5.92041015625
2.2724999,0.9953893423080444,-0.20290859043598175,9.81024169921875,-4.364013671875,8.60595703125,-2.410888671875
2.2774999,0.9888052940368652,-0.06524199992418289,9.881468772888184,0.335693359375,2.38037109375,5.828857421875
2.2824999000000004,0.9576807022094727,-0.019153613597154617,9.798270225524902,5.340576171875,-6.591796875,2.5634765625
2.2874999000000003,0.9540894031524658,-0.002394201699644327,9.794678688049316,0.701904296875,-5.55419921875,-4.547119140625
2.2924999,0.9696516990661621,-0.05027823522686958,9.62947940826416,-4.547119140625,6.16455078125,-5.2490234375
2.2974999,0.9977835416793823,-0.0628477931022644,9.683348655700684,-2.655029296875,7.843017578125,4.82177734375
2.3024999000000004,1.0223240852355957,-0.11372458189725876,9.873687744140625,4.058837890625,-3.72314453125,5.18798828125
2.3074999000000003,1.072602391242981,-0.021547814831137657,9.952696800231934,2.62451171875,-7.537841796875,-3.692626953125
2.3124999,0.9804255962371826,-0.12389993667602539,9.847949981689453,-4.180908203125,2.13623046875,-7.659912109375
2.3174999,1.028908133506775,-0.17058686912059784,9.691129684448242,5.0048828125,-9.21630859375,-3.082275390625
2.3224999,0.9636662006378174,-0.10714052617549896,9.73781681060791,1.953125,1.708984375,9.46044921875
2.3274999000000003,1.0324994325637817,-0.0017956512747332454,9.70429801940918,4.33349609375,-9.09423828125,-4.119873046875
2.3324999,1.0109516382217407,-0.008978256024420261,9.769539833068848,-3.72314453125,-0.8544921875,-10.833740234375
2.3374999,1.039083480834961,0.03950432687997818,9.784503936767578,-3.692626953125,11.16943359375,5.06591796875
2.3424999,0.9690531492233276,0.04429273307323456,9.745597839355469,2.777099609375,1.220703125,10.406494140625
2.3474999000000003,0.9726444482803345,0.07721300423145294,9.600749015808105,3.692626953125,-11.29150390625,-6.77490234375
2.3524999,0.9624691009521484,0.061052143573760986,9.643844604492188,-4.0283203125,-0.640869140625,-11.04736328125
2.3574999,0.9582792520523071,-0.07242459803819656,9.787496566772461,-2.685546875,11.962890625,9.185791015625
2.3624999,0.9804255962371826,-0.33339259028434753,9.63067626953125,1.068115234375,-10.894775390625,-11.138916015625
2.3674999000000003,0.9971849918365479,-0.3130418658256531,9.708487510681152,-4.2724609375,6.28662109375,-6.16455078125
2.3724999,1.0067617893218994,-0.0933738648891449,9.654019355773926,-0.54931640625,9.918212890625,13.427734375
2.3774999,1.0295066833496094,-0.12270283699035645,9.765350341796875,4.82177734375,-8.60595703125,0.54931640625
2.3824999,1.0019733905792236,-0.005386953707784414,9.813833236694336,-2.197265625,-7.232666015625,-14.312744140625
2.3874999000000003,1.0648212432861328,-0.076015904545784,9.965266227722168,-3.23486328125,12.87841796875,4.150390625
2.3924999000000002,1.0001777410507202,-0.04429273307323456,9.778518676757812,2.960205078125,2.105712890625,12.298583984375
2.3974999,0.9965864419937134,-0.06584054976701736,9.627084732055664,1.800537109375,-13.85498046875,-9.46044921875
2.4024999,1.0067617893218994,-0.11372458189725876,9.692925453186035,4.364013671875,-8.636474609375,0.732421875
2.4074999000000004,1.0121487379074097,-0.11133038252592087,9.77791976928711,-2.99072265625,-8.97216796875,-15.045166015625
2.4124999000000003,0.9852139949798584,-0.20111294090747833,9.722254753112793,-1.8310546875,-12.908935546875,-13.641357421875
2.4174999,1.0348936319351196,-0.10295066982507706,9.825803756713867,-3.84521484375,8.148193359375,-2.38037109375
2.4224999,0.9762357473373413,-0.08978256583213806,9.706692695617676,3.90625,7.9345703125,14.70947265625
2.4274999000000004,0.9804255962371826,-0.0999579206109047,9.62947940826416,1.0986328125,-13.61083984375,-8.6669921875
2.4324999000000003,0.9989806413650513,-0.08499415963888168,9.732429504394531,-5.096435546875,0.42724609375,-9.368896484375
2.4374999,0.9876081943511963,-0.018555063754320145,9.783307075500488,2.838134765625,12.725830078125,14.739990234375
2.4424999,0.9487023949623108,-0.08319851011037827,9.651026725769043,3.0517578125,-10.009765625,-2.410888671875
2.4474999,0.9882067441940308,-0.08200141042470932,9.856329917907715,-5.889892578125,-5.340576171875,-13.092041015625
2.4524999000000003,0.9858125448226929,-0.09935937076807022,9.8970308303833,1.739501953125,14.58740234375,12.39013671875
2.4574999,0.982221245765686,-0.09816227108240128,9.697115898132324,4.119873046875,-6.256103515625,2.01416015625
2.4624999,0.9953893423080444,-0.14604631066322327,9.884461402893066,-6.195068359375,-9.246826171875,-14.739990234375
2.4674999,0.9864110946655273,-0.166995570063591,9.791686058044434,-6.16455078125,-11.444091796875,-15.106201171875
2.4724999000000003,1.0450690984725952,-0.11791443079710007,9.851541519165039,0.9765625,13.946533203125,9.27734375
2.4774999,1.0055646896362305,-0.08738835901021957,9.592369079589844,5.157470703125,-2.105712890625,5.4931640625
2.4824999,0.9911994934082031,-0.0867898091673851,9.588777542114258,4.974365234375,-2.777099609375,4.45556640625
2.4874999,1.0157400369644165,-0.13587094843387604,9.79647445678711,-7.232666015625,-11.41357421875,-13.824462890625
2.4924999000000003,1.039083480834961,-0.0867898091673851,9.77791976928711,2.9296875,14.6484375,10.7421875
2.4974999,0.9900023937225342,-0.09576806426048279,9.59057331085205,4.0283203125,-4.791259765625,1.5869140625
2.5024999,1.0235211849212646,-0.11911153793334961,9.853935241699219,-7.62939453125,-9.368896484375,-12.26806640625
2.5074999,1.0492589473724365,-0.09696517139673233,9.768941879272461,4.974365234375,15.167236328125,12.39013671875
2.5124999000000003,0.9882067441940308,-0.16400282084941864,9.75517463684082,-5.4931640625,-14.16015625,-11.505126953125
2.5174999000000002,1.0402805805206299,-0.12988543510437012,9.895236015319824,-2.25830078125,7.171630859375,4.39453125
2.5224999,0.9917980432510376,-0.11552023142576218,9.655217170715332,8.11767578125,4.0283203125,7.50732421875
2.5274999,0.9888052940368652,-0.16879121959209442,9.821015357971191,-8.6669921875,-12.725830078125,-12.939453125
2.5324999000000004,1.0271124839782715,-0.09516951441764832,9.779715538024902,3.387451171875,12.63427734375,10.25390625
2.5374999000000003,0.9343371987342834,-0.1322796493768692,9.552266120910645,3.662109375,-4.974365234375,-1.8310546875
2.5424999,1.0199298858642578,-0.15442600846290588,9.870096206665039,-8.1787109375,-5.859375,-7.75146484375
2.5474999,1.0073603391647339,-0.13347674906253815,9.768941879272461,-3.662109375,-11.77978515625,-10.1318359375
2.5524999000000004,1.0869675874710083,-0.06344634294509888,9.945513725280762,-3.082275390625,4.69970703125,2.716064453125
2.5574999000000003,1.0247182846069336,-0.03770867735147476,9.602544784545898,8.056640625,5.096435546875,6.256103515625
2.5624999,1.0594342947006226,-0.08559270948171616,9.876680374145508,-8.9111328125,-11.3525390625,-11.65771484375
2.5674999,1.0875661373138428,-0.05386953800916672,9.71926212310791,4.913330078125,11.993408203125,11.138916015625
2.5724999,1.004966139793396,-0.09516951441764832,9.586981773376465,1.373291015625,-6.439208984375,-5.279541015625
2.5774999000000003,1.0851719379425049,-0.14245499670505524,9.94970417022705,-6.622314453125,-2.01416015625,-2.74658203125
2.5824999,1.004966139793396,-0.10055647045373917,9.601945877075195,8.9111328125,8.636474609375,9.552001953125
2.5874999,0.9852139949798584,-0.1586158573627472,9.872490882873535,-7.32421875,-12.481689453125,-11.04736328125
2.5924999,1.0181342363357544,-0.09696517139673233,9.857526779174805,2.3193359375,9.6435546875,9.429931640625
2.5974999000000003,0.9385270476341248,-0.11552023142576218,9.575610160827637,3.2958984375,-3.753662109375,-2.0751953125
2.6024999,1.0336965322494507,-0.13108254969120026,9.980229377746582,-7.476806640625,-4.119873046875,-3.72314453125
2.6074999,0.9528923034667969,-0.1215057373046875,9.624092102050781,3.11279296875,-3.5400390625,-2.777099609375
2.6124999,1.0480618476867676,-0.14425064623355865,9.99220085144043,-6.7138671875,-2.960205078125,-2.9296875
2.6174999000000003,1.0031704902648926,-0.05446808785200119,9.525930404663086,8.148193359375,7.99560546875,8.4228515625
2.6224999,1.0271124839782715,-0.152031809091568,9.873687744140625,-7.171630859375,-11.077880859375,-10.162353515625
2.6274999,1.083974838256836,-0.041299980133771896,9.733627319335938,3.753662109375,9.82666015625,10.223388671875
2.6324999,1.0019733905792236,-0.12210428714752197,9.686341285705566,0.79345703125,-6.500244140625,-5.218505859375
2.6374999000000003,1.0971429347991943,-0.12210428714752197,9.966463088989258,-4.486083984375,0.54931640625,1.64794921875
2.6424999000000002,0.961870551109314,-0.13108254969120026,9.540295600891113,7.537841796875,3.570556640625,6.561279296875
2.6474999,1.004966139793396,-0.2148796021938324,9.935338973999023,-7.38525390625,-8.23974609375,-6.866455078125
2.6524999,0.9487023949623108,-0.10953472554683685,9.557653427124023,6.256103515625,10.498046875,10.31494140625
2.6574999000000004,1.0235211849212646,-0.09636662155389786,9.82879638671875,0.3662109375,7.598876953125,5.4931640625
2.6624999000000003,0.9528923034667969,-0.12389993667602539,9.609128952026367,3.0517578125,-2.38037109375,-2.44140625
2.6674999,1.0965443849563599,-0.13946224749088287,10.049062728881836,-5.859375,-2.044677734375,-2.3193359375
2.6724999,1.0031704902648926,-0.07182604819536209,9.547477722167969,7.659912109375,6.317138671875,6.16455078125
2.6774999000000004,1.0313023328781128,-0.16400282084941864,9.988011360168457,-7.293701171875,-9.674072265625,-8.60595703125
2.6824999000000003,0.993593692779541,-0.047884032130241394,9.634267807006836,5.706787109375,10.55908203125,9.368896484375
2.6874999,0.9522937536239624,-0.15143325924873352,9.800065994262695,-3.509521484375,-9.09423828125,-8.880615234375
2.6924999,1.0426748991012573,-0.06763619929552078,9.804854393005371,0.030517578125,6.439208984375,5.859375
2.6974999,0.9846154451370239,-0.11671733111143112,9.615114212036133,2.838134765625,-2.349853515625,-3.173828125
2.7024999000000003,1.1061211824417114,-0.10953472554683685,9.989806175231934,-5.096435546875,-1.617431640625,-0.823974609375
2.7074999,1.0007762908935547,-0.08080431073904037,9.49001693725586,7.01904296875,5.645751953125,4.150390625
2.7124999,1.0319008827209473,-0.15143325924873352,10.005967140197754,-7.476806640625,-8.1787109375,-6.9580078125
2.7174999,0.961870551109314,-0.1562216579914093,9.898826599121094,-5.401611328125,-9.613037109375,-9.307861328125
2.7224999000000003,1.003769040107727,-0.03651157766580582,9.72165584564209,3.41796875,8.6669921875,8.331298828125
2.7274999,0.9588778018951416,-0.16220717132091522,9.798869132995605,-0.885009765625,-6.40869140625,-7.01904296875
2.7324999,1.0408791303634644,-0.090979665517807,9.889848709106445,-1.40380859375,3.173828125,4.608154296875
2.7374999,0.9768342971801758,-0.17657238245010376,9.643245697021484,3.875732421875,-0.091552734375,-2.105712890625
2.7424999000000003,1.0851719379425049,-0.1562216579914093,10.029909133911133,-5.462646484375,-3.265380859375,-1.15966796875
2.7474999,0.9642647504806519,-0.1149216815829277,9.48462963104248,6.683349609375,5.462646484375,3.753662109375
2.7524999,1.0606313943862915,-0.15981295704841614,10.041281700134277,-7.080078125,-7.9345703125,-5.401611328125
2.7574999,0.9846154451370239,-0.06344634294509888,9.518148422241211,7.14111328125,7.38525390625,8.6669921875
2.7624999000000003,1.0271124839782715,-0.15083470940589905,9.93593692779541,-5.706787109375,-9.185791015625,-6.2255859375
2.7674999000000002,1.0319008827209473,-0.040701430290937424,9.603142738342285,4.82177734375,8.6669921875,9.674072265625
2.7724999,1.0348936319351196,-0.14784196019172668,9.814431190490723,-3.509521484375,-8.514404296875,-7.38525390625
2.7774999,1.006163239479065,-0.17717093229293823,9.77672290802002,-0.244140625,-4.730224609375,-6.866455078125
2.7824999000000004,1.0660183429718018,-0.05267243832349777,9.82879638671875,-1.800537109375,3.23486328125,4.180908203125
2.7874999000000003,0.982221245765686,-0.1628057211637497,9.692925453186035,3.0517578125,-0.91552734375,-3.143310546875
2.7924999,0.982221245765686,-0.1628057211637497,9.692925453186035,3.0517578125,-0.91552734375,-3.143310546875
2.7974999,1.0785878896713257,-0.07960720360279083,9.97603988647461,-4.180908203125,-0.91552734375,1.3427734375
2.8024999000000004,1.070208191871643,-0.09696517139673233,10.026318550109863,-6.103515625,-4.791259765625,-1.953125
2.8074999000000003,0.9181763529777527,-0.07541735470294952,9.41400146484375,6.65283203125,6.011962890625,3.35693359375
2.8124999,1.0678139925003052,-0.1472434103488922,10.093954086303711,-6.89697265625,-6.927490234375,-4.791259765625
2.8174999,0.9349357485771179,-0.050876785069704056,9.48462963104248,6.591796875,7.781982421875,5.584716796875
2.8224999,1.0067617893218994,-0.19033902883529663,10.073004722595215,-6.439208984375,-8.148193359375,-6.4697265625
2.8274999000000003,0.9522937536239624,-0.06643909960985184,9.509769439697266,6.16455078125,8.514404296875,6.9580078125
2.8324999,0.9780313968658447,-0.04369417950510979,9.560646057128906,4.7607421875,8.331298828125,7.354736328125
2.8374999,0.9798270463943481,-0.23163901269435883,9.82879638671875,-4.08935546875,-7.50732421875,-7.904052734375
2.8424999,0.9971849918365479,0.002394201699644327,9.613917350769043,3.173828125,7.171630859375,7.415771484375
2.8474999000000003,1.0283095836639404,-0.21308395266532898,9.836577415466309,-2.593994140625,-6.439208984375,-7.293701171875
2.8524999,1.0055646896362305,0.005386953707784414,9.639654159545898,1.8310546875,5.7373046875,6.744384765625
2.8574999,1.0546458959579468,-0.2256535142660141,9.879075050354004,-1.03759765625,-4.94384765625,-6.77490234375
2.8624999,1.0438719987869263,0.0071826050989329815,9.709086418151855,0.396728515625,3.7841796875,6.103515625
2.8674999000000003,1.0480618476867676,-0.25737667083740234,9.903017044067383,0.1220703125,-3.143310546875,-5.92041015625
2.8724999,1.071405291557312,-0.0065840547904372215,9.774927139282227,-0.396728515625,2.44140625,5.126953125
2.8774999,1.0067617893218994,-0.25258827209472656,9.833584785461426,1.007080078125,-1.617431640625,-4.974365234375
2.8824999,1.0785878896713257,0.02513911761343479,9.77672290802002,-2.349853515625,-0.06103515625,3.387451171875
2.8874999000000003,0.9798270463943481,-0.12449848651885986,9.589975357055664,1.861572265625,1.068115234375,-3.326416015625
2.8924999000000002,1.081580638885498,0.009576806798577309,9.785700798034668,-2.227783203125,-0.8544921875,3.021240234375
2.8974999,0.9828197956085205,-0.12928688526153564,9.437943458557129,2.410888671875,1.46484375,-2.685546875
2.9024999,1.080383539199829,-0.033518824726343155,9.766547203063965,-2.50244140625,-1.5869140625,2.349853515625
2.9074999000000004,0.9768342971801758,-0.12629413604736328,9.320627212524414,2.62451171875,2.197265625,-2.227783203125
2.9124999000000003,1.072602391242981,-0.050876785069704056,9.734824180603027,-2.8076171875,-1.922607421875,2.197265625
2.9174999,0.9510966539382935,-0.12210428714752197,9.223662376403809,2.655029296875,2.349853515625,-2.410888671875
2.9224999,1.0594342947006226,-0.06643909960985184,9.671378135681152,-2.593994140625,-2.197265625,1.953125
2.9274999000000004,0.9157821536064148,-0.1562216579914093,9.10993766784668,2.38037109375,2.50244140625,-2.166748046875
2.9324999000000003,1.049857497215271,-0.08978256583213806,9.578003883361816,-2.166748046875,-2.227783203125,2.13623046875
2.9374999,0.9062053561210632,-0.18375498056411743,9.030330657958984,2.3193359375,1.983642578125,-2.44140625
2.9424999,1.061229944229126,-0.08379705995321274,9.455301284790039,-2.044677734375,-1.800537109375,2.38037109375
2.9474999,1.0905588865280151,-0.05985504388809204,9.334393501281738,-1.495361328125,-1.46484375,3.082275390625
2.9524999000000003,0.9917980432510376,-0.13946224749088287,9.043498039245605,1.03759765625,1.373291015625,-3.0517578125
2.9574999,1.1079168319702148,-0.03292027488350868,9.309853553771973,-0.762939453125,-1.0986328125,3.326416015625
2.9624999,1.0217255353927612,-0.15801730751991272,9.148842811584473,0.244140625,0.91552734375,-3.84521484375
2.9674999,1.0887632369995117,-0.018555063754320145,9.386467933654785,-0.030517578125,-0.457763671875,3.875732421875
2.9724999000000003,1.0408791303634644,-0.1951274424791336,9.281123161315918,-0.79345703125,0.244140625,-4.425048828125
2.9774999,1.0456676483154297,-0.04668693244457245,9.369708061218262,1.312255859375,0.48828125,4.486083984375
2.9824999,1.048660397529602,-0.21428105235099792,9.334393501281738,-1.800537109375,-0.518798828125,-5.0048828125
2.9874999,0.9816226959228516,-0.0802057534456253,9.223662376403809,2.38037109375,1.3427734375,5.126953125
2.9924999000000003,1.0013748407363892,-0.31184476613998413,9.333196640014648,-3.11279296875,-1.52587890625,-5.401611328125
2.9974999,0.9349357485771179,-0.16639702022075653,9.203909873962402,3.5400390625,2.13623046875,5.401611328125
3.0024999,0.9319429993629456,-0.4231751561164856,9.319430351257324,-4.33349609375,-2.655029296875,-5.92041015625
3.0074999,0.9522937536239624,0.1412578970193863,8.757989883422852,6.317138671875,5.035400390625,3.875732421875
3.0124999000000003,1.0570400953292847,-0.14245499670505524,9.204508781433105,-6.2255859375,-4.7607421875,-3.509521484375
3.0174999000000002,0.9097966551780701,0.06165069341659546,8.674192428588867,6.195068359375,4.608154296875,2.410888671875
3.0224999,1.0283095836639404,-0.07122749835252762,9.251194953918457,-5.79833984375,-4.5166015625,-1.46484375
3.0274999,0.8924387097358704,0.17058686912059784,8.802282333374023,1.251220703125,3.41796875,2.105712890625
3.0324999000000004,1.0079588890075684,0.5351040959358215,8.989628791809082,-7.8125,-4.638671875,1.64794921875
3.0374999000000003,1.2850877046585083,2.4833858013153076,9.296086311340332,-50.994873046875,10.986328125,-13.3056640625
3.0424999,0.08559270948171616,12.261903762817383,15.003863334655762,-252.38037109375,101.37939453125,-284.97314453125
3.0474999,-1.8626888990402222,13.242928504943848,17.193361282348633,-389.404296875,39.642333984375,-226.959228515625
3.0524999000000004,-2.955641984939575,11.566987037658691,17.71589469909668,-503.7841796875,10.040283203125,-142.181396484375
3.0574999000000003,-2.646790027618408,7.995436668395996,16.230892181396484,-515.44189453125,-8.30078125,-83.0078125
3.0624999,-0.6111199855804443,3.092710018157959,12.169727325439453,-461.24267578125,6.927490234375,-44.12841796875
3.0674999,2.3331496715545654,-1.6639702320098877,6.602011203765869,-345.03173828125,52.398681640625,-22.52197265625
3.0724999000000004,4.67827033996582,-5.995080947875977,0.9929951429367065,-215.33203125,77.606201171875,-14.129638671875
3.0774999000000003,5.988496780395508,-9.496601104736328,-3.1507694721221924,-149.322509765625,67.07763671875,-39.0625
3.0824999,5.889736175537109,-11.920730590820312,-4.735132217407227,-87.58544921875,66.986083984375,-72.81494140625
3.0874999,4.81473970413208,-13.784017562866211,-3.9881415367126465,-29.23583984375,65.582275390625,-93.3837890625
3.0924999,3.3249475955963135,-14.805144309997559,-1.8100165128707886,16.998291015625,62.530517578125,-94.512939453125
3.0974999000000003,0.7649474143981934,-13.631985664367676,2.655169725418091,107.879638671875,53.52783203125,-79.559326171875
3.1024999,-0.0077811554074287415,-11.750741958618164,3.977367639541626,127.3193359375,39.337158203125,-73.516845703125
3.1074999,-0.47165772318840027,-9.591172218322754,4.837484359741211,132.6904296875,16.7236328125,-55.11474609375
3.1124999,-0.8355764150619507,-7.835024833679199,5.562927722930908,140.19775390625,-10.467529296875,-27.130126953125
3.1174999000000003,-1.0085574388504028,-6.458359241485596,6.112995624542236,156.3720703125,-32.958984375,-2.044677734375
3.1224999,-0.9493009448051453,-5.033809185028076,6.660669326782227,185.821533203125,-48.828125,17.974853515625
3.1274999,-0.641047477722168,-4.6291890144348145,6.697779178619385,196.807861328125,-56.793212890625,30.609130859375
3.1324999,-0.30885201692581177,-4.361637115478516,6.776787757873535,217.376708984375,-74.52392578125,46.051025390625
3.1374999000000003,0.035913024097681046,-3.952228546142578,6.865373611450195,253.204345703125,-92.95654296875,46.173095703125
3.1424999000000002,0.30705636739730835,-3.3901896476745605,7.04793119430542,285.82763671875,-97.625732421875,35.0341796875
3.1474999,0.517746090888977,-2.583942174911499,7.299921035766602,298.76708984375,-92.59033203125,32.318115234375
3.1524999,1.5520412921905518,-0.6787561774253845,7.987056732177734,324.859619140625,-82.977294921875,65.032958984375
3.1574999000000004,1.8950105905532837,0.3447650372982025,7.953537940979004,332.09228515625,-52.490234375,56.732177734375
3.1624999000000003,2.188898801803589,1.5795745849609375,7.384915351867676,67.56591796875,70.892333984375,65.0634765625
3.1674999,2.0027496814727783,2.759916067123413,7.130531311035156,-26.0009765625,44.891357421875,45.745849609375
3.1724999,1.7375918626785278,4.2311530113220215,6.736684799194336,6.4697265625,-5.828857421875,27.923583984375
3.1774999000000004,1.4838064908981323,5.230731964111328,7.285555839538574,21.05712890625,-16.693115234375,15.869140625
3.1824999000000003,1.1019313335418701,5.986701488494873,7.869142532348633,12.75634765625,-23.13232421875,7.537841796875
3.1874999,0.8750807046890259,6.080673694610596,8.69095230102539,-10.589599609375,-25.909423828125,18.829345703125
3.1924999,0.8044517636299133,5.589263916015625,9.021950721740723,-10.009765625,-2.716064453125,38.57421875
3.1974999000000004,0.950498104095459,4.543596267700195,9.39245319366455,0.54931640625,6.622314453125,38.421630859375
3.2024999000000003,0.9756371974945068,3.4105403423309326,9.506776809692383,-8.453369140625,-7.87353515625,19.22607421875
3.2074999,0.7110779285430908,-2.076969861984253,9.331400871276855,1.03759765625,1.64794921875,-8.514404296875
3.2124999,0.8882488012313843,-1.2228385210037231,9.525331497192383,-6.622314453125,12.847900390625,-4.2724609375
3.2174999,0.9696516990661621,-0.21966800093650818,9.52114200592041,5.157470703125,7.14111328125,4.486083984375
3.2224999000000003,1.0319008827209473,0.5051765441894531,9.640253067016602,5.218505859375,-6.378173828125,-5.18798828125
3.2274999,1.0666168928146362,0.9050082564353943,9.749189376831055,-7.171630859375,1.3427734375,-6.683349609375
3.2324999,1.0660183429718018,0.9068039059638977,9.860519409179688,-3.60107421875,10.040283203125,11.749267578125
3.2374999,0.9642647504806519,0.25079262256622314,9.855133056640625,-0.396728515625,-10.833740234375,-6.28662109375
3.2424999000000003,1.0127472877502441,-0.12210428714752197,9.91738224029541,-4.8828125,9.58251953125,1.40380859375
3.2474999,0.9361328482627869,-0.3345896899700165,9.747393608093262,3.173828125,4.058837890625,11.474609375
3.2524999,0.8523358106613159,-0.46627077460289,9.604938507080078,4.150390625,-13.153076171875,-4.364013671875
3.2574999,0.9139865040779114,-0.4118026793003082,9.73542308807373,-4.852294921875,2.410888671875,-8.941650390625
3.2624999000000003,0.9115923047065735,-0.34177228808403015,9.775525093078613,-1.3427734375,11.627197265625,9.246826171875
3.2674999000000002,0.9343371987342834,-0.19153612852096558,9.728838920593262,6.011962890625,-9.368896484375,3.2958984375
3.2724999,1.0019733905792236,-0.13048399984836578,9.802460670471191,-2.9296875,-6.34765625,-11.962890625
3.2774999,1.1019313335418701,-0.06823474913835526,9.88506031036377,-4.57763671875,14.7705078125,4.180908203125
3.2824999000000004,1.0911574363708496,-0.16340427100658417,9.943717956542969,-4.425048828125,10.19287109375,-0.518798828125
3.2874999000000003,0.8870517015457153,-0.18076223134994507,9.665990829467773,2.0751953125,-14.495849609375,-7.6904296875
3.2924999,0.9487023949623108,-0.13587094843387604,9.789292335510254,-5.615234375,4.45556640625,-7.6904296875
3.2974999,0.960673451423645,-0.08798690885305405,9.694721221923828,2.38037109375,11.688232421875,12.237548828125
3.3024999000000004,0.921169102191925,-0.14245499670505524,9.657610893249512,3.326416015625,-12.481689453125,-3.570556640625
3.3074999000000003,1.0342950820922852,-0.10235211998224258,9.777320861816406,-5.859375,-0.732421875,-9.3994140625
3.3124999,1.027711033821106,-0.13766659796237946,9.82759952545166,2.288818359375,13.458251953125,12.542724609375
3.3174999,0.961870551109314,-0.15741875767707825,9.682151794433594,4.547119140625,-10.528564453125,-0.701904296875
3.3224999000000004,1.0115501880645752,-0.14604631066322327,9.806051254272461,-6.591796875,-3.5400390625,-10.833740234375
3.3274999000000003,1.0342950820922852,-0.1430535465478897,9.849745750427246,2.0751953125,15.869140625,11.932373046875
3.3324999,0.9612720012664795,-0.16579847037792206,9.68155288696289,4.638671875,-8.056640625,0.030517578125
3.3374999,1.006163239479065,-0.16639702022075653,9.835380554199219,-7.110595703125,-5.462646484375,-11.444091796875
3.3424999,1.0384849309921265,-0.15981295704841614,9.86770248413086,2.777099609375,14.862060546875,12.451171875
3.3474999000000003,1.0157400369644165,-0.12090718746185303,9.780313491821289,3.814697265625,14.58740234375,13.61083984375
3.3524999,0.9487023949623108,-0.1628057211637497,9.662399291992188,3.96728515625,-9.21630859375,-1.46484375
3.3574999,1.0313023328781128,-0.13347674906253815,9.856928825378418,-7.965087890625,-3.936767578125,-8.575439453125
3.3624999,1.0642226934432983,-0.13946224749088287,9.821614265441895,5.523681640625,13.397216796875,13.916015625
3.3674999000000003,0.9528923034667969,-0.17238251864910126,9.688735961914062,1.800537109375,-11.077880859375,-4.5166015625
3.3724999,1.0779893398284912,-0.1885433793067932,9.943120002746582,-7.4462890625,-0.579833984375,-4.94384765625
3.3774999,0.9846154451370239,-0.15083470940589905,9.727641105651855,7.4462890625,11.04736328125,13.7939453125
3.3824999,0.9044097065925598,-0.19393034279346466,9.588777542114258,-1.800537109375,-12.87841796875,-8.941650390625
3.3874999000000003,1.0181342363357544,-0.17717093229293823,9.922768592834473,-5.31005859375,4.730224609375,-0.152587890625
3.3924999000000002,0.9074024558067322,-0.11192893236875534,9.539097785949707,8.514404296875,6.9580078125,10.406494140625
3.3974999,0.9127894043922424,-0.14006079733371735,9.785700798034668,-6.072998046875,-13.00048828125,-12.51220703125
3.4024999,0.9678560495376587,-0.15023615956306458,9.886856079101562,-8.85009765625,-10.3759765625,-11.627197265625
3.4074999000000004,1.0193313360214233,-0.13168109953403473,9.818621635437012,4.45556640625,13.458251953125,11.566162109375
3.4124999000000003,0.9253589510917664,-0.15023615956306458,9.621698379516602,2.777099609375,-7.232666015625,-4.058837890625
3.4174999,1.047463297843933,-0.17417816817760468,9.968857765197754,-8.23974609375,-3.11279296875,-5.462646484375
3.4224999,0.9786299467086792,-0.12509703636169434,9.636063575744629,8.544921875,11.04736328125,11.566162109375
3.4274999000000004,0.9475052952766418,-0.152031809091568,9.782109260559082,-4.5166015625,-12.451171875,-11.260986328125
3.4324999000000003,1.035492181777954,-0.1388636976480484,9.912593841552734,-2.38037109375,6.65283203125,4.2724609375
3.4374999,0.9367313981056213,-0.13407529890537262,9.636661529541016,8.026123046875,2.716064453125,4.2724609375
3.4424999,1.0618284940719604,-0.17537526786327362,9.824007987976074,5.828857421875,12.908935546875,11.5966796875
3.4474999000000004,0.9020155072212219,-0.12090718746185303,9.61212158203125,3.143310546875,-4.302978515625,-4.21142578125
3.4524999000000003,0.9020155072212219,-0.12090718746185303,9.61212158203125,3.143310546875,-4.302978515625,-4.21142578125
3.4574999,1.0348936319351196,-0.14903905987739563,9.97364616394043,-7.965087890625,-3.143310546875,-2.5634765625
3.4624999,0.9600749015808105,-0.10833762586116791,9.547477722167969,9.765625,9.21630859375,9.1552734375
3.4674999,0.9744400978088379,-0.18914192914962769,9.911994934082031,-8.056640625,-10.80322265625,-10.80322265625
3.4724999000000003,1.0648212432861328,-0.1280897855758667,9.854534149169922,3.0517578125,9.33837890625,9.674072265625
3.4774999,0.9391255974769592,-0.16879121959209442,9.598953247070312,3.021240234375,-3.35693359375,-4.486083984375
3.4824999,1.049857497215271,-0.16879121959209442,9.962871551513672,-7.537841796875,-2.593994140625,-1.52587890625
3.4874999,0.9445125460624695,-0.1173158809542656,9.41400146484375,9.857177734375,7.87353515625,7.01904296875
3.4924999000000003,1.0031704902648926,-0.076015904545784,9.618106842041016,4.82177734375,9.490966796875,10.589599609375
3.4974999,0.9570821523666382,-0.11252748221158981,9.442731857299805,0.213623046875,-5.889892578125,-7.2021484375
3.5024999,1.0414776802062988,-0.12449848651885986,9.742605209350586,-5.0048828125,0.701904296875,2.3193359375
3.5074999,0.9373299479484558,-0.12210428714752197,9.284713745117188,8.544921875,4.241943359375,3.204345703125
3.5124999000000003,0.9612720012664795,-0.1777694821357727,9.804854393005371,-9.765625,-8.148193359375,-7.354736328125
3.5174999000000002,0.9295487999916077,-0.09397241473197937,9.576208114624023,8.148193359375,10.31494140625,10.162353515625
3.5224999,0.9840168952941895,-0.10953472554683685,9.895833969116211,0.244140625,6.011962890625,7.904052734375
3.5274999,0.9840168952941895,-0.10953472554683685,9.895833969116211,0.244140625,6.011962890625,7.904052734375
3.5324999000000004,0.9044097065925598,-0.21128830313682556,9.65222454071045,4.08935546875,-2.044677734375,-3.692626953125
3.5374999000000003,1.060032844543457,-0.20231004059314728,10.02811336517334,-7.26318359375,-2.8076171875,-1.03759765625
3.5424999,0.9528923034667969,-0.16519992053508759,9.470863342285156,9.1552734375,6.53076171875,5.0048828125
3.5474999,1.0013748407363892,-0.18076223134994507,9.862914085388184,-8.941650390625,-9.27734375,-8.453369140625
3.5524999000000004,1.0959458351135254,-0.1711854189634323,9.964667320251465,-6.256103515625,-1.434326171875,0.79345703125
3.5574999000000003,0.9684545993804932,-0.15741875767707825,9.482834815979004,8.209228515625,5.43212890625,3.0517578125
3.5624999,1.0426748991012573,-0.2082955539226532,10.029311180114746,-8.941650390625,-7.9345703125,-5.828857421875
3.5674999,0.9852139949798584,-0.08439560979604721,9.630077362060547,8.1787109375,9.552001953125,8.6669921875
3.5724999000000004,1.003769040107727,-0.14185644686222076,9.95209789276123,-6.53076171875,-9.521484375,-9.002685546875
3.5774999000000003,1.0031704902648926,-0.02693476900458336,9.670180320739746,4.08935546875,8.60595703125,9.552001953125
3.5824999,1.0007762908935547,-0.09636662155389786,9.732429504394531,-1.220703125,-6.561279296875,-7.75146484375
3.5874999,1.0516531467437744,-0.05267243832349777,9.779715538024902,-1.77001953125,3.448486328125,6.622314453125
3.5924999,0.9457096457481384,-0.1346738487482071,9.462483406066895,4.33349609375,-1.03759765625,-2.838134765625
3.5974999000000003,0.9217676520347595,-0.16101007163524628,9.424176216125488,7.62939453125,4.2724609375,2.593994140625
3.6024999,1.0468647480010986,-0.2298433631658554,10.070611000061035,-8.056640625,-7.080078125,-4.119873046875
3.6074999,0.9457096457481384,-0.10295066982507706,9.602544784545898,8.209228515625,8.209228515625,6.805419921875
3.6124999,1.0001777410507202,-0.18734627962112427,10.02691650390625,-7.26318359375,-8.85009765625,-7.415771484375
3.6174999000000003,0.9726444482803345,-0.05626374110579491,9.709086418151855,5.9814453125,8.97216796875,8.819580078125
3.6224999,0.9762357473373413,-0.16400282084941864,9.868300437927246,-4.547119140625,-7.87353515625,-8.60595703125
3.6274999,0.9798270463943481,-0.06883329898118973,9.64923095703125,2.62451171875,7.01904296875,8.23974609375
3.6324999,0.9684545993804932,-0.18375498056411743,9.671378135681152,-0.6103515625,-5.126953125,-7.293701171875
3.6374999000000003,1.0133458375930786,-0.07541735470294952,9.617507934570312,-1.15966796875,3.35693359375,6.134033203125
3.6424999000000002,0.970848798751831,-0.08200141042470932,9.440936088562012,3.0517578125,-1.40380859375,-4.486083984375
3.6474999,1.080383539199829,-0.090979665517807,9.776124000549316,-4.39453125,-0.6103515625,3.082275390625
3.6524999,0.9750386476516724,-0.13168109953403473,9.405621528625488,5.584716796875,2.410888671875,-1.40380859375
3.6574999000000004,0.9283517003059387,-0.23343466222286224,9.468469619750977,7.26318359375,5.401611328125,1.739501953125
3.6624999000000003,1.0630255937576294,-0.28730419278144836,10.140641212463379,-7.476806640625,-6.40869140625,-3.23486328125
3.6674999,0.9068039059638977,-0.13946224749088287,9.482834815979004,7.537841796875,7.14111328125,4.45556640625
3.6724999,1.006163239479065,-0.2256535142660141,10.032901763916016,-7.38525390625,-7.62939453125,-5.37109375
3.6774999000000004,0.899621307849884,-0.043095629662275314,9.485827445983887,7.14111328125,7.87353515625,6.439208984375
3.6824999000000003,0.9498994946479797,-0.15921440720558167,9.888651847839355,-6.77490234375,-7.50732421875,-6.927490234375
3.6874999,0.9205705523490906,-0.031124621629714966,9.452906608581543,6.04248046875,7.781982421875,7.293701171875
3.6924999,0.9768342971801758,-0.15801730751991272,9.795876502990723,-5.43212890625,-7.01904296875,-7.598876953125
3.6974999000000004,0.9816226959228516,-0.050876785069704056,9.531915664672852,4.669189453125,6.988525390625,7.537841796875
3.7024999000000003,1.0097545385360718,-0.2059013396501541,9.758167266845703,-4.21142578125,-5.9814453125,-7.781982421875
3.7074999,0.9678560495376587,-0.10175357013940811,9.570222854614258,3.35693359375,5.645751953125,7.781982421875
3.7124999,0.9828197956085205,-0.23582886159420013,9.666589736938477,-2.74658203125,-4.8828125,-7.476806640625
3.7174999,0.9762357473373413,-0.04728548228740692,9.430161476135254,0.9765625,2.9296875,6.683349609375
3.7224999000000003,1.0097545385360718,-0.12090718746185303,9.633668899536133,-0.518798828125,-2.349853515625,-6.77490234375
3.7274999,1.039083480834961,-0.04249707981944084,9.592967987060547,-0.1220703125,2.044677734375,6.072998046875
3.7324999,1.0426748991012573,-0.07481880486011505,9.679159164428711,0.18310546875,-1.5869140625,-6.103515625
3.7374999,1.0755951404571533,-0.05147533491253853,9.602544784545898,-0.54931640625,1.007080078125,5.615234375
3.7424999000000003,1.0564415454864502,-0.08559270948171616,9.480440139770508,0.42724609375,-0.640869140625,-5.67626953125
3.7474999,1.0480618476867676,-0.09516951441764832,9.436147689819336,-1.007080078125,0.396728515625,5.218505859375
3.7524999,1.0109516382217407,-0.10953472554683685,9.299677848815918,1.129150390625,-0.030517578125,-5.279541015625
3.7574999,0.9953893423080444,-0.11971008777618408,9.41759204864502,-1.007080078125,0.152587890625,5.035400390625
3.7624999000000003,0.9654618501663208,-0.09636662155389786,9.349357604980469,1.007080078125,0.244140625,-5.279541015625
3.7674999000000002,0.9630676507949829,-0.11432313174009323,9.552865028381348,-1.007080078125,0.030517578125,4.913330078125
3.7724999,0.9570821523666382,-0.076015904545784,9.601945877075195,0.885009765625,0.30517578125,-5.096435546875
3.7774999,0.9624691009521484,-0.13706804811954498,9.746794700622559,-0.42724609375,-0.06103515625,5.096435546875
3.7824999000000004,0.9888052940368652,-0.11133038252592087,9.612719535827637,0.54931640625,0.06103515625,-5.645751953125
3.7874999000000003,0.9774328470230103,-0.13587094843387604,9.596558570861816,-0.030517578125,0.42724609375,5.18798828125
3.7924999,1.0193313360214233,-0.1215057373046875,9.424176216125488,-0.518798828125,-0.457763671875,-5.92041015625
3.7974999,0.9810241460800171,-0.13587094843387604,9.297882080078125,0.762939453125,0.640869140625,5.584716796875
3.8024999000000004,1.016338586807251,-0.14065934717655182,9.241020202636719,-1.15966796875,-1.0986328125,-5.9814453125
3.8074999000000003,0.93254154920578,-0.17238251864910126,9.10874080657959,1.8310546875,1.220703125,5.706787109375
3.8124999,0.9570821523666382,-0.1951274424791336,9.287108421325684,-1.983642578125,-1.40380859375,-6.53076171875
3.8174999,0.8876502513885498,-0.22744916379451752,9.239224433898926,2.532958984375,1.8310546875,5.859375
3.8224999000000004,0.9038111567497253,-0.28131869435310364,9.416994094848633,-3.265380859375,-2.01416015625,-6.561279296875
3.8274999000000003,0.9181763529777527,-0.31603461503982544,9.5007905960083,-4.302978515625,-2.838134765625,-6.591796875
3.8324999,0.9774328470230103,-0.1777694821357727,9.342175483703613,4.82177734375,3.0517578125,6.072998046875
3.8374999,1.015141487121582,-0.2322375625371933,9.532513618469238,-5.096435546875,-3.35693359375,-6.134033203125
3.8424999,1.0851719379425049,-0.13108254969120026,9.434351921081543,-6.622314453125,-4.119873046875,-4.180908203125
3.8474999000000003,0.9397241473197937,-0.023343466222286224,8.880094528198242,6.2255859375,4.180908203125,3.35693359375
3.8524999,1.0899603366851807,-0.15562310814857483,9.40023422241211,-6.195068359375,-3.875732421875,-2.8076171875
3.8574999,0.9295487999916077,-0.07122749835252762,8.871115684509277,5.828857421875,3.936767578125,1.495361328125
3.8624999,1.0564415454864502,-0.16519992053508759,9.43135929107666,-5.279541015625,-3.7841796875,-0.885009765625
3.8674999000000003,0.9295487999916077,-0.1801636815071106,8.935759544372559,4.5166015625,3.326416015625,-0.30517578125
3.8724999,0.9181763529777527,-0.2585737705230713,8.841787338256836,2.50244140625,2.5634765625,-2.38037109375
3.8774999,1.0755951404571533,-0.10175357013940811,9.118317604064941,-1.068115234375,-2.044677734375,3.173828125
3.8824999,0.945111095905304,-0.19213469326496124,8.749011993408203,-0.42724609375,1.434326171875,-4.21142578125
3.8874999000000003,1.0402805805206299,-0.02992752194404602,9.001001358032227,1.617431640625,-0.54931640625,4.5166015625
3.8924999000000002,1.0432734489440918,-0.01496376097202301,8.939949035644531,-3.11279296875,0.030517578125,-5.37109375
3.8974999,0.9977835416793823,-0.008978256024420261,9.157222747802734,4.39453125,0.67138671875,5.2490234375
3.9024999,1.0133458375930786,0.010175357572734356,9.297882080078125,-5.523681640625,-1.15966796875,-5.645751953125
3.9074999000000004,0.950498104095459,-0.055665191262960434,9.27453899383545,6.561279296875,1.708984375,5.06591796875
3.9124999000000003,0.9636662006378174,-0.15083470940589905,9.493009567260742,-6.805419921875,-2.13623046875,-4.7607421875
3.9174999,0.8918401598930359,-0.09038111567497253,9.032724380493164,6.561279296875,2.410888671875,3.509521484375
3.9224999,0.9313444495201111,-0.20111294090747833,8.501212120056152,3.47900390625,2.38037109375,-1.251220703125
3.9274999000000004,1.0678139925003052,-0.0802057534456253,8.82323169708252,-1.77001953125,-2.01416015625,2.50244140625
3.9324999000000003,0.9642647504806519,-0.24660277366638184,8.556877136230469,-0.3662109375,1.220703125,-3.96728515625
3.9374999,1.027711033821106,-0.076015904545784,8.929773330688477,2.471923828125,-0.1220703125,4.241943359375
3.9424999,1.0384849309921265,-0.13347674906253815,8.936956405639648,-3.875732421875,-0.457763671875,-5.31005859375
3.9474999000000004,0.9774328470230103,-0.09816227108240128,9.10993766784668,5.462646484375,0.946044921875,5.279541015625
3.9524999000000003,0.9941922426223755,-0.17896658182144165,9.394847869873047,-6.04248046875,-1.52587890625,-5.0048828125
3.9574999,0.9187749028205872,-0.11192893236875534,9.11233139038086,6.77490234375,2.197265625,3.84521484375
3.9624999,0.9846154451370239,-0.2513911724090576,9.445125579833984,-6.622314453125,-2.410888671875,-3.23486328125
3.9674999000000004,0.8649053573608398,-0.13826514780521393,8.842385292053223,5.889892578125,2.685546875,1.15966796875
3.9724999000000003,1.0217255353927612,-0.13826514780521393,9.12849235534668,-4.119873046875,-1.922607421875,0.1220703125
3.9774999,0.8990227580070496,-0.2214636504650116,8.574234962463379,2.532958984375,1.800537109375,-2.25830078125
3.9824999,1.0708067417144775,-0.04967968538403511,8.82203483581543,3.2958984375,0.701904296875,4.852294921875
3.9874999,1.0432734489440918,-0.10175357013940811,8.971074104309082,-4.69970703125,-1.5869140625,-5.462646484375
3.9924999000000003,0.922366201877594,-0.09038111567497253,8.873510360717773,5.37109375,2.13623046875,4.150390625
3.9974999,0.9493009448051453,-0.2537853717803955,9.088988304138184,-5.67626953125,-2.44140625,-3.692626953125
4.0024999,0.8421604633331299,-0.18375498056411743,8.65863037109375,4.8828125,2.74658203125,1.739501953125
4.0074999,1.0313023328781128,-0.18555063009262085,9.010578155517578,-4.119873046875,-1.89208984375,-0.42724609375
4.0124999,0.9157821536064148,-0.23762452602386475,8.555679321289062,2.166748046875,1.678466796875,-1.8310546875
4.0174999,1.0630255937576294,-0.09935937076807022,8.901042938232422,-0.335693359375,-1.251220703125,3.0517578125
4.022499900000001,1.0720038414001465,-0.15981295704841614,8.802282333374023,-2.044677734375,0.091552734375,-4.57763671875
4.0274999000000005,1.0570400953292847,-0.03651157766580582,8.814253807067871,3.631591796875,1.129150390625,4.669189453125
4.0324999,1.1127052307128906,-0.09038111567497253,9.08719253540039,-4.7607421875,-1.495361328125,-5.035400390625
4.0374999,0.9277531504631042,-0.06464344263076782,8.773551940917969,5.645751953125,2.25830078125,3.60107421875
4.0424999,0.9870096445083618,-0.152031809091568,9.261969566345215,-5.2490234375,-2.50244140625,-2.532958984375
4.0474999,0.8601169586181641,-0.17477671802043915,8.792705535888672,3.90625,2.227783203125,0.274658203125
4.0524999,1.0031704902648926,-0.13527239859104156,9.08838939666748,-1.953125,-1.983642578125,1.3427734375
4.0574999,0.9522937536239624,-0.2106897532939911,8.644265174865723,-0.06103515625,0.640869140625,-3.35693359375
4.062499900000001,1.0187327861785889,-0.15981295704841614,8.704120635986328,2.227783203125,0.030517578125,4.33349609375
4.0674999000000005,0.9415197968482971,-0.2753331959247589,8.571840286254883,-4.08935546875,-0.91552734375,-5.18798828125
4.0724999,0.9127894043922424,-0.1999158412218094,8.514978408813477,5.31005859375,1.708984375,3.96728515625
4.0774999,0.983418345451355,-0.26096799969673157,8.711901664733887,-5.645751953125,-2.227783203125,-3.35693359375
4.0824999,0.9044097065925598,-0.17178396880626678,8.364143371582031,4.8828125,2.288818359375,0.946044921875
4.0874999,1.1001356840133667,-0.09217676520347595,8.647257804870605,-2.960205078125,-1.556396484375,0.396728515625
4.0924999,0.9738415479660034,-0.1801636815071106,8.275558471679688,0.42724609375,0.885009765625,-2.716064453125
4.0974999,0.9792284965515137,-0.2579752206802368,8.531139373779297,-3.662109375,-1.28173828125,-3.814697265625
4.1024999,0.9882067441940308,-0.14425064623355865,8.480262756347656,5.462646484375,1.251220703125,6.53076171875
4.1074999000000005,1.07379949092865,-0.21966800093650818,8.828619003295898,-4.0283203125,-3.814697265625,1.03759765625
4.1124999,1.0432734489440918,-0.1777694821357727,8.411429405212402,4.974365234375,1.129150390625,6.40869140625
4.1174999,1.2336124181747437,-0.13587094843387604,8.908226013183594,-1.617431640625,-2.99072265625,6.500244140625
4.1224999,1.146224021911621,-0.16519992053508759,8.786121368408203,1.40380859375,-0.152587890625,2.50244140625
4.1274999,1.159990668296814,-0.06344634294509888,8.983643531799316,1.678466796875,0.518798828125,9.735107421875
4.1324999,1.0869675874710083,-0.12689268589019775,9.211092948913574,-1.77001953125,-1.708984375,0.48828125
4.1374999,0.9684545993804932,-0.06643909960985184,8.880094528198242,4.57763671875,2.44140625,9.70458984375
4.1424999,0.9917980432510376,-0.14784196019172668,9.267355918884277,-3.173828125,-2.74658203125,4.57763671875
4.147499900000001,0.9660604000091553,-0.20949265360832214,8.853757858276367,3.7841796875,1.708984375,6.622314453125
4.1524999000000005,1.0097545385360718,0.01735796220600605,9.486425399780273,2.410888671875,1.739501953125,4.730224609375
4.1574999,0.9103952050209045,0.24361002445220947,9.61212158203125,-1.373291015625,-0.244140625,8.1787109375
4.1624999,0.6530185341835022,0.2513911724090576,9.181164741516113,2.9296875,5.37109375,3.936767578125
4.1674999,0.6602011322975159,0.15023615956306458,9.403226852416992,-3.96728515625,0.3662109375,-4.7607421875
4.1724999,0.5632359385490417,-0.04967968538403511,8.848370552062988,2.410888671875,5.43212890625,-4.852294921875
4.1774999,0.7356184720993042,-0.055665191262960434,9.11233139038086,-2.166748046875,1.434326171875,-5.92041015625
4.1824999,1.128267526626587,-0.34356793761253357,9.170391082763672,-5.2490234375,3.997802734375,-11.5966796875
4.187499900000001,1.128267526626587,-0.34356793761253357,9.170391082763672,-5.2490234375,3.997802734375,-11.5966796875
4.1924999000000005,1.193509578704834,-0.14784196019172668,8.843582153320312,4.547119140625,6.89697265625,-8.148193359375
4.1974999,2.38462495803833,1.3317747116088867,9.248202323913574,3.60107421875,14.6484375,-37.078857421875
4.2024999,4.103063106536865,3.6709096431732178,9.813833236694336,55.877685546875,65.97900390625,-222.137451171875
4.2074999,5.937021732330322,6.538564682006836,10.778097152709961,133.72802734375,163.665771484375,-495.513916015625
4.2124999,7.353790283203125,8.542511940002441,11.504138946533203,171.722412109375,231.475830078125,-602.691650390625
4.2174999,7.4106526374816895,8.941145896911621,11.512518882751465,176.57470703125,206.451416015625,-560.48583984375
4.2224999,6.484096527099609,7.380725383758545,10.165182113647461,94.635009765625,121.063232421875,-480.04150390625
4.2274999,5.061941146850586,5.510255336761475,8.299500465393066,-0.579833984375,31.707763671875,-378.204345703125
4.2324999000000005,3.930082082748413,3.3716344833374023,6.15489387512207,-107.5439453125,-15.838623046875,-282.562255859375
4.2374999,2.7467479705810547,1.71245276927948,4.446630954742432,-162.4755859375,-34.698486328125,-205.810546875
4.2424999,-1.1653777360916138,-1.4431051015853882,3.19865345954895,-200.74462890625,-115.1123046875,-13.916015625
4.2474999,-3.3464953899383545,-3.666719913482666,5.7544636726379395,-127.899169921875,-161.31591796875,27.801513671875
4.2524999,-5.088875770568848,-5.889736175537109,9.345168113708496,-23.8037109375,-197.69287109375,60.60791015625
4.2574999,-5.832873821258545,-8.119935035705566,12.618639945983887,-1.617431640625,-164.215087890625,92.071533203125
4.2624999,-5.193023681640625,-9.3643217086792,14.20419979095459,23.193359375,-98.114013671875,103.6376953125
4.2674999,-3.4171242713928223,-8.818443298339844,13.148955345153809,45.34912109375,-23.284912109375,107.696533203125
4.272499900000001,-1.5275006294250488,-7.381922245025635,10.665570259094238,48.9501953125,-29.9072265625,90.63720703125
4.2774999000000005,-0.2041056901216507,-5.546766757965088,7.6979570388793945,63.262939453125,-34.72900390625,78.4912109375
4.2824999,0.7224503755569458,-4.1425676345825195,5.655703067779541,48.828125,-48.858642578125,68.084716796875
4.2874999,1.423951506614685,-3.360262155532837,5.478531837463379,63.812255859375,-39.215087890625,49.957275390625
4.2924999,1.8579005002975464,-2.957437753677368,5.941211700439453,38.970947265625,9.246826171875,47.119140625
4.2974999,2.339733600616455,-1.9345149993896484,8.37192440032959,30.82275390625,4.638671875,-2.044677734375
4.3024999,2.253542423248291,-0.9373299479484558,9.3427734375,14.58740234375,0.823974609375,-3.5400390625
4.3074999,1.6980875730514526,-0.005985504016280174,9.273940086364746,7.6904296875,21.942138671875,1.46484375
4.312499900000001,1.3006501197814941,1.0133458375930786,9.163806915283203,-2.105712890625,23.529052734375,9.796142578125
4.3174999000000005,0.9373299479484558,1.614290475845337,9.676166534423828,-7.049560546875,9.124755859375,0.67138671875
4.3224999,0.5638344883918762,2.0225019454956055,9.367314338684082,-1.434326171875,6.591796875,4.791259765625
4.3274999,0.48243165016174316,1.8908207416534424,10.038289070129395,-5.43212890625,-4.425048828125,4.45556640625
4.3324999,0.2346317619085312,1.455674648284912,9.95090103149414,-0.335693359375,-6.04248046875,3.204345703125
4.3374999,0.28550854325294495,0.823006808757782,10.038887977600098,-2.716064453125,-9.1552734375,10.68115234375
4.3424999,0.4255693554878235,0.05626374110579491,10.128071784973145,-5.2490234375,-11.322021484375,1.312255859375
4.3474999,0.5488707423210144,-0.44532153010368347,9.552266120910645,3.662109375,-5.035400390625,5.218505859375
4.352499900000001,0.9654618501663208,-0.8236053586006165,9.67077922821045,-3.021240234375,-6.04248046875,-0.518798828125
4.3574999000000005,1.468244194984436,-0.6171054840087891,9.013570785522461,-0.244140625,1.556396484375,-3.570556640625
4.3624999,1.3527239561080933,-0.26994624733924866,8.655637741088867,3.96728515625,6.744384765625,4.45556640625
4.3674999,1.3886369466781616,-0.1173158809542656,9.147047996520996,-3.509521484375,-0.640869140625,1.434326171875
4.3724999,1.1288660764694214,-0.06883329898118973,8.82442855834961,2.716064453125,3.47900390625,1.556396484375
4.3774999,1.1073182821273804,0.12090718746185303,9.074024200439453,0.54931640625,0.91552734375,5.035400390625
4.3824999,0.9672574996948242,-0.0586579404771328,9.209895133972168,-2.01416015625,-2.197265625,-2.50244140625
4.3874999,0.8068459630012512,0.06464344263076782,8.85794734954834,3.35693359375,2.227783203125,4.2724609375
4.3924999,0.9038111567497253,-0.07541735470294952,9.213486671447754,-3.90625,-3.692626953125,-0.091552734375
4.397499900000001,0.8206126093864441,-0.14784196019172668,8.777742385864258,2.38037109375,-0.030517578125,0
4.4024999000000005,0.9690531492233276,-0.10115502029657364,8.872312545776367,0,-1.373291015625,3.875732421875
4.4074999,1.0324994325637817,-0.20769700407981873,8.965087890625,-2.044677734375,-2.471923828125,-3.11279296875
4.4124999,1.1857284307479858,-0.15682020783424377,9.03870964050293,-3.387451171875,-2.38037109375,-0.518798828125
4.4174999,1.0923545360565186,-0.2214636504650116,8.655637741088867,2.105712890625,2.13623046875,-0.152587890625
4.4224999,1.1869255304336548,-0.0933738648891449,8.784924507141113,0.42724609375,0.48828125,4.150390625
4.4274999,1.1552022695541382,-0.2106897532939911,8.944138526916504,-1.708984375,-1.89208984375,-2.86865234375
4.4324999,0.9882067441940308,-0.10534487664699554,8.662819862365723,3.387451171875,3.082275390625,3.7841796875
4.437499900000001,1.115697979927063,-0.12868833541870117,9.12849235534668,-3.23486328125,-2.410888671875,0.06103515625
4.4424999000000005,0.9528923034667969,-0.2106897532939911,8.80587387084961,1.434326171875,0.79345703125,-0.457763671875
4.4474999,1.0462661981582642,-0.04668693244457245,8.902838706970215,1.46484375,0.030517578125,4.45556640625
4.4524999,1.0983400344848633,-0.21667525172233582,9.029731750488281,-2.197265625,-2.8076171875,-2.166748046875
4.4574999,0.9080010056495667,-0.05027823522686958,8.605359077453613,3.2958984375,1.77001953125,4.0283203125
4.4624999,1.0983400344848633,-0.1388636976480484,9.0051908493042,-3.448486328125,-3.509521484375,1.068115234375
4.4674999,0.9151836037635803,-0.12629413604736328,8.778939247131348,0.457763671875,-0.823974609375,-1.708984375
4.4724999,1.0911574363708496,-0.11611878126859665,8.974664688110352,2.777099609375,2.01416015625,3.936767578125
4.477499900000001,1.1019313335418701,-0.33339259028434753,9.30805778503418,-3.11279296875,-2.410888671875,-2.5634765625
4.4824999000000005,0.9810241460800171,-0.09516951441764832,8.811859130859375,2.838134765625,2.777099609375,0.823974609375
4.4874999,1.1150994300842285,-0.07841010391712189,9.02254867553711,-1.28173828125,-1.129150390625,2.13623046875
4.4924999,1.0259153842926025,-0.19871874153614044,9.03751277923584,-1.495361328125,-1.068115234375,-3.143310546875
4.4974999,1.0217255353927612,-0.0520738884806633,8.814851760864258,3.60107421875,2.01416015625,3.5400390625
4.5024999,1.104325532913208,-0.2968810200691223,9.190143585205078,-3.326416015625,-2.838134765625,-1.5869140625
4.5074999,1.006163239479065,-0.10354922711849213,8.790311813354492,1.953125,1.5869140625,-0.54931640625
4.5124999,0.9810241460800171,-0.04967968538403511,8.707113265991211,3.997802734375,2.777099609375,2.716064453125
4.5174999,1.1438298225402832,-0.21428105235099792,9.148244857788086,-2.288818359375,-1.64794921875,-0.213623046875
4.522499900000001,0.9600749015808105,-0.17298106849193573,8.899248123168945,0.823974609375,0.6103515625,-2.166748046875
4.5274999000000005,1.0307037830352783,-0.12330138683319092,8.839991569519043,1.190185546875,1.007080078125,3.143310546875
4.5324999,1.0833762884140015,-0.19393034279346466,9.172186851501465,-3.204345703125,-2.593994140625,-3.23486328125
4.5374999,0.9199720025062561,-0.08738835901021957,8.635287284851074,3.5400390625,2.13623046875,1.0986328125
4.5424999,1.1049240827560425,-0.07960720360279083,8.980650901794434,-1.617431640625,-1.0986328125,1.15966796875
4.5474999,0.9690531492233276,-0.15921440720558167,8.904036521911621,-1.28173828125,-0.701904296875,-3.173828125
4.5524999,1.015141487121582,-0.09397241473197937,8.771756172180176,2.3193359375,2.288818359375,3.326416015625
4.5574999,1.0869675874710083,-0.18495208024978638,9.196128845214844,-3.173828125,-2.349853515625,-1.953125
4.562499900000001,1.0211269855499268,-0.181959331035614,8.807669639587402,2.471923828125,1.5869140625,-0.6103515625
4.5674999000000005,1.1516109704971313,-0.1562216579914093,9.035717010498047,-2.410888671875,-2.13623046875,-3.509521484375
4.5724999,0.9894038438796997,-0.1041477769613266,8.654440879821777,2.38037109375,2.685546875,2.0751953125
4.5774999,1.169567584991455,-0.08918401598930359,9.09377670288086,-2.01416015625,-1.922607421875,-0.1220703125
4.5824999,0.93254154920578,-0.29388827085494995,8.910619735717773,0.244140625,-0.030517578125,-2.197265625
4.5874999,1.0181342363357544,-0.12509703636169434,8.785523414611816,2.38037109375,1.64794921875,3.021240234375
4.5924999,1.0444705486297607,-0.28730419278144836,9.149441719055176,-3.2958984375,-2.593994140625,-3.0517578125
4.5974999,0.960673451423645,-0.18555063009262085,8.686761856079102,1.8310546875,2.25830078125,0.30517578125
4.602499900000001,1.115697979927063,-0.03770867735147476,8.974664688110352,0.396728515625,-0.396728515625,2.197265625
4.6074999000000005,1.0672154426574707,-0.19273324310779572,9.106346130371094,-1.739501953125,-1.556396484375,-3.173828125
4.6124999,0.9965864419937134,-0.013766659423708916,8.767566680908203,3.2958984375,2.74658203125,2.5634765625
4.6174999,1.1348515748977661,-0.1825578808784485,9.255983352661133,-2.716064453125,-2.25830078125,-1.03759765625
4.6224999,0.9906009435653687,-0.22266076505184174,8.932168006896973,-0.06103515625,0.732421875,-1.739501953125
4.6274999,0.9864110946655273,-0.028730420395731926,8.71609115600586,3.84521484375,2.471923828125,2.655029296875
4.6324999,1.1085153818130493,-0.26815059781074524,9.170391082763672,-3.173828125,-2.3193359375,-0.79345703125
4.6374999,0.9876081943511963,-0.17537526786327362,8.886079788208008,0.732421875,1.15966796875,-2.0751953125
4.6424999,1.0809820890426636,-0.11971008777618408,8.834005355834961,1.251220703125,1.0986328125,2.8076171875
4.647499900000001,1.1276689767837524,-0.1909375786781311,9.1260986328125,-3.204345703125,-2.38037109375,-2.74658203125
4.6524999000000005,0.9900023937225342,-0.07122749835252762,8.59997272491455,3.2958984375,2.532958984375,0.885009765625
4.6574999,1.1318588256835938,-0.10235211998224258,8.846575736999512,-0.885009765625,-0.8544921875,1.373291015625
4.6624999,1.1318588256835938,-0.10235211998224258,8.846575736999512,-0.885009765625,-0.8544921875,1.373291015625
4.6674999,1.003769040107727,-0.10654197633266449,8.671798706054688,2.3193359375,2.62451171875,2.62451171875
4.6724999,1.1354501247406006,-0.10175357013940811,9.167398452758789,-2.3193359375,-2.227783203125,-0.701904296875
4.6774999,1.0085574388504028,-0.23104046285152435,8.942343711853027,1.068115234375,1.03759765625,-1.861572265625
4.6824999,1.0857704877853394,-0.07541735470294952,8.784924507141113,1.678466796875,1.28173828125,2.960205078125
4.687499900000001,1.1252747774124146,-0.1628057211637497,9.09377670288086,-3.082275390625,-2.593994140625,-2.86865234375
4.6924999000000005,1.0091559886932373,-0.07841010391712189,8.60116958618164,1.678466796875,2.410888671875,0.518798828125
4.6974999,1.12467622756958,0.035913024097681046,8.902240753173828,0,-0.640869140625,1.983642578125
4.7024999,1.081580638885498,-0.1496376097202301,9.019556045532227,-1.89208984375,-1.708984375,-3.2958984375
4.7074999,0.9696516990661621,-0.028730420395731926,8.655038833618164,3.082275390625,2.74658203125,1.861572265625
4.7124999,1.1336544752120972,-0.19931729137897491,9.179967880249023,-2.593994140625,-2.13623046875,-0.457763671875
4.7174999,0.9217676520347595,-0.3387795388698578,8.898050308227539,-0.579833984375,0.3662109375,-2.044677734375
4.7224999,1.0115501880645752,-0.3100491166114807,9.042301177978516,-3.0517578125,-2.655029296875,-2.227783203125
4.727499900000001,0.9816226959228516,-0.03232172131538391,8.668806076049805,1.953125,2.227783203125,-0.79345703125
4.7324999000000005,1.0636241436004639,0.0065840547904372215,8.784924507141113,0,-0.244140625,2.0751953125
4.7374999,1.1468225717544556,-0.11372458189725876,8.984840393066406,-3.082275390625,-2.01416015625,-2.86865234375
4.7424999,1.0133458375930786,-0.021547814831137657,8.531139373779297,3.84521484375,2.685546875,1.617431640625
4.7474999,1.1851298809051514,-0.1759738177061081,8.992023468017578,-1.495361328125,-1.617431640625,0.30517578125
4.7524999,1.004966139793396,-0.3214215636253357,8.892663955688477,-1.708984375,-0.640869140625,-3.082275390625
4.7574999,1.0211269855499268,-0.08918401598930359,8.706514358520508,3.204345703125,2.01416015625,3.021240234375
4.7624999,1.0947487354278564,-0.29568392038345337,9.148842811584473,-2.471923828125,-2.685546875,-1.28173828125
4.7674999,1.0097545385360718,-0.06883329898118973,8.842385292053223,0.6103515625,1.556396484375,-1.800537109375
4.772499900000001,1.0797849893569946,-0.02214636653661728,8.804078102111816,1.373291015625,0.91552734375,2.655029296875
4.7774999000000005,1.1348515748977661,-0.07481880486011505,9.047688484191895,-3.173828125,-2.44140625,-2.62451171875
4.7824999,1.0097545385360718,0.03411737456917763,8.636484146118164,3.72314453125,2.25830078125,0.54931640625
4.7874999,1.0857704877853394,-0.13287819921970367,8.989628791809082,-2.655029296875,-1.251220703125,-3.631591796875
4.7924999,0.9690531492233276,-0.021547814831137657,8.645462036132812,3.143310546875,2.716064453125,2.0751953125
4.7974999,1.14742112159729,-0.17896658182144165,9.061454772949219,-2.0751953125,-2.0751953125,0.244140625
4.8024999,1.1569979190826416,-0.0347159244120121,8.957306861877441,-3.11279296875,-2.44140625,-3.021240234375
4.8074999,0.9995791912078857,-0.046088382601737976,8.507197380065918,1.52587890625,2.44140625,0.6103515625
4.812499900000001,1.1300631761550903,-0.030526071786880493,8.844181060791016,0.030517578125,-0.6103515625,1.495361328125
4.8174999000000005,1.036689281463623,-0.1999158412218094,8.888473510742188,-1.007080078125,-1.64794921875,-3.204345703125
4.8224999,1.1492167711257935,-0.10654197633266449,9.013570785522461,-2.38037109375,-1.953125,-0.213623046875
4.8274999,1.1492167711257935,-0.10654197633266449,9.013570785522461,-2.38037109375,-1.953125,-0.213623046875
4.8324999,0.9493009448051453,-0.2777273952960968,8.839991569519043,-0.18310546875,-0.18310546875,-2.13623046875
4.8374999,1.0480618476867676,-0.08140286058187485,8.627506256103516,2.532958984375,2.105712890625,2.655029296875
4.8424999,1.0678139925003052,-0.23044191300868988,8.976460456848145,-3.2958984375,-2.777099609375,-2.288818359375
4.8474999,1.025316834449768,-0.1867477297782898,8.610147476196289,0.6103515625,1.28173828125,-0.9765625
4.852499900000001,1.095347285270691,-0.04489128291606903,8.641871452331543,2.166748046875,0.54931640625,2.899169921875
4.8574999000000005,1.1468225717544556,-0.16400282084941864,8.794501304626465,-2.349853515625,-2.655029296875,-2.5634765625
4.8624999,1.0157400369644165,0.013766659423708916,8.406641006469727,2.50244140625,2.655029296875,0.18310546875
4.8674999,1.115697979927063,-0.05506663769483566,8.711302757263184,-0.762939453125,-0.823974609375,1.373291015625
4.8724999,1.0965443849563599,-0.18495208024978638,8.892663955688477,-2.5634765625,-1.52587890625,-2.99072265625
4.8774999,0.973242998123169,-0.09816227108240128,8.53413200378418,3.997802734375,2.655029296875,1.89208984375
4.8824999,1.159990668296814,-0.22864626348018646,9.062651634216309,-1.800537109375,-1.77001953125,0.244140625
4.8874999,0.9780313968658447,-0.21667525172233582,8.91540813446045,-1.434326171875,-0.091552734375,-3.0517578125
4.8924999,1.0073603391647339,-0.0999579206109047,8.671798706054688,2.288818359375,1.953125,2.532958984375
4.897499900000001,1.0732009410858154,-0.2106897532939911,8.989628791809082,-2.777099609375,-2.3193359375,-1.007080078125
4.9024999000000005,0.9792284965515137,-0.14784196019172668,8.689156532287598,1.434326171875,0.457763671875,-1.434326171875
4.9074999,1.0468647480010986,-0.10594342648983002,8.550890922546387,1.861572265625,1.03759765625,2.5634765625
4.9124999,1.0672154426574707,-0.16519992053508759,8.767566680908203,-3.72314453125,-1.953125,-2.655029296875
4.9174999,1.0103530883789062,-0.061052143573760986,8.44434928894043,2.3193359375,1.800537109375,0.030517578125
4.9224999,1.0642226934432983,-0.04967968538403511,8.565256118774414,1.03759765625,0.335693359375,2.5634765625
4.9274999,1.1234791278839111,-0.12330138683319092,8.762179374694824,-3.082275390625,-1.800537109375,-3.265380859375
4.9324999,0.9636662006378174,-0.10953472554683685,8.355764389038086,2.25830078125,2.410888671875,0.823974609375
4.937499900000001,1.1342530250549316,-0.0694318488240242,8.728062629699707,-0.42724609375,-1.129150390625,1.0986328125
4.9424999000000005,1.0241197347640991,-0.2603694200515747,8.7885160446167,-1.007080078125,-1.708984375,-2.777099609375
4.9474999,0.970848798751831,-0.07062894850969315,8.474875450134277,2.50244140625,2.9296875,2.197265625
4.9524999,1.1366472244262695,-0.14006079733371735,8.949525833129883,-2.3193359375,-2.01416015625,-0.335693359375
4.9574999,0.9463081955909729,-0.2849099934101105,8.777742385864258,-0.9765625,-0.030517578125,-2.685546875
4.9624999,1.0313023328781128,-0.10833762586116791,8.56884765625,3.11279296875,1.678466796875,2.532958984375
4.9674999,1.0570400953292847,-0.2819172441959381,8.854954719543457,-2.38037109375,-2.593994140625,-1.068115234375
4.9724999,1.0115501880645752,-0.12090718746185303,8.646659851074219,0.79345703125,1.617431640625,-1.52587890625
4.977499900000001,1.0636241436004639,-0.0520738884806633,8.578424453735352,1.15966796875,0.244140625,2.25830078125
4.9824999000000005,1.091755986213684,-0.1149216815829277,8.834005355834961,-3.448486328125,-2.105712890625,-2.50244140625
4.9874999,1.0247182846069336,-0.06464344263076782,8.506598472595215,2.3193359375,2.197265625,0.030517578125
4.9924999,1.0660183429718018,-0.08259996026754379,8.634688377380371,0.762939453125,-0.091552734375,2.410888671875
4.9974999,1.1288660764694214,-0.14664486050605774,8.804078102111816,-3.0517578125,-1.708984375,-3.23486328125
5.0024999,0.9702502489089966,-0.12030863761901855,8.3707275390625,2.166748046875,2.38037109375,0.732421875
5.0074999,1.1432312726974487,-0.0694318488240242,8.722675323486328,-0.213623046875,-1.03759765625,1.373291015625
5.0124999,1.0570400953292847,-0.26575639843940735,8.76337718963623,-1.129150390625,-1.5869140625,-2.74658203125
5.0174999,0.983418345451355,-0.09457096457481384,8.407837867736816,3.11279296875,2.86865234375,1.800537109375
5.022499900000001,1.1552022695541382,-0.16579847037792206,8.846575736999512,-2.105712890625,-1.861572265625,-0.18310546875
5.0274999000000005,0.9762357473373413,-0.33518823981285095,8.752602577209473,-0.9765625,-0.274658203125,-2.74658203125
5.0324999,1.0115501880645752,-0.12988543510437012,8.470685958862305,3.41796875,2.25830078125,2.716064453125
5.0374999,1.0654197931289673,-0.2795230448246002,8.845377922058105,-2.593994140625,-2.349853515625,-0.579833984375
5.0424999,1.0450690984725952,-0.09816227108240128,8.73105525970459,-3.35693359375,-2.532958984375,-2.105712890625
5.0474999,1.0295066833496094,-0.016759412363171577,8.45931339263916,1.861572265625,1.40380859375,-0.6103515625
5.0524999,1.0660183429718018,-0.03770867735147476,8.474276542663574,1.5869140625,0.701904296875,2.62451171875
5.0574999,1.1444283723831177,-0.04728548228740692,8.707113265991211,-3.692626953125,-2.105712890625,-3.0517578125
5.062499900000001,1.035492181777954,-0.04249707981944084,8.35336971282959,1.64794921875,1.89208984375,-0.06103515625
5.0674999000000005,1.136048674583435,-0.22086510062217712,8.780136108398438,-2.3193359375,-2.0751953125,-2.593994140625
5.0724999,0.9876081943511963,-0.15562310814857483,8.358158111572266,2.777099609375,2.685546875,1.0986328125
5.0774999,1.1342530250549316,-0.20949265360832214,8.743025779724121,-1.068115234375,-1.40380859375,0.67138671875
5.0824999,1.0217255353927612,-0.4129997789859772,8.667010307312012,-2.166748046875,-0.946044921875,-3.0517578125
5.0874999,0.9546879529953003,-0.1538274586200714,8.270770072937012,3.72314453125,2.410888671875,2.105712890625
5.0924999,1.1174936294555664,-0.25737667083740234,8.650250434875488,-1.0986328125,-2.25830078125,0.640869140625
5.0974999,0.9672574996948242,-0.19871874153614044,8.473678588867188,-1.3427734375,0.457763671875,-2.716064453125
5.102499900000001,1.0067617893218994,-0.046088382601737976,8.221688270568848,2.62451171875,1.64794921875,1.800537109375
5.1074999000000005,1.0684125423431396,-0.08499415963888168,8.608352661132812,-2.105712890625,-1.77001953125,-0.91552734375
5.1124999,0.9642647504806519,-0.19213469326496124,8.451532363891602,0.274658203125,0.67138671875,-1.495361328125
5.1174999,1.0444705486297607,-0.05267243832349777,8.394071578979492,2.8076171875,1.739501953125,2.86865234375
5.1224999,1.0660183429718018,-0.16759411990642548,8.710105895996094,-3.143310546875,-2.288818359375,-2.25830078125
5.1274999,1.1127052307128906,-0.1843535304069519,8.655637741088867,0.18310546875,-1.0986328125,1.8310546875
5.1324999,1.0630255937576294,-0.22744916379451752,8.701725959777832,-2.777099609375,-0.885009765625,-3.204345703125
5.1374999,0.9540894031524658,-0.13826514780521393,8.308478355407715,2.44140625,2.25830078125,1.007080078125
5.1424999,1.1330559253692627,-0.07781155407428741,8.680776596069336,-0.9765625,-1.28173828125,0.91552734375
5.147499900000001,1.0067617893218994,-0.24660277366638184,8.565855026245117,-1.40380859375,-0.54931640625,-2.38037109375
5.1524999000000005,0.9672574996948242,-0.05925649031996727,8.159439086914062,3.448486328125,2.44140625,1.861572265625
5.1574999,1.0336965322494507,-0.2537853717803955,8.250418663024902,-2.777099609375,-3.0517578125,-0.54931640625
5.1624999,1.0085574388504028,-0.10714052617549896,8.100781440734863,-0.42724609375,2.0751953125,-1.89208984375
5.1674999,1.0414776802062988,-0.016759412363171577,8.007407188415527,2.99072265625,0.823974609375,1.922607421875
5.1724999,1.1025298833847046,-0.07062894850969315,8.234258651733398,-3.5400390625,-2.38037109375,-1.708984375
5.1774999,1.0660183429718018,-0.07900865375995636,8.033743858337402,1.15966796875,2.25830078125,-0.946044921875
5.1824999,1.0851719379425049,-0.11971008777618408,8.083423614501953,2.838134765625,0.335693359375,2.50244140625
5.187499900000001,1.1402385234832764,-0.1693897694349289,8.316858291625977,-4.0283203125,-2.166748046875,-2.288818359375
5.1924999000000005,1.0307037830352783,-0.08858546614646912,8.010998725891113,1.89208984375,2.13623046875,-0.48828125
5.1974999,1.083974838256836,-0.09876082092523575,8.259995460510254,1.739501953125,-0.091552734375,2.3193359375
5.2024999,0.9427168965339661,-0.13946224749088287,7.858368396759033,3.387451171875,2.655029296875,0.67138671875
5.2074999,1.1073182821273804,-0.166995570063591,8.22228717803955,-0.54931640625,-1.800537109375,1.068115234375
5.2124999,1.0342950820922852,-0.3274070918560028,8.175600051879883,-3.509521484375,-0.67138671875,-2.685546875
5.2174999,0.9636662006378174,-0.05446808785200119,7.73087739944458,4.302978515625,2.50244140625,1.556396484375
5.2224999,1.0845733880996704,-0.10354922711849213,8.015189170837402,-1.220703125,-2.777099609375,0.640869140625
5.227499900000001,1.004966139793396,-0.08798690885305405,7.7877397537231445,-3.143310546875,0.54931640625,-2.74658203125
5.2324999000000005,0.9475052952766418,0.08080431073904037,7.489661693572998,4.45556640625,1.434326171875,1.434326171875
5.2374999,1.0516531467437744,0.060453593730926514,7.763797760009766,-2.471923828125,-2.44140625,-0.06103515625
5.2424999,1.0229226350784302,0.02454056777060032,7.705738067626953,-1.861572265625,1.251220703125,-2.288818359375
5.2474999,1.016338586807251,0.05746084079146385,7.6548614501953125,4.94384765625,1.129150390625,1.922607421875
5.2524999,1.1378443241119385,-0.21368250250816345,7.833827972412109,-4.058837890625,-3.11279296875,-1.0986328125
5.2574999,1.0360907316207886,-0.1951274424791336,7.603984832763672,0.457763671875,2.44140625,-1.495361328125
5.2624999,1.0923545360565186,-0.08559270948171616,7.769783020019531,4.08935546875,-0.091552734375,2.25830078125
5.2674999,1.1378443241119385,-0.17717093229293823,7.7649946212768555,-4.69970703125,-2.288818359375,-1.8310546875
5.272499900000001,1.0109516382217407,-0.2932897210121155,7.381922245025635,1.495361328125,2.8076171875,-1.220703125
5.2774999000000005,1.137245774269104,-0.18794482946395874,7.568071365356445,3.0517578125,-0.640869140625,2.0751953125
5.2824999,1.0821791887283325,-0.24181437492370605,7.577049732208252,-5.096435546875,-0.91552734375,-2.105712890625
5.2874999,1.0821791887283325,-0.24181437492370605,7.577049732208252,-5.096435546875,-0.91552734375,-2.105712890625
5.2924999,0.9720458984375,-0.03232172131538391,7.220912456512451,4.547119140625,2.288818359375,0.396728515625
5.2974999,1.0821791887283325,-0.0077811554074287415,7.666832447052002,0.42724609375,-2.01416015625,1.434326171875
5.3024999,1.026513934135437,-0.17896658182144165,7.643488883972168,-4.486083984375,-0.457763671875,-2.593994140625
5.3074999,0.9283517003059387,-0.033518824726343155,7.313687801361084,5.401611328125,2.5634765625,0.518798828125
5.312499900000001,1.0414776802062988,-0.13287819921970367,7.519588947296143,-0.885009765625,-1.861572265625,1.03759765625
5.3174999000000005,1.0546458959579468,-0.24660277366638184,7.4136457443237305,-3.875732421875,0.213623046875,-2.197265625
5.3224999,0.9744400978088379,-0.08619125932455063,7.067683219909668,5.523681640625,1.800537109375,1.190185546875
5.3274999,1.0905588865280151,-0.0017956512747332454,7.338826656341553,-1.89208984375,-2.471923828125,0.54931640625
5.3324999,1.091755986213684,0.01496376097202301,7.3867106437683105,-3.35693359375,1.03759765625,-2.349853515625
5.3374999,1.0965443849563599,0.1041477769613266,7.682993412017822,-2.471923828125,-2.50244140625,0.244140625
5.3424999,1.0450690984725952,-0.11971008777618408,7.619546890258789,-2.197265625,1.15966796875,-2.044677734375
5.3474999,0.9690531492233276,-0.1867477297782898,7.510012149810791,5.828857421875,1.28173828125,1.800537109375
5.352499900000001,1.106719732284546,-0.2537853717803955,7.527369976043701,-3.5400390625,-2.38037109375,-0.06103515625
5.3574999000000005,1.072602391242981,-0.3315969407558441,7.405864238739014,-1.617431640625,1.0986328125,-2.0751953125
5.3624999,1.0923545360565186,0.026336219161748886,7.703343868255615,4.8828125,0.030517578125,2.44140625
5.3674999,1.1623848676681519,0.016759412363171577,7.83921480178833,-4.791259765625,-2.227783203125,-0.274658203125
5.3724999,1.0678139925003052,-0.12210428714752197,7.613561630249023,-0.091552734375,2.685546875,-0.18310546875
5.3774999,1.2779051065444946,0.152031809091568,7.8541789054870605,4.21142578125,-0.244140625,5.035400390625
5.3824999,1.5717934370040894,0.7823054194450378,8.230667114257812,3.021240234375,3.021240234375,2.716064453125
5.3874999,1.9800047874450684,1.5280991792678833,9.015366554260254,-4.150390625,2.227783203125,8.819580078125
5.3924999,2.6001031398773193,2.493561029434204,9.718064308166504,-13.641357421875,7.415771484375,11.3525390625
5.397499900000001,3.398569345474243,4.066551685333252,10.976217269897461,-36.376953125,24.261474609375,22.186279296875
5.4024999000000005,4.435258865356445,5.7993550300598145,12.40076732635498,-78.033447265625,34.576416015625,38.39111328125
5.4074999,5.055955410003662,7.65725564956665,13.877989768981934,-107.23876953125,33.63037109375,40.58837890625
5.4124999,5.144540786743164,8.80467700958252,14.651317596435547,-133.697509765625,39.947509765625,40.802001953125
5.4174999,4.704007625579834,9.308655738830566,15.185224533081055,-184.234619140625,44.37255859375,49.224853515625
5.4224999,3.7271735668182373,8.376114845275879,14.996681213378906,-236.785888671875,46.478271484375,57.2509765625
5.4274999,2.6898856163024902,6.615179061889648,14.557344436645508,-272.15576171875,47.42431640625,68.450927734375
5.4324999,1.8584990501403809,4.393958568572998,13.792996406555176,-303.466796875,61.737060546875,76.416015625
5.437499900000001,1.07379949092865,1.4610615968704224,12.6766996383667,-323.2421875,70.526123046875,85.3271484375
5.4424999000000005,-0.48602294921875,-6.376357555389404,8.926780700683594,-313.873291015625,130.06591796875,71.22802734375
5.4474999,-0.8607155084609985,-8.003816604614258,7.964910507202148,-284.820556640625,158.660888671875,50.140380859375
5.4524999,-0.9630676507949829,-8.921992301940918,7.026981830596924,-260.589599609375,183.16650390625,19.775390625
5.4574999,-0.950498104095459,-8.80048656463623,5.609015941619873,-202.301025390625,194.793701171875,-11.3525390625
5.4624999,-0.9469067454338074,-7.8098859786987305,3.5422213077545166,-121.09375,184.173583984375,-34.423828125
5.4674999,-1.0947487354278564,-6.7749924659729,0.922366201877594,-45.806884765625,153.717041015625,-65.4296875
5.4724999,-1.6974890232086182,-6.067505836486816,-1.1426327228546143,27.77099609375,113.46435546875,-99.365234375
5.477499900000001,-2.7527334690093994,-5.547365188598633,-2.054224967956543,60.333251953125,85.14404296875,-118.194580078125
5.4824999000000005,-3.914519786834717,-5.738901615142822,-1.105522632598877,62.68310546875,53.192138671875,-128.90625
5.4874999,-5.111021995544434,-6.1967926025390625,1.2725181579589844,74.188232421875,16.2353515625,-130.157470703125
5.4924999,-5.80414342880249,-6.218938827514648,3.997119665145874,82.977294921875,-10.1318359375,-112.274169921875
5.4974999,-2.454056739807129,-5.230731964111328,7.664438247680664,99.578857421875,-86.24267578125,-35.064697265625
5.5024999,-1.146224021911621,-4.879981517791748,7.107187747955322,114.990234375,-111.38916015625,-17.120361328125
5.5074999,-0.18914192914962769,-4.398148536682129,6.631340026855469,127.532958984375,-128.173828125,4.058837890625
5.5124999,0.5201402902603149,-4.2293572425842285,6.557119846343994,134.46044921875,-143.4326171875,-1.190185546875
5.5174999,0.7960720658302307,-4.098873138427734,6.845022678375244,155.09033203125,-140.5029296875,-7.75146484375
5.522499900000001,1.3623007535934448,-3.624222755432129,9.000402450561523,225.799560546875,-130.950927734375,33.8134765625
5.5274999000000005,2.3977930545806885,-2.580949544906616,10.096348762512207,285.552978515625,-84.503173828125,6.561279296875
5.5324999,2.9897594451904297,-1.9255367517471313,10.287285804748535,271.97265625,-36.376953125,-12.75634765625
5.5374999,3.1052796840667725,-0.8337807655334473,10.777499198913574,244.7509765625,-19.439697265625,-22.3388671875
5.5424999,3.6278140544891357,0.9798270463943481,11.847108840942383,163.116455078125,-7.598876953125,-17.822265625
5.5474999,3.8534677028656006,2.7269957065582275,12.934076309204102,-6.40869140625,39.0625,0.42724609375
5.5524999,3.867234230041504,4.52803373336792,13.628395080566406,-29.815673828125,27.52685546875,18.951416015625
5.5574999,3.447052001953125,5.913678169250488,13.326725006103516,21.514892578125,-14.007568359375,19.287109375
5.562499900000001,2.432508945465088,6.004059314727783,11.73936939239502,35.980224609375,-18.61572265625,11.23046875
5.5674999000000005,1.2551602125167847,5.541978359222412,9.997588157653809,11.871337890625,-6.072998046875,14.617919921875
5.5724999,0.5973533391952515,4.751891613006592,8.725667953491211,-19.775390625,4.547119140625,15.56396484375
5.5774999,0.37469255924224854,3.533243179321289,8.197148323059082,-35.400390625,3.173828125,4.21142578125
5.5824999,0.4387374520301819,2.294243812561035,8.428787231445312,-26.2451171875,-0.48828125,-2.0751953125
5.5874999,1.0259153842926025,-1.900996208190918,10.579379081726074,-6.04248046875,-5.859375,1.739501953125
5.5924999,1.14742112159729,-2.647987127304077,10.535085678100586,-6.16455078125,-5.767822265625,5.55419921875
5.5974999,1.1899182796478271,-2.9688100814819336,9.995193481445312,0.9765625,-2.532958984375,0.274658203125
5.602499900000001,1.1755530834197998,-2.7545289993286133,9.351752281188965,15.5029296875,1.40380859375,-0.701904296875
5.6074999000000005,1.314416766166687,-2.185307502746582,8.9064302444458,10.650634765625,4.791259765625,0.42724609375
5.6124999,1.3623007535934448,-1.5867571830749512,8.923190116882324,10.223388671875,5.523681640625,-3.84521484375
5.6174999,1.279700756072998,-0.8176198601722717,9.300276756286621,13.885498046875,6.4697265625,-0.396728515625
5.6224999,1.2880805730819702,-0.10654197633266449,9.807249069213867,1.495361328125,3.936767578125,2.50244140625
5.6274999,1.1659762859344482,0.3064578175544739,10.110115051269531,-1.251220703125,3.11279296875,-0.9765625
5.6324999,0.9433154463768005,0.6206967830657959,10.292673110961914,2.5634765625,2.960205078125,2.838134765625
5.6374999,0.9319429993629456,0.6212953329086304,10.183138847351074,-8.544921875,0.8544921875,5.218505859375
5.6424999,1.0869675874710083,-0.8978256583213806,9.603741645812988,-1.953125,-0.67138671875,2.25830078125
5.647499900000001,1.0875661373138428,-0.889445960521698,9.617507934570312,2.349853515625,-0.457763671875,-2.532958984375
5.6524999000000005,1.0552444458007812,-0.6224924325942993,9.654019355773926,6.256103515625,1.15966796875,0.396728515625
5.6574999,1.157596468925476,-0.42856210470199585,9.739013671875,-4.57763671875,0.518798828125,0.732421875
5.6624999,1.091755986213684,-0.39205053448677063,9.775525093078613,0.213623046875,0.274658203125,-2.288818359375
5.6674999,1.0420763492584229,-0.2298433631658554,9.803058624267578,3.72314453125,1.251220703125,2.13623046875
5.6724999,1.060032844543457,-0.27413609623908997,9.808445930480957,-5.9814453125,0.335693359375,2.25830078125
5.6774999,0.9636662006378174,-0.40222588181495667,9.780313491821289,0.42724609375,-0.67138671875,-2.197265625
5.6824999,1.0696096420288086,-0.5297171473503113,9.738415718078613,-4.791259765625,-0.42724609375,0.640869140625
5.687499900000001,1.0187327861785889,-0.5500678420066833,9.73542308807373,1.800537109375,0.030517578125,-2.899169921875
5.6924999000000005,1.0618284940719604,-0.3932476341724396,9.793481826782227,3.5400390625,0.3662109375,1.251220703125
5.6974999,1.1222820281982422,-0.40521863102912903,9.757569313049316,-6.072998046875,0.244140625,0.457763671875
5.7024999,1.0516531467437744,-0.4507084786891937,9.758167266845703,1.678466796875,0.54931640625,-2.532958984375
5.7074999,1.0983400344848633,-0.37169981002807617,9.785700798034668,2.685546875,1.373291015625,1.8310546875
5.7124999,1.1216834783554077,-0.4596867263317108,9.694122314453125,-5.43212890625,1.15966796875,0.42724609375
5.7174999,1.0181342363357544,-0.5351040959358215,9.710283279418945,2.9296875,0.9765625,-2.532958984375
5.7224999,1.0348936319351196,-0.47644615173339844,9.716269493103027,3.11279296875,1.251220703125,1.495361328125
5.727499900000001,0.9828197956085205,-0.43275195360183716,9.726444244384766,2.8076171875,0.335693359375,2.105712890625
5.7324999000000005,1.0031704902648926,-0.44173020124435425,9.697115898132324,-5.615234375,-0.274658203125,-0.1220703125
5.7374999,0.9421183466911316,-0.46567222476005554,9.742006301879883,2.960205078125,-0.457763671875,-2.50244140625
5.7424999,1.0043675899505615,-0.36571431159973145,9.762357711791992,1.953125,-0.1220703125,2.0751953125
5.7474999,1.0384849309921265,-0.4159925580024719,9.731831550598145,-5.67626953125,-0.732421875,-0.152587890625
5.7524999,0.9971849918365479,-0.48303020000457764,9.743802070617676,3.448486328125,-0.06103515625,-2.288818359375
5.7574999,1.0779893398284912,-0.39803603291511536,9.762357711791992,1.800537109375,0.579833984375,2.105712890625
5.7624999,1.0091559886932373,-0.5027823448181152,9.767744064331055,-5.43212890625,-0.67138671875,-0.48828125
5.7674999,0.9379284977912903,-0.5434837937355042,9.773730278015137,4.364013671875,-0.732421875,-1.8310546875
5.772499900000001,1.0091559886932373,-0.4423287510871887,9.806650161743164,1.068115234375,-0.3662109375,2.25830078125
5.7774999000000005,1.0313023328781128,-0.5135562419891357,9.724050521850586,-5.126953125,-0.8544921875,-0.885009765625
5.7824999,0.9840168952941895,-0.5297171473503113,9.740211486816406,4.425048828125,-0.42724609375,-2.044677734375
5.7874999,1.0666168928146362,-0.40222588181495667,9.7791166305542,1.03759765625,0.274658203125,2.197265625
5.7924999,1.1007342338562012,-0.44831427931785583,9.715670585632324,-5.37109375,-0.18310546875,-0.79345703125
5.7974999,1.0319008827209473,-0.4686649739742279,9.737217903137207,4.302978515625,0.42724609375,-1.77001953125
5.8024999,1.0893617868423462,-0.345363587141037,9.785101890563965,0.823974609375,0.640869140625,1.922607421875
5.8074999,1.1013327836990356,-0.42616790533065796,9.713874816894531,-5.035400390625,-0.18310546875,-1.03759765625
5.812499900000001,1.015141487121582,-0.4596867263317108,9.740809440612793,4.638671875,0.1220703125,-1.64794921875
5.8174999000000005,0.9894038438796997,-0.47824180126190186,9.728240013122559,4.69970703125,0.18310546875,-1.861572265625
5.8224999,1.035492181777954,-0.37409400939941406,9.75278091430664,0.213623046875,0.579833984375,2.166748046875
5.8274999,1.0576386451721191,-0.47165772318840027,9.6803560256958,-4.852294921875,-0.1220703125,-1.190185546875
5.8324999,0.970848798751831,-0.47465047240257263,9.72285270690918,5.0048828125,0.152587890625,-1.617431640625
5.8374999,1.0301052331924438,-0.3800795078277588,9.75936508178711,-0.030517578125,0.518798828125,2.410888671875
5.8424999,1.0534487962722778,-0.37648820877075195,9.774927139282227,0.06103515625,0.244140625,2.13623046875
5.8474999,1.0821791887283325,-0.4537012279033661,9.707290649414062,-4.7607421875,-0.396728515625,-1.3427734375
5.852499900000001,1.0845733880996704,-0.4537012279033661,9.715071678161621,-4.913330078125,-0.30517578125,-1.312255859375
5.8574999000000005,1.0845733880996704,-0.4537012279033661,9.715071678161621,-4.913330078125,-0.30517578125,-1.312255859375
5.8624999,0.9989806413650513,-0.46567222476005554,9.768342971801758,4.913330078125,0.18310546875,-1.3427734375
5.8674999,1.0414776802062988,-0.3944447338581085,9.783905029296875,-0.457763671875,0.335693359375,2.3193359375
5.8724999,1.0492589473724365,-0.48303020000457764,9.697713851928711,-4.364013671875,-0.30517578125,-1.373291015625
5.8774999,0.9624691009521484,-0.4950011968612671,9.731831550598145,5.0048828125,-0.1220703125,-1.495361328125
5.8824999,1.0145429372787476,-0.41539400815963745,9.75637149810791,-0.579833984375,0.152587890625,2.410888671875
5.8874999,1.0402805805206299,-0.4950011968612671,9.704896926879883,-4.241943359375,0.3662109375,-1.220703125
5.8924999,0.9702502489089966,-0.507570743560791,9.770736694335938,5.126953125,0.244140625,-1.46484375
5.897499900000001,1.0145429372787476,-0.4165911078453064,9.774328231811523,-0.67138671875,-0.30517578125,2.44140625
5.9024999000000005,1.0360907316207886,-0.48722004890441895,9.676166534423828,-4.058837890625,-0.762939453125,-1.129150390625
5.9074999,0.9678560495376587,-0.4776432514190674,9.724648475646973,4.913330078125,0.1220703125,-1.617431640625
5.9124999,1.0396820306777954,-0.46746787428855896,9.679159164428711,-4.82177734375,0.06103515625,-2.0751953125
5.9174999,0.9738415479660034,-0.4854243993759155,9.7605619430542,4.913330078125,0.274658203125,-1.617431640625
5.9224999,0.960673451423645,-0.5602431893348694,9.773730278015137,5.157470703125,0.274658203125,-1.068115234375
5.9274999,1.015141487121582,-0.4770447015762329,9.773131370544434,-0.30517578125,0.244140625,2.0751953125
5.9324999,0.9720458984375,-0.5351040959358215,9.755773544311523,5.2490234375,0.152587890625,-1.434326171875
5.937499900000001,1.0307037830352783,-0.40940847992897034,9.777320861816406,-0.30517578125,0.244140625,2.3193359375
5.9424999000000005,1.0570400953292847,-0.46327802538871765,9.701305389404297,-4.7607421875,-0.3662109375,-1.251220703125
5.9474999,0.9864110946655273,-0.4596867263317108,9.769539833068848,5.126953125,-0.091552734375,-1.556396484375
5.9524999,1.0402805805206299,-0.353743314743042,9.770736694335938,-0.79345703125,0.274658203125,1.983642578125
5.9574999,1.0576386451721191,-0.43514615297317505,9.712677955627441,-4.638671875,-0.213623046875,-1.373291015625
5.9624999,0.9780313968658447,-0.46088382601737976,9.766547203063965,5.096435546875,-0.06103515625,-1.251220703125
5.9674999,1.0223240852355957,-0.3902548849582672,9.787496566772461,-0.213623046875,0.1220703125,2.197265625
5.9724999,1.0456676483154297,-0.49619829654693604,9.721057891845703,-4.547119140625,-0.274658203125,-1.5869140625
5.977499900000001,0.9582792520523071,-0.5201402902603149,9.777320861816406,4.974365234375,0.18310546875,-1.495361328125
5.9824999000000005,1.0115501880645752,-0.4405331015586853,9.791088104248047,-0.30517578125,0.335693359375,2.288818359375
5.9874999,1.0372878313064575,-0.524330198764801,9.718663215637207,-4.730224609375,-0.518798828125,-1.129150390625
5.9924999,1.0115501880645752,-0.4255693554878235,9.761758804321289,-0.42724609375,0.06103515625,1.89208984375
5.9974999,1.037886381149292,-0.49799394607543945,9.673172950744629,-4.486083984375,-0.42724609375,-1.46484375
6.0024999,1.0336965322494507,-0.3944447338581085,9.773730278015137,-0.152587890625,0.518798828125,2.105712890625
6.0074999,1.0708067417144775,-0.4752490520477295,9.736021041870117,-4.7607421875,-0.30517578125,-1.40380859375
6.0124999,0.9917980432510376,-0.46627077460289,9.78989028930664,5.0048828125,-0.274658203125,-1.373291015625
6.017499900000001,1.0432734489440918,-0.383670836687088,9.800664901733398,0,-0.091552734375,2.3193359375
6.022499900000001,1.071405291557312,-0.4626794755458832,9.704896926879883,-4.57763671875,-0.274658203125,-1.3427734375
6.0274999000000005,0.9929951429367065,-0.4495113790035248,9.736021041870117,4.7607421875,0.335693359375,-1.678466796875
6.0324999,1.0552444458007812,-0.37409400939941406,9.762955665588379,-0.1220703125,0.244140625,2.13623046875
6.0374999,1.0809820890426636,-0.45250412821769714,9.695918083190918,-4.852294921875,-0.42724609375,-1.007080078125
6.0424999,0.9846154451370239,-0.4638765752315521,9.73542308807373,4.69970703125,0.213623046875,-1.40380859375
6.0474999,1.0480618476867676,-0.4926069974899292,9.701904296875,-5.06591796875,-0.335693359375,-1.312255859375
6.0524999,0.9588778018951416,-0.5267243981361389,9.744400978088379,4.82177734375,-0.091552734375,-1.739501953125
6.0574999,1.0211269855499268,-0.4471171796321869,9.780313491821289,0.48828125,0.244140625,2.197265625
6.062499900000001,1.049857497215271,-0.5123591423034668,9.701305389404297,-4.94384765625,-0.213623046875,-1.068115234375
6.0674999000000005,0.9696516990661621,-0.518943190574646,9.72285270690918,4.638671875,0.030517578125,-2.044677734375
6.0724999,1.0384849309921265,-0.39863458275794983,9.759963035583496,0.701904296875,0.3662109375,2.166748046875
6.0774999,1.071405291557312,-0.444722980260849,9.694122314453125,-5.06591796875,-0.18310546875,-0.79345703125
6.0824999,0.9894038438796997,-0.4596867263317108,9.72165584564209,4.39453125,-0.1220703125,-1.708984375
6.0874999,1.0558429956436157,-0.34177228808403015,9.765350341796875,0.48828125,0.274658203125,2.01416015625
6.0924999,1.0833762884140015,-0.4159925580024719,9.688735961914062,-5.279541015625,-0.518798828125,-1.0986328125
6.0974999,1.0019733905792236,-0.4495113790035248,9.712079048156738,4.486083984375,-0.18310546875,-1.800537109375
6.102499900000001,1.0755951404571533,-0.35733461380004883,9.756970405578613,0.9765625,0.48828125,2.0751953125
6.1074999000000005,1.002571940422058,-0.49140989780426025,9.71926212310791,4.39453125,0.152587890625,-1.922607421875
6.1124999,1.0504560470581055,-0.3926490843296051,9.764153480529785,1.03759765625,0.3662109375,2.044677734375
6.1174999,1.05105459690094,-0.48063600063323975,9.707889556884766,-5.2490234375,-0.42724609375,-0.640869140625
6.1224999,0.9600749015808105,-0.518943190574646,9.746196746826172,4.058837890625,0.06103515625,-2.044677734375
6.1274999,1.0223240852355957,-0.42676645517349243,9.791088104248047,0.9765625,0.274658203125,1.953125
6.1324999,1.0360907316207886,-0.5063736438751221,9.739612579345703,-5.035400390625,-0.396728515625,-0.762939453125
6.1374999,0.973242998123169,-0.5392939448356628,9.758766174316406,4.0283203125,0.06103515625,-1.922607421875
6.142499900000001,1.0516531467437744,-0.4315548539161682,9.794678688049316,1.52587890625,0.244140625,1.983642578125
6.147499900000001,1.0690110921859741,-0.49559974670410156,9.737217903137207,-5.096435546875,-0.06103515625,-0.8544921875
6.1524999000000005,1.0079588890075684,-0.5165489912033081,9.765350341796875,3.90625,-0.1220703125,-2.105712890625
6.1574999,1.0618284940719604,-0.40701428055763245,9.800065994262695,1.64794921875,0.213623046875,2.0751953125
6.1624999,1.016338586807251,-0.41778820753097534,9.801861763000488,2.25830078125,0.274658203125,1.8310546875
6.1674999,1.0313023328781128,-0.48243165016174316,9.754576683044434,-5.401611328125,-0.18310546875,-0.518798828125
6.1724999,0.9672574996948242,-0.5237316489219666,9.768342971801758,3.2958984375,0.091552734375,-2.410888671875
6.1774999,1.0169371366500854,-0.44592007994651794,9.785101890563965,2.227783203125,0.244140625,2.01416015625
6.1824999,1.0408791303634644,-0.4884171485900879,9.732429504394531,-5.340576171875,-0.396728515625,-0.152587890625
6.187499900000001,0.9756371974945068,-0.5213374495506287,9.748590469360352,3.021240234375,-0.06103515625,-2.50244140625
6.1924999000000005,1.0247182846069336,-0.436343252658844,9.762955665588379,2.74658203125,0.30517578125,1.678466796875
6.1974999,1.0576386451721191,-0.4644751250743866,9.72285270690918,-5.31005859375,-0.396728515625,0.091552734375
6.2024999,0.9923965930938721,-0.4967968463897705,9.743204116821289,2.99072265625,-0.244140625,-2.13623046875
6.2074999,1.0546458959579468,-0.37648820877075195,9.77133560180664,3.082275390625,0.152587890625,1.800537109375
6.2124999,1.0905588865280151,-0.4100070297718048,9.727043151855469,-5.523681640625,-0.335693359375,0.335693359375
6.2174999,1.0079588890075684,-0.4626794755458832,9.730035781860352,2.3193359375,-0.244140625,-2.5634765625
6.2224999,1.0450690984725952,-0.40282443165779114,9.762955665588379,3.387451171875,0.3662109375,1.495361328125
6.227499900000001,1.080383539199829,-0.4471171796321869,9.72285270690918,-5.37109375,-0.1220703125,0.48828125
6.2324999000000005,0.9965864419937134,-0.5105634927749634,9.729436874389648,1.983642578125,-0.18310546875,-2.471923828125
6.2374999,1.027711033821106,-0.43754035234451294,9.778518676757812,3.662109375,0.3662109375,1.40380859375
6.2424999,1.0582371950149536,-0.46806642413139343,9.743204116821289,-5.584716796875,0,0.42724609375
6.2474999,0.9917980432510376,-0.5285200476646423,9.748590469360352,1.678466796875,-0.1220703125,-2.655029296875
6.2524999,1.0247182846069336,-0.4429273009300232,9.785101890563965,4.0283203125,0.213623046875,1.434326171875
6.2574999,1.0420763492584229,-0.5135562419891357,9.73781681060791,1.0986328125,-0.152587890625,-2.50244140625
6.2624999,1.025316834449768,-0.41958385705947876,9.767744064331055,4.180908203125,0.3662109375,1.129150390625
6.267499900000001,1.0642226934432983,-0.4495113790035248,9.743802070617676,-5.126953125,0.06103515625,0.762939453125
6.272499900000001,1.026513934135437,-0.5219359993934631,9.720458984375,0.54931640625,-0.18310546875,-2.593994140625
6.2774999000000005,0.993593692779541,-0.43993455171585083,9.750985145568848,4.364013671875,0.18310546875,1.0986328125
6.2824999,1.061229944229126,-0.4686649739742279,9.749788284301758,-4.791259765625,-0.091552734375,1.03759765625
6.2874999,1.0271124839782715,-0.5434837937355042,9.725247383117676,0.396728515625,-0.152587890625,-2.532958984375
6.2924999,0.9882067441940308,-0.4429273009300232,9.75637149810791,4.669189453125,0.30517578125,0.8544921875
6.2974999,1.0678139925003052,-0.4572925269603729,9.759963035583496,-4.547119140625,0,1.28173828125
6.3024999,1.0785878896713257,-0.42018240690231323,9.75278091430664,-4.57763671875,-0.152587890625,1.129150390625
6.3074999,1.0408791303634644,-0.48303020000457764,9.719860076904297,-0.732421875,-0.274658203125,-2.62451171875
6.312499900000001,0.9864110946655273,-0.40462008118629456,9.748590469360352,5.06591796875,-0.030517578125,0.518798828125
6.3174999000000005,1.0911574363708496,-0.40282443165779114,9.73542308807373,-4.119873046875,-0.1220703125,1.373291015625
6.3224999,1.0564415454864502,-0.4686649739742279,9.70429801940918,-1.03759765625,-0.30517578125,-2.410888671875
6.3274999,0.9995791912078857,-0.4076128304004669,9.756970405578613,5.218505859375,0.152587890625,0.54931640625
6.3324999,1.0995371341705322,-0.4016273319721222,9.743802070617676,-3.90625,0.030517578125,1.495361328125
6.3374999,1.0558429956436157,-0.4752490520477295,9.712677955627441,-1.52587890625,-0.274658203125,-2.62451171875
6.3424999,0.9870096445083618,-0.444722980260849,9.775525093078613,5.279541015625,0.213623046875,0
6.3474999,1.0749965906143188,-0.41958385705947876,9.7605619430542,-3.662109375,0.152587890625,1.739501953125
6.352499900000001,1.0360907316207886,-0.5027823448181152,9.731232643127441,-1.708984375,-0.152587890625,-2.3193359375
6.3574999000000005,1.0426748991012573,-0.4159925580024719,9.750386238098145,-2.9296875,-0.030517578125,1.922607421875
6.3624999,1.0408791303634644,-0.497395396232605,9.707290649414062,-2.44140625,-0.244140625,-2.410888671875
6.3674999,0.9678560495376587,-0.4644751250743866,9.767744064331055,5.340576171875,0.213623046875,-0.396728515625
6.3724999,1.0414776802062988,-0.395043283700943,9.744400978088379,-2.777099609375,0,2.044677734375
6.3774999,1.0540473461151123,-0.4710591733455658,9.694721221923828,-2.74658203125,-0.244140625,-2.01416015625
6.3824999,0.9792284965515137,-0.4692635238170624,9.75397777557373,5.55419921875,0.3662109375,-0.6103515625
6.3874999,1.05105459690094,-0.38726213574409485,9.718663215637207,-2.227783203125,0.335693359375,1.800537109375
6.392499900000001,1.0594342947006226,-0.48303020000457764,9.68274974822998,-3.082275390625,-0.213623046875,-2.01416015625
6.397499900000001,0.9894038438796997,-0.46986207365989685,9.749788284301758,5.462646484375,0.06103515625,-0.48828125
6.4024999000000005,1.0654197931289673,-0.4836287498474121,9.708487510681152,-3.692626953125,-0.274658203125,-1.89208984375
6.4074999,0.9894038438796997,-0.48482584953308105,9.776124000549316,5.55419921875,0.213623046875,-0.91552734375
6.4124999,1.048660397529602,-0.41539400815963745,9.761758804321289,-1.64794921875,0.335693359375,2.25830078125
6.4174999,1.0444705486297607,-0.5249287486076355,9.741408348083496,-3.7841796875,-0.3662109375,-1.678466796875
6.4224999,0.9768342971801758,-0.5117605924606323,9.797073364257812,5.2490234375,0.06103515625,-1.129150390625
6.4274999,1.0301052331924438,-0.4405331015586853,9.789292335510254,-1.251220703125,0.091552734375,1.953125
6.4324999,1.0468647480010986,-0.5069721937179565,9.745597839355469,-4.241943359375,-0.274658203125,-1.52587890625
6.437499900000001,0.9810241460800171,-0.507570743560791,9.797073364257812,5.06591796875,0.244140625,-1.220703125
6.4424999000000005,1.0342950820922852,-0.42676645517349243,9.78989028930664,-0.762939453125,0.457763671875,2.166748046875
6.4474999,1.0342950820922852,-0.42676645517349243,9.78989028930664,-0.762939453125,0.457763671875,2.166748046875
6.4524999,1.0528502464294434,-0.5105634927749634,9.736021041870117,-4.21142578125,-0.274658203125,-1.678466796875
6.4574999,0.9774328470230103,-0.52552729845047,9.770736694335938,4.791259765625,-0.030517578125,-1.434326171875
6.4624999,1.058835744857788,-0.4967968463897705,9.720458984375,-4.7607421875,-0.274658203125,-1.251220703125
6.4674999,0.9774328470230103,-0.49799394607543945,9.762955665588379,4.69970703125,-0.030517578125,-1.5869140625
6.4724999,1.037886381149292,-0.3908534348011017,9.786299705505371,-0.030517578125,0.18310546875,2.197265625
6.477499900000001,1.0773907899856567,-0.4638765752315521,9.710283279418945,-5.126953125,-0.396728515625,-0.91552734375
6.4824999000000005,1.611896276473999,0.7715315222740173,10.689512252807617,-8.7890625,5.523681640625,-2.0751953125
6.4874999,3.247734546661377,3.0418331623077393,12.229581832885742,-62.80517578125,33.111572265625,-9.368896484375
6.4924999,5.5114521980285645,6.001665115356445,14.27662467956543,-154.1748046875,81.939697265625,16.876220703125
6.4974999,7.593809127807617,9.317035675048828,16.606781005859375,-253.11279296875,105.8349609375,63.5986328125
6.5024999,6.575076580047607,9.221267700195312,18.244415283203125,-389.434814453125,118.5302734375,74.371337890625
6.5074999,3.713406801223755,6.336853504180908,17.159242630004883,-397.735595703125,132.26318359375,79.9560546875
6.5124999,0.9415197968482971,2.299630641937256,14.843452453613281,-405.029296875,149.59716796875,86.3037109375
6.517499900000001,-0.8720879554748535,-0.8577227592468262,11.697470664978027,-377.38037109375,161.102294921875,84.53369140625
6.522499900000001,-1.48081374168396,-3.225588321685791,7.766790390014648,-335.479736328125,174.62158203125,78.369140625
6.5274999000000005,-1.349731206893921,-4.445434093475342,3.3189620971679688,-258.72802734375,170.71533203125,54.6875
6.5324999,-1.0881646871566772,-5.217564105987549,-1.2132617235183716,-138.0615234375,138.092041015625,19.439697265625
6.5374999,-1.0971429347991943,-5.458779811859131,-4.721964359283447,-27.313232421875,104.30908203125,-20.233154296875
6.5424999,-1.7094600200653076,-6.27400541305542,-6.3715691566467285,35.70556640625,86.334228515625,-67.779541015625
6.5474999,-3.064578056335449,-7.327454090118408,-5.305551052093506,67.2607421875,64.51416015625,-105.224609375
6.5524999,-4.547187805175781,-8.309077262878418,-2.0608091354370117,79.864501953125,28.839111328125,-120.330810546875
6.5574999,-5.834669589996338,-9.214085578918457,2.1499931812286377,86.5478515625,1.983642578125,-125.732421875
6.562499900000001,-0.973242998123169,-4.006097793579102,6.410475254058838,146.3623046875,-119.7509765625,-42.236328125
6.5674999000000005,-0.6925228238105774,-3.663727045059204,6.326079368591309,154.205322265625,-136.71875,-21.514892578125
6.5724999,-0.4411316514015198,-3.5045127868652344,6.398504257202148,159.423828125,-146.05712890625,-22.003173828125
6.5774999,-0.2364274114370346,-3.3859996795654297,6.738480567932129,176.177978515625,-158.99658203125,-33.050537109375
6.5824999,0.008978256024420261,-2.934692621231079,7.180809497833252,188.78173828125,-147.735595703125,-25.543212890625
6.5874999,0.5440823435783386,-2.9897594451904297,8.021772384643555,195.343017578125,-143.341064453125,-22.15576171875
6.5924999,1.5418659448623657,-3.2848446369171143,9.20091724395752,224.2431640625,-133.270263671875,-19.71435546875
6.5974999,5.733514308929443,2.0266916751861572,15.051149368286133,-5.7373046875,34.454345703125,18.12744140625
6.602499900000001,5.185242176055908,3.927687883377075,15.170859336853027,-22.613525390625,15.411376953125,35.064697265625
6.6074999000000005,3.9169139862060547,5.716156482696533,14.018649101257324,19.22607421875,-17.27294921875,40.46630859375
6.6124999,2.406172752380371,6.032191276550293,11.927912712097168,26.2451171875,-6.683349609375,34.210205078125
6.6174999,0.8942343592643738,5.694010257720947,9.77013874053955,7.904052734375,12.0849609375,22.247314453125
6.6224999,-0.20051439106464386,5.041590213775635,8.476072311401367,-17.333984375,-2.9296875,17.120361328125
6.6274999,-0.5991489887237549,3.7654807567596436,8.169015884399414,-41.412353515625,-23.345947265625,11.41357421875
6.6324999,-0.5560533404350281,2.369062662124634,8.699332237243652,-30.6396484375,-14.2822265625,3.7841796875
6.6374999,-0.14604631066322327,0.7829039692878723,9.624092102050781,-17.7001953125,2.227783203125,1.220703125
6.642499900000001,1.2868833541870117,-1.12467622756958,9.465476036071777,10.8642578125,7.26318359375,-5.18798828125
6.647499900000001,1.1779472827911377,-0.27413609623908997,9.88745403289795,11.65771484375,5.462646484375,2.0751953125
6.6524999000000005,1.161187767982483,0.2651578485965729,10.146626472473145,-2.44140625,3.204345703125,4.730224609375
6.6574999,0.9546879529953003,0.5781996846199036,10.200496673583984,-3.448486328125,1.15966796875,0.67138671875
6.6624999,0.7206547260284424,0.6703764796257019,10.187328338623047,-1.373291015625,-0.518798828125,2.960205078125
6.6674999,0.9570821523666382,-1.148618221282959,9.566033363342285,0.335693359375,-1.03759765625,-2.777099609375
6.6724999,0.9989806413650513,-1.1653777360916138,9.543886184692383,7.415771484375,1.3427734375,-0.6103515625
6.6774999,1.1773487329483032,-1.0540473461151123,9.570821762084961,-0.3662109375,2.38037109375,0.823974609375
6.6824999,1.1767501831054688,-0.9427168965339661,9.623494148254395,1.007080078125,2.50244140625,-2.38037109375
6.687499900000001,1.0678139925003052,-0.6961141228675842,9.75517463684082,6.65283203125,2.227783203125,0.9765625
6.6924999000000005,1.0618284940719604,-0.45010992884635925,9.813234329223633,-2.593994140625,1.007080078125,2.44140625
6.6974999,0.9187749028205872,-0.41359832882881165,9.838972091674805,-2.38037109375,-0.67138671875,-1.953125
6.7024999,0.7559691667556763,-0.3172317147254944,9.907805442810059,3.7841796875,-1.312255859375,-0.030517578125
6.7074999,0.7978677153587341,-0.31842881441116333,9.880870819091797,-5.0048828125,-1.800537109375,1.89208984375
6.7124999,0.9624691009521484,-0.6212953329086304,9.718064308166504,-2.349853515625,-0.396728515625,1.8310546875
6.7174999,1.025316834449768,-0.7451952695846558,9.648633003234863,-1.40380859375,0.18310546875,-2.74658203125
6.7224999,0.993593692779541,-0.7332242727279663,9.68813705444336,6.072998046875,0.9765625,-0.67138671875
6.727499900000001,1.0648212432861328,-0.6045359373092651,9.686341285705566,-1.495361328125,1.03759765625,1.922607421875
6.7324999000000005,1.0636241436004639,-0.6153098344802856,9.673172950744629,-2.288818359375,0.335693359375,-1.861572265625
6.7374999,0.9516952037811279,-0.5566518902778625,9.747393608093262,5.126953125,0.48828125,-0.1220703125
6.7424999,0.9810241460800171,-0.4207809567451477,9.736021041870117,-2.62451171875,0.42724609375,2.01416015625
6.7474999,0.9654618501663208,-0.5099649429321289,9.715670585632324,-3.5400390625,-0.274658203125,-2.105712890625
6.7524999,0.8732850551605225,-0.5410895943641663,9.768941879272461,4.791259765625,-0.213623046875,-0.54931640625
6.7574999,0.9433154463768005,-0.4950011968612671,9.744400978088379,-2.410888671875,0.1220703125,2.01416015625
6.7624999,0.9642647504806519,-0.6278793811798096,9.710882186889648,-3.11279296875,-0.457763671875,-1.922607421875
6.767499900000001,0.9696516990661621,-0.585382342338562,9.762955665588379,-3.875732421875,-0.030517578125,-1.556396484375
6.772499900000001,0.8930372595787048,-0.5877765417098999,9.821015357971191,4.852294921875,0.152587890625,-1.129150390625
6.7774999000000005,0.9331400990486145,-0.4842272996902466,9.821614265441895,-0.946044921875,0,2.13623046875
6.7824999,0.9522937536239624,-0.5734112858772278,9.765948295593262,-4.364013671875,-0.67138671875,-1.3427734375
6.7874999,0.8876502513885498,-0.6105214357376099,9.803657531738281,4.608154296875,-0.274658203125,-1.15966796875
6.7924999,0.9409212470054626,-0.5410895943641663,9.797672271728516,-0.335693359375,0.274658203125,2.105712890625
6.7974999,0.9762357473373413,-0.6302735805511475,9.725846290588379,-4.0283203125,-0.18310546875,-1.46484375
6.8024999,0.9648633003234863,-0.5117605924606323,9.755773544311523,0.42724609375,0.48828125,2.410888671875
6.8074999,0.9911994934082031,-0.5704185366630554,9.693524360656738,-4.8828125,-0.67138671875,-0.732421875
6.812499900000001,0.9097966551780701,-0.595557689666748,9.716269493103027,4.08935546875,-0.274658203125,-1.739501953125
6.8174999000000005,0.9726444482803345,-0.49140989780426025,9.762357711791992,0.8544921875,0.335693359375,2.044677734375
6.8224999,0.9983820915222168,-0.5716156363487244,9.710283279418945,-4.852294921875,-0.213623046875,-0.885009765625
6.8274999,0.922366201877594,-0.608127236366272,9.738415718078613,3.875732421875,-0.1220703125,-1.8310546875
6.8324999,0.9870096445083618,-0.5213374495506287,9.791686058044434,1.312255859375,0.244140625,2.227783203125
6.8374999,0.9870096445083618,-0.5943605899810791,9.747992515563965,-4.913330078125,-0.152587890625,-0.6103515625
6.8424999,0.912190854549408,-0.6338648796081543,9.774328231811523,3.60107421875,0.1220703125,-2.105712890625
6.8474999,0.9510966539382935,-0.5428852438926697,9.808445930480957,1.739501953125,0.54931640625,2.044677734375
6.852499900000001,0.8792705535888672,-0.6374561786651611,9.785101890563965,3.23486328125,-0.091552734375,-2.166748046875
6.8574999000000005,0.9139865040779114,-0.5482721924781799,9.803058624267578,2.227783203125,0.457763671875,1.953125
6.8624999,0.9397241473197937,-0.5889736413955688,9.754576683044434,-5.2490234375,-0.18310546875,-0.274658203125
6.8674999,0.8816647529602051,-0.6314706802368164,9.765350341796875,2.9296875,-0.152587890625,-2.38037109375
6.8724999,0.9289502501487732,-0.5452794432640076,9.777320861816406,2.716064453125,0.42724609375,1.800537109375
6.8774999,0.9726444482803345,-0.578798234462738,9.725247383117676,-5.37109375,-0.30517578125,0.152587890625
6.8824999,0.9139865040779114,-0.6302735805511475,9.734225273132324,2.44140625,-0.30517578125,-2.410888671875
6.8874999,0.9552865028381348,-0.5279214978218079,9.75637149810791,3.173828125,0.335693359375,1.64794921875
6.892499900000001,1.003769040107727,-0.5512649416923523,9.716867446899414,-5.279541015625,-0.244140625,0.213623046875
6.897499900000001,0.9343371987342834,-0.5859808921813965,9.739612579345703,1.89208984375,-0.30517578125,-2.5634765625
6.9024999000000005,0.9684545993804932,-0.497395396232605,9.780313491821289,3.23486328125,0.244140625,1.52587890625
6.9074999,1.004966139793396,-0.5327098965644836,9.752182006835938,-5.2490234375,-0.30517578125,0.518798828125
6.9124999,0.9798270463943481,-0.5638344883918762,9.766547203063965,-5.096435546875,-0.213623046875,0.79345703125
6.9174999,0.933738648891449,-0.6326677799224854,9.750386238098145,0.9765625,-0.396728515625,-2.44140625
6.9224999,0.9313444495201111,-0.5692214369773865,9.7605619430542,4.180908203125,0.42724609375,1.220703125
6.9274999,0.9780313968658447,-0.5746083855628967,9.742006301879883,-4.852294921875,-0.1220703125,1.007080078125
6.9324999,0.970848798751831,-0.6308721303939819,9.716269493103027,0.457763671875,-0.244140625,-2.532958984375
6.937499900000001,0.9319429993629456,-0.5841852426528931,9.73781681060791,4.39453125,0.396728515625,0.9765625
6.9424999000000005,1.0103530883789062,-0.5656301379203796,9.734225273132324,-4.486083984375,0,1.007080078125
6.9474999,0.9864110946655273,-0.6386532783508301,9.721057891845703,0.06103515625,-0.30517578125,-2.532958984375
6.9524999,0.9241618514060974,-0.5746083855628967,9.741408348083496,4.5166015625,0.3662109375,0.67138671875
6.9574999,1.0127472877502441,-0.52552729845047,9.743802070617676,-4.180908203125,0.244140625,1.15966796875
6.9624999,0.9870096445083618,-0.596754789352417,9.725247383117676,-0.79345703125,-0.3662109375,-2.655029296875
6.9674999,1.01753568649292,-0.50876784324646,9.753378868103027,-4.08935546875,0.274658203125,1.52587890625
6.9724999,0.9768342971801758,-0.596754789352417,9.725247383117676,-1.220703125,-0.457763671875,-2.44140625
6.977499900000001,0.9038111567497253,-0.5776011347770691,9.776124000549316,4.913330078125,0.152587890625,0.30517578125
6.9824999000000005,0.9858125448226929,-0.5482721924781799,9.7605619430542,-3.23486328125,0.18310546875,1.556396484375
6.9874999,0.9570821523666382,-0.6386532783508301,9.744400978088379,-1.678466796875,-0.244140625,-2.410888671875
6.9924999,0.8810662031173706,-0.6147112846374512,9.799467086791992,5.340576171875,0.06103515625,0.213623046875
6.9974999,0.9498994946479797,-0.547075092792511,9.773131370544434,-3.0517578125,-0.06103515625,1.861572265625
7.0024999,0.9487023949623108,-0.6212953329086304,9.730634689331055,-2.25830078125,-0.30517578125,-2.3193359375
7.0074999,0.8762778043746948,-0.6093243360519409,9.771934509277344,5.31005859375,0.30517578125,-0.3662109375
7.0124999,0.8762778043746948,-0.6093243360519409,9.771934509277344,5.31005859375,0.30517578125,-0.3662109375
7.017499900000001,0.9570821523666382,-0.5231330990791321,9.734824180603027,-2.8076171875,0.30517578125,1.922607421875
7.022499900000001,0.9840168952941895,-0.6033388376235962,9.693524360656738,-2.86865234375,-0.42724609375,-2.0751953125
7.0274999000000005,0.9774328470230103,-0.49559974670410156,9.749788284301758,-1.52587890625,0.1220703125,2.105712890625
7.0324999,0.9774328470230103,-0.49559974670410156,9.749788284301758,-1.52587890625,0.1220703125,2.105712890625
7.0374999,0.9804255962371826,-0.5871779918670654,9.73661994934082,-3.72314453125,-0.213623046875,-1.739501953125
7.0424999,0.9558850526809692,-0.5267243981361389,9.806051254272461,-0.9765625,0.30517578125,2.105712890625
7.0474999,0.9654618501663208,-0.6177040338516235,9.755773544311523,-4.119873046875,-0.3662109375,-1.40380859375
7.0524999,0.889445960521698,-0.6434416770935059,9.807249069213867,5.126953125,-0.030517578125,-1.190185546875
7.0574999,0.9313444495201111,-0.5500678420066833,9.809642791748047,-0.457763671875,0.30517578125,1.89208984375
7.062499900000001,0.9570821523666382,-0.6278793811798096,9.745597839355469,-4.486083984375,-0.152587890625,-1.434326171875
7.0674999000000005,0.882861852645874,-0.6458359360694885,9.787496566772461,4.82177734375,0.091552734375,-1.52587890625
7.0724999,0.9852139949798584,-0.6003460884094238,9.718663215637207,-4.974365234375,-0.48828125,-1.129150390625
7.0774999,0.9068039059638977,-0.6111199855804443,9.745597839355469,4.39453125,-0.244140625,-1.800537109375
7.0824999,0.9792284965515137,-0.5057750940322876,9.767146110534668,0.6103515625,0.335693359375,2.166748046875
7.0874999,1.0055646896362305,-0.5877765417098999,9.697713851928711,-4.94384765625,-0.18310546875,-0.946044921875
7.0924999,0.9193734526634216,-0.6230909824371338,9.733627319335938,3.997802734375,0.030517578125,-1.8310546875
7.0974999,0.9786299467086792,-0.5327098965644836,9.77791976928711,1.312255859375,0.213623046875,2.105712890625
7.102499900000001,0.9798270463943481,-0.6129156351089478,9.729436874389648,-5.096435546875,-0.396728515625,-0.8544921875
7.1074999000000005,0.9014169573783875,-0.645237386226654,9.771934509277344,3.326416015625,-0.030517578125,-1.922607421875
7.1124999,0.9487023949623108,-0.5578489899635315,9.809642791748047,1.953125,0.3662109375,1.922607421875
7.1174999,0.9522937536239624,-0.6105214357376099,9.753378868103027,-5.31005859375,-0.213623046875,-0.518798828125
7.1224999,0.9427168965339661,-0.5410895943641663,9.784503936767578,2.86865234375,0.48828125,1.739501953125
7.1274999,0.9917980432510376,-0.5692214369773865,9.739013671875,-5.2490234375,-0.335693359375,0.244140625
7.1324999,0.9247604012489319,-0.6057330369949341,9.743802070617676,2.349853515625,-0.335693359375,-2.3193359375
7.1374999,0.9654618501663208,-0.5261258482933044,9.761758804321289,3.23486328125,0.244140625,1.46484375
7.142499900000001,1.0067617893218994,-0.5410895943641663,9.725846290588379,-5.340576171875,-0.06103515625,0.42724609375
7.147499900000001,0.945111095905304,-0.5841852426528931,9.744400978088379,1.5869140625,-0.30517578125,-2.38037109375
7.1524999000000005,0.9720458984375,-0.5171475410461426,9.773131370544434,3.753662109375,0.3662109375,1.46484375
7.1574999,1.0079588890075684,-0.5410895943641663,9.765948295593262,-5.096435546875,-0.030517578125,0.640869140625
7.1624999,0.9636662006378174,-0.6057330369949341,9.761159896850586,0.885009765625,-0.48828125,-2.62451171875
7.1674999,0.9522937536239624,-0.5536591410636902,9.788095474243164,4.39453125,0.1220703125,1.0986328125
7.1724999,0.9876081943511963,-0.5734112858772278,9.776124000549316,-4.7607421875,-0.06103515625,0.823974609375
7.1774999,0.9175778031349182,-0.5590460896492004,9.758766174316406,4.69970703125,0.18310546875,0.732421875
7.1824999,1.0217255353927612,-0.5351040959358215,9.75278091430664,-4.21142578125,0.030517578125,1.03759765625
7.187499900000001,0.9888052940368652,-0.606930136680603,9.715670585632324,-0.9765625,-0.457763671875,-2.532958984375
7.1924999000000005,0.9247604012489319,-0.5452794432640076,9.75278091430664,4.974365234375,0.152587890625,0.42724609375
7.1974999,1.0241197347640991,-0.5309142470359802,9.738415718078613,-3.692626953125,0.274658203125,1.40380859375
7.2024999,0.9882067441940308,-0.5997475385665894,9.70549488067627,-1.312255859375,-0.30517578125,-2.532958984375
7.2074999,0.9175778031349182,-0.5674257874488831,9.750386238098145,5.035400390625,0.213623046875,0.152587890625
7.2124999,0.9941922426223755,-0.5261258482933044,9.73542308807373,-3.448486328125,0.18310546875,1.708984375
7.2174999,0.9714473485946655,-0.6105214357376099,9.701305389404297,-2.0751953125,-0.244140625,-2.3193359375
7.2224999,0.9588778018951416,-0.5351040959358215,9.740211486816406,-2.593994140625,0.18310546875,1.800537109375
7.227499900000001,0.9612720012664795,-0.6153098344802856,9.695918083190918,-2.593994140625,-0.274658203125,-2.227783203125
7.2324999000000005,0.8852560520172119,-0.606930136680603,9.758766174316406,5.31005859375,0.1220703125,-0.274658203125
7.2374999,0.9600749015808105,-0.5219359993934631,9.723451614379883,-2.349853515625,0.213623046875,1.983642578125
7.2424999,0.9828197956085205,-0.5925649404525757,9.694122314453125,-3.23486328125,-0.335693359375,-2.044677734375
7.2474999,0.9097966551780701,-0.596754789352417,9.752182006835938,5.31005859375,-0.030517578125,-0.518798828125
7.2524999,0.9798270463943481,-0.5069721937179565,9.742006301879883,-1.64794921875,-0.06103515625,2.197265625
7.2574999,0.9882067441940308,-0.595557689666748,9.719860076904297,-3.448486328125,-0.457763671875,-1.89208984375
7.2624999,0.9074024558067322,-0.6200982332229614,9.780313491821289,5.035400390625,-0.030517578125,-0.9765625
7.267499900000001,0.9564836025238037,-0.5380968451499939,9.780313491821289,-1.190185546875,0.18310546875,2.0751953125
7.272499900000001,0.961870551109314,-0.6153098344802856,9.739013671875,-3.936767578125,-0.30517578125,-1.5869140625
7.2774999000000005,0.8870517015457153,-0.6374561786651611,9.79527759552002,4.7607421875,0.030517578125,-1.15966796875
7.2824999,0.961870551109314,-0.6200982332229614,9.75278091430664,-4.425048828125,-0.518798828125,-1.28173828125
7.2874999,0.8876502513885498,-0.6488286852836609,9.785101890563965,4.669189453125,-0.06103515625,-1.5869140625
7.2924999,0.9445125460624695,-0.5536591410636902,9.802460670471191,0.213623046875,0.3662109375,2.105712890625
7.2974999,0.9894038438796997,-0.6099228858947754,9.741408348083496,-4.486083984375,-0.3662109375,-1.007080078125
7.3024999,0.9014169573783875,-0.629675030708313,9.75397777557373,4.302978515625,-0.18310546875,-1.556396484375
7.3074999,0.9738415479660034,-0.5285200476646423,9.79408073425293,1.007080078125,0.244140625,1.922607421875
7.312499900000001,0.9923965930938721,-0.579995334148407,9.716269493103027,-4.913330078125,-0.30517578125,-0.91552734375
7.3174999000000005,0.9074024558067322,-0.6206967830657959,9.738415718078613,3.875732421875,-0.274658203125,-1.953125
7.3224999,0.9702502489089966,-0.5279214978218079,9.780313491821289,1.373291015625,0.274658203125,2.044677734375
7.3274999,0.9690531492233276,-0.5925649404525757,9.71926212310791,-5.18798828125,-0.18310546875,-0.67138671875
7.3324999,0.8954314589500427,-0.6177040338516235,9.762955665588379,3.23486328125,-0.1220703125,-2.50244140625
7.3374999,0.9265560507774353,-0.5237316489219666,9.791686058044434,1.64794921875,0.244140625,1.373291015625
7.3424999,0.851138710975647,-0.5805938839912415,9.793481826782227,1.251220703125,-1.434326171875,-4.33349609375
7.3474999,0.912190854549408,-0.5494692921638489,9.801262855529785,1.220703125,0.335693359375,2.8076171875
7.352499900000001,0.9888052940368652,-0.6422445774078369,9.763554573059082,-4.302978515625,-0.54931640625,4.364013671875
7.3574999000000005,0.9558850526809692,-0.7320271730422974,9.751583099365234,4.45556640625,-0.457763671875,-0.396728515625
7.3624999,0.9594763517379761,-0.47225627303123474,9.771934509277344,3.96728515625,0.30517578125,3.265380859375
7.3674999,0.9570821523666382,-0.45250412821769714,9.794678688049316,-5.9814453125,-0.823974609375,1.0986328125
7.3724999,0.8846575021743774,-0.4967968463897705,9.802460670471191,-0.1220703125,-1.129150390625,-3.11279296875
7.3774999,0.8876502513885498,-0.4626794755458832,9.813833236694336,3.021240234375,-0.518798828125,0.640869140625
7.3824999,0.9552865028381348,-0.5327098965644836,9.77791976928711,-5.340576171875,-0.701904296875,1.190185546875
7.3874999,0.9750386476516724,-0.6596025824546814,9.730035781860352,1.007080078125,-0.518798828125,-2.0751953125
7.392499900000001,0.9714473485946655,-0.6422445774078369,9.733028411865234,5.157470703125,0.48828125,0.8544921875
7.397499900000001,1.0468647480010986,-0.6368576288223267,9.709685325622559,-4.058837890625,0.335693359375,0.701904296875
7.4024999000000005,1.0283095836639404,-0.6901286244392395,9.687539100646973,0.457763671875,0.1220703125,-2.899169921875
7.4074999,0.9498994946479797,-0.5781996846199036,9.725247383117676,5.279541015625,0.457763671875,0.885009765625
7.4124999,1.028908133506775,-0.5141547918319702,9.749788284301758,-4.486083984375,0.030517578125,1.64794921875
7.4174999,0.9756371974945068,-0.5734112858772278,9.728240013122559,-1.0986328125,-0.579833984375,-2.5634765625
7.4224999,0.8876502513885498,-0.49978959560394287,9.777320861816406,4.547119140625,-0.18310546875,0.30517578125
7.4274999,0.9738415479660034,-0.5093663930892944,9.764751434326172,-4.0283203125,-0.274658203125,1.5869140625
7.4324999,0.943913996219635,-0.6141127347946167,9.727043151855469,-1.5869140625,-0.701904296875,-2.50244140625
7.437499900000001,0.8882488012313843,-0.5973533391952515,9.768342971801758,5.615234375,0.06103515625,-0.091552734375
7.4424999000000005,0.9750386476516724,-0.5734112858772278,9.741408348083496,-2.960205078125,0.18310546875,1.52587890625
7.4474999,0.9720458984375,-0.6548141837120056,9.695918083190918,-1.800537109375,-0.1220703125,-2.349853515625
7.4524999,0.9702502489089966,-0.5315127968788147,9.73661994934082,-2.74658203125,0.18310546875,1.89208984375
7.4574999,0.9792284965515137,-0.5829881429672241,9.6989107131958,-3.082275390625,-0.396728515625,-2.25830078125
7.4624999,0.899621307849884,-0.52552729845047,9.756970405578613,4.57763671875,-0.030517578125,-0.54931640625
7.4674999,0.970848798751831,-0.4668693244457245,9.73781681060791,-3.11279296875,0.091552734375,1.5869140625
7.4724999,0.9959878921508789,-0.5602431893348694,9.708487510681152,-3.753662109375,-0.1220703125,-1.983642578125
7.477499900000001,0.9115923047065735,-0.6236895322799683,9.770736694335938,5.67626953125,0,0
7.4824999000000005,0.9726444482803345,-0.5805938839912415,9.75397777557373,-0.885009765625,0.3662109375,2.3193359375
7.4874999,0.9702502489089966,-0.6799532771110535,9.710283279418945,-3.021240234375,-0.091552734375,-2.50244140625
7.4924999,0.8948329091072083,-0.6655880808830261,9.773730278015137,5.67626953125,0.396728515625,-1.77001953125
7.4974999,0.9493009448051453,-0.5380968451499939,9.781511306762695,-1.312255859375,0.244140625,2.471923828125
7.5024999,0.970848798751831,-0.5817909836769104,9.750386238098145,-4.608154296875,-0.54931640625,-1.068115234375
7.5074999,0.8978256583213806,-0.5680243372917175,9.816226959228516,3.448486328125,0.152587890625,-1.068115234375
7.5124999,0.9528923034667969,-0.49320554733276367,9.816226959228516,-1.800537109375,0.762939453125,1.77001953125
7.517499900000001,0.9750386476516724,-0.6572083830833435,9.73781681060791,-3.753662109375,-0.06103515625,-1.068115234375
7.522499900000001,0.8870517015457153,-0.6967126727104187,9.800065994262695,6.072998046875,-0.335693359375,-0.213623046875
7.5274999000000005,0.9289502501487732,-0.6865373253822327,9.827000617980957,2.166748046875,-0.030517578125,2.3193359375
7.5324999,0.933738648891449,-0.679354727268219,9.73661994934082,-2.288818359375,-0.67138671875,-2.5634765625
7.5374999,0.8517372608184814,-0.6117185354232788,9.798270225524902,3.875732421875,-0.30517578125,-2.62451171875
7.5424999,0.9277531504631042,-0.4668693244457245,9.782109260559082,-1.46484375,-0.1220703125,3.35693359375
7.5474999,0.9678560495376587,-0.5416881442070007,9.734225273132324,-4.69970703125,-1.46484375,0.946044921875
7.5524999,0.8924387097358704,-0.5997475385665894,9.835979461669922,7.232666015625,-0.946044921875,-0.274658203125
7.5574999,0.9858125448226929,-0.6135141849517822,9.850942611694336,-1.0986328125,-0.152587890625,0.518798828125
7.562499900000001,0.9917980432510376,-0.7254431247711182,9.758766174316406,-3.0517578125,-0.823974609375,-2.62451171875
7.5674999000000005,0.9331400990486145,-0.669179379940033,9.757569313049316,7.049560546875,-1.129150390625,1.800537109375
7.5724999,0.9911994934082031,-0.5291185975074768,9.713275909423828,-3.23486328125,-1.312255859375,5.37109375
7.5774999,0.8936358094215393,-0.4578910768032074,9.543288230895996,-8.575439453125,-2.960205078125,0.9765625
7.5824999,0.7769184708595276,-0.5674257874488831,9.579200744628906,-3.692626953125,-5.2490234375,8.941650390625
7.5874999,0.9421183466911316,-0.6512228846549988,9.458293914794922,-6.34765625,-4.241943359375,3.631591796875
7.5924999,0.8535329103469849,-1.2844891548156738,9.443329811096191,-2.105712890625,3.2958984375,-8.697509765625
7.5974999,1.0145429372787476,-1.161187767982483,9.280524253845215,10.955810546875,6.683349609375,6.500244140625
7.602499900000001,0.849941611289978,-1.4257471561431885,8.567051887512207,-0.3662109375,0.9765625,6.04248046875
7.6074999000000005,0.42616790533065796,-1.215057373046875,7.918822288513184,9.27734375,-0.42724609375,13.73291015625
7.6124999,0.3926490843296051,-0.9313444495201111,7.305906295776367,10.772705078125,-12.542724609375,22.39990234375
7.6174999,-0.06464344263076782,-1.290474772453308,7.034763336181641,3.173828125,-23.223876953125,4.669189453125
7.6224999,0.35494041442871094,-1.5963339805603027,7.680599212646484,14.5263671875,-21.05712890625,5.859375
7.6274999,0.2017114907503128,-3.026869535446167,8.075642585754395,31.829833984375,-16.693115234375,7.354736328125
7.6324999,0.009576806798577309,-4.309563159942627,8.984241485595703,29.388427734375,-8.392333984375,46.08154296875
7.6374999,-3.2106244564056396,-7.205948352813721,13.870208740234375,286.2548828125,33.8134765625,208.221435546875
7.642499900000001,-2.986168146133423,-4.525041103363037,15.089456558227539,324.676513671875,-15.899658203125,299.835205078125
7.647499900000001,-2.647388458251953,-2.0667946338653564,15.368979454040527,391.9677734375,-32.318115234375,298.492431640625
7.6524999000000005,-1.3772644996643066,0.5722141861915588,15.187020301818848,417.144775390625,-55.11474609375,268.4326171875
7.6574999,0.2232593148946762,2.83174204826355,14.0048828125,419.769287109375,-82.51953125,281.1279296875
7.6624999,1.5269020795822144,4.1192240715026855,11.383232116699219,348.175048828125,-84.47265625,293.975830078125
7.6674999,1.5269020795822144,4.1192240715026855,11.383232116699219,348.175048828125,-84.47265625,293.975830078125
7.6724999,2.341529369354248,4.917690277099609,8.010400772094727,294.3115234375,-62.225341796875,284.393310546875
7.6774999,2.5300726890563965,5.203797340393066,4.298190593719482,297.454833984375,-39.1845703125,271.636962890625
7.6824999,4.235342979431152,5.630563735961914,5.618592739105225,36.9873046875,-38.51318359375,171.112060546875
7.687499900000001,4.885368347167969,6.309319972991943,6.402693748474121,10.406494140625,-39.0625,154.9072265625
7.6924999000000005,5.55514669418335,6.653486728668213,6.962338447570801,-6.89697265625,-20.81298828125,134.033203125
7.6974999,6.026804447174072,6.572083473205566,6.983287811279297,-21.209716796875,11.90185546875,107.513427734375
7.7024999,6.169857978820801,6.15489387512207,6.804919719696045,-46.051025390625,16.7236328125,95.123291015625
7.7074999,6.071096897125244,5.507861137390137,6.515820026397705,-73.54736328125,17.02880859375,79.1015625
7.7124999,5.70777702331543,4.9583916664123535,6.259640216827393,-98.0224609375,21.087646484375,55.938720703125
7.7174999,5.3582234382629395,4.529231071472168,6.18302583694458,-122.802734375,27.313232421875,29.47998046875
7.7224999,4.379593372344971,4.025251388549805,6.233902454376221,-197.296142578125,39.337158203125,-41.19873046875
7.727499900000001,4.379593372344971,4.025251388549805,6.233902454376221,-197.296142578125,39.337158203125,-41.19873046875
7.7324999000000005,4.220977783203125,3.8073792457580566,6.265625953674316,-222.076416015625,44.769287109375,-56.671142578125
7.7374999,4.082712650299072,3.6607344150543213,6.270414352416992,-242.279052734375,53.466796875,-67.138671875
7.7424999,4.041412353515625,3.4320881366729736,6.3069257736206055,-261.322021484375,64.39208984375,-73.638916015625
7.7474999,4.019266128540039,3.1890766620635986,6.402095317840576,-278.289794921875,75.98876953125,-78.0029296875
7.7524999,3.909731388092041,2.87064790725708,6.4595561027526855,-292.877197265625,87.066650390625,-81.085205078125
7.7574999,3.712209701538086,2.4672248363494873,6.493673324584961,-311.920166015625,96.3134765625,-85.99853515625
7.7624999,3.026869535446167,1.544858694076538,6.433219909667969,-356.93359375,111.541748046875,-98.81591796875
7.767499900000001,3.026869535446167,1.544858694076538,6.433219909667969,-356.93359375,111.541748046875,-98.81591796875
7.772499900000001,2.978985548019409,0.5961562395095825,7.536348342895508,-367.218017578125,138.916015625,-95.428466796875
7.7774999000000005,2.677914619445801,-2.0165164470672607,9.528324127197266,-225.40283203125,272.308349609375,-65.73486328125
7.7824999,-2.409764051437378,-6.412869453430176,5.840056419372559,28.228759765625,-36.43798828125,-120.2392578125
7.7874999,-2.471414804458618,-3.93367338180542,2.5055320262908936,9.185791015625,-66.10107421875,-123.1689453125
7.7924999,-2.2451627254486084,-2.096123695373535,1.1504138708114624,-21.697998046875,-81.939697265625,-114.410400390625
7.7974999,-1.8656816482543945,-0.922366201877594,2.0679917335510254,-60.72998046875,-38.818359375,-99.578857421875
7.8024999,-1.2102689743041992,-0.3842693865299225,4.863820552825928,-83.984375,49.224853515625,-75.50048828125
7.807499900000001,-0.6177040338516235,-0.578798234462738,9.199121475219727,-24.627685546875,96.19140625,-37.445068359375
7.812499900000001,-0.20470423996448517,-1.0672154426574707,12.880207061767578,37.506103515625,54.8095703125,-0.518798828125
7.8174999000000005,-0.1538274586200714,-1.5987281799316406,14.85243034362793,14.46533203125,1.15966796875,20.904541015625
7.8224999,-0.5781996846199036,-1.941697597503662,14.584280014038086,9.124755859375,-16.326904296875,22.125244140625
7.8274999,-0.9750386476516724,0.4213795065879822,7.936778545379639,-22.76611328125,-23.98681640625,-3.570556640625
7.8324999,0.040701430290937424,0.8439561128616333,8.804078102111816,-8.6669921875,-26.06201171875,13.763427734375
7.8374999,1.1097124814987183,0.9157821536064148,9.874884605407715,-0.1220703125,-22.76611328125,17.974853515625
7.8424999,2.449866771697998,-0.6009446382522583,9.88386344909668,-7.14111328125,2.166748046875,-9.8876953125
7.8474999,2.4420857429504395,-1.104325532913208,9.518747329711914,3.72314453125,10.92529296875,4.21142578125
7.852499900000001,2.233790159225464,-1.204882025718689,9.440337181091309,9.124755859375,11.53564453125,9.09423828125
7.8574999000000005,1.88782799243927,-1.206079125404358,9.567230224609375,5.828857421875,11.932373046875,-4.8828125
7.8624999,1.3425486087799072,-0.9265560507774353,9.667786598205566,1.220703125,11.29150390625,-14.068603515625
7.8674999,0.36810851097106934,-0.20470423996448517,9.798869132995605,1.983642578125,4.21142578125,12.664794921875
7.8724999,0.07661445438861847,-0.020949264988303185,9.882067680358887,1.89208984375,-3.997802734375,4.7607421875
7.8774999,-0.0035913025494664907,-0.023942016065120697,9.928155899047852,-4.638671875,-7.38525390625,-11.260986328125
7.8824999,0.14664486050605774,-0.181959331035614,9.890447616577148,-5.37109375,-4.425048828125,-7.14111328125
7.8874999,0.4423287510871887,-0.3597288131713867,9.823410034179688,0.244140625,-4.45556640625,11.749267578125
7.892499900000001,0.7493851184844971,-0.5063736438751221,9.847949981689453,4.39453125,-5.18798828125,11.260986328125
7.897499900000001,1.0073603391647339,-0.6045359373092651,9.774927139282227,0.9765625,-4.2724609375,-7.14111328125
7.9024999000000005,1.1671733856201172,-0.6099228858947754,9.724050521850586,-5.4931640625,-1.3427734375,-14.129638671875
7.9074999,1.2773065567016602,-0.5488707423210144,9.671976089477539,-0.54931640625,3.84521484375,4.39453125
7.9124999,1.3341689109802246,-0.5063736438751221,9.728240013122559,6.28662109375,2.655029296875,15.13671875
7.9174999,1.2425906658172607,-0.45489832758903503,9.744400978088379,2.105712890625,1.739501953125,-1.129150390625
7.9224999,1.1318588256835938,-0.44592007994651794,9.744400978088379,-5.615234375,3.5400390625,-16.29638671875
7.9274999,0.849941611289978,-0.4572925269603729,9.768342971801758,6.317138671875,1.861572265625,15.5029296875
7.932499900000001,0.730231523513794,-0.4387374520301819,9.780313491821289,2.50244140625,-1.89208984375,0.30517578125
7.937499900000001,0.67815762758255,-0.43514615297317505,9.828198432922363,-6.805419921875,-1.251220703125,-18.096923828125
7.9424999000000005,0.6530185341835022,-0.4118026793003082,9.797073364257812,-2.50244140625,1.52587890625,-1.007080078125
7.9474999,0.7152677774429321,-0.40701428055763245,9.822212219238281,7.171630859375,-1.739501953125,17.181396484375
7.9524999,0.7894880175590515,-0.3824737071990967,9.755773544311523,1.373291015625,-3.143310546875,-0.54931640625
7.9574999,0.8702923059463501,-0.3992331326007843,9.77253246307373,-8.36181640625,0.18310546875,-18.49365234375
7.9624999,0.9528923034667969,-0.4626794755458832,9.797672271728516,-0.335693359375,2.716064453125,2.471923828125
7.9674999,0.950498104095459,-0.49320554733276367,9.753378868103027,9.063720703125,-0.946044921875,15.9912109375
7.9724999,0.9726444482803345,-0.4836287498474121,9.710283279418945,-2.25830078125,-1.220703125,-7.38525390625
7.977499900000001,0.9660604000091553,-0.4842272996902466,9.734225273132324,-8.636474609375,2.655029296875,-16.357421875
7.9824999000000005,0.8966285586357117,-0.4770447015762329,9.765350341796875,4.39453125,2.227783203125,10.498046875
7.9874999,0.8463503122329712,-0.4495113790035248,9.724050521850586,-7.50732421875,-0.885009765625,-15.44189453125
7.9924999,0.8343793153762817,-0.48303020000457764,9.7791166305542,-4.913330078125,2.655029296875,-8.1787109375
7.9974999,0.8164227604866028,-0.47884035110473633,9.818022727966309,9.521484375,-0.732421875,16.7236328125
8.0024999,0.8954314589500427,-0.3926490843296051,9.751583099365234,8.331298828125,-2.471923828125,13.24462890625
8.007499900000001,0.922366201877594,-0.42377370595932007,9.700706481933594,-9.246826171875,-0.396728515625,-14.22119140625
8.0124999,0.9289502501487732,-0.49380409717559814,9.79408073425293,-3.021240234375,2.960205078125,-5.645751953125
8.0174999,0.8786720037460327,-0.48961424827575684,9.770736694335938,11.474609375,-0.823974609375,16.082763671875
8.0224999,0.8696937561035156,-0.44771572947502136,9.679757118225098,-4.39453125,-1.983642578125,-4.94384765625
8.0274999,0.8864531517028809,-0.5081692934036255,9.798869132995605,-9.063720703125,2.349853515625,-13.275146484375
8.0324999,0.8050503134727478,-0.37169981002807617,9.678560256958008,1.953125,-2.593994140625,3.7841796875
8.0374999,0.8655039072036743,-0.41120412945747375,9.706093788146973,-12.75634765625,0.91552734375,-16.2353515625
8.042499900000001,0.8481459617614746,-0.4537012279033661,9.858723640441895,7.87353515625,1.5869140625,7.8125
8.0474999,0.8601169586181641,-0.3878606855869293,9.706093788146973,7.232666015625,-2.410888671875,9.979248046875
8.0524999,0.8984242081642151,-0.43993455171585083,9.749788284301758,-13.946533203125,-0.6103515625,-14.95361328125
8.0574999,0.9253589510917664,-0.5363011956214905,9.9371337890625,3.997802734375,1.8310546875,1.861572265625
8.0624999,0.8834604024887085,-0.4578910768032074,9.785700798034668,10.6201171875,-1.190185546875,11.65771484375
8.0674999,0.9307458996772766,-0.44412440061569214,9.723451614379883,-13.916015625,-0.946044921875,-12.3291015625
8.0724999,0.9433154463768005,-0.5518634915351868,9.892841339111328,1.28173828125,2.0751953125,-0.79345703125
8.0774999,0.8942343592643738,-0.456095427274704,9.752182006835938,13.24462890625,-0.152587890625,11.627197265625
8.0824999,0.838569164276123,-0.3531447649002075,9.659406661987305,-17.181396484375,-1.312255859375,-10.101318359375
8.087499900000001,0.849941611289978,-0.518943190574646,9.90241813659668,1.8310546875,0.396728515625,1.190185546875
8.0924999,0.8182184100151062,-0.4106055796146393,9.698312759399414,15.899658203125,0.91552734375,7.50732421875
8.0974999,0.8541314601898193,-0.4016273319721222,9.639056205749512,-20.111083984375,-1.40380859375,-10.162353515625
8.1024999,0.9002198576927185,-0.5452794432640076,9.880271911621094,6.53076171875,0.335693359375,4.119873046875
8.1074999,0.8786720037460327,-0.43993455171585083,9.714473724365234,13.73291015625,1.28173828125,4.180908203125
8.1124999,0.9091981053352356,-0.43993455171585083,9.70549488067627,-22.796630859375,-1.373291015625,-9.521484375
8.1174999,0.9002198576927185,-0.5674257874488831,9.998186111450195,13.427734375,0.244140625,7.171630859375
8.122499900000001,0.8846575021743774,-0.4124012291431427,9.700108528137207,7.293701171875,1.52587890625,-0.48828125
8.1274999,0.9163807034492493,-0.5554547905921936,9.931747436523438,20.782470703125,0.091552734375,9.063720703125
8.132499900000001,0.8810662031173706,-0.3884592354297638,9.585186958312988,-3.387451171875,1.40380859375,-5.4931640625
8.1374999,0.8954314589500427,-0.5333084464073181,9.799467086791992,-16.937255859375,-1.922607421875,-2.0751953125
8.1424999,0.8774749040603638,-0.49799394607543945,9.835380554199219,25.115966796875,0.79345703125,7.537841796875
8.1474999,0.8696937561035156,-0.345363587141037,9.558850288391113,-16.204833984375,1.0986328125,-8.85009765625
8.1524999,0.8643068075180054,-0.4495113790035248,9.855731010437012,-3.387451171875,-2.197265625,4.0283203125
8.1574999,0.8822633028030396,-0.3926490843296051,9.698312759399414,20.69091796875,1.77001953125,2.62451171875
8.1624999,0.8852560520172119,-0.33518823981285095,9.633668899536133,-24.96337890625,0.152587890625,-8.087158203125
8.167499900000001,0.8786720037460327,-0.5434837937355042,9.982624053955078,14.22119140625,-2.0751953125,8.087158203125
8.1724999,0.8798691034317017,-0.42197805643081665,9.68274974822998,4.82177734375,2.5634765625,-4.669189453125
8.1774999,0.8601169586181641,-0.5111620426177979,9.843161582946777,-20.721435546875,-1.129150390625,-1.922607421875
8.1824999,0.8367735147476196,-0.5309142470359802,9.864709854125977,25.2685546875,-0.9765625,6.9580078125
8.1874999,0.8804676532745361,-0.5009866952896118,9.950302124023438,20.32470703125,-2.5634765625,8.087158203125
8.1924999,0.900818407535553,-0.365115761756897,9.559449195861816,-6.8359375,2.99072265625,-7.87353515625
8.1974999,0.8906430602073669,-0.4578910768032074,9.916184425354004,-9.58251953125,-1.15966796875,3.692626953125
8.2024999,0.8966285586357117,-0.4471171796321869,9.7791166305542,21.331787109375,-0.701904296875,1.220703125
8.2074999,0.872686505317688,-0.38307225704193115,9.659406661987305,-23.956298828125,2.38037109375,-6.16455078125
8.212499900000001,0.8720879554748535,-0.5416881442070007,9.971251487731934,17.27294921875,-3.11279296875,8.087158203125
8.2174999,0.8816647529602051,-0.3908534348011017,9.566631317138672,-3.814697265625,2.288818359375,-7.62939453125
8.2224999,0.871489405632019,-0.4531026780605316,9.930550575256348,-10.650634765625,-0.335693359375,3.72314453125
8.2274999,0.8786720037460327,-0.4489128291606903,9.791686058044434,20.93505859375,-1.5869140625,0.762939453125
8.2324999,0.8637082576751709,-0.5195417404174805,9.95748519897461,18.463134765625,-3.143310546875,7.598876953125
8.2374999,0.8756792545318604,-0.38546648621559143,9.52353572845459,-7.14111328125,2.288818359375,-8.026123046875
8.2424999,0.8888474106788635,-0.42437225580215454,9.668384552001953,16.998291015625,-1.373291015625,-1.739501953125
8.247499900000001,0.8936358094215393,-0.3998316824436188,9.672574996948242,-22.705078125,2.74658203125,-2.777099609375
8.2524999,0.8936358094215393,-0.3998316824436188,9.672574996948242,-22.705078125,2.74658203125,-2.777099609375
8.257499900000001,0.8774749040603638,-0.5596446394920349,9.927556991577148,21.97265625,-3.448486328125,5.92041015625
8.2624999,0.9020155072212219,-0.45429977774620056,9.567828178405762,-15.2587890625,2.8076171875,-7.965087890625
8.2674999,0.8696937561035156,-0.5464765429496765,10.036493301391602,4.638671875,-1.40380859375,7.293701171875
8.2724999,0.872686505317688,-0.45190557837486267,9.687539100646973,6.9580078125,-0.244140625,-5.67626953125
8.2774999,0.8607155084609985,-0.4620809257030487,9.856329917907715,-16.29638671875,1.89208984375,2.0751953125
8.2824999,0.8379706144332886,-0.49619829654693604,9.829395294189453,21.697998046875,-3.021240234375,1.3427734375
8.2874999,0.9133879542350769,-0.4213795065879822,9.86889934539795,-16.876220703125,2.471923828125,1.983642578125
8.292499900000001,0.8870517015457153,-0.4668693244457245,9.882665634155273,21.087646484375,-3.021240234375,0.67138671875
8.2974999,0.9044097065925598,-0.4231751561164856,9.643245697021484,-21.820068359375,3.326416015625,-4.0283203125
8.3024999,0.8804676532745361,-0.5045779943466187,10.017339706420898,18.6767578125,-2.74658203125,6.103515625
8.3074999,0.9151836037635803,-0.40222588181495667,9.503185272216797,-12.969970703125,1.5869140625,-7.904052734375
8.3124999,0.8756792545318604,-0.4800374507904053,9.999382972717285,5.340576171875,-0.335693359375,7.50732421875
8.3174999,0.8942343592643738,-0.4141969084739685,9.577404975891113,2.655029296875,-0.640869140625,-7.171630859375
8.3224999,0.8547300100326538,-0.44352585077285767,9.737217903137207,-19.775390625,2.99072265625,0.091552734375
8.3274999,0.8373720645904541,-0.5027823448181152,9.879075050354004,21.026611328125,-3.082275390625,2.01416015625
8.3324999,0.849941611289978,-0.45669397711753845,9.555258750915527,-19.866943359375,2.349853515625,-4.730224609375
8.337499900000001,0.8415619134902954,-0.46507367491722107,9.980229377746582,16.78466796875,-1.8310546875,6.28662109375
8.3424999,0.8912416100502014,-0.43993455171585083,9.519944190979004,-12.51220703125,0.91552734375,-7.720947265625
8.3474999,0.8672995567321777,-0.46986207365989685,10.002376556396484,7.26318359375,-0.06103515625,7.62939453125
8.3524999,0.9080010056495667,-0.4231751561164856,9.586981773376465,-0.701904296875,-0.79345703125,-7.904052734375
8.3574999,0.8888474106788635,-0.38965633511543274,9.91738224029541,-5.0048828125,1.190185546875,6.805419921875
8.3624999,0.8954314589500427,-0.4183867573738098,9.64803409576416,9.3994140625,-1.953125,-5.462646484375
8.3674999,0.9068039059638977,-0.35015198588371277,9.818621635437012,-13.824462890625,2.105712890625,3.387451171875
8.372499900000001,0.8762778043746948,-0.5051765441894531,9.740809440612793,17.181396484375,-2.197265625,-2.166748046875
8.3774999,0.8942343592643738,-0.4926069974899292,9.707290649414062,-18.768310546875,2.38037109375,-0.18310546875
8.382499900000001,0.8379706144332886,-0.436343252658844,10.017938613891602,12.298583984375,-0.762939453125,7.049560546875
8.3874999,0.9241618514060974,-0.41539400815963745,9.595361709594727,-9.3994140625,0.244140625,-7.659912109375
8.3924999,0.8846575021743774,-0.4291606545448303,10.041281700134277,6.04248046875,0.06103515625,7.476806640625
8.3974999,0.960673451423645,-0.3992331326007843,9.630077362060547,-2.86865234375,-0.213623046875,-7.965087890625
8.4024999,0.9050082564353943,-0.37409400939941406,9.956886291503906,-0.48828125,0.579833984375,7.14111328125
8.4074999,0.9265560507774353,-0.43754035234451294,9.61451530456543,3.41796875,-0.885009765625,-6.927490234375
8.4124999,0.8774749040603638,-0.3627215623855591,9.897629737854004,-6.04248046875,1.0986328125,5.859375
8.417499900000001,0.8655039072036743,-0.5015852451324463,9.657610893249512,8.636474609375,-1.220703125,-5.767822265625
8.4224999,0.8786720037460327,-0.4010287821292877,9.86231517791748,-10.43701171875,1.28173828125,4.2724609375
8.4274999,0.9062053561210632,-0.45250412821769714,9.804255485534668,-15.472412109375,1.373291015625,0.8544921875
8.4324999,0.8361749649047852,-0.5045779943466187,9.773131370544434,16.17431640625,-1.64794921875,-0.42724609375
8.4374999,0.8948329091072083,-0.47165772318840027,9.764751434326172,-16.357421875,1.434326171875,-0.885009765625
8.4424999,0.8349778652191162,-0.4572925269603729,9.780912399291992,16.4794921875,-1.52587890625,0.91552734375
8.4474999,0.8744821548461914,-0.45489832758903503,9.657610893249512,-16.4794921875,1.495361328125,-2.044677734375
8.4524999,0.8541314601898193,-0.41359832882881165,9.768342971801758,16.54052734375,-1.3427734375,1.983642578125
8.4574999,0.8188169598579407,-0.42018240690231323,9.55585765838623,-16.41845703125,1.3427734375,-2.960205078125
8.462499900000001,0.8451532125473022,-0.3860650360584259,9.804255485534668,16.082763671875,-1.251220703125,2.86865234375
8.4674999,0.7966706156730652,-0.3992331326007843,9.575610160827637,-15.93017578125,1.190185546875,-3.5400390625
8.4724999,0.8637082576751709,-0.37888240814208984,9.885659217834473,15.716552734375,-1.190185546875,3.35693359375
8.4774999,0.9097966551780701,-0.40940847992897034,9.922170639038086,15.44189453125,-1.0986328125,3.875732421875
8.4824999,0.8966285586357117,-0.4794389009475708,9.601346969604492,-15.13671875,0.9765625,-4.180908203125
8.4874999,0.9229647517204285,-0.43275195360183716,9.91738224029541,14.984130859375,-1.15966796875,3.814697265625
8.4924999,0.9020155072212219,-0.49619829654693604,9.59476375579834,-14.801025390625,1.129150390625,-4.45556640625
8.497499900000001,0.9097966551780701,-0.4255693554878235,9.913790702819824,14.7705078125,-0.8544921875,3.90625
8.5024999,0.8870517015457153,-0.4836287498474121,9.597756385803223,-14.801025390625,1.007080078125,-4.180908203125
8.507499900000001,0.9014169573783875,-0.41539400815963745,9.913790702819824,14.70947265625,-0.9765625,3.662109375
8.5124999,0.8696937561035156,-0.47465047240257263,9.601346969604492,-14.617919921875,1.007080078125,-3.936767578125
8.5174999,0.8948329091072083,-0.4213795065879822,9.90122127532959,14.58740234375,-1.15966796875,3.35693359375
8.5224999,0.849941611289978,-0.47584760189056396,9.598953247070312,-14.83154296875,1.03759765625,-3.570556640625
8.5274999,0.8864531517028809,-0.4429273009300232,9.85034465789795,14.58740234375,-0.885009765625,2.8076171875
8.5324999,0.9002198576927185,-0.4842272996902466,9.834781646728516,14.617919921875,-1.129150390625,1.40380859375
8.5374999,0.9391255974769592,-0.5476736426353455,9.779715538024902,-14.617919921875,1.007080078125,-1.556396484375
8.542499900000001,0.8876502513885498,-0.47584760189056396,9.861717224121094,14.434814453125,-1.190185546875,0.54931640625
8.5474999,0.9552865028381348,-0.48961424827575684,9.858723640441895,-14.16015625,1.007080078125,-0.3662109375
8.5524999,0.8708908557891846,-0.4578910768032074,9.810839653015137,13.5498046875,-1.15966796875,-0.67138671875
8.5574999,0.9367313981056213,-0.42377370595932007,9.791686058044434,-12.847900390625,1.0986328125,0.823974609375
8.5624999,0.8565256595611572,-0.46986207365989685,9.713275909423828,12.115478515625,-1.129150390625,-1.739501953125
8.5674999,0.8990227580070496,-0.3908534348011017,9.77672290802002,-11.29150390625,0.91552734375,2.105712890625
8.5724999,0.8469488620758057,-0.4985924959182739,9.68274974822998,10.07080078125,-1.007080078125,-3.143310546875
8.577499900000001,0.8529343605041504,-0.37648820877075195,9.816825866699219,-8.819580078125,0.762939453125,3.387451171875
8.5824999,0.93254154920578,-0.5363011956214905,9.543886184692383,0.06103515625,0.579833984375,-5.615234375
8.587499900000001,0.9056068062782288,-0.5057750940322876,9.895833969116211,3.753662109375,1.861572265625,6.561279296875
8.5924999,0.9828197956085205,-0.5758054852485657,9.586981773376465,-4.119873046875,2.50244140625,-6.7138671875
8.5974999,0.9193734526634216,-0.5536591410636902,10.004770278930664,7.568359375,2.0751953125,7.843017578125
8.6024999,0.950498104095459,-0.7224503755569458,9.610325813293457,-5.31005859375,3.265380859375,-7.171630859375
8.6074999,0.8918401598930359,-0.568622887134552,10.005369186401367,15.594482421875,2.44140625,5.462646484375
8.6124999,0.8667010068893433,-0.5452794432640076,9.601346969604492,-6.805419921875,3.021240234375,-5.859375
8.6174999,0.8236053586006165,-0.3998316824436188,9.919178009033203,7.38525390625,-0.18310546875,8.087158203125
8.622499900000001,0.7864952683448792,-0.284311443567276,9.556455612182617,-14.251708984375,1.495361328125,-4.45556640625
8.6274999,0.8750807046890259,-0.6607996821403503,9.336189270019531,-12.75634765625,3.0517578125,-3.72314453125
8.632499900000001,0.8810662031173706,-0.9193734526634216,9.785101890563965,14.129638671875,2.25830078125,17.303466796875
8.6374999,1.1306617259979248,-1.5897499322891235,9.096769332885742,1.495361328125,6.378173828125,-1.8310546875
8.6424999,4.15992546081543,-6.604405403137207,6.65169095993042,-32.53173828125,49.98779296875,126.953125
8.6474999,4.444236755371094,-6.469731330871582,6.610390663146973,110.65673828125,71.746826171875,218.292236328125
8.6524999,4.23893404006958,-6.518214225769043,6.309918403625488,159.820556640625,99.151611328125,97.076416015625
8.6574999,1.8926163911819458,-3.3716344833374023,6.9731125831604,110.16845703125,14.404296875,40.313720703125
8.6624999,-0.7547720670700073,-0.4991910457611084,6.525396823883057,72.174072265625,-85.75439453125,41.56494140625
8.667499900000001,-2.7263972759246826,1.8082208633422852,5.2893900871276855,46.20361328125,-117.584228515625,14.129638671875
8.6724999,-3.716399669647217,3.5452141761779785,4.467580318450928,17.181396484375,-108.245849609375,-20.69091796875
8.6774999,-1.4838064908981323,5.363011837005615,5.508459568023682,-112.36572265625,-93.32275390625,-36.56005859375
8.6824999,0.0736217051744461,5.430647850036621,6.321889400482178,-102.35595703125,-12.26806640625,-36.68212890625
8.6874999,1.8267759084701538,5.552752494812012,8.02955436706543,-42.999267578125,71.746826171875,-41.93115234375
8.6924999,3.5667619705200195,5.4246625900268555,10.269330024719238,13.97705078125,104.888916015625,-43.121337890625
8.6974999,4.622604846954346,4.898536682128906,12.33013916015625,-4.119873046875,54.962158203125,-23.529052734375
8.702499900000001,4.856039524078369,3.949235677719116,13.77444076538086,-11.53564453125,11.260986328125,0.885009765625
8.7074999,3.8989574909210205,2.604891538619995,13.545794486999512,-0.885009765625,9.674072265625,10.833740234375
8.712499900000001,2.1068975925445557,1.381454348564148,12.089521408081055,-3.72314453125,11.138916015625,8.60595703125
8.7174999,0.3058592677116394,0.19273324310779572,10.36988639831543,-14.129638671875,7.232666015625,3.936767578125
8.7224999,-1.004966139793396,-0.7715315222740173,9.145252227783203,-15.56396484375,6.988525390625,-1.068115234375
8.7274999,-1.511339783668518,-1.653794765472412,8.816049575805664,-12.87841796875,1.678466796875,-5.767822265625
8.7324999,-0.8170213103294373,-2.6635494232177734,9.45111083984375,-1.46484375,-15.167236328125,-6.89697265625
8.7374999,-0.12988543510437012,-2.6366145610809326,9.655815124511719,6.134033203125,-19.1650390625,2.0751953125
8.7424999,0.5937620401382446,-2.214038133621216,9.683947563171387,14.09912109375,-19.83642578125,6.927490234375
8.747499900000001,1.1976994276046753,-1.5532383918762207,9.63067626953125,15.2587890625,-11.71875,5.79833984375
8.7524999,1.6831238269805908,-0.7523778676986694,9.645041465759277,6.866455078125,-2.74658203125,-2.197265625
8.757499900000001,1.9943699836730957,-0.03292027488350868,9.730035781860352,-0.6103515625,4.0283203125,-11.04736328125
8.7624999,2.124255418777466,0.47584760189056396,9.789292335510254,-5.06591796875,11.627197265625,-9.09423828125
8.7674999,2.0404584407806396,0.6613982319831848,9.782109260559082,-4.058837890625,14.068603515625,2.655029296875
8.7724999,1.764526605606079,0.4620809257030487,9.873088836669922,-0.91552734375,8.544921875,10.406494140625
8.7774999,1.3066356182098389,0.10714052617549896,9.876082420349121,1.800537109375,3.936767578125,7.476806640625
8.7824999,0.8068459630012512,-0.33279404044151306,9.847352027893066,0.91552734375,0.823974609375,-2.01416015625
8.7874999,0.4159925580024719,-0.6153098344802856,9.78989028930664,0.18310546875,2.3193359375,-9.58251953125
8.792499900000001,1.1240776777267456,-0.21308395266532898,9.771934509277344,-4.08935546875,4.425048828125,-8.97216796875
8.7974999,1.3000515699386597,-0.2753331959247589,9.68155288696289,-0.79345703125,4.669189453125,1.800537109375
8.8024999,1.3491326570510864,-0.3884592354297638,9.780313491821289,3.23486328125,-0.518798828125,10.894775390625
8.8074999,1.2318167686462402,-0.45190557837486267,9.751583099365234,4.913330078125,-1.52587890625,6.011962890625
8.8124999,1.048660397529602,-0.4644751250743866,9.739013671875,-0.244140625,1.312255859375,-7.965087890625
8.8174999,0.882861852645874,-0.4531026780605316,9.627084732055664,-4.150390625,6.103515625,-13.031005859375
8.8224999,0.8553285598754883,-0.3489548861980438,9.682151794433594,-1.068115234375,4.547119140625,-0.396728515625
8.827499900000001,0.8744821548461914,-0.3130418658256531,9.756970405578613,4.150390625,-4.058837890625,12.420654296875
8.8324999,1.0911574363708496,-0.34356793761253357,9.801262855529785,6.500244140625,-5.279541015625,13.702392578125
8.837499900000001,1.103128433227539,-0.40043023228645325,9.767146110534668,3.204345703125,-4.45556640625,3.11279296875
8.8424999,1.071405291557312,-0.39624038338661194,9.702502250671387,-5.4931640625,4.180908203125,-13.885498046875
8.8474999,1.0271124839782715,-0.32620999217033386,9.636661529541016,-4.39453125,8.544921875,-7.8125
8.8524999,0.9953893423080444,-0.35673606395721436,9.692327499389648,5.096435546875,-0.579833984375,11.077880859375
8.8574999,1.0031704902648926,-0.34656068682670593,9.77672290802002,6.40869140625,-6.28662109375,10.68115234375
8.8624999,0.8948329091072083,-0.3477577865123749,9.765350341796875,-3.90625,-0.30517578125,-9.58251953125
8.8674999,0.889445960521698,-0.3298012912273407,9.753378868103027,-6.927490234375,7.354736328125,-12.786865234375
8.872499900000001,0.9852139949798584,-0.3878606855869293,9.780313491821289,-4.150390625,-1.251220703125,-6.988525390625
8.8774999,1.0193313360214233,-0.3519476354122162,9.768941879272461,-7.659912109375,7.62939453125,-13.61083984375
8.882499900000001,0.9684545993804932,-0.4141969084739685,9.797672271728516,5.55419921875,1.312255859375,7.537841796875
8.8874999,0.960673451423645,-0.3280056416988373,9.724050521850586,7.2021484375,-6.927490234375,12.3291015625
8.8924999,0.9612720012664795,-0.3495534360408783,9.774328231811523,-7.01904296875,0.79345703125,-10.467529296875
8.8974999,0.9600749015808105,-0.36092591285705566,9.767146110534668,-5.401611328125,7.568359375,-10.25390625
8.9024999,0.9181763529777527,-0.35434186458587646,9.77791976928711,8.880615234375,-2.38037109375,11.53564453125
8.9074999,0.9516952037811279,-0.3758896589279175,9.822212219238281,9.185791015625,-0.06103515625,8.056640625
8.9124999,0.9247604012489319,-0.2885012924671173,9.729436874389648,4.364013671875,-6.561279296875,7.87353515625
8.917499900000001,0.9672574996948242,-0.30466216802597046,9.713874816894531,-11.77978515625,3.47900390625,-12.786865234375
8.9224999,0.9726444482803345,-0.36152446269989014,9.802460670471191,1.983642578125,5.096435546875,-1.495361328125
8.9274999,0.9229647517204285,-0.3130418658256531,9.759963035583496,11.260986328125,-5.92041015625,12.481689453125
8.9324999,0.9397241473197937,-0.2974795699119568,9.71926212310791,-8.85009765625,-1.190185546875,-6.28662109375
8.9374999,0.9894038438796997,-0.36990416049957275,9.788095474243164,-6.16455078125,6.77490234375,-8.697509765625
8.9424999,0.9361328482627869,-0.3758896589279175,9.872490882873535,12.0849609375,0.54931640625,6.28662109375
8.9474999,0.8960300087928772,-0.28311434388160706,9.68933391571045,4.241943359375,-5.859375,5.79833984375
8.952499900000001,0.9864110946655273,-0.28371289372444153,9.673172950744629,-15.716552734375,3.753662109375,-11.16943359375
8.9574999,0.983418345451355,-0.3705027103424072,9.79527759552002,8.453369140625,2.838134765625,2.410888671875
8.962499900000001,1.0043675899505615,-0.2968810200691223,9.66958236694336,-17.181396484375,2.0751953125,-9.3994140625
8.9674999,1.0199298858642578,-0.42856210470199585,9.876680374145508,4.69970703125,3.814697265625,-0.1220703125
8.9724999,0.9427168965339661,-0.33099839091300964,9.787496566772461,14.09912109375,-4.913330078125,8.11767578125
8.9774999,0.950498104095459,-0.3130418658256531,9.727043151855469,-17.730712890625,1.007080078125,-8.026123046875
8.9824999,0.9894038438796997,-0.44352585077285767,9.897629737854004,1.495361328125,3.875732421875,-0.9765625
8.9874999,0.9403226971626282,-0.2777273952960968,9.677363395690918,-18.49365234375,0.701904296875,-7.14111328125
8.9924999,0.9864110946655273,-0.4106055796146393,9.856928825378418,-0.091552734375,3.570556640625,-0.518798828125
8.997499900000001,0.9349357485771179,-0.3166331648826599,9.791088104248047,19.6533203125,-3.84521484375,6.561279296875
9.0024999,0.9463081955909729,-0.2711433470249176,9.626486778259277,-20.1416015625,1.007080078125,-6.77490234375
9.007499900000001,0.9870096445083618,-0.3926490843296051,9.850942611694336,0.579833984375,2.777099609375,0.8544921875
9.0124999,0.912190854549408,-0.32680854201316833,9.75397777557373,20.538330078125,-3.753662109375,5.126953125
9.0174999,0.943913996219635,-0.25677812099456787,9.643844604492188,-22.796630859375,1.739501953125,-6.927490234375
9.0224999,0.9516952037811279,-0.40043023228645325,9.87967300415039,4.058837890625,1.8310546875,2.716064453125
9.0274999,0.9259575009346008,-0.32381579279899597,9.797073364257812,18.9208984375,-3.47900390625,2.838134765625
9.0324999,0.960673451423645,-0.29388827085494995,9.690531730651855,-25.81787109375,2.86865234375,-6.561279296875
9.0374999,0.9894038438796997,-0.44412440061569214,9.982025146484375,10.894775390625,0.244140625,4.8828125
9.042499900000001,0.9959878921508789,-0.44352585077285767,9.944915771484375,19.22607421875,-1.953125,6.103515625
9.0474999,0.9534908533096313,-0.2777273952960968,9.627683639526367,3.387451171875,-1.3427734375,-3.90625
9.0524999,0.9804255962371826,-0.3579331636428833,9.698312759399414,-23.162841796875,4.364013671875,-1.678466796875
9.0574999,0.9493009448051453,-0.4010287821292877,9.90241813659668,26.30615234375,-3.96728515625,5.43212890625
9.0624999,0.9319429993629456,-0.24121582508087158,9.59177017211914,-10.711669921875,0.8544921875,-6.591796875
9.0674999,0.9343371987342834,-0.3250128924846649,9.767744064331055,-11.71875,3.11279296875,2.74658203125
9.0724999,0.9115923047065735,-0.33099839091300964,9.82640266418457,26.06201171875,-5.096435546875,2.0751953125
9.077499900000001,0.910993754863739,-0.23403321206569672,9.593565940856934,-23.37646484375,3.936767578125,-6.256103515625
9.0824999,0.9409212470054626,-0.42856210470199585,9.9586820602417,6.622314453125,-0.06103515625,5.950927734375
9.087499900000001,0.93254154920578,-0.363918662071228,9.792284965515137,13.97705078125,-3.814697265625,-3.23486328125
9.0924999,0.9828197956085205,-0.3627215623855591,9.716269493103027,-25.787353515625,5.401611328125,-2.044677734375
9.0974999,0.970848798751831,-0.45010992884635925,9.932345390319824,23.01025390625,-4.180908203125,5.615234375
9.1024999,0.9858125448226929,-0.33099839091300964,9.782109260559082,-11.5966796875,4.150390625,3.753662109375
9.1074999,0.961870551109314,-0.3447650372982025,9.832387924194336,24.322509765625,-6.011962890625,0.42724609375
9.1124999,0.9828197956085205,-0.22625206410884857,9.576208114624023,-24.4140625,5.0048828125,-5.06591796875
9.1174999,0.9648633003234863,-0.42197805643081665,9.95329475402832,12.725830078125,-1.15966796875,6.500244140625
9.122499900000001,0.9624691009521484,-0.4129997789859772,9.928155899047852,6.683349609375,0.885009765625,6.500244140625
9.1274999,0.9810241460800171,-0.33698388934135437,9.733028411865234,8.72802734375,-4.2724609375,-5.523681640625
9.132499900000001,0.9876081943511963,-0.30705636739730835,9.714473724365234,-20.355224609375,6.4697265625,1.312255859375
9.1374999,0.9313444495201111,-0.4279635548591614,9.899425506591797,24.566650390625,-5.92041015625,2.38037109375
9.1424999,0.9427168965339661,-0.3926490843296051,9.909002304077148,7.476806640625,0.885009765625,6.683349609375
9.1474999,0.961870551109314,-0.2867056429386139,9.686341285705566,6.500244140625,-4.241943359375,-6.134033203125
9.1524999,0.9630676507949829,-0.2974795699119568,9.749189376831055,-17.730712890625,6.591796875,2.5634765625
9.1574999,0.9295487999916077,-0.3705027103424072,9.913790702819824,23.37646484375,-6.2255859375,0.762939453125
9.1624999,0.9564836025238037,-0.26396074891090393,9.555258750915527,-21.514892578125,4.180908203125,-4.57763671875
9.167499900000001,0.943913996219635,-0.4016273319721222,9.97603988647461,13.427734375,-0.640869140625,6.28662109375
9.1724999,0.9469067454338074,-0.2849099934101105,9.632472038269043,-1.89208984375,-2.716064453125,-7.080078125
9.1774999,0.9941922426223755,-0.31783026456832886,9.865307807922363,-9.94873046875,5.523681640625,5.06591796875
9.1824999,0.9277531504631042,-0.353743314743042,9.809642791748047,18.890380859375,-6.561279296875,-2.685546875
9.1874999,0.993593692779541,-0.2908954918384552,9.631275177001953,-22.64404296875,5.9814453125,-1.312255859375
9.1924999,0.9331400990486145,-0.40880993008613586,9.925163269042969,20.965576171875,-3.60107421875,3.875732421875
9.1974999,0.9816226959228516,-0.2902969419956207,9.536105155944824,-14.404296875,0.579833984375,-6.34765625
9.202499900000001,0.9786299467086792,-0.30466216802597046,9.818022727966309,-14.617919921875,6.34765625,4.08935546875
9.2074999,0.9151836037635803,-0.3860650360584259,9.848548889160156,20.3857421875,-6.16455078125,-1.739501953125
9.212499900000001,0.9558850526809692,-0.31783026456832886,9.612719535827637,-22.125244140625,4.974365234375,-1.8310546875
9.2174999,0.9062053561210632,-0.4118026793003082,9.935338973999023,19.59228515625,-2.532958984375,3.96728515625
9.2224999,0.9612720012664795,-0.29867666959762573,9.518747329711914,-13.763427734375,-0.213623046875,-6.34765625
9.2274999,0.9528923034667969,-0.35254621505737305,9.932345390319824,5.889892578125,2.86865234375,6.8359375
9.2324999,0.9624691009521484,-0.26755204796791077,9.639654159545898,2.74658203125,-4.730224609375,-7.049560546875
9.2374999,1.0031704902648926,-0.2777273952960968,9.84376049041748,-10.833740234375,6.011962890625,5.2490234375
9.2424999,0.9319429993629456,-0.3669114112854004,9.805453300476074,16.78466796875,-5.9814453125,-3.662109375
9.247499900000001,0.9540894031524658,-0.2890998423099518,9.63187313079834,-20.355224609375,5.218505859375,0.640869140625
9.2524999,0.912190854549408,-0.4213795065879822,9.905410766601562,21.209716796875,-3.936767578125,1.312255859375
9.257499900000001,0.9582792520523071,-0.3968389332294464,9.989806175231934,2.685546875,3.7841796875,7.080078125
9.2624999,0.9660604000091553,-0.345363587141037,9.668384552001953,4.08935546875,-4.974365234375,-6.8359375
9.2674999,0.9995791912078857,-0.2861070930957794,9.838972091674805,-10.406494140625,5.43212890625,5.43212890625
9.2724999,0.9277531504631042,-0.304063618183136,9.767744064331055,15.2587890625,-5.43212890625,-3.936767578125
9.2774999,0.9900023937225342,-0.26815059781074524,9.716867446899414,-18.49365234375,4.33349609375,1.708984375
9.2824999,0.9582792520523071,-0.29807811975479126,9.479841232299805,-15.44189453125,-0.732421875,-5.859375
9.2874999,0.9032126069068909,-0.34656068682670593,9.9371337890625,11.444091796875,1.922607421875,6.16455078125
9.292499900000001,0.9882067441940308,-0.3016694188117981,9.855731010437012,-8.026123046875,4.638671875,5.615234375
9.2974999,0.9433154463768005,-0.3627215623855591,9.747992515563965,11.810302734375,-4.2724609375,-5.279541015625
9.3024999,1.0109516382217407,-0.25498247146606445,9.733028411865234,-15.045166015625,4.5166015625,3.23486328125
9.3074999,0.9295487999916077,-0.3884592354297638,9.835380554199219,17.63916015625,-3.570556640625,-2.410888671875
9.3124999,1.0013748407363892,-0.3292027413845062,9.672574996948242,-18.829345703125,3.11279296875,-0.030517578125
9.3174999,0.9193734526634216,-0.39624038338661194,9.890447616577148,19.256591796875,-1.983642578125,0.457763671875
9.3224999,0.943913996219635,-0.3315969407558441,9.576807022094727,-18.73779296875,1.556396484375,-2.593994140625
9.327499900000001,0.9085995554924011,-0.333991140127182,9.904213905334473,17.791748046875,-0.640869140625,3.5400390625
9.3324999,0.9307458996772766,-0.27892449498176575,9.505578994750977,-15.899658203125,-0.335693359375,-5.035400390625
9.337499900000001,0.961870551109314,-0.32381579279899597,9.548674583435059,-10.528564453125,-1.678466796875,-6.561279296875
9.3424999,0.9056068062782288,-0.38486793637275696,9.980229377746582,7.598876953125,2.50244140625,6.65283203125
9.3474999,0.9864110946655273,-0.37888240814208984,9.61451530456543,-4.7607421875,-2.685546875,-7.171630859375
9.3524999,0.950498104095459,-0.3734954595565796,9.93474006652832,2.13623046875,3.47900390625,6.89697265625
9.3574999,0.973242998123169,-0.3794809579849243,9.677363395690918,1.434326171875,-3.387451171875,-7.2021484375
9.3624999,0.9798270463943481,-0.25677812099456787,9.729436874389648,-12.3291015625,3.5400390625,4.39453125
9.3674999,0.9385270476341248,-0.4411316514015198,9.751583099365234,13.580322265625,-3.173828125,-4.364013671875
9.372499900000001,1.0259153842926025,-0.3190273642539978,9.719860076904297,-14.373779296875,3.11279296875,3.082275390625
9.3774999,0.8864531517028809,-0.3902548849582672,9.877279281616211,16.571044921875,-2.044677734375,-0.9765625
9.382499900000001,0.8864531517028809,-0.3902548849582672,9.877279281616211,16.571044921875,-2.044677734375,-0.9765625
9.3874999,0.9672574996948242,-0.3172317147254944,9.765350341796875,-16.815185546875,1.708984375,-0.1220703125
9.3924999,0.8756792545318604,-0.3579331636428833,9.892242431640625,16.571044921875,-1.800537109375,-0.1220703125
9.3974999,0.9612720012664795,-0.33758243918418884,9.716867446899414,-16.54052734375,1.220703125,-0.701904296875
9.4024999,0.9032126069068909,-0.34416648745536804,9.837176322937012,16.66259765625,-1.373291015625,0.6103515625
9.4074999,0.9744400978088379,-0.365115761756897,9.604938507080078,-16.387939453125,1.251220703125,-1.28173828125
9.4124999,0.9331400990486145,-0.33758243918418884,9.789292335510254,16.387939453125,-1.007080078125,0.885009765625
9.417499900000001,0.9840168952941895,-0.36990416049957275,9.564237594604492,-16.143798828125,1.068115234375,-1.495361328125
9.4224999,0.93254154920578,-0.3106476664543152,9.868300437927246,15.80810546875,-0.823974609375,1.129150390625
9.4274999,0.93254154920578,-0.3106476664543152,9.868300437927246,15.80810546875,-0.823974609375,1.129150390625
9.4324999,0.9666589498519897,-0.3579331636428833,9.668384552001953,-15.655517578125,0.79345703125,-1.434326171875
9.4374999,0.9163807034492493,-0.3148375153541565,9.901819229125977,15.716552734375,-1.190185546875,0.946044921875
9.4424999,0.9068039059638977,-0.35075053572654724,9.740809440612793,14.251708984375,-1.46484375,-1.40380859375
9.4474999,0.8906430602073669,-0.3728969097137451,9.737217903137207,13.12255859375,-1.77001953125,-2.50244140625
9.452499900000001,0.9792284965515137,-0.22864626348018646,9.713874816894531,-12.176513671875,1.800537109375,2.38037109375
9.4574999,0.8960300087928772,-0.363918662071228,9.77253246307373,11.505126953125,-2.044677734375,-3.387451171875
9.462499900000001,0.9522937536239624,-0.19692309200763702,9.736021041870117,-10.345458984375,1.983642578125,3.448486328125
9.4674999,0.9217676520347595,-0.3728969097137451,9.742006301879883,8.97216796875,-2.01416015625,-4.2724609375
9.4724999,0.9463081955909729,-0.22086510062217712,9.780313491821289,-7.62939453125,2.227783203125,4.364013671875
9.4774999,0.9469067454338074,-0.3998316824436188,9.706093788146973,6.2255859375,-2.166748046875,-5.157470703125
9.4824999,0.9487023949623108,-0.25977087020874023,9.84256362915039,-4.486083984375,2.105712890625,5.126953125
9.4874999,0.9558850526809692,-0.3926490843296051,9.674370765686035,2.532958984375,-2.105712890625,-5.889892578125
9.4924999,0.93254154920578,-0.3345896899700165,9.886856079101562,-0.640869140625,2.227783203125,5.340576171875
9.497499900000001,0.9522937536239624,-0.40043023228645325,9.632472038269043,-1.617431640625,-1.708984375,-6.16455078125
9.5024999,0.9169792532920837,-0.38067805767059326,9.965864181518555,3.631591796875,1.64794921875,5.43212890625
9.507499900000001,0.9139865040779114,-0.3064578175544739,9.958083152770996,7.537841796875,1.15966796875,4.791259765625
9.5124999,1.0007762908935547,-0.29807811975479126,9.577404975891113,-9.3994140625,-0.885009765625,-4.8828125
9.5174999,0.9253589510917664,-0.24361002445220947,9.870096206665039,10.8642578125,0.48828125,3.631591796875
9.5224999,1.0247182846069336,-0.5261258482933044,9.814431190490723,-12.14599609375,0.54931640625,-0.030517578125
9.5274999,0.9911994934082031,-0.4638765752315521,9.799467086791992,10.833740234375,-0.579833984375,-2.227783203125
9.5324999,1.1085153818130493,-0.31364041566848755,9.740809440612793,-13.641357421875,4.241943359375,4.119873046875
9.5374999,1.1546037197113037,-0.5476736426353455,9.566631317138672,8.209228515625,3.692626953125,-4.33349609375
9.542499900000001,1.2108675241470337,-0.23343466222286224,9.481637001037598,-2.899169921875,10.009765625,2.716064453125
9.5474999,1.1641805171966553,-0.41359832882881165,9.26795482635498,-6.53076171875,9.552001953125,10.833740234375
9.5524999,1.0103530883789062,-0.9636662006378174,9.066842079162598,4.791259765625,9.21630859375,1.220703125
9.5574999,0.9253589510917664,-1.0396820306777954,9.160215377807617,-8.148193359375,8.331298828125,22.247314453125
9.5624999,0.48303020000457764,-1.0414776802062988,8.205527305603027,7.01904296875,-1.5869140625,20.111083984375
9.5674999,0.3124433159828186,-1.1988965272903442,7.982867240905762,-31.280517578125,-6.7138671875,45.47119140625
9.5724999,-0.34835633635520935,-0.9846154451370239,7.833827972412109,19.012451171875,-33.75244140625,99.609375
9.577499900000001,-0.8864531517028809,-1.1456254720687866,8.564059257507324,28.228759765625,-42.449951171875,82.21435546875
9.5824999,-2.0159177780151367,-2.582146644592285,9.299677848815918,40.52734375,-51.45263671875,81.024169921875
9.587499900000001,-2.366668462753296,-2.0925323963165283,11.143213272094727,54.962158203125,-73.150634765625,137.26806640625
9.5924999,-2.5552117824554443,-2.11946702003479,11.523292541503906,106.658935546875,-33.966064453125,116.943359375
9.5974999,-1.878849744796753,-1.0654197931289673,12.045228958129883,101.01318359375,-33.416748046875,58.349609375
9.6024999,-1.1049240827560425,-0.8403648138046265,10.89182186126709,95.39794921875,-76.690673828125,92.926025390625
9.6074999,0.8080430626869202,-1.521515130996704,8.292916297912598,101.98974609375,0.457763671875,134.613037109375
9.6124999,1.5580267906188965,-0.9283517003059387,7.462128162384033,100.433349609375,13.031005859375,98.602294921875
9.6174999,1.9931728839874268,-0.24001872539520264,6.737283706665039,18.1884765625,-10.8642578125,74.27978515625
9.622499900000001,2.1068975925445557,1.323395013809204,5.914276599884033,-0.457763671875,-31.79931640625,36.407470703125
9.6274999,2.2906525135040283,2.889801502227783,5.39293909072876,-12.5732421875,-26.611328125,4.608154296875
9.632499900000001,2.494159698486328,3.9659950733184814,5.0236334800720215,-75.13427734375,2.99072265625,-11.1083984375
9.6374999,2.7904419898986816,4.589086055755615,5.006874084472656,-120.7275390625,31.890869140625,-29.4189453125
9.6424999,2.9724013805389404,4.532822132110596,4.899135112762451,-98.236083984375,57.373046875,-62.92724609375
9.6474999,3.2615013122558594,4.037821292877197,5.37438440322876,-82.58056640625,93.597412109375,-93.048095703125
9.6524999,3.626616954803467,3.247136116027832,6.651092529296875,-80.474853515625,145.751953125,-113.46435546875
9.6574999,4.084507942199707,2.1703438758850098,8.866327285766602,11.138916015625,107.879638671875,-133.697509765625
9.6624999,4.34487771987915,0.8463503122329712,11.097723007202148,41.229248046875,18.49365234375,-108.154296875
9.667499900000001,3.156754970550537,-1.613093376159668,11.496956825256348,2.3193359375,-21.270751953125,-23.651123046875
9.6724999,2.081159830093384,-2.1595699787139893,10.109517097473145,-9.552001953125,-2.227783203125,-3.173828125
9.6774999,1.1905168294906616,-2.2810757160186768,9.396044731140137,-15.777587890625,22.857666015625,10.68115234375
9.6824999,0.076015904545784,-0.32441434264183044,10.005967140197754,-1.190185546875,-9.8876953125,-1.190185546875
9.6874999,0.547075092792511,0.14065934717655182,9.860519409179688,-2.716064453125,-5.0048828125,-3.41796875
9.6924999,1.0330979824066162,0.42616790533065796,9.68813705444336,-3.41796875,0.91552734375,2.197265625
9.6974999,1.3736732006072998,0.43754035234451294,9.577404975891113,-1.15966796875,3.96728515625,5.157470703125
9.702499900000001,1.522712230682373,0.17058686912059784,9.634267807006836,1.190185546875,2.288818359375,1.89208984375
9.7074999,1.2880805730819702,-0.26575639843940735,9.737217903137207,0.640869140625,3.173828125,-4.82177734375
9.712499900000001,1.0995371341705322,-0.2693476974964142,9.754576683044434,-1.129150390625,5.126953125,-3.84521484375
9.7174999,0.921169102191925,-0.12330138683319092,9.778518676757812,-1.52587890625,3.11279296875,2.410888671875
9.7224999,0.8038532137870789,-0.09397241473197937,9.852140426635742,0.244140625,-2.44140625,5.645751953125
9.7274999,0.730231523513794,-0.09157821536064148,9.914987564086914,1.495361328125,-5.584716796875,3.23486328125
9.7324999,0.7793126702308655,-0.15921440720558167,9.926959037780762,1.434326171875,-3.2958984375,-2.227783203125
9.7374999,0.8188169598579407,-0.1586158573627472,9.814431190490723,-1.495361328125,3.11279296875,-6.89697265625
9.7424999,0.9552865028381348,-0.08559270948171616,9.734824180603027,-2.899169921875,5.584716796875,-3.875732421875
9.747499900000001,0.9678560495376587,-0.06404489278793335,9.695918083190918,-0.091552734375,0.030517578125,5.55419921875
9.7524999,0.9888052940368652,-0.10594342648983002,9.762955665588379,2.5634765625,-5.55419921875,7.171630859375
9.757499900000001,0.9911994934082031,-0.18794482946395874,9.788095474243164,2.471923828125,-4.8828125,0.54931640625
9.7624999,0.9277531504631042,-0.20949265360832214,9.734824180603027,-1.52587890625,3.2958984375,-7.598876953125
9.7674999,0.9044097065925598,-0.13587094843387604,9.755773544311523,-0.18310546875,0.9765625,4.608154296875
9.7724999,0.8936358094215393,-0.11851298063993454,9.807249069213867,3.753662109375,-7.171630859375,7.598876953125
9.7774999,0.8738836050033569,-0.15442600846290588,9.80904483795166,2.105712890625,-6.256103515625,-0.244140625
9.7824999,0.8780734539031982,-0.15322890877723694,9.767744064331055,-2.9296875,4.791259765625,-8.636474609375
9.7874999,0.9510966539382935,-0.06823474913835526,9.713275909423828,-3.72314453125,8.636474609375,-4.241943359375
9.792499900000001,0.982221245765686,-0.05925649031996727,9.761159896850586,1.64794921875,-0.67138671875,6.256103515625
9.7974999,0.9858125448226929,-0.07481880486011505,9.782708168029785,4.608154296875,-8.056640625,5.615234375
9.8024999,0.9720458984375,-0.10534487664699554,9.75517463684082,-0.6103515625,-2.105712890625,-5.096435546875
9.8074999,0.9816226959228516,-0.13168109953403473,9.756970405578613,-4.730224609375,8.72802734375,-7.75146484375
9.8124999,0.9965864419937134,-0.14365209639072418,9.824606895446777,-0.79345703125,4.08935546875,3.173828125
9.8174999,0.9858125448226929,-0.12270283699035645,9.838972091674805,5.035400390625,-6.591796875,7.4462890625
9.8224999,0.9594763517379761,-0.15801730751991272,9.847352027893066,1.77001953125,-6.256103515625,-1.64794921875
9.827499900000001,0.9050082564353943,-0.13946224749088287,9.740211486816406,-2.62451171875,7.171630859375,0.885009765625
9.8324999,0.9085995554924011,-0.11013327538967133,9.715071678161621,4.8828125,-5.279541015625,7.537841796875
9.837499900000001,0.9139865040779114,-0.1322796493768692,9.745597839355469,3.082275390625,-8.48388671875,-0.213623046875
9.8424999,0.9187749028205872,-0.12749123573303223,9.719860076904297,-4.791259765625,5.218505859375,-8.209228515625
9.8474999,0.9427168965339661,-0.1364694982767105,9.783307075500488,-3.35693359375,8.6669921875,0.885009765625
9.8524999,0.9445125460624695,-0.13587094843387604,9.73542308807373,5.18798828125,-4.547119140625,7.01904296875
9.8574999,0.960673451423645,-0.13587094843387604,9.788095474243164,3.11279296875,-8.819580078125,-1.46484375
9.8624999,0.9774328470230103,-0.10893617570400238,9.767146110534668,-5.615234375,5.584716796875,-8.056640625
9.8674999,1.0013748407363892,-0.10893617570400238,9.872490882873535,-3.23486328125,8.514404296875,2.777099609375
9.872499900000001,0.9894038438796997,-0.090979665517807,9.820416450500488,6.4697265625,-6.34765625,6.744384765625
9.8774999,0.9642647504806519,-0.10354922711849213,9.813833236694336,1.983642578125,-7.843017578125,-4.547119140625
9.882499900000001,0.9696516990661621,-0.11611878126859665,9.856928825378418,-6.9580078125,8.48388671875,-6.866455078125
9.8874999,0.9247604012489319,-0.16160862147808075,9.763554573059082,7.537841796875,-9.674072265625,4.486083984375
9.8924999,0.8864531517028809,-0.14185644686222076,9.747393608093262,-1.0986328125,-4.364013671875,-8.514404296875
9.8974999,0.9289502501487732,-0.13587094843387604,9.803058624267578,-7.354736328125,11.566162109375,-2.227783203125
9.9024999,0.8756792545318604,-0.15682020783424377,9.715071678161621,3.47900390625,0.9765625,9.09423828125
9.9074999,0.8954314589500427,-0.13347674906253815,9.663596153259277,6.072998046875,-12.237548828125,-1.800537109375
9.9124999,0.9355342984199524,-0.1388636976480484,9.715071678161621,-5.7373046875,2.838134765625,-9.490966796875
9.917499900000001,0.943913996219635,-0.14903905987739563,9.79408073425293,-4.150390625,11.077880859375,6.04248046875
9.9224999,0.943913996219635,-0.15801730751991272,9.79408073425293,0.54931640625,-8.270263671875,-9.94873046875
9.9274999,0.9983820915222168,-0.12928688526153564,9.904213905334473,-7.781982421875,11.474609375,-1.953125
9.9324999,0.9080010056495667,-0.11791443079710007,9.716269493103027,3.5400390625,2.86865234375,10.894775390625
9.9374999,0.9044097065925598,-0.11671733111143112,9.610325813293457,5.645751953125,-12.786865234375,-4.8828125
9.9424999,0.9271546006202698,-0.09277531504631042,9.737217903137207,-1.77001953125,10.7421875,10.009765625
9.9474999,0.9163807034492493,-0.14484919607639313,9.651625633239746,7.62939453125,-10.406494140625,1.800537109375
9.952499900000001,0.9540894031524658,-0.1472434103488922,9.837176322937012,-3.35693359375,-4.425048828125,-12.298583984375
9.9574999,0.9672574996948242,-0.152031809091568,9.921571731567383,-5.096435546875,13.336181640625,6.103515625
9.962499900000001,0.922366201877594,-0.19931729137897491,9.763554573059082,6.89697265625,-4.608154296875,7.50732421875
9.9674999,0.9271546006202698,-0.1586158573627472,9.793481826782227,-0.48828125,-10.101318359375,-12.481689453125
9.9724999,0.9714473485946655,-0.12270283699035645,9.895236015319824,-6.317138671875,12.115478515625,1.312255859375
9.9774999,0.9427168965339661,-0.15981295704841614,9.806051254272461,5.7373046875,1.373291015625,11.1083984375
9.9824999,0.9044097065925598,-0.1472434103488922,9.704896926879883,1.434326171875,-12.786865234375,-11.04736328125
9.9874999,1.0115501880645752,-0.12449848651885986,9.931747436523438,-6.622314453125,9.246826171875,-2.5634765625
9.9924999,0.8888474106788635,-0.12988543510437012,9.808445930480957,4.57763671875,5.340576171875,12.939453125
9.997499900000001,0.8888474106788635,-0.12988543510437012,9.808445930480957,4.57763671875,5.340576171875,12.939453125
10.0024999,0.9193734526634216,-0.06464344263076782,9.761758804321289,4.33349609375,7.75146484375,13.5498046875
10.007499900000001,0.9193734526634216,-0.06464344263076782,9.761758804321289,4.33349609375,7.75146484375,13.5498046875
10.0124999,0.9056068062782288,-0.12629413604736328,9.604340553283691,2.288818359375,-13.458251953125,-8.1787109375
10.0174999,0.9953893423080444,-0.1346738487482071,9.86770248413086,-7.14111328125,5.31005859375,-5.645751953125
10.0224999,0.921169102191925,-0.16220717132091522,9.771934509277344,4.8828125,8.85009765625,13.48876953125
10.0274999,0.8756792545318604,-0.18555063009262085,9.61212158203125,2.044677734375,-13.397216796875,-8.97216796875
10.0324999,0.9959878921508789,-0.15682020783424377,9.9185791015625,-7.32421875,5.0048828125,-5.340576171875
10.0374999,0.9217676520347595,-0.1496376097202301,9.742006301879883,5.92041015625,8.36181640625,13.519287109375
10.042499900000001,0.9103952050209045,-0.16101007163524628,9.667786598205566,0.6103515625,-13.85498046875,-9.735107421875
10.0474999,1.0199298858642578,-0.13706804811954498,9.942521095275879,-6.927490234375,6.317138671875,-2.593994140625
10.0524999,0.9044097065925598,-0.1215057373046875,9.685144424438477,7.14111328125,6.256103515625,12.481689453125
10.0574999,0.9205705523490906,-0.12749123573303223,9.746196746826172,-1.617431640625,-13.61083984375,-11.962890625
10.0624999,0.9050082564353943,-0.07003039866685867,9.636063575744629,8.30078125,2.471923828125,9.796142578125
10.0674999,0.9403226971626282,-0.10953472554683685,9.75278091430664,-4.7607421875,-12.359619140625,-13.336181640625
10.0724999,0.9911994934082031,-0.07661445438861847,9.773131370544434,-2.3193359375,11.90185546875,6.34765625
10.077499900000001,0.8858546018600464,-0.12509703636169434,9.511565208435059,7.720947265625,-2.532958984375,4.669189453125
10.0824999,0.9768342971801758,-0.13706804811954498,9.802460670471191,1.922607421875,13.092041015625,10.955810546875
10.087499900000001,0.8942343592643738,-0.1496376097202301,9.675567626953125,4.8828125,-8.6669921875,-2.5634765625
10.0924999,1.0103530883789062,-0.11851298063993454,9.9586820602417,-8.48388671875,-1.52587890625,-7.720947265625
10.0974999,0.9259575009346008,-0.12389993667602539,9.72285270690918,6.53076171875,10.31494140625,12.481689453125
10.1024999,0.9169792532920837,-0.1496376097202301,9.751583099365234,-0.48828125,-12.26806640625,-9.8876953125
10.1074999,1.0133458375930786,-0.16639702022075653,9.966463088989258,-5.584716796875,6.683349609375,0.518798828125
10.1124999,0.9062053561210632,-0.1430535465478897,9.661202430725098,8.60595703125,2.99072265625,8.23974609375
10.1174999,0.9870096445083618,-0.12270283699035645,9.824606895446777,0.732421875,11.90185546875,9.307861328125
10.122499900000001,0.8690952062606812,-0.090979665517807,9.552266120910645,5.31005859375,-6.378173828125,-1.77001953125
10.1274999,0.9906009435653687,-0.0999579206109047,9.916783332824707,-8.36181640625,-2.50244140625,-7.2021484375
10.132499900000001,0.9056068062782288,-0.06165069341659546,9.583989143371582,7.293701171875,9.58251953125,11.53564453125
10.1374999,0.9080010056495667,-0.07003039866685867,9.712079048156738,-2.410888671875,-11.932373046875,-10.68115234375
10.1424999,0.9840168952941895,-0.08798690885305405,9.858723640441895,-3.570556640625,8.23974609375,4.2724609375
10.1474999,0.882861852645874,-0.1041477769613266,9.536704063415527,7.8125,-0.48828125,3.47900390625
10.1524999,0.9852139949798584,-0.17298106849193573,9.950302124023438,-8.392333984375,-7.14111328125,-9.8876953125
10.1574999,0.9672574996948242,-0.15083470940589905,9.709086418151855,5.126953125,11.199951171875,11.260986328125
10.1624999,0.9367313981056213,-0.12749123573303223,9.754576683044434,-0.091552734375,-10.406494140625,-8.453369140625
10.167499900000001,1.0205284357070923,-0.14903905987739563,9.958083152770996,-5.18798828125,5.615234375,1.739501953125
10.1724999,0.8984242081642151,-0.10654197633266449,9.5809965133667,8.331298828125,1.678466796875,4.82177734375
10.1774999,0.9433154463768005,-0.1472434103488922,9.682151794433594,4.791259765625,11.016845703125,10.7421875
10.1824999,0.9433154463768005,-0.1472434103488922,9.682151794433594,4.791259765625,11.016845703125,10.7421875
10.1874999,0.912190854549408,-0.13287819921970367,9.720458984375,0.213623046875,-10.101318359375,-8.23974609375
10.1924999,0.9911994934082031,-0.13168109953403473,9.921571731567383,-5.06591796875,5.218505859375,2.410888671875
10.1974999,0.8960300087928772,-0.10893617570400238,9.55825138092041,8.087158203125,1.0986328125,3.509521484375
10.202499900000001,0.9798270463943481,-0.16519992053508759,9.985017776489258,-8.544921875,-6.744384765625,-8.575439453125
10.2074999,0.9277531504631042,-0.1107318252325058,9.619902610778809,6.134033203125,10.284423828125,10.467529296875
10.212499900000001,0.921169102191925,-0.13946224749088287,9.773131370544434,-2.044677734375,-10.467529296875,-9.6435546875
10.2174999,0.9876081943511963,-0.1173158809542656,9.875483512878418,-2.685546875,7.6904296875,5.4931640625
10.2224999,0.8912416100502014,-0.09816227108240128,9.580398559570312,6.4697265625,-2.532958984375,-0.701904296875
10.2274999,0.9965864419937134,-0.16759411990642548,10.053851127624512,-8.36181640625,-3.082275390625,-4.852294921875
10.2324999,0.9205705523490906,-0.10115502029657364,9.583989143371582,8.026123046875,7.659912109375,8.453369140625
10.2374999,0.9636662006378174,-0.14604631066322327,9.9401273727417,-5.706787109375,-10.3759765625,-10.31494140625
10.2424999,0.9217676520347595,-0.09038111567497253,9.713874816894531,1.739501953125,-7.354736328125,-6.500244140625
10.247499900000001,0.9971849918365479,-0.11432313174009323,9.954492568969727,-5.401611328125,3.47900390625,1.983642578125
10.2524999,0.8720879554748535,-0.09696517139673233,9.524134635925293,7.781982421875,1.373291015625,2.166748046875
10.257499900000001,0.973242998123169,-0.17058686912059784,10.011953353881836,-8.1787109375,-5.767822265625,-6.317138671875
10.2624999,0.8954314589500427,-0.1538274586200714,9.5624418258667,7.32421875,8.6669921875,8.819580078125
10.2674999,0.9552865028381348,-0.1693897694349289,9.91738224029541,-4.8828125,-10.1318359375,-9.857177734375
10.2724999,0.9630676507949829,-0.1412578970193863,9.747393608093262,1.708984375,9.429931640625,8.697509765625
10.2774999,0.9115923047065735,-0.08379705995321274,9.737217903137207,1.617431640625,-6.866455078125,-6.683349609375
10.2824999,0.9971849918365479,-0.10893617570400238,9.925163269042969,-4.486083984375,3.570556640625,3.0517578125
10.2874999,0.861314058303833,-0.09277531504631042,9.541492462158203,6.9580078125,0.06103515625,0.30517578125
10.292499900000001,0.9702502489089966,-0.15263035893440247,10.001777648925781,-7.965087890625,-4.08935546875,-4.119873046875
10.2974999,0.9888052940368652,-0.14784196019172668,9.86111831665039,-2.593994140625,-8.758544921875,-8.880615234375
10.3024999,1.0007762908935547,-0.1322796493768692,9.800065994262695,-0.244140625,7.26318359375,7.171630859375
10.3074999,0.9582792520523071,-0.05267243832349777,9.699509620666504,2.74658203125,-4.69970703125,-5.340576171875
10.3124999,1.060032844543457,-0.09516951441764832,9.974244117736816,-5.126953125,1.739501953125,2.410888671875
10.3174999,0.912190854549408,-0.09636662155389786,9.585784912109375,6.77490234375,1.251220703125,0.091552734375
10.3224999,1.0199298858642578,-0.1628057211637497,10.026318550109863,-7.415771484375,-3.875732421875,-2.899169921875
10.327499900000001,0.8858546018600464,-0.16519992053508759,9.493009567260742,7.87353515625,6.134033203125,4.974365234375
10.3324999,0.9696516990661621,-0.1999158412218094,10.004171371459961,-7.537841796875,-7.720947265625,-6.683349609375
10.337499900000001,0.8876502513885498,-0.1538274586200714,9.530119895935059,6.317138671875,8.819580078125,7.720947265625
10.3424999,0.9493009448051453,-0.1693897694349289,9.9401273727417,-5.157470703125,-8.941650390625,-8.544921875
10.3474999,0.9564836025238037,-0.06464344263076782,9.714473724365234,-0.48828125,6.072998046875,6.805419921875
10.3524999,0.9385270476341248,-0.061052143573760986,9.712079048156738,2.01416015625,-4.33349609375,-5.950927734375
10.3574999,1.0211269855499268,-0.08619125932455063,9.899425506591797,-3.60107421875,2.3193359375,3.90625
10.3624999,0.9169792532920837,-0.08259996026754379,9.706692695617676,5.096435546875,-0.457763671875,-2.838134765625
10.3674999,1.028908133506775,-0.13287819921970367,10.029311180114746,-6.011962890625,-1.46484375,0.701904296875
10.372499900000001,0.9002198576927185,-0.1364694982767105,9.59715747833252,6.9580078125,3.143310546875,0.457763671875
10.3774999,1.0133458375930786,-0.181959331035614,10.070012092590332,-7.232666015625,-4.7607421875,-2.197265625
10.382499900000001,0.8589198589324951,-0.19632454216480255,9.439140319824219,7.293701171875,5.645751953125,3.0517578125
10.3874999,0.9774328470230103,-0.22086510062217712,10.06701946258545,-7.476806640625,-6.378173828125,-4.730224609375
10.3924999,0.8601169586181641,-0.15562310814857483,9.437344551086426,7.38525390625,7.171630859375,5.126953125
10.3974999,0.9648633003234863,-0.18375498056411743,10.089764595031738,-6.7138671875,-7.537841796875,-6.34765625
10.4024999,0.9816226959228516,-0.13527239859104156,10.083779335021973,-5.2490234375,-7.904052734375,-7.32421875
10.4074999,0.9271546006202698,-0.09157821536064148,9.602544784545898,4.608154296875,7.537841796875,7.14111328125
10.4124999,0.9696516990661621,-0.1149216815829277,9.908403396606445,-3.997802734375,-7.354736328125,-7.75146484375
10.417499900000001,0.9469067454338074,-0.10354922711849213,9.59177017211914,3.082275390625,6.988525390625,7.293701171875
10.4224999,0.950498104095459,-0.11671733111143112,9.75936508178711,-2.3193359375,-6.439208984375,-7.62939453125
10.4274999,0.9307458996772766,-0.12928688526153564,9.63187313079834,1.861572265625,5.889892578125,6.9580078125
10.4324999,0.9355342984199524,-0.11611878126859665,9.73781681060791,-1.129150390625,-5.2490234375,-7.38525390625
10.4374999,0.9157821536064148,-0.10654197633266449,9.620500564575195,0.42724609375,5.0048828125,6.561279296875
10.4424999,0.9463081955909729,-0.0802057534456253,9.724050521850586,0.18310546875,-4.33349609375,-6.744384765625
10.4474999,0.9576807022094727,-0.05686229094862938,9.657012939453125,-0.762939453125,3.84521484375,6.16455078125
10.452499900000001,0.9864110946655273,-0.06464344263076782,9.778518676757812,0.91552734375,-3.509521484375,-6.378173828125
10.4574999,0.9923965930938721,-0.08798690885305405,9.766547203063965,-1.220703125,3.021240234375,5.37109375
10.462499900000001,0.9714473485946655,-0.14065934717655182,9.848548889160156,-2.044677734375,2.532958984375,5.2490234375
10.4674999,0.9085995554924011,-0.1496376097202301,9.90361499786377,2.25830078125,-2.3193359375,-5.43212890625
10.4724999,0.9433154463768005,-0.1562216579914093,9.84615421295166,-2.410888671875,1.922607421875,5.18798828125
10.4774999,0.8858546018600464,-0.15741875767707825,9.871891975402832,2.105712890625,-1.556396484375,-5.31005859375
10.4824999,0.9032126069068909,-0.14245499670505524,9.824007987976074,2.410888671875,-1.617431640625,-5.340576171875
10.4874999,0.9774328470230103,-0.11432313174009323,9.737217903137207,-2.349853515625,1.434326171875,4.852294921875
10.4924999,0.9355342984199524,-0.11252748221158981,9.787496566772461,2.105712890625,-1.312255859375,-5.157470703125
10.497499900000001,0.99479079246521,-0.09277531504631042,9.694122314453125,-2.01416015625,1.5869140625,4.791259765625
10.5024999,0.9528923034667969,-0.09816227108240128,9.780912399291992,1.861572265625,-1.52587890625,-5.43212890625
10.507499900000001,0.9768342971801758,-0.08858546614646912,9.657610893249512,-1.678466796875,1.8310546875,5.31005859375
10.5124999,0.9469067454338074,-0.10953472554683685,9.72285270690918,1.190185546875,-1.678466796875,-5.523681640625
10.5174999,0.9235633015632629,-0.1215057373046875,9.566631317138672,0.8544921875,-2.471923828125,-6.28662109375
10.5224999,0.8846575021743774,-0.14245499670505524,9.428366661071777,-0.335693359375,2.25830078125,5.828857421875
10.5274999,0.9080010056495667,-0.13946224749088287,9.465476036071777,-0.06103515625,-2.685546875,-6.072998046875
10.5324999,0.8870517015457153,-0.20709845423698425,9.453505516052246,0.701904296875,3.021240234375,5.92041015625
10.5374999,0.9253589510917664,-0.17537526786327362,9.543886184692383,-1.190185546875,-3.448486328125,-6.744384765625
10.542499900000001,0.9271546006202698,-0.2214636504650116,9.571419715881348,1.64794921875,3.692626953125,6.34765625
10.5474999,0.9427168965339661,-0.1562216579914093,9.560047149658203,-2.13623046875,-3.7841796875,-6.53076171875
10.5524999,0.9367313981056213,-0.16759411990642548,9.436147689819336,2.838134765625,4.21142578125,6.072998046875
10.5574999,0.9409212470054626,-0.08499415963888168,9.44871711730957,-2.99072265625,-4.364013671875,-6.561279296875
10.5624999,0.9247604012489319,-0.09516951441764832,9.259574890136719,3.41796875,4.8828125,5.645751953125
10.5674999,0.9373299479484558,-0.07541735470294952,9.474454879760742,-4.21142578125,-4.69970703125,-5.92041015625
10.5724999,0.9319429993629456,-0.047884032130241394,9.187748908996582,4.669189453125,4.8828125,5.126953125
10.577499900000001,0.8948329091072083,-0.23702596127986908,8.908226013183594,5.523681640625,4.425048828125,2.13623046875
10.5824999,1.0743980407714844,-0.2561795711517334,9.557653427124023,-5.18798828125,-4.150390625,-1.8310546875
10.587499900000001,0.871489405632019,-0.26396074891090393,8.777143478393555,4.791259765625,3.814697265625,0.518798828125
10.5924999,1.0396820306777954,-0.11432313174009323,9.411606788635254,-4.7607421875,-3.326416015625,0.48828125
10.5974999,0.8978256583213806,-0.12449848651885986,8.886079788208008,3.631591796875,2.777099609375,-1.89208984375
10.6024999,0.9810241460800171,0.02513911761343479,9.258378028869629,-2.86865234375,-1.922607421875,2.349853515625
10.6074999,0.9241618514060974,0.012569558806717396,9.077615737915039,2.3193359375,1.068115234375,-3.631591796875
10.6124999,0.9259575009346008,0.06404489278793335,9.046490669250488,-1.129150390625,-0.030517578125,4.21142578125
10.6174999,0.8816647529602051,-0.08319851011037827,9.01895809173584,0.244140625,-0.579833984375,-5.55419921875
10.622499900000001,0.8631097078323364,-0.1472434103488922,8.895057678222656,0.946044921875,1.89208984375,5.462646484375
10.6274999,0.8888474106788635,-0.2232593148946762,8.568249702453613,4.547119140625,3.96728515625,4.638671875
10.632499900000001,0.9624691009521484,-0.2232593148946762,8.908824920654297,-4.791259765625,-3.997802734375,-4.058837890625
10.6374999,0.9229647517204285,-0.15801730751991272,8.573038101196289,4.852294921875,3.90625,2.62451171875
10.6424999,1.0923545360565186,-0.23702596127986908,9.207501411437988,-4.7607421875,-3.570556640625,-1.77001953125
10.6474999,0.921169102191925,-0.2968810200691223,8.652046203613281,4.21142578125,3.0517578125,0.152587890625
10.6524999,1.0797849893569946,-0.1711854189634323,9.209895133972168,-3.11279296875,-2.62451171875,1.068115234375
10.6574999,0.9702502489089966,-0.22206220030784607,8.857349395751953,2.44140625,1.678466796875,-2.899169921875
10.6624999,0.9648633003234863,0.011372458189725876,9.048885345458984,-0.946044921875,-0.335693359375,3.5400390625
10.667499900000001,0.9648633003234863,0.011372458189725876,9.048885345458984,-0.946044921875,-0.335693359375,3.5400390625
10.6724999,0.8990227580070496,-0.15322890877723694,9.030330657958984,0.79345703125,-0.457763671875,-6.04248046875
10.6774999,0.7721300721168518,-0.16819266974925995,8.923190116882324,-0.732421875,-2.960205078125,-7.049560546875
10.6824999,0.8080430626869202,-0.11851298063993454,8.711302757263184,4.302978515625,3.326416015625,4.486083984375
10.6874999,0.8936358094215393,-0.09038111567497253,8.862137794494629,-1.953125,-3.997802734375,-6.9580078125
10.6924999,0.8888474106788635,-0.19692309200763702,8.595782279968262,8.36181640625,3.662109375,2.960205078125
10.6974999,1.0247182846069336,-0.5596446394920349,9.25179386138916,-2.288818359375,-7.843017578125,-1.800537109375
10.702499900000001,0.9570821523666382,-0.6823474764823914,8.922591209411621,9.21630859375,0.67138671875,8.544921875
10.7074999,1.1546037197113037,-1.1552022695541382,9.528324127197266,6.04248046875,-11.505126953125,-6.256103515625
10.712499900000001,1.2018892765045166,-1.0396820306777954,8.860940933227539,20.782470703125,3.47900390625,-20.751953125
10.7174999,1.8854337930679321,-1.0504560470581055,9.10574722290039,9.27734375,4.241943359375,-57.861328125
10.7224999,3.425503969192505,-1.0444705486297607,8.626907348632812,-3.2958984375,18.37158203125,-166.412353515625
10.7274999,3.425503969192505,-1.0444705486297607,8.626907348632812,-3.2958984375,18.37158203125,-166.412353515625
10.7324999,4.05158805847168,-1.3419500589370728,7.981071472167969,17.608642578125,31.646728515625,-206.573486328125
10.7374999,5.9525837898254395,-7.504026889801025,8.886677742004395,216.97998046875,72.723388671875,-163.2080078125
10.7424999,5.9525837898254395,-7.504026889801025,8.886677742004395,216.97998046875,72.723388671875,-163.2080078125
10.747499900000001,4.204816818237305,-4.830301761627197,11.010933876037598,315.4296875,71.502685546875,-33.26416015625
10.7524999,2.210446834564209,-0.8248024582862854,12.827533721923828,454.986572265625,49.713134765625,76.5380859375
10.757499900000001,0.1777694821357727,3.1980550289154053,13.86302661895752,558.89892578125,-12.14599609375,112.213134765625
10.7624999,-1.2635399103164673,6.641515731811523,13.454216003417969,587.799072265625,-91.97998046875,112.274169921875
10.7674999,-2.05123233795166,8.396465301513672,11.275492668151855,551.177978515625,-160.15625,118.22509765625
10.7724999,-2.1134815216064453,8.986037254333496,8.525154113769531,437.80517578125,-211.639404296875,135.3759765625
10.7774999,-1.4281413555145264,4.93385124206543,1.4574702978134155,246.7041015625,-192.291259765625,185.394287109375
10.7824999,-1.832162857055664,4.341884613037109,1.4077905416488647,206.72607421875,-151.67236328125,178.1005859375
10.7874999,-2.386420488357544,4.0563764572143555,1.5909470319747925,167.816162109375,-113.433837890625,162.7197265625
10.792499900000001,-3.1082723140716553,3.9881415367126465,1.8070237636566162,127.593994140625,-87.40234375,142.303466796875
10.7974999,-3.6966474056243896,3.935469150543213,2.072780132293701,85.51025390625,-80.657958984375,116.363525390625
10.8024999,-3.799597978591919,4.566341400146484,2.829946517944336,35.70556640625,-89.630126953125,93.32275390625
10.8074999,-3.7672762870788574,5.141548156738281,3.8067808151245117,-81.207275390625,-42.41943359375,65.887451171875
10.8124999,-3.469796895980835,5.580285549163818,4.346673011779785,-226.287841796875,54.74853515625,17.791748046875
10.8174999,-3.3303346633911133,5.771223068237305,4.543596267700195,-246.15478515625,43.45703125,-22.369384765625
10.8224999,-3.266289710998535,5.2014031410217285,3.953425645828247,-266.11328125,24.932861328125,-51.20849609375
10.827499900000001,-1.7848774194717407,4.658517837524414,3.6756980419158936,-432.06787109375,103.424072265625,-85.5712890625
10.8324999,-1.0761936902999878,4.4939165115356445,3.6792895793914795,-450.98876953125,87.34130859375,-92.46826171875
10.837499900000001,-0.608127236366272,4.200626850128174,2.8161797523498535,-508.97216796875,93.994140625,-86.5478515625
10.8424999,-0.04668693244457245,3.840299606323242,3.1076738834381104,-522.979736328125,84.1064453125,-78.67431640625
10.8474999,0.28072014451026917,3.5930981636047363,2.717418909072876,-545.47119140625,93.75,-69.2138671875
10.8524999,0.5345055460929871,3.271078109741211,3.0107085704803467,-569.7021484375,106.414794921875,-56.610107421875
10.8574999,0.7068880796432495,2.9975404739379883,3.1759085655212402,-579.9560546875,115.142822265625,-46.661376953125
10.8624999,2.1703438758850098,2.8341362476348877,5.122992992401123,-563.96484375,151.2451171875,-42.755126953125
10.8674999,3.7427358627319336,1.5580267906188965,7.45913553237915,-150.69580078125,427.79541015625,-128.875732421875
10.872499900000001,5.172672748565674,0.17178396880626678,9.711481094360352,208.3740234375,215.301513671875,-296.0205078125
10.8774999,5.768828868865967,-1.6095020771026611,11.077372550964355,103.45458984375,-62.347412109375,-267.059326171875
10.882499900000001,3.8091750144958496,-5.020042419433594,12.342109680175781,14.556884765625,-46.9970703125,24.017333984375
10.8874999,3.292027235031128,-5.117606163024902,12.252925872802734,17.669677734375,-34.1796875,40.34423828125
10.8924999,2.517503023147583,-4.223970413208008,11.240777015686035,13.336181640625,-10.009765625,37.567138671875
10.8974999,1.765723705291748,-2.5791537761688232,10.319607734680176,10.6201171875,4.7607421875,18.6767578125
10.9024999,1.013944387435913,0.8792705535888672,8.928576469421387,-0.6103515625,11.627197265625,-7.87353515625
10.9074999,0.9469067454338074,1.86508309841156,8.734646797180176,-6.011962890625,16.693115234375,-10.650634765625
10.9124999,0.9846154451370239,2.1769278049468994,8.850166320800781,-7.4462890625,19.83642578125,-8.758544921875
10.917499900000001,1.0450690984725952,1.9291280508041382,9.196128845214844,-4.425048828125,16.571044921875,-2.899169921875
10.9224999,1.0408791303634644,1.1994950771331787,9.65222454071045,-1.129150390625,6.65283203125,3.326416015625
10.9274999,0.9888052940368652,0.3770867586135864,10.011953353881836,1.77001953125,-1.983642578125,7.354736328125
10.9324999,0.8822633028030396,-0.3734954595565796,10.193313598632812,3.021240234375,-7.537841796875,7.843017578125
10.9374999,0.800261914730072,-0.790086567401886,10.17296314239502,1.312255859375,-5.950927734375,3.35693359375
10.9424999,0.800261914730072,-0.8643068075180054,10.037690162658691,-0.67138671875,-1.739501953125,-2.471923828125
10.9474999,0.8684966564178467,-0.6530185341835022,9.846753120422363,-2.044677734375,0,-3.509521484375
10.952499900000001,0.9917980432510376,-0.3711012601852417,9.744999885559082,-0.67138671875,-0.6103515625,0.732421875
10.9574999,1.1354501247406006,-0.16819266974925995,9.718064308166504,0.8544921875,-3.0517578125,2.50244140625
10.962499900000001,1.371279001235962,-0.08259996026754379,9.601346969604492,-1.220703125,3.11279296875,-4.2724609375
10.9674999,1.426345705986023,-0.08738835901021957,9.592369079589844,-1.800537109375,5.859375,-2.044677734375
10.9724999,1.3551181554794312,-0.07242459803819656,9.636063575744629,-0.42724609375,3.662109375,2.685546875
10.9774999,1.3012486696243286,-0.12270283699035645,9.75517463684082,1.64794921875,-0.579833984375,3.84521484375
10.9824999,1.202487826347351,-0.18614917993545532,9.806051254272461,2.471923828125,-3.631591796875,0.67138671875
10.9874999,1.170764684677124,-0.22505496442317963,9.821614265441895,-0.091552734375,-1.52587890625,-4.669189453125
10.9924999,1.1558008193969727,-0.20709845423698425,9.747393608093262,-2.349853515625,3.7841796875,-5.126953125
10.997499900000001,1.18094003200531,-0.12689268589019775,9.712079048156738,-2.3193359375,5.523681640625,0.18310546875
11.0024999,1.192312479019165,-0.0975637212395668,9.791088104248047,0.6103515625,0.1220703125,4.913330078125
11.007499900000001,1.1480196714401245,-0.08439560979604721,9.819219589233398,2.960205078125,-5.79833984375,3.2958984375
11.0124999,1.1402385234832764,-0.17058686912059784,9.832387924194336,1.52587890625,-6.16455078125,-2.01416015625
11.0174999,1.1941081285476685,-0.1843535304069519,9.652822494506836,-3.35693359375,7.38525390625,-2.532958984375
11.0224999,1.2665326595306396,-0.19213469326496124,9.718064308166504,0.396728515625,3.23486328125,3.875732421875
11.0274999,1.2545616626739502,-0.16998831927776337,9.78989028930664,3.7841796875,-4.364013671875,4.058837890625
11.0324999,1.2210428714752197,-0.19871874153614044,9.835979461669922,1.77001953125,-6.317138671875,-1.373291015625
11.0374999,1.1294646263122559,-0.21009120345115662,9.749788284301758,-3.021240234375,2.410888671875,-6.317138671875
11.042499900000001,1.2168530225753784,-0.15322890877723694,9.718064308166504,-2.25830078125,7.50732421875,2.3193359375
11.0474999,1.246780514717102,-0.13587094843387604,9.764751434326172,4.058837890625,-2.655029296875,5.584716796875
11.0524999,1.2072762250900269,-0.18794482946395874,9.808445930480957,-3.5400390625,0.640869140625,-6.8359375
11.0574999,1.2066776752471924,-0.1586158573627472,9.747393608093262,-4.547119140625,10.07080078125,0.1220703125
11.0624999,1.2054805755615234,-0.15981295704841614,9.801262855529785,2.471923828125,2.01416015625,6.561279296875
11.0674999,1.2012907266616821,-0.16819266974925995,9.763554573059082,5.157470703125,-9.857177734375,0.885009765625
11.0724999,1.161187767982483,-0.1843535304069519,9.749788284301758,-1.861572265625,-3.753662109375,-7.476806640625
11.077499900000001,1.1468225717544556,-0.1735796183347702,9.679757118225098,-5.462646484375,9.979248046875,-1.312255859375
11.0824999,1.1534066200256348,-0.1777694821357727,9.750386238098145,1.312255859375,4.8828125,7.293701171875
11.087499900000001,1.1713632345199585,-0.1364694982767105,9.70549488067627,5.67626953125,-10.1318359375,1.007080078125
11.0924999,1.1881226301193237,-0.15682020783424377,9.774927139282227,-1.708984375,-6.16455078125,-8.941650390625
11.0974999,1.2192472219467163,-0.15083470940589905,9.738415718078613,-5.828857421875,10.711669921875,-1.3427734375
11.1024999,1.237802267074585,-0.15023615956306458,9.782708168029785,1.3427734375,6.622314453125,8.697509765625
11.1074999,1.2395979166030884,-0.15143325924873352,9.719860076904297,5.645751953125,-10.55908203125,0.244140625
11.1124999,1.2144588232040405,-0.13946224749088287,9.75936508178711,-2.44140625,-5.767822265625,-10.650634765625
11.1174999,1.215057373046875,-0.15682020783424377,9.756970405578613,-5.31005859375,12.664794921875,0.579833984375
11.122499900000001,1.1743559837341309,-0.16160862147808075,9.715670585632324,4.69970703125,-12.603759765625,-2.99072265625
11.1274999,1.1689690351486206,-0.14664486050605774,9.698312759399414,-4.2724609375,-2.716064453125,-11.260986328125
11.132499900000001,1.1899182796478271,-0.17238251864910126,9.79288387298584,-3.570556640625,14.495849609375,5.43212890625
11.1374999,1.1761516332626343,-0.1801636815071106,9.806650161743164,5.279541015625,0,9.613037109375
11.1424999,1.1342530250549316,-0.2064998894929886,9.779715538024902,1.556396484375,-14.404296875,-8.85009765625
11.1474999,1.1976994276046753,-0.18794482946395874,9.834781646728516,-5.706787109375,4.425048828125,-7.6904296875
11.1524999,1.1713632345199585,-0.20949265360832214,9.818621635437012,0.518798828125,13.3056640625,11.383056640625
11.1574999,1.1779472827911377,-0.17178396880626678,9.658209800720215,5.706787109375,-8.9111328125,3.265380859375
11.1624999,1.2042834758758545,-0.16579847037792206,9.690531730651855,-3.387451171875,-10.31494140625,-13.519287109375
11.167499900000001,1.2713210582733154,-0.1538274586200714,9.756970405578613,-3.997802734375,13.427734375,2.50244140625
11.1724999,1.2000936269760132,-0.1562216579914093,9.736021041870117,0.946044921875,-15.472412109375,-8.9111328125
11.1774999,1.247977614402771,-0.15921440720558167,9.840767860412598,-6.28662109375,2.960205078125,-8.209228515625
11.1824999,1.1851298809051514,-0.1472434103488922,9.78869342803955,2.532958984375,13.946533203125,13.00048828125
11.1874999,1.12467622756958,-0.13706804811954498,9.657610893249512,4.7607421875,-10.528564453125,0.48828125
11.1924999,1.1354501247406006,-0.1472434103488922,9.691728591918945,-6.072998046875,-8.148193359375,-13.824462890625
11.1974999,1.184531331062317,-0.18734627962112427,9.790489196777344,-0.762939453125,15.594482421875,7.9345703125
11.202499900000001,1.269525408744812,-0.19153612852096558,9.818621635437012,-3.84521484375,11.53564453125,1.068115234375
11.2074999,1.212663173675537,-0.16759411990642548,9.749788284301758,6.89697265625,6.103515625,12.664794921875
11.212499900000001,1.1797429323196411,-0.17178396880626678,9.737217903137207,-1.46484375,-15.5029296875,-10.833740234375
11.2174999,1.1504138708114624,-0.17238251864910126,9.691728591918945,0.152587890625,-14.312744140625,-7.598876953125
11.2224999,1.2737152576446533,-0.22206220030784607,9.906607627868652,-6.927490234375,1.40380859375,-7.537841796875
11.2274999,1.1851298809051514,-0.15263035893440247,9.806051254272461,6.195068359375,13.427734375,13.85498046875
11.2324999,1.1342530250549316,-0.1538274586200714,9.694721221923828,1.373291015625,-12.75634765625,-5.462646484375
11.2374999,1.2497732639312744,-0.1604115068912506,9.86351203918457,-7.537841796875,-1.15966796875,-8.85009765625
11.2424999,1.194706678390503,-0.1215057373046875,9.766547203063965,6.072998046875,14.404296875,13.763427734375
11.247499900000001,1.1378443241119385,-0.15083470940589905,9.62828254699707,1.64794921875,-11.77978515625,-4.547119140625
11.2524999,1.24917471408844,-0.19213469326496124,9.834183692932129,-7.9345703125,-2.410888671875,-9.124755859375
11.257499900000001,1.24917471408844,-0.19213469326496124,9.834183692932129,-7.9345703125,-2.410888671875,-9.124755859375
11.2624999,1.2078747749328613,-0.18076223134994507,9.724648475646973,6.591796875,14.617919921875,13.580322265625
11.2674999,1.146224021911621,-0.1909375786781311,9.597756385803223,1.220703125,-11.871337890625,-5.31005859375
11.2724999,1.1348515748977661,-0.12090718746185303,9.557653427124023,9.613037109375,8.514404296875,10.68115234375
11.2774999,1.1641805171966553,-0.1843535304069519,9.777320861816406,-6.500244140625,-14.95361328125,-12.3291015625
11.2824999,1.1294646263122559,-0.13527239859104156,9.616909980773926,8.453369140625,2.777099609375,6.256103515625
11.2874999,1.2054805755615234,-0.18794482946395874,9.874286651611328,-9.521484375,-12.939453125,-12.20703125
11.292499900000001,1.238999366760254,-0.1843535304069519,9.840168952941895,3.387451171875,13.824462890625,9.765625
11.2974999,1.1450269222259521,-0.1472434103488922,9.660603523254395,8.270263671875,13.7939453125,11.932373046875
11.3024999,1.1450269222259521,-0.1472434103488922,9.660603523254395,8.270263671875,13.7939453125,11.932373046875
11.3074999,1.1234791278839111,-0.15921440720558167,9.700108528137207,-1.8310546875,-11.77978515625,-8.6669921875
11.3124999,1.2054805755615234,-0.14245499670505524,9.827000617980957,-5.767822265625,3.143310546875,-0.396728515625
11.3174999,1.1073182821273804,-0.11971008777618408,9.52114200592041,9.857177734375,7.75146484375,8.36181640625
11.3224999,1.206079125404358,-0.18734627962112427,9.82879638671875,-8.1787109375,-13.397216796875,-11.71875
11.327499900000001,1.2641384601593018,-0.1711854189634323,9.77672290802002,1.953125,11.5966796875,8.23974609375
11.3324999,1.1917139291763306,-0.17477671802043915,9.660005569458008,5.279541015625,-3.0517578125,-0.946044921875
11.337499900000001,1.3377602100372314,-0.2124854028224945,9.992799758911133,-9.521484375,-5.9814453125,-6.65283203125
11.3424999,1.20368492603302,-0.1280897855758667,9.582193374633789,8.819580078125,12.481689453125,11.077880859375
11.3474999,1.1881226301193237,-0.1759738177061081,9.774927139282227,-3.814697265625,-11.871337890625,-9.8876953125
11.3524999,1.2306196689605713,-0.13587094843387604,9.759963035583496,-2.8076171875,6.28662109375,3.753662109375
11.3574999,1.1516109704971313,-0.15023615956306458,9.62947940826416,6.77490234375,12.5732421875,10.80322265625
11.3624999,1.1408370733261108,-0.1867477297782898,9.727043151855469,-1.007080078125,-9.613037109375,-7.75146484375
11.3674999,1.1408370733261108,-0.1867477297782898,9.727043151855469,-1.007080078125,-9.613037109375,-7.75146484375
11.372499900000001,1.2096704244613647,-0.15801730751991272,9.86351203918457,-4.7607421875,3.143310546875,1.739501953125
11.3774999,1.1264718770980835,-0.15322890877723694,9.588179588317871,8.941650390625,4.791259765625,4.730224609375
11.382499900000001,1.2216414213180542,-0.21188685297966003,9.928155899047852,-9.368896484375,-10.31494140625,-9.246826171875
11.3874999,1.1785458326339722,-0.15143325924873352,9.658807754516602,6.103515625,11.962890625,10.25390625
11.3924999,1.1605892181396484,-0.18614917993545532,9.762357711791992,-0.9765625,-9.063720703125,-7.75146484375
11.3974999,1.2461819648742676,-0.1538274586200714,9.87967300415039,-4.39453125,3.387451171875,2.44140625
11.4024999,1.1079168319702148,-0.1472434103488922,9.589975357055664,8.36181640625,3.60107421875,3.2958984375
11.4074999,1.2653355598449707,-0.20290859043598175,9.959878921508789,-9.368896484375,-9.185791015625,-8.087158203125
11.4124999,1.1336544752120972,-0.1430535465478897,9.541492462158203,7.354736328125,11.5966796875,9.796142578125
11.417499900000001,1.2503718137741089,-0.13527239859104156,9.768941879272461,-1.678466796875,6.4697265625,5.31005859375
11.4224999,1.1623848676681519,-0.1454477459192276,9.602544784545898,6.134033203125,-0.335693359375,-0.701904296875
11.4274999,1.2988544702529907,-0.18974047899246216,10.012551307678223,-8.72802734375,-5.523681640625,-4.547119140625
11.4324999,1.1569979190826416,-0.13826514780521393,9.53849983215332,9.002685546875,9.82666015625,7.99560546875
11.4374999,1.224035620689392,-0.22026655077934265,9.924564361572266,-7.14111328125,-11.383056640625,-9.613037109375
11.4424999,1.105522632598877,-0.1412578970193863,9.53849983215332,7.781982421875,3.662109375,2.197265625
11.4474999,1.2665326595306396,-0.22744916379451752,10.003573417663574,-8.7890625,-7.965087890625,-6.011962890625
11.452499900000001,1.1318588256835938,-0.14365209639072418,9.469067573547363,8.1787109375,10.406494140625,8.270263671875
11.4574999,1.2384008169174194,-0.23343466222286224,9.8784761428833,-6.103515625,-11.016845703125,-9.246826171875
11.462499900000001,1.171961784362793,-0.1472434103488922,9.706692695617676,0.91552734375,-5.828857421875,-6.04248046875
11.4674999,1.2713210582733154,-0.11133038252592087,9.889249801635742,-4.2724609375,2.0751953125,2.838134765625
11.4724999,1.1354501247406006,-0.11791443079710007,9.585784912109375,6.805419921875,2.655029296875,0.579833984375
11.4774999,1.279700756072998,-0.19452889263629913,10.029909133911133,-8.331298828125,-6.28662109375,-3.936767578125
11.4824999,1.0983400344848633,-0.13287819921970367,9.526528358459473,8.6669921875,9.246826171875,6.40869140625
11.4874999,1.2108675241470337,-0.24361002445220947,9.974244117736816,-7.50732421875,-10.55908203125,-8.11767578125
11.4924999,1.0881646871566772,-0.1472434103488922,9.595361709594727,5.79833984375,10.3759765625,8.544921875
11.497499900000001,1.1839327812194824,-0.19632454216480255,9.82879638671875,-3.082275390625,-8.819580078125,-8.209228515625
11.5024999,1.1683704853057861,-0.13706804811954498,9.728240013122559,0.213623046875,6.317138671875,6.622314453125
11.507499900000001,1.1312602758407593,-0.11671733111143112,9.671378135681152,2.716064453125,-3.11279296875,-4.57763671875
11.5124999,1.2623428106307983,-0.13527239859104156,9.886856079101562,-4.94384765625,-0.48828125,1.861572265625
11.5174999,1.0989385843276978,-0.1173158809542656,9.545083999633789,7.01904296875,3.631591796875,0.732421875
11.5224999,1.2102689743041992,-0.22625206410884857,9.898826599121094,-5.37109375,-9.46044921875,-7.99560546875
11.5274999,1.1085153818130493,-0.11791443079710007,9.548076629638672,3.570556640625,8.056640625,7.598876953125
11.5324999,1.1988965272903442,-0.15562310814857483,9.774328231811523,-1.46484375,-6.317138671875,-7.293701171875
11.5374999,1.2012907266616821,-0.10055647045373917,9.695320129394531,-0.518798828125,4.21142578125,5.767822265625
11.542499900000001,1.192312479019165,-0.1149216815829277,9.716269493103027,2.50244140625,-2.0751953125,-4.608154296875
11.5474999,1.2856862545013428,-0.11432313174009323,9.851541519165039,-4.08935546875,-0.091552734375,2.838134765625
11.5524999,1.1456254720687866,-0.1173158809542656,9.676166534423828,5.4931640625,2.349853515625,-1.434326171875
11.5574999,1.2910733222961426,-0.1843535304069519,10.000580787658691,-6.7138671875,-4.058837890625,-0.091552734375
11.5624999,1.0965443849563599,-0.16220717132091522,9.552266120910645,7.293701171875,5.645751953125,1.52587890625
11.5674999,1.0564415454864502,-0.19033902883529663,9.428964614868164,7.720947265625,7.598876953125,4.058837890625
11.5724999,1.238999366760254,-0.29568392038345337,10.071209907531738,-7.537841796875,-8.087158203125,-5.126953125
11.577499900000001,1.060032844543457,-0.13826514780521393,9.430760383605957,6.988525390625,8.453369140625,5.767822265625
11.5824999,1.217451572418213,-0.25498247146606445,10.032303810119629,-6.591796875,-8.4228515625,-6.53076171875
11.587499900000001,1.1025298833847046,-0.09935937076807022,9.521739959716797,5.615234375,8.056640625,6.561279296875
11.5924999,1.2330138683319092,-0.19153612852096558,9.979631423950195,-5.06591796875,-7.537841796875,-7.01904296875
11.5974999,1.1432312726974487,-0.09576806426048279,9.570222854614258,4.0283203125,7.110595703125,6.77490234375
11.6024999,1.2192472219467163,-0.15023615956306458,9.830592155456543,-3.204345703125,-6.2255859375,-7.01904296875
11.6074999,1.1605892181396484,-0.11252748221158981,9.578003883361816,2.227783203125,5.584716796875,6.683349609375
11.6124999,1.2006921768188477,-0.15023615956306458,9.718064308166504,-1.46484375,-4.7607421875,-6.591796875
11.6174999,1.1546037197113037,-0.14365209639072418,9.580398559570312,0.6103515625,4.08935546875,6.011962890625
11.622499900000001,1.194706678390503,-0.15682020783424377,9.71926212310791,0.213623046875,-3.0517578125,-6.103515625
11.6274999,1.215057373046875,-0.14365209639072418,9.770736694335938,1.373291015625,-1.800537109375,-5.279541015625
11.632499900000001,1.2503718137741089,-0.1149216815829277,9.715670585632324,-1.89208984375,1.434326171875,4.57763671875
11.6374999,1.2054805755615234,-0.1604115068912506,9.86231517791748,2.25830078125,-0.640869140625,-4.425048828125
11.6424999,1.2407950162887573,-0.16819266974925995,9.815628051757812,-2.777099609375,0.1220703125,3.90625
11.6474999,1.1426327228546143,-0.20530278980731964,9.864110946655273,3.021240234375,0.244140625,-3.84521484375
11.6524999,1.2198457717895508,-0.18555063009262085,9.801262855529785,-3.35693359375,-0.640869140625,3.326416015625
11.6574999,1.113303780555725,-0.19572599232196808,9.73661994934082,3.60107421875,0.9765625,-3.5400390625
11.6624999,1.225232720375061,-0.15682020783424377,9.716867446899414,-3.5400390625,-1.068115234375,2.838134765625
11.667499900000001,1.125873327255249,-0.16759411990642548,9.640253067016602,3.7841796875,1.495361328125,-3.11279296875
11.6724999,1.2425906658172607,-0.14484919607639313,9.690531730651855,-3.753662109375,-1.52587890625,2.471923828125
11.6774999,1.1420341730117798,-0.16160862147808075,9.64683723449707,3.7841796875,1.800537109375,-2.899169921875
11.6824999,1.2503718137741089,-0.14604631066322327,9.716867446899414,-3.7841796875,-1.434326171875,2.593994140625
11.6874999,1.2449848651885986,-0.15083470940589905,9.728240013122559,-3.631591796875,-1.52587890625,2.349853515625
11.6924999,1.1294646263122559,-0.19812019169330597,9.6618013381958,3.570556640625,1.8310546875,-3.082275390625
11.6974999,1.2372037172317505,-0.15801730751991272,9.650428771972656,-3.2958984375,-1.251220703125,2.838134765625
11.702499900000001,1.127070426940918,-0.21607670187950134,9.578003883361816,3.021240234375,1.495361328125,-3.204345703125
11.7074999,1.2425906658172607,-0.14844051003456116,9.526528358459473,-2.86865234375,-0.91552734375,2.899169921875
11.712499900000001,1.1510124206542969,-0.21188685297966003,9.510966300964355,2.44140625,1.007080078125,-3.72314453125
11.7174999,1.2599486112594604,-0.12868833541870117,9.418789863586426,-2.105712890625,-0.640869140625,3.448486328125
11.7224999,1.18094003200531,-0.19273324310779572,9.444527626037598,1.64794921875,0.42724609375,-4.21142578125
11.7274999,1.2533645629882812,-0.10654197633266449,9.294889450073242,-1.28173828125,0.1220703125,3.96728515625
11.7324999,1.18094003200531,-0.1885433793067932,9.367912292480469,0.91552734375,-0.30517578125,-4.57763671875
11.7374999,1.1982979774475098,-0.12629413604736328,9.21947193145752,-0.48828125,0.8544921875,4.638671875
11.7424999,1.159990668296814,-0.20470423996448517,9.383475303649902,-0.030517578125,-1.068115234375,-5.035400390625
11.747499900000001,1.1432312726974487,-0.2148796021938324,9.30925464630127,1.77001953125,2.532958984375,5.43212890625
11.7524999,1.2144588232040405,-0.2124854028224945,9.29069995880127,-2.349853515625,-2.716064453125,-5.950927734375
11.757499900000001,1.1689690351486206,-0.18555063009262085,9.182361602783203,2.74658203125,3.448486328125,5.37109375
11.7624999,1.2114660739898682,-0.14604631066322327,9.139266014099121,-3.47900390625,-3.47900390625,-5.55419921875
11.7674999,1.1414356231689453,-0.13587094843387604,8.96389102935791,3.7841796875,4.058837890625,5.218505859375
11.7724999,1.169567584991455,-0.12090718746185303,9.05367374420166,-4.241943359375,-4.0283203125,-5.43212890625
11.7774999,1.1276689767837524,-0.06823474913835526,8.807669639587402,4.57763671875,4.5166015625,4.69970703125
11.7824999,1.2306196689605713,-0.18495208024978638,9.11113452911377,-4.82177734375,-4.08935546875,-4.69970703125
11.7874999,1.14742112159729,-0.10594342648983002,8.746018409729004,4.8828125,4.547119140625,3.60107421875
11.792499900000001,1.3239935636520386,-0.30705636739730835,9.2841157913208,-5.157470703125,-3.96728515625,-3.2958984375
11.7974999,1.1390414237976074,-0.23104046285152435,8.71489429473877,4.69970703125,4.608154296875,2.25830078125
11.8024999,1.0809820890426636,-0.3106476664543152,8.831012725830078,4.21142578125,3.60107421875,0.244140625
11.8074999,1.3114240169525146,-0.1975216418504715,9.468469619750977,-3.5400390625,-2.74658203125,0.18310546875
11.8124999,1.0809820890426636,-0.18794482946395874,8.933364868164062,2.5634765625,2.5634765625,-1.64794921875
11.8174999,1.2312182188034058,-0.005386953707784414,9.228450775146484,-1.922607421875,-1.495361328125,2.288818359375
11.8224999,1.1581950187683105,0.020350715145468712,8.977059364318848,0.54931640625,0.8544921875,-3.41796875
11.827499900000001,1.1737574338912964,0.058059390634298325,8.929773330688477,0.274658203125,0.06103515625,3.7841796875
11.8324999,1.1438298225402832,-0.09696517139673233,8.93156909942627,-1.220703125,-0.885009765625,-4.852294921875
11.837499900000001,1.1210849285125732,-0.15801730751991272,8.780136108398438,2.288818359375,1.8310546875,4.82177734375
11.8424999,1.1510124206542969,-0.3064578175544739,8.848370552062988,-3.0517578125,-2.166748046875,-5.279541015625
11.8474999,1.12467622756958,-0.3058592677116394,8.747814178466797,3.875732421875,3.23486328125,4.57763671875
11.8524999,1.212663173675537,-0.27712884545326233,8.879495620727539,-4.302978515625,-3.23486328125,-4.94384765625
11.8574999,1.1402385234832764,-0.1843535304069519,8.655038833618164,4.791259765625,3.692626953125,3.96728515625
11.8624999,1.335964560508728,-0.25079262256622314,9.505578994750977,-3.692626953125,-3.0517578125,-0.946044921875
11.8674999,1.0983400344848633,-0.30526071786880493,8.908226013183594,3.47900390625,2.50244140625,-0.762939453125
11.872499900000001,1.2922704219818115,-0.1586158573627472,9.331999778747559,-1.922607421875,-1.373291015625,1.617431640625
11.8774999,1.2030863761901855,-0.21667525172233582,8.909422874450684,0.67138671875,0.823974609375,-3.021240234375
11.882499900000001,1.2030863761901855,-0.21667525172233582,8.909422874450684,0.67138671875,0.823974609375,-3.021240234375
11.8874999,1.3215993642807007,-0.05506663769483566,8.851364135742188,0.091552734375,1.495361328125,4.57763671875
11.8924999,1.3940238952636719,-0.23044191300868988,8.80467700958252,-4.21142578125,2.960205078125,-2.685546875
11.8974999,1.4963760375976562,-0.6428431272506714,8.526350975036621,1.434326171875,8.697509765625,7.080078125
11.9024999,1.533486247062683,-0.6865373253822327,8.449137687683105,-6.591796875,8.85009765625,-2.227783203125
11.9074999,1.6992846727371216,-1.3652935028076172,8.486846923828125,1.434326171875,21.484375,15.899658203125
11.9124999,1.5867571830749512,-1.6944962739944458,8.535927772521973,10.345458984375,10.101318359375,3.997802734375
11.917499900000001,0.9487023949623108,-2.381632089614868,9.298480987548828,13.5498046875,3.265380859375,47.8515625
11.9224999,0.2621650993824005,-2.115875720977783,8.98543930053711,8.11767578125,-19.34814453125,88.470458984375
11.9274999,-0.4800374507904053,-1.7723077535629272,8.769362449645996,5.523681640625,-35.0341796875,107.5439453125
11.9324999,-1.6280571222305298,-1.580173134803772,8.20373249053955,-13.458251953125,-58.77685546875,117.0654296875
11.9374999,-2.3367409706115723,-1.173158884048462,8.990227699279785,49.98779296875,-46.44775390625,177.520751953125
11.9424999,-2.9682116508483887,-0.5512649416923523,8.598176956176758,153.80859375,-23.223876953125,141.204833984375
11.9474999,-2.8646624088287354,0.11192893236875534,8.711901664733887,85.75439453125,-56.549072265625,95.916748046875
11.952499900000001,-2.1152772903442383,1.436521053314209,7.439383029937744,17.669677734375,-81.6650390625,83.6181640625
11.9574999,-1.060032844543457,2.3355438709259033,6.388328552246094,-26.79443359375,-56.854248046875,90.8203125
11.962499900000001,0.1107318252325058,3.230376720428467,5.420472621917725,-39.398193359375,-6.591796875,77.69775390625
11.9674999,1.4718354940414429,3.6146459579467773,5.838260650634766,-55.084228515625,28.839111328125,38.2080078125
11.9724999,2.8131868839263916,3.6577415466308594,6.905476093292236,-63.4765625,37.139892578125,1.190185546875
11.9774999,5.89512300491333,-0.6494272351264954,11.59092903137207,-5.950927734375,14.46533203125,-68.42041015625
11.9824999,5.411494255065918,-1.8656816482543945,10.49677848815918,-0.42724609375,38.26904296875,-31.3720703125
11.9874999,4.720168590545654,-2.56000018119812,9.59476375579834,-2.38037109375,41.168212890625,-16.693115234375
11.9924999,3.891176223754883,-2.6174609661102295,9.042900085449219,-6.89697265625,37.689208984375,-17.15087890625
11.997499900000001,3.0166940689086914,-2.1057004928588867,8.98005199432373,1.312255859375,45.623779296875,-3.143310546875
12.0024999,0.6823474764823914,0.1538274586200714,9.77672290802002,-7.14111328125,9.46044921875,-7.14111328125
12.007499900000001,0.1735796183347702,0.5602431893348694,9.93354320526123,0.54931640625,19.47021484375,12.786865234375
12.0124999,-0.12030863761901855,0.6865373253822327,9.908403396606445,8.056640625,6.103515625,14.678955078125
12.0174999,-0.2346317619085312,0.6015431880950928,10.003573417663574,-3.173828125,-14.2822265625,-0.30517578125
12.0224999,-0.08978256583213806,0.3381809890270233,10.099940299987793,-5.340576171875,-3.692626953125,7.50732421875
12.0274999,0.13048399984836578,0.10055647045373917,10.02571964263916,5.67626953125,-2.349853515625,18.035888671875
12.032499900000001,0.3603273630142212,-0.21128830313682556,9.951498985290527,2.960205078125,-21.30126953125,4.547119140625
12.0374999,0.7410054206848145,-0.31184476613998413,9.88386344909668,-5.4931640625,-10.009765625,-1.007080078125
12.042499900000001,0.9516952037811279,-0.3884592354297638,9.832986831665039,1.068115234375,5.67626953125,12.02392578125
12.0474999,1.1438298225402832,-0.3495534360408783,9.607931137084961,5.7373046875,-8.11767578125,2.044677734375
12.0524999,1.2874820232391357,-0.2885012924671173,9.638457298278809,-5.67626953125,-12.176513671875,-15.899658203125
12.0574999,1.4634557962417603,-0.24600422382354736,9.672574996948242,-4.57763671875,10.284423828125,1.068115234375
12.0624999,1.4628572463989258,-0.17657238245010376,9.64803409576416,6.866455078125,4.7607421875,12.8173828125
12.0674999,1.4425065517425537,-0.14484919607639313,9.660005569458008,0.640869140625,-11.8408203125,-9.6435546875
12.0724999,1.4646528959274292,-0.12030863761901855,9.853935241699219,-7.049560546875,4.852294921875,-7.50732421875
12.077499900000001,1.3239935636520386,-0.05686229094862938,9.767744064331055,3.7841796875,12.87841796875,13.641357421875
12.0824999,1.0618284940719604,-0.1885433793067932,9.70429801940918,-6.2255859375,-9.307861328125,-14.251708984375
12.087499900000001,1.1216834783554077,-0.16101007163524628,9.813234329223633,-0.579833984375,13.3056640625,7.476806640625
12.0924999,1.0959458351135254,-0.16998831927776337,9.62828254699707,6.7138671875,-1.3427734375,7.476806640625
12.0974999,1.1294646263122559,-0.19033902883529663,9.814431190490723,-5.645751953125,-12.359619140625,-14.556884765625
12.1024999,1.193509578704834,-0.20231004059314728,9.845556259155273,-2.105712890625,11.383056640625,4.730224609375
12.1074999,1.1390414237976074,-0.16220717132091522,9.660005569458008,7.38525390625,1.617431640625,10.009765625
12.1124999,1.1653777360916138,-0.19632454216480255,9.800664901733398,-5.035400390625,-13.3056640625,-14.09912109375
12.1174999,1.2294225692749023,-0.1777694821357727,9.82999324798584,-2.593994140625,10.68115234375,2.50244140625
12.122499900000001,1.1869255304336548,-0.14185644686222076,9.773131370544434,-4.94384765625,-13.0615234375,-13.61083984375
12.1274999,1.2509703636169434,-0.14484919607639313,9.815628051757812,-2.349853515625,10.772705078125,2.44140625
12.132499900000001,1.1839327812194824,-0.09157821536064148,9.607333183288574,7.62939453125,3.875732421875,10.162353515625
12.1374999,1.2006921768188477,-0.1711854189634323,9.77253246307373,-5.9814453125,-12.786865234375,-13.00048828125
12.1424999,1.2342109680175781,-0.13946224749088287,9.770736694335938,-1.3427734375,11.444091796875,4.0283203125
12.1474999,1.103128433227539,-0.15562310814857483,9.59057331085205,7.50732421875,1.800537109375,8.30078125
12.1524999,1.1234791278839111,-0.1777694821357727,9.77672290802002,-7.2021484375,-12.14599609375,-13.3056640625
12.157499900000001,1.1073182821273804,-0.15502455830574036,9.73542308807373,0.701904296875,12.542724609375,6.53076171875
12.1624999,1.0666168928146362,-0.16400282084941864,9.685144424438477,6.53076171875,-1.953125,4.8828125
12.167499900000001,1.1306617259979248,-0.16639702022075653,9.88625717163086,-8.514404296875,-10.345458984375,-12.5732421875
12.1724999,1.194706678390503,-0.15023615956306458,9.912593841552734,3.631591796875,13.671875,9.70458984375
12.1774999,1.1115081310272217,-0.1759738177061081,9.780313491821289,4.180908203125,-6.591796875,-0.518798828125
12.1824999,1.161187767982483,-0.14903905987739563,9.775525093078613,6.89697265625,13.00048828125,11.8408203125
12.1874999,1.1162965297698975,-0.14484919607639313,9.639056205749512,-0.030517578125,-11.5966796875,-6.072998046875
12.1924999,1.2228385210037231,-0.15442600846290588,9.869498252868652,-7.01904296875,0.30517578125,-4.119873046875
12.1974999,1.1336544752120972,-0.08140286058187485,9.50737476348877,9.124755859375,9.735107421875,11.1083984375
12.202499900000001,1.1552022695541382,-0.13407529890537262,9.720458984375,-5.523681640625,-14.0380859375,-10.8642578125
12.2074999,1.2000936269760132,-0.1107318252325058,9.73542308807373,-2.13623046875,8.148193359375,3.11279296875
12.212499900000001,1.125873327255249,-0.14484919607639313,9.618106842041016,8.270263671875,2.227783203125,5.401611328125
12.2174999,1.1881226301193237,-0.1646013706922531,9.86111831665039,-9.33837890625,-11.566162109375,-11.260986328125
12.2224999,1.2395979166030884,-0.2017114907503128,9.819818496704102,4.486083984375,13.24462890625,9.674072265625
12.2274999,1.1504138708114624,-0.16519992053508759,9.671976089477539,2.74658203125,-7.171630859375,-3.570556640625
12.2324999,1.2587515115737915,-0.2041056901216507,9.962273597717285,-8.23974609375,-2.9296875,-5.06591796875
12.2374999,1.138442873954773,-0.12389993667602539,9.522936820983887,9.368896484375,11.077880859375,10.31494140625
12.2424999,1.184531331062317,-0.12928688526153564,9.87967300415039,-4.547119140625,4.0283203125,1.495361328125
12.247499900000001,1.1091139316558838,-0.13527239859104156,9.606734275817871,8.97216796875,5.0048828125,5.0048828125
12.2524999,1.1677719354629517,-0.1562216579914093,9.892242431640625,-9.21630859375,-10.528564453125,-9.82666015625
12.257499900000001,1.1581950187683105,-0.13826514780521393,9.686341285705566,5.706787109375,12.3291015625,9.735107421875
12.2624999,1.137245774269104,-0.16400282084941864,9.691728591918945,-0.18310546875,-8.6669921875,-6.988525390625
12.2674999,1.192312479019165,-0.14065934717655182,9.883264541625977,-5.2490234375,2.471923828125,1.251220703125
12.2724999,1.1139023303985596,-0.14245499670505524,9.582792282104492,8.7890625,4.8828125,4.8828125
12.2774999,1.1827356815338135,-0.14365209639072418,9.868300437927246,-3.662109375,4.45556640625,2.9296875
12.282499900000001,1.1007342338562012,-0.15741875767707825,9.588179588317871,7.598876953125,1.983642578125,2.044677734375
12.2874999,1.2210428714752197,-0.19452889263629913,9.984419822692871,-9.185791015625,-7.8125,-6.805419921875
12.292499900000001,1.1210849285125732,-0.18794482946395874,9.59476375579834,8.087158203125,10.986328125,9.429931640625
12.2974999,1.192312479019165,-0.2059013396501541,9.862914085388184,-4.852294921875,-11.3525390625,-9.613037109375
12.3024999,1.1839327812194824,-0.1693897694349289,9.792284965515137,0.274658203125,8.11767578125,6.805419921875
12.3074999,1.1240776777267456,-0.14844051003456116,9.658807754516602,4.39453125,-3.387451171875,-2.838134765625
12.3124999,1.2066776752471924,-0.16759411990642548,9.945513725280762,-7.415771484375,-2.44140625,-1.983642578125
12.3174999,1.0845733880996704,-0.1215057373046875,9.537900924682617,8.97216796875,7.293701171875,6.011962890625
12.3224999,1.1629834175109863,-0.1909375786781311,9.903017044067383,-8.453369140625,-10.3759765625,-8.72802734375
12.327499900000001,1.138442873954773,-0.1777694821357727,9.75517463684082,-2.38037109375,-9.58251953125,-8.331298828125
12.3324999,1.1857284307479858,-0.13826514780521393,9.762357711791992,-1.617431640625,5.92041015625,5.06591796875
12.337499900000001,1.1228805780410767,-0.15322890877723694,9.640851974487305,5.401611328125,-1.129150390625,-1.77001953125
12.3424999,1.2384008169174194,-0.20530278980731964,10.005369186401367,-7.75146484375,-3.631591796875,-2.288818359375
12.3474999,1.1097124814987183,-0.14006079733371735,9.57321548461914,8.7890625,7.62939453125,5.401611328125
12.3524999,1.2120646238327026,-0.2064998894929886,9.979032516479492,-8.209228515625,-10.223388671875,-7.965087890625
12.3574999,1.104325532913208,-0.14484919607639313,9.576807022094727,6.622314453125,11.077880859375,8.85009765625
12.3624999,1.1982979774475098,-0.14903905987739563,9.810839653015137,-3.662109375,-9.796142578125,-8.575439453125
12.3674999,1.1522095203399658,-0.12749123573303223,9.721057891845703,0.6103515625,7.568359375,6.683349609375
12.372499900000001,1.1420341730117798,-0.09935937076807022,9.66958236694336,2.716064453125,-3.509521484375,-4.669189453125
12.3774999,1.1959037780761719,-0.1346738487482071,9.930550575256348,-5.31005859375,-0.030517578125,1.28173828125
12.382499900000001,1.0845733880996704,-0.12928688526153564,9.55585765838623,7.50732421875,4.150390625,1.46484375
12.3874999,1.0851719379425049,-0.17537526786327362,9.598953247070312,5.889892578125,10.009765625,8.209228515625
12.3924999,1.1725603342056274,-0.19393034279346466,9.847352027893066,-3.448486328125,-8.97216796875,-7.904052734375
12.3974999,1.1402385234832764,-0.152031809091568,9.68274974822998,1.220703125,7.01904296875,7.01904296875
12.4024999,1.1378443241119385,-0.12868833541870117,9.670180320739746,1.312255859375,-4.2724609375,-5.645751953125
12.407499900000001,1.2078747749328613,-0.12509703636169434,9.804255485534668,-3.814697265625,1.40380859375,3.326416015625
12.4124999,1.1234791278839111,-0.09157821536064148,9.621099472045898,5.828857421875,1.251220703125,-1.739501953125
12.417499900000001,1.235408067703247,-0.1454477459192276,9.983222961425781,-7.080078125,-4.180908203125,-0.54931640625
12.4224999,1.106719732284546,-0.13527239859104156,9.537302017211914,8.026123046875,6.2255859375,2.471923828125
12.4274999,1.212663173675537,-0.19452889263629913,10.003573417663574,-8.392333984375,-8.209228515625,-4.21142578125
12.4324999,1.0947487354278564,-0.15741875767707825,9.436147689819336,8.087158203125,8.880615234375,5.37109375
12.4374999,1.094150185585022,-0.15682020783424377,9.49121379852295,6.4697265625,9.368896484375,7.110595703125
12.4424999,1.1737574338912964,-0.22744916379451752,9.93354320526123,-5.218505859375,-8.819580078125,-7.568359375
12.4474999,1.0857704877853394,-0.15263035893440247,9.597756385803223,3.7841796875,7.87353515625,7.171630859375
12.452499900000001,1.1492167711257935,-0.166995570063591,9.818621635437012,-2.288818359375,-6.744384765625,-7.38525390625
12.4574999,1.1330559253692627,-0.08200141042470932,9.683947563171387,0.48828125,5.462646484375,6.256103515625
12.462499900000001,1.157596468925476,-0.0975637212395668,9.77791976928711,0.946044921875,-3.692626953125,-6.011962890625
12.4674999,1.2078747749328613,-0.06404489278793335,9.806051254272461,-2.3193359375,1.983642578125,4.8828125
12.4724999,1.1522095203399658,-0.10474632680416107,9.768941879272461,3.387451171875,-0.54931640625,-3.997802734375
12.4774999,1.217451572418213,-0.152031809091568,9.906009674072266,-4.486083984375,-0.79345703125,2.655029296875
12.4824999,1.1103110313415527,-0.1777694821357727,9.730634689331055,5.37109375,2.44140625,-2.25830078125
12.4874999,1.2180501222610474,-0.20470423996448517,9.952696800231934,-6.072998046875,-3.204345703125,0.823974609375
12.4924999,1.105522632598877,-0.19393034279346466,9.627683639526367,6.683349609375,4.39453125,-0.213623046875
12.497499900000001,1.1127052307128906,-0.18734627962112427,9.452308654785156,7.171630859375,6.103515625,1.373291015625
12.5024999,1.237802267074585,-0.20051439106464386,9.97484302520752,-7.232666015625,-6.4697265625,-2.593994140625
12.507499900000001,1.080383539199829,-0.16639702022075653,9.352350234985352,7.415771484375,7.171630859375,2.74658203125
12.5124999,1.22642982006073,-0.22864626348018646,10.041281700134277,-7.354736328125,-7.110595703125,-3.662109375
12.5174999,1.22642982006073,-0.22864626348018646,10.041281700134277,-7.354736328125,-7.110595703125,-3.662109375
12.5224999,1.072602391242981,-0.13946224749088287,9.358335494995117,7.080078125,7.598876953125,3.753662109375
12.5274999,1.2198457717895508,-0.24480712413787842,10.049661636352539,-6.988525390625,-7.38525390625,-4.5166015625
12.532499900000001,1.0875661373138428,-0.12689268589019775,9.391256332397461,6.53076171875,7.659912109375,4.39453125
12.5374999,1.1941081285476685,-0.2148796021938324,10.058639526367188,-6.53076171875,-7.32421875,-5.218505859375
12.542499900000001,1.0851719379425049,-0.08798690885305405,9.453505516052246,6.256103515625,7.598876953125,4.82177734375
12.5474999,1.1689690351486206,-0.16639702022075653,10.09934139251709,-6.011962890625,-7.4462890625,-5.37109375
12.5524999,1.0935516357421875,-0.05985504388809204,9.498994827270508,5.92041015625,7.32421875,5.157470703125
12.5574999,1.1887211799621582,-0.20051439106464386,10.02811336517334,-5.340576171875,-6.866455078125,-5.67626953125
12.5624999,1.1252747774124146,-0.13287819921970367,9.476848602294922,5.2490234375,6.744384765625,5.218505859375
12.5674999,1.1893197298049927,-0.21667525172233582,9.991601943969727,-5.18798828125,-6.622314453125,-5.67626953125
12.5724999,1.1228805780410767,-0.13826514780521393,9.446921348571777,5.06591796875,6.8359375,5.18798828125
12.577499900000001,1.1857284307479858,-0.21368250250816345,9.978434562683105,-4.974365234375,-6.591796875,-5.584716796875
12.5824999,1.1216834783554077,-0.12509703636169434,9.433155059814453,5.18798828125,6.683349609375,5.18798828125
12.587499900000001,1.1851298809051514,-0.21009120345115662,9.985616683959961,-5.18798828125,-6.40869140625,-5.218505859375
12.5924999,1.1318588256835938,-0.11133038252592087,9.422979354858398,5.06591796875,6.561279296875,4.94384765625
12.5974999,1.2012907266616821,-0.2124854028224945,9.980229377746582,-5.035400390625,-6.4697265625,-5.126953125
12.6024999,1.1450269222259521,-0.10175357013940811,9.370905876159668,5.43212890625,6.16455078125,4.486083984375
12.6074999,1.2306196689605713,-0.22505496442317963,9.970054626464844,-5.279541015625,-6.378173828125,-4.669189453125
12.6124999,1.2587515115737915,-0.262763649225235,9.985616683959961,-5.4931640625,-6.103515625,-4.119873046875
12.6174999,1.1162965297698975,-0.1496376097202301,9.300276756286621,5.767822265625,5.950927734375,3.41796875
12.622499900000001,1.2725181579589844,-0.2735375463962555,10.013150215148926,-5.67626953125,-5.615234375,-3.47900390625
12.6274999,1.0809820890426636,-0.15921440720558167,9.213486671447754,5.584716796875,5.859375,2.655029296875
12.632499900000001,1.2611457109451294,-0.2059013396501541,9.947309494018555,-5.523681640625,-5.37109375,-2.471923828125
12.6374999,1.0504560470581055,-0.15981295704841614,9.079411506652832,5.615234375,5.340576171875,1.373291015625
12.6424999,1.2539631128311157,-0.0694318488240242,9.606135368347168,-4.94384765625,-3.90625,-0.18310546875
12.6474999,1.1378443241119385,-0.05746084079146385,9.1260986328125,4.33349609375,3.41796875,-0.91552734375
12.6524999,1.217451572418213,-0.023942016065120697,9.493608474731445,-3.997802734375,-2.99072265625,1.312255859375
12.657499900000001,1.1306617259979248,-0.09516951441764832,9.248202323913574,3.60107421875,2.44140625,-2.532958984375
12.6624999,1.0767922401428223,-0.16400282084941864,9.257779121398926,2.166748046875,0.9765625,-3.692626953125
12.667499900000001,1.1186907291412354,-0.08619125932455063,9.0859956741333,-1.28173828125,0.06103515625,3.997802734375
12.6724999,1.0911574363708496,-0.166995570063591,9.191340446472168,0.335693359375,-0.701904296875,-4.791259765625
12.6774999,1.1210849285125732,-0.18136078119277954,9.07522201538086,0.396728515625,1.708984375,5.0048828125
12.6824999,1.159990668296814,-0.2041056901216507,9.173383712768555,-1.03759765625,-2.349853515625,-5.584716796875
12.6874999,1.1222820281982422,-0.26336219906806946,9.122507095336914,2.288818359375,2.899169921875,5.279541015625
12.6924999,1.157596468925476,-0.2346317619085312,9.044096946716309,-3.021240234375,-3.5400390625,-5.767822265625
12.6974999,1.1162965297698975,-0.22086510062217712,8.859145164489746,3.570556640625,3.814697265625,5.035400390625
12.702499900000001,1.1456254720687866,-0.18375498056411743,8.932168006896973,-4.180908203125,-4.486083984375,-4.8828125
12.7074999,1.128267526626587,-0.12988543510437012,8.604761123657227,4.33349609375,4.82177734375,4.0283203125
12.712499900000001,1.2437877655029297,-0.21607670187950134,9.086593627929688,-4.791259765625,-4.5166015625,-3.72314453125
12.7174999,1.1354501247406006,-0.1628057211637497,8.522160530090332,4.82177734375,4.08935546875,2.044677734375
12.7224999,1.0863690376281738,-0.2711433470249176,8.489839553833008,4.180908203125,3.265380859375,0
12.7274999,1.216254472732544,-0.1454477459192276,8.87051773071289,-3.5400390625,-2.471923828125,0.9765625
12.7324999,1.1127052307128906,-0.19452889263629913,8.503605842590332,2.685546875,1.800537109375,-2.74658203125
12.7374999,1.1408370733261108,0.04728548228740692,8.529343605041504,-1.28173828125,-0.762939453125,2.99072265625
12.7424999,1.1013327836990356,-0.10354922711849213,8.574234962463379,0.335693359375,0.06103515625,-4.119873046875
12.747499900000001,1.080383539199829,-0.04429273307323456,8.547898292541504,0.732421875,1.495361328125,4.608154296875
12.7524999,1.0911574363708496,-0.1693897694349289,8.641871452331543,-1.861572265625,-2.25830078125,-5.55419921875
12.757499900000001,1.061229944229126,-0.23283611238002777,8.62630844116211,3.2958984375,2.960205078125,4.913330078125
12.7624999,1.1468225717544556,-0.17537526786327362,8.796297073364258,-3.90625,-3.23486328125,-4.974365234375
12.7674999,1.1252747774124146,-0.15263035893440247,8.621520042419434,4.33349609375,4.0283203125,3.753662109375
12.7724999,1.2336124181747437,-0.1693897694349289,9.138668060302734,-4.486083984375,-4.0283203125,-3.265380859375
12.7774999,1.157596468925476,-0.15023615956306458,8.694543838500977,4.57763671875,3.814697265625,2.13623046875
12.782499900000001,1.1827356815338135,-0.2041056901216507,8.729259490966797,3.204345703125,2.349853515625,-1.434326171875
12.7874999,1.2437877655029297,-0.09397241473197937,8.923190116882324,-2.105712890625,-1.373291015625,2.166748046875
12.792499900000001,1.1414356231689453,-0.13108254969120026,8.7083101272583,0.732421875,0.3662109375,-3.72314453125
12.7974999,1.103128433227539,-0.05506663769483566,8.612542152404785,1.15966796875,1.007080078125,3.997802734375
12.8024999,1.1025298833847046,-0.13168109953403473,8.625710487365723,-1.983642578125,-2.288818359375,-5.157470703125
12.8074999,1.049857497215271,-0.17058686912059784,8.497021675109863,3.387451171875,2.777099609375,4.82177734375
12.8124999,1.125873327255249,-0.15921440720558167,8.645462036132812,-4.119873046875,-3.2958984375,-4.69970703125
12.8174999,1.0678139925003052,-0.16998831927776337,8.467094421386719,4.364013671875,3.753662109375,3.143310546875
12.8224999,1.2204443216323853,-0.22086510062217712,8.883685111999512,-4.39453125,-3.35693359375,-2.44140625
12.827499900000001,1.0869675874710083,-0.29209262132644653,8.454524993896484,3.936767578125,2.9296875,0.1220703125
12.8324999,1.2677297592163086,-0.2082955539226532,8.869319915771484,-3.082275390625,-2.044677734375,1.007080078125
12.837499900000001,1.1713632345199585,-0.24600422382354736,8.638877868652344,1.495361328125,0.885009765625,-3.23486328125
12.8424999,1.1803414821624756,-0.07541735470294952,8.78193187713623,-1.922607421875,-1.220703125,-4.486083984375
12.8474999,1.0654197931289673,-0.07960720360279083,8.56884765625,2.86865234375,2.777099609375,4.7607421875
12.8524999,1.1294646263122559,-0.12928688526153564,8.730456352233887,-3.96728515625,-3.2958984375,-4.7607421875
12.8574999,1.0570400953292847,-0.16519992053508759,8.503006935119629,4.5166015625,3.326416015625,3.021240234375
12.8624999,1.2210428714752197,-0.23104046285152435,8.99740982055664,-3.875732421875,-2.960205078125,-1.922607421875
12.8674999,1.0983400344848633,-0.2974795699119568,8.562862396240234,3.47900390625,2.410888671875,-0.48828125
12.872499900000001,1.258152961730957,-0.2017114907503128,8.960299491882324,-2.197265625,-1.434326171875,1.5869140625
12.8774999,1.1222820281982422,-0.25917232036590576,8.728660583496094,0.67138671875,0.3662109375,-3.204345703125
12.882499900000001,1.1318588256835938,-0.06224924325942993,8.706514358520508,1.129150390625,1.129150390625,4.180908203125
12.8874999,1.1294646263122559,-0.05746084079146385,8.845976829528809,-3.021240234375,-2.01416015625,-5.035400390625
12.8924999,1.0899603366851807,-0.058059390634298325,8.64366626739502,3.997802734375,3.23486328125,3.997802734375
12.8974999,1.2216414213180542,-0.14784196019172668,8.909422874450684,-3.997802734375,-3.143310546875,-3.204345703125
12.9024999,1.1294646263122559,-0.2082955539226532,8.455721855163574,4.2724609375,3.204345703125,1.3427734375
12.907499900000001,1.30543851852417,-0.2472013235092163,8.82203483581543,-3.2958984375,-2.197265625,0.030517578125
12.9124999,1.2210428714752197,-0.29388827085494995,8.458115577697754,1.678466796875,1.40380859375,-2.716064453125
12.917499900000001,1.2072762250900269,-0.15682020783424377,8.541314125061035,0.244140625,0.335693359375,3.326416015625
12.9224999,1.2102689743041992,-0.1909375786781311,8.608352661132812,-1.953125,-1.556396484375,-4.5166015625
12.9274999,1.0648212432861328,-0.10773907601833344,8.419210433959961,3.570556640625,2.410888671875,4.302978515625
12.9324999,1.1450269222259521,-0.1735796183347702,8.64246940612793,-4.0283203125,-3.143310546875,-3.7841796875
12.9374999,1.0444705486297607,-0.18614917993545532,8.279149055480957,4.2724609375,3.021240234375,1.678466796875
12.9424999,1.2144588232040405,-0.17178396880626678,8.689156532287598,-3.143310546875,-2.38037109375,-0.54931640625
12.9474999,1.1665748357772827,-0.1412578970193863,8.375515937805176,2.471923828125,1.129150390625,-2.227783203125
12.952499900000001,1.1743559837341309,-0.03711012750864029,8.599373817443848,-0.579833984375,0.244140625,3.23486328125
12.9574999,1.1887211799621582,-0.08978256583213806,8.687959671020508,-2.197265625,-1.190185546875,-4.08935546875
12.962499900000001,1.0528502464294434,-0.02274491637945175,8.477270126342773,4.08935546875,2.197265625,4.0283203125
12.9674999,1.137245774269104,-0.16519992053508759,8.723274230957031,-4.241943359375,-3.204345703125,-3.7841796875
12.9724999,1.0247182846069336,-0.1777694821357727,8.322244644165039,3.47900390625,3.143310546875,2.105712890625
12.9774999,1.22642982006073,-0.18914192914962769,8.650250434875488,-2.960205078125,-1.739501953125,0.244140625
12.9824999,1.1905168294906616,-0.22505496442317963,8.360552787780762,1.434326171875,0.42724609375,-3.173828125
12.9874999,1.2012907266616821,-0.12330138683319092,8.494627952575684,1.190185546875,-0.18310546875,3.23486328125
12.9924999,1.2300211191177368,-0.12090718746185303,8.643068313598633,-2.13623046875,-1.373291015625,-3.96728515625
12.997499900000001,1.0833762884140015,-0.07541735470294952,8.473079681396484,3.082275390625,2.86865234375,3.692626953125
13.0024999,1.1510124206542969,-0.11851298063993454,8.844181060791016,-4.119873046875,-3.23486328125,-3.173828125
13.007499900000001,1.062427043914795,-0.23762452602386475,8.468890190124512,3.814697265625,2.777099609375,0.8544921875
13.0124999,1.2084733247756958,-0.1173158809542656,8.866327285766602,-1.800537109375,-1.007080078125,1.40380859375
13.0174999,1.1097124814987183,-0.27473464608192444,8.717886924743652,0.30517578125,-0.67138671875,-4.058837890625
13.0224999,1.1480196714401245,-0.04967968538403511,8.831611633300781,1.89208984375,1.8310546875,4.119873046875
13.0274999,1.157596468925476,-0.09816227108240128,9.03631591796875,-3.47900390625,-2.166748046875,-3.387451171875
13.032499900000001,1.0678139925003052,-0.12629413604736328,8.705916404724121,3.41796875,2.8076171875,2.655029296875
13.0374999,1.2360066175460815,-0.1107318252325058,8.908824920654297,-3.23486328125,-2.25830078125,-1.5869140625
13.042499900000001,1.1982979774475098,-0.21847090125083923,8.529343605041504,3.387451171875,0.91552734375,-2.166748046875
13.0474999,1.2312182188034058,-0.14365209639072418,8.667608261108398,-0.79345703125,0.335693359375,2.62451171875
13.0524999,1.2419921159744263,-0.181959331035614,8.730456352233887,-2.288818359375,-1.556396484375,-3.204345703125
13.0574999,1.1115081310272217,-0.1885433793067932,8.60116958618164,3.326416015625,2.593994140625,3.84521484375
13.0624999,1.1803414821624756,-0.2059013396501541,8.910619735717773,-3.814697265625,-3.021240234375,-3.5400390625
13.0674999,1.0618284940719604,-0.29568392038345337,8.459911346435547,4.21142578125,1.617431640625,-0.030517578125
13.0724999,1.2018892765045166,-0.228047713637352,8.762778282165527,-2.227783203125,-1.007080078125,1.373291015625
13.077499900000001,1.0863690376281738,-0.243011474609375,8.661025047302246,-0.335693359375,-0.579833984375,-2.50244140625
13.0824999,1.1366472244262695,-0.17298106849193573,8.813654899597168,1.617431640625,1.617431640625,3.60107421875
13.087499900000001,1.161187767982483,-0.2148796021938324,9.053074836730957,-3.570556640625,-2.3193359375,-4.5166015625
13.0924999,1.0749965906143188,-0.15083470940589905,8.672995567321777,4.5166015625,2.8076171875,1.251220703125
13.0974999,1.1976994276046753,-0.09157821536064148,8.917203903198242,0.335693359375,1.068115234375,3.570556640625
13.1024999,1.20368492603302,-0.18974047899246216,9.097368240356445,-3.41796875,-1.922607421875,-4.69970703125
13.1074999,1.039083480834961,-0.10354922711849213,8.704718589782715,5.0048828125,2.899169921875,2.44140625
13.1124999,1.1797429323196411,-0.2777273952960968,8.87829875946045,-3.72314453125,-2.288818359375,-1.434326171875
13.1174999,1.1216834783554077,-0.10594342648983002,8.449736595153809,1.678466796875,1.251220703125,-0.457763671875
13.122499900000001,1.1581950187683105,-0.14784196019172668,8.579621315002441,-0.30517578125,0.42724609375,3.35693359375
13.1274999,1.206079125404358,-0.22625206410884857,8.730456352233887,-2.5634765625,-1.495361328125,-4.39453125
13.132499900000001,1.0773907899856567,-0.13168109953403473,8.498817443847656,5.096435546875,2.227783203125,2.50244140625
13.1374999,1.1563993692398071,-0.3076549172401428,8.933963775634766,-3.936767578125,-2.471923828125,-2.5634765625
13.1424999,1.1091139316558838,-0.16579847037792206,8.638279914855957,2.655029296875,1.861572265625,-0.152587890625
13.1474999,1.269525408744812,-0.22206220030784607,8.661025047302246,4.058837890625,9.70458984375,-0.42724609375
13.1524999,1.3198037147521973,-0.36152446269989014,9.006986618041992,-2.899169921875,5.31005859375,-4.5166015625
13.157499900000001,1.303044319152832,-0.32022446393966675,8.628104209899902,4.486083984375,6.591796875,-1.800537109375
13.1624999,1.3365631103515625,-0.13946224749088287,9.118915557861328,-2.044677734375,2.227783203125,0.54931640625
13.167499900000001,1.269525408744812,-0.2693476974964142,9.252392768859863,-1.5869140625,6.378173828125,-5.9814453125
13.1724999,1.2725181579589844,-0.12988543510437012,9.244611740112305,1.373291015625,12.451171875,1.28173828125
13.1774999,1.3275848627090454,-0.06763619929552078,9.481039047241211,-5.889892578125,7.415771484375,-5.0048828125
13.1824999,1.5077484846115112,-0.3292027413845062,8.533533096313477,-4.241943359375,16.78466796875,-0.3662109375
13.1874999,2.079364061355591,-0.49978959560394287,8.547898292541504,-22.125244140625,28.13720703125,-3.875732421875
13.1924999,2.8185739517211914,-1.5382746458053589,6.621763229370117,-14.984130859375,59.783935546875,0.946044921875
13.1974999,3.8708255290985107,-2.912546396255493,6.101024627685547,-34.393310546875,74.798583984375,42.48046875
13.202499900000001,3.885190725326538,-3.2992098331451416,4.3191399574279785,25.848388671875,-17.63916015625,117.67578125
13.2074999,1.813009262084961,-1.5412673950195312,5.055356979370117,12.359619140625,-15.44189453125,118.0419921875
13.212499900000001,1.813009262084961,-1.5412673950195312,5.055356979370117,12.359619140625,-15.44189453125,118.0419921875
13.2174999,-0.5560533404350281,0.9103952050209045,6.449979305267334,10.19287109375,-29.60205078125,140.5029296875
13.2224999,-2.563591480255127,2.3750481605529785,8.152854919433594,38.238525390625,-44.219970703125,132.99560546875
13.2274999,-3.821146011352539,2.955641984939575,9.650428771972656,52.734375,-66.7724609375,100.9521484375
13.2324999,-4.00729513168335,2.5288755893707275,10.526107788085938,43.51806640625,-82.82470703125,88.92822265625
13.2374999,-3.775057554244995,1.5442601442337036,10.785280227661133,42.1142578125,-85.906982421875,83.1298828125
13.2424999,-2.9879636764526367,0.4429273009300232,10.614094734191895,37.109375,-74.249267578125,60.333251953125
13.247499900000001,-2.0171148777008057,-0.13168109953403473,10.089764595031738,27.34375,-59.478759765625,23.651123046875
13.2524999,-1.1510124206542969,-0.21667525172233582,9.348160743713379,14.678955078125,-43.5791015625,-1.708984375
13.257499900000001,1.511339783668518,3.2632968425750732,7.299921035766602,-54.718017578125,25.054931640625,-57.525634765625
13.2624999,2.0817582607269287,4.383184909820557,7.574057102203369,-64.51416015625,35.46142578125,-70.281982421875
13.2674999,2.677914619445801,5.0463786125183105,8.464101791381836,-55.48095703125,50.018310546875,-80.230712890625
13.2724999,3.268683910369873,4.97934103012085,9.755773544311523,-24.322509765625,54.290771484375,-85.99853515625
13.2774999,3.5948939323425293,4.147356033325195,10.650007247924805,-0.42724609375,34.60693359375,-78.704833984375
13.282499900000001,2.942473888397217,-0.44771572947502136,10.540472984313965,-3.2958984375,-1.495361328125,-4.791259765625
13.2874999,2.5109190940856934,-1.4628572463989258,10.06462574005127,-0.91552734375,2.532958984375,10.25390625
13.292499900000001,2.0913352966308594,-2.0614075660705566,9.714473724365234,-2.197265625,-1.800537109375,19.775390625
13.2974999,1.0223240852355957,-1.4395138025283813,9.68813705444336,1.495361328125,-2.685546875,10.19287109375
13.3024999,0.861314058303833,-0.8667010068893433,9.643844604492188,1.251220703125,3.326416015625,1.007080078125
13.3074999,0.7679402232170105,-0.3555389642715454,9.62828254699707,0.152587890625,7.049560546875,-5.4931640625
13.3124999,0.7811083197593689,0.050876785069704056,9.656414031982422,-1.220703125,6.89697265625,-6.40869140625
13.3174999,0.8577227592468262,0.20231004059314728,9.70429801940918,-0.152587890625,5.615234375,-3.173828125
13.3224999,0.9301473498344421,0.2513911724090576,9.789292335510254,0.06103515625,1.434326171875,0
13.327499900000001,1.0157400369644165,0.1364694982767105,9.830592155456543,0.3662109375,-0.91552734375,0.42724609375
13.3324999,1.07379949092865,0.028730420395731926,9.85034465789795,0.18310546875,-0.8544921875,0.42724609375
13.337499900000001,1.1324573755264282,-0.09157821536064148,9.835979461669922,0.3662109375,-0.823974609375,-0.396728515625
13.3424999,1.191115379333496,-0.15263035893440247,9.771934509277344,0.457763671875,-0.48828125,-0.54931640625
13.3474999,1.237802267074585,-0.17417816817760468,9.70310115814209,-0.06103515625,0.396728515625,-0.518798828125
13.3524999,1.2186486721038818,-0.1388636976480484,9.690531730651855,-0.213623046875,0.518798828125,-0.06103515625
13.3574999,1.192312479019165,-0.15143325924873352,9.712079048156738,0.06103515625,0.213623046875,-0.91552734375
13.3624999,1.1552022695541382,-0.15263035893440247,9.716867446899414,-0.42724609375,-0.1220703125,-0.732421875
13.3674999,1.1312602758407593,-0.1430535465478897,9.761159896850586,0.06103515625,0.152587890625,0.30517578125
13.372499900000001,1.116895079612732,-0.1562216579914093,9.774328231811523,0.18310546875,-0.274658203125,0.579833984375
13.3774999,1.113303780555725,-0.13287819921970367,9.783307075500488,-0.244140625,-0.701904296875,-0.244140625
13.382499900000001,1.1264718770980835,-0.15263035893440247,9.79408073425293,0.335693359375,0.274658203125,0.06103515625
13.3874999,1.1204863786697388,-0.14784196019172668,9.737217903137207,0.79345703125,-0.54931640625,0.396728515625
13.3924999,1.157596468925476,-0.12689268589019775,9.733028411865234,-0.06103515625,-0.579833984375,-1.129150390625
13.3974999,1.1851298809051514,-0.15322890877723694,9.745597839355469,-0.1220703125,0.457763671875,-1.3427734375
13.4024999,1.1773487329483032,-0.0999579206109047,9.713874816894531,-0.06103515625,0.823974609375,-0.42724609375
13.407499900000001,1.1450269222259521,-0.13287819921970367,9.745597839355469,0.579833984375,-0.06103515625,1.3427734375
13.4124999,1.158793568611145,-0.18375498056411743,9.77791976928711,0.152587890625,-1.15966796875,0.1220703125
13.417499900000001,1.1276689767837524,-0.20769700407981873,9.785101890563965,1.007080078125,-0.396728515625,-0.06103515625
13.4224999,1.1623848676681519,-0.19812019169330597,9.7791166305542,0.48828125,-0.48828125,-1.28173828125
13.4274999,1.1563993692398071,-0.14664486050605774,9.71926212310791,-0.67138671875,0.9765625,-2.532958984375
13.4324999,1.1540051698684692,-0.09876082092523575,9.694721221923828,-0.579833984375,2.5634765625,-1.77001953125
13.4374999,1.1504138708114624,-0.07541735470294952,9.697115898132324,-1.373291015625,2.288818359375,-1.373291015625
13.4424999,1.12467622756958,-0.10773907601833344,9.75397777557373,-0.30517578125,0.79345703125,0.946044921875
13.4474999,1.136048674583435,-0.18076223134994507,9.821614265441895,0.79345703125,-1.8310546875,1.739501953125
13.452499900000001,1.1306617259979248,-0.23283611238002777,9.861717224121094,1.617431640625,-2.50244140625,0.8544921875
13.4574999,1.159990668296814,-0.2322375625371933,9.800664901733398,0.823974609375,-2.197265625,-0.9765625
13.462499900000001,1.1689690351486206,-0.08858546614646912,9.639654159545898,-1.617431640625,3.90625,-3.631591796875
13.4674999,1.1785458326339722,-0.02274491637945175,9.658209800720215,-1.46484375,3.753662109375,-1.28173828125
13.4724999,1.1617863178253174,-0.06165069341659546,9.715071678161621,0.579833984375,-0.701904296875,2.655029296875
13.4774999,1.1737574338912964,-0.11372458189725876,9.815628051757812,2.105712890625,-3.84521484375,3.326416015625
13.4824999,1.158793568611145,-0.19153612852096558,9.837775230407715,1.373291015625,-5.18798828125,1.03759765625
13.4874999,1.1635819673538208,-0.1825578808784485,9.773131370544434,-0.396728515625,0.244140625,-3.265380859375
13.4924999,1.1408370733261108,-0.166995570063591,9.695320129394531,-2.227783203125,5.279541015625,-5.0048828125
13.497499900000001,1.1641805171966553,-0.09277531504631042,9.68813705444336,-1.739501953125,6.103515625,-2.044677734375
13.5024999,1.1420341730117798,-0.09935937076807022,9.762955665588379,0.701904296875,-0.885009765625,2.8076171875
13.507499900000001,1.146224021911621,-0.11791443079710007,9.818022727966309,3.11279296875,-5.55419921875,4.150390625
13.5124999,1.1504138708114624,-0.15023615956306458,9.823410034179688,0.91552734375,-5.43212890625,-0.244140625
13.5174999,1.1414356231689453,-0.152031809091568,9.717466354370117,-1.495361328125,2.655029296875,-4.94384765625
13.5224999,1.1210849285125732,-0.1562216579914093,9.717466354370117,-1.495361328125,1.190185546875,-4.7607421875
13.5274999,1.1683704853057861,-0.1149216815829277,9.666589736938477,-3.204345703125,8.4228515625,-3.631591796875
13.532499900000001,1.184531331062317,-0.09816227108240128,9.694721221923828,-0.152587890625,3.72314453125,2.3193359375
13.5374999,1.2012907266616821,-0.10295066982507706,9.799467086791992,3.692626953125,-5.67626953125,4.150390625
13.542499900000001,1.1641805171966553,-0.14664486050605774,9.808445930480957,1.495361328125,-7.568359375,-1.007080078125
13.5474999,1.1342530250549316,-0.16998831927776337,9.7605619430542,-2.716064453125,2.716064453125,-5.43212890625
13.5524999,1.1683704853057861,-0.1562216579914093,9.677961349487305,-2.99072265625,9.033203125,-0.8544921875
13.5574999,1.1881226301193237,-0.13826514780521393,9.737217903137207,1.52587890625,1.007080078125,4.425048828125
13.5624999,1.1965023279190063,-0.16639702022075653,9.754576683044434,3.7841796875,-8.4228515625,1.8310546875
13.5674999,1.1438298225402832,-0.12689268589019775,9.743802070617676,-0.9765625,5.9814453125,4.0283203125
13.5724999,1.146224021911621,-0.13168109953403473,9.804255485534668,4.425048828125,-6.103515625,4.180908203125
13.577499900000001,1.1330559253692627,-0.12210428714752197,9.81024169921875,1.190185546875,-8.056640625,-4.08935546875
13.5824999,1.1204863786697388,-0.16579847037792206,9.750985145568848,-3.936767578125,5.2490234375,-5.767822265625
13.587499900000001,1.161187767982483,-0.1604115068912506,9.771934509277344,-2.532958984375,9.124755859375,3.60107421875
13.5924999,1.1803414821624756,-0.15322890877723694,9.765350341796875,4.180908203125,-3.692626953125,5.828857421875
13.5974999,1.1791443824768066,-0.12928688526153564,9.77013874053955,2.716064453125,-10.284423828125,-3.90625
13.6024999,1.1659762859344482,-0.1149216815829277,9.742605209350586,-3.35693359375,11.04736328125,3.753662109375
13.6074999,1.1444283723831177,-0.11971008777618408,9.733627319335938,3.692626953125,-2.5634765625,7.232666015625
13.6124999,1.1516109704971313,-0.11252748221158981,9.761758804321289,2.86865234375,-11.53564453125,-5.096435546875
13.6174999,1.1366472244262695,-0.13108254969120026,9.723451614379883,-3.021240234375,11.993408203125,5.55419921875
13.622499900000001,1.1725603342056274,-0.16400282084941864,9.762955665588379,3.875732421875,-3.875732421875,7.720947265625
13.6274999,1.1330559253692627,-0.14903905987739563,9.676166534423828,1.861572265625,-11.65771484375,-7.8125
13.632499900000001,1.1785458326339722,-0.15502455830574036,9.756970405578613,-3.60107421875,5.67626953125,-7.62939453125
13.6374999,1.1324573755264282,-0.14604631066322327,9.763554573059082,-1.251220703125,11.1083984375,8.697509765625
13.6424999,1.1204863786697388,-0.12270283699035645,9.699509620666504,4.119873046875,-8.087158203125,5.37109375
13.6474999,1.1252747774124146,-0.1430535465478897,9.7791166305542,-0.42724609375,-9.185791015625,-11.474609375
13.6524999,1.18094003200531,-0.16220717132091522,9.84256362915039,-3.60107421875,11.04736328125,-2.777099609375
13.657499900000001,1.1324573755264282,-0.14365209639072418,9.747992515563965,1.5869140625,6.40869140625,11.71875
13.6624999,1.1546037197113037,-0.1412578970193863,9.714473724365234,2.899169921875,-12.908935546875,-1.983642578125
13.667499900000001,1.1641805171966553,-0.11971008777618408,9.70549488067627,-3.082275390625,-1.77001953125,-11.932373046875
13.6724999,1.1929110288619995,-0.09696517139673233,9.77133560180664,-1.5869140625,14.190673828125,6.378173828125
13.6774999,1.1252747774124146,-0.15502455830574036,9.744999885559082,-0.701904296875,-12.3291015625,-11.566162109375
13.6824999,1.2108675241470337,-0.16759411990642548,9.881468772888184,-3.265380859375,9.918212890625,-3.72314453125
13.6874999,1.1336544752120972,-0.15263035893440247,9.773131370544434,2.593994140625,7.6904296875,13.00048828125
13.6924999,1.1402385234832764,-0.17657238245010376,9.700706481933594,1.708984375,-13.73291015625,-3.84521484375
13.6974999,1.173158884048462,-0.15682020783424377,9.718064308166504,-3.753662109375,-0.79345703125,-11.71875
13.702499900000001,1.1593921184539795,-0.11312603205442429,9.72165584564209,0.6103515625,14.404296875,10.162353515625
13.7074999,1.136048674583435,-0.10714052617549896,9.625288963317871,3.23486328125,-7.75146484375,4.791259765625
13.712499900000001,1.1516109704971313,-0.11133038252592087,9.701305389404297,-3.72314453125,-9.490966796875,-13.885498046875
13.7174999,1.2030863761901855,-0.1364694982767105,9.818621635437012,-0.701904296875,13.97705078125,3.936767578125
13.7224999,1.1127052307128906,-0.09636662155389786,9.759963035583496,4.486083984375,0.1220703125,10.3759765625
13.7274999,1.1354501247406006,-0.166995570063591,9.79288387298584,-3.11279296875,-13.671875,-12.237548828125
13.7324999,1.1743559837341309,-0.14664486050605774,9.861717224121094,-1.89208984375,10.040283203125,-1.861572265625
13.7374999,1.104325532913208,-0.15921440720558167,9.633668899536133,-2.349853515625,-14.617919921875,-9.21630859375
13.7424999,1.2030863761901855,-0.16579847037792206,9.824007987976074,-3.265380859375,5.523681640625,-5.584716796875
13.747499900000001,1.1186907291412354,-0.14185644686222076,9.712079048156738,5.157470703125,10.162353515625,13.5498046875
13.7524999,1.094150185585022,-0.16519992053508759,9.601346969604492,-1.52587890625,-13.946533203125,-6.927490234375
13.757499900000001,1.1965023279190063,-0.19572599232196808,9.82879638671875,-4.39453125,2.0751953125,-7.965087890625
13.7624999,1.1336544752120972,-0.13587094843387604,9.751583099365234,5.828857421875,11.962890625,13.336181640625
13.7674999,1.1186907291412354,-0.14365209639072418,9.62947940826416,-1.0986328125,-13.0615234375,-5.035400390625
13.7724999,1.2102689743041992,-0.1759738177061081,9.837775230407715,-5.31005859375,0.213623046875,-7.99560546875
13.7774999,1.161187767982483,-0.11791443079710007,9.762955665588379,6.28662109375,12.63427734375,13.00048828125
13.782499900000001,1.1198878288269043,-0.14006079733371735,9.645041465759277,-1.251220703125,-12.63427734375,-5.7373046875
13.7874999,1.2156559228897095,-0.166995570063591,9.852738380432129,-5.645751953125,0.091552734375,-7.598876953125
13.792499900000001,1.1456254720687866,-0.09157821536064148,9.773131370544434,7.110595703125,12.664794921875,13.092041015625
13.7974999,1.1402385234832764,-0.12868833541870117,9.740211486816406,-6.9580078125,-14.129638671875,-11.932373046875
13.8024999,1.1994950771331787,-0.1107318252325058,9.78869342803955,-0.762939453125,8.331298828125,3.143310546875
13.8074999,1.1228805780410767,-0.09816227108240128,9.643844604492188,7.843017578125,4.2724609375,7.598876953125
13.8124999,1.1635819673538208,-0.21188685297966003,9.853337287902832,-9.033203125,-13.336181640625,-12.603759765625
13.8174999,1.1779472827911377,-0.16879121959209442,9.831789016723633,3.173828125,12.39013671875,8.514404296875
13.8224999,1.1228805780410767,-0.16639702022075653,9.702502250671387,4.69970703125,-2.38037109375,1.312255859375
13.827499900000001,1.1767501831054688,-0.16998831927776337,9.84495735168457,-9.185791015625,-8.880615234375,-10.009765625
13.8324999,1.161187767982483,-0.11013327538967133,9.718064308166504,7.232666015625,13.519287109375,11.5966796875
13.837499900000001,1.1097124814987183,-0.1586158573627472,9.584588050842285,-0.91552734375,-9.368896484375,-6.439208984375
13.8424999,1.158793568611145,-0.0867898091673851,9.815030097961426,0.762939453125,8.880615234375,5.92041015625
13.8474999,1.158793568611145,-0.0867898091673851,9.815030097961426,0.762939453125,8.880615234375,5.92041015625
13.8524999,1.1007342338562012,-0.0694318488240242,9.635464668273926,6.195068359375,0.701904296875,2.349853515625
13.8574999,1.1456254720687866,-0.1107318252325058,9.870096206665039,-9.521484375,-9.21630859375,-9.429931640625
13.8624999,1.1192892789840698,-0.04189852997660637,9.70429801940918,7.415771484375,12.87841796875,11.199951171875
13.8674999,1.1121066808700562,-0.10175357013940811,9.655815124511719,-2.13623046875,-9.490966796875,-7.75146484375
13.872499900000001,1.157596468925476,-0.12270283699035645,9.883264541625977,-3.936767578125,1.739501953125,-0.1220703125
13.8774999,1.136048674583435,-0.10893617570400238,9.578003883361816,8.60595703125,6.7138671875,6.89697265625
13.882499900000001,1.1546037197113037,-0.18375498056411743,9.934141159057617,-6.134033203125,-1.983642578125,-2.74658203125
13.8874999,1.1546037197113037,-0.18375498056411743,9.934141159057617,-6.134033203125,-1.983642578125,-2.74658203125
13.8924999,1.0833762884140015,-0.13108254969120026,9.504382133483887,9.033203125,8.7890625,8.148193359375
13.8974999,1.1432312726974487,-0.19213469326496124,9.864110946655273,-8.23974609375,-11.962890625,-10.833740234375
13.9024999,1.1450269222259521,-0.10773907601833344,9.752182006835938,3.814697265625,10.25390625,8.392333984375
13.907499900000001,1.1318588256835938,-0.13946224749088287,9.624691009521484,1.64794921875,-4.669189453125,-4.180908203125
13.9124999,1.1683704853057861,-0.16101007163524628,9.943120002746582,-6.195068359375,-2.105712890625,-2.3193359375
13.917499900000001,1.103128433227539,-0.10773907601833344,9.540295600891113,8.758544921875,8.148193359375,7.38525390625
13.9224999,1.1540051698684692,-0.18315643072128296,9.895833969116211,-8.23974609375,-11.322021484375,-10.162353515625
13.9274999,1.1450269222259521,-0.09935937076807022,9.743204116821289,5.096435546875,10.6201171875,9.1552734375
13.9324999,1.1569979190826416,-0.11432313174009323,9.68155288696289,-0.3662109375,-6.439208984375,-6.103515625
13.9374999,1.173158884048462,-0.17058686912059784,9.897629737854004,-8.758544921875,-9.490966796875,-8.392333984375
13.9424999,1.173158884048462,-0.17058686912059784,9.897629737854004,-8.758544921875,-9.490966796875,-8.392333984375
13.9474999,1.091755986213684,-0.10893617570400238,9.59057331085205,7.354736328125,11.41357421875,9.674072265625
13.952499900000001,1.1336544752120972,-0.20769700407981873,9.798270225524902,-4.241943359375,-9.46044921875,-8.7890625
13.9574999,1.1438298225402832,-0.14484919607639313,9.786897659301758,0.06103515625,5.859375,5.340576171875
13.962499900000001,1.1288660764694214,-0.1909375786781311,9.628880500793457,4.180908203125,-0.518798828125,-1.312255859375
13.9674999,1.1976994276046753,-0.2041056901216507,9.966463088989258,-7.110595703125,-4.5166015625,-3.47900390625
13.9724999,1.1174936294555664,-0.1149216815829277,9.54209041595459,8.4228515625,8.575439453125,6.744384765625
13.9774999,1.1480196714401245,-0.18076223134994507,9.9000244140625,-8.148193359375,-10.650634765625,-9.246826171875
13.9824999,1.106719732284546,-0.04249707981944084,9.631275177001953,5.9814453125,10.467529296875,8.97216796875
13.9874999,1.1312602758407593,-0.14006079733371735,9.768342971801758,-2.655029296875,-7.843017578125,-7.659912109375
13.9924999,1.1797429323196411,-0.07781155407428741,9.79647445678711,-0.91552734375,4.33349609375,4.547119140625
13.997499900000001,1.2282254695892334,-0.1999158412218094,9.988011360168457,-6.89697265625,-4.669189453125,-2.74658203125
14.0024999,1.1366472244262695,-0.11133038252592087,9.519944190979004,8.514404296875,8.056640625,5.767822265625
14.007499900000001,1.183334231376648,-0.2148796021938324,9.955689430236816,-8.148193359375,-10.1318359375,-7.99560546875
14.0124999,1.1288660764694214,-0.09397241473197937,9.652822494506836,6.89697265625,10.6201171875,8.697509765625
14.0174999,1.1839327812194824,-0.1885433793067932,9.873687744140625,-4.7607421875,-9.1552734375,-8.6669921875
14.0224999,1.1510124206542969,-0.10235211998224258,9.777320861816406,1.89208984375,6.89697265625,6.8359375
14.0274999,1.1773487329483032,-0.14065934717655182,9.674370765686035,1.15966796875,-3.173828125,-4.974365234375
14.032499900000001,1.1869255304336548,-0.09516951441764832,9.873687744140625,-3.875732421875,-0.244140625,1.678466796875
14.0374999,1.1150994300842285,-0.12749123573303223,9.452906608581543,6.072998046875,4.150390625,0.8544921875
14.042499900000001,1.1982979774475098,-0.1885433793067932,9.983222961425781,-7.62939453125,-7.049560546875,-3.753662109375
14.0474999,1.1061211824417114,-0.12090718746185303,9.50617790222168,8.4228515625,9.124755859375,5.67626953125
14.0524999,1.1725603342056274,-0.24121582508087158,9.979631423950195,-7.9345703125,-9.979248046875,-7.415771484375
14.0574999,1.1994950771331787,-0.18375498056411743,9.791088104248047,-1.007080078125,-4.8828125,-6.53076171875
14.0624999,1.1779472827911377,-0.06643909960985184,9.730634689331055,-1.0986328125,2.25830078125,4.852294921875
14.0674999,1.169567584991455,-0.11312603205442429,9.588179588317871,3.173828125,0.30517578125,-3.082275390625
14.0724999,1.1982979774475098,-0.09935937076807022,9.904812812805176,-4.94384765625,-2.9296875,0.79345703125
14.077499900000001,1.1097124814987183,-0.11971008777618408,9.473258018493652,6.439208984375,5.2490234375,0.54931640625
14.0824999,1.1534066200256348,-0.2603694200515747,10.082581520080566,-7.904052734375,-9.09423828125,-5.340576171875
14.087499900000001,1.0708067417144775,-0.10055647045373917,9.59057331085205,7.6904296875,9.307861328125,6.439208984375
14.0924999,1.092953085899353,-0.05925649031996727,9.595361709594727,6.4697265625,8.453369140625,7.354736328125
14.0974999,1.1791443824768066,-0.19812019169330597,9.847352027893066,-5.2490234375,-7.6904296875,-7.38525390625
14.1024999,1.1174936294555664,-0.08259996026754379,9.610923767089844,4.0283203125,6.591796875,7.476806640625
14.1074999,1.2018892765045166,-0.2256535142660141,9.766547203063965,-3.11279296875,-5.279541015625,-6.8359375
14.1124999,1.1318588256835938,-0.07122749835252762,9.550470352172852,1.739501953125,4.0283203125,6.40869140625
14.1174999,1.2018892765045166,-0.16879121959209442,9.677961349487305,-0.54931640625,-2.593994140625,-5.828857421875
14.122499900000001,1.149815320968628,-0.05446808785200119,9.563638687133789,-0.54931640625,1.46484375,5.401611328125
14.1274999,1.1881226301193237,-0.13048399984836578,9.608530044555664,1.64794921875,-0.152587890625,-4.33349609375
14.132499900000001,1.1701661348342896,-0.08738835901021957,9.739612579345703,-2.38037109375,-0.91552734375,3.936767578125
14.1374999,1.127070426940918,-0.1843535304069519,9.457097053527832,3.204345703125,1.983642578125,-2.99072265625
14.1424999,1.1779472827911377,-0.1430535465478897,9.784503936767578,-4.058837890625,-2.74658203125,2.13623046875
14.1474999,1.0797849893569946,-0.24361002445220947,9.344569206237793,4.57763671875,3.509521484375,-1.495361328125
14.1524999,1.2156559228897095,-0.15682020783424377,9.9401273727417,-5.767822265625,-4.791259765625,-0.244140625
14.157499900000001,1.0857704877853394,-0.18974047899246216,9.424775123596191,5.950927734375,5.79833984375,0.701904296875
14.1624999,1.217451572418213,-0.11312603205442429,9.929352760314941,-6.622314453125,-6.011962890625,-2.01416015625
14.167499900000001,1.0648212432861328,-0.1107318252325058,9.331999778747559,6.4697265625,6.34765625,2.197265625
14.1724999,1.2258312702178955,-0.15682020783424377,9.834183692932129,-6.439208984375,-6.16455078125,-2.593994140625
14.1774999,1.0636241436004639,-0.12689268589019775,9.23682975769043,6.439208984375,6.16455078125,2.44140625
14.1824999,1.2006921768188477,-0.2082955539226532,9.813234329223633,-6.256103515625,-6.53076171875,-3.021240234375
14.1874999,1.0534487962722778,-0.11671733111143112,9.271546363830566,6.866455078125,6.622314453125,2.86865234375
14.1924999,1.1725603342056274,-0.25019407272338867,9.824606895446777,-6.89697265625,-6.683349609375,-2.899169921875
14.1974999,1.1887211799621582,-0.2645592987537384,9.771934509277344,-6.591796875,-6.40869140625,-3.0517578125
14.202499900000001,1.0558429956436157,-0.10833762586116791,9.209297180175781,6.805419921875,6.28662109375,2.471923828125
14.2074999,1.204882025718689,-0.25917232036590576,9.742605209350586,-7.01904296875,-6.16455078125,-2.62451171875
14.212499900000001,1.0684125423431396,-0.11671733111143112,9.205106735229492,6.40869140625,6.103515625,2.288818359375
14.2174999,1.2180501222610474,-0.2513911724090576,9.801262855529785,-6.561279296875,-6.072998046875,-2.62451171875
14.2224999,1.0857704877853394,-0.12988543510437012,9.273940086364746,6.317138671875,5.79833984375,2.044677734375
14.2274999,1.227626919746399,-0.20709845423698425,9.909002304077148,-6.28662109375,-5.706787109375,-1.77001953125
14.2324999,1.1097124814987183,-0.13766659796237946,9.37509536743164,5.889892578125,5.462646484375,1.251220703125
14.2374999,1.224035620689392,-0.1322796493768692,9.922170639038086,-5.828857421875,-5.31005859375,-1.15966796875
14.2424999,1.1037269830703735,-0.12988543510437012,9.388263702392578,5.462646484375,5.096435546875,0.457763671875
14.247499900000001,1.2198457717895508,-0.07062894850969315,9.695918083190918,-5.157470703125,-4.486083984375,-0.518798828125
14.2524999,1.0947487354278564,-0.14185644686222076,9.165003776550293,4.608154296875,4.94384765625,-0.396728515625
14.257499900000001,1.103128433227539,-0.20290859043598175,9.039907455444336,3.692626953125,3.7841796875,-1.5869140625
14.2624999,1.2078747749328613,-0.020350715145468712,9.391854286193848,-3.204345703125,-3.2958984375,1.52587890625
14.2674999,1.1516109704971313,-0.26096799969673157,9.05487060546875,1.495361328125,1.708984375,-2.197265625
14.2724999,1.2868833541870117,-0.01735796220600605,9.39365005493164,-3.0517578125,-3.936767578125,4.730224609375
14.2774999,1.3210008144378662,-0.22086510062217712,9.300874710083008,2.197265625,2.25830078125,-1.28173828125
14.282499900000001,1.358709454536438,-0.004788403399288654,9.391256332397461,1.03759765625,1.40380859375,5.340576171875
14.2874999,1.3730746507644653,-0.14185644686222076,9.585186958312988,-0.885009765625,1.983642578125,-4.69970703125
14.292499900000001,1.2563573122024536,0.015562310814857483,9.43255615234375,1.46484375,2.899169921875,5.7373046875
14.2974999,1.2054805755615234,-0.19632454216480255,9.680954933166504,-1.739501953125,2.655029296875,-4.150390625
14.3024999,1.0905588865280151,-0.05626374110579491,9.54209041595459,2.8076171875,5.37109375,6.134033203125
14.3074999,1.1019313335418701,-0.30286651849746704,9.725247383117676,-3.5400390625,0.640869140625,-5.55419921875
14.3124999,1.0241197347640991,-0.10893617570400238,9.418190956115723,3.90625,5.31005859375,5.767822265625
14.3174999,1.0372878313064575,-0.020949264988303185,9.041104316711426,4.33349609375,5.706787109375,4.8828125
14.3224999,1.0905588865280151,-0.08619125932455063,9.150638580322266,-4.57763671875,-1.28173828125,-6.195068359375
14.327499900000001,1.1007342338562012,0.06703764945268631,8.87410831451416,4.150390625,6.7138671875,1.434326171875
14.3324999,1.2180501222610474,-0.08559270948171616,9.30686092376709,-5.79833984375,-0.79345703125,-5.92041015625
14.337499900000001,1.1815385818481445,-0.008978256024420261,9.00160026550293,4.2724609375,6.65283203125,0
14.3424999,1.3706804513931274,-0.15083470940589905,9.632472038269043,-5.55419921875,0.579833984375,-4.2724609375
14.3474999,1.2982559204101562,-0.16519992053508759,9.169792175292969,3.41796875,7.26318359375,-2.38037109375
14.3524999,1.523909330368042,-0.10773907601833344,9.660005569458008,-3.997802734375,1.312255859375,-4.0283203125
14.3574999,1.50355863571167,-0.19213469326496124,9.124900817871094,3.11279296875,7.9345703125,-6.256103515625
14.3624999,1.7699135541915894,0.04728548228740692,9.520543098449707,-2.532958984375,2.197265625,-4.425048828125
14.3674999,1.88782799243927,0.0035913025494664907,9.124302864074707,2.8076171875,7.32421875,-11.65771484375
14.372499900000001,2.294243812561035,0.24839842319488525,9.473855972290039,0.54931640625,5.37109375,-12.115478515625
14.3774999,3.5440170764923096,0.24839842319488525,9.635464668273926,6.77490234375,18.24951171875,-37.200927734375
14.382499900000001,4.731541156768799,0.15502455830574036,9.63187313079834,11.23046875,43.731689453125,-75.86669921875
14.3874999,6.288370609283447,0.3172317147254944,9.939528465270996,27.313232421875,53.558349609375,-117.340087890625
14.3924999,8.030152320861816,0.36810851097106934,10.417171478271484,62.68310546875,78.277587890625,-196.197509765625
14.3974999,9.446921348571777,0.8176198601722717,10.901997566223145,77.301025390625,120.086669921875,-254.730224609375
14.4024999,10.008959770202637,0.8367735147476196,11.511919975280762,78.2470703125,143.280029296875,-311.614990234375
14.407499900000001,9.299677848815918,1.194706678390503,11.872846603393555,58.10546875,129.791259765625,-312.591552734375
14.4124999,7.407660007476807,1.0408791303634644,11.566388130187988,22.39990234375,105.40771484375,-298.9501953125
14.417499900000001,4.6513352394104,1.2749123573303223,10.854711532592773,-30.33447265625,56.884765625,-251.03759765625
14.4224999,1.7130513191223145,1.0887632369995117,9.66958236694336,-96.86279296875,12.481689453125,-213.409423828125
14.4274999,-0.973242998123169,1.3569138050079346,8.534730911254883,-139.129638671875,-1.953125,-150.20751953125
14.4324999,-3.006518840789795,1.2006921768188477,7.361571788787842,-174.530029296875,-2.74658203125,-102.508544921875
14.4374999,-5.601833343505859,0.9858125448226929,5.875969409942627,-161.56005859375,-21.05712890625,7.537841796875
14.4424999,-6.654085159301758,0.5943605899810791,5.706579685211182,-103.607177734375,-48.27880859375,64.5751953125
14.4474999,-7.732673168182373,-0.42197805643081665,6.135141849517822,-56.5185546875,-98.6328125,93.231201171875
14.452499900000001,-8.866926193237305,-1.5280991792678833,7.181407928466797,-0.640869140625,-149.139404296875,107.818603515625
14.4574999,-9.419387817382812,-2.962824583053589,8.469488143920898,5.340576171875,-155.517578125,94.54345703125
14.462499900000001,-9.319430351257324,-4.059967517852783,9.854534149169922,39.520263671875,-141.265869140625,81.298828125
14.4674999,-8.109161376953125,-5.014655590057373,10.76193618774414,49.49951171875,-134.063720703125,61.34033203125
14.4724999,-6.013636112213135,-5.409698963165283,11.369464874267578,89.4775390625,-129.69970703125,45.867919921875
14.4774999,-3.468599796295166,-5.320514678955078,11.117475509643555,84.014892578125,-127.86865234375,43.02978515625
14.4824999,1.2108675241470337,-3.6721067428588867,10.052056312561035,101.898193359375,-68.54248046875,23.01025390625
14.4874999,2.4414870738983154,-2.449268341064453,8.661623001098633,53.436279296875,-24.200439453125,7.6904296875
14.4924999,3.1902737617492676,-0.8804676532745361,8.04810905456543,-15.960693359375,-6.561279296875,5.340576171875
14.497499900000001,3.292625904083252,0.17058686912059784,6.704961776733398,-16.082763671875,-13.275146484375,-18.951416015625
14.5024999,3.3081881999969482,1.3736732006072998,6.673837184906006,-6.103515625,-24.749755859375,-27.77099609375
14.507499900000001,3.3895909786224365,1.7058687210083008,7.075464725494385,-9.674072265625,-18.280029296875,-43.792724609375
14.5124999,3.5733461380004883,1.902193307876587,7.654263019561768,-2.044677734375,-8.36181640625,-35.64453125
14.5174999,3.935469150543213,1.566406488418579,8.295310020446777,-7.99560546875,-0.244140625,-38.4521484375
14.5224999,4.126406669616699,1.0414776802062988,8.586804389953613,3.509521484375,15.19775390625,-23.468017578125
14.5274999,4.250306606292725,0.39205053448677063,8.252214431762695,-18.1884765625,25.0244140625,-18.4326171875
14.532499900000001,4.161721229553223,-0.15981295704841614,8.434772491455078,7.568359375,24.993896484375,-8.1787109375
14.5374999,3.952826976776123,-0.6925228238105774,8.463502883911133,-10.833740234375,23.651123046875,-2.593994140625
14.542499900000001,3.3728315830230713,-0.9271546006202698,8.472481727600098,9.796142578125,27.313232421875,6.744384765625
14.5474999,2.8407204151153564,-0.8966285586357117,8.746018409729004,-1.28173828125,20.050048828125,10.55908203125
14.5524999,1.4000093936920166,-0.45250412821769714,8.67359447479248,1.129150390625,17.242431640625,15.960693359375
14.5574999,0.7972691655158997,-0.3878606855869293,8.79809284210205,2.349853515625,15.228271484375,7.38525390625
14.5624999,-0.07481880486011505,0.29149407148361206,9.43255615234375,1.5869140625,0.274658203125,3.96728515625
14.5674999,0.09038111567497253,0.1454477459192276,9.685144424438477,-6.8359375,-5.218505859375,-3.72314453125
14.5724999,0.28969839215278625,-0.013766659423708916,9.50617790222168,7.080078125,-4.119873046875,5.035400390625
14.577499900000001,0.7457938194274902,-0.21966800093650818,9.609128952026367,-8.270263671875,-10.589599609375,-1.03759765625
14.5824999,1.0229226350784302,-0.32441434264183044,9.080608367919922,9.429931640625,-6.500244140625,2.9296875
14.587499900000001,1.4496891498565674,-0.35015198588371277,8.951321601867676,-7.32421875,-7.171630859375,2.01416015625
14.5924999,1.4844050407409668,-0.4489128291606903,8.27974796295166,6.2255859375,-3.692626953125,0.3662109375
14.5974999,1.5921441316604614,-0.09038111567497253,8.093000411987305,-3.204345703125,-3.997802734375,3.387451171875
14.6024999,1.5107412338256836,0.060453593730926514,8.13370132446289,1.64794921875,-0.54931640625,2.716064453125
14.6074999,1.5807716846466064,0.020949264988303185,8.394071578979492,-5.767822265625,-0.762939453125,-4.791259765625
14.6124999,1.5047557353973389,-0.01975216343998909,8.917802810668945,6.28662109375,3.11279296875,3.84521484375
14.6174999,1.5831658840179443,-0.012569558806717396,9.281123161315918,-7.537841796875,0.396728515625,-4.302978515625
14.622499900000001,1.403002142906189,-0.07481880486011505,9.20091724395752,8.30078125,3.997802734375,1.251220703125
14.6274999,1.4862006902694702,-0.14903905987739563,9.451709747314453,-6.683349609375,1.190185546875,-2.227783203125
14.632499900000001,1.2767080068588257,-0.26575639843940735,8.939350128173828,5.218505859375,4.730224609375,-0.823974609375
14.6374999,1.3275848627090454,-0.06823474913835526,8.96389102935791,-2.74658203125,-0.152587890625,1.46484375
14.6424999,1.4036006927490234,0.055665191262960434,8.563461303710938,-1.220703125,0.091552734375,2.471923828125
14.6474999,1.3623007535934448,-0.3208230137825012,8.31446361541748,-1.708984375,1.89208984375,-3.936767578125
14.6524999,1.346139907836914,-0.08559270948171616,8.134899139404297,4.974365234375,2.9296875,3.814697265625
14.657499900000001,1.3832499980926514,-0.28072014451026917,8.052897453308105,-7.14111328125,-0.457763671875,-4.0283203125
14.6624999,1.2910733222961426,-0.22864626348018646,8.043919563293457,8.30078125,3.448486328125,2.777099609375
14.667499900000001,1.4257471561431885,-0.2645592987537384,8.288725852966309,-7.6904296875,-1.739501953125,-1.953125
14.6724999,1.2168530225753784,-0.28371289372444153,8.021772384643555,5.7373046875,2.74658203125,-0.06103515625
14.6774999,1.2976573705673218,-0.09516951441764832,8.159439086914062,-2.9296875,-1.28173828125,1.28173828125
14.6824999,1.1929110288619995,-0.32202014327049255,7.99184513092041,-0.8544921875,0.030517578125,-3.173828125
14.6874999,1.316810965538025,-0.02753331884741783,8.309077262878418,-6.77490234375,-1.40380859375,-4.0283203125
14.6924999,1.2874820232391357,0.030526071786880493,8.626907348632812,8.209228515625,1.40380859375,2.960205078125
14.6974999,1.4933832883834839,0.040701430290937424,9.018359184265137,-8.23974609375,-2.62451171875,-1.708984375
14.702499900000001,1.3210008144378662,-0.08499415963888168,8.828619003295898,6.77490234375,1.64794921875,0.3662109375
14.7074999,1.3862427473068237,0.030526071786880493,9.011775016784668,-3.47900390625,-1.861572265625,1.40380859375
14.712499900000001,1.27191960811615,-0.26156654953956604,8.659229278564453,-0.67138671875,0.457763671875,-2.655029296875
14.7174999,1.270722508430481,0.026336219161748886,8.677783966064453,4.0283203125,0.335693359375,3.72314453125
14.7224999,1.3617022037506104,-0.0065840547904372215,8.35097599029541,-1.922607421875,-1.03759765625,1.434326171875
14.7274999,1.3970166444778442,-0.19213469326496124,7.899069786071777,-8.48388671875,-1.495361328125,-2.960205078125
14.7324999,1.3365631103515625,-0.14664486050605774,7.890690326690674,8.85009765625,2.288818359375,1.861572265625
14.7374999,1.4867992401123047,-0.07242459803819656,8.06427001953125,-6.89697265625,-1.861572265625,-0.18310546875
14.7424999,1.2976573705673218,-0.2513911724090576,7.816470146179199,3.0517578125,1.89208984375,-1.678466796875
14.747499900000001,1.314416766166687,-0.043095629662275314,7.90086555480957,1.03759765625,0.091552734375,2.44140625
14.7524999,1.2557587623596191,-0.37648820877075195,7.73087739944458,-5.67626953125,0.06103515625,-3.47900390625
14.757499900000001,1.2096704244613647,-0.13766659796237946,7.952939510345459,8.514404296875,1.739501953125,3.021240234375
14.7624999,1.3407529592514038,-0.3172317147254944,8.069656372070312,-9.246826171875,-1.77001953125,-1.922607421875
14.7674999,1.2868833541870117,-0.21847090125083923,8.134899139404297,7.965087890625,2.227783203125,-0.06103515625
14.7724999,1.367687702178955,-0.03292027488350868,8.105569839477539,-4.119873046875,-0.518798828125,1.46484375
14.7774999,1.3317747116088867,-0.23822307586669922,7.836222171783447,-0.8544921875,1.129150390625,-2.9296875
14.782499900000001,1.3467384576797485,0.05267243832349777,7.821258544921875,5.31005859375,1.495361328125,3.11279296875
14.7874999,1.4760253429412842,-0.1364694982767105,7.7416510581970215,-8.97216796875,-1.0986328125,-2.716064453125
14.792499900000001,1.3545196056365967,-0.08319851011037827,7.885303497314453,10.19287109375,1.5869140625,1.190185546875
14.7974999,1.4915876388549805,0.013168109580874443,7.889492988586426,-6.89697265625,-1.64794921875,0.518798828125
14.8024999,1.2443863153457642,-0.030526071786880493,7.794922351837158,2.9296875,0.030517578125,3.021240234375
14.8074999,1.2515689134597778,-0.17836803197860718,7.712920665740967,-6.195068359375,-0.732421875,-3.173828125
14.8124999,1.1982979774475098,-0.06763619929552078,7.77756404876709,8.60595703125,1.708984375,2.25830078125
14.8174999,1.3503297567367554,-0.13287819921970367,8.055890083312988,-8.697509765625,-1.8310546875,-0.54931640625
14.8224999,1.2779051065444946,-0.2711433470249176,7.906252384185791,5.645751953125,1.953125,-1.434326171875
14.827499900000001,1.3210008144378662,-0.14604631066322327,7.972691535949707,-0.640869140625,-0.274658203125,2.227783203125
14.8324999,1.3036428689956665,-0.40282443165779114,7.716512203216553,-4.82177734375,-0.8544921875,-3.11279296875
14.837499900000001,1.2802993059158325,-0.04010287672281265,7.662044048309326,8.087158203125,2.288818359375,3.021240234375
14.8424999,1.3174095153808594,-0.166995570063591,7.669825077056885,7.354736328125,1.52587890625,-1.220703125
14.8474999,1.3730746507644653,0.03950432687997818,7.769783020019531,-2.01416015625,0.152587890625,1.5869140625
14.8524999,1.3335703611373901,-0.19871874153614044,7.632116317749023,-3.90625,-0.06103515625,-3.0517578125
14.8574999,1.314416766166687,0.11851298063993454,7.767987251281738,7.843017578125,1.28173828125,2.532958984375
14.8624999,1.4173674583435059,-0.11971008777618408,8.055890083312988,-9.765625,-1.77001953125,-1.3427734375
14.8674999,1.3174095153808594,-0.17178396880626678,8.108562469482422,8.30078125,1.77001953125,-0.18310546875
14.872499900000001,1.3898340463638306,0.055665191262960434,8.254010200500488,-3.570556640625,-0.48828125,1.922607421875
14.8774999,1.2892776727676392,-0.2735375463962555,8.023568153381348,-2.227783203125,0.274658203125,-2.838134765625
14.882499900000001,1.2755109071731567,-0.009576806798577309,8.042123794555664,7.354736328125,1.40380859375,2.288818359375
14.8874999,1.3694833517074585,-0.2364274114370346,8.154052734375,-9.368896484375,-1.89208984375,-1.953125
14.8924999,1.2844891548156738,-0.24361002445220947,8.106168746948242,8.575439453125,1.8310546875,-0.335693359375
14.8974999,1.3605051040649414,0.005985504016280174,8.150461196899414,-3.509521484375,-0.274658203125,1.8310546875
14.9024999,1.2677297592163086,-0.22206220030784607,7.975684642791748,-2.593994140625,-0.213623046875,-2.838134765625
14.907499900000001,1.2521674633026123,0.04728548228740692,8.146271705627441,7.476806640625,0.213623046875,2.105712890625
14.9124999,1.3078327178955078,-0.22864626348018646,8.221688270568848,-9.368896484375,-2.25830078125,-1.5869140625
14.917499900000001,1.2647370100021362,-0.24121582508087158,8.189367294311523,7.75146484375,1.312255859375,-0.457763671875
14.9224999,1.3377602100372314,-0.010175357572734356,8.094197273254395,-2.166748046875,-0.518798828125,1.922607421875
14.9274999,1.3060370683670044,-0.2298433631658554,7.853579998016357,-3.7841796875,-0.30517578125,-2.777099609375
14.9324999,1.2922704219818115,0.07721300423145294,7.88470458984375,7.781982421875,1.190185546875,2.044677734375
14.9374999,1.3569138050079346,-0.2651578485965729,8.025962829589844,-8.331298828125,-2.166748046875,-1.312255859375
14.9424999,1.3329718112945557,-0.15442600846290588,8.042123794555664,-0.701904296875,-0.06103515625,2.410888671875
14.9474999,1.3491326570510864,-0.2908954918384552,7.707533836364746,-5.157470703125,-0.8544921875,-2.899169921875
14.952499900000001,1.2952631711959839,-0.002394201699644327,7.563881874084473,8.514404296875,1.739501953125,1.678466796875
14.9574999,1.4012064933776855,-0.1472434103488922,7.836820602416992,-8.026123046875,-1.983642578125,-0.6103515625
14.962499900000001,1.3263877630233765,-0.22864626348018646,7.808688640594482,4.82177734375,1.434326171875,-1.5869140625
14.9674999,1.335964560508728,-0.09935937076807022,8.304886817932129,1.129150390625,0.1220703125,2.593994140625
14.9724999,1.4652514457702637,-0.15442600846290588,8.3120698928833,-6.561279296875,-0.732421875,-2.532958984375
14.9774999,1.2779051065444946,0.0011971008498221636,8.387487411499023,8.4228515625,2.3193359375,1.068115234375
14.9824999,1.4867992401123047,0.060453593730926514,8.406042098999023,-6.8359375,-2.13623046875,0.18310546875
14.9874999,1.2737152576446533,-0.22385786473751068,8.210914611816406,2.471923828125,1.0986328125,-2.38037109375
14.9924999,1.304241418838501,-0.1538274586200714,8.095993041992188,3.936767578125,0.946044921875,3.173828125
14.997499900000001,1.3455413579940796,-0.38965633511543274,8.078635215759277,-7.415771484375,-1.708984375,-2.50244140625
15.0024999,1.2497732639312744,-0.3232172429561615,7.924807548522949,7.87353515625,2.13623046875,-0.1220703125
15.007499900000001,1.3407529592514038,-0.09038111567497253,7.865550994873047,-4.33349609375,-1.678466796875,1.373291015625
15.0124999,1.2300211191177368,-0.3250128924846649,7.6536641120910645,-1.617431640625,0.518798828125,-2.8076171875
15.0174999,1.2270283699035645,-0.0867898091673851,7.495646953582764,6.28662109375,0.9765625,2.62451171875
15.0224999,1.2779051065444946,-0.424970805644989,7.574655532836914,-8.209228515625,-2.13623046875,-1.190185546875
15.0274999,1.2886791229248047,-0.3423708379268646,7.4998369216918945,6.591796875,1.861572265625,-0.946044921875
15.032499900000001,1.3204022645950317,-0.1933317929506302,7.5662760734558105,-1.190185546875,-1.190185546875,2.044677734375
15.0374999,1.370081901550293,-0.152031809091568,7.422025203704834,-4.638671875,-0.244140625,-2.62451171875
15.042499900000001,1.292868971824646,0.08559270948171616,7.400477409362793,7.781982421875,1.708984375,1.77001953125
15.0474999,1.4293384552001953,-0.0005985504249110818,7.596203327178955,-6.744384765625,-1.953125,-0.396728515625
15.0524999,1.3006501197814941,-0.17238251864910126,7.648875713348389,2.50244140625,1.77001953125,-2.227783203125
15.0574999,1.3557167053222656,-0.14903905987739563,7.860762596130371,2.99072265625,-0.274658203125,2.349853515625
15.0624999,1.4329297542572021,-0.03890577703714371,7.728483200073242,-3.814697265625,-1.922607421875,1.28173828125
15.0674999,1.2725181579589844,-0.2190694510936737,7.559691905975342,-1.495361328125,0.579833984375,-2.74658203125
15.0724999,1.2282254695892334,-0.11432313174009323,7.585429668426514,6.011962890625,0.274658203125,1.922607421875
15.077499900000001,1.2545616626739502,-0.37409400939941406,7.753023624420166,-7.781982421875,-1.068115234375,-1.03759765625
15.0824999,1.2395979166030884,-0.45250412821769714,7.738658428192139,5.2490234375,1.8310546875,-0.946044921875
15.087499900000001,1.246780514717102,-0.3166331648826599,8.013991355895996,0.30517578125,-0.396728515625,1.89208984375
15.0924999,1.4024035930633545,-0.2519897222518921,7.980473041534424,-5.615234375,-0.274658203125,-2.685546875
15.0974999,1.2348095178604126,-0.05985504388809204,8.02656078338623,8.1787109375,1.52587890625,1.3427734375
15.1024999,1.4658499956130981,0.11971008777618408,8.214506149291992,-5.706787109375,-1.8310546875,0.67138671875
15.1074999,1.2647370100021362,-0.21368250250816345,8.110358238220215,0.54931640625,1.190185546875,-2.471923828125
15.1124999,1.3521254062652588,-0.03232172131538391,8.380903244018555,4.974365234375,0.67138671875,2.349853515625
15.1174999,1.290474772453308,-0.20530278980731964,8.28094482421875,6.65283203125,1.89208984375,-0.54931640625
15.122499900000001,1.290474772453308,-0.20530278980731964,8.28094482421875,6.65283203125,1.89208984375,-0.54931640625
15.1274999,1.3036428689956665,-0.07721300423145294,8.149264335632324,-1.46484375,-1.556396484375,1.953125
15.132499900000001,1.3305776119232178,-0.08798690885305405,7.816470146179199,-4.21142578125,0.152587890625,-2.8076171875
15.1374999,1.2623428106307983,0.08918401598930359,7.660846710205078,8.087158203125,1.434326171875,1.251220703125
15.1424999,1.4113819599151611,0.048482585698366165,7.680000305175781,-6.256103515625,-1.983642578125,0.06103515625
15.1474999,1.2802993059158325,-0.21368250250816345,7.71471643447876,1.52587890625,1.739501953125,-2.044677734375
15.1524999,1.37906014919281,-0.08379705995321274,8.027758598327637,4.0283203125,0.1220703125,2.227783203125
15.157499900000001,1.349731206893921,-0.29388827085494995,8.24084186553955,-7.476806640625,-1.251220703125,-1.77001953125
15.1624999,1.3000515699386597,-0.22625206410884857,8.308478355407715,6.561279296875,1.52587890625,-0.18310546875
15.167499900000001,1.3317747116088867,0.019153613597154617,8.321646690368652,-1.861572265625,-1.3427734375,1.739501953125
15.1724999,1.3204022645950317,-0.11432313174009323,8.064867973327637,-3.96728515625,-0.1220703125,-2.655029296875
15.1774999,1.3808557987213135,-0.15023615956306458,8.024765968322754,3.997802734375,0.3662109375,2.25830078125
15.1824999,1.3377602100372314,-0.3998316824436188,8.093000411987305,-7.568359375,-1.373291015625,-1.617431640625
15.1874999,1.3084312677383423,-0.2783259451389313,8.127716064453125,6.378173828125,1.800537109375,-0.79345703125
15.1924999,1.3066356182098389,-0.03531447425484657,8.045116424560547,-1.434326171875,-0.579833984375,1.953125
15.1974999,1.4107834100723267,0.0347159244120121,7.923610687255859,-4.33349609375,-0.54931640625,-2.50244140625
15.202499900000001,1.2449848651885986,0.1041477769613266,7.772177219390869,7.568359375,1.983642578125,1.0986328125
15.2074999,1.4484920501708984,0.14185644686222076,7.934384346008301,-5.9814453125,-1.953125,0.335693359375
15.212499900000001,1.2324153184890747,-0.3280056416988373,7.944559574127197,0.701904296875,0.8544921875,-2.349853515625
15.2174999,1.3072341680526733,-0.20530278980731964,8.182184219360352,5.218505859375,0.79345703125,2.5634765625
15.2224999,1.2551602125167847,-0.5560533404350281,8.250418663024902,-7.659912109375,-2.227783203125,-1.28173828125
15.2274999,1.2461819648742676,-0.21368250250816345,8.10437297821045,0.152587890625,-0.152587890625,2.01416015625
15.2324999,1.4562731981277466,-0.18375498056411743,7.905653953552246,-5.4931640625,-1.0986328125,-2.532958984375
15.2374999,1.2826935052871704,0.04728548228740692,7.773374557495117,7.904052734375,1.5869140625,0.6103515625
15.2424999,1.4628572463989258,0.16220717132091522,7.772775650024414,-4.69970703125,-1.708984375,1.068115234375
15.247499900000001,1.2880805730819702,-0.10893617570400238,7.683591842651367,-1.28173828125,0.823974609375,-2.50244140625
15.2524999,1.235408067703247,0.011372458189725876,7.751227855682373,6.866455078125,1.190185546875,2.044677734375
15.257499900000001,1.291671872138977,-0.24420857429504395,7.92899751663208,-6.89697265625,-1.861572265625,-0.8544921875
15.2624999,1.2461819648742676,-0.30945056676864624,7.897274494171143,2.8076171875,1.8310546875,-1.617431640625
15.2674999,1.323395013809204,-0.12270283699035645,8.055890083312988,2.288818359375,0.213623046875,2.655029296875
15.2724999,1.4036006927490234,-0.1388636976480484,8.09659194946289,-6.317138671875,-1.373291015625,-2.105712890625
15.2774999,1.2689268589019775,-0.031124621629714966,7.910442352294922,6.53076171875,1.89208984375,-0.3662109375
15.282499900000001,1.370081901550293,0.20290859043598175,7.988852500915527,-2.50244140625,-0.823974609375,1.922607421875
15.2874999,1.236605167388916,0.05925649031996727,7.759607791900635,7.2021484375,1.3427734375,0.8544921875
15.292499900000001,1.414973258972168,0.0520738884806633,7.935581684112549,-5.92041015625,-1.983642578125,0.30517578125
15.2974999,1.2312182188034058,-0.37169981002807617,7.890690326690674,0.54931640625,1.007080078125,-2.410888671875
15.3024999,1.3102269172668457,-0.2645592987537384,8.082226753234863,4.974365234375,0.823974609375,2.01416015625
15.3074999,1.2922704219818115,-0.5219359993934631,8.209118843078613,-7.50732421875,-1.708984375,-1.007080078125
15.3124999,1.2629413604736328,-0.48901569843292236,8.045116424560547,4.638671875,1.312255859375,-1.251220703125
15.3174999,1.2832920551300049,-0.2214636504650116,8.129511833190918,1.03759765625,-0.1220703125,2.349853515625
15.3224999,1.4395138025283813,-0.21188685297966003,8.017582893371582,-6.34765625,-1.129150390625,-2.01416015625
15.327499900000001,1.2761094570159912,0.013168109580874443,7.774571418762207,7.2021484375,1.739501953125,-0.335693359375
15.3324999,1.4425065517425537,0.22445641458034515,7.89547872543335,-3.021240234375,-1.15966796875,1.28173828125
15.337499900000001,1.3186066150665283,-0.05985504388809204,7.735067367553711,-3.509521484375,0.335693359375,-2.349853515625
15.3424999,1.2270283699035645,0.10115502029657364,7.7847466468811035,7.38525390625,1.617431640625,1.434326171875
15.3474999,1.2090718746185303,-0.2753331959247589,7.99184513092041,0.274658203125,1.678466796875,-2.197265625
15.3524999,1.3299790620803833,-0.12868833541870117,8.283937454223633,4.730224609375,0.67138671875,2.105712890625
15.3574999,1.3108254671096802,-0.39384618401527405,8.44195556640625,-6.683349609375,-1.434326171875,-0.9765625
15.3624999,1.3000515699386597,-0.20709845423698425,8.303689956665039,1.40380859375,-0.3662109375,2.044677734375
15.3674999,1.4113819599151611,-0.181959331035614,8.141483306884766,-6.378173828125,-0.54931640625,-2.166748046875
15.372499900000001,1.246780514717102,-0.05147533491253853,7.808688640594482,6.53076171875,1.64794921875,-0.457763671875
15.3774999,1.3880383968353271,0.19393034279346466,7.681796073913574,-2.01416015625,-1.068115234375,1.708984375
15.382499900000001,1.4036006927490234,0.1322796493768692,7.569867134094238,-3.509521484375,0.1220703125,-1.434326171875
15.3874999,1.2521674633026123,0.08140286058187485,7.4998369216918945,6.744384765625,1.495361328125,2.3193359375
15.3924999,1.4305355548858643,0.15442600846290588,7.6782050132751465,-5.31005859375,-0.79345703125,1.739501953125
15.3974999,1.2449848651885986,-0.333991140127182,7.793126583099365,-0.6103515625,1.5869140625,-1.983642578125
15.4024999,1.213860273361206,-0.5776011347770691,8.261791229248047,-6.744384765625,-0.91552734375,-2.0751953125
15.407499900000001,1.0103530883789062,-0.6560112833976746,8.140884399414062,5.2490234375,0.701904296875,-2.5634765625
15.4124999,0.9696516990661621,-0.5680243372917175,8.418611526489258,5.523681640625,-4.486083984375,0.6103515625
15.417499900000001,0.8110358119010925,-0.7248445749282837,8.328828811645508,-5.0048828125,-5.767822265625,-12.054443359375
15.4224999,0.6165069341659546,-0.8936358094215393,7.990049839019775,3.7841796875,2.44140625,-16.326904296875
15.4274999,0.6416460275650024,-0.9367313981056213,8.023568153381348,1.8310546875,2.9296875,-14.739990234375
15.4324999,0.4770447015762329,-1.2737152576446533,7.720701694488525,3.265380859375,2.899169921875,-15.44189453125
15.4374999,0.15981295704841614,-1.1348515748977661,7.361571788787842,19.500732421875,0.3662109375,-1.068115234375
15.4424999,0.06823474913835526,-1.3706804513931274,8.055890083312988,19.83642578125,-10.894775390625,6.134033203125
15.4474999,-0.43993455171585083,-1.4610615968704224,8.471882820129395,47.210693359375,-11.871337890625,13.031005859375
15.452499900000001,-0.5770025849342346,-1.854907751083374,9.791686058044434,64.300537109375,-23.25439453125,21.97265625
15.4574999,-0.9690531492233276,-2.1745336055755615,10.914566993713379,101.6845703125,-19.073486328125,31.67724609375
15.462499900000001,-1.2413935661315918,-1.8956091403961182,12.054206848144531,168.45703125,-14.892578125,43.8232421875
15.4674999,-1.0696096420288086,-1.1683704853057861,11.787253379821777,170.7763671875,-43.548583984375,51.483154296875
15.4724999,-0.7727286219596863,-0.31124621629714966,10.836156845092773,177.490234375,-53.314208984375,61.920166015625
15.4774999,-0.24600422382354736,0.5039794445037842,9.797672271728516,162.200927734375,-54.87060546875,67.68798828125
15.4824999,0.27712884545326233,1.544858694076538,8.399457931518555,157.2265625,-30.609130859375,92.34619140625
15.487499900000001,0.8349778652191162,2.188300371170044,7.240664482116699,133.575439453125,-10.467529296875,87.95166015625
15.4924999,1.2114660739898682,2.9927520751953125,6.403891086578369,95.489501953125,10.528564453125,104.6142578125
15.497499900000001,1.3569138050079346,3.3249475955963135,5.389946460723877,63.323974609375,28.656005859375,101.348876953125
15.5024999,1.4987702369689941,3.602076530456543,5.349245071411133,6.988525390625,26.611328125,106.0791015625
15.507499900000001,1.3670891523361206,3.6571431159973145,4.926070213317871,-26.85546875,33.69140625,111.14501953125
15.5124999,1.3605051040649414,3.466205596923828,5.085284233093262,-81.146240234375,29.6630859375,96.160888671875
15.5174999,1.3329718112945557,3.3925838470458984,5.213374137878418,-122.4365234375,28.38134765625,106.292724609375
15.5224999,4.275445461273193,2.2894554138183594,8.473079681396484,-108.82568359375,151.4892578125,-1.953125
15.5274999,5.536591529846191,1.0199298858642578,11.080365180969238,97.686767578125,95.672607421875,-120.1171875
15.532499900000001,6.336853504180908,-0.47225627303123474,12.668319702148438,75.98876953125,-27.496337890625,-142.39501953125
15.5374999,5.8191070556640625,-2.2361843585968018,11.835736274719238,-0.396728515625,-53.131103515625,-92.315673828125
15.542499900000001,4.514865875244141,-3.311779499053955,9.593565940856934,0.6103515625,-35.858154296875,-59.08203125
15.5474999,3.442862033843994,-3.8091750144958496,7.960720539093018,-25.20751953125,-7.904052734375,-43.64013671875
15.5524999,2.6431987285614014,-3.6780924797058105,6.709151744842529,-35.7666015625,46.600341796875,-1.739501953125
15.5574999,2.557007312774658,-3.531447410583496,7.532158374786377,-21.97265625,56.732177734375,-2.349853515625
15.5624999,1.9764134883880615,-2.257133722305298,10.74996566772461,7.8125,1.068115234375,9.3994140625
15.5674999,1.3180080652236938,-1.4335283041000366,10.466851234436035,16.2353515625,17.730712890625,12.0849609375
15.5724999,0.7930793166160583,-0.49978959560394287,10.701482772827148,-6.53076171875,-2.471923828125,0.152587890625
15.577499900000001,0.3196259140968323,0.5105634927749634,9.966463088989258,2.74658203125,5.279541015625,8.97216796875
15.5824999,0.1646013706922531,1.0181342363357544,10.012551307678223,-4.669189453125,-2.0751953125,-2.86865234375
15.587499900000001,0.1538274586200714,1.3886369466781616,9.595361709594727,1.129150390625,2.410888671875,11.688232421875
15.5924999,0.3734954595565796,1.0881646871566772,9.701305389404297,-3.631591796875,-12.3291015625,-2.44140625
15.5974999,0.6302735805511475,0.7924807667732239,9.640253067016602,-3.35693359375,-2.50244140625,12.0849609375
15.6024999,0.884058952331543,0.18315643072128296,9.678560256958008,3.570556640625,-4.241943359375,2.838134765625
15.6074999,1.2030863761901855,-0.24600422382354736,9.964667320251465,-5.31005859375,-7.232666015625,5.37109375
15.612499900000001,1.2425906658172607,-0.6033388376235962,9.62828254699707,8.23974609375,1.617431640625,3.2958984375
15.6174999,1.0755951404571533,0.014365210197865963,9.725247383117676,-1.40380859375,2.99072265625,6.04248046875
15.622499900000001,1.0384849309921265,-0.14604631066322327,9.733028411865234,4.08935546875,-1.77001953125,-2.471923828125
15.6274999,1.1665748357772827,-0.19632454216480255,9.91738224029541,-4.547119140625,-0.244140625,3.60107421875
15.632499900000001,1.0833762884140015,-0.27413609623908997,9.657610893249512,6.2255859375,3.204345703125,0.54931640625
15.6374999,1.269525408744812,-0.24420857429504395,10.011354446411133,-6.622314453125,-2.349853515625,0.091552734375
15.6424999,1.1049240827560425,-0.2190694510936737,9.519346237182617,7.171630859375,6.134033203125,2.8076171875
15.6474999,1.0211269855499268,-0.12629413604736328,9.452906608581543,6.9580078125,6.77490234375,4.8828125
15.6524999,1.1037269830703735,-0.16759411990642548,10.047865867614746,-6.7138671875,-6.65283203125,-4.33349609375
15.657499900000001,0.9624691009521484,-0.0628477931022644,9.514557838439941,6.072998046875,6.561279296875,6.500244140625
15.6624999,1.060032844543457,-0.15562310814857483,10.000580787658691,-5.31005859375,-7.537841796875,-5.4931640625
15.667499900000001,0.9929951429367065,-0.07900865375995636,9.576208114624023,4.608154296875,6.28662109375,7.14111328125
15.6724999,1.1180921792984009,-0.181959331035614,9.924564361572266,-3.570556640625,-6.805419921875,-6.072998046875
15.6774999,1.0576386451721191,-0.15981295704841614,9.609726905822754,2.99072265625,5.615234375,6.8359375
15.6824999,1.1438298225402832,-0.18495208024978638,9.79288387298584,-2.166748046875,-5.340576171875,-6.28662109375
15.6874999,1.094150185585022,-0.18315643072128296,9.616311073303223,1.068115234375,5.096435546875,6.317138671875
15.6924999,1.1390414237976074,-0.15921440720558167,9.718064308166504,-0.54931640625,-3.7841796875,-5.767822265625
15.6974999,1.1294646263122559,-0.12449848651885986,9.643844604492188,0,3.326416015625,5.706787109375
15.702499900000001,1.1438298225402832,-0.10115502029657364,9.762357711791992,0.91552734375,-3.326416015625,-5.401611328125
15.7074999,1.1348515748977661,-0.17298106849193573,9.822811126708984,-3.60107421875,-0.3662109375,2.716064453125
15.712499900000001,1.0372878313064575,-0.20231004059314728,9.759963035583496,3.875732421875,0.640869140625,-3.021240234375
15.7174999,1.1450269222259521,-0.15502455830574036,9.785700798034668,-3.96728515625,-0.9765625,2.44140625
15.7224999,1.0528502464294434,-0.18974047899246216,9.68574333190918,4.150390625,1.15966796875,-2.50244140625
15.7274999,1.1677719354629517,-0.15083470940589905,9.750985145568848,-4.150390625,-1.220703125,2.044677734375
15.7324999,1.1677719354629517,-0.15083470940589905,9.750985145568848,-4.150390625,-1.220703125,2.044677734375
15.737499900000001,1.0678139925003052,-0.19393034279346466,9.667187690734863,4.21142578125,1.15966796875,-2.44140625
15.7424999,1.0672154426574707,-0.19692309200763702,9.703699111938477,4.0283203125,0.9765625,-2.5634765625
15.747499900000001,1.1779472827911377,-0.13826514780521393,9.77791976928711,-4.058837890625,-1.251220703125,1.922607421875
15.7524999,1.0779893398284912,-0.1909375786781311,9.744400978088379,3.84521484375,1.15966796875,-2.716064453125
15.757499900000001,1.1982979774475098,-0.11552023142576218,9.762955665588379,-3.84521484375,-0.823974609375,2.288818359375
15.7624999,1.1318588256835938,-0.1885433793067932,9.785101890563965,2.960205078125,0.457763671875,-3.23486328125
15.7674999,1.1318588256835938,-0.1885433793067932,9.785101890563965,2.960205078125,0.457763671875,-3.23486328125
15.7724999,1.2072762250900269,-0.11611878126859665,9.678560256958008,-2.716064453125,0.42724609375,3.173828125
15.7774999,1.1516109704971313,-0.15921440720558167,9.782708168029785,2.410888671875,0.1220703125,-3.90625
15.782499900000001,1.184531331062317,-0.0933738648891449,9.623494148254395,-2.25830078125,0.701904296875,3.692626953125
15.7874999,1.138442873954773,-0.1215057373046875,9.755773544311523,1.983642578125,-0.8544921875,-4.547119140625
15.792499900000001,1.138442873954773,-0.09876082092523575,9.570821762084961,-1.312255859375,1.434326171875,4.302978515625
15.7974999,1.0426748991012573,-0.243011474609375,9.618106842041016,0.823974609375,2.838134765625,4.974365234375
15.8024999,1.0893617868423462,-0.19213469326496124,9.716867446899414,-1.28173828125,-3.204345703125,-5.340576171875
15.8074999,1.0564415454864502,-0.2322375625371933,9.627084732055664,1.89208984375,3.570556640625,5.157470703125
15.8124999,1.1468225717544556,-0.17238251864910126,9.841365814208984,-2.227783203125,-3.84521484375,-5.462646484375
15.8174999,1.081580638885498,-0.17477671802043915,9.567828178405762,2.899169921875,4.2724609375,4.8828125
15.8224999,1.157596468925476,-0.1628057211637497,9.956287384033203,-3.5400390625,-4.180908203125,-5.096435546875
15.827499900000001,1.103128433227539,-0.11192893236875534,9.452308654785156,3.90625,4.669189453125,4.425048828125
15.8324999,1.2012907266616821,-0.19153612852096558,10.013748168945312,-3.997802734375,-4.364013671875,-4.180908203125
15.837499900000001,1.092953085899353,-0.1173158809542656,9.372700691223145,4.45556640625,4.638671875,3.143310546875
15.8424999,1.0450690984725952,-0.1586158573627472,9.300276756286621,4.364013671875,3.11279296875,0.091552734375
15.8474999,1.1647791862487793,-0.1280897855758667,9.66958236694336,-4.058837890625,-2.5634765625,0.396728515625
15.8524999,1.0115501880645752,-0.13527239859104156,9.367912292480469,3.570556640625,1.953125,-1.861572265625
15.8574999,1.0911574363708496,-0.02753331884741783,9.387065887451172,-2.685546875,-1.312255859375,2.471923828125
15.862499900000001,1.047463297843933,-0.08080431073904037,9.41639518737793,1.89208984375,0.1220703125,-3.72314453125
15.8674999,1.1049240827560425,-0.03172317147254944,9.258378028869629,-1.03759765625,0.54931640625,3.814697265625
15.872499900000001,1.1324573755264282,-0.08080431073904037,9.333795547485352,-0.18310546875,-1.068115234375,-4.913330078125
15.8774999,1.1174936294555664,-0.1538274586200714,9.229647636413574,1.03759765625,2.044677734375,4.730224609375
15.882499900000001,1.14742112159729,-0.15801730751991272,9.279925346374512,-1.922607421875,-2.716064453125,-5.55419921875
15.8874999,1.1097124814987183,-0.21787235140800476,9.1662015914917,2.74658203125,3.326416015625,4.669189453125
15.8924999,1.1534066200256348,-0.19393034279346466,9.382277488708496,-3.570556640625,-3.631591796875,-4.486083984375
15.8974999,1.2372037172317505,-0.22625206410884857,9.545681953430176,-4.150390625,-3.692626953125,-3.021240234375
15.9024999,1.0785878896713257,-0.2059013396501541,8.868123054504395,4.119873046875,3.204345703125,1.40380859375
15.907499900000001,1.2713210582733154,-0.21368250250816345,9.517550468444824,-3.814697265625,-2.593994140625,-0.54931640625
15.9124999,1.0911574363708496,-0.21787235140800476,8.980650901794434,3.387451171875,2.288818359375,-1.434326171875
15.917499900000001,1.1617863178253174,-0.04489128291606903,9.1847562789917,-2.471923828125,-1.373291015625,1.861572265625
15.9224999,1.071405291557312,-0.10594342648983002,9.068038940429688,1.28173828125,0.1220703125,-3.753662109375
15.9274999,1.0462661981582642,-0.02513911761343479,8.888473510742188,-0.274658203125,0.762939453125,4.08935546875
15.9324999,1.0552444458007812,-0.08978256583213806,8.920795440673828,-1.15966796875,-1.556396484375,-4.7607421875
15.9374999,1.0169371366500854,-0.14903905987739563,8.765172004699707,2.227783203125,2.410888671875,4.547119140625
15.9424999,1.0755951404571533,-0.1256955862045288,8.883087158203125,-2.838134765625,-2.99072265625,-4.8828125
15.9474999,1.0558429956436157,-0.15442600846290588,8.625710487365723,3.448486328125,3.204345703125,3.84521484375
15.952499900000001,1.1953052282333374,-0.2214636504650116,9.084199905395508,-3.90625,-3.204345703125,-3.021240234375
15.9574999,1.1222820281982422,-0.2651578485965729,8.771756172180176,2.227783203125,1.861572265625,-1.251220703125
15.962499900000001,1.159990668296814,-0.06883329898118973,8.87171459197998,-1.251220703125,-0.42724609375,2.655029296875
15.9674999,1.1025298833847046,-0.11791443079710007,8.941744804382324,0.1220703125,-0.54931640625,-4.669189453125
15.9724999,1.0396820306777954,-0.03411737456917763,8.707711219787598,1.251220703125,1.40380859375,4.302978515625
15.9774999,1.039083480834961,-0.07900865375995636,8.734047889709473,-2.25830078125,-2.044677734375,-4.547119140625
15.9824999,1.0235211849212646,-0.10175357013940811,8.563461303710938,3.41796875,2.86865234375,3.936767578125
15.987499900000001,1.1504138708114624,-0.17836803197860718,8.849568367004395,-3.96728515625,-3.2958984375,-3.875732421875
15.9924999,1.0845733880996704,-0.20769700407981873,8.477270126342773,3.509521484375,2.74658203125,2.197265625
15.997499900000001,1.2641384601593018,-0.243011474609375,9.121310234069824,-3.143310546875,-2.105712890625,-0.244140625
16.0024999,1.058835744857788,-0.05446808785200119,8.76457405090332,-2.9296875,-2.655029296875,-4.791259765625
16.0074999,1.0115501880645752,-0.09876082092523575,8.516175270080566,3.72314453125,2.960205078125,3.509521484375
16.0124999,1.173158884048462,-0.17417816817760468,8.787917137145996,-3.84521484375,-2.593994140625,-2.655029296875
16.0174999,1.0749965906143188,-0.2783259451389313,8.293514251708984,3.47900390625,2.227783203125,0.213623046875
16.0224999,1.2503718137741089,-0.2214636504650116,8.741230010986328,-2.38037109375,-1.251220703125,0.91552734375
16.0274999,1.113303780555725,-0.2902969419956207,8.563461303710938,0.823974609375,0.396728515625,-2.86865234375
16.0324999,1.1085153818130493,-0.11611878126859665,8.677783966064453,0.42724609375,0.885009765625,3.90625
16.0374999,1.0971429347991943,-0.090979665517807,8.887276649475098,-2.105712890625,-1.800537109375,-4.57763671875
16.0424999,1.0324994325637817,-0.08379705995321274,8.753800392150879,3.265380859375,2.471923828125,3.875732421875
16.047499900000002,1.1558008193969727,-0.1215057373046875,9.041104316711426,-3.753662109375,-2.593994140625,-3.41796875
16.0524999,1.1629834175109863,-0.1628057211637497,8.914810180664062,-1.77001953125,-1.708984375,-4.638671875
16.0574999,1.0546458959579468,-0.11133038252592087,8.671798706054688,3.0517578125,2.44140625,3.936767578125
16.0624999,1.159990668296814,-0.18734627962112427,8.896254539489746,-3.753662109375,-2.44140625,-3.47900390625
16.0674999,1.0396820306777954,-0.22206220030784607,8.467094421386719,3.570556640625,2.38037109375,1.3427734375
16.0724999,1.2090718746185303,-0.22505496442317963,8.903437614440918,-2.777099609375,-1.617431640625,0.152587890625
16.0774999,1.0989385843276978,-0.24181437492370605,8.73105525970459,1.40380859375,0.396728515625,-2.3193359375
16.082499900000002,1.1127052307128906,-0.15921440720558167,8.888473510742188,0.396728515625,0.54931640625,3.2958984375
16.0874999,1.113303780555725,-0.10714052617549896,9.062651634216309,-2.01416015625,-1.77001953125,-4.39453125
16.0924999,1.0259153842926025,-0.10295066982507706,8.808267593383789,3.173828125,2.25830078125,3.692626953125
16.0974999,1.0821791887283325,-0.25498247146606445,8.735843658447266,0,0,-3.11279296875
16.1024999,1.0899603366851807,-0.06823474913835526,8.718485832214355,1.556396484375,1.46484375,3.72314453125
16.1074999,1.1049240827560425,-0.10654197633266449,8.773551940917969,-2.777099609375,-2.25830078125,-4.180908203125
16.1124999,1.015141487121582,-0.090979665517807,8.456918716430664,3.41796875,2.685546875,2.8076171875
16.117499900000002,1.1881226301193237,-0.10055647045373917,8.836400032043457,-3.35693359375,-2.01416015625,-1.495361328125
16.1224999,1.1504138708114624,-0.15682020783424377,8.564059257507324,2.197265625,1.220703125,-1.03759765625
16.1274999,1.1851298809051514,-0.12330138683319092,8.928576469421387,-0.732421875,0.213623046875,2.349853515625
16.1324999,1.193509578704834,-0.20350714027881622,8.963293075561523,-1.373291015625,-1.3427734375,-3.84521484375
16.1374999,1.0642226934432983,-0.11552023142576218,8.76337718963623,2.685546875,2.13623046875,3.662109375
16.1424999,1.148618221282959,-0.20051439106464386,9.010578155517578,-3.509521484375,-2.410888671875,-3.326416015625
16.1474999,1.1097124814987183,-0.11013327538967133,8.899846076965332,-2.86865234375,-1.953125,-4.0283203125
16.1524999,1.0157400369644165,-0.09397241473197937,8.562263488769531,3.326416015625,2.38037109375,2.288818359375
16.1574999,1.1994950771331787,-0.06464344263076782,8.965686798095703,-2.86865234375,-1.739501953125,-0.885009765625
16.1624999,1.1546037197113037,-0.16400282084941864,8.723872184753418,1.739501953125,0.579833984375,-1.52587890625
16.1674999,1.1665748357772827,-0.12270283699035645,8.943540573120117,0.213623046875,0.67138671875,2.960205078125
16.172499900000002,1.1988965272903442,-0.17836803197860718,9.025542259216309,-2.349853515625,-1.739501953125,-4.058837890625
16.1774999,1.0259153842926025,-0.1562216579914093,8.681375503540039,3.23486328125,2.166748046875,3.387451171875
16.1824999,1.14742112159729,-0.18794482946395874,8.992023468017578,-3.5400390625,-2.0751953125,-1.922607421875
16.1874999,1.0761936902999878,-0.19273324310779572,8.621520042419434,2.0751953125,1.190185546875,-0.701904296875
16.1924999,1.1444283723831177,-0.17238251864910126,8.809465408325195,-1.28173828125,-1.312255859375,-3.47900390625
16.1974999,1.0534487962722778,-0.1215057373046875,8.611943244934082,2.960205078125,2.01416015625,3.35693359375
16.2024999,1.1378443241119385,-0.17896658182144165,8.918401718139648,-3.5400390625,-2.471923828125,-2.777099609375
16.207499900000002,1.061229944229126,-0.22744916379451752,8.526948928833008,2.86865234375,1.617431640625,0.30517578125
16.2124999,1.1623848676681519,-0.1562216579914093,8.7268648147583,-1.495361328125,-0.274658203125,1.40380859375
16.2174999,1.0893617868423462,-0.26396074891090393,8.731653213500977,-1.03759765625,-1.708984375,-3.47900390625
16.2224999,1.0923545360565186,-0.14425064623355865,8.668806076049805,2.655029296875,2.044677734375,3.631591796875
16.2274999,1.161187767982483,-0.22026655077934265,9.090784072875977,-3.662109375,-1.739501953125,-2.838134765625
16.2324999,1.0528502464294434,-0.23163901269435883,8.684967041015625,3.570556640625,1.007080078125,0.30517578125
16.2374999,1.2012907266616821,-0.13407529890537262,9.024344444274902,-1.40380859375,-0.8544921875,1.0986328125
16.242499900000002,1.1510124206542969,-0.12389993667602539,9.21707820892334,-3.7841796875,-2.105712890625,-3.265380859375
16.2474999,1.0384849309921265,-0.20111294090747833,8.827422142028809,4.425048828125,1.46484375,0.030517578125
16.2524999,1.182137131690979,-0.1388636976480484,9.063849449157715,-1.52587890625,-0.518798828125,0.579833984375
16.2574999,1.0863690376281738,-0.15322890877723694,8.959102630615234,-1.068115234375,-1.251220703125,-2.3193359375
16.2624999,1.1049240827560425,-0.04189852997660637,8.973467826843262,1.77001953125,2.044677734375,3.96728515625
16.2674999,1.1725603342056274,-0.09516951441764832,9.28650951385498,-3.5400390625,-2.166748046875,-3.021240234375
16.2724999,1.049857497215271,-0.14784196019172668,8.861538887023926,4.241943359375,1.434326171875,-0.274658203125
16.2774999,1.1659762859344482,-0.08858546614646912,8.98543930053711,-1.678466796875,0,0.732421875
16.2824999,1.1492167711257935,-0.14484919607639313,8.659229278564453,-0.823974609375,0.213623046875,1.220703125
16.2874999,1.1330559253692627,-0.1256955862045288,8.554482460021973,-2.227783203125,-1.64794921875,-2.62451171875
16.2924999,1.0648212432861328,-0.12449848651885986,8.4293851852417,2.86865234375,2.25830078125,3.692626953125
16.297499900000002,1.1426327228546143,-0.19393034279346466,8.714295387268066,-3.23486328125,-2.0751953125,-2.105712890625
16.3024999,1.1294646263122559,-0.2148796021938324,8.506000518798828,3.326416015625,0.701904296875,-1.708984375
16.3074999,1.12467622756958,-0.17956513166427612,8.662221908569336,-0.396728515625,0.8544921875,1.708984375
16.3124999,1.2186486721038818,-0.12330138683319092,8.820239067077637,-2.8076171875,-2.01416015625,-2.838134765625
16.3174999,1.2186486721038818,-0.12330138683319092,8.820239067077637,-2.8076171875,-2.01416015625,-2.838134765625
16.3224999,1.0528502464294434,-0.05985504388809204,8.628104209899902,3.662109375,2.62451171875,3.11279296875
16.3274999,1.149815320968628,-0.2795230448246002,8.91421127319336,-3.326416015625,-2.471923828125,-3.0517578125
16.332499900000002,1.149815320968628,-0.2795230448246002,8.91421127319336,-3.326416015625,-2.471923828125,-3.0517578125
16.3374999,0.9750386476516724,-0.2064998894929886,8.431779861450195,4.425048828125,2.44140625,1.77001953125
16.3424999,1.158793568611145,-0.21308395266532898,8.671798706054688,-2.44140625,-1.373291015625,-0.06103515625
16.3474999,1.0414776802062988,-0.3076549172401428,8.501212120056152,-1.15966796875,-0.30517578125,-2.288818359375
16.3524999,1.0995371341705322,-0.14664486050605774,8.554482460021973,3.2958984375,2.197265625,2.9296875
16.3574999,1.1665748357772827,-0.2687491476535797,8.866327285766602,-3.143310546875,-3.0517578125,-3.60107421875
16.3624999,1.058835744857788,-0.2693476974964142,8.531737327575684,1.8310546875,1.739501953125,0.91552734375
16.367499900000002,1.1917139291763306,-0.07003039866685867,8.814253807067871,-0.518798828125,0.335693359375,1.708984375
16.3724999,1.1426327228546143,-0.19931729137897491,8.79809284210205,-0.42724609375,-2.716064453125,-4.0283203125
16.3774999,1.0995371341705322,-0.04728548228740692,8.7083101272583,2.532958984375,2.197265625,2.960205078125
16.3824999,1.0109516382217407,-0.05446808785200119,8.74721622467041,4.39453125,1.46484375,1.5869140625
16.3874999,1.1605892181396484,-0.08978256583213806,9.102156639099121,-1.617431640625,-2.227783203125,-0.79345703125
16.3924999,1.0307037830352783,-0.22385786473751068,8.950124740600586,-1.220703125,0.42724609375,-1.5869140625
16.3974999,1.0863690376281738,-0.08259996026754379,8.945934295654297,3.143310546875,1.800537109375,2.86865234375
16.4024999,1.1540051698684692,-0.2172738015651703,9.170391082763672,-2.471923828125,-3.47900390625,-3.326416015625
16.4074999,1.062427043914795,-0.22026655077934265,8.711901664733887,1.708984375,2.471923828125,1.03759765625
16.4124999,1.183334231376648,-0.02454056777060032,8.863933563232422,-0.274658203125,0.79345703125,1.953125
16.4174999,1.1605892181396484,-0.21607670187950134,8.78312873840332,-1.190185546875,-3.326416015625,-4.241943359375
16.422499900000002,1.0821791887283325,-0.04489128291606903,8.576030731201172,2.99072265625,2.532958984375,2.685546875
16.4274999,1.191115379333496,-0.23523031175136566,8.71609115600586,-4.39453125,-1.190185546875,-2.197265625
16.4324999,1.0007762908935547,-0.23104046285152435,8.273163795471191,4.21142578125,1.251220703125,0.67138671875
16.4374999,1.1450269222259521,-0.23523031175136566,8.576628684997559,-0.8544921875,-0.946044921875,0.54931640625
16.4424999,1.0396820306777954,-0.353743314743042,8.632294654846191,-2.532958984375,-0.244140625,-1.861572265625
16.4474999,1.0384849309921265,-0.15682020783424377,8.667010307312012,3.662109375,2.25830078125,2.74658203125
16.4524999,1.1073182821273804,-0.22086510062217712,9.190143585205078,-2.8076171875,-2.9296875,-2.227783203125
16.457499900000002,1.1510124206542969,-0.12868833541870117,8.959102630615234,0.42724609375,1.64794921875,-0.518798828125
16.4624999,1.146224021911621,0.030526071786880493,9.051877975463867,1.373291015625,1.678466796875,2.62451171875
16.4674999,1.278503656387329,-0.06524199992418289,9.046490669250488,-2.0751953125,-3.631591796875,-3.753662109375
16.4724999,1.0678139925003052,-0.07422025501728058,8.652046203613281,2.593994140625,2.5634765625,1.8310546875
16.4774999,1.0480618476867676,-0.18076223134994507,8.404845237731934,2.838134765625,2.01416015625,2.685546875
16.4824999,1.0480618476867676,-0.18076223134994507,8.404845237731934,2.838134765625,2.01416015625,2.685546875
16.4874999,1.072602391242981,-0.30047231912612915,8.652046203613281,-4.5166015625,-0.946044921875,-1.0986328125
16.492499900000002,1.1216834783554077,-0.2106897532939911,8.433575630187988,2.86865234375,0.091552734375,-1.5869140625
16.4974999,1.0971429347991943,-0.17717093229293823,8.510788917541504,1.3427734375,0.6103515625,2.044677734375
16.5024999,1.2665326595306396,-0.16579847037792206,8.768165588378906,-4.08935546875,-1.28173828125,-2.3193359375
16.5074999,1.0295066833496094,-0.11192893236875534,8.49522590637207,4.33349609375,1.77001953125,1.15966796875
16.5124999,1.1647791862487793,-0.13826514780521393,8.820239067077637,-1.434326171875,-1.5869140625,0.152587890625
16.5174999,1.004966139793396,-0.32381579279899597,8.723274230957031,-2.410888671875,0.091552734375,-2.0751953125
16.5224999,1.035492181777954,-0.15981295704841614,8.51258373260498,4.0283203125,2.197265625,2.38037109375
16.5274999,1.0821791887283325,-0.28550854325294495,8.844181060791016,-2.410888671875,-2.960205078125,-2.471923828125
16.5324999,1.1390414237976074,-0.19931729137897491,8.596381187438965,0.48828125,1.312255859375,-0.48828125
16.5374999,1.2653355598449707,-0.09636662155389786,8.841188430786133,-2.105712890625,-3.7841796875,-3.5400390625
16.5424999,1.0720038414001465,-0.12030863761901855,8.513182640075684,2.50244140625,2.13623046875,1.52587890625
16.547499900000002,1.1881226301193237,-0.07422025501728058,8.678980827331543,-1.40380859375,0.457763671875,1.495361328125
16.5524999,1.091755986213684,-0.25258827209472656,8.655038833618164,-0.518798828125,-2.5634765625,-3.753662109375
16.5574999,1.0450690984725952,-0.1711854189634323,8.485649108886719,2.960205078125,2.349853515625,2.349853515625
16.5624999,1.0516531467437744,-0.14484919607639313,8.795100212097168,2.044677734375,-0.67138671875,-1.89208984375
16.5674999,1.0660183429718018,-0.06524199992418289,8.767566680908203,1.5869140625,1.251220703125,2.74658203125
16.5724999,1.1941081285476685,-0.11552023142576218,9.080010414123535,-4.547119140625,-1.434326171875,-1.52587890625
16.5774999,1.0522516965866089,-0.1909375786781311,8.649053573608398,3.5400390625,1.129150390625,0.396728515625
16.582499900000002,1.1857284307479858,-0.16340427100658417,8.921394348144531,-0.152587890625,-0.79345703125,1.251220703125
16.5874999,1.1671733856201172,-0.3292027413845062,8.89146614074707,-2.899169921875,-0.946044921875,-1.922607421875
16.5924999,1.0426748991012573,-0.1735796183347702,8.620922088623047,3.7841796875,2.50244140625,2.777099609375
16.5974999,1.182137131690979,-0.13048399984836578,8.982446670532227,-1.922607421875,-1.739501953125,-0.396728515625
16.6024999,1.0079588890075684,-0.24241292476654053,8.815450668334961,-0.91552734375,-0.18310546875,-2.25830078125
16.6074999,1.081580638885498,-0.04967968538403511,8.705317497253418,1.708984375,2.74658203125,2.50244140625
16.6124999,1.20368492603302,-0.18375498056411743,8.911218643188477,-7.99560546875,0.396728515625,-1.739501953125
16.617499900000002,1.347337007522583,-0.4794389009475708,8.258798599243164,-3.692626953125,8.697509765625,1.220703125
16.6224999,1.824381709098816,-0.6494272351264954,7.716512203216553,-5.18798828125,17.181396484375,5.615234375
16.6274999,2.559401512145996,-1.8315643072128296,6.410475254058838,-14.373779296875,29.78515625,-5.340576171875
16.6324999,3.5416228771209717,-3.222595453262329,5.170278549194336,-45.166015625,66.192626953125,22.27783203125
16.6374999,4.699818134307861,-6.071695327758789,4.794388771057129,-35.09521484375,113.494873046875,93.658447265625
16.6424999,4.327519416809082,-9.552266120910645,4.355052947998047,162.53662109375,-78.857421875,412.261962890625
16.6474999,2.275090217590332,-8.941744804382324,4.185064792633057,142.27294921875,-104.8583984375,340.9423828125
16.6524999,-3.445854902267456,0.19812019169330597,2.52109432220459,-17.242431640625,-163.665771484375,207.183837890625
16.6574999,-3.5021185874938965,3.116053581237793,2.473210334777832,-38.543701171875,-123.870849609375,142.76123046875
16.6624999,-2.9735984802246094,5.546766757965088,2.4863784313201904,-49.01123046875,-55.999755859375,65.91796875
16.6674999,-1.824381709098816,7.753622055053711,3.6116533279418945,-40.924072265625,23.162841796875,-16.204833984375
16.672499900000002,-0.5596446394920349,9.583989143371582,4.513668537139893,-21.484375,91.156005859375,-92.803955078125
16.6774999,0.9498994946479797,10.818799018859863,6.051344871520996,-6.805419921875,103.179931640625,-147.369384765625
16.6824999,2.070984363555908,11.666346549987793,7.317877292633057,-12.237548828125,73.1201171875,-168.45703125
16.6874999,2.9071593284606934,11.2467622756958,8.472481727600098,-23.193359375,43.060302734375,-165.4052734375
16.6924999,3.1280245780944824,10.180145263671875,8.897452354431152,-30.181884765625,29.84619140625,-141.998291015625
16.6974999,3.0777463912963867,8.254010200500488,9.564237594604492,-24.84130859375,34.027099609375,-112.945556640625
16.7024999,2.7916390895843506,6.051943302154541,9.571419715881348,-27.52685546875,33.0810546875,-81.573486328125
16.707499900000002,2.563591480255127,1.8046295642852783,10.013748168945312,-17.852783203125,-0.54931640625,-28.289794921875
16.7124999,2.655169725418091,0.10354922711849213,10.378864288330078,-4.425048828125,-9.1552734375,-11.53564453125
16.7174999,2.7479450702667236,-1.3108254671096802,10.458471298217773,-1.983642578125,-18.73779296875,6.34765625
16.7224999,2.8455088138580322,-2.3535003662109375,10.491392135620117,-7.080078125,-22.88818359375,24.871826171875
16.7274999,2.83174204826355,-2.9029695987701416,10.237008094787598,-5.218505859375,-20.5078125,39.306640625
16.7324999,2.7048494815826416,-3.0843303203582764,9.899425506591797,-2.0751953125,-18.341064453125,45.013427734375
16.7374999,2.427121877670288,-2.9700071811676025,9.53849983215332,2.960205078125,-19.256591796875,41.656494140625
16.742499900000002,2.052429437637329,-2.6671407222747803,9.237428665161133,8.4228515625,-13.73291015625,35.09521484375
16.7474999,1.6585832834243774,-2.2870612144470215,8.943540573120117,13.519287109375,-4.82177734375,25.45166015625
16.7524999,1.3078327178955078,-1.820790410041809,9.020753860473633,14.70947265625,3.84521484375,12.20703125
16.7574999,1.0528502464294434,-1.2994530200958252,9.135675430297852,3.23486328125,20.477294921875,-0.518798828125
16.7624999,0.812831461429596,-0.7547720670700073,9.41639518737793,-1.220703125,23.74267578125,-16.17431640625
16.7674999,0.5404910445213318,0.19931729137897491,9.891644477844238,-1.77001953125,22.125244140625,-21.97265625
16.7724999,0.5524620413780212,0.46507367491722107,10.016142845153809,-3.47900390625,12.87841796875,-12.237548828125
16.7774999,0.6572083830833435,0.5494692921638489,10.103530883789062,-0.518798828125,-1.03759765625,-1.64794921875
16.7824999,0.849941611289978,0.4926069974899292,10.113107681274414,2.777099609375,-9.613037109375,7.598876953125
16.7874999,1.0199298858642578,0.31543606519699097,10.052056312561035,1.15966796875,-14.434814453125,10.7421875
16.7924999,1.1755530834197998,0.11312603205442429,9.892841339111328,0.732421875,-9.33837890625,7.110595703125
16.797499900000002,1.2934675216674805,-0.09516951441764832,9.744999885559082,-0.640869140625,-2.99072265625,-0.274658203125
16.8024999,1.4281413555145264,-0.3411737382411957,9.605537414550781,-0.30517578125,6.072998046875,-3.11279296875
16.8074999,1.3886369466781616,-0.4189853072166443,9.664793968200684,0,0.885009765625,-0.579833984375
16.8124999,1.3072341680526733,-0.36332011222839355,9.738415718078613,1.556396484375,-1.495361328125,1.52587890625
16.8174999,1.2306196689605713,-0.3082534670829773,9.758766174316406,0.701904296875,-3.7841796875,-0.091552734375
16.8224999,1.1797429323196411,-0.20530278980731964,9.731232643127441,-0.274658203125,-0.274658203125,-2.3193359375
16.8274999,1.1881226301193237,-0.11911153793334961,9.693524360656738,-1.373291015625,2.8076171875,-2.838134765625
16.832499900000002,1.1971008777618408,-0.04728548228740692,9.685144424438477,-1.861572265625,4.94384765625,-1.77001953125
16.8374999,1.2090718746185303,-0.06584054976701736,9.716269493103027,-0.06103515625,0.640869140625,0.9765625
16.8424999,1.1869255304336548,-0.14065934717655182,9.800065994262695,1.5869140625,-3.509521484375,2.899169921875
16.8474999,1.2042834758758545,-0.21308395266532898,9.827000617980957,2.044677734375,-5.828857421875,3.204345703125
16.8524999,1.2234370708465576,-0.24121582508087158,9.771934509277344,0.18310546875,-1.8310546875,-1.3427734375
16.8574999,1.2485761642456055,-0.19273324310779572,9.723451614379883,-1.861572265625,3.84521484375,-4.7607421875
16.8624999,1.2413935661315918,-0.0975637212395668,9.624691009521484,-2.197265625,7.6904296875,-4.241943359375
16.867499900000002,1.260547161102295,-0.08738835901021957,9.715071678161621,-0.640869140625,3.204345703125,-0.91552734375
16.8724999,1.2006921768188477,-0.11432313174009323,9.742605209350586,2.13623046875,-4.21142578125,3.41796875
16.8774999,1.2192472219467163,-0.1867477297782898,9.846753120422363,2.105712890625,-7.598876953125,2.99072265625
16.8824999,1.2072762250900269,-0.20350714027881622,9.770736694335938,-0.335693359375,-0.79345703125,-1.861572265625
16.8874999,1.259350061416626,-0.12210428714752197,9.692327499389648,-1.495361328125,7.080078125,-1.312255859375
16.8924999,1.2527660131454468,-0.09516951441764832,9.743204116821289,1.617431640625,-1.52587890625,2.25830078125
16.8974999,1.2761094570159912,-0.13108254969120026,9.808445930480957,2.86865234375,-8.23974609375,2.532958984375
16.9024999,1.2629413604736328,-0.14784196019172668,9.739612579345703,-0.396728515625,-2.716064453125,-2.044677734375
16.9074999,1.2737152576446533,-0.16879121959209442,9.727641105651855,-3.23486328125,7.38525390625,-3.84521484375
16.9124999,1.2886791229248047,-0.15143325924873352,9.739013671875,-1.068115234375,6.561279296875,-0.1220703125
16.9174999,1.1959037780761719,-0.15682020783424377,9.756970405578613,1.434326171875,0.701904296875,2.86865234375
16.922499900000002,1.184531331062317,-0.16579847037792206,9.739612579345703,3.662109375,-9.46044921875,1.800537109375
16.9274999,1.1432312726974487,-0.20231004059314728,9.752182006835938,-0.8544921875,-3.173828125,-3.509521484375
16.9324999,1.1558008193969727,-0.18555063009262085,9.699509620666504,-3.936767578125,9.33837890625,-2.5634765625
16.9374999,1.1546037197113037,-0.2017114907503128,9.749189376831055,0.030517578125,4.852294921875,2.8076171875
16.9424999,1.1546037197113037,-0.2017114907503128,9.749189376831055,0.030517578125,4.852294921875,2.8076171875
16.9474999,1.215057373046875,-0.15682020783424377,9.774927139282227,4.608154296875,-8.9111328125,2.288818359375
16.9524999,1.1965023279190063,-0.14903905987739563,9.725846290588379,0.42724609375,-6.195068359375,-4.150390625
16.957499900000002,1.2527660131454468,-0.1412578970193863,9.761159896850586,-4.39453125,8.880615234375,-3.0517578125
16.9624999,1.1988965272903442,-0.152031809091568,9.73542308807373,0.885009765625,-7.720947265625,-5.523681640625
16.9674999,1.1988965272903442,-0.152031809091568,9.73542308807373,0.885009765625,-7.720947265625,-5.523681640625
16.9724999,1.22642982006073,-0.14604631066322327,9.739612579345703,-4.7607421875,9.70458984375,-3.570556640625
16.9774999,1.1959037780761719,-0.16759411990642548,9.77133560180664,-1.068115234375,8.636474609375,5.340576171875
16.9824999,1.212663173675537,-0.1430535465478897,9.72285270690918,4.974365234375,-9.735107421875,1.953125
16.9874999,1.2096704244613647,-0.15083470940589905,9.768342971801758,0.152587890625,-7.171630859375,-7.87353515625
16.992499900000002,1.2270283699035645,-0.14065934717655182,9.749189376831055,-4.730224609375,12.02392578125,-2.227783203125
16.9974999,1.204882025718689,-0.14185644686222076,9.733627319335938,0.1220703125,6.77490234375,7.537841796875
17.0024999,1.213860273361206,-0.15562310814857483,9.680954933166504,4.608154296875,-12.6953125,-0.518798828125
17.0074999,1.1994950771331787,-0.1646013706922531,9.671976089477539,-1.64794921875,-3.5400390625,-9.3994140625
17.0124999,1.2473790645599365,-0.16639702022075653,9.785101890563965,-4.08935546875,14.434814453125,1.983642578125
17.0174999,1.215057373046875,-0.1604115068912506,9.764153480529785,2.5634765625,0.457763671875,8.209228515625
17.0224999,1.2401964664459229,-0.14784196019172668,9.785101890563965,-3.41796875,4.730224609375,-7.720947265625
17.0274999,1.1905168294906616,-0.14903905987739563,9.79647445678711,-1.617431640625,13.48876953125,7.9345703125
17.0324999,1.1839327812194824,-0.13826514780521393,9.671976089477539,3.875732421875,-9.70458984375,3.448486328125
17.0374999,1.1659762859344482,-0.15921440720558167,9.664793968200684,-0.732421875,-9.429931640625,-11.474609375
17.0424999,1.2300211191177368,-0.1388636976480484,9.767744064331055,-3.0517578125,14.2822265625,0.335693359375
17.047499900000002,1.2198457717895508,-0.16340427100658417,9.770736694335938,2.01416015625,3.326416015625,10.07080078125
17.0524999,1.2180501222610474,-0.18794482946395874,9.751583099365234,1.52587890625,-15.56396484375,-7.049560546875
17.0574999,1.2731167078018188,-0.19033902883529663,9.86770248413086,-3.509521484375,4.82177734375,-7.781982421875
17.0624999,1.2234370708465576,-0.14484919607639313,9.79647445678711,0.885009765625,12.6953125,10.223388671875
17.0674999,1.1785458326339722,-0.15263035893440247,9.668983459472656,2.685546875,-12.3291015625,0.79345703125
17.0724999,1.1701661348342896,-0.11013327538967133,9.539097785949707,-3.35693359375,-5.523681640625,-12.39013671875
17.0774999,1.2072762250900269,-0.13048399984836578,9.738415718078613,-0.091552734375,15.716552734375,5.340576171875
17.082499900000002,1.215057373046875,-0.19452889263629913,9.563039779663086,-2.50244140625,-14.22119140625,-5.9814453125
17.0874999,1.3006501197814941,-0.2322375625371933,9.709685325622559,-5.279541015625,4.45556640625,-6.439208984375
17.0924999,1.2342109680175781,-0.18495208024978638,9.654618263244629,7.965087890625,11.199951171875,10.68115234375
17.0974999,1.1605892181396484,-0.1735796183347702,9.59835433959961,-2.044677734375,-13.18359375,-4.8828125
17.1024999,1.2372037172317505,-0.20231004059314728,9.678560256958008,-7.38525390625,2.44140625,-7.26318359375
17.1074999,1.2072762250900269,-0.16101007163524628,9.59476375579834,9.33837890625,12.3291015625,10.406494140625
17.1124999,1.204882025718689,-0.12449848651885986,9.625887870788574,9.613037109375,12.603759765625,10.92529296875
17.117499900000002,1.1312602758407593,-0.12629413604736328,9.62828254699707,-1.922607421875,-13.18359375,-5.67626953125
17.1224999,1.227626919746399,-0.15682020783424377,9.799467086791992,-7.87353515625,1.312255859375,-5.523681640625
17.1274999,1.1617863178253174,-0.10235211998224258,9.61451530456543,10.43701171875,12.20703125,10.986328125
17.1324999,1.1432312726974487,-0.14365209639072418,9.606734275817871,-3.47900390625,-13.519287109375,-7.476806640625
17.1374999,1.1953052282333374,-0.09935937076807022,9.596558570861816,-5.9814453125,3.509521484375,-3.326416015625
17.1424999,1.1593921184539795,-0.076015904545784,9.455301284790039,10.345458984375,9.979248046875,10.43701171875
17.1474999,1.149815320968628,-0.09935937076807022,9.4014310836792,-6.28662109375,-14.495849609375,-9.8876953125
17.152499900000002,1.1827356815338135,-0.10474632680416107,9.503783226013184,-2.777099609375,7.14111328125,0.54931640625
17.1574999,1.1552022695541382,-0.16160862147808075,9.396044731140137,9.82666015625,5.9814453125,8.36181640625
17.1624999,1.149815320968628,-0.21308395266532898,9.448118209838867,-9.246826171875,-13.885498046875,-11.29150390625
17.1674999,1.1929110288619995,-0.24361002445220947,9.535507202148438,7.110595703125,-0.30517578125,3.570556640625
17.172499900000002,1.2922704219818115,-0.2322375625371933,9.874286651611328,-11.322021484375,-10.589599609375,-10.528564453125
17.1774999,1.30543851852417,-0.19213469326496124,9.798270225524902,7.2021484375,13.7939453125,9.552001953125
17.1824999,1.2204443216323853,-0.15981295704841614,9.697115898132324,2.01416015625,-7.14111328125,-3.326416015625
17.1874999,1.2599486112594604,-0.14604631066322327,9.762357711791992,-9.246826171875,-3.5400390625,-6.103515625
17.1924999,1.1516109704971313,-0.10833762586116791,9.476848602294922,10.223388671875,11.932373046875,10.55908203125
17.1974999,1.1121066808700562,-0.12090718746185303,9.455899238586426,-4.94384765625,-12.451171875,-9.21630859375
17.2024999,1.1623848676681519,-0.11133038252592087,9.64564037322998,-2.716064453125,5.615234375,1.861572265625
17.207499900000002,1.127070426940918,-0.13706804811954498,9.480440139770508,8.85009765625,4.302978515625,5.79833984375
17.2124999,1.2192472219467163,-0.17717093229293823,9.88745403289795,-10.406494140625,-11.16943359375,-10.6201171875
17.2174999,1.2623428106307983,-0.16220717132091522,9.835979461669922,5.67626953125,12.542724609375,8.97216796875
17.2224999,1.227626919746399,-0.1885433793067932,9.786299705505371,2.227783203125,-5.950927734375,-3.47900390625
17.2274999,1.1264718770980835,-0.1711854189634323,9.624092102050781,-7.110595703125,-11.8408203125,-10.101318359375
17.2324999,1.183334231376648,-0.15921440720558167,9.71926212310791,0.885009765625,8.453369140625,5.706787109375
17.2374999,1.1336544752120972,-0.1586158573627472,9.435548782348633,5.828857421875,-0.701904296875,0.823974609375
17.242499900000002,1.2443863153457642,-0.16579847037792206,9.806650161743164,-9.765625,-6.622314453125,-7.01904296875
17.2474999,1.1791443824768066,-0.09516951441764832,9.510367393493652,8.941650390625,11.444091796875,9.6435546875
17.2524999,1.1785458326339722,-0.16400282084941864,9.572616577148438,-4.974365234375,-10.55908203125,-9.09423828125
17.2574999,1.2204443216323853,-0.1256955862045288,9.750386238098145,-1.129150390625,6.103515625,3.875732421875
17.2624999,1.1593921184539795,-0.16998831927776337,9.521739959716797,6.53076171875,1.03759765625,1.40380859375
17.2674999,1.2545616626739502,-0.18076223134994507,10.016142845153809,-9.82666015625,-7.32421875,-7.32421875
17.2724999,1.173158884048462,-0.12749123573303223,9.746794700622559,8.819580078125,10.894775390625,9.33837890625
17.277499900000002,1.1797429323196411,-0.18136078119277954,9.773730278015137,-5.096435546875,-10.345458984375,-8.819580078125
17.2824999,1.2401964664459229,-0.08619125932455063,9.647436141967773,-7.50732421875,-10.101318359375,-9.307861328125
17.2874999,1.2108675241470337,-0.10714052617549896,9.625288963317871,2.960205078125,8.209228515625,7.080078125
17.2924999,1.2210428714752197,-0.1472434103488922,9.45410442352295,2.471923828125,-3.90625,-3.448486328125
17.297499900000002,1.2042834758758545,-0.15682020783424377,9.727043151855469,-6.4697265625,-1.52587890625,-1.434326171875
17.3024999,1.158793568611145,-0.1628057211637497,9.446322441101074,9.21630859375,5.889892578125,5.279541015625
17.3074999,1.1522095203399658,-0.19871874153614044,9.691129684448242,-10.040283203125,-8.514404296875,-8.30078125
17.3124999,1.1456254720687866,-0.10295066982507706,9.416994094848633,7.843017578125,9.552001953125,8.4228515625
17.3174999,1.1546037197113037,-0.22505496442317963,9.402029991149902,-3.997802734375,-7.62939453125,-7.598876953125
17.3224999,1.2324153184890747,-0.1562216579914093,9.46727180480957,-0.335693359375,4.69970703125,4.486083984375
17.3274999,1.2761094570159912,-0.17178396880626678,9.666589736938477,-8.087158203125,-3.204345703125,-2.9296875
17.332499900000002,1.2108675241470337,-0.16579847037792206,9.439739227294922,9.521484375,6.65283203125,5.615234375
17.3374999,1.2288240194320679,-0.10953472554683685,9.70429801940918,-9.70458984375,-8.026123046875,-7.965087890625
17.3424999,1.1677719354629517,-0.06344634294509888,9.437943458557129,7.659912109375,8.85009765625,7.87353515625
17.3474999,1.1785458326339722,-0.21009120345115662,9.387664794921875,-4.486083984375,-7.171630859375,-7.781982421875
17.3524999,1.194706678390503,-0.13527239859104156,9.408015251159668,0.762939453125,5.157470703125,5.035400390625
17.3574999,1.1605892181396484,-0.3531447649002075,9.187150001525879,3.173828125,-1.708984375,-3.143310546875
17.3624999,1.2288240194320679,-0.1693897694349289,9.404424667358398,-6.378173828125,-1.434326171875,-0.701904296875
17.367499900000002,1.1725603342056274,-0.2214636504650116,9.194931983947754,8.544921875,4.57763671875,3.082275390625
17.3724999,1.2084733247756958,-0.11791443079710007,9.509170532226562,-9.8876953125,-6.866455078125,-5.79833984375
17.3774999,1.1665748357772827,-0.07481880486011505,9.239823341369629,9.58251953125,8.1787109375,6.988525390625
17.3824999,1.2551602125167847,-0.0802057534456253,9.457695007324219,-8.148193359375,-7.87353515625,-7.99560546875
17.3874999,1.2401964664459229,-0.18495208024978638,9.182960510253906,-2.5634765625,-5.43212890625,-6.77490234375
17.3924999,1.247977614402771,-0.060453593730926514,9.339780807495117,-0.30517578125,3.387451171875,4.5166015625
17.3974999,1.1881226301193237,-0.314238965511322,9.193136215209961,3.5400390625,-0.946044921875,-3.204345703125
17.402499900000002,1.2336124181747437,-0.13048399984836578,9.438541412353516,-6.072998046875,-1.77001953125,0.06103515625
17.4074999,1.1623848676681519,-0.2148796021938324,9.220070838928223,8.11767578125,3.84521484375,1.495361328125
17.4124999,1.225232720375061,-0.10953472554683685,9.512762069702148,-9.033203125,-5.645751953125,-4.119873046875
17.4174999,1.1540051698684692,-0.07781155407428741,9.239224433898926,9.09423828125,7.32421875,5.31005859375
17.422499900000002,1.2090718746185303,-0.17717093229293823,9.561842918395996,-8.880615234375,-7.50732421875,-6.988525390625
17.4274999,1.1623848676681519,-0.08738835901021957,9.2841157913208,7.965087890625,7.8125,7.049560546875
17.4324999,1.2437877655029297,-0.23942017555236816,9.359533309936523,-6.53076171875,-7.232666015625,-7.87353515625
17.4374999,1.1988965272903442,-0.11432313174009323,9.20211410522461,5.096435546875,6.34765625,6.805419921875
17.4424999,1.2814964056015015,-0.284311443567276,9.117119789123535,-2.532958984375,-4.608154296875,-7.049560546875
17.4474999,1.1965023279190063,-0.3010708689689636,9.162610054016113,1.190185546875,-1.251220703125,-4.45556640625
17.4524999,1.2144588232040405,-0.09397241473197937,9.41100788116455,-2.960205078125,-0.213623046875,2.74658203125
17.457499900000002,1.1366472244262695,-0.2669534981250763,9.263765335083008,5.157470703125,1.617431640625,-1.983642578125
17.4624999,1.1827356815338135,-0.08140286058187485,9.415796279907227,-6.622314453125,-3.23486328125,-0.06103515625
17.4674999,1.1150994300842285,-0.19393034279346466,9.14585018157959,6.988525390625,4.974365234375,1.007080078125
17.4724999,1.2180501222610474,-0.08259996026754379,9.407417297363281,-8.23974609375,-5.157470703125,-2.899169921875
17.4774999,1.1109095811843872,-0.09217676520347595,9.036913871765137,8.880615234375,6.134033203125,3.23486328125
17.4824999,1.2372037172317505,-0.19393034279346466,9.37509536743164,-9.033203125,-6.072998046875,-4.791259765625
17.4874999,1.125873327255249,-0.08499415963888168,8.974066734313965,8.544921875,6.8359375,5.218505859375
17.492499900000002,1.1875240802764893,-0.3106476664543152,9.233837127685547,-8.697509765625,-6.622314453125,-6.16455078125
17.4974999,1.137245774269104,-0.15143325924873352,8.866926193237305,8.697509765625,6.34765625,5.92041015625
17.5024999,1.2132617235183716,-0.2759317457675934,9.044096946716309,-8.148193359375,-5.43212890625,-6.988525390625
17.5074999,1.3150153160095215,-0.23582886159420013,8.903437614440918,-7.110595703125,-4.45556640625,-7.476806640625
17.5124999,1.1929110288619995,-0.17477671802043915,8.959701538085938,6.378173828125,4.33349609375,6.591796875
17.5174999,1.2773065567016602,-0.25498247146606445,8.881889343261719,-5.279541015625,-3.692626953125,-7.110595703125
17.5224999,1.1713632345199585,-0.15682020783424377,9.054272651672363,4.486083984375,3.5400390625,6.500244140625
17.527499900000002,1.2042834758758545,-0.30226796865463257,8.83939266204834,-4.669189453125,-2.50244140625,-6.65283203125
17.5324999,1.1689690351486206,-0.14903905987739563,9.077615737915039,3.84521484375,2.197265625,5.706787109375
17.5374999,1.202487826347351,-0.32022446393966675,8.898050308227539,-3.0517578125,-1.739501953125,-6.2255859375
17.5424999,1.2108675241470337,-0.10534487664699554,9.124302864074707,2.349853515625,1.28173828125,5.4931640625
17.547499900000002,1.1994950771331787,-0.26575639843940735,8.971074104309082,-1.953125,-1.007080078125,-5.92041015625
17.5524999,1.2461819648742676,-0.005985504016280174,9.083600997924805,1.434326171875,1.15966796875,4.852294921875
17.5574999,1.204882025718689,-0.20949265360832214,8.927978515625,-1.434326171875,-0.518798828125,-5.55419921875
17.5624999,1.2653355598449707,0.06584054976701736,9.10574722290039,1.15966796875,0.30517578125,4.608154296875
17.5674999,1.202487826347351,-0.19273324310779572,9.012373924255371,-0.823974609375,-0.06103515625,-5.035400390625
17.5724999,1.2497732639312744,0.06165069341659546,9.171587944030762,0.67138671875,0.274658203125,4.180908203125
17.5774999,1.1767501831054688,-0.23762452602386475,9.079411506652832,-0.396728515625,-0.30517578125,-4.8828125
17.582499900000002,1.2114660739898682,-0.002992752008140087,9.1045503616333,0.823974609375,-0.396728515625,3.753662109375
17.5874999,1.149815320968628,-0.2932897210121155,8.966883659362793,-0.18310546875,0.030517578125,-4.852294921875
17.5924999,1.183334231376648,-0.05746084079146385,8.93037223815918,0.79345703125,-0.213623046875,3.662109375
17.5974999,1.1378443241119385,-0.32680854201316833,8.816049575805664,-0.701904296875,0.030517578125,-4.669189453125
17.6024999,1.1378443241119385,-0.32680854201316833,8.816049575805664,-0.701904296875,0.030517578125,-4.669189453125
17.6074999,1.183334231376648,-0.076015904545784,8.854954719543457,0.6103515625,0.18310546875,3.875732421875
17.6124999,1.1510124206542969,-0.3477577865123749,8.792107582092285,-1.0986328125,0.152587890625,-4.669189453125
17.617499900000002,1.2006921768188477,-0.06584054976701736,8.952518463134766,1.190185546875,0.1220703125,4.058837890625
17.6224999,1.1749545335769653,-0.33518823981285095,8.881291389465332,-1.434326171875,-0.335693359375,-4.730224609375
17.6274999,1.2114660739898682,-0.04189852997660637,9.105149269104004,2.044677734375,0.3662109375,4.302978515625
17.6324999,1.184531331062317,-0.29568392038345337,8.868123054504395,-3.448486328125,-0.732421875,-6.04248046875
17.6374999,1.206079125404358,-0.1759738177061081,8.984241485595703,4.241943359375,1.129150390625,4.7607421875
17.6424999,1.1683704853057861,-0.34356793761253357,8.662819862365723,-5.096435546875,-1.220703125,-6.2255859375
17.6474999,1.1893197298049927,-0.1777694821357727,8.983643531799316,5.43212890625,1.800537109375,5.096435546875
17.652499900000002,1.18094003200531,-0.23283611238002777,8.7083101272583,-6.16455078125,-1.708984375,-6.28662109375
17.6574999,1.1857284307479858,-0.0520738884806633,8.978256225585938,6.561279296875,2.105712890625,5.31005859375
17.6624999,1.2713210582733154,-0.0454898327589035,8.889671325683594,-7.293701171875,-2.38037109375,-5.889892578125
17.6674999,1.2102689743041992,0.060453593730926514,8.972270965576172,7.781982421875,2.62451171875,5.126953125
17.672499900000002,1.3323732614517212,-0.03711012750864029,9.063849449157715,-8.48388671875,-2.50244140625,-5.4931640625
17.6774999,1.2066776752471924,0.026336219161748886,8.927379608154297,8.697509765625,2.8076171875,4.33349609375
17.6824999,1.136048674583435,-0.21128830313682556,8.751405715942383,6.28662109375,4.425048828125,-2.532958984375
17.6874999,1.136048674583435,-0.21128830313682556,8.751405715942383,6.28662109375,4.425048828125,-2.532958984375
17.6924999,1.292868971824646,-0.2017114907503128,8.926182746887207,-7.537841796875,2.50244140625,-3.90625
17.6974999,1.1504138708114624,-0.3148375153541565,8.625710487365723,4.57763671875,4.364013671875,-4.39453125
17.7024999,1.316810965538025,-0.11611878126859665,8.808866500854492,-4.730224609375,3.204345703125,-0.457763671875
17.707499900000002,1.1899182796478271,-0.32680854201316833,8.59997272491455,2.471923828125,2.044677734375,-4.302978515625
17.7124999,1.256955862045288,0.06165069341659546,8.596980094909668,-1.373291015625,3.448486328125,2.38037109375
17.7174999,1.1581950187683105,-0.228047713637352,8.46051025390625,-0.030517578125,0.457763671875,-5.035400390625
17.7224999,1.1546037197113037,0.14664486050605774,8.306682586669922,2.01416015625,3.47900390625,3.7841796875
17.7274999,1.0995371341705322,-0.2322375625371933,8.265981674194336,-5.18798828125,0.701904296875,-5.523681640625
17.7324999,1.0977414846420288,-0.09816227108240128,8.587403297424316,9.124755859375,0.946044921875,3.11279296875
17.7374999,1.2413935661315918,-0.1951274424791336,9.135076522827148,-8.087158203125,-2.288818359375,-1.89208984375
17.742499900000002,1.0809820890426636,-0.23942017555236816,8.950722694396973,7.659912109375,0.48828125,1.52587890625
17.7474999,1.1994950771331787,-0.23163901269435883,9.17697525024414,-5.615234375,-1.64794921875,0.1220703125
17.7524999,1.0684125423431396,-0.36152446269989014,8.826224327087402,4.638671875,0.396728515625,-0.885009765625
17.7574999,1.136048674583435,-0.09516951441764832,8.869319915771484,-2.44140625,-0.579833984375,1.983642578125
17.7624999,1.1139023303985596,-0.3429693877696991,8.68017864227295,0.823974609375,0.244140625,-3.23486328125
17.7674999,1.2042834758758545,-0.20290859043598175,8.744821548461914,-2.471923828125,-1.46484375,-4.57763671875
17.7724999,1.2042834758758545,-0.20290859043598175,8.744821548461914,-2.471923828125,-1.46484375,-4.57763671875
17.777499900000002,1.227626919746399,-0.0975637212395668,8.874707221984863,3.90625,1.251220703125,4.852294921875
17.7824999,1.2617442607879639,-0.12689268589019775,8.932168006896973,-5.18798828125,-1.8310546875,-5.126953125
17.7874999,1.18094003200531,-0.11192893236875534,8.874707221984863,5.828857421875,2.25830078125,4.852294921875
17.7924999,1.2282254695892334,-0.21547815203666687,9.106945037841797,-6.866455078125,-2.166748046875,-4.8828125
17.797499900000002,1.1324573755264282,-0.1256955862045288,8.819042205810547,6.53076171875,2.838134765625,3.326416015625
17.8024999,1.2521674633026123,-0.22026655077934265,9.181763648986816,-6.89697265625,-2.349853515625,-2.9296875
17.8074999,1.1019313335418701,-0.18136078119277954,8.867524147033691,5.889892578125,2.471923828125,1.129150390625
17.8124999,1.2336124181747437,-0.13048399984836578,9.100360870361328,-4.425048828125,-2.0751953125,-0.762939453125
17.8174999,1.1079168319702148,-0.27653029561042786,8.832210540771484,3.143310546875,1.922607421875,-1.739501953125
17.8224999,1.2006921768188477,-0.06584054976701736,8.762179374694824,-1.708984375,0,1.77001953125
17.8274999,1.1749545335769653,-0.3423708379268646,8.537723541259766,-0.6103515625,1.46484375,-4.486083984375
17.832499900000002,1.3557167053222656,-0.17896658182144165,9.14225959777832,-6.683349609375,1.190185546875,-7.14111328125
17.8374999,1.2892776727676392,-0.07781155407428741,8.874707221984863,5.9814453125,5.462646484375,-0.457763671875
17.8424999,1.4119805097579956,-0.19213469326496124,9.144054412841797,-6.622314453125,3.326416015625,-6.40869140625
17.8474999,1.3281834125518799,-0.16759411990642548,8.727463722229004,4.7607421875,8.056640625,-4.150390625
17.8524999,1.4933832883834839,-0.0999579206109047,8.947132110595703,-3.387451171875,5.4931640625,-5.43212890625
17.8574999,1.5089455842971802,-0.26575639843940735,8.65982723236084,1.8310546875,11.16943359375,-9.918212890625
17.8624999,1.655590534210205,-0.025737667456269264,8.76337718963623,0.67138671875,11.871337890625,-8.819580078125
17.867499900000002,1.8692729473114014,-0.17477671802043915,8.591592788696289,-2.25830078125,20.355224609375,-23.162841796875
17.8724999,2.2804770469665527,0.0933738648891449,9.006388664245605,5.035400390625,24.7802734375,-27.099609375
17.8774999,3.4398694038391113,0.6368576288223267,9.245808601379395,11.566162109375,54.26025390625,-79.52880859375
17.8824999,4.373009204864502,1.115697979927063,9.412803649902344,13.031005859375,82.550048828125,-141.387939453125
17.8874999,5.2666449546813965,2.2625205516815186,9.561842918395996,12.51220703125,122.711181640625,-207.794189453125
17.8924999,6.060921669006348,3.341108560562134,10.266336441040039,-48.52294921875,132.99560546875,-290.52734375
17.8974999,6.034585475921631,4.659116744995117,11.4664306640625,-68.90869140625,136.65771484375,-296.142578125
17.902499900000002,5.187636375427246,5.021239280700684,12.940061569213867,-15.380859375,131.683349609375,-257.2021484375
17.9074999,3.4338839054107666,4.973954200744629,14.0048828125,-17.4560546875,109.710693359375,-178.7109375
17.9124999,1.3036428689956665,4.288613796234131,14.105439186096191,-46.93603515625,81.512451171875,-171.08154296875
17.9174999,-0.7565677165985107,3.3883938789367676,13.096282958984375,-89.996337890625,58.685302734375,-201.66015625
17.922499900000002,-2.4839842319488525,2.543240785598755,11.286865234375,-110.626220703125,40.924072265625,-177.55126953125
17.9274999,-3.79840087890625,1.8860323429107666,9.317634582519531,-95.8251953125,18.5546875,-129.150390625
17.9324999,-4.751891613006592,0.900818407535553,7.618350028991699,-81.48193359375,-14.068603515625,-106.903076171875
17.9374999,-5.339069843292236,-0.8242039084434509,5.449203014373779,-112.60986328125,-85.052490234375,-52.581787109375
17.9424999,-5.0703206062316895,-1.8046295642852783,5.10383939743042,-101.409912109375,-119.049072265625,-20.355224609375
17.9474999,-4.58968448638916,-2.8778305053710938,5.19481897354126,-85.87646484375,-148.3154296875,-12.847900390625
17.9524999,-3.9013516902923584,-4.1425676345825195,6.023811340332031,-81.787109375,-160.797119140625,-4.08935546875
17.957499900000002,-2.9023709297180176,-5.617395877838135,7.545925140380859,-57.647705078125,-146.8505859375,22.918701171875
17.9624999,-1.6561890840530396,-6.894702434539795,9.00279712677002,5.4931640625,-113.76953125,42.05322265625
17.9674999,0.010773907415568829,-7.8727335929870605,10.047865867614746,60.72998046875,-103.21044921875,32.745361328125
17.9724999,1.6759412288665771,-8.052298545837402,10.195708274841309,72.052001953125,-94.970703125,32.65380859375
17.9774999,3.2106244564056396,-7.487865924835205,9.14345645904541,78.948974609375,-47.332763671875,54.168701171875
17.9824999,4.067150115966797,-6.314706802368164,7.71591329574585,114.501953125,-18.00537109375,65.12451171875
17.9874999,4.310161590576172,-5.023035049438477,6.336254596710205,139.5263671875,-19.500732421875,47.332763671875
17.992499900000002,4.006696701049805,-3.8947675228118896,5.600037574768066,127.777099609375,-36.285400390625,30.517578125
17.9974999,3.0789434909820557,-2.874837636947632,6.938994884490967,159.637451171875,-24.90234375,24.71923828125
18.0024999,2.58274507522583,-0.5476736426353455,9.404424667358398,16.17431640625,38.604736328125,10.19287109375
18.0074999,2.1290438175201416,1.2623428106307983,9.372700691223145,25.054931640625,18.49365234375,-4.119873046875
18.0124999,1.6124948263168335,3.0328550338745117,9.1662015914917,4.486083984375,9.857177734375,-13.7939453125
18.0174999,1.0115501880645752,4.235342979431152,9.100958824157715,-10.162353515625,12.02392578125,1.3427734375
18.0224999,0.5141547918319702,4.669890403747559,9.047089576721191,-1.312255859375,22.247314453125,9.46044921875
18.027499900000002,0.1801636815071106,4.291606426239014,9.166799545288086,-8.148193359375,6.256103515625,-3.204345703125
18.0324999,0.1646013706922531,3.221997022628784,9.603142738342285,-17.51708984375,-4.45556640625,4.21142578125
18.0374999,0.2519897222518921,1.999756932258606,9.927556991577148,-1.861572265625,0.152587890625,25.238037109375
18.0424999,0.45250412821769714,0.5351040959358215,10.199897766113281,3.47900390625,-15.625,19.1650390625
18.047499900000002,0.9331400990486145,-1.425148606300354,10.229825019836426,-0.67138671875,-14.892578125,27.03857421875
18.0524999,1.0648212432861328,-1.922544002532959,9.862914085388184,17.242431640625,-12.908935546875,24.5361328125
18.0574999,1.1450269222259521,-1.9578584432601929,9.630077362060547,-3.41796875,-14.5263671875,3.173828125
18.0624999,1.2874820232391357,-1.7244237661361694,9.641449928283691,-3.448486328125,-0.67138671875,5.523681640625
18.0674999,1.2773065567016602,-1.1139023303985596,9.428964614868164,10.19287109375,3.387451171875,5.584716796875
18.0724999,1.304241418838501,-0.6111199855804443,9.497200012207031,-1.28173828125,-7.9345703125,-15.167236328125
18.0774999,1.4562731981277466,-0.08319851011037827,9.674968719482422,-9.002685546875,8.72802734375,-7.26318359375
18.082499900000002,1.4269442558288574,0.32860419154167175,9.898228645324707,-7.9345703125,2.838134765625,-6.439208984375
18.0874999,1.2964602708816528,0.1909375786781311,9.858723640441895,5.9814453125,10.19287109375,14.251708984375
18.0924999,1.159990668296814,-0.031124621629714966,9.774927139282227,2.9296875,-10.589599609375,-2.655029296875
18.0974999,1.12467622756958,-0.25019407272338867,9.84256362915039,5.828857421875,11.199951171875,13.458251953125
18.1024999,1.0977414846420288,-0.24839842319488525,9.68813705444336,3.96728515625,-9.27734375,-2.471923828125
18.1074999,1.2042834758758545,-0.2172738015651703,9.849146842956543,-9.674072265625,-5.096435546875,-9.552001953125
18.1124999,1.1779472827911377,-0.15741875767707825,9.741408348083496,4.82177734375,12.6953125,12.237548828125
18.117499900000002,1.1534066200256348,-0.11791443079710007,9.601346969604492,3.90625,-9.1552734375,-2.288818359375
18.1224999,1.2832920551300049,-0.13168109953403473,9.80904483795166,-9.033203125,-5.035400390625,-9.185791015625
18.1274999,1.2653355598449707,-0.12629413604736328,9.719860076904297,5.615234375,13.336181640625,12.725830078125
18.1324999,1.1988965272903442,-0.16579847037792206,9.593565940856934,2.899169921875,-9.21630859375,-3.021240234375
18.1374999,1.3150153160095215,-0.20709845423698425,9.828198432922363,-8.85009765625,-3.84521484375,-8.026123046875
18.1424999,1.202487826347351,-0.17657238245010376,9.721057891845703,7.26318359375,13.3056640625,12.725830078125
18.1474999,1.1468225717544556,-0.19871874153614044,9.634865760803223,1.15966796875,-10.25390625,-5.645751953125
18.152499900000002,1.2449848651885986,-0.16340427100658417,9.90361499786377,-8.6669921875,-1.0986328125,-5.889892578125
18.1574999,1.170764684677124,-0.12270283699035645,9.691728591918945,-1.861572265625,-12.359619140625,-8.85009765625
18.1624999,1.2779051065444946,-0.13587094843387604,9.837775230407715,-6.65283203125,2.99072265625,-1.556396484375
18.1674999,1.1797429323196411,-0.08499415963888168,9.549273490905762,9.979248046875,9.124755859375,10.467529296875
18.172499900000002,1.227626919746399,-0.15921440720558167,9.730634689331055,-5.584716796875,-13.031005859375,-10.955810546875
18.1774999,1.2671312093734741,-0.10594342648983002,9.694122314453125,-2.838134765625,8.48388671875,4.425048828125
18.1824999,1.2114660739898682,-0.14664486050605774,9.576208114624023,9.552001953125,3.936767578125,6.16455078125
18.1874999,1.278503656387329,-0.16101007163524628,9.84376049041748,-8.880615234375,-11.29150390625,-10.711669921875
18.1924999,1.3293805122375488,-0.15023615956306458,9.856928825378418,2.62451171875,12.5732421875,10.009765625
18.1974999,1.1791443824768066,-0.15502455830574036,9.701305389404297,5.859375,-3.173828125,-0.457763671875
18.2024999,1.279700756072998,-0.14784196019172668,9.982624053955078,-9.918212890625,-6.500244140625,-6.53076171875
18.207499900000002,1.1330559253692627,-0.09457096457481384,9.645041465759277,8.056640625,12.054443359375,11.71875
18.2124999,1.1061211824417114,-0.1538274586200714,9.726444244384766,-1.03759765625,-10.406494140625,-7.904052734375
18.2174999,1.127070426940918,-0.1562216579914093,9.589376449584961,9.94873046875,6.195068359375,7.568359375
18.2224999,1.2072762250900269,-0.18076223134994507,9.830592155456543,-7.87353515625,-12.0849609375,-10.345458984375
18.2274999,1.2946646213531494,-0.1735796183347702,9.799467086791992,1.8310546875,10.162353515625,9.27734375
18.2324999,1.2228385210037231,-0.19632454216480255,9.627084732055664,5.279541015625,-3.72314453125,-1.220703125
18.2374999,1.334767460823059,-0.1975216418504715,9.950302124023438,-9.185791015625,-5.218505859375,-4.5166015625
18.242499900000002,1.2725181579589844,-0.14484919607639313,9.927556991577148,-9.613037109375,-8.270263671875,-6.988525390625
18.2474999,1.2725181579589844,-0.14484919607639313,9.927556991577148,-9.613037109375,-8.270263671875,-6.988525390625
18.2524999,1.1671733856201172,-0.07003039866685867,9.551667213439941,7.4462890625,10.772705078125,10.498046875
18.2574999,1.2677297592163086,-0.09457096457481384,9.812037467956543,-3.35693359375,4.058837890625,4.119873046875
18.2624999,1.1546037197113037,-0.13946224749088287,9.564237594604492,8.11767578125,2.166748046875,2.655029296875
18.2674999,1.3006501197814941,-0.17657238245010376,9.946710586547852,-9.46044921875,-8.1787109375,-7.049560546875
18.2724999,1.191115379333496,-0.12509703636169434,9.621698379516602,7.476806640625,10.25390625,9.94873046875
18.277499900000002,1.2246341705322266,-0.1867477297782898,9.827000617980957,-3.173828125,-9.6435546875,-8.331298828125
18.2824999,1.2773065567016602,-0.12389993667602539,9.864709854125977,-2.25830078125,4.8828125,5.0048828125
18.2874999,1.1779472827911377,-0.1711854189634323,9.59177017211914,6.805419921875,0.396728515625,0.67138671875
18.2924999,1.315613865852356,-0.1628057211637497,9.946112632751465,-8.7890625,-5.79833984375,-5.157470703125
18.297499900000002,1.1982979774475098,-0.13587094843387604,9.534908294677734,8.6669921875,9.3994140625,8.48388671875
18.3024999,1.2773065567016602,-0.17537526786327362,9.8784761428833,-6.011962890625,-9.613037109375,-8.85009765625
18.3074999,1.2425906658172607,-0.10295066982507706,9.758766174316406,1.46484375,8.544921875,7.415771484375
18.3124999,1.202487826347351,-0.14784196019172668,9.609128952026367,3.143310546875,-3.2958984375,-3.448486328125
18.3174999,1.1761516332626343,-0.16879121959209442,9.46487808227539,5.035400390625,-1.40380859375,-1.556396484375
18.3224999,1.2348095178604126,-0.15083470940589905,9.776124000549316,-8.331298828125,-9.185791015625,-7.049560546875
18.3274999,1.2348095178604126,-0.15083470940589905,9.776124000549316,-8.331298828125,-9.185791015625,-7.049560546875
18.332499900000002,1.1552022695541382,-0.10953472554683685,9.565434455871582,6.65283203125,9.765625,8.514404296875
18.3374999,1.212663173675537,-0.1693897694349289,9.775525093078613,-4.0283203125,-9.063720703125,-7.9345703125
18.3424999,1.2078747749328613,-0.10773907601833344,9.706093788146973,0.91552734375,6.4697265625,6.591796875
18.3474999,1.2653355598449707,-0.20290859043598175,9.777320861816406,-8.36181640625,-7.14111328125,-4.33349609375
18.3524999,1.2653355598449707,-0.20290859043598175,9.777320861816406,-8.36181640625,-7.14111328125,-4.33349609375
18.3574999,1.1252747774124146,-0.14484919607639313,9.416994094848633,8.453369140625,8.4228515625,6.317138671875
18.3624999,1.2108675241470337,-0.17657238245010376,9.79527759552002,-7.354736328125,-9.613037109375,-7.598876953125
18.367499900000002,1.1563993692398071,-0.0802057534456253,9.59177017211914,5.462646484375,9.124755859375,7.904052734375
18.3724999,1.246780514717102,-0.1472434103488922,9.80904483795166,-3.082275390625,-8.026123046875,-7.476806640625
18.3774999,1.2306196689605713,-0.09038111567497253,9.706692695617676,0.8544921875,5.645751953125,6.378173828125
18.3824999,1.2503718137741089,-0.1454477459192276,9.691129684448242,2.01416015625,-3.173828125,-4.94384765625
18.3874999,1.2958617210388184,-0.0867898091673851,9.769539833068848,-4.08935546875,0.335693359375,2.5634765625
18.3924999,1.1875240802764893,-0.17477671802043915,9.47146224975586,6.256103515625,2.471923828125,-0.762939453125
18.3974999,1.324592113494873,-0.16639702022075653,9.906009674072266,-7.26318359375,-4.547119140625,-1.434326171875
18.402499900000002,1.136048674583435,-0.090979665517807,9.497797966003418,7.8125,8.97216796875,5.950927734375
18.4074999,1.2192472219467163,-0.16819266974925995,9.883264541625977,-6.89697265625,-8.697509765625,-6.9580078125
18.4124999,1.149815320968628,-0.05506663769483566,9.588179588317871,5.767822265625,8.72802734375,7.26318359375
18.4174999,1.2407950162887573,-0.16101007163524628,9.800664901733398,-4.364013671875,-7.110595703125,-7.568359375
18.422499900000002,1.158793568611145,-0.12270283699035645,9.57441234588623,2.716064453125,6.378173828125,6.8359375
18.4274999,1.237802267074585,-0.21128830313682556,9.658209800720215,-1.03759765625,-4.45556640625,-6.744384765625
18.4324999,1.20368492603302,-0.09576806426048279,9.49121379852295,-0.396728515625,3.204345703125,5.584716796875
18.4374999,1.2384008169174194,-0.13108254969120026,9.48462963104248,2.105712890625,-1.556396484375,-4.974365234375
18.4424999,1.256955862045288,-0.04668693244457245,9.563039779663086,-3.143310546875,-0.457763671875,3.570556640625
18.4474999,1.1869255304336548,-0.17417816817760468,9.334992408752441,4.302978515625,1.5869140625,-2.899169921875
18.4524999,1.2599486112594604,-0.14185644686222076,9.728240013122559,-5.31005859375,-3.326416015625,1.434326171875
18.457499900000002,1.3407529592514038,-0.18614917993545532,9.956886291503906,-7.476806640625,-6.65283203125,-2.3193359375
18.4624999,1.137245774269104,-0.1364694982767105,9.363722801208496,7.32421875,6.805419921875,2.716064453125
18.4674999,1.301847219467163,-0.14484919607639313,9.901819229125977,-7.537841796875,-6.9580078125,-3.84521484375
18.4724999,1.115697979927063,-0.05147533491253853,9.320627212524414,7.4462890625,7.110595703125,3.875732421875
18.4774999,1.2372037172317505,-0.1388636976480484,9.820416450500488,-7.232666015625,-7.2021484375,-4.5166015625
18.4824999,1.1228805780410767,-0.01975216343998909,9.337985038757324,6.9580078125,6.805419921875,5.035400390625
18.4874999,1.2114660739898682,-0.1388636976480484,9.739013671875,-6.7138671875,-6.9580078125,-5.55419921875
18.492499900000002,1.1432312726974487,-0.03292027488350868,9.352949142456055,6.28662109375,6.7138671875,5.06591796875
18.4974999,1.194706678390503,-0.12090718746185303,9.70310115814209,-6.011962890625,-6.256103515625,-6.16455078125
18.5024999,1.1581950187683105,-0.0586579404771328,9.379883766174316,5.92041015625,6.2255859375,5.706787109375
18.5074999,1.2072762250900269,-0.09816227108240128,9.421183586120605,5.37109375,5.889892578125,5.859375
18.5124999,1.30543851852417,-0.20051439106464386,9.794678688049316,-5.126953125,-5.37109375,-6.591796875
18.5174999,1.2330138683319092,-0.1454477459192276,9.462483406066895,5.0048828125,5.31005859375,5.950927734375
18.5224999,1.3174095153808594,-0.2585737705230713,9.728240013122559,-5.126953125,-4.791259765625,-6.134033203125
18.527499900000002,1.194706678390503,-0.19452889263629913,9.38048267364502,5.035400390625,4.669189453125,5.9814453125
18.5324999,1.268328309059143,-0.292691171169281,9.576807022094727,-4.974365234375,-4.57763671875,-6.40869140625
18.5374999,1.1354501247406006,-0.20290859043598175,9.25059700012207,4.608154296875,4.791259765625,5.828857421875
18.5424999,1.225232720375061,-0.2783259451389313,9.458293914794922,-4.94384765625,-4.608154296875,-6.28662109375
18.547499900000002,1.106719732284546,-0.1759738177061081,9.174580574035645,5.096435546875,4.5166015625,5.7373046875
18.5524999,1.215057373046875,-0.24600422382354736,9.418190956115723,-5.096435546875,-4.180908203125,-6.04248046875
18.5574999,1.12467622756958,-0.13766659796237946,9.136872291564941,5.218505859375,4.302978515625,5.79833984375
18.5624999,1.2407950162887573,-0.16340427100658417,9.473258018493652,-5.706787109375,-4.302978515625,-5.889892578125
18.5674999,1.1779472827911377,-0.10055647045373917,9.129091262817383,5.828857421875,4.45556640625,4.974365234375
18.5724999,1.2844891548156738,-0.16400282084941864,9.601346969604492,-5.950927734375,-4.669189453125,-5.06591796875
18.5774999,1.1893197298049927,-0.11671733111143112,9.266159057617188,6.04248046875,4.33349609375,4.608154296875
18.582499900000002,1.313219666481018,-0.20111294090747833,9.701904296875,-6.134033203125,-4.669189453125,-4.913330078125
18.5874999,1.182137131690979,-0.14604631066322327,9.338583946228027,6.317138671875,4.45556640625,3.814697265625
18.5924999,1.313219666481018,-0.20709845423698425,9.725247383117676,-6.16455078125,-4.5166015625,-3.84521484375
18.5974999,1.1569979190826416,-0.1693897694349289,9.217676162719727,6.16455078125,4.302978515625,3.082275390625
18.6024999,1.3215993642807007,-0.20350714027881622,9.595361709594727,-6.134033203125,-4.180908203125,-3.0517578125
18.6074999,1.1516109704971313,-0.21966800093650818,9.095572471618652,5.79833984375,4.547119140625,1.922607421875
18.6124999,1.2946646213531494,-0.22086510062217712,9.470863342285156,-5.523681640625,-3.997802734375,-1.64794921875
18.617499900000002,1.1312602758407593,-0.2849099934101105,9.048286437988281,5.18798828125,3.936767578125,0.457763671875
18.6224999,1.1875240802764893,-0.2017114907503128,8.987833023071289,0.396728515625,0.91552734375,-3.936767578125
18.6274999,1.2575544118881226,0.023942016065120697,9.044695854187012,0.640869140625,-0.091552734375,4.180908203125
18.6324999,1.2545616626739502,-0.053270988166332245,8.920196533203125,-1.89208984375,-0.518798828125,-4.974365234375
18.6374999,1.1791443824768066,-0.030526071786880493,9.058462142944336,2.838134765625,1.068115234375,5.06591796875
18.6424999,1.0797849893569946,-0.13946224749088287,9.26915168762207,5.9814453125,3.0517578125,4.547119140625
18.6474999,1.2521674633026123,-0.20051439106464386,9.435548782348633,-6.34765625,-3.11279296875,-4.241943359375
18.652499900000002,1.1683704853057861,-0.12449848651885986,9.01476764678955,6.195068359375,3.5400390625,2.99072265625
18.6574999,1.3694833517074585,-0.12389993667602539,9.241618156433105,-5.9814453125,-3.35693359375,-2.25830078125
18.6624999,1.1749545335769653,-0.20949265360832214,8.848370552062988,5.401611328125,3.23486328125,0.762939453125
18.6674999,1.2689268589019775,-0.16160862147808075,9.107542991638184,-4.7607421875,-2.532958984375,-0.396728515625
18.672499900000002,1.1366472244262695,-0.3621230125427246,8.869918823242188,3.326416015625,2.105712890625,-1.434326171875
18.6774999,1.2449848651885986,-0.10115502029657364,9.078812599182129,-2.197265625,-1.15966796875,2.25830078125
18.6824999,1.1641805171966553,-0.322618693113327,8.862735748291016,0,0.54931640625,-3.60107421875
18.6874999,1.2539631128311157,-0.02214636653661728,9.045892715454102,1.40380859375,0.152587890625,4.058837890625
18.6924999,1.2461819648742676,-0.11671733111143112,8.981847763061523,-2.410888671875,-0.67138671875,-5.157470703125
18.6974999,1.1773487329483032,-0.010773907415568829,8.946533203125,4.0283203125,1.708984375,4.608154296875
18.7024999,1.2210428714752197,-0.0975637212395668,9.08719253540039,-4.852294921875,-2.166748046875,-5.126953125
18.707499900000002,1.128267526626587,-0.041299980133771896,8.810662269592285,6.011962890625,2.86865234375,4.2724609375
18.7124999,1.1540051698684692,-0.09696517139673233,8.769362449645996,5.889892578125,3.35693359375,2.105712890625
18.7174999,1.3096283674240112,-0.08918401598930359,9.039308547973633,-5.279541015625,-2.593994140625,-1.15966796875
18.7224999,1.1677719354629517,-0.25079262256622314,8.729259490966797,3.692626953125,2.44140625,-0.823974609375
18.7274999,1.258152961730957,-0.11013327538967133,8.916007041931152,-2.105712890625,-1.129150390625,1.52587890625
18.7324999,1.1689690351486206,-0.36332011222839355,8.700529098510742,0.213623046875,0.396728515625,-3.41796875
18.7374999,1.258152961730957,-0.0975637212395668,8.938153266906738,1.678466796875,0.518798828125,3.875732421875
18.742499900000002,1.236605167388916,-0.1867477297782898,9.019556045532227,-3.2958984375,-1.251220703125,-4.8828125
18.7474999,1.169567584991455,-0.058059390634298325,8.954314231872559,4.2724609375,1.922607421875,4.425048828125
18.7524999,1.2832920551300049,-0.07781155407428741,9.227252960205078,-5.55419921875,-2.5634765625,-4.39453125
18.7574999,1.137245774269104,-0.03531447425484657,8.808866500854492,5.767822265625,2.777099609375,3.204345703125
18.7624999,1.3024457693099976,-0.10235211998224258,9.07222843170166,-5.096435546875,-2.685546875,-2.349853515625
18.7674999,1.2431892156600952,-0.22744916379451752,8.878896713256836,-2.777099609375,-1.46484375,-4.57763671875
18.7724999,1.1965023279190063,-0.05506663769483566,8.89026927947998,4.45556640625,1.800537109375,4.2724609375
18.777499900000002,1.2922704219818115,-0.09816227108240128,9.174580574035645,-4.974365234375,-2.655029296875,-4.364013671875
18.7824999,1.1444283723831177,-0.08319851011037827,8.778340339660645,5.4931640625,2.349853515625,2.50244140625
18.7874999,1.2545616626739502,-0.1430535465478897,8.939949035644531,-4.638671875,-2.685546875,-1.5869140625
18.7924999,1.1623848676681519,-0.24779987335205078,8.614337921142578,3.570556640625,1.8310546875,-0.518798828125
18.797499900000002,1.2737152576446533,-0.08319851011037827,8.8878755569458,-1.251220703125,-1.03759765625,1.922607421875
18.8024999,1.2880805730819702,-0.14185644686222076,8.883087158203125,-0.762939453125,0.274658203125,-3.631591796875
18.8074999,1.279700756072998,-0.03711012750864029,9.055469512939453,2.838134765625,1.129150390625,3.84521484375
18.8124999,1.1540051698684692,-0.14484919607639313,8.91181755065918,5.645751953125,2.44140625,3.47900390625
18.8174999,1.2192472219467163,-0.2992752194404602,8.981847763061523,-5.31005859375,-2.38037109375,-2.716064453125
18.8224999,1.1121066808700562,-0.29568392038345337,8.588600158691406,4.45556640625,2.532958984375,0.42724609375
18.8274999,1.1121066808700562,-0.29568392038345337,8.588600158691406,4.45556640625,2.532958984375,0.42724609375
18.832499900000002,1.2521674633026123,-0.1562216579914093,8.792107582092285,-3.143310546875,-1.52587890625,0.457763671875
18.8374999,1.1863269805908203,-0.3130418658256531,8.540117263793945,0.274658203125,0.762939453125,-3.173828125
18.8424999,1.2132617235183716,-0.06883329898118973,8.937555313110352,2.62451171875,0.1220703125,3.265380859375
18.8474999,1.2587515115737915,-0.13826514780521393,9.09377670288086,-4.913330078125,-1.3427734375,-4.57763671875
18.8524999,1.22642982006073,-0.012569558806717396,9.209895133972168,5.828857421875,1.89208984375,3.23486328125
18.8574999,1.368884801864624,-0.05027823522686958,9.530119895935059,-5.767822265625,-2.25830078125,-3.448486328125
18.8624999,1.1779472827911377,-0.08499415963888168,9.041702270507812,4.69970703125,2.01416015625,0.6103515625
18.867499900000002,1.2563573122024536,-0.08379705995321274,9.029731750488281,-3.173828125,-1.739501953125,0.274658203125
18.8724999,1.2509703636169434,-0.2537853717803955,8.325836181640625,-5.79833984375,-1.129150390625,-4.57763671875
18.8774999,1.2509703636169434,-0.2537853717803955,8.325836181640625,-5.79833984375,-1.129150390625,-4.57763671875
18.8824999,1.192312479019165,-0.23523031175136566,8.453327178955078,5.43212890625,0.946044921875,-0.18310546875
18.8874999,1.2743138074874878,-0.14245499670505524,8.728660583496094,-1.983642578125,-1.190185546875,0.518798828125
18.8924999,1.1402385234832764,-0.27892449498176575,8.42699146270752,-2.50244140625,0.396728515625,-3.082275390625
18.8974999,1.139639973640442,-0.02693476900458336,8.655637741088867,5.279541015625,0.91552734375,2.593994140625
18.902499900000002,1.2192472219467163,-0.11791443079710007,8.49941635131836,-8.6669921875,-0.701904296875,-4.180908203125
18.9074999,1.1773487329483032,-0.04967968538403511,8.586804389953613,8.72802734375,1.64794921875,1.28173828125
18.9124999,1.337161660194397,-0.12030863761901855,8.654440879821777,-7.8125,-1.15966796875,-2.13623046875
18.9174999,1.1552022695541382,-0.24899697303771973,8.29710578918457,4.302978515625,1.46484375,-1.5869140625
18.922499900000002,1.0779893398284912,-0.2735375463962555,7.953537940979004,7.781982421875,2.227783203125,0.335693359375
18.9274999,1.1659762859344482,-0.47405192255973816,8.101380348205566,-9.063720703125,0.54931640625,-6.34765625
18.9324999,1.028908133506775,-0.4339490532875061,8.119336128234863,5.859375,4.547119140625,-3.5400390625
18.9374999,1.1318588256835938,-0.28311434388160706,8.364742279052734,-7.171630859375,2.044677734375,-4.425048828125
18.9424999,0.9804255962371826,-0.5237316489219666,8.29590892791748,-0.091552734375,3.875732421875,-7.87353515625
18.9474999,0.9840168952941895,-0.27054479718208313,8.38688850402832,1.708984375,4.241943359375,-2.62451171875
18.9524999,0.9630676507949829,-0.5339069962501526,8.231863975524902,-6.8359375,2.777099609375,-8.453369140625
18.957499900000002,0.9355342984199524,-0.36152446269989014,8.251616477966309,9.246826171875,4.57763671875,-2.777099609375
18.9624999,1.0199298858642578,-0.4345476031303406,8.401253700256348,-7.171630859375,2.50244140625,-4.364013671875
18.9674999,0.9600749015808105,-0.43035775423049927,8.191761016845703,4.45556640625,3.936767578125,-4.39453125
18.9724999,0.9828197956085205,-0.31124621629714966,8.395866394042969,1.46484375,1.953125,-2.655029296875
18.9774999,0.8236053586006165,-0.7236474752426147,8.131906509399414,13.97705078125,4.669189453125,-14.312744140625
18.9824999,1.1073182821273804,-0.8038532137870789,8.47667121887207,3.509521484375,7.38525390625,-29.571533203125
18.9874999,1.0923545360565186,-1.0696096420288086,8.400654792785645,13.031005859375,26.519775390625,-46.142578125
18.992499900000002,1.8614917993545532,-1.3868412971496582,8.792107582092285,8.1787109375,37.53662109375,-100.830078125
18.9974999,2.2020668983459473,-2.2840683460235596,8.926780700683594,46.875,43.39599609375,-158.02001953125
19.0024999,3.005321741104126,-2.981978178024292,9.000402450561523,10.101318359375,89.4775390625,-198.211669921875
19.0074999,3.3273417949676514,-3.861248731613159,8.758588790893555,17.578125,126.0986328125,-181.915283203125
19.0124999,3.2525229454040527,-4.426878929138184,8.00680923461914,-19.866943359375,129.150390625,-173.40087890625
19.0174999,2.8197710514068604,-4.644152641296387,7.176619529724121,28.472900390625,84.5947265625,-88.775634765625
19.0224999,2.168548107147217,-4.371213912963867,6.30213737487793,90.423583984375,16.021728515625,-15.2587890625
19.027499900000002,1.1994950771331787,-2.7880477905273438,6.135141849517822,95.03173828125,-0.42724609375,36.56005859375
19.0324999,0.314238965511322,-0.6745663285255432,6.9060750007629395,113.555908203125,-70.831298828125,105.438232421875
19.0374999,-1.1450269222259521,4.15992546081543,9.437943458557129,214.447021484375,-92.8955078125,125.244140625
19.0424999,-1.3940238952636719,5.476736545562744,10.386645317077637,259.6435546875,-84.197998046875,118.7744140625
19.047499900000002,-1.058835744857788,5.901108741760254,10.04846477508545,287.353515625,-84.442138671875,124.57275390625
19.0524999,-0.6290764808654785,5.732915878295898,9.098565101623535,248.748779296875,-100.921630859375,156.463623046875
19.0574999,0.14484919607639313,5.200206279754639,7.423222541809082,202.362060546875,-91.949462890625,182.18994140625
19.0624999,0.7643488645553589,4.639364242553711,6.209960460662842,185.85205078125,-57.952880859375,170.379638671875
19.0674999,1.2838906049728394,4.422688961029053,5.550956726074219,174.774169921875,-38.299560546875,134.521484375
19.0724999,1.5831658840179443,4.468178749084473,5.871181011199951,169.921875,-25.0244140625,94.390869140625
19.0774999,1.7106571197509766,4.632181644439697,6.457760334014893,174.774169921875,-9.94873046875,62.68310546875
19.082499900000002,1.5185223817825317,4.88836145401001,6.85100793838501,176.849365234375,6.195068359375,46.5087890625
19.0874999,1.1659762859344482,4.976348400115967,6.988076210021973,135.284423828125,2.593994140625,62.56103515625
19.0924999,0.5434837937355042,5.043984413146973,6.423643112182617,66.741943359375,-1.0986328125,81.573486328125
19.0974999,-1.1701661348342896,4.812345504760742,4.387973308563232,-119.873046875,-10.7421875,81.48193359375
19.1024999,-1.1677719354629517,4.821323871612549,4.614823818206787,-167.66357421875,-18.463134765625,92.803955078125
19.1074999,-0.8571242094039917,4.7387237548828125,4.4741644859313965,-211.181640625,-0.213623046875,93.475341796875
19.1124999,-0.5422866940498352,4.805761337280273,4.808753967285156,-246.337890625,20.660400390625,84.869384765625
19.117499900000002,-0.25917232036590576,4.657320976257324,4.627991676330566,-289.85595703125,28.3203125,75.1953125
19.1224999,-0.1454477459192276,4.446630954742432,4.424484729766846,-333.221435546875,31.6162109375,66.680908203125
19.1274999,-0.041299980133771896,4.018667697906494,4.240131378173828,-371.337890625,35.552978515625,64.14794921875
19.1324999,0.023343466222286224,3.4823663234710693,4.305971622467041,-392.852783203125,45.379638671875,56.732177734375
19.1374999,0.4842272996902466,3.0609867572784424,5.380369663238525,-411.651611328125,63.262939453125,42.694091796875
19.1424999,2.4839842319488525,1.9129672050476074,7.8314337730407715,-325.042724609375,172.66845703125,4.608154296875
19.1474999,3.6972460746765137,0.10833762586116791,10.641029357910156,58.319091796875,282.40966796875,-143.646240234375
19.152499900000002,2.4660277366638184,-5.1152119636535645,8.881291389465332,-52.703857421875,-40.52734375,-95.947265625
19.1574999,1.499967336654663,-4.641160011291504,6.742072105407715,-75.1953125,-22.3388671875,-62.347412109375
19.1624999,1.037886381149292,-4.299986362457275,5.850830554962158,-66.375732421875,11.260986328125,-15.716552734375
19.1674999,1.4053963422775269,-4.525041103363037,6.381744861602783,-21.026611328125,46.112060546875,3.0517578125
19.172499900000002,1.931522250175476,-5.060743808746338,7.841010570526123,6.805419921875,11.29150390625,-5.0048828125
19.1774999,2.456450939178467,-5.434239387512207,9.170989990234375,9.46044921875,-22.186279296875,3.2958984375
19.1824999,2.673126220703125,-5.330689907073975,9.713275909423828,27.83203125,-27.2216796875,26.580810546875
19.1874999,2.4851813316345215,-4.616020679473877,9.229048728942871,63.568115234375,-28.9306640625,33.233642578125
19.1924999,2.1350293159484863,-3.691859006881714,8.547300338745117,80.4443359375,-28.472900390625,22.125244140625
19.1974999,1.8154034614562988,-2.0488381385803223,7.446565628051758,24.200439453125,18.6767578125,23.101806640625
19.2024999,1.5682021379470825,1.0462661981582642,7.803301811218262,10.345458984375,16.082763671875,9.521484375
19.207499900000002,1.4790180921554565,2.3265655040740967,8.496423721313477,11.16943359375,6.011962890625,-7.904052734375
19.2124999,1.256955862045288,2.96162748336792,9.063849449157715,-4.241943359375,6.8359375,-6.103515625
19.2174999,1.016338586807251,2.896984100341797,9.563039779663086,-6.134033203125,12.63427734375,13.031005859375
19.2224999,0.7637503147125244,2.337339401245117,9.807847023010254,0.213623046875,3.814697265625,16.571044921875
19.2274999,0.5626373887062073,1.4389152526855469,10.04307746887207,-2.38037109375,-11.90185546875,2.105712890625
19.2324999,0.47644615173339844,0.4339490532875061,10.157401084899902,-5.06591796875,-5.828857421875,4.21142578125
19.2374999,0.4908113479614258,-0.42018240690231323,10.140641212463379,1.46484375,-1.77001953125,16.876220703125
19.242499900000002,0.5770025849342346,-0.9953893423080444,10.019135475158691,5.706787109375,-16.29638671875,11.90185546875
19.2474999,0.7433996200561523,-1.1665748357772827,9.851541519165039,-0.335693359375,-12.603759765625,-3.143310546875
19.2524999,1.0043675899505615,-1.0408791303634644,9.880271911621094,-3.997802734375,5.157470703125,-0.244140625
19.2574999,1.1085153818130493,-0.7182605266571045,9.731232643127441,2.5634765625,0.18310546875,6.40869140625
19.2624999,1.3192051649093628,-0.15143325924873352,9.637859344482422,-5.31005859375,4.150390625,-11.016845703125
19.2674999,1.3844470977783203,-0.05386953800916672,9.647436141967773,-3.082275390625,13.763427734375,2.960205078125
19.2724999,1.334767460823059,-0.03711012750864029,9.649829864501953,5.523681640625,-3.326416015625,6.683349609375
19.277499900000002,1.2731167078018188,-0.08798690885305405,9.726444244384766,1.251220703125,-8.23974609375,-6.04248046875
19.2824999,1.1204863786697388,-0.1801636815071106,9.791088104248047,2.197265625,5.79833984375,10.7421875
19.2874999,1.0594342947006226,-0.19812019169330597,9.713874816894531,4.82177734375,-12.51220703125,-0.396728515625
19.2924999,1.0660183429718018,-0.19692309200763702,9.727641105651855,-3.997802734375,-0.732421875,-9.21630859375
19.297499900000002,1.1073182821273804,-0.16819266974925995,9.782708168029785,-2.8076171875,12.451171875,6.103515625
19.3024999,1.0809820890426636,-0.15322890877723694,9.708487510681152,5.401611328125,-6.072998046875,6.89697265625
19.3074999,1.1085153818130493,-0.1412578970193863,9.767146110534668,-0.67138671875,-9.94873046875,-10.284423828125
19.3124999,1.1761516332626343,-0.14844051003456116,9.8599214553833,-5.2490234375,10.589599609375,-1.03759765625
19.3174999,1.1318588256835938,-0.1999158412218094,9.784503936767578,2.5634765625,-13.397216796875,-5.218505859375
19.3224999,1.2413935661315918,-0.24420857429504395,9.923367500305176,-5.67626953125,4.5166015625,-7.01904296875
19.3274999,1.1779472827911377,-0.1759738177061081,9.798869132995605,1.77001953125,10.589599609375,11.505126953125
19.332499900000002,1.0905588865280151,-0.21188685297966003,9.670180320739746,4.241943359375,-11.04736328125,-0.579833984375
19.3374999,1.1240776777267456,-0.16519992053508759,9.690531730651855,-5.31005859375,-2.593994140625,-11.871337890625
19.3424999,1.106719732284546,-0.15981295704841614,9.689932823181152,-0.244140625,13.092041015625,8.941650390625
19.3474999,1.0301052331924438,-0.15442600846290588,9.537900924682617,5.523681640625,-7.99560546875,5.0048828125
19.3524999,1.1300631761550903,-0.14903905987739563,9.690531730651855,-4.425048828125,-8.11767578125,-12.39013671875
19.3574999,1.170764684677124,-0.14604631066322327,9.752182006835938,-1.373291015625,13.3056640625,6.195068359375
19.3624999,1.1216834783554077,-0.11611878126859665,9.672574996948242,5.889892578125,-3.387451171875,7.598876953125
19.367499900000002,1.169567584991455,-0.16340427100658417,9.819219589233398,-4.302978515625,-10.406494140625,-12.847900390625
19.3724999,1.2042834758758545,-0.13946224749088287,9.872490882873535,-2.532958984375,12.481689453125,3.692626953125
19.3774999,1.1468225717544556,-0.17717093229293823,9.809642791748047,-4.08935546875,-11.810302734375,-12.20703125
19.3824999,1.194706678390503,-0.14006079733371735,9.835380554199219,-2.410888671875,11.71875,3.2958984375
19.3874999,1.0959458351135254,-0.13527239859104156,9.640253067016602,6.683349609375,0.091552734375,9.307861328125
19.3924999,1.136048674583435,-0.16101007163524628,9.765350341796875,-4.57763671875,-11.8408203125,-12.359619140625
19.3974999,1.183334231376648,-0.1628057211637497,9.789292335510254,-2.105712890625,11.53564453125,3.631591796875
19.402499900000002,1.0899603366851807,-0.1843535304069519,9.646238327026367,6.89697265625,-0.244140625,8.36181640625
19.4074999,1.138442873954773,-0.2106897532939911,9.767744064331055,-5.7373046875,-11.23046875,-12.39013671875
19.4124999,1.157596468925476,-0.19213469326496124,9.739013671875,-0.640869140625,11.749267578125,5.706787109375
19.4174999,1.091755986213684,-0.18794482946395874,9.617507934570312,6.4697265625,-2.197265625,6.2255859375
19.422499900000002,1.1605892181396484,-0.15981295704841614,9.797672271728516,-7.01904296875,-9.46044921875,-12.176513671875
19.4274999,1.2312182188034058,-0.16759411990642548,9.853935241699219,1.617431640625,12.63427734375,8.30078125
19.4324999,1.1432312726974487,-0.14784196019172668,9.737217903137207,5.218505859375,-5.06591796875,2.44140625
19.4374999,1.2084733247756958,-0.14484919607639313,9.859322547912598,4.547119140625,12.5732421875,10.833740234375
19.4424999,1.113303780555725,-0.15741875767707825,9.709086418151855,2.25830078125,-8.636474609375,-2.899169921875
19.4474999,1.2078747749328613,-0.17417816817760468,9.92097282409668,-7.476806640625,-1.0986328125,-6.744384765625
19.4524999,1.0743980407714844,-0.14844051003456116,9.626486778259277,7.476806640625,9.82666015625,11.65771484375
19.457499900000002,1.0833762884140015,-0.18974047899246216,9.64683723449707,-2.166748046875,-11.77978515625,-8.4228515625
19.4624999,1.1426327228546143,-0.1867477297782898,9.764153480529785,-4.486083984375,5.462646484375,-0.457763671875
19.4674999,1.0492589473724365,-0.2064998894929886,9.552266120910645,8.453369140625,4.21142578125,8.697509765625
19.4724999,1.1115081310272217,-0.21308395266532898,9.780313491821289,-6.89697265625,-11.65771484375,-11.199951171875
19.4774999,1.1743559837341309,-0.1933317929506302,9.813234329223633,0.91552734375,10.80322265625,6.89697265625
19.4824999,1.0845733880996704,-0.17178396880626678,9.627683639526367,5.55419921875,-3.60107421875,1.40380859375
19.4874999,1.2318167686462402,-0.181959331035614,9.922170639038086,-8.453369140625,-5.950927734375,-8.544921875
19.492499900000002,1.1534066200256348,-0.1538274586200714,9.656414031982422,6.7138671875,10.986328125,10.711669921875
19.4974999,1.1959037780761719,-0.1843535304069519,9.852140426635742,-5.035400390625,3.90625,-0.244140625
19.5024999,1.1959037780761719,-0.1843535304069519,9.852140426635742,-5.035400390625,3.90625,-0.244140625
19.5074999,1.1073182821273804,-0.19871874153614044,9.578003883361816,8.60595703125,4.486083984375,7.293701171875
19.5124999,1.1785458326339722,-0.20470423996448517,9.856928825378418,-7.6904296875,-10.68115234375,-10.498046875
19.5174999,1.1881226301193237,-0.1909375786781311,9.769539833068848,2.685546875,10.8642578125,8.48388671875
19.5224999,1.2108675241470337,-0.18614917993545532,9.949105262756348,-7.598876953125,-1.678466796875,-4.39453125
19.527499900000002,1.2108675241470337,-0.18614917993545532,9.949105262756348,-7.598876953125,-1.678466796875,-4.39453125
19.5324999,1.092953085899353,-0.16819266974925995,9.606734275817871,8.453369140625,8.209228515625,9.307861328125
19.5374999,1.1563993692398071,-0.1801636815071106,9.825204849243164,-5.7373046875,-10.955810546875,-9.8876953125
19.5424999,1.1953052282333374,-0.1646013706922531,9.785700798034668,0.274658203125,9.002685546875,6.34765625
19.547499900000002,1.1139023303985596,-0.1801636815071106,9.580398559570312,5.096435546875,-3.11279296875,-0.518798828125
19.5524999,1.2294225692749023,-0.19033902883529663,9.907805442810059,-8.056640625,-3.47900390625,-5.401611328125
19.5574999,1.148618221282959,-0.18614917993545532,9.829395294189453,-5.279541015625,-10.650634765625,-9.552001953125
19.5624999,1.148618221282959,-0.18614917993545532,9.829395294189453,-5.279541015625,-10.650634765625,-9.552001953125
19.5674999,1.159990668296814,-0.15322890877723694,9.805453300476074,0.30517578125,8.60595703125,6.072998046875
19.5724999,1.092953085899353,-0.15741875767707825,9.623494148254395,4.608154296875,-3.35693359375,-1.434326171875
19.5774999,1.1767501831054688,-0.16220717132091522,9.908403396606445,-7.8125,-3.0517578125,-3.90625
19.582499900000002,1.0887632369995117,-0.1472434103488922,9.520543098449707,8.392333984375,7.904052734375,8.056640625
19.5874999,1.1546037197113037,-0.16160862147808075,9.834183692932129,-6.439208984375,-10.25390625,-9.674072265625
19.5924999,1.1563993692398071,-0.1346738487482071,9.726444244384766,2.471923828125,9.521484375,7.781982421875
19.5974999,1.1432312726974487,-0.16400282084941864,9.694122314453125,2.105712890625,-5.706787109375,-4.302978515625
19.6024999,1.2120646238327026,-0.1693897694349289,9.95748519897461,-5.706787109375,0.640869140625,-0.457763671875
19.6074999,1.092953085899353,-0.18315643072128296,9.569623947143555,8.30078125,4.547119140625,4.8828125
19.6124999,1.1779472827911377,-0.20470423996448517,9.931747436523438,-8.392333984375,-8.636474609375,-8.026123046875
19.617499900000002,1.0666168928146362,-0.17477671802043915,9.595361709594727,6.04248046875,10.101318359375,9.124755859375
19.6224999,1.1264718770980835,-0.1843535304069519,9.78869342803955,-1.220703125,5.889892578125,4.7607421875
19.6274999,1.1264718770980835,-0.1843535304069519,9.78869342803955,-1.220703125,5.889892578125,4.7607421875
19.6324999,1.0947487354278564,-0.20709845423698425,9.57979965209961,5.18798828125,-1.5869140625,-1.190185546875
19.6374999,1.192312479019165,-0.21607670187950134,9.950302124023438,-7.26318359375,-3.173828125,-3.11279296875
19.6424999,1.1001356840133667,-0.15682020783424377,9.507973670959473,8.4228515625,6.622314453125,6.16455078125
19.6474999,1.182137131690979,-0.18794482946395874,9.909002304077148,-7.415771484375,-9.735107421875,-8.148193359375
19.652499900000002,1.0965443849563599,-0.12629413604736328,9.649829864501953,5.340576171875,9.857177734375,8.636474609375
19.6574999,1.1569979190826416,-0.17417816817760468,9.825204849243164,-2.44140625,-8.36181640625,-7.50732421875
19.6624999,1.1378443241119385,-0.14484919607639313,9.82759952545166,-1.0986328125,5.43212890625,5.06591796875
19.6674999,1.1294646263122559,-0.20051439106464386,9.608530044555664,4.39453125,-1.89208984375,-1.983642578125
19.672499900000002,1.2228385210037231,-0.1933317929506302,9.956886291503906,-6.744384765625,-2.25830078125,-1.40380859375
19.6774999,1.1079168319702148,-0.20051439106464386,9.476848602294922,8.209228515625,5.92041015625,4.2724609375
19.6824999,1.1228805780410767,-0.1951274424791336,9.518747329711914,5.340576171875,0.3662109375,-1.15966796875
19.6874999,1.2461819648742676,-0.1825578808784485,9.93474006652832,-7.110595703125,-3.448486328125,-1.28173828125
19.6924999,1.1025298833847046,-0.20051439106464386,9.461286544799805,7.843017578125,6.04248046875,3.509521484375
19.6974999,1.2000936269760132,-0.20889410376548767,10.005967140197754,-8.23974609375,-7.720947265625,-5.31005859375
19.7024999,1.0767922401428223,-0.13766659796237946,9.581595420837402,7.843017578125,8.941650390625,6.77490234375
19.707499900000002,1.1408370733261108,-0.1693897694349289,9.941922187805176,-6.683349609375,-9.185791015625,-7.38525390625
19.7124999,1.0869675874710083,-0.12928688526153564,9.686341285705566,4.8828125,8.4228515625,7.720947265625
19.7174999,1.182137131690979,-0.1777694821357727,9.854534149169922,-3.23486328125,-7.50732421875,-7.415771484375
19.7224999,1.1468225717544556,-0.1364694982767105,9.721057891845703,0.9765625,5.7373046875,6.378173828125
19.7274999,1.1773487329483032,-0.19812019169330597,9.747992515563965,1.0986328125,-3.90625,-5.279541015625
19.7324999,1.1851298809051514,-0.14006079733371735,9.748590469360352,-2.8076171875,1.739501953125,3.997802734375
19.7374999,1.1162965297698975,-0.1735796183347702,9.531316757202148,4.5166015625,0.213623046875,-2.44140625
19.742499900000002,1.2204443216323853,-0.18555063009262085,9.862914085388184,-5.67626953125,-2.44140625,0.701904296875
19.7474999,1.0947487354278564,-0.22744916379451752,9.434351921081543,6.927490234375,4.0283203125,0.640869140625
19.7524999,1.2659341096878052,-0.24779987335205078,10.020332336425781,-7.537841796875,-5.55419921875,-2.25830078125
19.7574999,1.0821791887283325,-0.24121582508087158,9.525331497192383,7.6904296875,6.439208984375,3.35693359375
19.7624999,1.2384008169174194,-0.2825157940387726,10.11430549621582,-7.62939453125,-7.50732421875,-4.39453125
19.7674999,1.0678139925003052,-0.13766659796237946,9.57321548461914,7.50732421875,7.843017578125,5.37109375
19.7724999,1.1420341730117798,-0.19632454216480255,10.008959770202637,-6.9580078125,-8.056640625,-6.04248046875
19.777499900000002,1.0660183429718018,-0.07541735470294952,9.55466079711914,6.317138671875,7.87353515625,6.256103515625
19.7824999,1.0893617868423462,-0.10773907601833344,9.587580680847168,4.39453125,7.080078125,6.89697265625
19.7874999,1.1988965272903442,-0.18794482946395874,9.84615421295166,-3.72314453125,-6.28662109375,-6.744384765625
19.7924999,1.1342530250549316,-0.19812019169330597,9.673172950744629,2.716064453125,5.79833984375,6.65283203125
19.797499900000002,1.2102689743041992,-0.2454056739807129,9.828198432922363,-2.0751953125,-4.94384765625,-6.500244140625
19.8024999,1.1330559253692627,-0.21607670187950134,9.690531730651855,0.946044921875,4.180908203125,6.134033203125
19.8074999,1.1755530834197998,-0.22266076505184174,9.780912399291992,-0.091552734375,-3.509521484375,-5.92041015625
19.8124999,1.138442873954773,-0.14844051003456116,9.643844604492188,-0.518798828125,2.5634765625,5.401611328125
19.8174999,1.1665748357772827,-0.1586158573627472,9.747393608093262,1.28173828125,-1.89208984375,-5.035400390625
19.8224999,1.1851298809051514,-0.10893617570400238,9.673172950744629,-1.708984375,0.946044921875,4.791259765625
19.8274999,1.1605892181396484,-0.1256955862045288,9.758167266845703,2.471923828125,-0.42724609375,-4.2724609375
19.832499900000002,1.1839327812194824,-0.11851298063993454,9.75637149810791,-2.74658203125,0.152587890625,3.814697265625
19.8374999,1.1450269222259521,-0.12988543510437012,9.709685325622559,3.204345703125,0.54931640625,-3.753662109375
19.8424999,1.1881226301193237,-0.19273324310779572,9.715071678161621,-3.997802734375,-2.349853515625,2.105712890625
19.8474999,1.0983400344848633,-0.2974795699119568,9.397241592407227,4.058837890625,2.471923828125,-2.532958984375
19.8524999,1.1761516332626343,-0.1975216418504715,9.633668899536133,-4.241943359375,-1.953125,2.13623046875
19.8574999,1.082777738571167,-0.30226796865463257,9.298480987548828,3.84521484375,2.50244140625,-2.44140625
19.8624999,1.1671733856201172,-0.1628057211637497,9.528324127197266,-3.84521484375,-2.25830078125,2.38037109375
19.867499900000002,1.095347285270691,-0.24899697303771973,9.241618156433105,3.570556640625,2.13623046875,-2.716064453125
19.8724999,1.1779472827911377,-0.11372458189725876,9.469067573547363,-3.326416015625,-1.708984375,2.44140625
19.8774999,1.194706678390503,-0.09157821536064148,9.424176216125488,-2.99072265625,-0.9765625,2.471923828125
19.8824999,1.169567584991455,-0.19572599232196808,9.256582260131836,2.3193359375,2.3193359375,-3.90625
19.8874999,1.212663173675537,-0.0867898091673851,9.475651741027832,-2.166748046875,0.30517578125,2.777099609375
19.8924999,1.1857284307479858,-0.1777694821357727,9.414599418640137,1.40380859375,1.983642578125,-4.547119140625
19.8974999,1.1881226301193237,-0.1149216815829277,9.607931137084961,-1.220703125,1.129150390625,3.387451171875
19.902499900000002,1.1540051698684692,-0.2041056901216507,9.621099472045898,0.6103515625,1.0986328125,-4.547119140625
19.9074999,1.1222820281982422,-0.16579847037792206,9.694122314453125,-0.3662109375,1.3427734375,4.364013671875
19.9124999,1.113303780555725,-0.26336219906806946,9.691728591918945,0.396728515625,-0.274658203125,-5.18798828125
19.9174999,1.0558429956436157,-0.1801636815071106,9.59057331085205,-0.06103515625,1.190185546875,4.547119140625
19.922499900000002,1.072602391242981,-0.2472013235092163,9.586981773376465,-0.518798828125,-1.068115234375,-5.462646484375
19.9274999,1.0055646896362305,-0.18914192914962769,9.430760383605957,0.762939453125,1.190185546875,5.218505859375
19.9324999,1.060032844543457,-0.2214636504650116,9.536105155944824,-1.220703125,-2.593994140625,-5.462646484375
19.9374999,1.1115081310272217,-0.272938996553421,9.5408935546875,-1.739501953125,-3.90625,-5.31005859375
19.9424999,1.0696096420288086,-0.26096799969673157,9.43494987487793,2.62451171875,1.495361328125,6.072998046875
19.9474999,1.1791443824768066,-0.2579752206802368,9.512762069702148,-2.349853515625,-3.7841796875,-5.9814453125
19.9524999,1.116895079612732,-0.19452889263629913,9.388263702392578,2.716064453125,2.532958984375,5.615234375
19.957499900000002,1.236605167388916,-0.19273324310779572,9.477447509765625,-3.265380859375,-3.692626953125,-5.9814453125
19.9624999,1.1438298225402832,-0.12449848651885986,9.28650951385498,3.84521484375,3.60107421875,5.615234375
19.9674999,1.2306196689605713,-0.13168109953403473,9.544485092163086,-4.150390625,-4.058837890625,-5.462646484375
19.9724999,1.1390414237976074,-0.07781155407428741,9.297882080078125,4.913330078125,4.21142578125,5.218505859375
19.9774999,1.1659762859344482,-0.11013327538967133,9.563039779663086,-4.791259765625,-4.21142578125,-5.462646484375
19.9824999,1.103128433227539,-0.07003039866685867,9.254786491394043,5.06591796875,4.364013671875,4.45556640625
19.9874999,1.1659762859344482,-0.18614917993545532,9.600150108337402,-5.2490234375,-4.547119140625,-4.364013671875
19.992499900000002,1.0785878896713257,-0.152031809091568,9.185953140258789,5.523681640625,4.39453125,3.631591796875
19.9974999,1.106719732284546,-0.26396074891090393,9.27034854888916,5.523681640625,4.2724609375,2.044677734375
20.0024999,1.2898762226104736,-0.3106476664543152,9.77253246307373,-5.218505859375,-3.814697265625,-1.5869140625
20.0074999,1.082777738571167,-0.345363587141037,9.15961742401123,4.791259765625,3.692626953125,0.701904296875
20.0124999,1.1875240802764893,-0.2346317619085312,9.476848602294922,-4.2724609375,-3.204345703125,0.3662109375
20.0174999,1.013944387435913,-0.3495534360408783,8.966285705566406,3.41796875,2.349853515625,-1.495361328125
20.0224999,1.1276689767837524,-0.076015904545784,9.282918930053711,-2.899169921875,-2.197265625,1.983642578125
20.027499900000002,1.1174936294555664,-0.11851298063993454,9.172784805297852,1.64794921875,1.40380859375,-3.35693359375
20.0324999,1.1641805171966553,0.06404489278793335,9.400833129882812,-0.762939453125,-0.274658203125,3.448486328125
20.0374999,1.2330138683319092,0.03292027488350868,9.662399291992188,-0.48828125,-0.06103515625,-5.126953125
20.0424999,1.1713632345199585,-0.05147533491253853,9.64803409576416,1.068115234375,1.5869140625,4.21142578125
20.047499900000002,1.191115379333496,-0.20709845423698425,9.883264541625977,-2.593994140625,-1.03759765625,-6.134033203125
20.0524999,1.1324573755264282,-0.26575639843940735,9.644442558288574,3.0517578125,4.0283203125,4.5166015625
20.0574999,1.323395013809204,-0.2388216257095337,9.548076629638672,-5.06591796875,-0.030517578125,-3.23486328125
20.0624999,1.1378443241119385,-0.28790274262428284,9.009381294250488,4.119873046875,6.04248046875,-0.457763671875
20.0674999,1.260547161102295,-0.2537853717803955,9.433155059814453,-3.96728515625,0.396728515625,-1.46484375
20.0724999,1.0809820890426636,-0.32202014327049255,8.9866361618042,2.960205078125,4.547119140625,-2.960205078125
20.0774999,1.146224021911621,-0.10594342648983002,9.168595314025879,-2.38037109375,1.953125,0.54931640625
20.082499900000002,1.0809820890426636,-0.19632454216480255,9.140463829040527,0.91552734375,2.655029296875,-4.82177734375
20.0874999,1.070208191871643,-0.02753331884741783,9.168595314025879,-0.457763671875,3.41796875,2.3193359375
20.0924999,1.080383539199829,-0.21308395266532898,9.433155059814453,-0.946044921875,0.946044921875,-6.7138671875
20.0974999,1.0121487379074097,-0.17298106849193573,9.37389850616455,1.15966796875,4.57763671875,3.23486328125
20.1024999,1.0851719379425049,-0.09157821536064148,9.26915168762207,3.814697265625,6.378173828125,2.593994140625
20.1074999,1.1815385818481445,-0.1538274586200714,9.63187313079834,-4.608154296875,-0.885009765625,-6.53076171875
20.1124999,1.113303780555725,-0.07721300423145294,9.238625526428223,4.39453125,6.256103515625,1.556396484375
20.117499900000002,1.2689268589019775,-0.24480712413787842,9.783307075500488,-5.340576171875,-1.3427734375,-4.974365234375
20.1224999,1.1103110313415527,-0.22864626348018646,9.289502143859863,4.45556640625,5.157470703125,0.42724609375
20.1274999,1.2186486721038818,-0.3405751883983612,9.838972091674805,-5.31005859375,-1.800537109375,-3.35693359375
20.1324999,1.048660397529602,-0.31842881441116333,9.299677848815918,3.997802734375,3.753662109375,-0.396728515625
20.1374999,1.12467622756958,-0.2885012924671173,9.82759952545166,-5.18798828125,-2.655029296875,-1.03759765625
20.1424999,1.12467622756958,-0.2885012924671173,9.82759952545166,-5.18798828125,-2.655029296875,-1.03759765625
20.1474999,1.0402805805206299,-0.2495955228805542,9.427168846130371,3.7841796875,1.77001953125,-0.3662109375
20.152499900000002,1.2300211191177368,-0.27892449498176575,9.761758804321289,3.7841796875,0.9765625,0.1220703125
20.1574999,1.2300211191177368,-0.27892449498176575,9.761758804321289,3.7841796875,0.9765625,0.1220703125
20.1624999,1.326986312866211,-0.2041056901216507,9.692327499389648,-3.5400390625,1.5869140625,1.77001953125
20.1674999,1.326986312866211,-0.2041056901216507,9.692327499389648,-3.5400390625,1.5869140625,1.77001953125
20.172499900000002,1.3311761617660522,-0.4291606545448303,9.720458984375,3.570556640625,6.28662109375,-6.9580078125
20.1774999,1.368884801864624,-0.19452889263629913,9.636661529541016,-2.86865234375,1.434326171875,0.274658203125
20.1824999,1.426345705986023,-0.37648820877075195,9.769539833068848,1.007080078125,4.5166015625,-8.11767578125
20.1874999,1.4544775485992432,-0.13048399984836578,9.600749015808105,-2.99072265625,2.227783203125,-3.997802734375
20.1924999,1.592742681503296,-0.2513911724090576,9.771934509277344,1.89208984375,9.979248046875,-18.61572265625
20.1974999,1.680729627609253,-0.07481880486011505,9.546280860900879,-2.44140625,9.002685546875,-17.63916015625
20.2024999,3.203441858291626,-0.0077811554074287415,9.551069259643555,-1.312255859375,14.007568359375,-58.59375
20.207499900000002,3.203441858291626,-0.0077811554074287415,9.551069259643555,-1.312255859375,14.007568359375,-58.59375
20.2124999,3.7050271034240723,-0.07122749835252762,9.528324127197266,2.471923828125,16.693115234375,-82.6416015625
20.2174999,4.248510837554932,0.04908113554120064,9.7791166305542,-1.5869140625,8.819580078125,-92.620849609375
20.2224999,4.730942726135254,0.05506663769483566,9.749788284301758,11.444091796875,21.97265625,-116.363525390625
20.2274999,5.309142112731934,0,10.244789123535156,12.0849609375,17.730712890625,-133.148193359375
20.2324999,5.74129581451416,0.090979665517807,10.268132209777832,29.266357421875,37.017822265625,-154.60205078125
20.2374999,6.191405773162842,-0.002992752008140087,10.346542358398438,13.885498046875,58.89892578125,-178.8330078125
20.242499900000002,6.117784023284912,0.6607996821403503,10.089764595031738,60.760498046875,92.28515625,-212.982177734375
20.2474999,6.117784023284912,0.6607996821403503,10.089764595031738,60.760498046875,92.28515625,-212.982177734375
20.2524999,5.281010627746582,1.4873977899551392,10.021530151367188,72.601318359375,110.321044921875,-209.991455078125
20.2574999,-1.5837644338607788,3.0603883266448975,9.835979461669922,-45.34912109375,85.052490234375,-148.13232421875
20.2624999,-3.466804027557373,3.006518840789795,9.3026704788208,-80.413818359375,60.638427734375,-90.576171875
20.2674999,-5.153519153594971,2.3792378902435303,8.562862396240234,-117.0654296875,18.402099609375,-58.258056640625
20.2724999,-6.881534099578857,1.8339585065841675,8.150461196899414,-134.735107421875,-18.829345703125,-0.091552734375
20.277499900000002,-8.328230857849121,1.0696096420288086,7.9194207191467285,-116.607666015625,-39.9169921875,22.918701171875
20.2824999,-9.406818389892578,-0.05746084079146385,7.937975883483887,-126.434326171875,-94.3603515625,45.074462890625
20.2874999,-9.790489196777344,-0.7775170207023621,7.915230751037598,-92.864990234375,-179.840087890625,65.460205078125
20.2924999,-9.17936897277832,-1.889025092124939,7.657854080200195,-97.015380859375,-225.311279296875,74.03564453125
20.297499900000002,-7.8296380043029785,-2.5534160137176514,7.434594631195068,-81.4208984375,-228.3935546875,103.82080078125
20.3024999,-5.736507415771484,-3.4757823944091797,7.984064102172852,-40.985107421875,-216.888427734375,90.8203125
20.3074999,-0.37409400939941406,-5.121796131134033,9.97484302520752,120.941162109375,-147.674560546875,79.833984375
20.3124999,2.0644004344940186,-5.547964096069336,10.573392868041992,118.988037109375,-118.255615234375,77.850341796875
20.3174999,3.6290111541748047,-5.1152119636535645,10.121487617492676,141.90673828125,-46.173095703125,75.347900390625
20.3224999,3.3429040908813477,1.2617442607879639,7.77756404876709,-22.125244140625,-33.935546875,-0.06103515625
20.3274999,3.558382272720337,1.3389573097229004,9.367314338684082,-0.823974609375,-22.918701171875,-18.61572265625
20.332499900000002,3.6343982219696045,0.8846575021743774,10.012551307678223,20.56884765625,-3.60107421875,-14.739990234375
20.3374999,3.928286552429199,-0.05506663769483566,10.250176429748535,-1.953125,5.615234375,-15.411376953125
20.3424999,3.7391445636749268,-0.767341673374176,9.617507934570312,4.2724609375,27.801513671875,4.669189453125
20.3474999,3.1070752143859863,-1.0666168928146362,8.901042938232422,-0.3662109375,45.562744140625,4.7607421875
20.3524999,2.4678235054016113,-0.8804676532745361,9.083600997924805,5.157470703125,33.26416015625,-10.040283203125
20.3574999,1.8213889598846436,-0.3669114112854004,9.465476036071777,-2.5634765625,26.85546875,1.007080078125
20.3624999,1.0558429956436157,-0.13287819921970367,9.559449195861816,6.16455078125,29.266357421875,1.953125
20.367499900000002,0.5500678420066833,0.10953472554683685,10.159794807434082,-6.317138671875,13.18359375,4.08935546875
20.3724999,0.008978256024420261,0.19931729137897491,9.877877235412598,6.561279296875,11.566162109375,8.9111328125
20.3774999,-0.11552023142576218,0.16819266974925995,10.449493408203125,-4.82177734375,-7.720947265625,1.0986328125
20.3824999,-0.23044191300868988,0.14185644686222076,10.016741752624512,6.04248046875,-2.471923828125,12.02392578125
20.3874999,-0.0077811554074287415,0.018555063754320145,10.23880386352539,-4.2724609375,-17.120361328125,-2.13623046875
20.3924999,0.2795230448246002,-0.023942016065120697,9.947309494018555,2.288818359375,-5.889892578125,9.918212890625
20.3974999,0.7266402244567871,-0.1735796183347702,9.988011360168457,-1.556396484375,-14.678955078125,-4.547119140625
20.402499900000002,1.6819267272949219,-0.26336219906806946,9.390657424926758,5.218505859375,-1.8310546875,0
20.4074999,1.9039889574050903,-0.228047713637352,9.793481826782227,-5.79833984375,-4.57763671875,0.518798828125
20.4124999,1.659181833267212,-0.19153612852096558,9.29069995880127,6.011962890625,5.9814453125,3.2958984375
20.4174999,1.801636815071106,-0.19033902883529663,9.956287384033203,-6.561279296875,-2.99072265625,-1.861572265625
20.422499900000002,1.4419080018997192,-0.14484919607639313,9.428366661071777,6.195068359375,7.659912109375,4.852294921875
20.4274999,1.4622586965560913,-0.19452889263629913,9.9772367477417,-5.67626953125,-4.608154296875,-4.0283203125
20.4324999,1.216254472732544,-0.08259996026754379,9.549872398376465,5.4931640625,7.293701171875,5.828857421875
20.4374999,1.236605167388916,-0.17896658182144165,9.888651847839355,-4.7607421875,-5.43212890625,-5.55419921875
20.4424999,1.1414356231689453,-0.08738835901021957,9.589376449584961,4.2724609375,6.866455078125,6.65283203125
20.4474999,1.2216414213180542,-0.15442600846290588,9.836577415466309,-3.204345703125,-5.31005859375,-5.157470703125
20.4524999,1.1965023279190063,-0.12210428714752197,9.677961349487305,2.86865234375,4.94384765625,7.01904296875
20.457499900000002,1.3024457693099976,-0.2017114907503128,9.600150108337402,0.457763671875,-1.03759765625,-3.692626953125
20.4624999,1.3838485479354858,-0.10474632680416107,9.537900924682617,-0.8544921875,0.396728515625,2.74658203125
20.4674999,1.3186066150665283,-0.12210428714752197,9.370306968688965,1.434326171875,1.068115234375,-3.509521484375
20.4724999,1.4233529567718506,-0.10534487664699554,9.570821762084961,-1.800537109375,0.213623046875,1.983642578125
20.4774999,1.2743138074874878,-0.14365209639072418,9.280524253845215,2.532958984375,1.922607421875,-2.288818359375
20.4824999,1.1755530834197998,-0.3130418658256531,9.326014518737793,3.570556640625,2.899169921875,-1.007080078125
20.4874999,1.3796586990356445,-0.22266076505184174,9.834781646728516,-3.35693359375,-2.227783203125,0.54931640625
20.492499900000002,1.1659762859344482,-0.2819172441959381,9.368511199951172,3.692626953125,3.0517578125,-0.091552734375
20.4974999,1.368884801864624,-0.19871874153614044,9.814431190490723,-3.692626953125,-3.11279296875,0.244140625
20.5024999,1.159990668296814,-0.2256535142660141,9.2841157913208,3.84521484375,2.9296875,0
20.5074999,1.367687702178955,-0.16220717132091522,9.694721221923828,-3.7841796875,-3.173828125,-0.30517578125
20.5124999,1.170764684677124,-0.18375498056411743,9.172186851501465,3.72314453125,3.021240234375,0
20.5174999,1.3832499980926514,-0.14245499670505524,9.622895240783691,-3.753662109375,-3.11279296875,-0.1220703125
20.5224999,1.193509578704834,-0.1711854189634323,9.153033256530762,3.47900390625,2.44140625,0.152587890625
20.527499900000002,1.4024035930633545,-0.13407529890537262,9.635464668273926,-3.265380859375,-3.11279296875,-0.244140625
20.5324999,1.204882025718689,-0.1759738177061081,9.175179481506348,3.41796875,2.44140625,-0.152587890625
20.5374999,1.390432596206665,-0.12868833541870117,9.610325813293457,-3.41796875,-2.9296875,0.06103515625
20.5424999,1.1839327812194824,-0.1909375786781311,9.122507095336914,3.0517578125,2.0751953125,-0.67138671875
20.547499900000002,1.3646949529647827,-0.12509703636169434,9.518148422241211,-2.777099609375,-2.685546875,0.518798828125
20.5524999,1.391629695892334,-0.08978256583213806,9.619303703308105,-1.64794921875,-1.556396484375,1.678466796875
20.5574999,1.2515689134597778,-0.1430535465478897,9.296086311340332,1.15966796875,1.251220703125,-2.410888671875
20.5624999,1.4221558570861816,-0.02454056777060032,9.660005569458008,-0.885009765625,-0.48828125,2.105712890625
20.5674999,1.3239935636520386,0.014365210197865963,9.43135929107666,0.274658203125,0.885009765625,-2.960205078125
20.5724999,1.4227544069290161,-0.004189853090792894,9.617507934570312,0.30517578125,0.152587890625,2.86865234375
20.5774999,1.3605051040649414,0.03890577703714371,9.547477722167969,-0.91552734375,-0.030517578125,-3.997802734375
20.582499900000002,1.3527239561080933,-0.08798690885305405,9.64803409576416,1.28173828125,1.0986328125,3.60107421875
20.5874999,1.3227964639663696,-0.11252748221158981,9.68694019317627,-2.25830078125,-0.579833984375,-4.5166015625
20.5924999,1.2653355598449707,-0.25019407272338867,9.638457298278809,2.5634765625,1.739501953125,4.486083984375
20.5974999,1.2623428106307983,-0.29388827085494995,9.64923095703125,-3.0517578125,-1.800537109375,-4.791259765625
20.6024999,1.280897855758667,-0.345363587141037,9.643844604492188,-3.90625,-2.410888671875,-5.401611328125
20.6074999,1.24917471408844,-0.22744916379451752,9.510966300964355,4.364013671875,2.50244140625,4.608154296875
20.6124999,1.3491326570510864,-0.18495208024978638,9.731232643127441,-4.852294921875,-2.99072265625,-4.791259765625
20.617499900000002,1.2922704219818115,-0.06524199992418289,9.415796279907227,5.096435546875,3.2958984375,4.425048828125
20.6224999,1.3964180946350098,-0.09516951441764832,9.548674583435059,-5.279541015625,-3.387451171875,-4.486083984375
20.6274999,1.2737152576446533,-0.03651157766580582,9.141061782836914,4.974365234375,3.2958984375,3.23486328125
20.6324999,1.40180504322052,-0.1646013706922531,9.459490776062012,-4.69970703125,-2.960205078125,-3.35693359375
20.6374999,1.236605167388916,-0.12210428714752197,9.091382026672363,4.425048828125,2.8076171875,2.166748046875
20.6424999,1.2114660739898682,-0.20530278980731964,9.307458877563477,3.23486328125,2.105712890625,0.396728515625
20.6474999,1.3664906024932861,-0.13527239859104156,9.941922187805176,-2.44140625,-1.953125,0.18310546875
20.652499900000002,1.3742717504501343,0.14425064623355865,9.806650161743164,-3.204345703125,-1.739501953125,-4.69970703125
20.6574999,1.2976573705673218,0.013168109580874443,9.75637149810791,3.997802734375,2.166748046875,4.241943359375
20.6624999,1.3239935636520386,-0.10115502029657364,9.876680374145508,-4.486083984375,-2.685546875,-4.791259765625
20.6674999,1.24917471408844,-0.14425064623355865,9.586383819580078,5.157470703125,2.9296875,4.241943359375
20.672499900000002,1.3646949529647827,-0.2148796021938324,9.633070945739746,-5.31005859375,-3.2958984375,-4.058837890625
20.6774999,1.2587515115737915,-0.13946224749088287,9.163806915283203,4.852294921875,3.082275390625,2.777099609375
20.6824999,1.414973258972168,-0.19153612852096558,9.32541561126709,-4.45556640625,-2.5634765625,-2.410888671875
20.6874999,1.2330138683319092,-0.21009120345115662,8.841188430786133,3.631591796875,2.288818359375,0.762939453125
20.6924999,1.3874398469924927,-0.22625206410884857,9.156025886535645,-2.3193359375,-1.15966796875,0.244140625
20.6974999,1.3221979141235352,-0.060453593730926514,9.266159057617188,3.265380859375,2.0751953125,4.058837890625
20.7024999,1.3377602100372314,-0.1322796493768692,9.430760383605957,-4.180908203125,-2.50244140625,-4.57763671875
20.707499900000002,1.2599486112594604,-0.07122749835252762,9.26795482635498,5.096435546875,2.9296875,4.180908203125
20.7124999,1.3102269172668457,-0.20769700407981873,9.429563522338867,-5.157470703125,-2.8076171875,-3.997802734375
20.7174999,1.2180501222610474,-0.10953472554683685,9.03870964050293,4.791259765625,3.021240234375,2.74658203125
20.7224999,1.3539210557937622,-0.17537526786327362,9.317634582519531,-4.241943359375,-2.25830078125,-1.983642578125
20.7274999,1.2186486721038818,-0.21787235140800476,8.8878755569458,3.021240234375,1.77001953125,0.274658203125
20.7324999,1.2186486721038818,-0.21787235140800476,8.8878755569458,3.021240234375,1.77001953125,0.274658203125
20.7374999,1.3640964031219482,-0.1628057211637497,9.1847562789917,-1.373291015625,-1.03759765625,1.03759765625
20.742499900000002,1.2749123573303223,-0.20051439106464386,8.91301441192627,-0.1220703125,0.030517578125,-2.86865234375
20.7474999,1.2934675216674805,-0.08738835901021957,9.094375610351562,4.33349609375,2.685546875,4.180908203125
20.7524999,1.2934675216674805,-0.08738835901021957,9.094375610351562,4.33349609375,2.685546875,4.180908203125
20.7574999,1.3198037147521973,-0.2190694510936737,9.358335494995117,-4.974365234375,-3.021240234375,-3.936767578125
20.7624999,1.2348095178604126,-0.14365209639072418,9.050681114196777,5.218505859375,3.204345703125,2.716064453125
20.7674999,1.3479355573654175,-0.21009120345115662,9.34037971496582,-4.638671875,-2.227783203125,-2.25830078125
20.7724999,1.2228385210037231,-0.23762452602386475,8.918999671936035,3.021240234375,1.434326171875,0.030517578125
20.777499900000002,1.368884801864624,-0.1388636976480484,9.151237487792969,-0.91552734375,-0.762939453125,1.15966796875
20.7824999,1.3275848627090454,-0.12689268589019775,8.956110000610352,-0.946044921875,-0.335693359375,-2.8076171875
20.7874999,1.3646949529647827,-0.047884032130241394,9.124900817871094,2.410888671875,1.861572265625,3.35693359375
20.7924999,1.347337007522583,-0.11312603205442429,9.185355186462402,-4.180908203125,-2.288818359375,-4.302978515625
20.797499900000002,1.2521674633026123,-0.10893617570400238,9.040505409240723,5.340576171875,2.44140625,3.47900390625
20.8024999,1.3126211166381836,-0.15801730751991272,8.970475196838379,-0.244140625,0.91552734375,3.47900390625
20.8074999,1.280897855758667,-0.3190273642539978,8.992023468017578,-2.5634765625,-1.190185546875,-4.0283203125
20.8124999,1.3084312677383423,-0.11552023142576218,8.957905769348145,4.425048828125,2.0751953125,2.716064453125
20.8174999,1.3503297567367554,-0.24779987335205078,9.276932716369629,-4.425048828125,-3.753662109375,-3.5400390625
20.8224999,1.2413935661315918,-0.13048399984836578,8.867524147033691,4.39453125,3.448486328125,3.509521484375
20.8274999,1.338358759880066,-0.17717093229293823,9.211092948913574,-4.119873046875,-1.0986328125,-1.312255859375
20.832499900000002,1.2210428714752197,-0.23403321206569672,8.804078102111816,2.44140625,0.335693359375,-2.227783203125
20.8374999,1.3215993642807007,-0.12868833541870117,9.069235801696777,0.396728515625,0.1220703125,2.197265625
20.8424999,1.303044319152832,-0.2190694510936737,9.069235801696777,-3.448486328125,-0.579833984375,-2.50244140625
20.8474999,1.290474772453308,-0.12270283699035645,8.993220329284668,4.33349609375,1.739501953125,3.326416015625
20.8524999,1.2228385210037231,-0.30466216802597046,8.523358345031738,1.64794921875,1.434326171875,-1.28173828125
20.8574999,1.3186066150665283,-0.19812019169330597,8.644265174865723,1.495361328125,0.54931640625,2.0751953125
20.8624999,1.3407529592514038,-0.2819172441959381,8.641871452331543,-3.60107421875,-1.129150390625,-2.9296875
20.867499900000002,1.2970588207244873,-0.15741875767707825,8.624512672424316,5.645751953125,2.410888671875,4.2724609375
20.8724999,1.382651448249817,-0.1933317929506302,9.031527519226074,-5.18798828125,-4.0283203125,-3.082275390625
20.8774999,1.1432312726974487,-0.15502455830574036,8.728660583496094,4.638671875,0.579833984375,1.556396484375
20.8824999,1.2425906658172607,-0.13048399984836578,9.000402450561523,-2.166748046875,-4.45556640625,-0.48828125
20.8874999,1.1288660764694214,-0.1646013706922531,8.669404029846191,-0.06103515625,-2.5634765625,-1.922607421875
20.8924999,1.215057373046875,-0.07900865375995636,8.729259490966797,2.716064453125,-1.0986328125,2.716064453125
20.8974999,1.246780514717102,-0.19572599232196808,8.67718505859375,-4.45556640625,-4.302978515625,-3.96728515625
20.902499900000002,1.3227964639663696,-0.19273324310779572,8.678382873535156,2.685546875,0.946044921875,-0.18310546875
20.9074999,1.4311341047286987,-0.04728548228740692,9.06983470916748,-0.457763671875,-0.8544921875,1.312255859375
20.9124999,1.404199242591858,-0.14065934717655182,8.933963775634766,-2.62451171875,-1.800537109375,-3.326416015625
20.9174999,1.3640964031219482,-0.033518824726343155,8.898649215698242,4.608154296875,1.40380859375,3.173828125
20.922499900000002,1.4826093912124634,-0.15023615956306458,9.035717010498047,-5.615234375,-3.2958984375,-3.204345703125
20.9274999,1.2677297592163086,-0.2106897532939911,8.603564262390137,5.2490234375,2.13623046875,1.0986328125
20.9324999,1.314416766166687,-0.22206220030784607,8.756194114685059,-3.11279296875,-1.220703125,-0.30517578125
20.9374999,1.1982979774475098,-0.3579331636428833,8.330026626586914,0.030517578125,0.3662109375,-1.983642578125
20.9424999,1.1869255304336548,-0.2172738015651703,8.490437507629395,3.0517578125,0.91552734375,3.448486328125
20.9474999,1.260547161102295,-0.375291109085083,8.670002937316895,-4.180908203125,-3.509521484375,-3.265380859375
20.9524999,1.2132617235183716,-0.23702596127986908,8.601768493652344,5.06591796875,1.64794921875,2.777099609375
20.957499900000002,1.2755109071731567,-0.14903905987739563,8.791508674621582,1.52587890625,-0.9765625,-1.03759765625
20.9624999,1.381454348564148,-0.005386953707784414,9.045293807983398,0.518798828125,0.3662109375,2.197265625
20.9674999,1.3820528984069824,-0.08738835901021957,9.07641887664795,-2.99072265625,-2.86865234375,-3.41796875
20.9724999,1.3862427473068237,0.0035913025494664907,8.923788070678711,4.241943359375,2.74658203125,2.777099609375
20.9774999,1.4526818990707397,-0.07661445438861847,9.270947456359863,-4.2724609375,-2.349853515625,-2.50244140625
20.9824999,1.3335703611373901,-0.17537526786327362,8.89445972442627,2.349853515625,1.8310546875,-0.274658203125
20.9874999,1.445499300956726,-0.11252748221158981,9.066842079162598,0.06103515625,0.67138671875,1.15966796875
20.992499900000002,1.3527239561080933,-0.28072014451026917,9.051877975463867,-2.44140625,-1.03759765625,-3.631591796875
20.9974999,1.337161660194397,-0.14604631066322327,8.927379608154297,4.2724609375,3.2958984375,2.62451171875
21.0024999,1.4431051015853882,-0.22086510062217712,9.233837127685547,-4.2724609375,-1.5869140625,-2.838134765625
21.0074999,1.259350061416626,-0.2472013235092163,8.833407402038574,3.631591796875,3.2958984375,0.91552734375
21.0124999,1.404199242591858,-0.1586158573627472,9.005789756774902,-0.579833984375,0.640869140625,1.28173828125
21.0174999,1.3832499980926514,-0.12030863761901855,9.192537307739258,-4.39453125,-2.532958984375,-3.11279296875
21.0224999,1.1976994276046753,-0.16160862147808075,8.819042205810547,3.753662109375,2.532958984375,0.885009765625
21.027499900000002,1.3581109046936035,-0.10654197633266449,9.080608367919922,-1.40380859375,-0.457763671875,0.8544921875
21.0324999,1.2563573122024536,-0.1843535304069519,8.965686798095703,-1.8310546875,-1.0986328125,-2.716064453125
21.0374999,1.2437877655029297,-0.061052143573760986,8.925583839416504,3.662109375,2.166748046875,2.8076171875
21.0424999,1.4089876413345337,-0.14185644686222076,9.257779121398926,-4.547119140625,-3.143310546875,-3.143310546875
21.047499900000002,1.2270283699035645,-0.1909375786781311,8.863933563232422,3.90625,2.471923828125,1.007080078125
21.0524999,1.3910311460494995,-0.14484919607639313,9.100360870361328,-1.220703125,-0.67138671875,0.762939453125
21.0574999,1.3006501197814941,-0.22385786473751068,8.91181755065918,-1.617431640625,-0.18310546875,-2.777099609375
21.0624999,1.2689268589019775,-0.076015904545784,8.82203483581543,4.21142578125,2.838134765625,2.655029296875
21.0674999,1.4508862495422363,-0.17657238245010376,9.130887031555176,-4.7607421875,-2.9296875,-2.86865234375
21.0724999,1.4012064933776855,-0.16400282084941864,9.024344444274902,-1.251220703125,-0.48828125,0.9765625
21.0774999,1.2892776727676392,-0.24779987335205078,8.838793754577637,-2.13623046875,-0.6103515625,-2.899169921875
21.082499900000002,1.2270283699035645,-0.10055647045373917,8.676587104797363,4.57763671875,2.5634765625,2.838134765625
21.0874999,1.4036006927490234,-0.17477671802043915,8.938153266906738,-5.218505859375,-2.899169921875,-2.593994140625
21.0924999,1.2132617235183716,-0.20709845423698425,8.55148983001709,3.631591796875,2.655029296875,0.213623046875
21.0974999,1.3970166444778442,-0.11192893236875534,8.916007041931152,-0.244140625,-0.640869140625,1.190185546875
21.1024999,1.3066356182098389,-0.1454477459192276,8.82203483581543,-3.021240234375,-1.007080078125,-2.960205078125
21.1074999,1.2701239585876465,-0.013766659423708916,8.769960403442383,5.279541015625,2.471923828125,2.655029296875
21.1124999,1.3569138050079346,-0.07182604819536209,9.011775016784668,-4.974365234375,-3.021240234375,-2.197265625
21.117499900000002,1.2180501222610474,-0.21966800093650818,8.556278228759766,2.5634765625,2.25830078125,-0.457763671875
21.1224999,1.314416766166687,-0.10534487664699554,8.799888610839844,-5.615234375,-2.166748046875,-1.434326171875
21.1274999,1.2587515115737915,-0.23283611238002777,8.490437507629395,0.3662109375,2.105712890625,-0.9765625
21.1324999,1.315613865852356,-0.16579847037792206,8.67598819732666,2.532958984375,0.274658203125,2.105712890625
21.1374999,1.314416766166687,-0.31603461503982544,8.630498886108398,-6.591796875,-1.40380859375,-2.838134765625
21.1424999,1.280897855758667,-0.20290859043598175,8.579621315002441,6.988525390625,2.471923828125,1.678466796875
21.1474999,1.323395013809204,-0.09696517139673233,8.767566680908203,-4.638671875,-2.044677734375,-0.3662109375
21.152499900000002,1.2539631128311157,-0.23163901269435883,8.434772491455078,0.030517578125,1.89208984375,-1.46484375
21.1574999,1.3024457693099976,-0.10115502029657364,8.568249702453613,4.425048828125,0.640869140625,2.3193359375
21.1624999,1.3838485479354858,-0.40521863102912903,8.577227592468262,-6.927490234375,-2.01416015625,-2.50244140625
21.1674999,1.3024457693099976,-0.34356793761253357,8.391077995300293,6.7138671875,2.593994140625,0.732421875
21.172499900000002,1.3479355573654175,-0.28969839215278625,8.480860710144043,-2.50244140625,-1.678466796875,0.67138671875
21.1774999,1.2623428106307983,-0.3429693877696991,8.009801864624023,-2.8076171875,0.885009765625,-2.197265625
21.1824999,1.3772644996643066,-0.2849099934101105,8.08043098449707,-6.65283203125,-2.593994140625,-1.556396484375
21.1874999,1.2509703636169434,-0.32022446393966675,7.955932140350342,4.791259765625,2.197265625,-0.48828125
21.1924999,1.3730746507644653,-0.22625206410884857,8.215105056762695,0.732421875,-1.312255859375,1.617431640625
21.1974999,1.3323732614517212,-0.29628247022628784,8.114547729492188,-5.4931640625,-1.03759765625,-2.62451171875
21.2024999,1.202487826347351,-0.15562310814857483,7.995436668395996,7.32421875,1.8310546875,1.77001953125
21.207499900000002,1.2635399103164673,-0.12389993667602539,8.164826393127441,-4.852294921875,-2.960205078125,-0.42724609375
21.2124999,1.1785458326339722,-0.3064578175544739,7.9643120765686035,0.518798828125,1.373291015625,-1.373291015625
21.2174999,1.2300211191177368,-0.20530278980731964,8.191162109375,3.997802734375,-0.244140625,2.227783203125
21.2224999,1.3407529592514038,-0.47465047240257263,8.356362342834473,-6.65283203125,-2.655029296875,-2.532958984375
21.2274999,1.2749123573303223,-0.3944447338581085,8.261791229248047,5.92041015625,1.617431640625,0.79345703125
21.2324999,1.3431471586227417,-0.30945056676864624,8.474875450134277,-2.105712890625,-2.44140625,1.190185546875
21.2374999,1.301847219467163,-0.24241292476654053,8.184578895568848,-2.716064453125,-0.48828125,-2.532958984375
21.242499900000002,1.4089876413345337,-0.1430535465478897,8.38449478149414,-6.561279296875,-2.777099609375,-1.40380859375
21.2474999,1.2635399103164673,-0.35494041442871094,8.13908863067627,3.23486328125,1.89208984375,-0.946044921875
21.2524999,1.3628993034362793,-0.304063618183136,8.550890922546387,2.01416015625,-0.640869140625,1.953125
21.2574999,1.3126211166381836,-0.4638765752315521,8.51138687133789,-5.79833984375,-1.190185546875,-2.685546875
21.2624999,1.245583415031433,-0.2932897210121155,8.429984092712402,7.14111328125,2.50244140625,1.0986328125
21.2674999,1.291671872138977,-0.13347674906253815,8.54909610748291,-3.265380859375,-1.89208984375,0.274658203125
21.2724999,1.2635399103164673,-0.2298433631658554,8.218097686767578,-1.46484375,1.28173828125,-2.25830078125
21.277499900000002,1.2587515115737915,0.011971008032560349,8.219294548034668,5.767822265625,1.03759765625,2.044677734375
21.2824999,1.4586673974990845,-0.20111294090747833,8.35097599029541,-7.171630859375,-2.410888671875,-1.678466796875
21.2874999,1.3287819623947144,-0.21667525172233582,8.119935035705566,4.08935546875,2.5634765625,-0.3662109375
21.2924999,1.4425065517425537,-0.1586158573627472,8.339004516601562,0.946044921875,-1.251220703125,1.8310546875
21.297499900000002,1.3706804513931274,-0.30885201692581177,8.210315704345703,-5.340576171875,-0.946044921875,-2.471923828125
21.3024999,1.4449007511138916,-0.17238251864910126,8.664615631103516,0.823974609375,-1.312255859375,1.556396484375
21.3074999,1.413776159286499,-0.26815059781074524,8.417414665222168,-5.4931640625,-0.9765625,-2.44140625
21.3124999,1.2677297592163086,-0.12629413604736328,8.052298545837402,7.568359375,2.3193359375,0.9765625
21.3174999,1.3227964639663696,-0.07422025501728058,8.079233169555664,-3.7841796875,-2.0751953125,-0.030517578125
21.3224999,1.2407950162887573,-0.2992752194404602,7.755417823791504,-1.190185546875,1.434326171875,-1.861572265625
21.3274999,1.2234370708465576,-0.090979665517807,7.936778545379639,5.55419921875,0.79345703125,2.166748046875
21.332499900000002,1.3964180946350098,-0.3429693877696991,8.236652374267578,-7.110595703125,-2.13623046875,-1.52587890625
21.3374999,1.404199242591858,-0.2298433631658554,8.464101791381836,1.220703125,-0.9765625,1.800537109375
21.3424999,1.403002142906189,-0.3076549172401428,8.357559204101562,-5.55419921875,-0.54931640625,-2.288818359375
21.3474999,1.2521674633026123,-0.2190694510936737,8.043320655822754,7.476806640625,1.983642578125,0.732421875
21.3524999,1.3407529592514038,-0.08140286058187485,8.160037994384766,-3.021240234375,-2.44140625,0.701904296875
21.3574999,1.2539631128311157,-0.25438392162323,7.891288757324219,-2.01416015625,1.190185546875,-2.13623046875
21.3624999,1.3736732006072998,-0.22266076505184174,8.101380348205566,-5.828857421875,-2.838134765625,-1.3427734375
21.367499900000002,1.3048399686813354,-0.32381579279899597,7.9451584815979,2.655029296875,2.5634765625,-1.0986328125
21.3724999,1.4317326545715332,-0.23163901269435883,8.377910614013672,3.0517578125,-0.6103515625,2.0751953125
21.3774999,1.4203602075576782,-0.4471171796321869,8.392873764038086,-6.103515625,-1.495361328125,-2.0751953125
21.3824999,1.323395013809204,-0.26336219906806946,8.286332130432129,6.195068359375,2.3193359375,0.335693359375
21.3874999,1.3503297567367554,-0.09217676520347595,8.045116424560547,-3.662109375,0.42724609375,-2.62451171875
21.3924999,1.183334231376648,-0.06883329898118973,7.902062892913818,7.171630859375,1.40380859375,1.220703125
21.3974999,1.334767460823059,-0.02274491637945175,7.939172744750977,-5.035400390625,-2.44140625,-0.06103515625
21.402499900000002,1.2018892765045166,-0.3621230125427246,7.8314337730407715,0.274658203125,2.44140625,-1.28173828125
21.4074999,1.2635399103164673,-0.2992752194404602,8.039729118347168,4.608154296875,0.3662109375,2.044677734375
21.4124999,1.3718775510787964,-0.5099649429321289,8.27735424041748,-6.77490234375,-1.678466796875,-1.89208984375
21.4174999,1.304241418838501,-0.47225627303123474,8.135497093200684,3.814697265625,2.349853515625,-0.640869140625
21.422499900000002,1.380257248878479,-0.3076549172401428,8.40185260772705,0.762939453125,-1.190185546875,1.8310546875
21.4274999,1.3946224451065063,-0.31184476613998413,8.257601737976074,-6.2255859375,-0.946044921875,-2.0751953125
21.4324999,1.2312182188034058,-0.18076223134994507,7.999626636505127,7.110595703125,2.0751953125,0.54931640625
21.4374999,1.3509283065795898,0.015562310814857483,8.075642585754395,-3.265380859375,-2.471923828125,0.54931640625
21.4424999,1.349731206893921,-0.5219359993934631,8.24084186553955,-6.744384765625,-1.64794921875,-1.983642578125
21.4474999,1.349731206893921,-0.5219359993934631,8.24084186553955,-6.744384765625,-1.64794921875,-1.983642578125
21.4524999,1.3096283674240112,-0.4429273009300232,7.996633529663086,4.302978515625,3.082275390625,-0.30517578125
21.457499900000002,1.3239935636520386,-0.28311434388160706,8.175600051879883,0.091552734375,-0.640869140625,1.617431640625
21.4624999,1.382651448249817,-0.31842881441116333,8.018181800842285,-4.94384765625,0,-2.197265625
21.4674999,1.2330138683319092,-0.15023615956306458,7.848193168640137,6.04248046875,2.197265625,0.91552734375
21.4724999,1.3634978532791138,0.010773907415568829,7.9631147384643555,-3.631591796875,-2.349853515625,0.823974609375
21.4774999,1.2874820232391357,-0.0867898091673851,7.7877397537231445,-2.288818359375,1.220703125,-2.197265625
21.4824999,1.2270283699035645,0.005985504016280174,7.7446441650390625,5.523681640625,1.220703125,1.40380859375
21.4874999,1.3449428081512451,-0.04189852997660637,7.9397711753845215,-6.561279296875,-2.44140625,-0.30517578125
21.492499900000002,1.3377602100372314,-0.29568392038345337,8.106168746948242,3.570556640625,0,2.227783203125
21.4974999,1.3760673999786377,-0.5159504413604736,8.297704696655273,-7.354736328125,-1.52587890625,-1.3427734375
21.5024999,1.3000515699386597,-0.45908817648887634,8.06546688079834,4.119873046875,2.62451171875,-0.732421875
21.5074999,1.3503297567367554,-0.30945056676864624,8.264185905456543,1.0986328125,-1.190185546875,1.617431640625
21.5124999,1.3988122940063477,-0.27413609623908997,8.110358238220215,-6.16455078125,-0.54931640625,-2.13623046875
21.5174999,1.2348095178604126,-0.13527239859104156,7.8332295417785645,6.53076171875,1.89208984375,0.3662109375
21.5224999,1.3389573097229004,0.0293289702385664,7.832630634307861,-2.38037109375,-2.166748046875,1.0986328125
21.527499900000002,1.3754688501358032,0.03890577703714371,7.724891662597656,-4.08935546875,0.762939453125,-2.044677734375
21.5324999,1.2198457717895508,0.023942016065120697,7.616554260253906,7.049560546875,1.28173828125,1.068115234375
21.5374999,1.3467384576797485,0.04489128291606903,7.6536641120910645,-5.035400390625,-2.288818359375,-0.152587890625
21.5424999,1.206079125404358,-0.3274070918560028,7.57944393157959,0.030517578125,1.28173828125,-2.227783203125
21.547499900000002,1.225232720375061,-0.23403321206569672,7.77756404876709,5.096435546875,0.701904296875,1.953125
21.5524999,1.4508862495422363,-0.25318682193756104,8.252813339233398,3.60107421875,-0.79345703125,1.708984375
21.5574999,1.4197616577148438,-0.4315548539161682,8.22228717803955,-5.462646484375,-1.678466796875,-2.044677734375
21.5624999,1.3557167053222656,-0.27892449498176575,7.9643120765686035,5.645751953125,2.655029296875,-0.457763671875
21.5674999,1.346139907836914,-0.1951274424791336,8.108562469482422,0.518798828125,-1.678466796875,1.434326171875
21.5724999,1.3994108438491821,-0.22505496442317963,7.85537576675415,-5.523681640625,-0.640869140625,-2.0751953125
21.5774999,1.2258312702178955,-0.10175357013940811,7.6530656814575195,6.28662109375,1.373291015625,0.3662109375
21.582499900000002,1.3467384576797485,0.05446808785200119,7.6548614501953125,-2.960205078125,-1.861572265625,0.946044921875
21.5874999,1.3413515090942383,0.03411737456917763,7.562684535980225,-3.082275390625,0.762939453125,-2.105712890625
21.5924999,1.1982979774475098,0.053270988166332245,7.4986395835876465,6.4697265625,1.40380859375,1.190185546875
21.5974999,1.3329718112945557,0.07182604819536209,7.600393295288086,-4.791259765625,-1.89208984375,0.030517578125
21.6024999,1.3287819623947144,-0.17956513166427612,8.041524887084961,0.48828125,-0.79345703125,1.678466796875
21.6074999,1.3754688501358032,-0.24181437492370605,7.8763251304626465,-6.195068359375,-0.3662109375,-1.64794921875
21.6124999,1.2395979166030884,-0.10654197633266449,7.560290336608887,6.134033203125,1.64794921875,0.213623046875
21.617499900000002,1.3180080652236938,-0.028131870552897453,7.683591842651367,-1.5869140625,-1.739501953125,1.15966796875
21.6224999,1.4179660081863403,-0.1173158809542656,7.638102054595947,-4.425048828125,-0.274658203125,-2.227783203125
21.6274999,1.2527660131454468,-0.05985504388809204,7.572261333465576,5.67626953125,1.800537109375,0.79345703125
21.6324999,1.2910733222961426,-0.14664486050605774,7.650073051452637,-2.3193359375,0.946044921875,-2.25830078125
21.6374999,1.2282254695892334,-0.06883329898118973,7.687182903289795,6.378173828125,0.152587890625,1.373291015625
21.6424999,1.294066071510315,-0.11911153793334961,7.780557155609131,-4.69970703125,-3.448486328125,-0.244140625
21.6474999,1.2096704244613647,-0.395043283700943,7.648875713348389,1.251220703125,1.251220703125,-1.953125
21.652499900000002,1.303044319152832,-0.23942017555236816,7.913434982299805,4.21142578125,-0.091552734375,1.495361328125
21.6574999,1.3491326570510864,-0.42676645517349243,7.9427642822265625,-7.110595703125,-2.227783203125,-1.15966796875
21.6624999,1.2862848043441772,-0.383670836687088,7.823652744293213,2.593994140625,2.777099609375,-1.312255859375
21.6674999,1.4089876413345337,-0.21128830313682556,8.087015151977539,3.11279296875,-0.946044921875,1.708984375
21.672499900000002,1.3521254062652588,-0.38965633511543274,7.994838237762451,-6.927490234375,-1.861572265625,-1.495361328125
21.6774999,1.3114240169525146,-0.24241292476654053,7.797316551208496,5.401611328125,2.25830078125,-0.518798828125
21.6824999,1.279700756072998,-0.19572599232196808,7.881711959838867,0.67138671875,-1.068115234375,1.52587890625
21.6874999,1.3431471586227417,-0.2124854028224945,7.778162956237793,-6.317138671875,-0.274658203125,-1.861572265625
21.6924999,1.4179660081863403,0.023942016065120697,7.681197643280029,-3.2958984375,-1.861572265625,0.457763671875
21.6974999,1.4024035930633545,-0.06703764945268631,7.67042350769043,-3.11279296875,0.579833984375,-1.983642578125
21.7024999,1.2557587623596191,-0.04369417950510979,7.665635108947754,6.744384765625,1.15966796875,1.251220703125
21.707499900000002,1.3419500589370728,-0.033518824726343155,7.7195048332214355,-4.852294921875,-2.288818359375,0.3662109375
21.7124999,1.1749545335769653,-0.38905778527259827,7.615955829620361,-1.64794921875,1.495361328125,-1.5869140625
21.7174999,1.2108675241470337,-0.2711433470249176,7.661445617675781,5.2490234375,1.220703125,1.52587890625
21.7224999,1.3090298175811768,-0.31543606519699097,7.756615161895752,-5.523681640625,-2.0751953125,-0.762939453125
21.7274999,1.2701239585876465,-0.34596213698387146,7.708132266998291,1.708984375,2.410888671875,-1.678466796875
21.7324999,1.400607943534851,-0.14365209639072418,7.951742172241211,5.157470703125,-0.18310546875,1.77001953125
21.7374999,1.3287819623947144,-0.19393034279346466,7.605181694030762,-6.40869140625,0.213623046875,-1.617431640625
21.742499900000002,1.215057373046875,-0.050876785069704056,7.307103633880615,6.16455078125,1.89208984375,-0.1220703125
21.7474999,1.2850877046585083,0.07481880486011505,7.589619159698486,-1.129150390625,-1.15966796875,1.251220703125
21.7524999,1.4215573072433472,-0.043095629662275314,7.675810813903809,-4.974365234375,0.213623046875,-2.0751953125
21.7574999,1.2288240194320679,-0.028730420395731926,7.680000305175781,6.256103515625,1.312255859375,0.274658203125
21.7624999,1.3964180946350098,-0.18914192914962769,7.736264228820801,-4.058837890625,1.129150390625,-1.8310546875
21.7674999,1.3066356182098389,-0.11552023142576218,7.7655930519104,-3.11279296875,1.0986328125,-1.983642578125
21.7724999,1.1959037780761719,-0.08619125932455063,7.833827972412109,6.04248046875,0.946044921875,1.068115234375
21.777499900000002,1.2635399103164673,-0.09876082092523575,7.775169849395752,-5.0048828125,-2.44140625,0.152587890625
21.7824999,1.1522095203399658,-0.424970805644989,7.5848307609558105,-1.129150390625,1.129150390625,-1.739501953125
21.7874999,1.2246341705322266,-0.29568392038345337,7.621342658996582,6.011962890625,0.48828125,1.251220703125
21.7924999,1.3239935636520386,-0.3214215636253357,7.7428483963012695,-5.340576171875,-2.044677734375,-0.274658203125
21.797499900000002,1.2898762226104736,-0.35733461380004883,7.769783020019531,1.8310546875,0.9765625,-1.77001953125
21.8024999,1.4000093936920166,-0.12210428714752197,8.093599319458008,4.486083984375,-0.030517578125,1.46484375
21.8074999,1.3862427473068237,-0.2322375625371933,8.032546997070312,-5.06591796875,-2.197265625,-1.220703125
21.8124999,1.2665326595306396,-0.28371289372444153,7.783549785614014,1.953125,1.77001953125,-1.373291015625
21.8174999,1.367687702178955,-0.15143325924873352,7.799111843109131,3.7841796875,-0.244140625,1.861572265625
21.8224999,1.3593080043792725,-0.24600422382354736,7.949347972869873,-5.706787109375,-0.91552734375,-1.77001953125
21.8274999,1.2826935052871704,-0.14185644686222076,7.7416510581970215,4.21142578125,2.410888671875,-0.732421875
21.832499900000002,1.2814964056015015,-0.1472434103488922,7.877521991729736,1.739501953125,-1.28173828125,1.52587890625
21.8374999,1.2946646213531494,-0.23822307586669922,7.691372871398926,-5.31005859375,-0.823974609375,-1.708984375
