time,rms,total_fft_energy
0.02624990,0.05410783,0.58553135
0.02874990,0.05479303,0.60045516
0.03124990,0.05669622,0.64289224
0.03374990,0.05462741,0.59683073
0.03624990,0.05367681,0.57624000
0.03874990,0.05700655,0.64994943
0.04124990,0.05673316,0.64373046
0.04374990,0.05039693,0.50797009
0.04624990,0.05245862,0.55038130
0.04874990,0.05285301,0.55868828
0.05124990,0.05232140,0.54750574
0.05374990,0.05254859,0.55227089
0.05624990,0.05258391,0.55301344
0.05874990,0.05279370,0.55743492
0.06124990,0.05020927,0.50419402
0.06374990,0.05138515,0.52808666
0.06624990,0.05262044,0.55378211
0.06874990,0.05042940,0.50862497
0.07124990,0.05027619,0.50553900
0.07374990,0.05194142,0.53958213
0.07624990,0.05311044,0.56414384
0.07874990,0.05672847,0.64362377
0.08124990,0.05497969,0.60455316
0.08374990,0.05374307,0.57766354
0.08624990,0.05401042,0.58342510
0.08874990,0.04964245,0.49287462
0.09124990,0.05269588,0.55537117
0.09374990,0.05258675,0.55307323
0.09624990,0.05033455,0.50671333
0.09874990,0.04996545,0.49930924
0.10124990,0.05562474,0.61882240
0.10374990,0.05561626,0.61863375
0.10624990,0.05275495,0.55661696
0.10874990,0.05425973,0.58882368
0.11124990,0.05342291,0.57080156
0.11374990,0.05351915,0.57285988
0.11624990,0.05239958,0.54914308
0.11874990,0.05240704,0.54929960
0.12124990,0.05456303,0.59542495
0.12374990,0.05371067,0.57696730
0.12624990,0.05580820,0.62291110
0.12874990,0.05131530,0.52665210
0.13124990,0.05338325,0.56995422
0.13374990,0.05246291,0.55047131
0.13624990,0.05230038,0.54706591
0.13874990,0.05469095,0.59822011
0.14124990,0.05179741,0.53659433
0.14374990,0.05252973,0.55187440
0.14624990,0.05323567,0.56680739
0.14874990,0.05506741,0.60648388
0.15124990,0.04885467,0.47735578
0.15374990,0.05051138,0.51028001
0.15624990,0.05020450,0.50409842
0.15874990,0.05444944,0.59294844
0.16124990,0.05452628,0.59462303
0.16374990,0.05319821,0.56601000
0.16624990,0.05516942,0.60873300
0.16874990,0.05629268,0.63377315
0.17124990,0.05730143,0.65669072
0.17374990,0.05625258,0.63287055
0.17624990,0.05506566,0.60644531
0.17874990,0.05542230,0.61432636
0.18124990,0.05423510,0.58828926
0.18374990,0.05524825,0.61047387
0.18624990,0.05513469,0.60796678
0.18874990,0.05273019,0.55609453
0.19124990,0.05311202,0.56417722
0.19374990,0.05423239,0.58823037
0.19624990,0.05535761,0.61289310
0.19874990,0.05616452,0.63089067
0.20124990,0.05477066,0.59996510
0.20374990,0.05623409,0.63245463
0.20624990,0.05602811,0.62782991
0.20874990,0.05001573,0.50031465
0.21124990,0.05146234,0.52967453
0.21374990,0.05216031,0.54413962
0.21624990,0.05198266,0.54043931
0.21874990,0.05104253,0.52106792
0.22124990,0.05257449,0.55281526
0.22374990,0.05267302,0.55488932
0.22624990,0.05142591,0.52892488
0.22874990,0.05148735,0.53018939
0.23124990,0.05044453,0.50893009
0.23374990,0.04969293,0.49387747
0.23624990,0.04974616,0.49493611
0.23874990,0.05253082,0.55189741
0.24124990,0.05326262,0.56738138
0.24374990,0.05429456,0.58957988
0.24624990,0.05244777,0.55015367
0.24874990,0.05234840,0.54807103
0.25124990,0.05234973,0.54809886
0.25374990,0.04840524,0.46861339
0.25624990,0.05166636,0.53388262
0.25874990,0.05146720,0.52977455
0.26124990,0.05011170,0.50223655
0.26374990,0.04955029,0.49104628
0.26624990,0.05204500,0.54173642
0.26874990,0.05264616,0.55432367
0.27124990,0.05075429,0.51519960
0.27374990,0.05048572,0.50976151
0.27624990,0.05114515,0.52316529
0.27874990,0.05070688,0.51423752
0.28124990,0.05066963,0.51348221
0.28374990,0.05326523,0.56743699
0.28624990,0.05472866,0.59904528
0.28874990,0.05672868,0.64362854
0.29124990,0.05573078,0.62118405
0.29374990,0.05459263,0.59607112
0.29624990,0.05458485,0.59590113
0.29874990,0.05205330,0.54190910
0.30124990,0.05480514,0.60072064
0.30374990,0.05474807,0.59947026
0.30624990,0.05166474,0.53384900
0.30874990,0.05231086,0.54728532
0.31124990,0.05552538,0.61661363
0.31374990,0.05700376,0.64988565
0.31624990,0.05630278,0.63400060
0.31874990,0.05547988,0.61560345
0.32124990,0.05612902,0.63009334
0.32374990,0.05614337,0.63041562
0.32624990,0.05432425,0.59022480
0.32874990,0.05819667,0.67737043
0.33124990,0.05894253,0.69484425
0.33374990,0.06029082,0.72699666
0.33624990,0.05928997,0.70305997
0.33874990,0.05630423,0.63403320
0.34124990,0.05634701,0.63499713
0.34374990,0.05528245,0.61122990
0.34624990,0.05681604,0.64561248
0.34874990,0.05669428,0.64284831
0.35124990,0.05432083,0.59015059
0.35374990,0.05463641,0.59702748
0.35624990,0.05644766,0.63726771
0.35874990,0.05727874,0.65617079
0.36124990,0.05639343,0.63604379
0.36374990,0.05486153,0.60195756
0.36624990,0.05694782,0.64861089
0.36874990,0.05708463,0.65173095
0.37124990,0.05365040,0.57567310
0.37374990,0.05618121,0.63126558
0.37624990,0.05672487,0.64354211
0.37874990,0.05631327,0.63423681
0.38124990,0.05637453,0.63561743
0.38374990,0.05436508,0.59111232
0.38624990,0.05469809,0.59837621
0.38874990,0.05484177,0.60152400
0.39124990,0.05519306,0.60925466
0.39374990,0.05465637,0.59746379
0.39624990,0.05340270,0.57036966
0.39874990,0.05342310,0.57080543
0.40124990,0.05559718,0.61820918
0.40374990,0.05617162,0.63105011
0.40624990,0.05697295,0.64918345
0.40874990,0.05554809,0.61711818
0.41124990,0.05626984,0.63325894
0.41374990,0.05621622,0.63205272
0.41624990,0.05017764,0.50355917
0.41874990,0.05229660,0.54698700
0.42124990,0.05231872,0.54744971
0.42374990,0.05006378,0.50127649
0.42624990,0.04964796,0.49298406
0.42874990,0.05024305,0.50487292
0.43124990,0.05055915,0.51124561
0.43374990,0.05120834,0.52445883
0.43624990,0.05048023,0.50965077
0.43874990,0.05080526,0.51623482
0.44124990,0.05027688,0.50555301
0.44374990,0.05041778,0.50839061
0.44624990,0.05336343,0.56953120
0.44874990,0.05439641,0.59179389
0.45124990,0.05681720,0.64563876
0.45374990,0.05619541,0.63158482
0.45624990,0.05500858,0.60518885
0.45874990,0.05502469,0.60554326
0.46124990,0.05221125,0.54520291
0.46374990,0.05468146,0.59801239
0.46624990,0.05459678,0.59616172
0.46874990,0.05248905,0.55102015
0.47124990,0.05249054,0.55105132
0.47374990,0.05548570,0.61573243
0.47624990,0.05604492,0.62820661
0.47874990,0.05429198,0.58952385
0.48124990,0.05327063,0.56755197
0.48374990,0.05593869,0.62582737
0.48624990,0.05610057,0.62945473
0.48874990,0.05395830,0.58229971
0.49124990,0.05638197,0.63578534
0.49374990,0.05717108,0.65370649
0.49624990,0.05935535,0.70461148
0.49874990,0.05923012,0.70164132
0.50124990,0.05630958,0.63415360
0.50374990,0.05625875,0.63300937
0.50624990,0.05573158,0.62120187
0.50874990,0.05719634,0.65428430
0.51124990,0.05683597,0.64606547
0.51374990,0.05498932,0.60476512
0.51624990,0.05563343,0.61901563
0.51874990,0.05736895,0.65823919
0.52124990,0.05895673,0.69517922
0.52374990,0.05853331,0.68522984
0.52624990,0.05779063,0.66795123
0.52874990,0.05936405,0.70481801
0.53124990,0.05921540,0.70129269
0.53374990,0.05385659,0.58010638
0.53624990,0.05530391,0.61170447
0.53874990,0.05571172,0.62075913
0.54124990,0.05590814,0.62514395
0.54374990,0.05534026,0.61250889
0.54624990,0.05440792,0.59204447
0.54874990,0.05360118,0.57461727
0.55124990,0.05248266,0.55088598
0.55374990,0.05291088,0.55991226
0.55624990,0.05340842,0.57049179
0.55874990,0.05193787,0.53950852
0.56124990,0.05191562,0.53904629
0.56374990,0.05369335,0.57659519
0.56624990,0.05384391,0.57983333
0.56874990,0.05255127,0.55232710
0.57124990,0.05344613,0.57129776
0.57374990,0.05036538,0.50733435
0.57624990,0.05359071,0.57439286
0.57874990,0.04931084,0.48631179
0.58124990,0.04930633,0.48622280
0.58374990,0.05190053,0.53873295
0.58624990,0.05018191,0.50364476
0.58874990,0.05000586,0.50011718
0.59124990,0.04787318,0.45836824
0.59374990,0.04980686,0.49614474
0.59624990,0.04733043,0.44803396
0.59874990,0.04997661,0.49953237
0.60124990,0.04926980,0.48550260
0.60374990,0.05355163,0.57355535
0.60624990,0.05210694,0.54302669
0.60874990,0.05199445,0.54068458
0.61124990,0.05368524,0.57642096
0.61374990,0.05209716,0.54282272
0.61624990,0.05450799,0.59422421
0.61874990,0.05413611,0.58614367
0.62124990,0.05374645,0.57773620
0.62374990,0.05390925,0.58124149
0.62624990,0.05128377,0.52600491
0.62874990,0.05270740,0.55561411
0.63124990,0.05269388,0.55532914
0.63374990,0.05131323,0.52660942
0.63624990,0.05214446,0.54380900
0.63874990,0.05218215,0.54459524
0.64124990,0.05343818,0.57112789
0.64374990,0.05414251,0.58628231
0.64624990,0.05177458,0.53612137
0.64874990,0.05456721,0.59551603
0.65124990,0.05472554,0.59897685
0.65374990,0.04994312,0.49886301
0.65624990,0.05295621,0.56087208
0.65874990,0.05303125,0.56246281
0.66124990,0.05280930,0.55776447
0.66374990,0.05261131,0.55359000
0.66624990,0.05339728,0.57025397
0.66874990,0.05384907,0.57994455
0.67124990,0.05328923,0.56794840
0.67374990,0.05327495,0.56764406
0.67624990,0.05361186,0.57484639
0.67874990,0.05230088,0.54707640
0.68124990,0.05231047,0.54727703
0.68374990,0.05350719,0.57260388
0.68624990,0.05388046,0.58062083
0.68874990,0.05778639,0.66785336
0.69124990,0.05603341,0.62794864
0.69374990,0.05510046,0.60721213
0.69624990,0.05507631,0.60667992
0.69874990,0.04973523,0.49471855
0.70124990,0.05177674,0.53616631
0.70374990,0.05180780,0.53680968
0.70624990,0.04898931,0.47999051
0.70874990,0.04957445,0.49152520
0.71124990,0.05067772,0.51364619
0.71374990,0.05142483,0.52890265
0.71624990,0.05050890,0.51022983
0.71874990,0.04976168,0.49524486
0.72124990,0.05150711,0.53059644
0.72374990,0.05135682,0.52750456
0.72624990,0.05041786,0.50839210
0.72874990,0.05281937,0.55797732
0.73124990,0.05357076,0.57396525
0.73374990,0.05414021,0.58623248
0.73624990,0.05313193,0.56460035
0.73874990,0.05146822,0.52979547
0.74124990,0.05154277,0.53133142
0.74374990,0.05072988,0.51470405
0.74624990,0.05131872,0.52672219
0.74874990,0.05136872,0.52774900
0.75124990,0.04935336,0.48715079
0.75374990,0.04927647,0.48563415
0.75624990,0.05147500,0.52993512
0.75874990,0.05211877,0.54327321
0.76124990,0.05273980,0.55629736
0.76374990,0.05142758,0.52895927
0.76624990,0.05099258,0.52004862
0.76874990,0.05108315,0.52189755
0.77124990,0.04747895,0.45085019
0.77374990,0.05049153,0.50987887
0.77624990,0.05069547,0.51400608
0.77874990,0.04855597,0.47153646
0.78124990,0.04861893,0.47276005
0.78374990,0.04909952,0.48215255
0.78624990,0.05033085,0.50663894
0.78874990,0.05025920,0.50519753
0.79124990,0.05010831,0.50216848
0.79374990,0.05246495,0.55051410
0.79624990,0.05206369,0.54212558
0.79874990,0.05218064,0.54456377
0.80124990,0.05489514,0.60269529
0.80374990,0.05615720,0.63072622
0.80624990,0.05869858,0.68910456
0.80874990,0.05800971,0.67302537
0.81124990,0.05594582,0.62598705
0.81374990,0.05615184,0.63060588
0.81624990,0.05408937,0.58513200
0.81874990,0.05532373,0.61214316
0.82124990,0.05541708,0.61421055
0.82374990,0.05272910,0.55607164
0.82624990,0.05260961,0.55355424
0.82874990,0.05383644,0.57967252
0.83124990,0.05431908,0.59011239
0.83374990,0.05428511,0.58937466
0.83624990,0.05295065,0.56075424
0.83874990,0.05412661,0.58593804
0.84124990,0.05440720,0.59202862
0.84374990,0.05121743,0.52464497
0.84624990,0.05487112,0.60216784
0.84874990,0.05465095,0.59734529
0.85124990,0.05258033,0.55293816
0.85374990,0.05153397,0.53114998
0.85624990,0.04907618,0.48169428
0.85874990,0.04982189,0.49644408
0.86124990,0.05135870,0.52754331
0.86374990,0.05113719,0.52300239
0.86624990,0.05267940,0.55502391
0.86874990,0.05133887,0.52713591
0.87124990,0.05141154,0.52862918
0.87374990,0.05359259,0.57443309
0.87624990,0.05514487,0.60819137
0.87874990,0.05851385,0.68477422
0.88124990,0.05757317,0.66293406
0.88374990,0.05597043,0.62653786
0.88624990,0.05597486,0.62663686
0.88874990,0.05213305,0.54357100
0.89124990,0.05393794,0.58186018
0.89374990,0.05368427,0.57640010
0.89624990,0.04989059,0.49781409
0.89874990,0.05067454,0.51358187
0.90124990,0.05225294,0.54607403
0.90374990,0.05368366,0.57638717
0.90624990,0.05347279,0.57186794
0.90874990,0.05227127,0.54645723
0.91124990,0.05348646,0.57216012
0.91374990,0.05348816,0.57219660
0.91624990,0.05134521,0.52726603
0.91874990,0.05245660,0.55033898
0.92124990,0.05335202,0.56928760
0.92374990,0.05440636,0.59201032
0.92624990,0.05372616,0.57730013
0.92874990,0.05127095,0.52574205
0.93124990,0.05129998,0.52633756
0.93374990,0.05023918,0.50479507
0.93624990,0.05066736,0.51343632
0.93874990,0.05224331,0.54587275
0.94124990,0.05001066,0.50021321
0.94374990,0.05025664,0.50514591
0.94624990,0.05244115,0.55001485
0.94874990,0.05301073,0.56202745
0.95124990,0.05499431,0.60487497
0.95374990,0.05373617,0.57751518
0.95624990,0.05245740,0.55035573
0.95874990,0.05243396,0.54986411
0.96124990,0.04883163,0.47690567
0.96374990,0.05016567,0.50331885
0.96624990,0.05043091,0.50865537
0.96874990,0.04970659,0.49414906
0.97124990,0.04881001,0.47648343
0.97374990,0.04845563,0.46958956
0.97624990,0.04818039,0.46427000
0.97874990,0.04675212,0.43715221
0.98124990,0.04639912,0.43057558
0.98374990,0.04954830,0.49100679
0.98624990,0.04908699,0.48190656
0.98874990,0.04739157,0.44919211
0.99124990,0.04880605,0.47640616
0.99374990,0.04942504,0.48856682
0.99624990,0.05003328,0.50066590
0.99874990,0.04889148,0.47807530
1.00124990,0.04729070,0.44728205
1.00374990,0.04682886,0.43858841
1.00624990,0.04576131,0.41881955
1.00874990,0.04626960,0.42817509
1.01124990,0.04656610,0.43368039
1.01374990,0.04536316,0.41156334
1.01624990,0.04506804,0.40622559
1.01874990,0.04572367,0.41813079
1.02124990,0.04763978,0.45390970
1.02374990,0.04904551,0.48109248
1.02624990,0.04878221,0.47594076
1.02874990,0.04746087,0.45050675
1.03124990,0.04968798,0.49377906
1.03374990,0.04602701,0.42369711
1.03624990,0.04602553,0.42366984
1.03874990,0.04944964,0.48905349
1.04124990,0.04809862,0.46269551
1.04374990,0.04720698,0.44569984
1.04624990,0.04421884,0.39106119
1.04874990,0.04939997,0.48807144
1.05124990,0.04680511,0.43814373
1.05374990,0.04801182,0.46102697
1.05624990,0.04761895,0.45351285
1.05874990,0.05091643,0.51849669
1.06124990,0.05051265,0.51030552
1.06374990,0.05040617,0.50815636
1.06624990,0.05133434,0.52704287
1.06874990,0.05137684,0.52791601
1.07124990,0.05284772,0.55857641
1.07374990,0.04866001,0.47355944
1.07624990,0.05060658,0.51220524
1.07874990,0.05034984,0.50702137
1.08124990,0.04845649,0.46960625
1.08374990,0.04894676,0.47915697
1.08624990,0.04903507,0.48088762
1.08874990,0.04612146,0.42543784
1.09124990,0.04630711,0.42886972
1.09374990,0.04722536,0.44604695
1.09624990,0.04832629,0.46708617
1.09874990,0.04596664,0.42258647
1.10124990,0.04525293,0.40956545
1.10374990,0.04653908,0.43317708
1.10624990,0.04675106,0.43713230
1.10874990,0.04262872,0.36344165
1.11124990,0.04536514,0.41159928
1.11374990,0.04552779,0.41455597
1.11624990,0.04506029,0.40608600
1.11874990,0.04472378,0.40004337
1.12124990,0.04464743,0.39867854
1.12374990,0.04597737,0.42278367
1.12624990,0.04538209,0.41190687
1.12874990,0.04529553,0.41033700
1.13124990,0.04860962,0.47257900
1.13374990,0.04803056,0.46138692
1.13624990,0.04852018,0.47084165
1.13874990,0.04984497,0.49690419
1.14124990,0.05174912,0.53559428
1.14374990,0.05619248,0.63151890
1.14624990,0.05597715,0.62668812
1.14874990,0.05485438,0.60180056
1.15124990,0.05477675,0.60009861
1.15374990,0.05256350,0.55258429
1.15624990,0.05408150,0.58496171
1.15874990,0.05407924,0.58491284
1.16124990,0.05185823,0.53785515
1.16374990,0.05167458,0.53405237
1.16624990,0.05238698,0.54887909
1.16874990,0.05241551,0.54947704
1.17124990,0.05144864,0.52939260
1.17374990,0.04998294,0.49965894
1.17624990,0.05126588,0.52563822
1.17874990,0.05169931,0.53456384
1.18124990,0.04848713,0.47020048
1.18374990,0.05079424,0.51601100
1.18624990,0.05067287,0.51354802
1.18874990,0.04944606,0.48898253
1.19124990,0.04795148,0.45986885
1.19374990,0.04559427,0.41576746
1.19624990,0.04549757,0.41400585
1.19874990,0.04625680,0.42793840
1.20124990,0.04671844,0.43652263
1.20374990,0.04792756,0.45941019
1.20624990,0.04611110,0.42524663
1.20874990,0.04620108,0.42690802
1.21124990,0.04767034,0.45449230
1.21374990,0.04908807,0.48192775
1.21624990,0.05121414,0.52457762
1.21874990,0.05074622,0.51503575
1.22124990,0.05061879,0.51245248
1.22374990,0.05063188,0.51271737
1.22624990,0.04750411,0.45132813
1.22874990,0.04804797,0.46172148
1.23124990,0.04785494,0.45801908
1.23374990,0.04609781,0.42500162
1.23624990,0.04575465,0.41869760
1.23874990,0.04566008,0.41696861
1.24124990,0.04604053,0.42394614
1.24374990,0.04518446,0.40832701
1.24624990,0.04410218,0.38900048
1.24874990,0.04558083,0.41552240
1.25124990,0.04591122,0.42156801
1.25374990,0.04484854,0.40227830
1.25624990,0.04680736,0.43818575
1.25874990,0.04753581,0.45193070
1.26124990,0.04723676,0.44626236
1.26374990,0.04711835,0.44402775
1.26624990,0.04614778,0.42592359
1.26874990,0.04738808,0.44912612
1.27124990,0.04717007,0.44500315
1.27374990,0.04730240,0.44750330
1.27624990,0.05009162,0.50183403
1.27874990,0.04929402,0.48598015
1.28124990,0.05029572,0.50593191
1.28374990,0.05165294,0.53360528
1.28624990,0.05297050,0.56117481
1.28874990,0.05667887,0.64249873
1.29124990,0.05628633,0.63363022
1.29374990,0.05556422,0.61747646
1.29624990,0.05556025,0.61738837
1.29874990,0.05237646,0.54865861
1.30124990,0.05251901,0.55164921
1.30374990,0.05233260,0.54774028
1.30624990,0.05052224,0.51049936
1.30874990,0.04973961,0.49480575
1.31124990,0.05064204,0.51292330
1.31374990,0.04980790,0.49616545
1.31624990,0.04909663,0.48209584
1.31874990,0.04752588,0.45174184
1.32124990,0.04838513,0.46822411
1.32374990,0.04904398,0.48106238
1.32624990,0.04633205,0.42933178
1.32874990,0.04754179,0.45204443
1.33124990,0.04725330,0.44657493
1.33374990,0.04618540,0.42661816
1.33624990,0.04606295,0.42435914
1.33874990,0.04418064,0.39038572
1.34124990,0.04473130,0.40017787
1.34374990,0.04497648,0.40457678
1.34624990,0.04529524,0.41033176
1.34874990,0.04724467,0.44641182
1.35124990,0.04633136,0.42931896
1.35374990,0.04681778,0.43838090
1.35624990,0.04806817,0.46210974
1.35874990,0.04884957,0.47725612
1.36124990,0.04921126,0.48434973
1.36374990,0.04904070,0.48099813
1.36624990,0.04960751,0.49218094
1.36874990,0.04964770,0.49297875
1.37124990,0.04677635,0.43760538
1.37374990,0.04648920,0.43224916
1.37624990,0.04637320,0.43009475
1.37874990,0.04516589,0.40799144
1.38124990,0.04434835,0.39335525
1.38374990,0.04384034,0.38439506
1.38624990,0.04289130,0.36793277
1.38874990,0.04211996,0.35481822
1.39124990,0.04083273,0.33346239
1.39374990,0.04070088,0.33131227
1.39624990,0.04073010,0.33178824
1.39874990,0.03816801,0.29135934
1.40124990,0.03984709,0.31755808
1.40374990,0.03944343,0.31115681
1.40624990,0.03873841,0.30013296
1.40874990,0.03934011,0.30952889
1.41124990,0.03756187,0.28217885
1.41374990,0.03955384,0.31290120
1.41624990,0.03935534,0.30976853
1.41874990,0.03947944,0.31172529
1.42124990,0.04395740,0.38645065
1.42374990,0.04360650,0.38030541
1.42624990,0.04428715,0.39227027
1.42874990,0.04618454,0.42660236
1.43124990,0.04744361,0.45017928
1.43374990,0.04975057,0.49502388
1.43624990,0.05056280,0.51131928
1.43874990,0.05057878,0.51164258
1.44124990,0.05102089,0.52062637
1.44374990,0.04934487,0.48698318
1.44624990,0.04918092,0.48375252
1.44874990,0.04954451,0.49093181
1.45124990,0.04857989,0.47200111
1.45374990,0.04844195,0.46932453
1.45624990,0.04844396,0.46936339
1.45874990,0.04786719,0.45825365
1.46124990,0.04844533,0.46939000
1.46374990,0.04652559,0.43292612
1.46624990,0.04712682,0.44418746
1.46874990,0.04721667,0.44588280
1.47124990,0.04283974,0.36704871
1.47374990,0.04428022,0.39214763
1.47624990,0.04343848,0.37738037
1.47874990,0.04171769,0.34807312
1.48124990,0.04083229,0.33345518
1.48374990,0.03758825,0.28257534
1.48624990,0.03633686,0.26407343
1.48874990,0.03489581,0.24354354
1.49124990,0.03668066,0.26909414
1.49374990,0.03631593,0.26376930
1.49624990,0.04335264,0.37589020
1.49874990,0.04448854,0.39584607
1.50124990,0.04481988,0.40176439
1.50374990,0.04652826,0.43297586
1.50624990,0.04692717,0.44043180
1.50874990,0.04871401,0.47461098
1.51124990,0.04862962,0.47296789
1.51374990,0.05099492,0.52009642
1.51624990,0.04900122,0.48022392
1.51874990,0.04945144,0.48908895
1.52124990,0.04943638,0.48879111
1.52374990,0.04968311,0.49368227
1.52624990,0.04967819,0.49358445
1.52874990,0.04969751,0.49396861
1.53124990,0.05062784,0.51263559
1.53374990,0.05120377,0.52436519
1.53624990,0.05446062,0.59319180
1.53874990,0.05361168,0.57484257
1.54124990,0.05293256,0.56037128
1.54374990,0.05289986,0.55967915
1.54624990,0.04722060,0.44595695
1.54874990,0.04671629,0.43648240
1.55124990,0.04597266,0.42269713
1.55374990,0.04431620,0.39278513
1.55624990,0.04326953,0.37445045
1.55874990,0.04155992,0.34544545
1.56124990,0.04144602,0.34355450
1.56374990,0.04219502,0.35608393
1.56624990,0.04154332,0.34516943
1.56874990,0.04368812,0.38173038
1.57124990,0.04415300,0.38989756
1.57374990,0.04235314,0.35875767
1.57624990,0.04374953,0.38280424
1.57874990,0.04442610,0.39473569
1.58124990,0.04425498,0.39170057
1.58374990,0.04505196,0.40593579
1.58624990,0.04393429,0.38604438
1.58874990,0.04471250,0.39984161
1.59124990,0.04453585,0.39668843
1.59374990,0.04453819,0.39673015
1.59624990,0.04791718,0.45921132
1.59874990,0.04711493,0.44396338
1.60124990,0.04742081,0.44974679
1.60374990,0.04839777,0.46846873
1.60624990,0.05021917,0.50439298
1.60874990,0.05399049,0.58299464
1.61124990,0.05356569,0.57385671
1.61374990,0.05217078,0.54435802
1.61624990,0.05199267,0.54064757
1.61874990,0.04960815,0.49219376
1.62124990,0.05021276,0.50426412
1.62374990,0.05129942,0.52632600
1.62624990,0.05019951,0.50399822
1.62874990,0.05000264,0.50005281
1.63124990,0.05086148,0.51737797
1.63374990,0.04994375,0.49887571
1.63624990,0.05161824,0.53288865
1.63874990,0.05182309,0.53712660
1.64124990,0.05121649,0.52462584
1.64374990,0.05128613,0.52605343
1.64624990,0.04819619,0.46457464
1.64874990,0.04892045,0.47864199
1.65124990,0.04862808,0.47293806
1.65374990,0.04758802,0.45292383
1.65624990,0.04560655,0.41599157
1.65874990,0.04463332,0.39842665
1.66124990,0.04421081,0.39091909
1.66374990,0.04346949,0.37791926
1.66624990,0.04343596,0.37733659
1.66874990,0.04622428,0.42733684
1.67124990,0.04524985,0.40950972
1.67374990,0.04384621,0.38449806
1.67624990,0.04405762,0.38821477
1.67874990,0.04618970,0.42669773
1.68124990,0.04741009,0.44954336
1.68374990,0.04858289,0.47205949
1.68624990,0.04654114,0.43321562
1.68874990,0.04536177,0.41153806
1.69124990,0.04539547,0.41214970
1.69374990,0.04559308,0.41574582
1.69624990,0.04869954,0.47432894
1.69874990,0.04812034,0.46311349
1.70124990,0.04910065,0.48217475
1.70374990,0.05075112,0.51513535
1.70624990,0.05236886,0.54849958
1.70874990,0.05362552,0.57513916
1.71124990,0.05374641,0.57773525
1.71374990,0.05390364,0.58112037
1.71624990,0.05396692,0.58248574
1.71874990,0.05152037,0.53086978
1.72124990,0.05239498,0.54904675
1.72374990,0.05241616,0.54949087
1.72624990,0.05229802,0.54701656
1.72874990,0.04951676,0.49038190
1.73124990,0.04730867,0.44762206
1.73374990,0.04594702,0.42222559
1.73624990,0.04660023,0.43431634
1.73874990,0.04706931,0.44310406
1.74124990,0.04769410,0.45494550
1.74374990,0.04748049,0.45087945
1.74624990,0.04415623,0.38995448
1.74874990,0.04481312,0.40164307
1.75124990,0.04424072,0.39144817
1.75374990,0.04307229,0.37104434
1.75624990,0.04170004,0.34777868
1.75874990,0.03893796,0.30323294
1.76124990,0.03871751,0.29980913
1.76374990,0.03791462,0.28750360
1.76624990,0.03788794,0.28709924
1.76874990,0.04271102,0.36484632
1.77124990,0.04149614,0.34438598
1.77374990,0.04170743,0.34790200
1.77624990,0.04174285,0.34849310
1.77874990,0.04367882,0.38156781
1.78124990,0.04612019,0.42541429
1.78374990,0.04641636,0.43089572
1.78624990,0.04590694,0.42148951
1.78874990,0.04537301,0.41174200
1.79124990,0.04459174,0.39768463
1.79374990,0.04462530,0.39828345
1.79624990,0.04518059,0.40825710
1.79874990,0.04430071,0.39251065
1.80124990,0.04439422,0.39416939
1.80374990,0.04540767,0.41237131
1.80624990,0.04515773,0.40784404
1.80874990,0.04556001,0.41514289
1.81124990,0.04496904,0.40444297
1.81374990,0.04624104,0.42764679
1.81624990,0.04678020,0.43767738
1.81874990,0.04243540,0.36015272
1.82124990,0.04345512,0.37766957
1.82374990,0.04344054,0.37741604
1.82624990,0.04407560,0.38853171
1.82874990,0.04241690,0.35983866
1.83124990,0.04045265,0.32728338
1.83374990,0.03985078,0.31761700
1.83624990,0.03757664,0.28240079
1.83874990,0.03753135,0.28172043
1.84124990,0.04212197,0.35485205
1.84374990,0.04258391,0.36267781
1.84624990,0.05337528,0.56978405
1.84874990,0.06061209,0.73476499
1.85124990,0.07343130,1.07843125
1.85374990,0.09306662,1.73227906
1.85624990,0.15026902,4.51615524
1.85874990,0.15008831,4.50529957
1.86124990,0.17985730,6.46972942
1.86374990,0.20863849,8.70600414
1.86624990,0.23108372,10.67993736
1.86874990,0.27813128,15.47140121
1.87124990,0.34062037,23.20444489
1.87374990,0.39726114,31.56328392
1.87624990,0.40163794,32.26260376
1.87874990,0.42989737,36.96234894
1.88124990,0.44779679,40.10439301
1.88374990,0.45139259,40.75105286
1.88624990,0.46608162,43.44641113
1.88874990,0.47472641,45.07303238
1.89124990,0.52839547,55.84034729
1.89374990,0.52870041,55.90482330
1.89624990,0.52778387,55.71117020
1.89874990,0.54582983,59.58604431
1.90124990,0.57387149,65.86569977
1.90374990,0.60272974,72.65662384
1.90624990,0.61439592,75.49645996
1.90874990,0.65659875,86.22437286
1.91124990,0.91169715,166.23834229
1.91374990,0.92922378,172.69136047
1.91624990,0.97708231,190.93797302
1.91874990,0.99759352,199.03857422
1.92124990,0.98249263,193.05834961
1.92374990,0.96166486,184.95985413
1.92624990,1.13538826,257.82128906
1.92874990,1.31267202,344.62155151
1.93124990,1.30731845,341.81628418
1.93374990,1.30608308,341.17062378
1.93624990,1.32097948,348.99737549
1.93874990,1.32254374,349.82440186
1.94124990,1.30539930,340.81347656
1.94374990,1.31690621,346.84841919
1.94624990,1.33250701,355.11499023
1.94874990,1.34366989,361.08978271
1.95124990,1.33413315,355.98223877
1.95374990,1.32919097,353.34976196
1.95624990,1.35482836,367.11196899
1.95874990,1.36698937,373.73199463
1.96124990,1.25693059,315.97491455
1.96374990,1.24296808,308.99392700
1.96624990,1.20963752,292.64459229
1.96874990,1.18707097,281.82751465
1.97124990,1.18459010,280.65075684
1.97374990,1.18783498,282.19036865
1.97624990,1.02258551,209.13626099
1.97874990,0.76852477,118.12606812
1.98124990,0.76998520,118.57543945
1.98374990,0.77005255,118.59618378
1.98624990,0.73657447,108.50838470
1.98874990,0.72834212,106.09645081
1.99124990,0.72208142,104.28031921
1.99374990,0.70063990,98.17925262
1.99624990,0.67057502,89.93417358
1.99874990,0.63330030,80.21385193
2.00124990,0.62943447,79.23754883
2.00374990,0.61020720,74.47056580
2.00624990,0.52503604,55.13256836
2.00874990,0.43507499,37.85805130
2.01124990,0.26181060,13.70895863
2.01374990,0.24824238,12.32485676
2.01624990,0.20620079,8.50375271
2.01874990,0.17938864,6.43605661
2.02124990,0.17200004,5.91680288
2.02374990,0.14895210,4.43734550
2.02624990,0.14124122,3.98981619
2.02874990,0.13360471,3.57004380
2.03124990,0.11771985,2.77159262
2.03374990,0.11731907,2.75275278
2.03624990,0.11104828,2.46634412
2.03874990,0.11140231,2.48209500
2.04124990,0.11174531,2.49740291
2.04374990,0.11223766,2.51945853
2.04624990,0.11152433,2.48753500
2.04874990,0.10488481,2.20016479
2.05124990,0.09147295,1.67346001
2.05374990,0.09023117,1.62833261
2.05624990,0.09322727,1.73826456
2.05874990,0.08963636,1.60693550
2.06124990,0.08866029,1.57212961
2.06374990,0.07813805,1.22111106
2.06624990,0.07708094,1.18829393
2.06874990,0.08391448,1.40832806
2.07124990,0.08272836,1.36879659
2.07374990,0.07650869,1.17071581
2.07624990,0.07613499,1.15930724
2.07874990,0.07369855,1.08629525
2.08124990,0.07298581,1.06538546
2.08374990,0.07465088,1.11455095
2.08624990,0.07244240,1.04958034
2.08874990,0.08134405,1.32337070
2.09124990,0.08224412,1.35281909
2.09374990,0.08205269,1.34652901
2.09624990,0.08179085,1.33794880
2.09874990,0.08157865,1.33101511
2.10124990,0.08413798,1.41584015
2.10374990,0.08612282,1.48342800
2.10624990,0.08675489,1.50528204
2.10874990,0.08675576,1.50531232
2.11124990,0.08631532,1.49006701
2.11374990,0.08617131,1.48509884
2.11624990,0.08634504,1.49109304
2.11874990,0.07950120,1.26408827
2.12124990,0.08094241,1.31033444
2.12374990,0.07705673,1.18754768
2.12624990,0.07612003,1.15885174
2.12874990,0.07608437,1.15776634
2.13124990,0.08299811,1.37773740
2.13374990,0.08208203,1.34749186
2.13624990,0.07991928,1.27741826
2.13874990,0.07328228,1.07405853
2.14124990,0.07464042,1.11423826
2.14374990,0.07814693,1.22138870
2.14624990,0.07811560,1.22040939
2.14874990,0.07809263,1.21969199
2.15124990,0.08023071,1.28739333
2.15374990,0.07764189,1.20565271
2.15624990,0.07296462,1.06476712
2.15874990,0.07357343,1.08260977
2.16124990,0.07287222,1.06207216
2.16374990,0.07392678,1.09303367
2.16624990,0.07293931,1.06402850
2.16874990,0.07347847,1.07981706
2.17124990,0.07278211,1.05944693
2.17374990,0.07276718,1.05901265
2.17624990,0.07394794,1.09365952
2.17874990,0.07476088,1.11783791
2.18124990,0.06710362,0.90057921
2.18374990,0.07073265,1.00062132
2.18624990,0.07077672,1.00186884
2.18874990,0.06907065,0.95415092
2.19124990,0.06789680,0.92199498
2.19374990,0.06534158,0.85390443
2.19624990,0.06574206,0.86440378
2.19874990,0.06647221,0.88371086
2.20124990,0.05950845,0.70825112
2.20374990,0.06161956,0.75939417
2.20624990,0.06150483,0.75656867
2.20874990,0.06233798,0.77720469
2.21124990,0.06515999,0.84916478
2.21374990,0.06394348,0.81775373
2.21624990,0.06640828,0.88201177
2.21874990,0.06578834,0.86562103
2.22124990,0.06343809,0.80487823
2.22374990,0.06578021,0.86540735
2.22624990,0.06323134,0.79964048
2.22874990,0.06604406,0.87236375
2.23124990,0.06597906,0.87064731
2.23374990,0.06143221,0.75478315
2.23624990,0.06337837,0.80336356
2.23874990,0.06169292,0.76120341
2.24124990,0.05943148,0.70642006
2.24374990,0.05940207,0.70572126
2.24624990,0.06010162,0.72244102
2.24874990,0.05959219,0.71024591
2.25124990,0.05981196,0.71549410
2.25374990,0.05692653,0.64812595
2.25624990,0.07141177,1.01992822
2.25874990,0.07044575,0.99252075
2.26124990,0.07416589,1.10011590
2.26374990,0.07430193,1.10415530
2.26624990,0.07589737,1.15208209
2.26874990,0.07759406,1.20416784
2.27124990,0.08083840,1.30696952
2.27374990,0.07969709,1.27032518
2.27624990,0.08085205,1.30741096
2.27874990,0.07866500,1.23763669
2.28124990,0.07868836,1.23837173
2.28374990,0.08012711,1.28407073
2.28624990,0.07767323,1.20662642
2.28874990,0.08072579,1.30333054
2.29124990,0.08035279,1.29131424
2.29374990,0.08213902,1.34936345
2.29624990,0.08338717,1.39068389
2.29874990,0.08387493,1.40700102
2.30124990,0.08556028,1.46411240
2.30374990,0.08584462,1.47385967
2.30624990,0.07348619,1.08004415
2.30874990,0.07315610,1.07036316
2.31124990,0.07438631,1.10666466
2.31374990,0.07437748,1.10640192
2.31624990,0.07561452,1.14351130
2.31874990,0.07412057,1.09877193
2.32124990,0.07060324,0.99696338
2.32374990,0.07057155,0.99606872
2.32624990,0.07299098,1.06553662
2.32874990,0.07334282,1.07583380
2.33124990,0.07637572,1.16665030
2.33374990,0.07459299,1.11282277
2.33624990,0.07540811,1.13727641
2.33874990,0.07087318,1.00460148
2.34124990,0.07138310,1.01910937
2.34374990,0.06707627,0.89984506
2.34624990,0.06470110,0.83724630
2.34874990,0.06457157,0.83389759
2.35124990,0.06301760,0.79424369
2.35374990,0.06262303,0.78432888
2.35624990,0.06176593,0.76300597
2.35874990,0.06236311,0.77783144
2.36124990,0.05291544,0.56000882
2.36374990,0.05281105,0.55780143
2.36624990,0.04851166,0.47067624
2.36874990,0.04921234,0.48437086
2.37124990,0.05251280,0.55151880
2.37374990,0.05127308,0.52578574
2.37624990,0.04564165,0.41663200
2.37874990,0.04364594,0.38099363
2.38124990,0.03815800,0.29120657
2.38374990,0.04288078,0.36775225
2.38624990,0.04328953,0.37479663
2.38874990,0.04665821,0.43539774
2.39124990,0.05128218,0.52597231
2.39374990,0.05124967,0.52530581
2.39624990,0.05111632,0.52257574
2.39874990,0.05035114,0.50704747
2.40124990,0.04933644,0.48681691
2.40374990,0.04943019,0.48866880
2.40624990,0.05369803,0.57669568
2.40874990,0.05291435,0.55998570
2.41124990,0.05602229,0.62769938
2.41374990,0.05600960,0.62741494
2.41624990,0.05296645,0.56108886
2.41874990,0.05417824,0.58705634
2.42124990,0.05106379,0.52150208
2.42374990,0.05789312,0.67032272
2.42624990,0.05789438,0.67035186
2.42874990,0.05793729,0.67134589
2.43124990,0.06107454,0.74602002
2.43374990,0.06208006,0.77078688
2.43624990,0.06376874,0.81329024
2.43874990,0.06168915,0.76111031
2.44124990,0.05728167,0.65623796
2.44374990,0.06209782,0.77122778
2.44624990,0.06206492,0.77041078
2.44874990,0.07990558,1.27698040
2.45124990,0.07989219,1.27655244
2.45374990,0.08129639,1.32182074
2.45624990,0.08027443,1.28879678
2.45874990,0.08419585,1.41778827
2.46124990,0.08303860,1.37908173
2.46374990,0.08314945,1.38276625
2.46624990,0.08315920,1.38309062
2.46874990,0.08416809,1.41685355
2.47124990,0.08466121,1.43350387
2.47374990,0.08014341,1.28459311
2.47624990,0.08064786,1.30081546
2.47874990,0.08090319,1.30906534
2.48124990,0.08107155,1.31451905
2.48374990,0.07787291,1.21283793
2.48624990,0.07629557,1.16420281
2.48874990,0.07620708,1.16150367
2.49124990,0.07627881,1.16369116
2.49374990,0.07411830,1.09870458
2.49624990,0.07393517,1.09328198
2.49874990,0.07064770,0.99821955
2.50124990,0.07059725,0.99679446
2.50374990,0.07195735,1.03557205
2.50624990,0.07236715,1.04740071
2.50874990,0.07294787,1.06427860
2.51124990,0.07196490,1.03578913
2.51374990,0.07179592,1.03093076
2.51624990,0.07338655,1.07711709
2.51874990,0.07268076,1.05649841
2.52124990,0.07201732,1.03729892
2.52374990,0.07221024,1.04286361
2.52624990,0.07166495,1.02717304
2.52874990,0.07237772,1.04770672
2.53124990,0.06960562,0.96898830
2.53374990,0.06999488,0.97985673
2.53624990,0.06975407,0.97312605
2.53874990,0.06990226,0.97726500
2.54124990,0.07101107,1.00851452
2.54374990,0.06955373,0.96754432
2.54624990,0.07245038,1.04981172
2.54874990,0.05646108,0.63757068
2.55124990,0.05678746,0.64496315
2.55374990,0.05316211,0.56524205
2.55624990,0.05125034,0.52531952
2.55874990,0.04381840,0.38401049
2.56124990,0.04606908,0.42447206
2.56374990,0.04627160,0.42821226
2.56624990,0.04412099,0.38933244
2.56874990,0.04061324,0.32988709
2.57124990,0.04077496,0.33251941
2.57374990,0.04263540,0.36355549
2.57624990,0.04527747,0.41000980
2.57874990,0.05826236,0.67890060
2.58124990,0.05874672,0.69023538
2.58374990,0.06190444,0.76643199
2.58624990,0.06111724,0.74706328
2.58874990,0.06386597,0.81577229
2.59124990,0.06264771,0.78494698
2.59374990,0.06471521,0.83761179
2.59624990,0.06826000,0.93188554
2.59874990,0.07111011,1.01132977
2.60124990,0.08236040,1.35664713
2.60374990,0.08223398,1.35248542
2.60624990,0.08223736,1.35259676
2.60874990,0.08212622,1.34894300
2.61124990,0.08094901,1.31054854
2.61374990,0.08219774,1.35129356
2.61624990,0.08271623,1.36839509
2.61874990,0.08564580,1.46704078
2.62124990,0.08756594,1.53355896
2.62374990,0.09074835,1.64705276
2.62624990,0.09237523,1.70663691
2.62874990,0.08390443,1.40799069
2.63124990,0.08458149,1.43080544
2.63374990,0.08410150,1.41461241
2.63624990,0.08428802,1.42089415
2.63874990,0.08251280,1.36167264
2.64124990,0.08274077,1.36920702
2.64374990,0.08118358,1.31815445
2.64624990,0.07884172,1.24320340
2.64874990,0.07618408,1.16080296
2.65124990,0.06358865,0.80870324
2.65374990,0.06397200,0.81848347
2.65624990,0.06292555,0.79192483
2.65874990,0.06882329,0.94732904
2.66124990,0.06871900,0.94446009
2.66374990,0.06768736,0.91631585
2.66624990,0.06886461,0.94846690
2.66874990,0.06949926,0.96602941
2.67124990,0.06846882,0.93759590
2.67374990,0.06274994,0.78751117
2.67624990,0.05838175,0.68168586
2.67874990,0.06097805,0.74366456
2.68124990,0.05978161,0.71476823
2.68374990,0.05816279,0.67658192
2.68624990,0.05773570,0.66668218
2.68874990,0.05885011,0.69266713
2.69124990,0.05896033,0.69526398
2.69374990,0.06134263,0.75258368
2.69624990,0.05827981,0.67930728
2.69874990,0.05827858,0.67927867
2.70124990,0.05896560,0.69538856
2.70374990,0.05859597,0.68669766
2.70624990,0.06021763,0.72523266
2.70874990,0.05749686,0.66117769
2.71124990,0.06916732,0.95682371
2.71374990,0.07130944,1.01700735
2.71624990,0.07016214,0.98454529
2.71874990,0.06587575,0.86792290
2.72124990,0.07083935,1.00364256
2.72374990,0.07609849,1.15819597
2.72624990,0.08052988,1.29701209
2.72874990,0.08161958,1.33235097
2.73124990,0.08134730,1.32347679
2.73374990,0.08034219,1.29097354
2.73624990,0.08164294,1.33311403
2.73874990,0.08018587,1.28595459
2.74124990,0.08126099,1.32066953
2.74374990,0.07922462,1.25530791
2.74624990,0.08015791,1.28505826
2.74874990,0.08019946,1.28639078
2.75124990,0.08469222,1.43455458
2.75374990,0.08725251,1.52259994
2.75624990,0.09283794,1.72377682
2.75874990,0.09234481,1.70551252
2.76124990,0.08528128,1.45457923
2.76374990,0.08463459,1.43260300
2.76624990,0.09362231,1.75302732
2.76874990,0.10098206,2.03947520
2.77124990,0.10093465,2.03756070
2.77374990,0.10038106,2.01527143
2.77624990,0.09685359,1.87612355
2.77874990,0.09425678,1.77686822
2.78124990,0.10634825,2.26198959
2.78374990,0.10663496,2.27420306
2.78624990,0.10770392,2.32002687
2.78874990,0.10780871,2.32454371
2.79124990,0.10924023,2.38668561
2.79374990,0.11120782,2.47343588
2.79624990,0.10992461,2.41668391
2.79874990,0.11015895,2.42699885
2.80124990,0.10635992,2.26248646
2.80374990,0.10434006,2.17736959
2.80624990,0.09997908,1.99916339
2.80874990,0.10580312,2.23885989
2.81124990,0.10706778,2.29270196
2.81374990,0.10808513,2.33647919
2.81624990,0.09981739,1.99270236
2.81874990,0.09388218,1.76277268
2.82124990,0.09212473,1.69739306
2.82374990,0.09004050,1.62145805
2.82624990,0.09424236,1.77632475
2.82874990,0.09949896,1.98000896
2.83124990,0.08717389,1.51985753
2.83374990,0.08731709,1.52485478
2.83624990,0.08515749,1.45035958
2.83874990,0.08817307,1.55489790
2.84124990,0.08503773,1.44628298
2.84374990,0.08533403,1.45637941
2.84624990,0.08649646,1.49632740
2.84874990,0.08614539,1.48420548
2.85124990,0.08637515,1.49213362
2.85374990,0.08629169,1.48925126
2.85624990,0.08456842,1.43036342
2.85874990,0.07482331,1.11970544
2.86124990,0.07160132,1.02534986
2.86374990,0.06817594,0.92959177
2.86624990,0.06811760,0.92800140
2.86874990,0.06802402,0.92545336
2.87124990,0.06406287,0.82081032
2.87374990,0.06393022,0.81741458
2.87624990,0.06149731,0.75638390
2.87874990,0.05665096,0.64186621
2.88124990,0.05649007,0.63822567
2.88374990,0.05570131,0.62052721
2.88624990,0.05621140,0.63194442
2.88874990,0.05213308,0.54357165
2.89124990,0.05206086,0.54206663
2.89374990,0.04704381,0.44262403
2.89624990,0.04575894,0.41877615
2.89874990,0.04621765,0.42721418
2.90124990,0.04671665,0.43648911
2.90374990,0.04736370,0.44866407
2.90624990,0.04737379,0.44885516
2.90874990,0.04882506,0.47677729
2.91124990,0.06139764,0.75393403
2.91374990,0.06155814,0.75788087
2.91624990,0.06470346,0.83730769
2.91874990,0.06434312,0.82800758
2.92124990,0.06909086,0.95470935
2.92374990,0.06800460,0.92492521
2.92624990,0.06449962,0.83204031
2.92874990,0.06094063,0.74275196
2.93124990,0.06174217,0.76241904
2.93374990,0.06217097,0.77304590
2.93624990,0.06112096,0.74715430
2.93874990,0.06026233,0.72630972
2.94124990,0.06438123,0.82898879
2.94374990,0.06526707,0.85195804
2.94624990,0.06461231,0.83495021
2.94874990,0.06662863,0.88787490
2.95124990,0.06592251,0.86915547
2.95374990,0.06601116,0.87149465
2.95624990,0.06599172,0.87098145
2.95874990,0.06644627,0.88302141
2.96124990,0.05946459,0.70720732
2.96374990,0.07125211,1.01537263
2.96624990,0.07070975,0.99997371
2.96874990,0.07486711,1.12101686
2.97124990,0.07291036,1.06318426
2.97374990,0.07240733,1.04856420
2.97624990,0.07444616,1.10844600
2.97874990,0.07989451,1.27662647
2.98124990,0.08401630,1.41174781
2.98374990,0.08838633,1.56242871
2.98624990,0.08849613,1.56631327
2.98874990,0.08910439,1.58791840
2.99124990,0.08665489,1.50181389
2.99374990,0.08859877,1.56994832
2.99624990,0.08960756,1.60590291
2.99874990,0.08820517,1.55603063
3.00124990,0.09368870,1.75551426
3.00374990,0.09428177,1.77781045
3.00624990,0.09424466,1.77641129
3.00874990,0.09341493,1.74527001
3.01124990,0.09494244,1.80281329
3.01374990,0.08744191,1.52921772
3.01624990,0.08572856,1.46987736
3.01874990,0.08080932,1.30602932
3.02124990,0.07866108,1.23751307
3.02374990,0.08050635,1.29625440
3.02624990,0.07883223,1.24290419
3.02874990,0.07884800,1.24340165
3.03124990,0.07409840,1.09811461
3.03374990,0.07149036,1.02217448
3.03624990,0.07346526,1.07942891
3.03874990,0.08805895,1.55087578
3.04124990,0.08797543,1.54793513
3.04374990,0.08587695,1.47496998
3.04624990,0.08605057,1.48094010
3.04874990,0.09634465,1.85645831
3.05124990,0.09424468,1.77641213
3.05374990,0.09342269,1.74555969
3.05624990,0.09441794,1.78294969
3.05874990,0.09409767,1.77087450
3.06124990,0.08967320,1.60825658
3.06374990,0.08919909,1.59129560
3.06624990,0.09072733,1.64628983
3.06874990,0.09066856,1.64415741
3.07124990,0.09059931,1.64164686
3.07374990,0.08878056,1.57639754
3.07624990,0.08971796,1.60986257
3.07874990,0.08848023,1.56575024
3.08124990,0.08836763,1.56176782
3.08374990,0.08635261,1.49135458
3.08624990,0.09124016,1.66495323
3.08874990,0.07668819,1.17621553
3.09124990,0.07996468,1.27886987
3.09374990,0.08696900,1.51272154
3.09624990,0.08638149,1.49235260
3.09874990,0.07592742,1.15299451
3.10124990,0.08832811,1.56037080
3.10374990,0.09080400,1.64907348
3.10624990,0.11212423,2.51436901
3.10874990,0.11369669,2.58538723
3.11124990,0.15453076,4.77595139
3.11374990,0.18549488,6.88167095
3.11624990,0.18848705,7.10547400
3.11874990,0.22575882,10.19340897
3.12124990,0.23304676,10.86215782
3.12374990,0.26751050,14.31237411
3.12624990,0.39526537,31.24694061
3.12874990,0.73187929,107.12945557
3.13124990,0.73178548,107.10198975
3.13374990,0.81316179,132.24641418
3.13624990,0.87932676,154.64311218
3.13874990,0.88669538,157.24572754
3.14124990,0.95425045,182.11880493
3.14374990,1.02412987,209.76838684
3.14624990,1.09581459,240.16191101
3.14874990,1.24539542,310.20196533
3.15124990,1.50972760,455.85552979
3.15374990,1.50988317,455.94943237
3.15624990,1.51115894,456.72027588
3.15874990,1.76303279,621.65686035
3.16124990,1.80983853,655.10308838
3.16374990,1.81847405,661.36962891
3.16624990,1.82944345,669.37261963
3.16874990,1.85088468,685.15478516
3.17124990,1.85534954,688.46435547
3.17374990,1.92113566,738.15240479
3.17624990,1.89912140,721.33245850
3.17874990,1.79645002,645.44647217
3.18124990,1.81115937,656.05963135
3.18374990,1.80653417,652.71307373
3.18624990,1.77763438,631.99682617
3.18874990,1.78064418,634.13873291
3.19124990,1.74527419,609.19641113
3.19374990,1.70538616,581.66833496
3.19624990,1.66083848,551.67687988
3.19874990,1.55201101,481.74761963
3.20124990,1.29531693,335.56918335
3.20374990,1.29499543,335.40258789
3.20624990,1.29175973,333.72863770
3.20874990,0.91853857,168.74261475
3.21124990,0.81592703,133.14738464
3.21374990,0.78981340,124.76103210
3.21624990,0.76321155,116.49837494
3.21874990,0.69878298,97.65953064
3.22124990,0.68455660,93.72355652
3.22374990,0.45103639,40.68676758
3.22624990,0.45052513,40.59457779
3.22874990,0.44985834,40.47450638
3.23124990,0.38649657,29.87591934
3.23374990,0.20095871,8.07688141
3.23624990,0.17574146,6.17701244
3.23874990,0.08503105,1.44605577
3.24124990,0.08640528,1.49317443
3.24374990,0.07608493,1.15778315
3.24624990,0.06278896,0.78849077
3.24874990,0.05617351,0.63109267
3.25124990,0.05677708,0.64472735
3.25374990,0.05587841,0.62447935
3.25624990,0.05608225,0.62904382
3.25874990,0.05701249,0.65008491
3.26124990,0.05533001,0.61228198
3.26374990,0.05531816,0.61201984
3.26624990,0.05432193,0.59017444
3.26874990,0.05313085,0.56457746
3.27124990,0.05610527,0.62956023
3.27374990,0.05174438,0.53549612
3.27624990,0.04863582,0.47308856
3.27874990,0.04941227,0.48831445
3.28124990,0.04877179,0.47573748
3.28374990,0.04911182,0.48239407
3.28624990,0.04860110,0.47241336
3.28874990,0.04768199,0.45471436
3.29124990,0.04233395,0.35843271
3.29374990,0.04061229,0.32987162
3.29624990,0.03710420,0.27534428
3.29874990,0.03696880,0.27333847
3.30124990,0.03612649,0.26102468
3.30374990,0.03639717,0.26495084
3.30624990,0.04036719,0.32590204
3.30874990,0.03812910,0.29076567
3.31124990,0.03910817,0.30588984
3.31374990,0.03863699,0.29856342
3.31624990,0.03847595,0.29607970
3.31874990,0.03810770,0.29043931
3.32124990,0.03145832,0.19792514
3.32374990,0.03070607,0.18857254
3.32624990,0.03605089,0.25993335
3.32874990,0.03578546,0.25611988
3.33124990,0.03787236,0.28686312
3.33374990,0.03629770,0.26350456
3.33624990,0.03654135,0.26705408
3.33874990,0.03788335,0.28702971
3.34124990,0.03787623,0.28692168
3.34374990,0.04041851,0.32673109
3.34624990,0.04087988,0.33423287
3.34874990,0.04160015,0.34611446
3.35124990,0.04233650,0.35847592
3.35374990,0.04203512,0.35339025
3.35624990,0.04027273,0.32437855
3.35874990,0.04027908,0.32448080
3.36124990,0.03910568,0.30585077
3.36374990,0.03951642,0.31230953
3.36624990,0.03994524,0.31912446
3.36874990,0.03994159,0.31906611
3.37124990,0.03928269,0.30862594
3.37374990,0.03955101,0.31285644
3.37624990,0.03654619,0.26712480
3.37874990,0.03574827,0.25558773
3.38124990,0.03341711,0.22334057
3.38374990,0.03367103,0.22674760
3.38624990,0.03320421,0.22050388
3.38874990,0.03338642,0.22293061
3.39124990,0.03442600,0.23702988
3.39374990,0.03236017,0.20943609
3.39624990,0.03201492,0.20499101
3.39874990,0.03325037,0.22111745
3.40124990,0.03221795,0.20759927
3.40374990,0.03278622,0.21498728
3.40624990,0.02989168,0.17870247
3.40874990,0.02927609,0.17141791
3.41124990,0.03009946,0.18119544
3.41374990,0.02941051,0.17299557
3.41624990,0.03027434,0.18330716
3.41874990,0.03031812,0.18383771
3.42124990,0.03078748,0.18957378
3.42374990,0.03045722,0.18552841
3.42624990,0.02936690,0.17248303
3.42874990,0.02935104,0.17229675
3.43124990,0.02999997,0.17999965
3.43374990,0.02961116,0.17536409
3.43624990,0.02965886,0.17592955
3.43874990,0.02808056,0.15770355
3.44124990,0.02680593,0.14371155
3.44374990,0.02489205,0.12392282
3.44624990,0.02454677,0.12050879
3.44874990,0.02177449,0.09482566
3.45124990,0.02152638,0.09267702
3.45374990,0.02031531,0.08254233
3.45624990,0.02021275,0.08171103
3.45874990,0.02099656,0.08817106
3.46124990,0.01971684,0.07775079
3.46374990,0.01979985,0.07840678
3.46624990,0.01766896,0.06243842
3.46874990,0.01760448,0.06198354
3.47124990,0.01684739,0.05676688
3.47374990,0.01685307,0.05680522
3.47624990,0.01529128,0.04676462
3.47874990,0.01569784,0.04928445
3.48124990,0.01465102,0.04293050
3.48374990,0.01494776,0.04468708
3.48624990,0.01479654,0.04378752
3.48874990,0.01430526,0.04092807
3.49124990,0.01454125,0.04228959
3.49374990,0.01645781,0.05417192
3.49624990,0.01643801,0.05404163
3.49874990,0.01831796,0.06710953
3.50124990,0.01842730,0.06791312
3.50374990,0.01910662,0.07301262
3.50624990,0.01962457,0.07702477
3.50874990,0.01878305,0.07056058
3.51124990,0.02013602,0.08109190
3.51374990,0.01990370,0.07923146
3.51624990,0.02056231,0.08456168
3.51874990,0.02055722,0.08451986
3.52124990,0.02050471,0.08408864
3.52374990,0.02062951,0.08511535
3.52624990,0.02057614,0.08467549
3.52874990,0.02021502,0.08172937
3.53124990,0.02039017,0.08315179
3.53374990,0.02021529,0.08173157
3.53624990,0.02032890,0.08265284
3.53874990,0.02027073,0.08218053
3.54124990,0.02081263,0.08663315
3.54374990,0.01925357,0.07413997
3.54624990,0.01962955,0.07706381
3.54874990,0.01789356,0.06403593
3.55124990,0.01939280,0.07521611
3.55374990,0.01857679,0.06901944
3.55624990,0.01803671,0.06506457
3.55874990,0.01861558,0.06930800
3.56124990,0.01714155,0.05876651
3.56374990,0.01810721,0.06557419
3.56624990,0.01747803,0.06109633
3.56874990,0.01804213,0.06510371
3.57124990,0.01703167,0.05801555
3.57374990,0.01884697,0.07104167
3.57624990,0.01954879,0.07643101
3.57874990,0.02168567,0.09405366
3.58124990,0.02173001,0.09443865
3.58374990,0.02374776,0.11279120
3.58624990,0.02333564,0.10891043
3.58874990,0.02466722,0.12169439
3.59124990,0.02464729,0.12149774
3.59374990,0.02582852,0.13342248
3.59624990,0.02558511,0.13091961
3.59874990,0.02610230,0.13626602
3.60124990,0.02586176,0.13376614
3.60374990,0.02587969,0.13395172
3.60624990,0.02736221,0.14973807
3.60874990,0.02733756,0.14946847
3.61124990,0.02903129,0.16856319
3.61374990,0.02911493,0.16953586
3.61624990,0.02897179,0.16787289
3.61874990,0.02909530,0.16930728
3.62124990,0.02988898,0.17867027
3.62374990,0.02920365,0.17057069
3.62624990,0.02917027,0.17018095
3.62874990,0.02803310,0.15717097
3.63124990,0.02770644,0.15352938
3.63374990,0.02639948,0.13938649
3.63624990,0.02672919,0.14288996
3.63874990,0.02660923,0.14161026
3.64124990,0.02625767,0.13789302
3.64374990,0.02635166,0.13888197
3.64624990,0.02724520,0.14846025
3.64874990,0.02927184,0.17136809
3.65124990,0.02851869,0.16266316
3.65374990,0.02848143,0.16223831
3.65624990,0.02824765,0.15958589
3.65874990,0.02796728,0.15643375
3.66124990,0.02902256,0.16846181
3.66374990,0.02834456,0.16068278
3.66624990,0.02834366,0.16067261
3.66874990,0.02862651,0.16389537
3.67124990,0.02779420,0.15450346
3.67374990,0.02724018,0.14840546
3.67624990,0.02643646,0.13977733
3.67874990,0.02668570,0.14242530
3.68124990,0.02695625,0.14532790
3.68374990,0.02676586,0.14328229
3.68624990,0.02666084,0.14216003
3.68874990,0.02623728,0.13767900
3.69124990,0.02900423,0.16824913
3.69374990,0.02819409,0.15898138
3.69624990,0.02910200,0.16938525
3.69874990,0.02753606,0.15164694
3.70124990,0.02754891,0.15178850
3.70374990,0.02790591,0.15574801
3.70624990,0.02666663,0.14222188
3.70874990,0.02674312,0.14303884
3.71124990,0.02372098,0.11253698
3.71374990,0.02446347,0.11969231
3.71624990,0.02544711,0.12951109
3.71874990,0.02485524,0.12355663
3.72124990,0.02486266,0.12363033
3.72374990,0.02485165,0.12352087
3.72624990,0.02591047,0.13427050
3.72874990,0.02602113,0.13541980
3.73124990,0.02811394,0.15807870
3.73374990,0.02970909,0.17652604
3.73624990,0.03388330,0.22961569
3.73874990,0.03413616,0.23305553
3.74124990,0.03167550,0.20066741
3.74374990,0.03187620,0.20321845
3.74624990,0.03042038,0.18507989
3.74874990,0.03001990,0.18023890
3.75124990,0.02995635,0.17947659
3.75374990,0.03012059,0.18145004
3.75624990,0.03193310,0.20394458
3.75874990,0.03272702,0.21421155
3.76124990,0.03458898,0.23927954
3.76374990,0.03712703,0.27568328
3.76624990,0.03859907,0.29797766
3.76874990,0.03847235,0.29602441
3.77124990,0.04116897,0.33897686
3.77374990,0.04129398,0.34103855
3.77624990,0.04082227,0.33329153
3.77874990,0.04082287,0.33330140
3.78124990,0.04335949,0.37600911
3.78374990,0.04212584,0.35491729
3.78624990,0.03930647,0.30899966
3.78874990,0.03949757,0.31201151
3.79124990,0.03984137,0.31746688
3.79374990,0.04053217,0.32857135
3.79624990,0.04038834,0.32624361
3.79874990,0.03994406,0.31910557
3.80124990,0.04136360,0.34218943
3.80374990,0.04262176,0.36332282
3.80624990,0.04796619,0.46015111
3.80874990,0.04760427,0.45323336
3.81124990,0.04624751,0.42776644
3.81374990,0.04400714,0.38732561
3.81624990,0.04212184,0.35484982
3.81874990,0.04312891,0.37202057
3.82124990,0.04158030,0.34578425
3.82374990,0.04145129,0.34364194
3.82624990,0.04316038,0.37256360
3.82874990,0.04369916,0.38192326
3.83124990,0.03993467,0.31895560
3.83374990,0.04074356,0.33200744
3.83624990,0.04026959,0.32432801
3.83874990,0.04030937,0.32496905
3.84124990,0.04004283,0.32068568
3.84374990,0.03940223,0.31050718
3.84624990,0.03996605,0.31945702
3.84874990,0.03992997,0.31888056
3.85124990,0.04029584,0.32475102
3.85374990,0.03860251,0.29803070
3.85624990,0.03055632,0.18673776
3.85874990,0.03057500,0.18696614
3.86124990,0.03124140,0.19520503
3.86374990,0.03922669,0.30774659
3.86624990,0.03967300,0.31478930
3.86874990,0.03869256,0.29942292
3.87124990,0.03759480,0.28267387
3.87374990,0.03880597,0.30118057
3.87624990,0.03707030,0.27484137
3.87874990,0.03661679,0.26815784
3.88124990,0.03625263,0.26285061
3.88374990,0.03594425,0.25839782
3.88624990,0.03854665,0.29716885
3.88874990,0.03957323,0.31320810
3.89124990,0.04129389,0.34103703
3.89374990,0.04152820,0.34491819
3.89624990,0.04270839,0.36480123
3.89874990,0.04293313,0.36865062
3.90124990,0.04353642,0.37908405
3.90374990,0.04371930,0.38227546
3.90624990,0.04365733,0.38119256
3.90874990,0.04406596,0.38836181
3.91124990,0.04577002,0.41897887
3.91374990,0.04015588,0.32249886
3.91624990,0.03976921,0.31631809
3.91874990,0.04008323,0.32133305
3.92124990,0.04055214,0.32889512
3.92374990,0.03978689,0.31659925
3.92624990,0.03968941,0.31504977
3.92874990,0.03981113,0.31698522
3.93124990,0.04434220,0.39324626
3.93374990,0.04420323,0.39078504
3.93624990,0.04199392,0.35269779
3.93874990,0.04025831,0.32414642
3.94124990,0.03877546,0.30070725
3.94374990,0.03904843,0.30495605
3.94624990,0.03918942,0.30716208
3.94874990,0.03919907,0.30731344
3.95124990,0.03698578,0.27358955
3.95374990,0.03677662,0.27050400
3.95624990,0.03631764,0.26379412
3.95874990,0.03897349,0.30378655
3.96124990,0.03794445,0.28795621
3.96374990,0.03672346,0.26972246
3.96624990,0.03666370,0.26884541
3.96874990,0.03761527,0.28298172
3.97124990,0.03784623,0.28646740
3.97374990,0.03917004,0.30685839
3.97624990,0.03891135,0.30281860
3.97874990,0.03916948,0.30684969
3.98124990,0.03439640,0.23662239
3.98374990,0.03462642,0.23979780
3.98624990,0.03458172,0.23917907
3.98874990,0.03630648,0.26363209
3.99124990,0.03592092,0.25806248
3.99374990,0.03893097,0.30312416
3.99624990,0.03712312,0.27562523
3.99874990,0.03717401,0.27638140
4.00124990,0.03709723,0.27524090
4.00374990,0.03777641,0.28541145
4.00624990,0.04488620,0.40295416
4.00874990,0.04234887,0.35868531
4.01124990,0.04097269,0.33575222
4.01374990,0.04177544,0.34903753
4.01624990,0.04552908,0.41457945
4.01874990,0.04441334,0.39450896
4.02124990,0.04461601,0.39811757
4.02374990,0.04335878,0.37599671
4.02624990,0.04354652,0.37925991
4.02874990,0.04263590,0.36356404
4.03124990,0.04491717,0.40351048
4.03374990,0.04495370,0.40416700
4.03624990,0.04556726,0.41527507
4.03874990,0.04404460,0.38798541
4.04124990,0.04403761,0.38786221
4.04374990,0.04426061,0.39180022
4.04624990,0.04484845,0.40227658
4.04874990,0.04468594,0.39936677
4.05124990,0.04442237,0.39466935
4.05374990,0.04504672,0.40584150
4.05624990,0.04030822,0.32495055
4.05874990,0.04360558,0.38028932
4.06124990,0.04363013,0.38071764
4.06374990,0.04417963,0.39036795
4.06624990,0.04048072,0.32773778
4.06874990,0.04038876,0.32625043
4.07124990,0.04023684,0.32380068
4.07374990,0.04097013,0.33571035
4.07624990,0.04078455,0.33267584
4.07874990,0.04315972,0.37255231
4.08124990,0.04063515,0.33024305
4.08374990,0.04211895,0.35480118
4.08624990,0.04134234,0.34183785
4.08874990,0.04157167,0.34564075
4.09124990,0.04700577,0.44190836
4.09374990,0.04344345,0.37746656
4.09624990,0.04345335,0.37763876
4.09874990,0.04384072,0.38440180
4.10124990,0.04498470,0.40472463
4.10374990,0.04434494,0.39329475
4.10624990,0.04414393,0.38973734
4.10874990,0.04068844,0.33110982
4.11124990,0.04347996,0.37810135
4.11374990,0.04208591,0.35424474
4.11624990,0.04441408,0.39452207
4.11874990,0.04600888,0.42336348
4.12124990,0.04567854,0.41730589
4.12374990,0.04527189,0.40990883
4.12624990,0.04590178,0.42139471
4.12874990,0.04889295,0.47810400
4.13124990,0.04894191,0.47906205
4.13374990,0.04779470,0.45686677
4.13624990,0.04880559,0.47639704
4.13874990,0.05198482,0.54048425
4.14124990,0.04729865,0.44743240
4.14374990,0.04787756,0.45845211
4.14624990,0.04725105,0.44653237
4.14874990,0.04937343,0.48754707
4.15124990,0.04833573,0.46726859
4.15374990,0.05061803,0.51243693
4.15624990,0.05011351,0.50227278
4.15874990,0.05030166,0.50605136
4.16124990,0.04843666,0.46922195
4.16374990,0.04936388,0.48735857
4.16624990,0.04841569,0.46881571
4.16874990,0.04705655,0.44286373
4.17124990,0.05891317,0.69415224
4.17374990,0.06393854,0.81762731
4.17624990,0.08609699,1.48253822
4.17874990,0.08558017,1.46479309
4.18124990,0.08920386,1.59146571
4.18374990,0.11491662,2.64116549
4.18624990,0.11815771,2.79224920
4.18874990,0.13534702,3.66376305
4.19124990,0.14730912,4.33999586
4.19374990,0.18106137,6.55664444
4.19624990,0.22388507,10.02490520
4.19874990,0.23247467,10.80889511
4.20124990,0.25455046,12.95918846
4.20374990,0.25400439,12.90364456
4.20624990,0.25894544,13.41054726
4.20874990,0.27875692,15.54108429
4.21124990,0.27890292,15.55736637
4.21374990,0.27969128,15.64544296
4.21624990,0.29244700,17.10504913
4.21874990,0.30175003,18.21061516
4.22124990,0.34571701,23.90405273
4.22374990,0.38518077,29.67284203
4.22624990,0.38507470,29.65650558
4.22874990,0.40524468,32.84465027
4.23124990,0.83349973,138.94435120
4.23374990,0.97285271,189.28848267
4.23624990,1.05243683,221.52467346
4.23874990,1.21250248,294.03244019
4.24124990,1.41740692,401.80844116
4.24374990,1.84565115,681.28564453
4.24624990,1.92043674,737.61541748
4.24874990,1.95231700,762.30834961
4.25124990,2.13126421,908.45751953
4.25374990,2.34135318,1096.38696289
4.25624990,2.46454096,1214.79248047
4.25874990,2.46492052,1215.16674805
4.26124990,2.47772098,1227.82019043
4.26374990,2.69874120,1456.64086914
4.26624990,3.01071119,1812.87646484
4.26874990,3.17696500,2018.62121582
4.27124990,3.30725574,2187.58813477
4.27374990,3.33463812,2223.96240234
4.27624990,3.35126972,2246.20166016
4.27874990,3.38351536,2289.63500977
4.28124990,3.30560684,2185.40747070
4.28374990,3.28072000,2152.62500000
4.28624990,3.27279329,2142.23510742
4.28874990,3.21887112,2072.22631836
4.29124990,3.13516450,1965.85144043
4.29374990,2.98098731,1777.25695801
4.29624990,3.01507831,1818.13952637
4.29874990,3.07075238,1885.90393066
4.30124990,2.97806954,1773.77954102
4.30374990,2.82574987,1596.97241211
4.30624990,2.72236586,1482.25512695
4.30874990,2.72054982,1480.27832031
4.31124990,2.70893812,1467.66918945
4.31374990,2.48881173,1238.83679199
4.31624990,2.09902835,881.18408203
4.31874990,1.83632731,674.41961670
4.32124990,1.58062923,499.67776489
4.32374990,1.51238585,457.46221924
4.32624990,1.47492099,435.07839966
4.32874990,1.39425731,388.79071045
4.33124990,1.39153266,387.27261353
4.33374990,1.35810041,368.88735962
4.33624990,1.31713915,346.97113037
4.33874990,1.31094766,343.71676636
4.34124990,1.30719197,341.75018311
4.34374990,1.11514831,248.71116638
4.34624990,0.86032784,148.03280640
4.34874990,0.52319849,54.74732971
4.35124990,0.30493388,18.59693336
4.35374990,0.19418818,7.54181004
4.35624990,0.12955669,3.35698700
4.35874990,0.11881346,2.82332778
4.36124990,0.11778426,2.77462673
4.36374990,0.11588239,2.68574572
4.36624990,0.11522485,2.65535331
4.36874990,0.11385432,2.59256101
4.37124990,0.10993554,2.41716456
4.37374990,0.10911818,2.38135552
4.37624990,0.09659080,1.86595678
4.37874990,0.08559518,1.46530724
4.38124990,0.07048513,0.99363065
4.38374990,0.06144086,0.75499582
4.38624990,0.05781836,0.66859257
4.38874990,0.04923676,0.48485175
4.39124990,0.04353688,0.37909207
4.39374990,0.03994345,0.31909585
4.39624990,0.04032478,0.32521766
4.39874990,0.04251013,0.36142230
4.40124990,0.04110553,0.33793285
4.40374990,0.03718863,0.27659890
4.40624990,0.03618546,0.26187754
4.40874990,0.03842372,0.29527643
4.41124990,0.03800396,0.28886023
4.41374990,0.03791706,0.28754061
4.41624990,0.03690528,0.27239993
4.41874990,0.03508149,0.24614227
4.42124990,0.03626497,0.26302955
4.42374990,0.03775008,0.28501374
4.42624990,0.03842184,0.29524755
4.42874990,0.03767782,0.28392372
4.43124990,0.03706618,0.27478027
4.43374990,0.03917928,0.30700323
4.43624990,0.03874421,0.30022272
4.43874990,0.03910700,0.30587149
4.44124990,0.03883590,0.30164546
4.44374990,0.04154276,0.34516022
4.44624990,0.04119435,0.33939487
4.44874990,0.03862432,0.29836762
4.45124990,0.03860766,0.29811028
4.45374990,0.03907926,0.30543774
4.45624990,0.04077611,0.33253831
4.45874990,0.03852239,0.29679483
4.46124990,0.03791069,0.28744411
4.46374990,0.03864215,0.29864308
4.46624990,0.03969656,0.31516328
4.46874990,0.03971709,0.31548950
4.47124990,0.04085534,0.33383179
4.47374990,0.03794372,0.28794527
4.47624990,0.03730591,0.27834624
4.47874990,0.03747472,0.28087091
4.48124990,0.03754958,0.28199419
4.48374990,0.03767363,0.28386050
4.48624990,0.03737378,0.27936000
4.48874990,0.03707555,0.27491921
4.49124990,0.03801493,0.28902704
4.49374990,0.03429336,0.23520693
4.49624990,0.03392985,0.23024695
4.49874990,0.03386160,0.22932160
4.50124990,0.03484206,0.24279378
4.50374990,0.03596320,0.25867042
4.50624990,0.03262313,0.21285376
4.50874990,0.03303973,0.21832468
4.51124990,0.03298764,0.21763684
4.51374990,0.03329149,0.22166467
4.51624990,0.03103286,0.19260767
4.51874990,0.03577641,0.25599027
4.52124990,0.03358878,0.22564121
4.52374990,0.03371567,0.22734922
4.52624990,0.03372608,0.22748965
4.52874990,0.03674622,0.27005699
4.53124990,0.03652061,0.26675099
4.53374990,0.03410941,0.23269036
4.53624990,0.03452383,0.23837897
4.53874990,0.03820814,0.29197240
4.54124990,0.03724600,0.27745283
4.54374990,0.03772821,0.28468350
4.54624990,0.03852696,0.29686537
4.54874990,0.03936169,0.30986845
4.55124990,0.03855703,0.29732895
4.55374990,0.04054005,0.32869905
4.55624990,0.04077766,0.33256355
4.55874990,0.04057300,0.32923368
4.56124990,0.04142127,0.34314439
4.56374990,0.04098774,0.33599907
4.56624990,0.04071437,0.33153200
4.56874990,0.03825648,0.29271162
4.57124990,0.04041283,0.32663935
4.57374990,0.04030698,0.32493052
4.57624990,0.04096077,0.33555692
4.57874990,0.03807017,0.28986758
4.58124990,0.03797518,0.28842288
4.58374990,0.03848766,0.29626006
4.58624990,0.03827478,0.29299170
4.58874990,0.03456432,0.23893848
4.59124990,0.03464282,0.24002498
4.59374990,0.03413692,0.23306593
4.59624990,0.03543242,0.25109127
4.59874990,0.03514922,0.24709359
4.60124990,0.03501080,0.24515125
4.60374990,0.03046642,0.18564054
4.60624990,0.03112121,0.19370598
4.60874990,0.03095444,0.19163552
4.61124990,0.03117683,0.19439892
4.61374990,0.03014811,0.18178166
4.61624990,0.03121602,0.19488803
4.61874990,0.03126931,0.19555393
4.62124990,0.02794501,0.15618470
4.62374990,0.02895128,0.16763535
4.62624990,0.02890726,0.16712597
4.62874990,0.03204781,0.20541248
4.63124990,0.03206814,0.20567313
4.63374990,0.03262777,0.21291421
4.63624990,0.03232465,0.20897657
4.63874990,0.03411371,0.23274906
4.64124990,0.03508861,0.24624205
4.64374990,0.03501766,0.24524733
4.64624990,0.03318691,0.22027412
4.64874990,0.03249838,0.21122897
4.65124990,0.03400046,0.23120619
4.65374990,0.03398664,0.23101829
4.65624990,0.03309737,0.21908721
4.65874990,0.03541182,0.25079933
4.66124990,0.03382072,0.22876826
4.66374990,0.03408011,0.23229080
4.66624990,0.03397302,0.23083314
4.66874990,0.03202870,0.20516759
4.67124990,0.03203024,0.20518722
4.67374990,0.03147700,0.19816029
4.67624990,0.03109276,0.19335195
4.67874990,0.02803191,0.15715763
4.68124990,0.02902077,0.16844106
4.68374990,0.02774796,0.15398988
4.68624990,0.02803108,0.15714826
4.68874990,0.02677514,0.14338160
4.69124990,0.02753438,0.15162842
4.69374990,0.02739712,0.15012045
4.69624990,0.02884528,0.16641004
4.69874990,0.02891207,0.16718163
4.70124990,0.02798106,0.15658797
4.70374990,0.03063979,0.18775937
4.70624990,0.03246853,0.21084103
4.70874990,0.03136786,0.19678852
4.71124990,0.03141841,0.19742332
4.71374990,0.03434197,0.23587418
4.71624990,0.03346946,0.22404099
4.71874990,0.03531736,0.24946317
4.72124990,0.03537958,0.25034294
4.72374990,0.03568014,0.25461441
4.72624990,0.03784092,0.28638706
4.72874990,0.03760475,0.28282341
4.73124990,0.03731637,0.27850232
4.73374990,0.03729413,0.27817047
4.73624990,0.03697934,0.27349439
4.73874990,0.03625528,0.26288903
4.74124990,0.03441451,0.23687166
4.74374990,0.03473693,0.24133083
4.74624990,0.03633614,0.26406294
4.74874990,0.03734129,0.27887431
4.75124990,0.03677865,0.27053380
4.75374990,0.03454871,0.23872265
4.75624990,0.03288811,0.21632560
4.75874990,0.03234024,0.20917816
4.76124990,0.03223793,0.20785686
4.76374990,0.02921624,0.17071775
4.76624990,0.02885423,0.16651338
4.76874990,0.02677958,0.14342913
4.77124990,0.02671350,0.14272225
4.77374990,0.02638679,0.13925256
4.77624990,0.02333220,0.10887828
4.77874990,0.02482914,0.12329721
4.78124990,0.02592474,0.13441843
4.78374990,0.02600561,0.13525838
4.78624990,0.02660494,0.14156459
4.78874990,0.02710064,0.14688890
4.79124990,0.02933445,0.17210197
4.79374990,0.03013137,0.18157995
4.79624990,0.02617750,0.13705231
4.79874990,0.02463241,0.12135115
4.80124990,0.02463901,0.12141618
4.80374990,0.02467768,0.12179761
4.80624990,0.02552351,0.13028988
4.80874990,0.02475330,0.12254520
4.81124990,0.02503352,0.12533544
4.81374990,0.02467507,0.12177185
4.81624990,0.02471079,0.12212469
4.81874990,0.02504251,0.12542549
4.82124990,0.02745504,0.15075585
4.82374990,0.02789223,0.15559527
4.82624990,0.02830107,0.16019008
4.82874990,0.02729667,0.14902164
4.83124990,0.02587810,0.13393524
4.83374990,0.02692941,0.14503866
4.83624990,0.02740645,0.15022272
4.83874990,0.02738058,0.14993921
4.84124990,0.02494374,0.12443807
4.84374990,0.02440945,0.11916421
4.84624990,0.02447225,0.11977820
4.84874990,0.02819496,0.15899119
4.85124990,0.02820402,0.15909331
4.85374990,0.02818803,0.15891302
4.85624990,0.02795659,0.15631422
4.85874990,0.02784206,0.15503606
4.86124990,0.02887265,0.16672602
4.86374990,0.03117271,0.19434759
4.86624990,0.03227294,0.20830856
4.86874990,0.03204019,0.20531477
4.87124990,0.03044023,0.18532149
4.87374990,0.03060374,0.18731782
4.87624990,0.03191740,0.20374416
4.87874990,0.03341456,0.22330658
4.88124990,0.03358668,0.22561306
4.88374990,0.03279015,0.21503884
4.88624990,0.03314406,0.21970578
4.88874990,0.03304452,0.21838805
4.89124990,0.03319167,0.22033738
4.89374990,0.03401248,0.23136975
4.89624990,0.03398040,0.23093349
4.89874990,0.03118662,0.19452101
4.90124990,0.03176275,0.20177446
4.90374990,0.03190878,0.20363402
4.90624990,0.03161066,0.19984674
4.90874990,0.03174615,0.20156357
4.91124990,0.03137345,0.19685864
4.91374990,0.02975838,0.17711225
4.91624990,0.03147960,0.19819303
4.91874990,0.03368401,0.22692251
4.92124990,0.03362993,0.22619449
4.92374990,0.03430144,0.23531780
4.92624990,0.03390049,0.22984870
4.92874990,0.03470594,0.24090053
4.93124990,0.03598269,0.25895077
4.93374990,0.03633505,0.26404727
4.93624990,0.03582541,0.25669193
4.93874990,0.03854923,0.29720867
4.94124990,0.03869572,0.29947174
4.94374990,0.03966486,0.31466019
4.94624990,0.03998346,0.31973538
4.94874990,0.04074105,0.33196661
4.95124990,0.04028223,0.32453164
4.95374990,0.04034755,0.32558489
4.95624990,0.04239320,0.35943675
4.95874990,0.04368252,0.38163260
4.96124990,0.04435193,0.39341873
4.96374990,0.04387421,0.38498926
4.96624990,0.04186467,0.35053021
4.96874990,0.04058012,0.32934922
4.97124990,0.04195772,0.35209006
4.97374990,0.04168364,0.34750521
4.97624990,0.04082700,0.33336878
4.97874990,0.03874511,0.30023676
4.98124990,0.03796180,0.28821963
4.98374990,0.03867699,0.29918191
4.98624990,0.03838632,0.29470193
4.98874990,0.03932613,0.30930895
4.99124990,0.03937505,0.31007892
4.99374990,0.03818551,0.29162657
4.99624990,0.03832372,0.29374141
4.99874990,0.03773556,0.28479451
5.00124990,0.04113000,0.33833534
5.00374990,0.04098956,0.33602870
5.00624990,0.04022411,0.32359570
5.00874990,0.03966510,0.31466410
5.01124990,0.03851939,0.29674867
5.01374990,0.04002155,0.32034490
5.01624990,0.04018890,0.32302958
5.01874990,0.04039616,0.32636997
5.02124990,0.04011123,0.32178211
5.02374990,0.03990147,0.31842542
5.02624990,0.04022608,0.32362756
5.02874990,0.04059187,0.32953992
5.03124990,0.04248160,0.36093736
5.03374990,0.04142615,0.34322524
5.03624990,0.04285454,0.36730227
5.03874990,0.03925985,0.30826724
5.04124990,0.03995157,0.31922555
5.04374990,0.03948365,0.31179172
5.04624990,0.03923671,0.30790395
5.04874990,0.03916591,0.30679378
5.05124990,0.03552237,0.25236776
5.05374990,0.03546797,0.25159541
5.05624990,0.03417387,0.23357067
5.05874990,0.03319538,0.22038661
5.06124990,0.03367616,0.22681677
5.06374990,0.03267873,0.21357983
5.06624990,0.03303669,0.21828459
5.06874990,0.03199465,0.20473154
5.07124990,0.03036548,0.18441246
5.07374990,0.03000611,0.18007338
5.07624990,0.02881144,0.16601978
5.07874990,0.02848249,0.16225046
5.08124990,0.02432567,0.11834767
5.08374990,0.02440779,0.11914800
5.08624990,0.02135378,0.09119678
5.08874990,0.02136464,0.09128957
5.09124990,0.01943605,0.07555199
5.09374990,0.01836556,0.06745874
5.09624990,0.01787975,0.06393713
5.09874990,0.01724343,0.05946719
5.10124990,0.01725531,0.05954912
5.10374990,0.01746264,0.06098876
5.10624990,0.01663750,0.05536128
5.10874990,0.01608652,0.05175521
5.11124990,0.01458497,0.04254425
5.11374990,0.01353810,0.03665603
5.11624990,0.01247536,0.03112690
5.11874990,0.01249888,0.03124442
5.12124990,0.01196438,0.02862930
5.12374990,0.00984233,0.01937431
5.12624990,0.01016001,0.02064515
5.12874990,0.00949560,0.01803327
5.13124990,0.00953256,0.01817396
5.13374990,0.00934069,0.01744971
5.13624990,0.00952010,0.01812645
5.13874990,0.00998646,0.01994587
5.14124990,0.01025464,0.02103154
5.14374990,0.01017373,0.02070094
5.14624990,0.01017015,0.02068639
5.14874990,0.01024482,0.02099129
5.15124990,0.01071947,0.02298141
5.15374990,0.01112401,0.02474874
5.15624990,0.01190359,0.02833910
5.15874990,0.01184215,0.02804731
5.16124990,0.01160315,0.02692661
5.16374990,0.01072880,0.02302144
5.16624990,0.01033546,0.02136436
5.16874990,0.01031668,0.02128677
5.17124990,0.01053958,0.02221657
5.17374990,0.01082173,0.02342197
5.17624990,0.01225758,0.03004968
5.17874990,0.01238121,0.03065886
5.18124990,0.01258959,0.03169955
5.18374990,0.01256584,0.03158005
5.18624990,0.01231894,0.03035128
5.18874990,0.01248814,0.03119072
5.19124990,0.01236092,0.03055848
5.19374990,0.01236575,0.03058236
5.19624990,0.01243817,0.03094164
5.19874990,0.01227482,0.03013422
5.20124990,0.01181939,0.02793958
5.20374990,0.01112920,0.02477184
5.20624990,0.01017880,0.02072158
5.20874990,0.01019708,0.02079607
5.21124990,0.09658170,1.86560524
5.21374990,0.10798986,2.33236217
5.21624990,0.25368601,12.87131786
5.21874990,0.26262584,13.79446602
5.22124990,0.26294634,13.82815552
5.22374990,0.34068495,23.21324921
5.22624990,0.46267939,42.81444550
5.22874990,0.55986196,62.68907928
5.23124990,0.55986708,62.69023132
5.23374990,0.56027114,62.78075790
5.23624990,1.05261946,221.60156250
5.23874990,1.05415308,222.24775696
5.24124990,1.56297684,488.57934570
5.24374990,1.58385682,501.72045898
5.24624990,1.74878061,611.64672852
5.24874990,2.13405681,910.83959961
5.25124990,2.18656540,956.21350098
5.25374990,2.27233505,1032.70129395
5.25624990,2.27310181,1033.39843750
5.25874990,2.35705471,1111.14135742
5.26124990,2.35971379,1113.64978027
5.26374990,2.42981863,1180.80371094
5.26624990,2.43819308,1188.95715332
5.26874990,2.46334767,1213.61621094
5.27124990,2.81566548,1585.59448242
5.27374990,3.19620323,2043.14306641
5.27624990,3.52298474,2482.28417969
5.27874990,3.55793452,2531.77954102
5.28124990,3.61603069,2615.13549805
5.28374990,3.63910460,2648.61669922
5.28624990,3.59099913,2579.05493164
5.28874990,3.59612107,2586.41723633
5.29124990,3.41579080,2333.52563477
5.29374990,3.40667439,2321.08593750
5.29624990,3.35656071,2253.30029297
5.29874990,3.18005633,2022.55175781
5.30124990,3.15294003,1988.20605469
5.30374990,3.18358898,2027.04772949
5.30624990,3.18470883,2028.47412109
5.30874990,3.12847805,1957.47509766
5.31124990,3.32877469,2216.14819336
5.31374990,3.35900426,2256.58203125
5.31624990,3.50678205,2459.50415039
5.31874990,3.48870254,2434.20898438
5.32124990,3.31125784,2192.88549805
5.32374990,3.22021461,2073.95654297
5.32624990,2.97381449,1768.71459961
5.32874990,2.92256021,1708.27160645
5.33124990,2.86596942,1642.75622559
5.33374990,2.89292502,1673.80310059
5.33624990,2.84434795,1618.06286621
5.33874990,2.84909964,1623.47387695
5.34124990,2.83737755,1610.14221191
5.34374990,2.83701229,1609.72766113
5.34624990,2.79963708,1567.59375000
5.34874990,2.73798728,1499.31494141
5.35124990,2.72797561,1488.37023926
5.35374990,2.62015581,1373.04321289
5.35624990,2.61821222,1371.00708008
5.35874990,2.61178803,1364.28735352
5.36124990,2.34656763,1101.27587891
5.36374990,2.22864890,993.37524414
5.36624990,1.96460450,771.93414307
5.36874990,1.96426392,771.66656494
5.37124990,1.79027927,641.01995850
5.37374990,1.21041632,293.02151489
5.37624990,0.83528244,139.53935242
5.37874990,0.80831063,130.67320251
5.38124990,0.75112593,112.83804321
5.38374990,0.49102283,48.22068024
5.38624990,0.27116862,14.70648384
5.38874990,0.08086798,1.30792606
5.39124990,0.07742687,1.19898391
5.39374990,0.06750682,0.91143423
5.39624990,0.06782287,0.91998821
5.39874990,0.06524470,0.85137433
5.40124990,0.06200311,0.76887703
5.40374990,0.06454391,0.83318329
5.40624990,0.06188662,0.76599073
5.40874990,0.06111706,0.74705899
5.41124990,0.06051014,0.73229527
5.41374990,0.05373438,0.57747680
5.41624990,0.04497005,0.40446106
5.41874990,0.04852368,0.47090945
5.42124990,0.04667751,0.43575808
5.42374990,0.04655829,0.43353480
5.42624990,0.04612488,0.42550087
5.42874990,0.05316176,0.56523442
5.43124990,0.05500117,0.60502571
5.43374990,0.05630786,0.63411504
5.43624990,0.05669020,0.64275593
5.43874990,0.05914318,0.69958305
5.44124990,0.06010542,0.72253221
5.44374990,0.06034691,0.72834975
5.44624990,0.06003125,0.72075009
5.44874990,0.05744454,0.65997505
5.45124990,0.05752438,0.66181070
5.45374990,0.05463199,0.59693092
5.45624990,0.05622147,0.63217080
5.45874990,0.05599825,0.62716079
5.46124990,0.05629371,0.63379639
5.46374990,0.05679223,0.64507139
5.46624990,0.06070921,0.73712170
5.46874990,0.05711996,0.65253800
5.47124990,0.05770092,0.66587925
5.47374990,0.06200554,0.76893747
5.47624990,0.06440081,0.82949305
5.47874990,0.05674505,0.64400017
5.48124990,0.05461685,0.59660000
5.48374990,0.05655006,0.63958198
5.48624990,0.05717028,0.65368825
5.48874990,0.05380087,0.57890666
5.49124990,0.05344823,0.57134265
5.49374990,0.05365194,0.57570612
5.49624990,0.05329037,0.56797278
5.49874990,0.05183581,0.53739029
5.50124990,0.05518811,0.60914546
5.50374990,0.05534359,0.61258268
5.50624990,0.05307452,0.56338096
5.50874990,0.05697601,0.64925307
5.51124990,0.05839533,0.68200296
5.51374990,0.06101546,0.74457717
5.51624990,0.05708233,0.65167850
5.51874990,0.05907802,0.69804239
5.52124990,0.05843838,0.68300891
5.52374990,0.05430447,0.58979517
5.52624990,0.05085430,0.51723194
5.52874990,0.05045119,0.50906456
5.53124990,0.05045404,0.50912195
5.53374990,0.04714407,0.44451278
5.53624990,0.04803719,0.46151426
5.53874990,0.04779515,0.45687529
5.54124990,0.04701107,0.44200814
5.54374990,0.04993224,0.49864563
5.54624990,0.05105319,0.52128559
5.54874990,0.05078853,0.51589483
5.55124990,0.04861024,0.47259110
5.55374990,0.05072509,0.51460695
5.55624990,0.05109022,0.52204216
5.55874990,0.04759704,0.45309570
5.56124990,0.05007827,0.50156659
5.56374990,0.04896094,0.47943476
5.56624990,0.05115614,0.52339017
5.56874990,0.05094959,0.51917219
5.57124990,0.05128071,0.52594221
5.57374990,0.05364843,0.57563072
5.57624990,0.05470360,0.59849668
5.57874990,0.05534148,0.61253595
5.58124990,0.05581715,0.62311101
5.58374990,0.05556581,0.61751181
5.58624990,0.05613567,0.63024259
5.58874990,0.05938258,0.70525801
5.59124990,0.06184306,0.76491290
5.59374990,0.06018383,0.72441864
5.59624990,0.06082688,0.73998189
5.59874990,0.06442579,0.83013654
5.60124990,0.06318687,0.79851604
5.60374990,0.06491333,0.84274805
5.60624990,0.06690668,0.89530087
5.60874990,0.06693397,0.89603132
5.61124990,0.06372597,0.81219977
5.61374990,0.06595112,0.86991012
5.61624990,0.06439018,0.82921886
5.61874990,0.06416642,0.82346588
5.62124990,0.06617446,0.87581187
5.62374990,0.06549264,0.85785699
5.62624990,0.07119632,1.01378310
5.62874990,0.07417417,1.10036147
5.63124990,0.07983591,1.27475429
5.63374990,0.08115195,1.31712806
5.63624990,0.08111476,1.31592083
5.63874990,0.08229627,1.35453534
5.64124990,0.08045419,1.29457533
5.64374990,0.08160917,1.33201122
5.64624990,0.08067831,1.30179811
5.64874990,0.07809059,1.21962810
5.65124990,0.08026350,1.28844571
5.65374990,0.07769230,1.20721865
5.65624990,0.07622644,1.16209412
5.65874990,0.08056806,1.29824257
5.66124990,0.08107507,1.31463349
5.66374990,0.07761706,1.20488155
5.66624990,0.08105399,1.31394982
5.66874990,0.08315597,1.38298333
5.67124990,0.08125928,1.32061422
5.67374990,0.08279954,1.37115264
5.67624990,0.07944541,1.26231480
5.67874990,0.07662695,1.17433798
5.68124990,0.07187434,1.03318405
5.68374990,0.07443884,1.10822821
5.68624990,0.07268875,1.05673087
5.68874990,0.07053380,0.99500328
5.69124990,0.07352824,1.08128035
5.69374990,0.07153601,1.02348030
5.69624990,0.07258686,1.05377066
5.69874990,0.07592344,1.15287352
5.70124990,0.07376251,1.08818185
5.70374990,0.07386199,1.09111881
5.70624990,0.07339964,1.07750154
5.70874990,0.06888794,0.94910973
5.71124990,0.07190312,1.03401172
5.71374990,0.07529078,1.13374043
5.71624990,0.07289171,1.06264019
5.71874990,0.07236382,1.04730463
5.72124990,0.07425408,1.10273373
5.72374990,0.07095310,1.00686848
5.72624990,0.06997971,0.97943199
5.72874990,0.07062742,0.99764651
5.73124990,0.06981290,0.97476816
5.73374990,0.06748287,0.91078764
5.73624990,0.06790338,0.92217386
5.73874990,0.06650856,0.88467777
5.74124990,0.06696238,0.89679188
5.74374990,0.06697512,0.89713341
5.74624990,0.06593189,0.86940265
5.74874990,0.06930818,0.96072459
5.75124990,0.06987973,0.97663534
5.75374990,0.06939714,0.96319282
5.75624990,0.07751913,1.20184290
5.75874990,0.07672546,1.17735934
5.76124990,0.07322776,1.07246101
5.76374990,0.07147746,1.02180541
5.76624990,0.07057763,0.99624032
5.76874990,0.06837229,0.93495423
5.77124990,0.06788480,0.92166913
5.77374990,0.06786943,0.92125201
5.77624990,0.06855686,0.94000864
5.77874990,0.06766487,0.91570699
5.78124990,0.06689662,0.89503163
5.78374990,0.06816506,0.92929518
5.78624990,0.06762610,0.91465777
5.78874990,0.06725143,0.90455085
5.79124990,0.06500360,0.84509349
5.79374990,0.06476448,0.83888757
5.79624990,0.06670952,0.89003193
5.79874990,0.06633133,0.87996888
5.80124990,0.06557225,0.85994416
5.80374990,0.06694439,0.89631027
5.80624990,0.05862516,0.68738186
5.80874990,0.05917716,0.70038736
5.81124990,0.06082617,0.73996472
5.81374990,0.05878606,0.69116020
5.81624990,0.05826003,0.67884630
5.81874990,0.05725794,0.65569431
5.82124990,0.05525910,0.61071360
5.82374990,0.05900133,0.69623125
5.82624990,0.05989238,0.71741945
5.82874990,0.05927356,0.70267105
5.83124990,0.06138622,0.75365365
5.83374990,0.05807753,0.67459995
5.83624990,0.05844388,0.68313742
5.83874990,0.06618820,0.87617552
5.84124990,0.06513575,0.84853315
5.84374990,0.06539934,0.85541481
5.84624990,0.06575526,0.86475080
5.84874990,0.06081646,0.73972833
5.85124990,0.06283759,0.78971237
5.85374990,0.06143690,0.75489843
5.85624990,0.05991094,0.71786416
5.85874990,0.06001922,0.72046149
5.86124990,0.05833988,0.68070829
5.86374990,0.05942237,0.70620358
5.86624990,0.06491552,0.84280497
5.86874990,0.06465832,0.83613962
5.87124990,0.06488590,0.84203601
5.87374990,0.06203412,0.76964629
5.87624990,0.06081571,0.73971027
5.87874990,0.06110229,0.74669808
5.88124990,0.06087471,0.74114615
5.88374990,0.06070511,0.73702204
5.88624990,0.06118893,0.74881685
5.88874990,0.05247333,0.55069000
5.89124990,0.05750501,0.66136527
5.89374990,0.05721869,0.65479577
5.89624990,0.05413404,0.58609891
5.89874990,0.05168051,0.53417498
5.90124990,0.04952179,0.49048141
5.90374990,0.05978892,0.71494311
5.90624990,0.06036200,0.72871417
5.90874990,0.05964558,0.71151906
5.91124990,0.06078456,0.73895252
5.91374990,0.06264151,0.78479177
5.91624990,0.05735079,0.65782273
5.91874990,0.05754125,0.66219902
5.92124990,0.05747686,0.66071779
5.92374990,0.05842307,0.68265092
5.92624990,0.05595468,0.62618530
5.92874990,0.05575390,0.62169939
5.93124990,0.05431249,0.58996934
5.93374990,0.05465817,0.59750313
5.93624990,0.05388587,0.58073747
5.93874990,0.05389474,0.58092856
5.94124990,0.04801733,0.46113276
5.94374990,0.05209994,0.54288083
5.94624990,0.05199845,0.54076773
5.94874990,0.05155028,0.53148621
5.95124990,0.05124447,0.52519917
5.95374990,0.04076719,0.33239278
5.95624990,0.04000878,0.32014042
5.95874990,0.04295353,0.36900118
5.96124990,0.04133046,0.34164146
5.96374990,0.03692345,0.27266827
5.96624990,0.03701939,0.27408695
5.96874990,0.03875025,0.30031633
5.97124990,0.03865694,0.29887176
5.97374990,0.03632079,0.26383993
5.97624990,0.03613410,0.26113465
5.97874990,0.03617438,0.26171708
5.98124990,0.03750205,0.28128082
5.98374990,0.03662562,0.26828712
5.98624990,0.03628648,0.26334178
5.98874990,0.03634644,0.26421267
5.99124990,0.03879333,0.30098456
5.99374990,0.03369941,0.22713009
5.99624990,0.03749926,0.28123897
5.99874990,0.03785592,0.28661406
6.00124990,0.03808166,0.29004255
6.00374990,0.03610600,0.26072869
6.00624990,0.03736859,0.27928233
6.00874990,0.03453577,0.23854393
6.01124990,0.03451503,0.23825750
6.01374990,0.03535698,0.25002328
6.01624990,0.03441426,0.23686826
6.01874990,0.03332812,0.22215274
6.02124990,0.03366371,0.22664911
6.02374990,0.03444226,0.23725381
6.02624990,0.03515759,0.24721122
6.02874990,0.04346954,0.37792024
6.03124990,0.04162201,0.34647828
6.03374990,0.04160416,0.34618121
6.03624990,0.04166889,0.34725928
6.03874990,0.04234355,0.35859522
6.04124990,0.04323346,0.37382638
6.04374990,0.04536058,0.41151649
6.04624990,0.04314854,0.37235928
6.04874990,0.04271243,0.36487037
6.05124990,0.04318365,0.37296551
6.05374990,0.04417312,0.39025289
6.05624990,0.04606982,0.42448556
6.05874990,0.04566180,0.41700000
6.06124990,0.04565914,0.41695133
6.06374990,0.04486629,0.40259683
6.06624990,0.04698058,0.44143495
6.06874990,0.04778894,0.45675662
6.07124990,0.04741698,0.44967395
6.07374990,0.04698674,0.44155073
6.07624990,0.04685475,0.43907359
6.07874990,0.04260146,0.36297694
6.08124990,0.04287293,0.36761761
6.08374990,0.04470396,0.39968881
6.08624990,0.04476741,0.40082425
6.08874990,0.04506738,0.40621385
6.09124990,0.04895058,0.47923183
6.09374990,0.04722817,0.44609997
6.09624990,0.04688964,0.43972757
6.09874990,0.04700359,0.44186738
6.10124990,0.04706622,0.44304574
6.10374990,0.04845376,0.46955341
6.10624990,0.04626278,0.42804894
6.10874990,0.04628937,0.42854115
6.11124990,0.04653887,0.43317333
6.11374990,0.05067890,0.51367015
6.11624990,0.04906499,0.48147464
6.11874990,0.04772674,0.45556825
6.12124990,0.04773337,0.45569482
6.12374990,0.04841002,0.46870604
6.12624990,0.04849886,0.47042793
6.12874990,0.04549952,0.41404128
6.13124990,0.04579583,0.41945159
6.13374990,0.04400320,0.38725632
6.13624990,0.04462538,0.39828485
6.13874990,0.05288304,0.55932331
6.14124990,0.04646805,0.43185598
6.14374990,0.04590239,0.42140585
6.14624990,0.04553657,0.41471589
6.14874990,0.05072479,0.51460075
6.15124990,0.05037801,0.50758868
6.15374990,0.04919947,0.48411760
6.15624990,0.04856887,0.47178701
6.15874990,0.04902883,0.48076522
6.16124990,0.04888066,0.47786385
6.16374990,0.04458502,0.39756480
6.16624990,0.04424166,0.39146486
6.16874990,0.04392331,0.38585141
6.17124990,0.04391300,0.38567021
6.17374990,0.05355133,0.57354903
6.17624990,0.05311965,0.56433940
6.17874990,0.05362737,0.57517892
6.18124990,0.05313080,0.56457639
6.18374990,0.06092715,0.74242342
6.18624990,0.06090663,0.74192351
6.18874990,0.05722478,0.65493500
6.19124990,0.05754684,0.66232771
6.19374990,0.05818432,0.67708302
6.19624990,0.06152782,0.75713456
6.19874990,0.05809950,0.67511046
6.20124990,0.05804563,0.67385906
6.20374990,0.05699574,0.64970291
6.20624990,0.05811233,0.67540854
6.20874990,0.05826943,0.67906523
6.21124990,0.05854664,0.68554187
6.21374990,0.05853774,0.68533349
6.21624990,0.05847666,0.68390393
6.21874990,0.05858510,0.68644279
6.22124990,0.05906165,0.69765580
6.22374990,0.05005063,0.50101304
6.22624990,0.05025275,0.50506777
6.22874990,0.04968356,0.49369124
6.23124990,0.05539980,0.61382759
6.23374990,0.04704771,0.44269735
6.23624990,0.04673951,0.43691632
6.23874990,0.04153483,0.34502849
6.24124990,0.04510107,0.40682137
6.24374990,0.04660584,0.43442088
6.24624990,0.04486714,0.40261209
6.24874990,0.04382037,0.38404498
6.25124990,0.04442241,0.39467001
6.25374990,0.05540370,0.61391395
6.25624990,0.05724772,0.65546024
6.25874990,0.05951604,0.70843190
6.26124990,0.05993437,0.71842587
6.26374990,0.06024593,0.72591454
6.26624990,0.06102443,0.74479628
6.26874990,0.06300466,0.79391730
6.27124990,0.06351639,0.80686641
6.27374990,0.06379458,0.81394976
6.27624990,0.06489296,0.84221947
6.27874990,0.06486977,0.84161729
6.28124990,0.06015598,0.72374827
6.28374990,0.05981717,0.71561867
6.28624990,0.06302832,0.79451382
6.28874990,0.06383518,0.81498611
6.29124990,0.06290261,0.79134762
6.29374990,0.06114366,0.74770933
6.29624990,0.06060956,0.73470378
6.29874990,0.06775638,0.91818559
6.30124990,0.06889216,0.94922590
6.30374990,0.06056801,0.73369676
6.30624990,0.05776318,0.66731697
6.30874990,0.05678907,0.64499974
6.31124990,0.05770126,0.66588706
6.31374990,0.06020140,0.72484159
6.31624990,0.05970968,0.71304911
6.31874990,0.06303511,0.79468489
6.32124990,0.06213403,0.77212763
6.32374990,0.06241389,0.77909875
6.32624990,0.06134750,0.75270307
6.32874990,0.06366664,0.81068820
6.33124990,0.06925586,0.95927471
6.33374990,0.07000885,0.98024791
6.33624990,0.06736235,0.90753704
6.33874990,0.06659558,0.88699448
6.34124990,0.07250584,1.05141950
6.34374990,0.07370539,1.08649695
6.34624990,0.07626385,1.16323495
6.34874990,0.06995698,0.97879589
6.35124990,0.06959957,0.96882010
6.35374990,0.09286162,1.72465622
6.35624990,0.11630958,2.70558381
6.35874990,0.13075611,3.41943169
6.36124990,0.13083740,3.42368507
6.36374990,0.14342520,4.11415768
6.36624990,0.14975342,4.48521709
6.36874990,0.18918796,7.15841722
6.37124990,0.18921223,7.16025400
6.37374990,0.27171054,14.76532459
6.37624990,0.27947751,15.62153721
6.37874990,0.28092638,15.78392601
6.38124990,0.42038670,35.34499741
6.38374990,0.42050013,35.36407089
6.38624990,0.42155954,35.54249191
6.38874990,0.51188105,52.40444183
6.39124990,0.55788141,62.24632645
6.39374990,0.57792240,66.79886627
6.39624990,0.61141980,74.76683807
6.39874990,0.83844596,140.59832764
6.40124990,0.85429984,145.96563721
6.40374990,0.87739301,153.96369934
6.40624990,0.87549293,153.29756165
6.40874990,0.87384957,152.72261047
6.41124990,0.89361972,159.71124268
6.41374990,0.91902471,168.92127991
6.41624990,0.98737562,194.98213196
6.41874990,1.15283108,265.80389404
6.42124990,1.70002317,578.01574707
6.42374990,2.06356668,851.66143799
6.42624990,2.30027342,1058.25170898
6.42874990,2.34960866,1104.13220215
6.43124990,2.34280062,1097.74279785
6.43374990,2.63353443,1387.10070801
6.43624990,2.96204352,1754.74023438
6.43874990,3.25987935,2125.36279297
6.44124990,3.32473516,2210.77270508
6.44374990,3.32550788,2211.80029297
6.44624990,3.33487105,2224.27294922
6.44874990,3.29024458,2165.14184570
6.45124990,3.28765082,2161.72949219
6.45374990,3.28804040,2162.24194336
6.45624990,3.29328156,2169.14086914
6.45874990,3.29542971,2171.97119141
6.46124990,3.29058671,2165.59228516
6.46374990,3.28338718,2156.12646484
6.46624990,3.26374650,2130.40820312
6.46874990,3.20697188,2056.93359375
6.47124990,2.95360518,1744.75659180
6.47374990,2.70508695,1463.49902344
6.47624990,2.50607228,1256.07958984
6.47874990,2.45965290,1209.97851562
6.48124990,2.44626546,1196.84289551
6.48374990,2.13014317,907.50189209
6.48624990,1.64271331,539.70141602
6.48874990,0.87254840,152.26815796
6.49124990,0.53313482,56.84654999
6.49374990,0.50620586,51.24887848
6.49624990,0.39184147,30.70794678
6.49874990,0.34655878,24.02059746
6.50124990,0.33250746,22.11223984
6.50374990,0.25340271,12.84258842
6.50624990,0.16805343,5.64839125
6.50874990,0.11496385,2.64333749
6.51124990,0.09992258,1.99690449
6.51374990,0.09130986,1.66749823
6.51624990,0.07282053,1.06056595
6.51874990,0.06789915,0.92205888
6.52124990,0.06669626,0.88967812
6.52374990,0.06716986,0.90235806
6.52624990,0.06601505,0.87159741
6.52874990,0.06602775,0.87193286
6.53124990,0.05847415,0.68384516
6.53374990,0.05893842,0.69474751
6.53624990,0.05764828,0.66466480
6.53874990,0.05542647,0.61441875
6.54124990,0.05633640,0.63475794
6.54374990,0.05877158,0.69081986
6.54624990,0.05824301,0.67844957
6.54874990,0.06074831,0.73807132
6.55124990,0.05834333,0.68078887
6.55374990,0.05863025,0.68750119
6.55624990,0.05878529,0.69114196
6.55874990,0.06163742,0.75983441
6.56124990,0.06138219,0.75355458
6.56374990,0.05399915,0.58318162
6.56624990,0.04850060,0.47046173
6.56874990,0.04911665,0.48248893
6.57124990,0.05008448,0.50169110
6.57374990,0.04924833,0.48507956
6.57624990,0.05745824,0.66028988
6.57874990,0.05996333,0.71912003
6.58124990,0.06127079,0.75082189
6.58374990,0.05928991,0.70305860
6.58624990,0.06171096,0.76164854
6.58874990,0.06167936,0.76086879
6.59124990,0.05931716,0.70370507
6.59374990,0.05613745,0.63028264
6.59624990,0.05728326,0.65627444
6.59874990,0.05446684,0.59332734
6.60124990,0.05340436,0.57040507
6.60374990,0.05775699,0.66717392
6.60624990,0.05763965,0.66446596
6.60874990,0.05420245,0.58758116
6.61124990,0.05451414,0.59435821
6.61374990,0.05741384,0.65926969
6.61624990,0.05800717,0.67296624
6.61874990,0.05683285,0.64599448
6.62124990,0.05606127,0.62857324
6.62374990,0.05771453,0.66619343
6.62624990,0.05117914,0.52386099
6.62874990,0.04951805,0.49040750
6.63124990,0.04959625,0.49195763
6.63374990,0.05013651,0.50273389
6.63624990,0.04764826,0.45407134
6.63874990,0.04774053,0.45583156
6.64124990,0.05110971,0.52244043
6.64374990,0.05197351,0.54024923
6.64624990,0.05159676,0.53244519
6.64874990,0.05130753,0.52649260
6.65124990,0.05381865,0.57928956
6.65374990,0.04883484,0.47696829
6.65624990,0.04771175,0.45528215
6.65874990,0.04800924,0.46097744
6.66124990,0.04764187,0.45394951
6.66374990,0.04483516,0.40203825
6.66624990,0.04394152,0.38617140
6.66874990,0.04403544,0.38782400
6.67124990,0.04571782,0.41802382
6.67374990,0.04299290,0.36967787
6.67624990,0.04551658,0.41435188
6.67874990,0.04645120,0.43154275
6.68124990,0.04560853,0.41602761
6.68374990,0.04398083,0.38686275
6.68624990,0.04450713,0.39617699
6.68874990,0.04527443,0.40995479
6.69124990,0.04234109,0.35855365
6.69374990,0.04121747,0.33977601
6.69624990,0.04013855,0.32222068
6.69874990,0.04158837,0.34591851
6.70124990,0.03815947,0.29122907
6.70374990,0.03804420,0.28947219
6.70624990,0.04018149,0.32291040
6.70874990,0.04164912,0.34692979
6.71124990,0.04189411,0.35102332
6.71374990,0.04139581,0.34272254
6.71624990,0.04413877,0.38964614
6.71874990,0.04448967,0.39586622
6.72124990,0.04229079,0.35770220
6.72374990,0.04228663,0.35763180
6.72624990,0.03749632,0.28119475
6.72874990,0.03638573,0.26478428
6.73124990,0.03849371,0.29635316
6.73374990,0.03925193,0.30814287
6.73624990,0.03844306,0.29557371
6.73874990,0.03774816,0.28498477
6.74124990,0.04006740,0.32107937
6.74374990,0.04087558,0.33416259
6.74624990,0.04096126,0.33556494
6.74874990,0.03942387,0.31084833
6.75124990,0.04057080,0.32919791
6.75374990,0.04610815,0.42519227
6.75624990,0.04532292,0.41083336
6.75874990,0.04367294,0.38146508
6.76124990,0.04345873,0.37773228
6.76374990,0.04321250,0.37346393
6.76624990,0.04162516,0.34653074
6.76874990,0.04322268,0.37364000
6.77124990,0.04435550,0.39348212
6.77374990,0.04495464,0.40418386
6.77624990,0.04488337,0.40290344
6.77874990,0.04374585,0.38273990
6.78124990,0.04118749,0.33928198
6.78374990,0.04038452,0.32618183
6.78624990,0.04017490,0.32280445
6.78874990,0.04363013,0.38071769
6.79124990,0.04091652,0.33483234
6.79374990,0.04099564,0.33612841
6.79624990,0.04185173,0.35031343
6.79874990,0.04367802,0.38155383
6.80124990,0.04438143,0.39394230
6.80374990,0.04090001,0.33456209
6.80624990,0.03973863,0.31583178
6.80874990,0.04018214,0.32292095
6.81124990,0.04298263,0.36950135
6.81374990,0.04287468,0.36764753
6.81624990,0.04168894,0.34759358
6.81874990,0.03953923,0.31267014
6.82124990,0.03832044,0.29369122
6.82374990,0.03802199,0.28913438
6.82624990,0.03882001,0.30139869
6.82874990,0.03840427,0.29497761
6.83124990,0.03839224,0.29479283
6.83374990,0.03837031,0.29445621
6.83624990,0.03813005,0.29078010
6.83874990,0.03522165,0.24811299
6.84124990,0.03492352,0.24393038
6.84374990,0.03396316,0.23069918
6.84624990,0.03350122,0.22446626
6.84874990,0.03149232,0.19835317
6.85124990,0.02895163,0.16763933
6.85374990,0.02559916,0.13106340
6.85624990,0.02557661,0.13083264
6.85874990,0.02503992,0.12539954
6.86124990,0.02250432,0.10128889
6.86374990,0.02353256,0.11075623
6.86624990,0.02362114,0.11159163
6.86874990,0.02628852,0.13821723
6.87124990,0.02985926,0.17831512
6.87374990,0.02945468,0.17351560
6.87624990,0.02828988,0.16006345
6.87874990,0.03027270,0.18328732
6.88124990,0.03025022,0.18301514
6.88374990,0.03036371,0.18439096
6.88624990,0.03036832,0.18444701
6.88874990,0.03138946,0.19705969
6.89124990,0.03104423,0.19274881
6.89374990,0.03100573,0.19227108
6.89624990,0.03631841,0.26380545
6.89874990,0.03882384,0.30145806
6.90124990,0.03887990,0.30232939
6.90374990,0.03984587,0.31753862
6.90624990,0.04272977,0.36516660
6.90874990,0.04259005,0.36278251
6.91124990,0.04210537,0.35457242
6.91374990,0.04223004,0.35667533
6.91624990,0.04232471,0.35827613
6.91874990,0.04095586,0.33547646
6.92124990,0.03836116,0.29431570
6.92374990,0.04186020,0.35045528
6.92624990,0.04206911,0.35396194
6.92874990,0.04073910,0.33193484
6.93124990,0.04450392,0.39611971
6.93374990,0.04678338,0.43773705
6.93624990,0.04673968,0.43691960
6.93874990,0.04616296,0.42620373
6.94124990,0.04806498,0.46204853
6.94374990,0.04907349,0.48164159
6.94624990,0.04520141,0.40863347
6.94874990,0.04338098,0.37638181
6.95124990,0.04382092,0.38405466
6.95374990,0.04568853,0.41748837
6.95624990,0.04348474,0.37818456
6.95874990,0.04413622,0.38960123
6.96124990,0.04379267,0.38355950
6.96374990,0.04381797,0.38400286
6.96624990,0.04415550,0.38994166
6.96874990,0.04422741,0.39121270
6.97124990,0.04425154,0.39163971
6.97374990,0.04137812,0.34242973
6.97624990,0.04148939,0.34427381
6.97874990,0.04142467,0.34320062
6.98124990,0.03698944,0.27364364
6.98374990,0.03484064,0.24277405
6.98624990,0.03508066,0.24613053
6.98874990,0.03423732,0.23443884
6.99124990,0.03360341,0.22583790
6.99374990,0.03288028,0.21622263
6.99624990,0.03259221,0.21245049
6.99874990,0.03446526,0.23757084
7.00124990,0.03607940,0.26034462
7.00374990,0.03364448,0.22639024
7.00624990,0.03531509,0.24943104
7.00874990,0.03484327,0.24281073
7.01124990,0.03502789,0.24539056
7.01374990,0.03618813,0.26191610
7.01624990,0.03740930,0.27989113
7.01874990,0.03730001,0.27825820
7.02124990,0.03846039,0.29584035
7.02374990,0.03977647,0.31643346
7.02624990,0.04001066,0.32017058
7.02874990,0.04302560,0.37024039
7.03124990,0.04331442,0.37522769
7.03374990,0.04339715,0.37666261
7.03624990,0.04619484,0.42679265
7.03874990,0.04683323,0.43867037
7.04124990,0.04560559,0.41597399
7.04374990,0.04629544,0.42865360
7.04624990,0.04646468,0.43179333
7.04874990,0.04470100,0.39963585
7.05124990,0.04562454,0.41631964
7.05374990,0.04482792,0.40190843
7.05624990,0.04316758,0.37268791
7.05874990,0.04469367,0.39950484
7.06124990,0.04448407,0.39576653
7.06374990,0.04385481,0.38464886
7.06624990,0.04232009,0.35819802
7.06874990,0.04296328,0.36916867
7.07124990,0.04254265,0.36197537
7.07374990,0.04095732,0.33550036
7.07624990,0.04067831,0.33094496
7.07874990,0.03837377,0.29450926
7.08124990,0.03928985,0.30873853
7.08374990,0.03982626,0.31722611
7.08624990,0.03662124,0.26822296
7.08874990,0.03508360,0.24617182
7.09124990,0.03714170,0.27590114
7.09374990,0.03706793,0.27480638
7.09624990,0.03669839,0.26935440
7.09874990,0.03679029,0.27070498
7.10124990,0.03396869,0.23077440
7.10374990,0.03430783,0.23540547
7.10624990,0.03587481,0.25740045
7.10874990,0.03497536,0.24465515
7.11124990,0.03505889,0.24582517
7.11374990,0.03620640,0.26218066
7.11624990,0.03748147,0.28097209
7.11874990,0.03719091,0.27663270
7.12124990,0.03646012,0.26586816
7.12374990,0.03769282,0.28414965
7.12624990,0.03803722,0.28936604
7.12874990,0.03779555,0.28570080
7.13124990,0.03712271,0.27561915
7.13374990,0.03734129,0.27887446
7.13624990,0.03884141,0.30173102
7.13874990,0.04120272,0.33953282
7.14124990,0.03912846,0.30620727
7.14374990,0.03768505,0.28403255
7.14624990,0.03868418,0.29929313
7.14874990,0.03869848,0.29951453
7.15124990,0.03821761,0.29211721
7.15374990,0.03820605,0.29194045
7.15624990,0.03686688,0.27183348
7.15874990,0.03635254,0.26430136
7.16124990,0.03637391,0.26461223
7.16374990,0.03397274,0.23082943
7.16624990,0.03271696,0.21407993
7.16874990,0.03240389,0.21000244
7.17124990,0.03385353,0.22921231
7.17374990,0.03281923,0.21542034
7.17624990,0.03201522,0.20499486
7.17874990,0.03207161,0.20571765
7.18124990,0.03266683,0.21342434
7.18374990,0.03094364,0.19150177
7.18624990,0.02869648,0.16469754
7.18874990,0.02721146,0.14809270
7.19124990,0.02843409,0.16169947
7.19374990,0.02875600,0.16538151
7.19624990,0.02800593,0.15686640
7.19874990,0.02962134,0.17548481
7.20124990,0.03140279,0.19722697
7.20374990,0.03404813,0.23185501
7.20624990,0.03424087,0.23448741
7.20874990,0.03340378,0.22316246
7.21124990,0.03277414,0.21482883
7.21374990,0.03293937,0.21700040
7.21624990,0.03285569,0.21589920
7.21874990,0.03251916,0.21149917
7.22124990,0.03151082,0.19858640
7.22374990,0.03141020,0.19732013
7.22624990,0.03140556,0.19726180
7.22874990,0.03060528,0.18733664
7.23124990,0.03397847,0.23090726
7.23374990,0.03729483,0.27818081
7.23624990,0.03734371,0.27891049
7.23874990,0.03600413,0.25925952
7.24124990,0.03751553,0.28148299
7.24374990,0.04085805,0.33387607
7.24624990,0.04505156,0.40592867
7.24874990,0.04352836,0.37894353
7.25124990,0.04249997,0.36124945
7.25374990,0.04029664,0.32476377
7.25624990,0.03989941,0.31839252
7.25874990,0.04040005,0.32643285
7.26124990,0.04073668,0.33189547
7.26374990,0.04209850,0.35445663
7.26624990,0.04314734,0.37233865
7.26874990,0.04306559,0.37092894
7.27124990,0.04301542,0.37006524
7.27374990,0.04338287,0.37641469
7.27624990,0.04454093,0.39677891
7.27874990,0.04453916,0.39674729
7.28124990,0.04099889,0.33618182
7.28374990,0.03778703,0.28557193
7.28624990,0.03830069,0.29338849
7.28874990,0.03913979,0.30638459
7.29124990,0.03674850,0.27009043
7.29374990,0.03352957,0.22484636
7.29624990,0.02685247,0.14421107
7.29874990,0.02757634,0.15209095
7.30124990,0.02863150,0.16395250
7.30374990,0.02860025,0.16359481
7.30624990,0.02876424,0.16547634
7.30874990,0.02863420,0.16398352
7.31124990,0.02825079,0.15962140
7.31374990,0.02614417,0.13670357
7.31624990,0.02432605,0.11835129
7.31874990,0.02473007,0.12231528
7.32124990,0.02458287,0.12086347
7.32374990,0.02380271,0.11331376
7.32624990,0.02169159,0.09410500
7.32874990,0.02190248,0.09594370
7.33124990,0.02199605,0.09676524
7.33374990,0.02241047,0.10044588
7.33624990,0.02473854,0.12239910
7.33874990,0.02569924,0.13209023
7.34124990,0.02564050,0.13148700
7.34374990,0.02459771,0.12100951
7.34624990,0.02617677,0.13704462
7.34874990,0.02899592,0.16815266
7.35124990,0.02956687,0.17483994
7.35374990,0.02944079,0.17335203
7.35624990,0.02983760,0.17805648
7.35874990,0.02969972,0.17641468
7.36124990,0.02988251,0.17859292
7.36374990,0.03009260,0.18111292
7.36624990,0.03005513,0.18066221
7.36874990,0.03000700,0.18008396
7.37124990,0.02995268,0.17943256
7.37374990,0.02969869,0.17640242
7.37624990,0.02968060,0.17618763
7.37874990,0.02996610,0.17959347
7.38124990,0.03232599,0.20899391
7.38374990,0.03359409,0.22571260
7.38624990,0.03182921,0.20261967
7.38874990,0.03148679,0.19828352
7.39124990,0.03156004,0.19920725
7.39374990,0.03163248,0.20012280
7.39624990,0.03108788,0.19329128
7.39874990,0.02817950,0.15881680
7.40124990,0.02625932,0.13791034
7.40374990,0.02677139,0.14334151
7.40624990,0.02610869,0.13633274
7.40874990,0.02567018,0.13179164
7.41124990,0.03370375,0.22718859
7.41374990,0.03358256,0.22555766
7.41624990,0.03700213,0.27383149
7.41874990,0.05568825,0.62023634
7.42124990,0.09621289,1.85138392
7.42374990,0.13017783,3.38925338
7.42624990,0.15063378,4.53810740
7.42874990,0.15169457,4.60224867
7.43124990,0.22490281,10.11625481
7.43374990,0.23620035,11.15812111
7.43624990,0.25122267,12.62256622
7.43874990,0.29170799,17.01871109
7.44124990,0.34418011,23.69198799
7.44374990,0.34818274,24.24624252
7.44624990,0.36666739,26.88899612
7.44874990,0.36817253,27.11019897
7.45124990,0.37053773,27.45964241
7.45374990,0.48073921,46.22203445
7.45624990,0.48313254,46.68341064
7.45874990,0.51972502,54.02282333
7.46124990,0.52405089,54.92586517
7.46374990,0.70203966,98.57192993
7.46624990,0.80454034,129.45703125
7.46874990,0.80382854,129.22805786
7.47124990,0.80448043,129.43774414
7.47374990,0.81565267,133.05784607
7.47624990,0.86291218,148.92347717
7.47874990,0.90294331,163.06134033
7.48124990,0.89253545,159.32389832
7.48374990,0.97459918,189.96871948
7.48624990,0.97235417,189.09452820
7.48874990,0.96122295,184.78991699
7.49124990,1.26773190,321.42883301
7.49374990,1.54590571,477.96490479
7.49624990,1.86320329,694.30529785
7.49874990,1.97507000,780.18029785
7.50124990,2.04008698,832.39099121
7.50374990,2.04492116,836.34045410
7.50624990,2.20833111,975.34521484
7.50874990,2.43491483,1185.76196289
7.51124990,2.63210225,1385.59228516
7.51374990,2.71879482,1478.36901855
7.51624990,2.70458794,1462.95910645
7.51874990,2.71199918,1470.98779297
7.52124990,2.71792197,1477.42004395
7.52374990,2.73681426,1498.03051758
7.52624990,2.73888707,1500.30053711
7.52874990,2.72879052,1489.25964355
7.53124990,2.72789598,1488.28344727
7.53374990,2.69893718,1456.85241699
7.53624990,2.69911265,1457.04174805
7.53874990,2.69903708,1456.96020508
7.54124990,2.56292582,1313.71765137
7.54374990,2.40637255,1158.12585449
7.54624990,2.16740751,939.53118896
7.54874990,2.06578350,853.49230957
7.55124990,2.00116277,800.93041992
7.55374990,1.97268605,778.29803467
7.55624990,1.78723681,638.84307861
7.55874990,1.45101428,421.08850098
7.56124990,1.04995012,220.47903442
7.56374990,0.64831471,84.06239319
7.56624990,0.58544505,68.54917908
7.56874990,0.55006146,60.51352692
7.57124990,0.51303893,52.64178848
7.57374990,0.36674052,26.89972115
7.57624990,0.19654824,7.72624111
7.57874990,0.15281484,4.67047501
7.58124990,0.14050794,3.94849586
7.58374990,0.13551846,3.67305040
7.58624990,0.12066678,2.91209435
7.58874990,0.12017825,2.88856244
7.59124990,0.11951637,2.85683250
7.59374990,0.08294902,1.37610793
7.59624990,0.07409963,1.09815097
7.59874990,0.07353893,1.08159494
7.60124990,0.07549754,1.13997567
7.60374990,0.07276575,1.05897081
7.60624990,0.07451914,1.11062026
7.60874990,0.07469252,1.11579466
7.61124990,0.06700964,0.89805812
7.61374990,0.06760287,0.91402942
7.61624990,0.06722791,0.90391850
7.61874990,0.06309421,0.79617608
7.62124990,0.06441200,0.82978100
7.62374990,0.06339303,0.80373526
7.62624990,0.05882880,0.69216561
7.62874990,0.05645269,0.63738132
7.63124990,0.05239029,0.54894859
7.63374990,0.06289875,0.79125047
7.63624990,0.06200355,0.76888794
7.63874990,0.06173160,0.76215798
7.64124990,0.06209513,0.77116102
7.64374990,0.06227903,0.77573562
7.64624990,0.05718211,0.65395880
7.64874990,0.05831999,0.68024427
7.65124990,0.05916305,0.70005333
7.65374990,0.05960486,0.71054780
7.65624990,0.05815399,0.67637736
7.65874990,0.06255453,0.78261387
7.66124990,0.06235109,0.77753180
7.66374990,0.06299850,0.79376227
7.66624990,0.06326971,0.80061126
7.66874990,0.06353489,0.80733627
7.67124990,0.06304348,0.79489613
7.67374990,0.06297468,0.79316205
7.67624990,0.06646113,0.88341641
7.67874990,0.06781193,0.91969144
7.68124990,0.06827851,0.93239099
7.68374990,0.05889485,0.69372070
7.68624990,0.06727393,0.90515625
7.68874990,0.06772543,0.91734678
7.69124990,0.06906124,0.95389104
7.69374990,0.07177321,1.03027868
7.69624990,0.07272187,1.05769408
7.69874990,0.07098729,1.00783908
7.70124990,0.07685215,1.18125057
7.70374990,0.08078875,1.30536461
7.70624990,0.08110756,1.31568730
7.70874990,0.07798591,1.21636021
7.71124990,0.08024060,1.28771079
7.71374990,0.07925270,1.25619793
7.71624990,0.08118036,1.31805003
7.71874990,0.08228815,1.35426772
7.72124990,0.08167362,1.33411622
7.72374990,0.08684590,1.50844204
7.72624990,0.08558597,1.46499157
7.72874990,0.08444272,1.42611456
7.73124990,0.08742595,1.52865946
7.73374990,0.08730318,1.52436900
7.73624990,0.08113196,1.31647897
7.73874990,0.08189126,1.34123576
7.74124990,0.07930204,1.25776279
7.74374990,0.07614776,1.15969634
7.74624990,0.08455397,1.42987490
7.74874990,0.08416187,1.41664398
7.75124990,0.07757058,1.20343900
7.75374990,0.07293624,1.06393909
7.75624990,0.07356301,1.08230329
7.75874990,0.07415689,1.09984875
7.76124990,0.07547709,1.13935840
7.76374990,0.07532252,1.13469648
7.76624990,0.07300156,1.06584561
7.76874990,0.07195110,1.03539217
7.77124990,0.07361464,1.08382308
7.77374990,0.06748018,0.91071486
7.77624990,0.06692968,0.89591634
7.77874990,0.06491605,0.84281868
7.78124990,0.05949593,0.70795321
7.78374990,0.05950472,0.70816243
7.78624990,0.06114546,0.74775350
7.78874990,0.05985385,0.71649665
7.79124990,0.05983575,0.71606350
7.79374990,0.05975373,0.71410179
7.79624990,0.04924998,0.48511213
7.79874990,0.05021903,0.50439024
7.80124990,0.05309857,0.56389177
7.80374990,0.05360606,0.57472199
7.80624990,0.05099047,0.52000564
7.80874990,0.05425569,0.58873606
7.81124990,0.04886191,0.47749731
7.81374990,0.04992303,0.49846184
7.81624990,0.05044549,0.50894958
7.81874990,0.05831934,0.68022907
7.82124990,0.06151264,0.75676095
7.82374990,0.06532355,0.85343331
7.82624990,0.06409167,0.82154846
7.82874990,0.06482814,0.84053743
7.83124990,0.06491227,0.84272057
7.83374990,0.06530061,0.85283405
7.83624990,0.06373953,0.81254548
7.83874990,0.06371238,0.81185353
7.84124990,0.06385419,0.81547147
7.84374990,0.06484827,0.84105957
7.84624990,0.06288324,0.79086030
7.84874990,0.06184845,0.76504624
7.85124990,0.05779603,0.66807622
7.85374990,0.05737117,0.65829009
7.85624990,0.05830378,0.67986619
7.85874990,0.05407874,0.58490211
7.86124990,0.05703835,0.65067464
7.86374990,0.05638335,0.63581645
7.86624990,0.05610218,0.62949097
7.86874990,0.04686190,0.43920752
7.87124990,0.04331022,0.37515497
7.87374990,0.03814169,0.29095763
7.87624990,0.04140564,0.34288549
7.87874990,0.04331991,0.37532288
7.88124990,0.04395939,0.38648549
7.88374990,0.04336882,0.37617090
7.88624990,0.04295544,0.36903393
7.88874990,0.05152472,0.53095931
7.89124990,0.05780304,0.66823828
7.89374990,0.05853629,0.68529940
7.89624990,0.05823030,0.67815363
7.89874990,0.05925775,0.70229620
7.90124990,0.05931082,0.70355469
7.90374990,0.05959311,0.71026778
7.90624990,0.05876637,0.69069731
7.90874990,0.06034689,0.72834945
7.91124990,0.05768508,0.66551381
7.91374990,0.05775724,0.66717970
7.91624990,0.05792851,0.67114258
7.91874990,0.05828914,0.67952484
7.92124990,0.05578136,0.62231195
7.92374990,0.05650713,0.63861108
7.92624990,0.05824977,0.67860717
7.92874990,0.05658124,0.64028734
7.93124990,0.06108402,0.74625158
7.93374990,0.06160815,0.75911283
7.93624990,0.06239617,0.77865636
7.93874990,0.05630589,0.63407069
7.94124990,0.05478733,0.60033023
7.94374990,0.05417880,0.58706844
7.94624990,0.05720215,0.65441728
7.94874990,0.05638606,0.63587749
7.95124990,0.05854720,0.68555486
7.95374990,0.05844227,0.68309987
7.95624990,0.05889114,0.69363326
7.95874990,0.05927887,0.70279688
7.96124990,0.05966992,0.71209973
7.96374990,0.05960616,0.71057904
7.96624990,0.06168537,0.76101691
7.96874990,0.06180979,0.76408994
7.97124990,0.06215870,0.77274090
7.97374990,0.06341659,0.80433279
7.97624990,0.06070668,0.73706019
7.97874990,0.06567553,0.86265516
7.98124990,0.06148837,0.75616390
7.98374990,0.06136499,0.75313240
7.98624990,0.06295194,0.79258943
7.98874990,0.06413218,0.82258725
7.99124990,0.05980654,0.71536452
7.99374990,0.06025030,0.72601980
7.99624990,0.05858365,0.68640894
7.99874990,0.05858245,0.68638080
8.00124990,0.06056011,0.73350549
8.00374990,0.06034598,0.72832739
8.00624990,0.05978001,0.71473002
8.00874990,0.05884374,0.69251722
8.01124990,0.05834676,0.68086886
8.01374990,0.05794755,0.67158377
8.01624990,0.05544592,0.61484993
8.01874990,0.05496565,0.60424459
8.02124990,0.05464571,0.59723073
8.02374990,0.05175867,0.53579199
8.02624990,0.05306659,0.56321269
8.02874990,0.04631498,0.42901543
8.03124990,0.04657504,0.43384686
8.03374990,0.04641507,0.43087178
8.03624990,0.04313193,0.37207270
8.03874990,0.04002168,0.32034701
8.04124990,0.04014050,0.32225192
8.04374990,0.03791398,0.28749400
8.04624990,0.03648916,0.26629174
8.04874990,0.03608444,0.26041743
8.05124990,0.03077280,0.18939300
8.05374990,0.03272876,0.21423429
8.05624990,0.03687207,0.27190992
8.05874990,0.03493494,0.24409002
8.06124990,0.03653564,0.26697060
8.06374990,0.04361448,0.38044465
8.06624990,0.04436816,0.39370662
8.06874990,0.04436082,0.39357644
8.07124990,0.04961947,0.49241844
8.07374990,0.04977692,0.49554828
8.07624990,0.04730339,0.44752207
8.07874990,0.04702719,0.44231129
8.08124990,0.04660953,0.43448958
8.08374990,0.04757686,0.45271143
8.08624990,0.04928512,0.48580465
8.08874990,0.05455938,0.59534508
8.09124990,0.05814811,0.67624044
8.09374990,0.05826427,0.67894512
8.09624990,0.05803340,0.67357504
8.09874990,0.06015164,0.72364402
8.10124990,0.06030041,0.72722787
8.10374990,0.06556007,0.85962445
8.10624990,0.06702287,0.89841312
8.10874990,0.06699186,0.89758188
8.11124990,0.06621125,0.87678576
8.11374990,0.06263801,0.78470397
8.11624990,0.06300270,0.79386801
8.11874990,0.06382838,0.81481248
8.12124990,0.05966177,0.71190536
8.12374990,0.05952358,0.70861113
8.12624990,0.05952345,0.70860815
8.12874990,0.05995480,0.71891570
8.13124990,0.05965364,0.71171129
8.13374990,0.05914869,0.69971347
8.13624990,0.05775842,0.66720694
8.13874990,0.05310662,0.56406265
8.14124990,0.04907222,0.48161653
8.14374990,0.04864737,0.47331330
8.14624990,0.04802263,0.46123457
8.14874990,0.04565233,0.41682705
8.15124990,0.04411367,0.38920316
8.15374990,0.03627571,0.26318538
8.15624990,0.03621942,0.26236925
8.15874990,0.03615277,0.26140454
8.16124990,0.04718873,0.44535530
8.16374990,0.04695745,0.44100043
8.16624990,0.04567010,0.41715151
8.16874990,0.04529734,0.41036987
8.17124990,0.04682903,0.43859151
8.17374990,0.04682351,0.43848813
8.17624990,0.04967747,0.49357009
8.17874990,0.05288320,0.55932665
8.18124990,0.05272808,0.55605006
8.18374990,0.05956360,0.70956439
8.18624990,0.05970575,0.71295536
8.18874990,0.05941288,0.70597798
8.19124990,0.06060186,0.73451698
8.19374990,0.06098443,0.74382013
8.19624990,0.06156024,0.75793260
8.19874990,0.06310453,0.79643619
8.20124990,0.06454948,0.83332694
8.20374990,0.06345810,0.80538607
8.20624990,0.05963530,0.71127385
8.20874990,0.05967957,0.71233022
8.21124990,0.05469059,0.59821212
8.21374990,0.05383769,0.57969928
8.21624990,0.05382495,0.57942516
8.21874990,0.05410070,0.58537722
8.22124990,0.05444176,0.59278119
8.22374990,0.05625067,0.63282764
8.22624990,0.05679356,0.64510167
8.22874990,0.05343403,0.57103908
8.23124990,0.05827084,0.67909825
8.23374990,0.05428921,0.58946365
8.23624990,0.05753033,0.66194779
8.23874990,0.06371239,0.81185365
8.24124990,0.06300041,0.79381043
8.24374990,0.06338004,0.80340600
8.24624990,0.06284920,0.79000443
8.24874990,0.06146213,0.75551879
8.25124990,0.05988283,0.71719062
8.25374990,0.06249501,0.78112519
8.25624990,0.06239833,0.77871037
8.25874990,0.06390566,0.81678665
8.26124990,0.06100697,0.74437010
8.26374990,0.06204219,0.76984668
8.26624990,0.06207515,0.77066493
8.26874990,0.06208738,0.77096856
8.27124990,0.06063566,0.73533666
8.27374990,0.05897301,0.69556326
8.27624990,0.05616307,0.63085818
8.27874990,0.05617353,0.63109314
8.28124990,0.05220463,0.54506475
8.28374990,0.05105487,0.52131987
8.28624990,0.04720032,0.44557410
8.28874990,0.04007287,0.32116696
8.29124990,0.03936265,0.30988368
8.29374990,0.03931234,0.30909202
8.29624990,0.03950551,0.31213710
8.29874990,0.04118250,0.33919960
8.30124990,0.04121326,0.33970648
8.30374990,0.03819860,0.29182655
8.30624990,0.03863090,0.29846933
8.30874990,0.03662401,0.26826358
8.31124990,0.03727522,0.27788842
8.31374990,0.04046749,0.32752350
8.31624990,0.04760393,0.45322680
8.31874990,0.04728959,0.44726110
8.32124990,0.04981639,0.49633458
8.32374990,0.04981172,0.49624148
8.32624990,0.05034678,0.50695956
8.32874990,0.05102648,0.52074039
8.33124990,0.05255814,0.55247164
8.33374990,0.05089673,0.51809543
8.33624990,0.05098596,0.51991361
8.33874990,0.05278582,0.55726850
8.34124990,0.05317097,0.56543040
8.34374990,0.05245497,0.55030477
8.34624990,0.05327850,0.56771976
8.34874990,0.05222086,0.54540366
8.35124990,0.05207296,0.54231852
8.35374990,0.05147187,0.52987063
8.35624990,0.05117182,0.52371109
8.35874990,0.05106334,0.52149302
8.36124990,0.05060535,0.51218021
8.36374990,0.04695984,0.44104534
8.36624990,0.04182923,0.34993684
8.36874990,0.04236384,0.35893893
8.37124990,0.03892392,0.30301434
8.37374990,0.04063589,0.33025506
8.37624990,0.04141835,0.34309593
8.37874990,0.04682876,0.43858647
8.38124990,0.04473187,0.40018800
8.38374990,0.04368352,0.38164997
8.38624990,0.04376813,0.38312975
8.38874990,0.04005519,0.32088357
8.39124990,0.03955318,0.31289086
8.39374990,0.04169143,0.34763500
8.39624990,0.04137681,0.34240815
8.39874990,0.04200499,0.35288382
8.40124990,0.04574136,0.41845447
8.40374990,0.04945238,0.48910752
8.40624990,0.05087974,0.51774967
8.40874990,0.05136446,0.52766156
8.41124990,0.05516958,0.60873652
8.41374990,0.05502944,0.60564798
8.41624990,0.05710021,0.65208679
8.41874990,0.05728083,0.65621865
8.42124990,0.06073615,0.73777604
8.42374990,0.06160398,0.75901008
8.42624990,0.06214104,0.77230167
8.42874990,0.06270304,0.78633422
8.43124990,0.06548888,0.85775876
8.43374990,0.06862964,0.94200552
8.43624990,0.07382669,1.09007621
8.43874990,0.07452298,1.11073482
8.44124990,0.07666719,1.17557156
8.44374990,0.07891297,1.24545109
8.44624990,0.08414616,1.41611552
8.44874990,0.08670680,1.50361395
8.45124990,0.08555206,1.46383107
8.45374990,0.08325452,1.38626313
8.45624990,0.08303851,1.37907887
8.45874990,0.08300956,1.37811756
8.46124990,0.08102126,1.31288910
8.46374990,0.08122355,1.31945300
8.46624990,0.08010377,1.28332269
8.46874990,0.07924119,1.25583339
8.47124990,0.07704297,1.18712401
8.47374990,0.08100490,1.31235862
8.47624990,0.08046985,1.29507947
8.47874990,0.07843620,1.23044729
8.48124990,0.07631422,1.16477191
8.48374990,0.14014521,3.92813587
8.48624990,0.13748737,3.78055549
8.48874990,0.18612385,6.92841768
8.49124990,0.18648814,6.95556545
8.49374990,0.18511620,6.85360146
8.49624990,0.18291031,6.69123602
8.49874990,0.21452115,9.20386410
8.50124990,0.29555634,17.47071075
8.50374990,0.36426079,26.53718185
8.50624990,0.37547603,28.19645119
8.50874990,0.37983176,28.85443115
8.51124990,0.56493050,63.82928848
8.51374990,0.56608325,64.09004974
8.51624990,0.64619386,83.51329803
8.51874990,0.68060583,92.64485168
8.52124990,0.72104931,103.98240662
8.52374990,0.73717260,108.68468475
8.52624990,0.79024166,124.89638519
8.52874990,0.95654672,182.99633789
8.53124990,0.98006153,192.10411072
8.53374990,0.97296655,189.33276367
8.53624990,0.97986919,192.02871704
8.53874990,1.01598537,206.44525146
8.54124990,1.21103024,293.31884766
8.54374990,1.21189713,293.73892212
8.54624990,1.21332955,294.43371582
8.54874990,1.20867407,292.17861938
8.55124990,1.42543805,406.37475586
8.55374990,1.40997934,397.60836792
8.55624990,1.43271351,410.53363037
8.55874990,1.43239546,410.35137939
8.56124990,1.42198873,404.41040039
8.56374990,1.42949963,408.69384766
8.56624990,1.45383668,422.72827148
8.56874990,1.44123042,415.42904663
8.57124990,1.44699109,418.75665283
8.57374990,1.44542348,417.84976196
8.57624990,1.44914901,420.00656128
8.57874990,1.35575807,367.61599731
8.58124990,1.37396586,377.55642700
8.58374990,1.37701678,379.23504639
8.58624990,1.37227893,376.62988281
8.58874990,1.34532475,361.97973633
8.59124990,1.17272615,275.05734253
8.59374990,1.17410254,275.70336914
8.59624990,1.17292249,275.14941406
8.59874990,1.17223752,274.82815552
8.60124990,0.87311190,152.46487427
8.60374990,0.87227064,152.17120361
8.60624990,0.82938164,137.57478333
8.60874990,0.82792383,137.09158325
8.61124990,0.73513967,108.08605957
8.61374990,0.71985263,103.63755798
8.61624990,0.59219718,70.13950348
8.61874990,0.58473390,68.38274384
8.62124990,0.51847017,53.76226807
8.62374990,0.49913749,49.82764816
8.62624990,0.39644060,31.43302727
8.62874990,0.35987470,25.90196228
8.63124990,0.18509586,6.85209560
8.63374990,0.16103588,5.18651104
8.63624990,0.15980192,5.10733032
8.63874990,0.10425962,2.17401338
8.64124990,0.10326947,2.13291669
8.64374990,0.07467470,1.11526239
8.64624990,0.06910697,0.95515442
8.64874990,0.06849766,0.93838578
8.65124990,0.06893375,0.95037222
8.65374990,0.06995225,0.97866350
8.65624990,0.08601027,1.47955322
8.65874990,0.08580784,1.47259724
8.66124990,0.08486553,1.44043183
8.66374990,0.08456868,1.43037248
8.66624990,0.09125034,1.66532469
8.66874990,0.08934410,1.59647357
8.67124990,0.09114788,1.66158724
8.67374990,0.09019215,1.62692487
8.67624990,0.09034748,1.63253331
8.67874990,0.08358248,1.39720607
8.68124990,0.09222612,1.70113146
8.68374990,0.09039366,1.63420248
8.68624990,0.09124310,1.66506064
8.68874990,0.09235260,1.70580041
8.69124990,0.09241877,1.70824552
8.69374990,0.09359556,1.75202608
8.69624990,0.09360152,1.75224912
8.69874990,0.09702203,1.88265491
8.70124990,0.09349187,1.74814594
8.70374990,0.09325793,1.73940802
8.70624990,0.07968974,1.27009094
8.70874990,0.08670910,1.50369346
8.71124990,0.08638972,1.49263680
8.71374990,0.08364043,1.39914441
8.71624990,0.07698485,1.18533313
8.71874990,0.07731857,1.19563222
8.72124990,0.07919960,1.25451541
8.72374990,0.08190645,1.34173334
8.72624990,0.08252086,1.36193848
8.72874990,0.08754473,1.53281593
8.73124990,0.08059849,1.29922330
8.73374990,0.08103015,1.31317711
8.73624990,0.07958971,1.26690435
8.73874990,0.07938486,1.26039124
8.74124990,0.07941430,1.26132607
8.74374990,0.07646682,1.16943491
8.74624990,0.07632394,1.16506886
8.74874990,0.07075649,1.00129592
8.75124990,0.07061791,0.99737775
8.75374990,0.06972191,0.97222894
8.75624990,0.06937508,0.96258038
8.75874990,0.06539844,0.85539114
8.76124990,0.06679644,0.89235294
8.76374990,0.06685605,0.89394629
8.76624990,0.07153741,1.02352011
8.76874990,0.07323360,1.07263196
8.77124990,0.06707687,0.89986116
8.77374990,0.06375463,0.81293041
8.77624990,0.06280920,0.78899914
8.77874990,0.05553840,0.61690283
8.78124990,0.05164367,0.53341365
8.78374990,0.04984185,0.49684194
8.78624990,0.05108229,0.52188015
8.78874990,0.04927766,0.48565760
8.79124990,0.05088849,0.51792765
8.79374990,0.05064167,0.51291567
8.79624990,0.05058881,0.51184559
8.79874990,0.05433264,0.59040719
8.80124990,0.06805477,0.92629027
8.80374990,0.06817976,0.92969602
8.80624990,0.06716606,0.90225589
8.80874990,0.06573816,0.86430120
8.81124990,0.06682795,0.89319474
8.81374990,0.06707678,0.89985901
8.81624990,0.06112391,0.74722642
8.81874990,0.05994542,0.71869075
8.82124990,0.06193753,0.76725155
8.82374990,0.06230820,0.77646244
8.82624990,0.06429472,0.82676226
8.82874990,0.06432090,0.82743561
8.83124990,0.06922533,0.95842910
8.83374990,0.07169259,1.02796555
8.83624990,0.07299189,1.06556332
8.83874990,0.07313324,1.06969416
8.84124990,0.07188212,1.03340793
8.84374990,0.07200950,1.03707385
8.84624990,0.07345921,1.07925093
8.84874990,0.07278828,1.05962658
8.85124990,0.06213078,0.77204669
8.85374990,0.06808625,0.92714757
8.85624990,0.06864493,0.94242543
8.85874990,0.06773894,0.91771299
8.86124990,0.06821357,0.93061829
8.86374990,0.07336594,1.07651222
8.86624990,0.07712555,1.18967009
8.86874990,0.07621819,1.16184235
8.87124990,0.07486072,1.12082553
8.87374990,0.07465190,1.11458123
8.87624990,0.07324976,1.07310545
8.87874990,0.07341972,1.07809114
8.88124990,0.06887271,0.94868988
8.88374990,0.06642585,0.88247865
8.88624990,0.06552786,0.85878015
8.88874990,0.06549572,0.85793793
8.89124990,0.06632362,0.87976432
8.89374990,0.06668038,0.88925469
8.89624990,0.06511436,0.84797597
8.89874990,0.06300057,0.79381442
8.90124990,0.06309959,0.79631156
8.90374990,0.06081602,0.73971754
8.90624990,0.06004206,0.72100973
8.90874990,0.06177760,0.76329422
8.91124990,0.05863224,0.68754798
8.91374990,0.05177798,0.53619188
8.91624990,0.04585275,0.42049494
8.91874990,0.04600020,0.42320371
8.92124990,0.04945099,0.48908013
8.92374990,0.05024312,0.50487411
8.92624990,0.05070924,0.51428545
8.92874990,0.05074045,0.51491863
8.93124990,0.05366898,0.57607186
8.93374990,0.05403640,0.58398658
8.93624990,0.05683602,0.64606673
8.93874990,0.06153750,0.75737292
8.94124990,0.06058106,0.73401302
8.94374990,0.06238687,0.77842420
8.94624990,0.06242490,0.77937359
8.94874990,0.06771080,0.91695064
8.95124990,0.06606502,0.87291747
8.95374990,0.06347597,0.80583978
8.95624990,0.06937417,0.96255517
8.95874990,0.06540937,0.85567719
8.96124990,0.06574214,0.86440563
8.96374990,0.06573137,0.86412251
8.96624990,0.06704722,0.89906597
8.96874990,0.06658549,0.88672549
8.97124990,0.07082733,1.00330210
8.97374990,0.07082123,1.00312912
8.97624990,0.07075270,1.00118864
8.97874990,0.07047737,0.99341178
8.98124990,0.06819161,0.93001914
8.98374990,0.06809496,0.92738473
8.98624990,0.06433423,0.82777870
8.98874990,0.05972140,0.71332920
8.99124990,0.06128267,0.75111306
8.99374990,0.05972597,0.71343827
8.99624990,0.06014530,0.72349143
8.99874990,0.05394309,0.58197147
9.00124990,0.05940932,0.70589334
9.00374990,0.05789623,0.67039460
9.00624990,0.05386598,0.58030868
9.00874990,0.05389235,0.58087713
9.01124990,0.05769444,0.66572976
9.01374990,0.05766334,0.66501224
9.01624990,0.05925971,0.70234263
9.01874990,0.05921897,0.70137715
9.02124990,0.05020534,0.50411528
9.02374990,0.04933278,0.48674458
9.02624990,0.04993187,0.49863833
9.02874990,0.05074218,0.51495367
9.03124990,0.05142098,0.52882349
9.03374990,0.05120609,0.52441281
9.03624990,0.05505162,0.60613608
9.03874990,0.05634043,0.63484895
9.04124990,0.05464480,0.59721088
9.04374990,0.05407983,0.58492565
9.04624990,0.06132032,0.75203627
9.04874990,0.06443335,0.83033139
9.05124990,0.06465466,0.83604515
9.05374990,0.06483359,0.84067887
9.05624990,0.06241199,0.77905142
9.05874990,0.06236048,0.77776599
9.06124990,0.05953274,0.70882928
9.06374990,0.06052181,0.73257792
9.06624990,0.06682381,0.89308429
9.06874990,0.06724326,0.90433109
9.07124990,0.06971162,0.97194195
9.07374990,0.07102790,1.00899231
9.07624990,0.07287073,1.06202865
9.07874990,0.07325704,1.07331896
9.08124990,0.07266849,1.05614197
9.08374990,0.07277533,1.05924964
9.08624990,0.07024891,0.98698187
9.08874990,0.07074288,1.00091076
9.09124990,0.07146765,1.02152491
9.09374990,0.07267233,1.05625355
9.09624990,0.06627303,0.87842274
9.09874990,0.06497119,0.84425122
9.10124990,0.06318177,0.79838729
9.10374990,0.06730208,0.90591395
9.10624990,0.06864387,0.94239616
9.10874990,0.06895368,0.95092183
9.11124990,0.06814349,0.92870724
9.11374990,0.06723549,0.90412235
9.11624990,0.05906303,0.69768834
9.11874990,0.05862880,0.68746722
9.12124990,0.05679154,0.64505571
9.12374990,0.05653592,0.63926208
9.12624990,0.06131507,0.75190759
9.12874990,0.06070348,0.73698246
9.13124990,0.06173366,0.76220900
9.13374990,0.06145386,0.75531542
9.13624990,0.06258939,0.78348637
9.13874990,0.06238568,0.77839464
9.14124990,0.06156421,0.75803047
9.14374990,0.07878660,1.24146557
9.14624990,0.07874919,1.24028718
9.14874990,0.07968815,1.27004015
9.15124990,0.07746689,1.20022368
9.15374990,0.08077415,1.30489278
9.15624990,0.08076373,1.30455601
9.15874990,0.08179020,1.33792734
9.16124990,0.08607532,1.48179221
9.16374990,0.08794509,1.54686761
9.16624990,0.08717021,1.51972914
9.16874990,0.09198613,1.69228935
9.17124990,0.09271070,1.71905506
9.17374990,0.09793906,1.91841197
9.17624990,0.09278587,1.72184348
9.17874990,0.09282945,1.72346139
9.18124990,0.09660649,1.86656296
9.18374990,0.10119536,2.04810023
9.18624990,0.10080463,2.03231430
9.18874990,0.10036147,2.01448512
9.19124990,0.10036242,2.01452303
9.19374990,0.08662069,1.50062871
9.19624990,0.08876907,1.57598960
9.19874990,0.08778162,1.54112279
9.20124990,0.08724337,1.52228117
9.20374990,0.08095912,1.31087589
9.20624990,0.07966140,1.26918781
9.20874990,0.07843038,1.23026514
9.21124990,0.07357816,1.08274913
9.21374990,0.07325942,1.07338846
9.21624990,0.07469127,1.11575723
9.21874990,0.06870473,0.94406807
9.22124990,0.07056220,0.99580479
9.22374990,0.06292423,0.79189169
9.22624990,0.06484048,0.84085757
9.22874990,0.06810149,0.92756248
9.23124990,0.06340082,0.80393285
9.23374990,0.05579963,0.62271976
9.23624990,0.05740843,0.65914547
9.23874990,0.05655546,0.63970417
9.24124990,0.05722771,0.65500224
9.24374990,0.05713317,0.65283990
9.24624990,0.05548228,0.61565667
9.24874990,0.05720380,0.65445483
9.25124990,0.05715716,0.65338814
9.25374990,0.05719420,0.65423518
9.25624990,0.05815180,0.67632639
9.25874990,0.05808893,0.67486471
9.26124990,0.05915195,0.69979066
9.26374990,0.06833673,0.93398190
9.26624990,0.06713279,0.90136218
9.26874990,0.06733907,0.90691000
9.27124990,0.06991493,0.97761953
9.27374990,0.06996366,0.97898257
9.27624990,0.06872211,0.94454551
9.27874990,0.06609014,0.87358129
9.28124990,0.06544926,0.85672110
9.28374990,0.06547911,0.85750270
9.28624990,0.06459040,0.83438396
9.28874990,0.06464186,0.83571386
9.29124990,0.06454850,0.83330178
9.29374990,0.06453855,0.83304495
9.29624990,0.06305566,0.79520321
9.29874990,0.05984915,0.71638405
9.30124990,0.06006369,0.72152942
9.30374990,0.06025342,0.72609484
9.30624990,0.05985883,0.71661592
9.30874990,0.05987217,0.71693534
9.31124990,0.05884990,0.69266224
9.31374990,0.04608961,0.42485046
9.31624990,0.04589627,0.42129356
9.31874990,0.04857644,0.47193408
9.32124990,0.03978112,0.31650746
9.32374990,0.04725465,0.44660032
9.32624990,0.05249156,0.55107278
9.32874990,0.05113834,0.52302593
9.33124990,0.05342749,0.57089931
9.33374990,0.05419364,0.58739018
9.33624990,0.05255923,0.55249465
9.33874990,0.05718156,0.65394610
9.34124990,0.06006771,0.72162604
9.34374990,0.06431654,0.82732350
9.34624990,0.07214414,1.04095531
9.34874990,0.07546155,1.13888931
9.35124990,0.07919069,1.25423324
9.35374990,0.07921822,1.25510526
9.35624990,0.07877669,1.24115360
9.35874990,0.08160827,1.33198202
9.36124990,0.08628975,1.48918414
9.36374990,0.08962582,1.60655749
9.36624990,0.10115331,2.04639864
9.36874990,0.10143831,2.05794597
9.37124990,0.10141817,2.05712914
9.37374990,0.09897157,1.95907426
9.37624990,0.09818092,1.92789865
9.37874990,0.10409045,2.16696453
9.38124990,0.10423392,2.17294192
9.38374990,0.10421788,2.17227340
9.38624990,0.10415633,2.16970825
9.38874990,0.10171599,2.06922865
9.39124990,0.09976671,1.99067938
9.39374990,0.09698105,1.88106465
9.39624990,0.09132225,1.66795063
9.39874990,0.08884496,1.57868552
9.40124990,0.08603421,1.48037684
9.40374990,0.08729371,1.52403855
9.40624990,0.08744748,1.52941227
9.40874990,0.08680215,1.50692248
9.41124990,0.08203601,1.34598148
9.41374990,0.07769623,1.20734072
9.41624990,0.06217505,0.77314734
9.41874990,0.05959692,0.71035856
9.42124990,0.06110466,0.74675596
9.42374990,0.05861229,0.68708026
9.42624990,0.05489171,0.60262001
9.42874990,0.04246293,0.36062005
9.43124990,0.04331414,0.37522301
9.43374990,0.04460737,0.39796346
9.43624990,0.05408537,0.58504558
9.43874990,0.05624720,0.63274968
9.44124990,0.06137715,0.75343084
9.44374990,0.06200643,0.76895940
9.44624990,0.06214198,0.77232510
9.44874990,0.06330390,0.80147654
9.45124990,0.06308029,0.79582453
9.45374990,0.06298966,0.79353940
9.45624990,0.06285950,0.79026335
9.45874990,0.06000355,0.72008526
9.46124990,0.06016632,0.72399729
9.46374990,0.06010119,0.72243065
9.46624990,0.06268185,0.78580272
9.46874990,0.06466687,0.83636081
9.47124990,0.07108808,1.01070321
9.47374990,0.07423028,1.10202682
9.47624990,0.07431282,1.10447907
9.47874990,0.07635000,1.16586459
9.48124990,0.07430238,1.10416865
9.48374990,0.07311137,1.06905448
9.48624990,0.06853038,0.93928254
9.48874990,0.06857582,0.94052857
9.49124990,0.06405456,0.82059729
9.49374990,0.07283513,1.06099105
9.49624990,0.07523328,1.13200939
9.49874990,0.08050776,1.29629982
9.50124990,0.09740388,1.89750326
9.50374990,0.14633302,4.28267050
9.50624990,0.18128406,6.57278156
9.50874990,0.27949625,15.62363148
9.51124990,0.28375110,16.10293961
9.51374990,0.28541419,16.29225349
9.51624990,0.28500965,16.24609947
9.51874990,0.29434907,17.32827759
9.52124990,0.32008341,20.49067688
9.52374990,0.35619792,25.37539291
9.52624990,0.38968337,30.37062454
9.52874990,0.39215070,30.75643539
9.53124990,0.39511955,31.22389221
9.53374990,0.39980069,31.96811676
9.53624990,0.56654203,64.19396973
9.53874990,0.87875837,154.44326782
9.54124990,0.89880043,161.56845093
9.54374990,0.90199172,162.71781921
9.54624990,0.91991526,169.24880981
9.54874990,1.27936184,327.35336304
9.55124990,1.33419108,356.01315308
9.55374990,1.82954669,669.44824219
9.55624990,1.89228547,716.14880371
9.55874990,2.12035608,899.18200684
9.56124990,2.24602604,1008.92651367
9.56374990,2.25874782,1020.38830566
9.56624990,2.32047629,1076.92199707
9.56874990,2.52159357,1271.68676758
9.57124990,2.63975239,1393.65844727
9.57374990,2.64542103,1399.65039062
9.57624990,2.74849701,1510.84716797
9.57874990,2.79787993,1565.62646484
9.58124990,2.85584974,1631.17565918
9.58374990,2.90270376,1685.13793945
9.58624990,2.99511743,1794.14562988
9.58874990,3.13120413,1960.88769531
9.59124990,3.23882699,2098.00024414
9.59374990,3.25676131,2121.29907227
9.59624990,3.25797153,2122.87573242
9.59874990,3.14045668,1972.49377441
9.60124990,3.11820936,1944.64587402
9.60374990,2.86126304,1637.36523438
9.60624990,2.82188153,1592.60314941
9.60874990,2.64935136,1403.81237793
9.61124990,2.54537487,1295.78662109
9.61374990,2.53527474,1285.52355957
9.61624990,2.47969699,1229.77941895
9.61874990,2.27418256,1034.38134766
9.62124990,2.13217139,909.23101807
9.62374990,2.11978531,898.69799805
9.62624990,1.97827256,782.71246338
9.62874990,1.90781367,727.95056152
9.63124990,1.81920195,661.89916992
9.63374990,1.74241471,607.20178223
9.63624990,1.52653730,466.06323242
9.63874990,1.02233016,209.03179932
9.64124990,0.57132149,65.28165436
9.64374990,0.45039457,40.57105255
9.64624990,0.40282568,32.45370483
9.64874990,0.35182726,24.75648689
9.65124990,0.34476712,23.77287292
9.65374990,0.27764237,15.41705608
9.65624990,0.23651080,11.18747234
9.65874990,0.19921316,7.93717670
9.66124990,0.17260469,5.95847607
9.66374990,0.15122841,4.57400703
9.66624990,0.13866450,3.84556818
9.66874990,0.13936785,3.88468003
9.67124990,0.13919832,3.87523413
9.67374990,0.14664762,4.30110502
9.67624990,0.14475232,4.19064713
9.67874990,0.13694681,3.75088573
9.68124990,0.14146423,4.00242615
9.68374990,0.14464837,4.18463039
9.68624990,0.14700451,4.32206583
9.68874990,0.14821509,4.39354229
9.69124990,0.13970406,3.90344501
9.69374990,0.14014046,3.92786956
9.69624990,0.13964352,3.90006280
9.69874990,0.13769275,3.79185891
9.70124990,0.13073319,3.41823363
9.70374990,0.12611608,3.18105340
9.70624990,0.12610108,3.18029594
9.70874990,0.12542143,3.14610744
9.71124990,0.12090284,2.92349935
9.71374990,0.12331002,3.04107213
9.71624990,0.12150850,2.95286322
9.71874990,0.11183778,2.50153780
9.72124990,0.10723441,2.29984379
9.72374990,0.08747954,1.53053403
9.72624990,0.08778422,1.54121387
9.72874990,0.08943633,1.59977138
9.73124990,0.08273683,1.36907685
9.73374990,0.07778435,1.21008098
9.73624990,0.07126511,1.01574314
9.73874990,0.07929361,1.25749528
9.74124990,0.09304289,1.73139584
9.74374990,0.09812802,1.92582154
9.74624990,0.09739902,1.89731359
9.74874990,0.09669608,1.87002635
9.75124990,0.09686720,1.87665117
9.75374990,0.09708337,1.88503635
9.75624990,0.09726694,1.89217162
9.75874990,0.09711800,1.88638115
9.76124990,0.09729066,1.89309430
9.76374990,0.09847512,1.93946970
9.76624990,0.09856021,1.94282317
9.76874990,0.09885804,1.95458233
9.77124990,0.09915821,1.96647024
9.77374990,0.09903192,1.96146393
9.77624990,0.09782911,1.91410685
9.77874990,0.10155617,2.06273103
9.78124990,0.10697264,2.28862929
9.78374990,0.10615534,2.25379086
9.78624990,0.10405748,2.16559148
9.78874990,0.10186052,2.07511330
9.79124990,0.09153119,1.67559159
9.79374990,0.08651359,1.49692011
9.79624990,0.08631578,1.49008286
9.79874990,0.08384576,1.40602231
9.80124990,0.08435346,1.42310143
9.80374990,0.08433545,1.42249370
9.80624990,0.08415223,1.41631949
9.80874990,0.09024302,1.62876034
9.81124990,0.09385505,1.76175380
9.81374990,0.08947870,1.60128772
9.81624990,0.08933200,1.59604120
9.81874990,0.08918335,1.59073412
9.82124990,0.08968252,1.60859084
9.82374990,0.08792715,1.54623652
9.82624990,0.09096766,1.65502286
9.82874990,0.08444801,1.42629325
9.83124990,0.07695628,1.18445373
9.83374990,0.08518474,1.45128798
9.83624990,0.08919626,1.59119439
9.83874990,0.08259448,1.36436963
9.84124990,0.08070711,1.30272746
9.84374990,0.08032361,1.29037666
9.84624990,0.08138955,1.32485199
9.84874990,0.08161782,1.33229363
9.85124990,0.07867451,1.23793566
9.85374990,0.08145408,1.32695341
9.85624990,0.08142605,1.32604051
9.85874990,0.07680347,1.17975450
9.86124990,0.07473943,1.11719656
9.86374990,0.07794045,1.21494281
9.86624990,0.07839981,1.22930586
9.86874990,0.07688323,1.18220615
9.87124990,0.07621174,1.16164577
9.87374990,0.07547887,1.13941205
9.87624990,0.06962150,0.96943080
9.87874990,0.06948939,0.96575505
9.88124990,0.06930728,0.96069986
9.88374990,0.06747422,0.91055393
9.88624990,0.06209664,0.77119857
9.88874990,0.06181102,0.76412046
9.89124990,0.06369453,0.81139868
9.89374990,0.06258626,0.78340799
9.89624990,0.06154192,0.75748158
9.89874990,0.06365162,0.81030583
9.90124990,0.06389797,0.81659025
9.90374990,0.06008329,0.72200030
9.90624990,0.06030506,0.72733992
9.90874990,0.05788550,0.67014623
9.91124990,0.05457261,0.59563404
9.91374990,0.05177393,0.53610790
9.91624990,0.05160313,0.53257674
9.91874990,0.04920798,0.48428503
9.92124990,0.04883635,0.47699785
9.92374990,0.04865595,0.47348022
9.92624990,0.04847616,0.46998766
9.92874990,0.05281287,0.55783987
9.93124990,0.05492037,0.60324937
9.93374990,0.05339304,0.57016337
9.93624990,0.05381038,0.57911152
9.93874990,0.05448799,0.59378821
9.94124990,0.05783001,0.66886199
9.94374990,0.05819241,0.67727119
9.94624990,0.05770503,0.66597402
9.94874990,0.05522439,0.60994655
9.95124990,0.05582424,0.62326902
9.95374990,0.05761763,0.66395825
9.95624990,0.05820948,0.67766857
9.95874990,0.06072162,0.73742318
9.96124990,0.06276965,0.78800589
9.96374990,0.06644963,0.88311070
9.96624990,0.06603350,0.87208462
9.96874990,0.06857684,0.94055647
9.97124990,0.06940854,0.96350932
9.97374990,0.07684638,1.18107331
9.97624990,0.07703260,1.18680429
9.97874990,0.07704906,1.18731165
9.98124990,0.08181749,1.33882046
9.98374990,0.08069102,1.30220830
9.98624990,0.08118413,1.31817234
9.98874990,0.08178566,1.33777881
9.99124990,0.07805478,1.21850979
9.99374990,0.07848627,1.23201895
9.99624990,0.08687583,1.50948179
9.99874990,0.08724105,1.52220023
10.00124990,0.09983275,1.99331546
10.00374990,0.09898474,1.95959580
10.00624990,0.09918176,1.96740437
10.00874990,0.09819797,1.92856848
10.01124990,0.09684004,1.87559867
10.01374990,0.09337571,1.74380469
10.01624990,0.09426486,1.77717280
10.01874990,0.09268808,1.71821606
10.02124990,0.09284217,1.72393346
10.02374990,0.08878954,1.57671630
10.02624990,0.08882531,1.57798707
10.02874990,0.08671124,1.50376797
10.03124990,0.08118712,1.31826973
10.03374990,0.07707280,1.18804324
10.03624990,0.08199069,1.34449470
10.03874990,0.08162081,1.33239150
10.04124990,0.08169711,1.33488357
10.04374990,0.08518722,1.45137239
10.04624990,0.07699838,1.18575025
10.04874990,0.08022965,1.28735924
10.05124990,0.06592647,0.86925983
10.05374990,0.06699836,0.89775616
10.05624990,0.06615378,0.87526447
10.05874990,0.06817729,0.92962855
10.06124990,0.07167464,1.02745068
10.06374990,0.07911982,1.25198901
10.06624990,0.08040765,1.29307806
10.06874990,0.09039064,1.63409352
10.07124990,0.08945689,1.60050726
10.07374990,0.08820482,1.55601835
10.07624990,0.09423754,1.77614260
10.07874990,0.09671272,1.87066984
10.08124990,0.09841771,1.93720913
10.08374990,0.09920866,1.96847153
10.08624990,0.09436708,1.78102922
10.08874990,0.09510747,1.80908608
10.09124990,0.09471761,1.79428518
10.09374990,0.09299888,1.72975874
10.09624990,0.09730840,1.89378500
10.09874990,0.09415595,1.77306867
10.10124990,0.09301584,1.73038936
10.10374990,0.09380584,1.75990713
10.10624990,0.09568700,1.83120060
10.10874990,0.09457054,1.78871751
10.11124990,0.09221207,1.70061302
10.11374990,0.08638351,1.49242210
10.11624990,0.08420101,1.41796184
10.11874990,0.07300073,1.06582141
10.12124990,0.07299274,1.06558812
10.12374990,0.07337882,1.07689011
10.12624990,0.06531348,0.85317016
10.12874990,0.06584289,0.86705714
10.13124990,0.06344935,0.80516410
10.13374990,0.06165890,0.76036388
10.13624990,0.06197742,0.76824015
10.13874990,0.06008147,0.72195655
10.14124990,0.06105838,0.74562520
10.14374990,0.05817798,0.67693537
10.14624990,0.05028849,0.50578648
10.14874990,0.05018998,0.50380683
10.15124990,0.04870247,0.47438622
10.15374990,0.04674421,0.43700424
10.15624990,0.04319948,0.37323904
10.15874990,0.04077685,0.33255029
10.16124990,0.04074550,0.33203915
10.16374990,0.03930056,0.30890685
10.16624990,0.04479432,0.40130633
10.16874990,0.04479684,0.40135142
10.17124990,0.04487663,0.40278241
10.17374990,0.04425577,0.39171457
10.17624990,0.04408647,0.38872331
10.17874990,0.04258028,0.36261594
10.18124990,0.04165669,0.34705594
10.18374990,0.04137661,0.34240484
10.18624990,0.04373032,0.38246825
10.18874990,0.04385817,0.38470790
10.19124990,0.04491153,0.40340903
10.19374990,0.04467466,0.39916500
10.19624990,0.04444966,0.39515448
10.19874990,0.04435539,0.39348012
10.20124990,0.04715111,0.44464543
10.20374990,0.04552997,0.41459554
10.20624990,0.04706257,0.44297707
10.20874990,0.04691686,0.44023842
10.21124990,0.04658014,0.43394184
10.21374990,0.04972192,0.49445385
10.21624990,0.04483566,0.40204728
10.21874990,0.04564404,0.41667578
10.22124990,0.04558060,0.41551813
10.22374990,0.04414562,0.38976723
10.22624990,0.04756321,0.45245185
10.22874990,0.04218414,0.35590041
10.23124990,0.04377376,0.38322842
10.23374990,0.04372471,0.38237002
10.23624990,0.04093656,0.33516037
10.23874990,0.04153541,0.34503806
10.24124990,0.03865691,0.29887137
10.24374990,0.04293563,0.36869371
10.24624990,0.04296651,0.36922413
10.24874990,0.04312947,0.37203032
10.25124990,0.04004194,0.32067138
10.25374990,0.04015535,0.32249048
10.25624990,0.04076301,0.33232453
10.25874990,0.04068365,0.33103180
10.26124990,0.04044402,0.32714373
10.26374990,0.03666528,0.26886857
10.26624990,0.03686901,0.27186477
10.26874990,0.03800530,0.28888053
10.27124990,0.03806962,0.28985921
10.27374990,0.03859122,0.29785645
10.27624990,0.03436417,0.23617922
10.27874990,0.03474500,0.24144298
10.28124990,0.03294785,0.21711221
10.28374990,0.03545104,0.25135523
10.28624990,0.03556067,0.25291219
10.28874990,0.03463976,0.23998262
10.29124990,0.03464044,0.23999196
10.29374990,0.03071894,0.18873063
10.29624990,0.03152160,0.19872227
10.29874990,0.03208122,0.20584089
10.30124990,0.03570380,0.25495225
10.30374990,0.03565083,0.25419635
10.30624990,0.03265595,0.21328223
10.30874990,0.03668780,0.26919892
10.31124990,0.04551348,0.41429535
10.31374990,0.04577776,0.41912055
10.31624990,0.04571402,0.41795439
10.31874990,0.04382074,0.38405144
10.32124990,0.04377370,0.38322735
10.32374990,0.04480926,0.40157402
10.32624990,0.04507998,0.40644097
10.32874990,0.04681943,0.43841177
10.33124990,0.04654024,0.43319878
10.33374990,0.04466527,0.39899731
10.33624990,0.04454505,0.39685231
10.33874990,0.04462086,0.39820421
10.34124990,0.04781992,0.45734906
10.34374990,0.04678986,0.43785822
10.34624990,0.04754210,0.45205030
10.34874990,0.04712817,0.44421291
10.35124990,0.04428552,0.39224142
10.35374990,0.04462914,0.39835209
10.35624990,0.04432809,0.39299580
10.35874990,0.04151192,0.34464800
10.36124990,0.03557651,0.25313759
10.36374990,0.03497057,0.24458823
10.36624990,0.03522389,0.24814443
10.36874990,0.03564890,0.25416890
10.37124990,0.04167913,0.34742996
10.37374990,0.04001774,0.32028383
10.37624990,0.03960264,0.31367391
10.37874990,0.03862102,0.29831666
10.38124990,0.03904260,0.30486500
10.38374990,0.04042406,0.32682097
10.38624990,0.04062470,0.33007330
10.38874990,0.04336243,0.37606016
10.39124990,0.03991351,0.31861764
10.39374990,0.03993249,0.31892064
10.39624990,0.03851308,0.29665142
10.39874990,0.04071657,0.33156776
10.40124990,0.04243294,0.36011085
10.40374990,0.04366197,0.38127348
10.40624990,0.04522932,0.40913826
10.40874990,0.04814316,0.46355289
10.41124990,0.04658881,0.43410343
10.41374990,0.05354887,0.57349634
10.41624990,0.05466552,0.59766388
10.41874990,0.05500469,0.60510325
10.42124990,0.05155488,0.53158110
10.42374990,0.05541224,0.61410338
10.42624990,0.06484376,0.84094262
10.42874990,0.06459646,0.83454061
10.43124990,0.06546205,0.85705608
10.43374990,0.06468026,0.83670706
10.43624990,0.06576909,0.86511469
10.43874990,0.06410331,0.82184684
10.44124990,0.06439879,0.82944071
10.44374990,0.06503859,0.84600377
10.44624990,0.06549606,0.85794663
10.44874990,0.06719401,0.90300715
10.45124990,0.06692535,0.89580035
10.45374990,0.06699172,0.89757794
10.45624990,0.06638701,0.88144696
10.45874990,0.06725311,0.90459633
10.46124990,0.06636959,0.88098454
10.46374990,0.06091164,0.74204552
10.46624990,0.05978984,0.71496493
10.46874990,0.05936204,0.70477033
10.47124990,0.05851045,0.68469441
10.47374990,0.05549676,0.61597818
10.47624990,0.04597441,0.42272928
10.47874990,0.04513464,0.40742713
10.48124990,0.04349484,0.37836021
10.48374990,0.04545006,0.41314161
10.48624990,0.04368650,0.38170204
10.48874990,0.04330355,0.37503940
10.49124990,0.04349711,0.37839973
10.49374990,0.04513476,0.40742937
10.49624990,0.04428875,0.39229870
10.49874990,0.03986353,0.31782028
10.50124990,0.03970128,0.31523839
10.50374990,0.03809937,0.29031241
10.50624990,0.04137106,0.34231287
10.50874990,0.04150984,0.34461334
10.51124990,0.04253119,0.36178046
10.51374990,0.04545257,0.41318721
10.51624990,0.04800151,0.46082896
10.51874990,0.05992702,0.71824968
10.52124990,0.06215489,0.77264613
10.52374990,0.06354863,0.80768579
10.52624990,0.06234381,0.77735013
10.52874990,0.06273077,0.78702980
10.53124990,0.06762815,0.91471314
10.53374990,0.06638241,0.88132477
10.53624990,0.06858132,0.94067943
10.53874990,0.07198481,1.03636265
10.54124990,0.07369058,1.08606029
10.54374990,0.07211588,1.04014015
10.54624990,0.07263380,1.05513394
10.54874990,0.07235750,1.04712141
10.55124990,0.07170300,1.02826405
10.55374990,0.07171702,1.02866602
10.55624990,0.07027148,0.98761618
10.55874990,0.06709483,0.90034330
10.56124990,0.06668830,0.88946575
10.56374990,0.06621189,0.87680292
10.56624990,0.06440946,0.82971573
10.56874990,0.05359925,0.57457596
10.57124990,0.05189889,0.53869891
10.57374990,0.04949408,0.48993275
10.57624990,0.04932867,0.48666361
10.57874990,0.04972197,0.49445498
10.58124990,0.04399443,0.38710207
10.58374990,0.04474962,0.40050563
10.58624990,0.04133839,0.34177250
10.58874990,0.03600826,0.25931898
10.59124990,0.03195670,0.20424610
10.59374990,0.03454926,0.23873031
10.59624990,0.03439059,0.23654261
10.59874990,0.04035873,0.32576537
10.60124990,0.04087809,0.33420372
10.60374990,0.04053725,0.32865369
10.60624990,0.03913293,0.30627725
10.60874990,0.04758034,0.45277768
10.61124990,0.05036663,0.50735950
10.61374990,0.04891825,0.47859904
10.61624990,0.05130240,0.52638733
10.61874990,0.05115539,0.52337480
10.62124990,0.05140951,0.52858746
10.62374990,0.05300447,0.56189471
10.62624990,0.06085601,0.74069077
10.62874990,0.06036963,0.72889853
10.63124990,0.05988049,0.71713459
10.63374990,0.05986083,0.71666372
10.63624990,0.06115046,0.74787569
10.63874990,0.06190748,0.76650727
10.64124990,0.06214062,0.77229136
10.64374990,0.06222055,0.77427930
10.64624990,0.06203518,0.76967269
10.64874990,0.06158556,0.75855619
10.65124990,0.06124411,0.75016820
10.65374990,0.06128501,0.75117046
10.65624990,0.06113870,0.74758828
10.65874990,0.05557666,0.61775303
10.66124990,0.05291721,0.56004620
10.66374990,0.13414164,3.59879613
10.66624990,0.13823210,3.82162237
10.66874990,0.18028827,6.50077248
10.67124990,0.18736538,7.02115726
10.67374990,0.18722658,7.01075792
10.67624990,0.18572991,6.89911890
10.67874990,0.20505121,8.40920067
10.68124990,0.23892201,11.41674519
10.68374990,0.24116428,11.63204193
10.68624990,0.32439607,21.04656219
10.68874990,0.34365919,23.62032700
10.69124990,0.53811264,57.91304016
10.69374990,0.60000759,72.00182343
10.69624990,0.86206001,148.62950134
10.69874990,0.92096835,169.63653564
10.70124990,0.97565931,190.38221741
10.70374990,0.99385583,197.54989624
10.70624990,1.01775587,207.16539001
10.70874990,1.02365434,209.57363892
10.71124990,1.02609324,210.57345581
10.71374990,1.01904690,207.69132996
10.71624990,1.08529043,235.57106018
10.71874990,1.08253741,234.37742615
10.72124990,1.08180523,234.06050110
10.72374990,1.08890140,237.14128113
10.72624990,1.15921140,268.75421143
10.72874990,1.17089951,274.20111084
10.73124990,1.16901565,273.31951904
10.73374990,1.19855702,287.30780029
10.73624990,1.18076086,278.83923340
10.73874990,1.30403733,340.10266113
10.74124990,1.28474259,330.11267090
10.74374990,1.42611527,406.76098633
10.74624990,1.28576612,330.63891602
10.74874990,1.54913175,479.96185303
10.75124990,1.79180694,642.11437988
10.75374990,2.14848351,923.19616699
10.75624990,2.14603353,921.09204102
10.75874990,2.14826369,923.00744629
10.76124990,2.20440221,971.87792969
10.76374990,2.34152079,1096.54394531
10.76624990,2.36726403,1120.78784180
10.76874990,2.45405602,1204.47827148
10.77124990,2.45492148,1205.32788086
10.77374990,2.48885202,1238.87683105
10.77624990,2.60826015,1360.60424805
10.77874990,2.67126608,1427.13256836
10.78124990,2.70294046,1461.17749023
10.78374990,2.68979025,1446.99414062
10.78624990,2.69959974,1457.56787109
10.78874990,2.68107486,1437.63244629
10.79124990,2.67889214,1435.29272461
10.79374990,2.59310341,1344.83703613
10.79624990,2.63515735,1388.81079102
10.79874990,2.57951093,1330.77526855
10.80124990,2.49705267,1247.05456543
10.80374990,2.23581815,999.77655029
10.80624990,2.24049807,1003.96618652
10.80874990,2.23672581,1000.58837891
10.81124990,2.18038964,950.81982422
10.81374990,2.03223681,825.99737549
10.81624990,1.96672332,773.60015869
10.81874990,1.85529137,688.42126465
10.82124990,1.85388219,687.37585449
10.82374990,1.80423439,651.05236816
10.82624990,1.57757008,497.74548340
10.82874990,1.45648515,424.26983643
10.83124990,1.39301229,388.09661865
10.83374990,1.39347637,388.35525513
10.83624990,1.37284255,376.93936157
10.83874990,1.29049027,333.07305908
10.84124990,1.24740493,311.20379639
10.84374990,1.24682903,310.91653442
10.84624990,1.15489972,266.75866699
10.84874990,0.87896913,154.51733398
10.85124990,0.52639925,55.41923523
10.85374990,0.26910272,14.48325348
10.85624990,0.12089992,2.92335844
10.85874990,0.10530355,2.21776748
10.86124990,0.10327289,2.13305807
10.86374990,0.10322829,2.13121629
10.86624990,0.10476034,2.19494605
10.86874990,0.10516467,2.21192169
10.87124990,0.10466702,2.19103670
10.87374990,0.09825120,1.93065989
10.87624990,0.09606529,1.84570813
10.87874990,0.09613765,1.84848928
10.88124990,0.09763943,1.90669167
10.88374990,0.09129568,1.66698039
10.88624990,0.08779679,1.54165518
10.88874990,0.08933259,1.59606218
10.89124990,0.08797080,1.54777229
10.89374990,0.08752812,1.53223455
10.89624990,0.08319581,1.38430882
10.89874990,0.08585113,1.47408342
10.90124990,0.08357490,1.39695275
10.90374990,0.08345147,1.39282966
10.90624990,0.08380903,1.40479088
10.90874990,0.07629295,1.16412306
10.91124990,0.07566620,1.14507484
10.91374990,0.07838262,1.22876692
10.91624990,0.07639492,1.16723692
10.91874990,0.07581282,1.14951658
10.92124990,0.07865306,1.23726082
10.92374990,0.07650136,1.17049170
10.92624990,0.07760157,1.20440054
10.92874990,0.08021181,1.28678691
10.93124990,0.07884318,1.24324965
10.93374990,0.07727848,1.19439280
10.93624990,0.07984550,1.27506042
10.93874990,0.07817349,1.22221887
10.94124990,0.07629552,1.16420138
10.94374990,0.07632374,1.16506267
10.94624990,0.07079409,1.00236070
10.94874990,0.06521913,0.85070717
10.95124990,0.06602187,0.87177759
10.95374990,0.06668328,0.88933182
10.95624990,0.06287234,0.79058623
10.95874990,0.06682038,0.89299268
10.96124990,0.06880494,0.94682401
10.96374990,0.06587958,0.86802393
10.96624990,0.06898996,0.95192301
10.96874990,0.07329211,1.07434678
10.97124990,0.06988703,0.97683954
10.97374990,0.07049730,0.99397385
10.97624990,0.07076059,1.00141215
10.97874990,0.06815688,0.92907214
10.98124990,0.06742119,0.90912348
10.98374990,0.06840546,0.93586141
10.98624990,0.06850006,0.93845189
10.98874990,0.07018852,0.98528564
10.99124990,0.07683602,1.18075478
10.99374990,0.07654607,1.17186022
10.99624990,0.07665331,1.17514598
10.99874990,0.08004905,1.28157008
11.00124990,0.07981084,1.27395403
11.00374990,0.07842892,1.23021936
11.00624990,0.07753775,1.20242047
11.00874990,0.07365040,1.08487618
11.01124990,0.07251226,1.05160558
11.01374990,0.07400341,1.09530079
11.01624990,0.07140114,1.01962459
11.01874990,0.06848125,0.93793625
11.02124990,0.06938239,0.96278334
11.02374990,0.06873305,0.94484639
11.02624990,0.06817934,0.92968440
11.02874990,0.06780235,0.91943181
11.03124990,0.06820884,0.93048930
11.03374990,0.06864600,0.94245470
11.03624990,0.06564929,0.86196566
11.03874990,0.06114260,0.74768364
11.04124990,0.05696531,0.64900935
11.04374990,0.05666241,0.64212573
11.04624990,0.05569824,0.62045878
11.04874990,0.05520377,0.60949111
11.05124990,0.05449173,0.59386981
11.05374990,0.05435602,0.59091532
11.05624990,0.05742984,0.65963739
11.05874990,0.05813358,0.67590249
11.06124990,0.05718793,0.65409178
11.06374990,0.05635376,0.63514924
11.06624990,0.05725607,0.65565139
11.06874990,0.05548528,0.61572337
11.07124990,0.05874484,0.69019115
11.07374990,0.05868824,0.68886191
11.07624990,0.05743827,0.65983093
11.07874990,0.05825075,0.67862999
11.08124990,0.05777571,0.66760659
11.08374990,0.05597412,0.62662041
11.08624990,0.05554600,0.61707175
11.08874990,0.05554916,0.61714172
11.09124990,0.05382793,0.57948923
11.09374990,0.05455003,0.59514111
11.09624990,0.05452177,0.59452474
11.09874990,0.04847918,0.47004628
11.10124990,0.04864423,0.47325230
11.10374990,0.04849956,0.47044146
11.10624990,0.04643521,0.43124580
11.10874990,0.04596654,0.42258444
11.11124990,0.04646831,0.43186080
11.11374990,0.05028991,0.50581509
11.11624990,0.05286898,0.55902594
11.11874990,0.05297334,0.56123489
11.12124990,0.04890662,0.47837156
11.12374990,0.05070407,0.51418048
11.12624990,0.05089947,0.51815122
11.12874990,0.05188331,0.53837550
11.13124990,0.05183927,0.53746206
11.13374990,0.05164234,0.53338623
11.13624990,0.05447656,0.59353906
11.13874990,0.05440335,0.59194481
11.14124990,0.05159120,0.53233039
11.14374990,0.05300671,0.56194222
11.14624990,0.05300547,0.56191587
11.14874990,0.05163161,0.53316462
11.15124990,0.05400208,0.58324492
11.15374990,0.05501420,0.60531235
11.15624990,0.05237307,0.54858768
11.15874990,0.05297709,0.56131428
11.16124990,0.05264213,0.55423880
11.16374990,0.04957585,0.49155298
11.16624990,0.04527916,0.41004038
11.16874990,0.04546587,0.41342911
11.17124990,0.04680048,0.43805701
11.17374990,0.04518065,0.40825817
11.17624990,0.04423620,0.39136827
11.17874990,0.04249358,0.36114091
11.18124990,0.04316135,0.37258035
11.18374990,0.04363904,0.38087314
11.18624990,0.04035986,0.32578373
11.18874990,0.04045773,0.32736567
11.19124990,0.04272826,0.36514091
11.19374990,0.04001391,0.32022268
11.19624990,0.04063029,0.33016407
11.19874990,0.04533045,0.41096991
11.20124990,0.04230473,0.35793805
11.20374990,0.04134008,0.34180033
11.20624990,0.04212957,0.35498005
11.20874990,0.04097227,0.33574539
11.21124990,0.04149543,0.34437406
11.21374990,0.03846670,0.29593733
11.21624990,0.03834538,0.29407364
11.21874990,0.04430930,0.39266288
11.22124990,0.04231525,0.35811603
11.22374990,0.04224452,0.35691991
11.22624990,0.04924239,0.48496252
11.22874990,0.04874956,0.47530389
11.23124990,0.04826537,0.46590924
11.23374990,0.04803982,0.46156496
11.23624990,0.04789487,0.45878369
11.23874990,0.04869202,0.47418255
11.24124990,0.04829931,0.46656466
11.24374990,0.04848933,0.47024304
11.24624990,0.05238614,0.54886156
11.24874990,0.04770191,0.45509434
11.25124990,0.04836099,0.46775705
11.25374990,0.04807808,0.46230045
11.25624990,0.04772727,0.45557854
11.25874990,0.05061726,0.51242143
11.26124990,0.05104360,0.52108985
11.26374990,0.05103387,0.52089107
11.26624990,0.05324702,0.56704891
11.26874990,0.04811186,0.46295014
11.27124990,0.05123498,0.52500468
11.27374990,0.05121518,0.52459902
11.27624990,0.04629728,0.42868760
11.27874990,0.04798210,0.46045634
11.28124990,0.04808328,0.46240035
11.28374990,0.04834319,0.46741277
11.28624990,0.04810821,0.46287987
11.28874990,0.04744642,0.45023251
11.29124990,0.04687039,0.43936670
11.29374990,0.04738116,0.44899490
11.29624990,0.04256524,0.36235991
11.29874990,0.04727955,0.44707114
11.30124990,0.04659824,0.43427929
11.30374990,0.04703625,0.44248164
11.30624990,0.04672211,0.43659115
11.30874990,0.04418375,0.39044070
11.31124990,0.04553803,0.41474253
11.31374990,0.04658137,0.43396488
11.31624990,0.04475277,0.40056202
11.31874990,0.04616665,0.42627183
11.32124990,0.04246118,0.36059034
11.32374990,0.04296426,0.36918548
11.32624990,0.04134013,0.34180129
11.32874990,0.03864278,0.29865295
11.33124990,0.03988336,0.31813654
11.33374990,0.03933629,0.30946875
11.33624990,0.04092975,0.33504888
11.33874990,0.04117614,0.33909488
11.34124990,0.04109914,0.33782792
11.34374990,0.04241391,0.35978800
11.34624990,0.04287511,0.36765504
11.34874990,0.03796439,0.28825897
11.35124990,0.03796014,0.28819448
11.35374990,0.03735613,0.27909613
11.35624990,0.04015784,0.32253045
11.35874990,0.04041791,0.32672152
11.36124990,0.03772403,0.28462046
11.36374990,0.03906502,0.30521518
11.36624990,0.03837210,0.29448354
11.36874990,0.03741727,0.28001037
11.37124990,0.03739965,0.27974683
11.37374990,0.03654806,0.26715213
11.37624990,0.03905487,0.30505654
11.37874990,0.03870973,0.29968870
11.38124990,0.03740190,0.27978051
11.38374990,0.03798500,0.28857213
11.38624990,0.03621735,0.26233938
11.38874990,0.03762178,0.28307968
11.39124990,0.03687147,0.27190107
11.39374990,0.03587020,0.25733429
11.39624990,0.03597458,0.25883406
11.39874990,0.03596651,0.25871789
11.40124990,0.03961573,0.31388122
11.40374990,0.04089909,0.33454713
11.40624990,0.03990385,0.31846347
11.40874990,0.03880711,0.30119839
11.41124990,0.03923887,0.30793777
11.41374990,0.04058448,0.32942000
11.41624990,0.04176223,0.34881675
11.41874990,0.04150511,0.34453478
11.42124990,0.04137404,0.34236225
11.42374990,0.04142967,0.34328353
11.42624990,0.04296317,0.36916673
11.42874990,0.04308829,0.37132025
11.43124990,0.04286591,0.36749724
11.43374990,0.04233511,0.35845232
11.43624990,0.04217066,0.35567287
11.43874990,0.04247737,0.36086535
11.44124990,0.04309242,0.37139136
11.44374990,0.04217113,0.35568085
11.44624990,0.04201094,0.35298383
11.44874990,0.04168022,0.34744814
11.45124990,0.04011750,0.32188278
11.45374990,0.03911747,0.30603528
11.45624990,0.03733285,0.27874833
11.45874990,0.03774995,0.28501168
11.46124990,0.03715274,0.27606514
11.46374990,0.03435677,0.23607747
11.46624990,0.03395542,0.23059413
11.46874990,0.03343098,0.22352608
11.47124990,0.03380707,0.22858353
11.47374990,0.03371230,0.22730379
11.47624990,0.03144985,0.19781859
11.47874990,0.03209554,0.20602472
11.48124990,0.03230869,0.20877022
11.48374990,0.03291729,0.21670961
11.48624990,0.03316341,0.21996243
11.48874990,0.03247362,0.21090719
11.49124990,0.03225699,0.20810264
11.49374990,0.03183379,0.20267801
11.49624990,0.03118115,0.19445284
11.49874990,0.03118155,0.19445786
11.50124990,0.03379579,0.22843108
11.50374990,0.03480638,0.24229683
11.50624990,0.03503507,0.24549127
11.50874990,0.03458625,0.23924184
11.51124990,0.03515487,0.24717298
11.51374990,0.03720611,0.27685887
11.51624990,0.03705930,0.27467841
11.51874990,0.03724725,0.27747148
11.52124990,0.03751335,0.28145018
11.52374990,0.03793857,0.28786695
11.52624990,0.03878621,0.30087399
11.52874990,0.03928066,0.30859402
11.53124990,0.04062346,0.33005300
11.53374990,0.04046985,0.32756180
11.53624990,0.04081200,0.33312386
11.53874990,0.04231058,0.35803711
11.54124990,0.04146700,0.34390247
11.54374990,0.04218997,0.35599881
11.54624990,0.04287104,0.36758527
11.54874990,0.04308194,0.37121060
11.55124990,0.04025874,0.32415318
11.55374990,0.03945164,0.31128633
11.55624990,0.04086632,0.33401126
11.55874990,0.04095126,0.33540112
11.56124990,0.04098699,0.33598664
11.56374990,0.03881624,0.30134013
11.56624990,0.03796386,0.28825086
11.56874990,0.03791064,0.28744334
11.57124990,0.03883473,0.30162731
11.57374990,0.03854068,0.29707679
11.57624990,0.03648634,0.26625061
11.57874990,0.03519777,0.24777658
11.58124990,0.03343978,0.22364379
11.58374990,0.03502889,0.24540469
11.58624990,0.03619806,0.26205999
11.58874990,0.03257409,0.21221426
11.59124990,0.03282132,0.21544781
11.59374990,0.03207095,0.20570911
11.59624990,0.03250813,0.21135572
11.59874990,0.03237902,0.20968017
11.60124990,0.03150430,0.19850412
11.60374990,0.03105552,0.19288906
11.60624990,0.02907478,0.16906852
11.60874990,0.02895339,0.16765980
11.61124990,0.02822814,0.15936559
11.61374990,0.02672702,0.14286676
11.61624990,0.02888710,0.16689293
11.61874990,0.02988553,0.17862894
11.62124990,0.02803417,0.15718295
11.62374990,0.02787394,0.15539128
11.62624990,0.02990917,0.17891166
11.62874990,0.03024040,0.18289633
11.63124990,0.03028107,0.18338867
11.63374990,0.02877100,0.16555411
11.63624990,0.02692775,0.14502077
11.63874990,0.02947838,0.17379501
11.64124990,0.03178595,0.20206937
11.64374990,0.03493406,0.24407765
11.64624990,0.03369908,0.22712566
11.64874990,0.03403086,0.23161992
11.65124990,0.03508837,0.24623874
11.65374990,0.03505436,0.24576159
11.65624990,0.03489317,0.24350667
11.65874990,0.03673094,0.26983240
11.66124990,0.03672602,0.26976007
11.66374990,0.03722103,0.27708104
11.66624990,0.03555080,0.25277182
11.66874990,0.03735467,0.27907431
11.67124990,0.03727505,0.27788588
11.67374990,0.03728783,0.27807638
11.67624990,0.03419408,0.23384699
11.67874990,0.03464940,0.24011618
11.68124990,0.03463012,0.23984897
11.68374990,0.03449002,0.23791230
11.68624990,0.03515672,0.24719892
11.68874990,0.03346947,0.22404112
11.69124990,0.03097939,0.19194451
11.69374990,0.02739210,0.15006548
11.69624990,0.02870286,0.16477078
11.69874990,0.02947192,0.17371885
11.70124990,0.03137327,0.19685641
11.70374990,0.03208523,0.20589241
11.70624990,0.03274060,0.21438934
11.70874990,0.03075794,0.18921021
11.71124990,0.03384112,0.22904427
11.71374990,0.03333371,0.22222728
11.71624990,0.03390062,0.22985043
11.71874990,0.03113897,0.19392705
11.72124990,0.03199917,0.20478942
11.72374990,0.03266089,0.21334675
11.72624990,0.03261580,0.21275802
11.72874990,0.03262272,0.21284837
11.73124990,0.03540106,0.25064710
11.73374990,0.03525855,0.24863309
11.73624990,0.03425999,0.23474935
11.73874990,0.03921065,0.30749506
11.74124990,0.08241185,1.35834241
11.74374990,0.09384962,1.76155031
11.74624990,0.13228749,3.49999619
11.74874990,0.13432613,3.60870218
11.75124990,0.14119293,3.98708868
11.75374990,0.14735228,4.34253883
11.75624990,0.14729129,4.33894491
11.75874990,0.16628979,5.53045845
11.76124990,0.19544193,7.63951015
11.76374990,0.24129401,11.64455986
11.76624990,0.27290288,14.89519596
11.76874990,0.27315104,14.92229652
11.77124990,0.53514910,57.27691650
11.77374990,0.56422973,63.67103577
11.77624990,0.69144148,95.61827087
11.77874990,0.81319886,132.25846863
11.78124990,0.82360715,135.66575623
11.78374990,0.86685121,150.28619385
11.78624990,0.86764324,150.56094360
11.78874990,0.97247982,189.14340210
11.79124990,1.16037107,269.29217529
11.79374990,1.20614278,290.95608521
11.79624990,1.36734211,373.92486572
11.79874990,1.40078664,392.44064331
11.80124990,1.46666980,430.22406006
11.80374990,1.47627962,435.88031006
11.80624990,1.65934432,550.68469238
11.80874990,1.70695388,582.73828125
11.81124990,1.76110160,620.29577637
11.81374990,1.83857322,676.07031250
11.81624990,1.83712685,675.00701904
11.81874990,1.88103580,707.65917969
11.82124990,1.85581255,688.80804443
11.82374990,1.93351066,747.69274902
11.82624990,1.89555669,718.62701416
11.82874990,1.87745380,704.96655273
11.83124990,2.22992563,994.51367188
11.83374990,2.40612364,1157.88623047
11.83624990,2.45207429,1202.53369141
11.83874990,2.41269159,1164.21606445
11.84124990,2.32971120,1085.51086426
11.84374990,2.30957890,1066.83093262
11.84624990,2.22679305,991.72149658
11.84874990,2.21737909,983.35394287
11.85124990,2.18691540,956.51983643
11.85374990,2.19180417,960.80114746
11.85624990,2.05938697,848.21496582
11.85874990,2.01862574,814.97003174
11.86124990,1.96986866,776.07653809
11.86374990,1.89390635,717.37622070
11.86624990,1.89121807,715.34118652
11.86874990,1.84775233,682.83776855
11.87124990,1.81570983,659.36041260
11.87374990,1.72355115,594.12573242
11.87624990,1.71938860,591.25939941
11.87874990,1.68577528,568.36761475
11.88124990,1.17357230,275.45437622
11.88374990,0.69837511,97.54556274
11.88624990,0.51295018,52.62357712
11.88874990,0.51145589,52.31742859
11.89124990,0.49912742,49.82563782
11.89374990,0.48195595,46.45630646
11.89624990,0.42920557,36.84348679
11.89874990,0.36475968,26.60992813
11.90124990,0.27603623,15.23919964
11.90374990,0.15772569,4.97547865
11.90624990,0.11745899,2.75932312
11.90874990,0.11796822,2.78330040
11.91124990,0.09925539,1.97032666
11.91374990,0.06894871,0.95078492
11.91624990,0.06314686,0.79750526
11.91874990,0.05996570,0.71917713
11.92124990,0.05871412,0.68946952
11.92374990,0.05673901,0.64386314
11.92624990,0.05697897,0.64932072
11.92874990,0.05469436,0.59829462
11.93124990,0.05193200,0.53938657
11.93374990,0.04752164,0.45166132
11.93624990,0.05210855,0.54306018
11.93874990,0.05023125,0.50463563
11.94124990,0.05054866,0.51103342
11.94374990,0.05168422,0.53425169
11.94624990,0.05458596,0.59592533
11.94874990,0.05306019,0.56307667
11.95124990,0.05407653,0.58485419
11.95374990,0.05575908,0.62181503
11.95624990,0.05600696,0.62735593
11.95874990,0.05563988,0.61915928
11.96124990,0.05741404,0.65927434
11.96374990,0.05772590,0.66645592
11.96624990,0.05765057,0.66471761
11.96874990,0.05456397,0.59544539
11.97124990,0.05533678,0.61243176
11.97374990,0.05620193,0.63173151
11.97624990,0.05558011,0.61782962
11.97874990,0.05611752,0.62983525
11.98124990,0.05765072,0.66472113
11.98374990,0.05823356,0.67822963
11.98624990,0.05447428,0.59348941
11.98874990,0.05535799,0.61290139
11.99124990,0.05633947,0.63482708
11.99374990,0.05436060,0.59101498
11.99624990,0.05215919,0.54411614
11.99874990,0.05258485,0.55303323
12.00124990,0.05156798,0.53185135
12.00374990,0.04947384,0.48953220
12.00624990,0.05000241,0.50004822
12.00874990,0.05175668,0.53575087
12.01124990,0.05088076,0.51777041
12.01374990,0.04993986,0.49879795
12.01624990,0.05311071,0.56414944
12.01874990,0.05167606,0.53408301
12.02124990,0.05116377,0.52354634
12.02374990,0.05254463,0.55218774
12.02624990,0.05481581,0.60095471
12.02874990,0.05247626,0.55075163
12.03124990,0.05120711,0.52443367
12.03374990,0.05265687,0.55454910
12.03624990,0.05391239,0.58130914
12.03874990,0.05301037,0.56201994
12.04124990,0.05203446,0.54151702
12.04374990,0.05656612,0.63994515
12.04624990,0.05605712,0.62848020
12.04874990,0.05544669,0.61486715
12.05124990,0.05718949,0.65412754
12.05374990,0.05756002,0.66263109
12.05624990,0.05770968,0.66608143
12.05874990,0.05631330,0.63423753
12.06124990,0.06268393,0.78585494
12.06374990,0.06067041,0.73617965
12.06624990,0.05815873,0.67648757
12.06874990,0.06086250,0.74084872
12.07124990,0.06173962,0.76235622
12.07374990,0.06001323,0.72031766
12.07624990,0.05966301,0.71193492
12.07874990,0.06137845,0.75346279
12.08124990,0.06063499,0.73532039
12.08374990,0.06043663,0.73051727
12.08624990,0.06528459,0.85241550
12.08874990,0.06529742,0.85275066
12.09124990,0.06518287,0.84976137
12.09374990,0.06704836,0.89909661
12.09624990,0.06781206,0.91969514
12.09874990,0.06790838,0.92230952
12.10124990,0.06761782,0.91443372
12.10374990,0.06800695,0.92498899
12.10624990,0.06728969,0.90558046
12.10874990,0.06842167,0.93630505
12.11124990,0.06323718,0.79978824
12.11374990,0.06358340,0.80856967
12.11624990,0.06515752,0.84910041
12.11874990,0.06885839,0.94829559
12.12124990,0.06752622,0.91195816
12.12374990,0.06782063,0.91992760
12.12624990,0.07238388,1.04788518
12.12874990,0.07223655,1.04362381
12.13124990,0.07207193,1.03887272
12.13374990,0.07629633,1.16422606
12.13624990,0.07396787,1.09424937
12.13874990,0.07395505,1.09386992
12.14124990,0.07553171,1.14100766
12.14374990,0.07466768,1.11505258
12.14624990,0.07401381,1.09560871
12.14874990,0.07787048,1.21276236
12.15124990,0.07988276,1.27625120
12.15374990,0.07823627,1.22418296
12.15624990,0.07978935,1.27326787
12.15874990,0.08772027,1.53896940
12.16124990,0.08690716,1.51057076
12.16374990,0.08681779,1.50746560
12.16624990,0.09072715,1.64628327
12.16874990,0.08687882,1.50958586
12.17124990,0.08687278,1.50937605
12.17374990,0.08963867,1.60701847
12.17624990,0.08484069,1.43958831
12.17874990,0.08399656,1.41108441
12.18124990,0.08739876,1.52770865
12.18374990,0.08327858,1.38706434
12.18624990,0.08160571,1.33189845
12.18874990,0.09008375,1.62301612
12.19124990,0.08980045,1.61282420
12.19374990,0.08649719,1.49635291
12.19624990,0.09266116,1.71721840
12.19874990,0.09371451,1.75648189
12.20124990,0.09116466,1.66219890
12.20374990,0.09536523,1.81890512
12.20624990,0.09639443,1.85837698
12.20874990,0.08790603,1.54549372
12.21124990,0.08889224,1.58036590
12.21374990,0.09041894,1.63511705
12.21624990,0.08997802,1.61920857
12.21874990,0.08958258,1.60500777
12.22124990,0.10055837,2.02239728
12.22374990,0.09889331,1.95597720
12.22624990,0.10373753,2.15229511
12.22874990,0.10393171,2.16036010
12.23124990,0.10208207,2.08414984
12.23374990,0.10248327,2.10056424
12.23624990,0.10324666,2.13197446
12.23874990,0.09642535,1.85956967
12.24124990,0.09633331,1.85602129
12.24374990,0.09651609,1.86307085
12.24624990,0.09055196,1.63993132
12.24874990,0.08849097,1.56613016
12.25124990,0.08936530,1.59723163
12.25374990,0.08564898,1.46714938
12.25624990,0.08555669,1.46398926
12.25874990,0.08593392,1.47692752
12.26124990,0.08487002,1.44058406
12.26374990,0.08684796,1.50851357
12.26624990,0.08171371,1.33542585
12.26874990,0.08175804,1.33687520
12.27124990,0.07135954,1.01843667
12.27374990,0.06953170,0.96693158
12.27624990,0.06189124,0.76610518
12.27874990,0.06631422,0.87951517
12.28124990,0.06631947,0.87965459
12.28374990,0.06516317,0.84924757
12.28624990,0.06382555,0.81474006
12.28874990,0.06309950,0.79630941
12.29124990,0.06148827,0.75616133
12.29374990,0.06698449,0.89738435
12.29624990,0.06693078,0.89594597
12.29874990,0.06393050,0.81742162
12.30124990,0.06414578,0.82293630
12.30374990,0.06311484,0.79669666
12.30624990,0.05955828,0.70943767
12.30874990,0.06158068,0.75843608
12.31124990,0.06214731,0.77245760
12.31374990,0.06065010,0.73568690
12.31624990,0.06141506,0.75436181
12.31874990,0.06073349,0.73771143
12.32124990,0.05805259,0.67402065
12.32374990,0.05954225,0.70905578
12.32624990,0.05941935,0.70613194
12.32874990,0.05652250,0.63895875
12.33124990,0.05445882,0.59315252
12.33374990,0.05400787,0.58336991
12.33624990,0.05657626,0.64017451
12.33874990,0.05693538,0.64832759
12.34124990,0.05730754,0.65683079
12.34374990,0.05157276,0.53194994
12.34624990,0.05164947,0.53353363
12.34874990,0.05184450,0.53757042
12.35124990,0.05405710,0.58443391
12.35374990,0.05404625,0.58419937
12.35624990,0.05852930,0.68513572
12.35874990,0.05849202,0.68426335
12.36124990,0.05902333,0.69675076
12.36374990,0.05575098,0.62163430
12.36624990,0.05527763,0.61112338
12.36874990,0.05532672,0.61220926
12.37124990,0.05497750,0.60450512
12.37374990,0.05400483,0.58330435
12.37624990,0.05403544,0.58396566
12.37874990,0.05700544,0.64992404
12.38124990,0.05699987,0.64979708
12.38374990,0.05879000,0.69125283
12.38624990,0.05606302,0.62861240
12.38874990,0.05589303,0.62480617
12.39124990,0.05590188,0.62500411
12.39374990,0.05599152,0.62700999
12.39624990,0.05587615,0.62442881
12.39874990,0.05765499,0.66481960
12.40124990,0.05418450,0.58719206
12.40374990,0.05423663,0.58832240
12.40624990,0.05354773,0.57347184
12.40874990,0.05061832,0.51244289
12.41124990,0.05197755,0.54033309
12.41374990,0.05198752,0.54054040
12.41624990,0.05164722,0.53348708
12.41874990,0.05205260,0.54189461
12.42124990,0.05209045,0.54268295
12.42374990,0.05142550,0.52891636
12.42624990,0.05423557,0.58829945
12.42874990,0.04799944,0.46078926
12.43124990,0.04795922,0.46001729
12.43374990,0.04869730,0.47428536
12.43624990,0.04760166,0.45318362
12.43874990,0.05091420,0.51845115
12.44124990,0.05069602,0.51401728
12.44374990,0.04915804,0.48330271
12.44624990,0.05124356,0.52518046
12.44874990,0.04939356,0.48794481
12.45124990,0.04902980,0.48078442
12.45374990,0.05071485,0.51439929
12.45624990,0.04597690,0.42277515
12.45874990,0.04574665,0.41855121
12.46124990,0.04225235,0.35705224
12.46374990,0.04134691,0.34191343
12.46624990,0.04578675,0.41928533
12.46874990,0.04543890,0.41293877
12.47124990,0.04393697,0.38609144
12.47374990,0.04719038,0.44538641
12.47624990,0.04485386,0.40237379
12.47874990,0.04469138,0.39946380
12.48124990,0.04471483,0.39988312
12.48374990,0.04147332,0.34400728
12.48624990,0.04380939,0.38385248
12.48874990,0.03985613,0.31770217
12.49124990,0.03959984,0.31362951
12.49374990,0.03964176,0.31429386
12.49624990,0.03906979,0.30528966
12.49874990,0.03808685,0.29012159
12.50124990,0.03810471,0.29039383
12.50374990,0.03575328,0.25565940
12.50624990,0.03666116,0.26880813
12.50874990,0.04291542,0.36834672
12.51124990,0.04303933,0.37047669
12.51374990,0.04297495,0.36936927
12.51624990,0.03962176,0.31397671
12.51874990,0.03941718,0.31074280
12.52124990,0.04323384,0.37383300
12.52374990,0.03961619,0.31388843
12.52624990,0.03855623,0.29731661
12.52874990,0.04112267,0.33821490
12.53124990,0.04171147,0.34796938
12.53374990,0.04195047,0.35196841
12.53624990,0.03953099,0.31253976
12.53874990,0.03927211,0.30845976
12.54124990,0.04085243,0.33378416
12.54374990,0.04092016,0.33489186
12.54624990,0.03924875,0.30809289
12.54874990,0.03989184,0.31827185
12.55124990,0.03989973,0.31839764
12.55374990,0.04101248,0.33640474
12.55624990,0.04031517,0.32506257
12.55874990,0.03355159,0.22514182
12.56124990,0.03556700,0.25300232
12.56374990,0.03583980,0.25689819
12.56624990,0.03403186,0.23163348
12.56874990,0.03401953,0.23146573
12.57124990,0.02961275,0.17538302
12.57374990,0.03260315,0.21259308
12.57624990,0.03402010,0.23147339
12.57874990,0.03131634,0.19614264
12.58124990,0.03240941,0.21007402
12.58374990,0.03215452,0.20678264
12.58624990,0.03807207,0.28989649
12.58874990,0.03814717,0.29104131
12.59124990,0.03718231,0.27650481
12.59374990,0.03754953,0.28199339
12.59624990,0.03719761,0.27673247
12.59874990,0.03965192,0.31445497
12.60124990,0.03979826,0.31678036
12.60374990,0.03908598,0.30554274
12.60624990,0.03992898,0.31886476
12.60874990,0.03993975,0.31903669
12.61124990,0.03853929,0.29705542
12.61374990,0.03842994,0.29537210
12.61624990,0.03843966,0.29552156
12.61874990,0.04043708,0.32703158
12.62124990,0.03989820,0.31837329
12.62374990,0.03887211,0.30220821
12.62624990,0.03759299,0.28264660
12.62874990,0.03691825,0.27259138
12.63124990,0.03749108,0.28111628
12.63374990,0.03737389,0.27936149
12.63624990,0.03154447,0.19901067
12.63874990,0.03147075,0.19808167
12.64124990,0.03053981,0.18653598
12.64374990,0.03170267,0.20101188
12.64624990,0.03168406,0.20077595
12.64874990,0.02949978,0.17404741
12.65124990,0.02945358,0.17350262
12.65374990,0.02900706,0.16828188
12.65624990,0.02975100,0.17702444
12.65874990,0.02991748,0.17901108
12.66124990,0.02931646,0.17189091
12.66374990,0.02917826,0.17027417
12.66624990,0.02924240,0.17102359
12.66874990,0.02770470,0.15351006
12.67124990,0.02783530,0.15496081
12.67374990,0.02878563,0.16572255
12.67624990,0.02901983,0.16843009
12.67874990,0.02892004,0.16727376
12.68124990,0.02805496,0.15741619
12.68374990,0.02811328,0.15807134
12.68624990,0.02831710,0.16037166
12.68874990,0.02836514,0.16091621
12.69124990,0.02842018,0.16154128
12.69374990,0.02723213,0.14831783
12.69624990,0.02725346,0.14855026
12.69874990,0.02649285,0.14037424
12.70124990,0.02640094,0.13940197
12.70374990,0.02633487,0.13870509
12.70624990,0.02628018,0.13812956
12.70874990,0.02611535,0.13640235
12.71124990,0.02704484,0.14628470
12.71374990,0.02704358,0.14627111
12.71624990,0.02731954,0.14927147
12.71874990,0.02676855,0.14331102
12.72124990,0.02665444,0.14209187
12.72374990,0.02777993,0.15434489
12.72624990,0.02803608,0.15720433
12.72874990,0.02855372,0.16306303
12.73124990,0.02654823,0.14096174
12.73374990,0.02708401,0.14670868
12.73624990,0.02800934,0.15690459
12.73874990,0.02984215,0.17811076
12.74124990,0.03016053,0.18193154
12.74374990,0.02944475,0.17339864
12.74624990,0.02952644,0.17436215
12.74874990,0.02974189,0.17691600
12.75124990,0.03052910,0.18640518
12.75374990,0.03044945,0.18543378
12.75624990,0.02849022,0.16233858
12.75874990,0.02845214,0.16190486
12.76124990,0.02811367,0.15807566
12.76374990,0.02881129,0.16601810
12.76624990,0.03017454,0.18210062
12.76874990,0.03205095,0.20545273
12.77124990,0.03229755,0.20862637
12.77374990,0.03077965,0.18947743
12.77624990,0.03060504,0.18733366
12.77874990,0.03109430,0.19337104
12.78124990,0.03113116,0.19382986
12.78374990,0.03070593,0.18857077
12.78624990,0.03249086,0.21113116
12.78874990,0.03517799,0.24749827
12.79124990,0.33767989,22.80554199
12.79374990,0.34194231,23.38490677
12.79624990,0.44715807,39.99006653
12.79874990,0.48974419,47.96987152
12.80124990,0.73773223,108.84976196
12.80374990,0.75237030,113.21221161
12.80624990,0.75348455,113.54779053
12.80874990,0.94958168,180.34106445
12.81124990,0.95410663,182.06390381
12.81374990,0.99334449,197.34664917
12.81624990,1.48726356,442.39059448
12.81874990,1.61378789,520.86230469
12.82124990,1.94273293,754.84222412
12.82374990,1.94442880,756.16064453
12.82624990,1.95339763,763.15246582
12.82874990,2.16038227,933.45031738
12.83124990,2.16823030,940.24444580
12.83374990,2.17155528,943.13043213
12.83624990,2.37383914,1127.02246094
12.83874990,2.55428815,1304.87768555
12.84124990,2.63693976,1390.69030762
12.84374990,2.67484450,1430.95874023
12.84624990,2.69155550,1448.89416504
12.84874990,2.71290994,1471.97619629
12.85124990,2.82879472,1600.41577148
12.85374990,2.90918684,1692.67346191
12.85624990,3.01820564,1821.91296387
12.85874990,2.96934175,1763.39794922
12.86124990,2.96791768,1761.70715332
12.86374990,3.01694155,1820.38720703
12.86624990,2.80965590,1578.83312988
12.86874990,2.82538724,1596.56250000
12.87124990,2.61016631,1362.59375000
12.87374990,2.61232400,1364.84729004
12.87624990,2.70208240,1460.25000000
12.87874990,2.71532726,1474.60034180
12.88124990,2.84369946,1617.32531738
12.88374990,2.88254619,1661.81457520
12.88624990,2.83522701,1607.70251465
12.88874990,3.12021899,1947.15332031
12.89124990,3.12643147,1954.91479492
12.89374990,3.11907315,1945.72363281
12.89624990,3.10333180,1926.13378906
12.89874990,3.11134577,1936.09448242
12.90124990,2.98381734,1780.63305664
12.90374990,2.91503978,1699.49121094
12.90624990,2.81040883,1579.67968750
12.90874990,2.80444837,1572.98596191
12.91124990,2.80463791,1573.19873047
12.91374990,2.73807311,1499.40893555
12.91624990,2.73493028,1495.96862793
12.91874990,2.64552736,1399.76306152
12.92124990,2.64556217,1399.79980469
12.92374990,2.64218593,1396.22924805
12.92624990,2.54361415,1293.99462891
12.92874990,2.35549474,1109.67102051
12.93124990,2.19128156,960.34295654
12.93374990,2.13682485,913.20397949
12.93624990,1.97923660,783.47546387
12.93874990,1.15366459,266.18841553
12.94124990,0.86633539,150.10740662
12.94374990,0.76962274,118.46382904
12.94624990,0.71942478,103.51441193
12.94874990,0.55910271,62.51917267
12.95124990,0.37857759,28.66419792
12.95374990,0.25690371,13.19990158
12.95624990,0.13177513,3.47293711
12.95874990,0.09787309,1.91582823
12.96124990,0.09156613,1.67687118
12.96374990,0.08845077,1.56470788
12.96624990,0.08978534,1.61228168
12.96874990,0.09705763,1.88403666
12.97124990,0.09772184,1.90991175
12.97374990,0.09704445,1.88352489
12.97624990,0.09291570,1.72666550
12.97874990,0.08555961,1.46408963
12.98124990,0.08228195,1.35406399
12.98374990,0.07489065,1.12172186
12.98624990,0.07202001,1.03737640
12.98874990,0.06930136,0.96053571
12.99124990,0.06877506,0.94600177
12.99374990,0.06846096,0.93738055
12.99624990,0.06848457,0.93802726
12.99874990,0.06696641,0.89689982
13.00124990,0.06650653,0.88462359
13.00374990,0.06607511,0.87318408
13.00624990,0.06587074,0.86779094
13.00874990,0.06591725,0.86901665
13.01124990,0.06620191,0.87653852
13.01374990,0.06367890,0.81100047
13.01624990,0.06327465,0.80073625
13.01874990,0.05244774,0.55015320
13.02124990,0.05266963,0.55481797
13.02374990,0.05278262,0.55720097
13.02624990,0.05658953,0.64047486
13.02874990,0.05485150,0.60173738
13.03124990,0.05721868,0.65479541
13.03374990,0.05793319,0.67125082
13.03624990,0.05976375,0.71434110
13.03874990,0.06162158,0.75944388
13.04124990,0.06608064,0.87333030
13.04374990,0.06692517,0.89579558
13.04624990,0.06710766,0.90068752
13.04874990,0.06768492,0.91624963
13.05124990,0.07109475,1.01089275
13.05374990,0.07163324,1.02626419
13.05624990,0.07066198,0.99862307
13.05874990,0.06998194,0.97949451
13.06124990,0.07134321,1.01797056
13.06374990,0.07122205,1.01451612
13.06624990,0.06774826,0.91796517
13.06874990,0.06756729,0.91306776
13.07124990,0.06540487,0.85555941
13.07374990,0.06581169,0.86623561
13.07624990,0.06244579,0.77989542
13.07874990,0.06390267,0.81671023
13.08124990,0.05937289,0.70502794
13.08374990,0.05961646,0.71082437
13.08624990,0.05770772,0.66603613
13.08874990,0.06111171,0.74692822
13.09124990,0.05442820,0.59248579
13.09374990,0.05468251,0.59803540
13.09624990,0.05879196,0.69129890
13.09874990,0.06482670,0.84050035
13.10124990,0.06110527,0.74677074
13.10374990,0.06167879,0.76085472
13.10624990,0.06616397,0.87553430
13.10874990,0.07000842,0.98023570
13.11124990,0.06797130,0.92401975
13.11374990,0.06856938,0.94035208
13.11624990,0.07225952,1.04428780
13.11874990,0.07179930,1.03102791
13.12124990,0.07107049,1.01020300
13.12374990,0.07105979,1.00989866
13.12624990,0.07181282,1.03141642
13.12874990,0.06930621,0.96067017
13.13124990,0.06846374,0.93745673
13.13374990,0.06882224,0.94730026
13.13624990,0.06867398,0.94322324
13.13874990,0.06570346,0.86338890
13.14124990,0.06659174,0.88689196
13.14374990,0.06719675,0.90308070
13.14624990,0.06332374,0.80197936
13.14874990,0.05726818,0.65592897
13.15124990,0.05931268,0.70359880
13.15374990,0.05803204,0.67354357
13.15624990,0.05375878,0.57800120
13.15874990,0.05149817,0.53041232
13.16124990,0.05496524,0.60423553
13.16374990,0.05431416,0.59000564
13.16624990,0.05049270,0.50990260
13.16874990,0.05515188,0.60834599
13.17124990,0.05575002,0.62161291
13.17374990,0.05553322,0.61678767
13.17624990,0.05789070,0.67026663
13.17874990,0.05949950,0.70803809
13.18124990,0.05949188,0.70785666
13.18374990,0.06095228,0.74303615
13.18624990,0.06624668,0.87772453
13.18874990,0.06454290,0.83315736
13.19124990,0.06369219,0.81133908
13.19374990,0.06633294,0.88001162
13.19624990,0.06765261,0.91537523
13.19874990,0.06690570,0.89527440
13.20124990,0.06931121,0.96080887
13.20374990,0.07131728,1.01723087
13.20624990,0.07053851,0.99513644
13.20874990,0.06858135,0.94068021
13.21124990,0.06916922,0.95687634
13.21374990,0.06912566,0.95567143
13.21624990,0.06788226,0.92160022
13.21874990,0.06724099,0.90427011
13.22124990,0.06684206,0.89357209
13.22374990,0.06674830,0.89106703
13.22624990,0.06756862,0.91310376
13.22874990,0.06924365,0.95893669
13.23124990,0.06942588,0.96399069
13.23374990,0.06785071,0.92074382
13.23624990,0.06818368,0.92980278
13.23874990,0.06811398,0.92790276
13.24124990,0.06810996,0.92779326
13.24374990,0.06707535,0.89982039
13.24624990,0.06573929,0.86433089
13.24874990,0.06574529,0.86448878
13.25124990,0.06572642,0.86399251
13.25374990,0.06441657,0.82989895
13.25624990,0.06444663,0.83067358
13.25874990,0.06588081,0.86805612
13.26124990,0.06813953,0.92859918
13.26374990,0.07040982,0.99150842
13.26624990,0.07060927,0.99713385
13.26874990,0.07356240,1.08228540
13.27124990,0.07351748,1.08096385
13.27374990,0.07357490,1.08265328
13.27624990,0.07388499,1.09179831
13.27874990,0.07221229,1.04292297
13.28124990,0.07276578,1.05897176
13.28374990,0.07723699,1.19311035
13.28624990,0.07326622,1.07358789
13.28874990,0.07383904,1.09044075
13.29124990,0.07715828,1.19068003
13.29374990,0.07447541,1.10931730
13.29624990,0.07451624,1.11053407
13.29874990,0.07519794,1.13094580
13.30124990,0.07219350,1.04238021
13.30374990,0.07379005,1.08899426
13.30624990,0.07562549,1.14384282
13.30874990,0.08055497,1.29782069
13.31124990,0.07564466,1.14442289
13.31374990,0.07636615,1.16635776
13.31624990,0.08202775,1.34571028
13.31874990,0.07722899,1.19286358
13.32124990,0.07707319,1.18805540
13.32374990,0.07954092,1.26535177
13.32624990,0.07661448,1.17395580
13.32874990,0.07557555,1.14233291
13.33124990,0.07717683,1.19125259
13.33374990,0.07175337,1.02970910
13.33624990,0.07093314,1.00630200
13.33874990,0.07545958,1.13882971
13.34124990,0.07220741,1.04278195
13.34374990,0.07235640,1.04708946
13.34624990,0.07519452,1.13084304
13.34874990,0.07453796,1.11118174
13.35124990,0.07364406,1.08468974
13.35374990,0.07882041,1.24253130
13.35624990,0.07709143,1.18861771
13.35874990,0.07037668,0.99057531
13.36124990,0.07290824,1.06312227
13.36374990,0.07009654,0.98270506
13.36624990,0.06315295,0.79765892
13.36874990,0.06686894,0.89429104
13.37124990,0.06690404,0.89523005
13.37374990,0.06466263,0.83625108
13.37624990,0.06860666,0.94137466
13.37874990,0.06854212,0.93960440
13.38124990,0.06650320,0.88453519
13.38374990,0.07230522,1.04560912
13.38624990,0.07343698,1.07859802
13.38874990,0.06948265,0.96556783
13.39124990,0.07097305,1.00743484
13.39374990,0.07054425,0.99529815
13.39624990,0.06763724,0.91495931
13.39874990,0.06905162,0.95362538
13.40124990,0.07017811,0.98499334
13.40374990,0.06514373,0.84874105
13.40624990,0.06667749,0.88917756
13.40874990,0.06654648,0.88568699
13.41124990,0.06644691,0.88303834
13.41374990,0.07057512,0.99616951
13.41624990,0.07063189,0.99777281
13.41874990,0.06779846,0.91932619
13.42124990,0.06848881,0.93814361
13.42374990,0.06756704,0.91306114
13.42624990,0.06293850,0.79225087
13.42874990,0.06433068,0.82768738
13.43124990,0.06491799,0.84286916
13.43374990,0.05898708,0.69589502
13.43624990,0.05985783,0.71659207
13.43874990,0.05887609,0.69327879
13.44124990,0.05687373,0.64692426
13.44374990,0.05772923,0.66653264
13.44624990,0.05751452,0.66158408
13.44874990,0.06059441,0.73433661
13.45124990,0.06267796,0.78570551
13.45374990,0.05888217,0.69342208
13.45624990,0.05720563,0.65449685
13.45874990,0.06264572,0.78489721
13.46124990,0.05981723,0.71562022
13.46374990,0.05563603,0.61907357
13.46624990,0.05648618,0.63813776
13.46874990,0.05418405,0.58718228
13.47124990,0.05347761,0.57197088
13.47374990,0.05476835,0.59991443
13.47624990,0.05467029,0.59776819
13.47874990,0.05449073,0.59384799
13.48124990,0.05364317,0.57551795
13.48374990,0.05298595,0.56150210
13.48624990,0.05483958,0.60147589
13.48874990,0.05435841,0.59096730
13.49124990,0.05598236,0.62680483
13.49374990,0.05568297,0.62011856
13.49624990,0.05570586,0.62062865
13.49874990,0.05233304,0.54774946
13.50124990,0.05099499,0.52009773
13.50374990,0.05108786,0.52199394
13.50624990,0.05279769,0.55751926
13.50874990,0.04699850,0.44177175
13.51124990,0.04729600,0.44738221
13.51374990,0.04649904,0.43243217
13.51624990,0.04548541,0.41378453
13.51874990,0.05059424,0.51195538
13.52124990,0.05347453,0.57190496
13.52374990,0.05228451,0.54673409
13.52624990,0.05239492,0.54904544
13.52874990,0.05241533,0.54947329
13.53124990,0.05210681,0.54302382
13.53374990,0.05706637,0.65131414
13.53624990,0.05339529,0.57021153
13.53874990,0.05325563,0.56723231
13.54124990,0.05438106,0.59145993
13.54374990,0.05540251,0.61388767
13.54624990,0.05601389,0.62751126
13.54874990,0.05438189,0.59147805
13.55124990,0.05178580,0.53635371
13.55374990,0.05179227,0.53648794
13.55624990,0.04989474,0.49789709
13.55874990,0.05081319,0.51639611
13.56124990,0.05234055,0.54790670
13.56374990,0.05324361,0.56697643
13.56624990,0.05435778,0.59095371
13.56874990,0.05275730,0.55666649
13.57124990,0.05043826,0.50880349
13.57374990,0.05537298,0.61323339
13.57624990,0.05541409,0.61414427
13.57874990,0.05460399,0.59631914
13.58124990,0.05440043,0.59188128
13.58374990,0.04921725,0.48446757
13.58624990,0.05048384,0.50972366
13.58874990,0.05048665,0.50978029
13.59124990,0.04830663,0.46670610
13.59374990,0.04669511,0.43608660
13.59624990,0.04644143,0.43136132
13.59874990,0.04768380,0.45474899
13.60124990,0.04891956,0.47862467
13.60374990,0.04987134,0.49743003
13.60624990,0.05055730,0.51120818
13.60874990,0.05081213,0.51637459
13.61124990,0.04892378,0.47870728
13.61374990,0.05119016,0.52408659
13.61624990,0.05003159,0.50063199
13.61874990,0.04645709,0.43165213
13.62124990,0.04759142,0.45298868
13.62374990,0.04157165,0.34564042
13.62624990,0.04561732,0.41618797
13.62874990,0.04509007,0.40662286
13.63124990,0.04589664,0.42130023
13.63374990,0.04582956,0.42006981
13.63624990,0.04449251,0.39591670
13.63874990,0.04553581,0.41470206
13.64124990,0.04528341,0.41011754
13.64374990,0.04525321,0.40957066
13.64624990,0.04523877,0.40930921
13.64874990,0.04372387,0.38235533
13.65124990,0.04374132,0.38266060
13.65374990,0.04412188,0.38934800
13.65624990,0.04416743,0.39015236
13.65874990,0.04307812,0.37114486
13.66124990,0.04382016,0.38404134
13.66374990,0.03974397,0.31591666
13.66624990,0.03983183,0.31731489
13.66874990,0.04048912,0.32787377
13.67124990,0.03811135,0.29049504
13.67374990,0.03847171,0.29601455
13.67624990,0.03350245,0.22448288
13.67874990,0.03305279,0.21849746
13.68124990,0.03311127,0.21927120
13.68374990,0.03301893,0.21804991
13.68624990,0.03203361,0.20523050
13.68874990,0.03186918,0.20312892
13.69124990,0.03539843,0.25060984
13.69374990,0.03567274,0.25450891
13.69624990,0.03499771,0.24496794
13.69874990,0.03673220,0.26985085
13.70124990,0.03552972,0.25247222
13.70374990,0.03805230,0.28959548
13.70624990,0.03790819,0.28740621
13.70874990,0.03661486,0.26812953
13.71124990,0.03608771,0.26046461
13.71374990,0.03697851,0.27348202
13.71624990,0.03979769,0.31677127
13.71874990,0.03931957,0.30920577
13.72124990,0.03967842,0.31487539
13.72374990,0.03988457,0.31815574
13.72624990,0.04009090,0.32145604
13.72874990,0.04300613,0.36990541
13.73124990,0.04275432,0.36558634
13.73374990,0.04303725,0.37044096
13.73624990,0.04323342,0.37382573
13.73874990,0.04238832,0.35935387
13.74124990,0.04327955,0.37462395
13.74374990,0.04280970,0.36653399
13.74624990,0.04305757,0.37079090
13.74874990,0.04180848,0.34958977
13.75124990,0.04328748,0.37476116
13.75374990,0.04019924,0.32319570
13.75624990,0.04011027,0.32176670
13.75874990,0.04007115,0.32113943
13.76124990,0.04008333,0.32133463
13.76374990,0.03940625,0.31057051
13.76624990,0.03756679,0.28225270
13.76874990,0.03710843,0.27540711
13.77124990,0.03750572,0.28133577
13.77374990,0.03693896,0.27289730
13.77624990,0.03659578,0.26785031
13.77874990,0.03303050,0.21820271
13.78124990,0.03363328,0.22623944
13.78374990,0.03332533,0.22211558
13.78624990,0.03299296,0.21770704
13.78874990,0.03322509,0.22078134
13.79124990,0.02721672,0.14814994
13.79374990,0.02861504,0.16376406
13.79624990,0.02864807,0.16414243
13.79874990,0.02891800,0.16725017
13.80124990,0.03087216,0.19061804
13.80374990,0.03020441,0.18246123
13.80624990,0.03252834,0.21161862
13.80874990,0.03350465,0.22451225
13.81124990,0.03310858,0.21923569
13.81374990,0.03469446,0.24074106
13.81624990,0.03638616,0.26479051
13.81874990,0.03635819,0.26438349
13.82124990,0.03573163,0.25534987
13.82374990,0.03566779,0.25443828
13.82624990,0.03593007,0.25819394
13.82874990,0.03622559,0.26245877
13.83124990,0.03643965,0.26556954
13.83374990,0.03845809,0.29580498
13.83624990,0.03842531,0.29530084
13.83874990,0.05808518,0.67477769
13.84124990,0.23474620,11.02115631
13.84374990,0.24128406,11.64359951
13.84624990,0.30927572,19.13029480
13.84874990,0.31010213,19.23266602
13.85124990,0.59197694,70.08734131
13.85374990,0.67506105,91.14147949
13.85624990,0.68087721,92.71876526
13.85874990,0.73843771,109.05805969
13.86124990,0.76123005,115.89424133
13.86374990,1.06444359,226.60804749
13.86624990,1.35375464,366.53030396
13.86874990,1.55581474,484.11193848
13.87124990,1.56814992,491.81881714
13.87374990,1.56815183,491.82003784
13.87624990,1.57305455,494.90014648
13.87874990,1.61884534,524.13201904
13.88124990,1.62037444,525.12268066
13.88374990,1.63652015,535.63964844
13.88624990,1.68222451,565.97583008
13.88874990,1.80553067,651.98822021
13.89124990,1.97915101,783.40771484
13.89374990,2.15650034,930.09881592
13.89624990,2.19057083,959.72015381
13.89874990,2.19620967,964.66735840
13.90124990,2.14188504,917.53424072
13.90374990,2.16820812,940.22528076
13.90624990,2.23296642,997.22778320
13.90874990,2.21631980,982.41467285
13.91124990,2.21034408,977.12426758
13.91374990,2.12840390,906.02062988
13.91624990,1.96306872,770.72778320
13.91874990,2.03783846,830.55718994
13.92124990,2.03249192,826.20477295
13.92374990,2.22582388,990.85845947
13.92624990,2.22561669,990.67407227
13.92874990,2.19320011,962.02520752
13.93124990,2.36600494,1119.59582520
13.93374990,2.36202979,1115.83691406
13.93624990,2.38028121,1133.14770508
13.93874990,2.31341934,1070.38183594
13.94124990,2.15911818,932.35815430
13.94374990,2.01671600,813.42864990
13.94624990,1.98348212,786.84027100
13.94874990,1.97843564,782.84149170
13.95124990,1.97388482,779.24426270
13.95374990,1.91892898,736.45764160
13.95624990,1.84547436,681.15515137
13.95874990,1.84463990,680.53924561
13.96124990,1.84521425,680.96313477
13.96374990,1.79250431,642.61437988
13.96624990,1.78648031,638.30236816
13.96874990,1.51807153,460.90823364
13.97124990,1.51257443,457.57626343
13.97374990,1.21025240,292.94219971
13.97624990,1.20433855,290.08630371
13.97874990,1.20314002,289.50915527
13.98124990,0.80909610,130.92730713
13.98374990,0.78819084,124.24896240
13.98624990,0.61929363,76.70492554
13.98874990,0.51535368,53.11788177
13.99124990,0.49687067,49.37609100
13.99374990,0.32385436,20.97632980
13.99624990,0.23008414,10.58774185
13.99874990,0.22024167,9.70127869
14.00124990,0.21837461,9.53749371
14.00374990,0.20922905,8.75535870
14.00624990,0.16660717,5.55158997
14.00874990,0.15246420,4.64906645
14.01124990,0.11757378,2.76471877
14.01374990,0.08914129,1.58923376
14.01624990,0.08983035,1.61389828
14.01874990,0.09091109,1.65296531
14.02124990,0.09029442,1.63061631
14.02374990,0.09707202,1.88459527
14.02624990,0.10211484,2.08548808
14.02874990,0.10250884,2.10161233
14.03124990,0.10384046,2.15656805
14.03374990,0.10158415,2.06386781
14.03624990,0.11036525,2.43609762
14.03874990,0.10975890,2.40940309
14.04124990,0.10966773,2.40540195
14.04374990,0.11369322,2.58522964
14.04624990,0.11512636,2.65081596
14.04874990,0.11134395,2.47949505
14.05124990,0.11102600,2.46535444
14.05374990,0.10724424,2.30026531
14.05624990,0.10771338,2.32043457
14.05874990,0.10892192,2.37279725
14.06124990,0.10697869,2.28888798
14.06374990,0.10657960,2.27184224
14.06624990,0.09801736,1.92148042
14.06874990,0.09689645,1.87778425
14.07124990,0.09999756,1.99990225
14.07374990,0.09452285,1.78691375
14.07624990,0.09301150,1.73022771
14.07874990,0.09294001,1.72756910
14.08124990,0.09437153,1.78119719
14.08374990,0.09837124,1.93538010
14.08624990,0.08610876,1.48294353
14.08874990,0.08569552,1.46874440
14.09124990,0.08684366,1.50836420
14.09374990,0.08344765,1.39270198
14.09624990,0.07757970,1.20372188
14.09874990,0.07802171,1.21747756
14.10124990,0.07842469,1.23008657
14.10374990,0.07820953,1.22334611
14.10624990,0.07406916,1.09724832
14.10874990,0.07216673,1.04160762
14.11124990,0.07402971,1.09607947
14.11374990,0.07096694,1.00726116
14.11624990,0.07045397,0.99275243
14.11874990,0.07206926,1.03879559
14.12124990,0.06766167,0.91562033
14.12374990,0.06559119,0.86044079
14.12624990,0.06144081,0.75499475
14.12874990,0.06533233,0.85366261
14.13124990,0.06101912,0.74466670
14.13374990,0.05449692,0.59398288
14.13624990,0.06205030,0.77004790
14.13874990,0.07064636,0.99818170
14.14124990,0.06927726,0.95986784
14.14374990,0.07438836,1.10672569
14.14624990,0.07955755,1.26588058
14.14874990,0.08468629,1.43435359
14.15124990,0.08456790,1.43034577
14.15374990,0.08882724,1.57805574
14.15624990,0.09007849,1.62282681
14.15874990,0.09227570,1.70296097
14.16124990,0.09077049,1.64785624
14.16374990,0.09062087,1.64242840
14.16624990,0.09021968,1.62791824
14.16874990,0.08859302,1.56974483
14.17124990,0.08973815,1.61058724
14.17374990,0.08965772,1.60770130
14.17624990,0.08777642,1.54093981
14.17874990,0.08544403,1.46013629
14.18124990,0.08611567,1.48318160
14.18374990,0.08555096,1.46379340
14.18624990,0.08205233,1.34651685
14.18874990,0.07952111,1.26472139
14.19124990,0.08024576,1.28787649
14.19374990,0.07519338,1.13080883
14.19624990,0.07725267,1.19359505
14.19874990,0.07314241,1.06996250
14.20124990,0.07404048,1.09639859
14.20374990,0.07818205,1.22248662
14.20624990,0.07694275,1.18403721
14.20874990,0.07567225,1.14525807
14.21124990,0.07797333,1.21596813
14.21374990,0.08227697,1.35389996
14.21624990,0.08498364,1.44444370
14.21874990,0.08511423,1.44888639
14.22124990,0.08632321,1.49033928
14.22374990,0.09012988,1.62467897
14.22624990,0.08985324,1.61472106
14.22874990,0.08967435,1.60829759
14.23124990,0.08910608,1.58797872
14.23374990,0.08905166,1.58603978
14.23624990,0.09442964,1.78339148
14.23874990,0.09051366,1.63854456
14.24124990,0.09019514,1.62703288
14.24374990,0.09892605,1.95727229
14.24624990,0.10063083,2.02531266
14.24874990,0.10230570,2.09329104
14.25124990,0.10217226,2.08783388
14.25374990,0.09749068,1.90088677
14.25624990,0.10552933,2.22728777
14.25874990,0.10454669,2.18600202
14.26124990,0.10298709,2.12126827
14.26374990,0.10002038,2.00081539
14.26624990,0.09870297,1.94845545
14.26874990,0.09858150,1.94366229
14.27124990,0.09649532,1.86226952
14.27374990,0.09442092,1.78306234
14.27624990,0.09551168,1.82449627
14.27874990,0.09477233,1.79635882
14.28124990,0.09580223,1.83561325
14.28374990,0.10222338,2.08992410
14.28624990,0.09736245,1.89588928
14.28874990,0.09725989,1.89189696
14.29124990,0.09943718,1.97755086
14.29374990,0.09432093,1.77928782
14.29624990,0.08622995,1.48712087
14.29874990,0.08302918,1.37876892
14.30124990,0.08450040,1.42806351
14.30374990,0.08195563,1.34334493
14.30624990,0.07080013,1.00253153
14.30874990,0.07131302,1.01710927
14.31124990,0.07214455,1.04096723
14.31374990,0.07835804,1.22799647
14.31624990,0.07914849,1.25289690
14.31874990,0.07912688,1.25221252
14.32124990,0.08185113,1.33992171
14.32374990,0.08833008,1.56044054
14.32624990,0.08729281,1.52400708
14.32874990,0.08708096,1.51661873
14.33124990,0.08988062,1.61570501
14.33374990,0.08362209,1.39853072
14.33624990,0.08336803,1.39004576
14.33874990,0.08602920,1.48020482
14.34124990,0.08468997,1.43447816
14.34374990,0.07913491,1.25246692
14.34624990,0.08699839,1.51374388
14.34874990,0.08751957,1.53193498
14.35124990,0.08527597,1.45439816
14.35374990,0.08495154,1.44335294
14.35624990,0.08573500,1.47009826
14.35874990,0.08476227,1.43692839
14.36124990,0.08384971,1.40615475
14.36374990,0.07876447,1.24076819
14.36624990,0.07798290,1.21626651
14.36874990,0.07892972,1.24598014
14.37124990,0.07693274,1.18372941
14.37374990,0.06728282,0.90539551
14.37624990,0.06778048,0.91883868
14.37874990,0.06900267,0.95227385
14.38124990,0.06437388,0.82879931
14.38374990,0.06513758,0.84858090
14.38624990,0.06276874,0.78798300
14.38874990,0.05919525,0.70081544
14.39124990,0.06145031,0.75522810
14.39374990,0.06132834,0.75223297
14.39624990,0.04905113,0.48120263
14.39874990,0.05022994,0.50460941
14.40124990,0.05042697,0.50857592
14.40374990,0.05510060,0.60721523
14.40624990,0.06030860,0.72742534
14.40874990,0.06082111,0.73984152
14.41124990,0.06161680,0.75932592
14.41374990,0.06265724,0.78518593
14.41624990,0.06254257,0.78231466
14.41874990,0.06541516,0.85582852
14.42124990,0.06478672,0.83946377
14.42374990,0.06475225,0.83857071
14.42624990,0.06409391,0.82160586
14.42874990,0.06401956,0.81970084
14.43124990,0.06325585,0.80026037
14.43374990,0.06202051,0.76930881
14.43624990,0.06187866,0.76579368
14.43874990,0.06192457,0.76693034
14.44124990,0.05937818,0.70515358
14.44374990,0.05972125,0.71332568
14.44624990,0.05971466,0.71316814
14.44874990,0.05865888,0.68817282
14.45124990,0.06289326,0.79111254
14.45374990,0.06025334,0.72609293
14.45624990,0.05472580,0.59898263
14.45874990,0.05454155,0.59495622
14.46124990,0.05979110,0.71499503
14.46374990,0.05694824,0.64862043
14.46624990,0.05526847,0.61092073
14.46874990,0.05335196,0.56928623
14.47124990,0.05280662,0.55770779
14.47374990,0.05336487,0.56956196
14.47624990,0.05498930,0.60476470
14.47874990,0.05468959,0.59819025
14.48124990,0.05590971,0.62517905
14.48374990,0.05482565,0.60117042
14.48624990,0.05433556,0.59047055
14.48874990,0.05834337,0.68078983
14.49124990,0.05663063,0.64140564
14.49374990,0.05826431,0.67894590
14.49624990,0.06157763,0.75836074
14.49874990,0.06028345,0.72681898
14.50124990,0.05634551,0.63496321
14.50374990,0.05909720,0.69849575
14.50624990,0.05874027,0.69008386
14.50874990,0.05872483,0.68972111
14.51124990,0.05317217,0.56545591
14.51374990,0.05317550,0.56552666
14.51624990,0.05307853,0.56346607
14.51874990,0.05736874,0.65823448
14.52124990,0.05948272,0.70763874
14.52374990,0.05943958,0.70661277
14.52624990,0.05846061,0.68352866
14.52874990,0.06377761,0.81351668
14.53124990,0.06289788,0.79122853
14.53374990,0.06280321,0.78884864
14.53624990,0.06420751,0.82452083
14.53874990,0.06042577,0.73025459
14.54124990,0.06013723,0.72329724
14.54374990,0.05822623,0.67805874
14.54624990,0.05548662,0.61575305
14.54874990,0.05595310,0.62614989
14.55124990,0.05550014,0.61605310
14.55374990,0.05089837,0.51812869
14.55624990,0.05064994,0.51308322
14.55874990,0.05148000,0.53003800
14.56124990,0.05088184,0.51779234
14.56374990,0.05084990,0.51714247
14.56624990,0.05117964,0.52387100
14.56874990,0.04554064,0.41478997
14.57124990,0.04308704,0.37129849
14.57374990,0.04399890,0.38718060
14.57624990,0.04290962,0.36824706
14.57874990,0.03267829,0.21357414
14.58124990,0.03811663,0.29057559
14.58374990,0.03826818,0.29289073
14.58624990,0.03581190,0.25649852
14.58874990,0.03606001,0.26006487
14.59124990,0.03646690,0.26596701
14.59374990,0.03834340,0.29404333
14.59624990,0.03906864,0.30527177
14.59874990,0.04024851,0.32398850
14.60124990,0.04596457,0.42254841
14.60374990,0.04598118,0.42285383
14.60624990,0.04747993,0.45086867
14.60874990,0.04784432,0.45781586
14.61124990,0.04775995,0.45620251
14.61374990,0.04774631,0.45594200
14.61624990,0.04740869,0.44951674
14.61874990,0.04493998,0.40392035
14.62124990,0.04456829,0.39726645
14.62374990,0.04416994,0.39019662
14.62624990,0.04478251,0.40109459
14.62874990,0.04471279,0.39984661
14.63124990,0.03994450,0.31911260
14.63374990,0.04040710,0.32654670
14.63624990,0.04055531,0.32894668
14.63874990,0.04045235,0.32727844
14.64124990,0.04224863,0.35698923
14.64374990,0.04067262,0.33085245
14.64624990,0.03896129,0.30359647
14.64874990,0.03879787,0.30105501
14.65124990,0.03219729,0.20733313
14.65374990,0.03215029,0.20672825
14.65624990,0.03014438,0.18173672
14.65874990,0.02739532,0.15010075
14.66124990,0.02904696,0.16874520
14.66374990,0.02903014,0.16854981
14.66624990,0.02925999,0.17122941
14.66874990,0.02909933,0.16935417
14.67124990,0.02933493,0.17210759
14.67374990,0.02806445,0.15752265
14.67624990,0.02712162,0.14711645
14.67874990,0.02836247,0.16088592
14.68124990,0.02898734,0.16805318
14.68374990,0.02851839,0.16265972
14.68624990,0.02823338,0.15942471
14.68874990,0.02913396,0.16975754
14.69124990,0.02594640,0.13464308
14.69374990,0.02590220,0.13418479
14.69624990,0.02580884,0.13321923
14.69874990,0.02284096,0.10434192
14.70124990,0.02153806,0.09277765
14.70374990,0.02188548,0.09579488
14.70624990,0.02137098,0.09134374
14.70874990,0.02134086,0.09108648
14.71124990,0.01912283,0.07313653
14.71374990,0.01953480,0.07632170
14.71624990,0.01900570,0.07224329
14.71874990,0.01976274,0.07811316
14.72124990,0.02090080,0.08736867
14.72374990,0.02081402,0.08664470
14.72624990,0.02088657,0.08724976
14.72874990,0.01932945,0.07472551
14.73124990,0.02104740,0.08859861
14.73374990,0.02101748,0.08834693
14.73624990,0.02100407,0.08823419
14.73874990,0.02015803,0.08126925
14.74124990,0.02023158,0.08186339
14.74374990,0.02014775,0.08118637
14.74624990,0.02575449,0.13265869
14.74874990,0.02627856,0.13811252
14.75124990,0.02630082,0.13834667
14.75374990,0.02736948,0.14981773
14.75624990,0.02690707,0.14479807
14.75874990,0.03022176,0.18267098
14.76124990,0.03242468,0.21027192
14.76374990,0.03229845,0.20863789
14.76624990,0.03240419,0.21000630
14.76874990,0.03214225,0.20662488
14.77124990,0.03119362,0.19460835
14.77374990,0.03107026,0.19307217
14.77624990,0.03129509,0.19587651
14.77874990,0.03267547,0.21353735
14.78124990,0.03127487,0.19562356
14.78374990,0.03092525,0.19127415
14.78624990,0.03104679,0.19278063
14.78874990,0.03093261,0.19136532
14.79124990,0.03214634,0.20667744
14.79374990,0.03296329,0.21731573
14.79624990,0.02909972,0.16935870
14.79874990,0.02854209,0.16293016
14.80124990,0.02978619,0.17744341
14.80374990,0.03012969,0.18155970
14.80624990,0.03280280,0.21520479
14.80874990,0.02975198,0.17703609
14.81124990,0.02884687,0.16642837
14.81374990,0.02875425,0.16536133
14.81624990,0.02865154,0.16418219
14.81874990,0.02845867,0.16197918
14.82124990,0.03134929,0.19655564
14.82374990,0.03228126,0.20841596
14.82624990,0.03216507,0.20691828
14.82874990,0.03099190,0.19209959
14.83124990,0.03077715,0.18944666
14.83374990,0.03077898,0.18946910
14.83624990,0.03068190,0.18827572
14.83874990,0.03095500,0.19164240
14.84124990,0.03190133,0.20353895
14.84374990,0.03108383,0.19324094
14.84624990,0.03234645,0.20925853
14.84874990,0.03279895,0.21515422
14.85124990,0.03274271,0.21441697
14.85374990,0.03263061,0.21295132
14.85624990,0.03148698,0.19828604
14.85874990,0.03242735,0.21030657
14.86124990,0.03262143,0.21283153
14.86374990,0.03304845,0.21844006
14.86624990,0.03343901,0.22363348
14.86874990,0.03456022,0.23888180
14.87124990,0.03223806,0.20785853
14.87374990,0.03114520,0.19400474
14.87624990,0.03253622,0.21172106
14.87874990,0.03217997,0.20711005
14.88124990,0.03475183,0.24153796
14.88374990,0.03475247,0.24154679
14.88624990,0.03477645,0.24188024
14.88874990,0.04983256,0.49665684
14.89124990,0.05399712,0.58313781
14.89374990,0.05466002,0.59754348
14.89624990,0.05833828,0.68067110
14.89874990,0.06544546,0.85662156
14.90124990,0.07083457,1.00350714
14.90374990,0.37846777,28.64757347
14.90624990,0.48573753,47.18819046
14.90874990,0.58403414,68.21917725
14.91124990,0.96716750,187.08259583
14.91374990,1.15900803,268.65994263
14.91624990,1.44489074,417.54183960
14.91874990,1.64873242,543.66369629
14.92124990,1.66014910,551.21899414
14.92374990,1.66747880,556.09704590
14.92624990,1.70956933,584.52551270
14.92874990,1.90370989,724.82226562
14.93124990,1.92191768,738.75354004
14.93374990,2.03447008,827.81372070
14.93624990,2.04675984,837.84515381
14.93874990,2.04651999,837.64886475
14.94124990,2.27806878,1037.91943359
14.94374990,2.31543350,1072.24645996
14.94624990,2.52133679,1271.42773438
14.94874990,2.54938269,1299.87036133
14.95124990,2.79313302,1560.31848145
14.95374990,2.93119001,1718.37500000
14.95624990,3.18186831,2024.85717773
14.95874990,3.17740798,2019.18432617
14.96124990,3.11184430,1936.71496582
14.96374990,3.04712176,1856.99023438
14.96624990,2.92939806,1716.27453613
14.96874990,2.83664656,1609.31262207
14.97124990,2.83191276,1603.94592285
14.97374990,2.84801912,1622.24255371
14.97624990,2.82494068,1596.05810547
14.97874990,2.69793820,1455.77404785
14.98124990,2.69448423,1452.04907227
14.98374990,2.61703753,1369.77709961
14.98624990,2.61224008,1364.75964355
14.98874990,2.61561871,1368.29223633
14.99124990,2.41750789,1168.86877441
14.99374990,2.38173604,1134.53332520
14.99624990,2.16251683,935.29589844
14.99874990,2.12976360,907.17864990
15.00124990,1.79825175,646.74188232
15.00374990,1.51832974,461.06506348
15.00624990,0.82471281,136.03024292
15.00874990,0.77689761,120.71397400
15.01124990,0.64924115,84.30281830
15.01374990,0.64214247,82.46939087
15.01624990,0.60965735,74.33641052
15.01874990,0.52534282,55.19702148
15.02124990,0.51482463,53.00887680
15.02374990,0.38711721,29.97194672
15.02624990,0.37239495,27.73559952
15.02874990,0.37250361,27.75178528
15.03124990,0.29591292,17.51288986
15.03374990,0.23250212,10.81144714
15.03624990,0.17033654,5.80290794
15.03874990,0.10504568,2.20691895
15.04124990,0.07908091,1.25075805
15.04374990,0.07998355,1.27947342
15.04624990,0.07854987,1.23401630
15.04874990,0.06059495,0.73434949
15.05124990,0.05377712,0.57839578
15.05374990,0.05227755,0.54658848
15.05624990,0.05254006,0.55209166
15.05874990,0.05023768,0.50476480
15.06124990,0.05563474,0.61904478
15.06374990,0.05565238,0.61943752
15.06624990,0.05388964,0.58081871
15.06874990,0.05425616,0.58874613
15.07124990,0.05815444,0.67638767
15.07374990,0.05258612,0.55306011
15.07624990,0.05254575,0.55221117
15.07874990,0.05634548,0.63496262
15.08124990,0.05853324,0.68522811
15.08374990,0.05493874,0.60365295
15.08624990,0.05810471,0.67523146
15.08874990,0.06617475,0.87581962
15.09124990,0.06664537,0.88832110
15.09374990,0.06604719,0.87244624
15.09624990,0.06764783,0.91524571
15.09874990,0.06979629,0.97430420
15.10124990,0.06916873,0.95686263
15.10374990,0.06891947,0.94997871
15.10624990,0.07018833,0.98528022
15.10874990,0.06999335,0.97981369
15.11124990,0.06559769,0.86061132
15.11374990,0.06731763,0.90633273
15.11624990,0.06890307,0.94952655
15.11874990,0.06730814,0.90607709
15.12124990,0.06424228,0.82541406
15.12374990,0.06837719,0.93508786
15.12624990,0.06800409,0.92491144
15.12874990,0.06379852,0.81405032
15.13124990,0.06434580,0.82807630
15.13374990,0.06699952,0.89778709
15.13624990,0.06510466,0.84772348
15.13874990,0.05859689,0.68671894
15.14124990,0.06288785,0.79097635
15.14374990,0.06413429,0.82264149
15.14624990,0.06269122,0.78603780
15.14874990,0.06176800,0.76305717
15.15124990,0.06402712,0.81989455
15.15374990,0.06493446,0.84329689
15.15624990,0.06589178,0.86834538
15.15874990,0.06736718,0.90766734
15.16124990,0.06827120,0.93219155
15.16374990,0.06572679,0.86400205
15.16624990,0.06886973,0.94860804
15.16874990,0.07223169,1.04348350
15.17124990,0.07264273,1.05539310
15.17374990,0.07234670,1.04680908
15.17624990,0.07409104,1.09789658
15.17874990,0.07559144,1.14281297
15.18124990,0.07344783,1.07891667
15.18374990,0.07297205,1.06498408
15.18624990,0.07409267,1.09794486
15.18874990,0.07357216,1.08257246
15.19124990,0.07280356,1.06007159
15.19374990,0.07395732,1.09393716
15.19624990,0.07370755,1.08656061
15.19874990,0.07363893,1.08453834
15.20124990,0.07642493,1.16815400
15.20374990,0.08088154,1.30836487
15.20624990,0.08040724,1.29306483
15.20874990,0.07921887,1.25512600
15.21124990,0.07956543,1.26613140
15.21374990,0.07971501,1.27089667
15.21624990,0.07717963,1.19133902
15.21874990,0.07512528,1.12876165
15.22124990,0.07516166,1.12985492
15.22374990,0.07268909,1.05674076
15.22624990,0.07315461,1.07031941
15.22874990,0.07323117,1.07256079
15.23124990,0.07432827,1.10493851
15.23374990,0.07401837,1.09574389
15.23624990,0.07193953,1.03505921
15.23874990,0.07943805,1.26208067
15.24124990,0.07866561,1.23765564
15.24374990,0.07585791,1.15088451
15.24624990,0.07835967,1.22804773
15.24874990,0.08230637,1.35486782
15.25124990,0.08103895,1.31346238
15.25374990,0.07800736,1.21702945
15.25624990,0.07745882,1.19997382
15.25874990,0.07739308,1.19793761
15.26124990,0.07660353,1.17362010
15.26374990,0.07886694,1.24399877
15.26624990,0.07828506,1.22571003
15.26874990,0.08672456,1.50423002
15.27124990,0.08733663,1.52553737
15.27374990,0.08913952,1.58917081
15.27624990,0.08796033,1.54740381
15.27874990,0.08925646,1.59334302
15.28124990,0.08968595,1.60871398
15.28374990,0.08932166,1.59567165
15.28624990,0.09013647,1.62491667
15.28874990,0.08446562,1.42688799
15.29124990,0.08311180,1.38151419
15.29374990,0.08424032,1.41928649
15.29624990,0.08222775,1.35228062
15.29874990,0.07839691,1.22921503
15.30124990,0.07890733,1.24527359
15.30374990,0.07998371,1.27947867
15.30624990,0.07869563,1.23860049
15.30874990,0.08018515,1.28593183
15.31124990,0.08238415,1.35742962
15.31374990,0.08455826,1.43001986
15.31624990,0.08706407,1.51603055
15.31874990,0.08056155,1.29803276
15.32124990,0.07944436,1.26228118
15.32374990,0.07600290,1.15528798
15.32624990,0.07493912,1.12317455
15.32874990,0.07290979,1.06316733
15.33124990,0.07624710,1.16272402
15.33374990,0.07622969,1.16219318
15.33624990,0.07527361,1.13322330
15.33874990,0.07607671,1.15753317
15.34124990,0.07679663,1.17954445
15.34374990,0.07664133,1.17477858
15.34624990,0.07911528,1.25184548
15.34874990,0.08106369,1.31426442
15.35124990,0.07789399,1.21349466
15.35374990,0.07492772,1.12283266
15.35624990,0.07684258,1.18095648
15.35874990,0.07551104,1.14038336
15.36124990,0.07708162,1.18831515
15.36374990,0.07259693,1.05406272
15.36624990,0.06919722,0.95765102
15.36874990,0.06629256,0.87894076
15.37124990,0.07032628,0.98915702
15.37374990,0.07220087,1.04259324
15.37624990,0.07356857,1.08246696
15.37874990,0.07336566,1.07650411
15.38124990,0.06850568,0.93860561
15.38374990,0.06714744,0.90175569
15.38624990,0.06796949,0.92397034
15.38874990,0.07090987,1.00564194
15.39124990,0.07118047,1.01333189
15.39374990,0.07135192,1.01821923
15.39624990,0.07140072,1.01961279
15.39874990,0.07230272,1.04553676
15.40124990,0.07380001,1.08928823
15.40374990,0.07597202,1.15434957
15.40624990,0.07598412,1.15471721
15.40874990,0.07605296,1.15681052
15.41124990,0.07164054,1.02647352
15.41374990,0.07403263,1.09616625
15.41624990,0.07358240,1.08287370
15.41874990,0.07617864,1.16063714
15.42124990,0.07223188,1.04348910
15.42374990,0.07034928,0.98980421
15.42624990,0.06954697,0.96735609
15.42874990,0.06895096,0.95084691
15.43124990,0.07091990,1.00592661
15.43374990,0.07237886,1.04773986
15.43624990,0.07198720,1.03643155
15.43874990,0.06615913,0.87540621
15.44124990,0.06607403,0.87315553
15.44374990,0.06527857,0.85225827
15.44624990,0.06654160,0.88555700
15.44874990,0.06132815,0.75222838
15.45124990,0.05890349,0.69392431
15.45374990,0.05783001,0.66886210
15.45624990,0.05559782,0.61822349
15.45874990,0.05678591,0.64492798
15.46124990,0.05687594,0.64697456
15.46374990,0.05348895,0.57221365
15.46624990,0.05326157,0.56735885
15.46874990,0.04943689,0.48880130
15.47124990,0.05188919,0.53849757
15.47374990,0.05644634,0.63723779
15.47624990,0.05603032,0.62787926
15.47874990,0.05647425,0.63786817
15.48124990,0.05854844,0.68558401
15.48374990,0.05729080,0.65644717
15.48624990,0.05854477,0.68549800
15.48874990,0.05881586,0.69186115
15.49124990,0.05632260,0.63444704
15.49374990,0.05564113,0.61918712
15.49624990,0.05031965,0.50641346
15.49874990,0.05144717,0.52936220
15.50124990,0.05145026,0.52942580
15.50374990,0.05088586,0.51787412
15.50624990,0.05109968,0.52223539
15.50874990,0.05004801,0.50096065
15.51124990,0.05160184,0.53255004
15.51374990,0.05736512,0.65815139
15.51624990,0.05945031,0.70686781
15.51874990,0.05893575,0.69468439
15.52124990,0.05875114,0.69033927
15.52374990,0.05438988,0.59165186
15.52624990,0.05890130,0.69387257
15.52874990,0.05817785,0.67693257
15.53124990,0.05363500,0.57534277
15.53374990,0.05556710,0.61754060
15.53624990,0.05459999,0.59623176
15.53874990,0.05507059,0.60655403
15.54124990,0.05649320,0.63829625
15.54374990,0.05641209,0.63646489
15.54624990,0.05602996,0.62787127
15.54874990,0.05502011,0.60544246
15.55124990,0.05656961,0.64002419
15.55374990,0.05587612,0.62442827
15.55624990,0.05550712,0.61620808
15.55874990,0.05489381,0.60266620
15.56124990,0.05331969,0.56859785
15.56374990,0.04723978,0.44631940
15.56624990,0.04528552,0.41015568
15.56874990,0.04691130,0.44013405
15.57124990,0.04524576,0.40943566
15.57374990,0.04524260,0.40937868
15.57624990,0.03908059,0.30545855
15.57874990,0.04389472,0.38534927
15.58124990,0.04678855,0.43783367
15.58374990,0.04481351,0.40165007
15.58624990,0.04385139,0.38458890
15.58874990,0.04376095,0.38300419
15.59124990,0.04965819,0.49318725
15.59374990,0.05056318,0.51132709
15.59624990,0.05171942,0.53497970
15.59874990,0.05223183,0.54563278
15.60124990,0.05062659,0.51261032
15.60374990,0.05333202,0.56886083
15.60624990,0.05417107,0.58690083
15.60874990,0.05468255,0.59803611
15.61124990,0.05479567,0.60051316
15.61374990,0.05512305,0.60771012
15.61624990,0.05925940,0.70233518
15.61874990,0.05836134,0.68120909
15.62124990,0.05874504,0.69019586
15.62374990,0.05905962,0.69760770
15.62624990,0.05858338,0.68640256
15.62874990,0.05698235,0.64939749
15.63124990,0.05637146,0.63554823
15.63374990,0.05835814,0.68113452
15.63624990,0.05947345,0.70741838
15.63874990,0.05878146,0.69105202
15.64124990,0.05511532,0.60753977
15.64374990,0.05578099,0.62230372
15.64624990,0.05591125,0.62521344
15.64874990,0.05571395,0.62080878
15.65124990,0.05579139,0.62253577
15.65374990,0.05500545,0.60512000
15.65624990,0.05570205,0.62054360
15.65874990,0.05699011,0.64957464
15.66124990,0.05703080,0.65050244
15.66374990,0.05624489,0.63269758
15.66624990,0.05564431,0.61925793
15.66874990,0.05539062,0.61362410
15.67124990,0.05435666,0.59092921
15.67374990,0.05445573,0.59308529
15.67624990,0.05509527,0.60709786
15.67874990,0.05502044,0.60544980
15.68124990,0.05374280,0.57765782
15.68374990,0.05208438,0.54255652
15.68624990,0.05072701,0.51464581
15.68874990,0.05178752,0.53638947
15.69124990,0.05054871,0.51103437
15.69374990,0.04979584,0.49592510
15.69624990,0.05422518,0.58807397
15.69874990,0.05463865,0.59707636
15.70124990,0.05476763,0.59989858
15.70374990,0.05272603,0.55600679
15.70624990,0.05105899,0.52140415
15.70874990,0.04932369,0.48656529
15.71124990,0.05019789,0.50396568
15.71374990,0.05014870,0.50297838
15.71624990,0.04692418,0.44037580
15.71874990,0.04666170,0.43546286
15.72124990,0.04649039,0.43227118
15.72374990,0.04636652,0.42997077
15.72624990,0.04572094,0.41808093
15.72874990,0.04318160,0.37293014
15.73124990,0.04207007,0.35397813
15.73374990,0.04031168,0.32500637
15.73624990,0.04135727,0.34208477
15.73874990,0.04168447,0.34751895
15.74124990,0.04255696,0.36221892
15.74374990,0.04276095,0.36569980
15.74624990,0.03541622,0.25086167
15.74874990,0.03427057,0.23489431
15.75124990,0.03414774,0.23321369
15.75374990,0.03523669,0.24832495
15.75624990,0.03686319,0.27177888
15.75874990,0.04172735,0.34823430
15.76124990,0.04049356,0.32794568
15.76374990,0.04028370,0.32455528
15.76624990,0.03994019,0.31904373
15.76874990,0.04000965,0.32015443
15.77124990,0.04105251,0.33706176
15.77374990,0.04220381,0.35623235
15.77624990,0.04246850,0.36071467
15.77874990,0.04251694,0.36153799
15.78124990,0.04283991,0.36705160
15.78374990,0.04276650,0.36579463
15.78624990,0.04242585,0.35999054
15.78874990,0.04084107,0.33359855
15.79124990,0.03999503,0.31992048
15.79374990,0.03938007,0.31015804
15.79624990,0.03908253,0.30548888
15.79874990,0.04062479,0.33007473
15.80124990,0.04167582,0.34737480
15.80374990,0.03972204,0.31556803
15.80624990,0.04296426,0.36918551
15.80874990,0.03785633,0.28662041
15.81124990,0.03786970,0.28682277
15.81374990,0.03860083,0.29800481
15.81624990,0.03719009,0.27662057
15.81874990,0.03730169,0.27828318
15.82124990,0.03769760,0.28422186
15.82374990,0.03615106,0.26137981
15.82624990,0.03689190,0.27220243
15.82874990,0.03689123,0.27219254
15.83124990,0.03606604,0.26015186
15.83374990,0.04248567,0.36100641
15.83624990,0.05097695,0.51972985
15.83874990,0.05281433,0.55787075
15.84124990,0.09262332,1.71581566
15.84374990,0.09231180,1.70429361
15.84624990,0.10748737,2.31070709
15.84874990,0.16079776,5.17118406
15.85124990,0.16056858,5.15645409
15.85374990,0.16111773,5.19178486
15.85624990,0.23562294,11.10363483
15.85874990,0.37410575,27.99102020
15.86124990,0.40347326,32.55813217
15.86374990,0.53438568,57.11360931
15.86624990,0.61452729,75.52875519
15.86874990,0.62380368,77.82620239
15.87124990,0.68733639,94.48626709
15.87374990,0.71460706,102.13264465
15.87624990,0.71585226,102.48889923
15.87874990,0.71635574,102.63310242
15.88124990,0.73558050,108.21572876
15.88374990,0.77190381,119.16709900
15.88624990,0.77180195,119.13565063
15.88874990,0.77412271,119.85320282
15.89124990,0.78756028,124.05023193
15.89374990,0.80922383,130.96864319
15.89624990,1.20406580,289.95489502
15.89874990,1.23189938,303.51525879
15.90124990,1.28002918,327.69497681
15.90374990,1.46720195,430.53631592
15.90624990,1.50585127,453.51760864
15.90874990,1.70425010,580.89367676
15.91124990,1.81119597,656.08618164
15.91374990,2.02266359,818.23370361
15.91624990,2.08145285,866.48913574
15.91874990,2.24264550,1005.89172363
15.92124990,2.23490524,998.96020508
15.92374990,2.87005711,1647.44567871
15.92624990,3.03730273,1845.04162598
15.92874990,3.16123462,1998.68090820
15.93124990,3.17929149,2021.57897949
15.93374990,3.17413163,2015.02221680
15.93624990,3.17852139,2020.59948730
15.93874990,3.19144845,2037.06848145
15.94124990,3.18964100,2034.76184082
15.94374990,3.18604422,2030.17553711
15.94624990,3.05849266,1870.87548828
15.94874990,3.04554534,1855.06945801
15.95124990,3.02587533,1831.18432617
15.95374990,2.93989038,1728.59106445
15.95624990,2.91529179,1699.78527832
15.95874990,2.78898954,1555.69238281
15.96124990,2.71685290,1476.25793457
15.96374990,2.53924370,1289.55187988
15.96624990,2.47274613,1222.89453125
15.96874990,2.32509995,1081.21789551
15.97124990,2.31460261,1071.47717285
15.97374990,1.44199884,415.87207031
15.97624990,1.04406011,218.01226807
15.97874990,0.56739718,64.38790894
15.98124990,0.42378795,35.91924667
15.98374990,0.39700821,31.52310371
15.98624990,0.36070052,26.02096939
15.98874990,0.21049957,8.86201477
15.99124990,0.17080493,5.83486509
15.99374990,0.13288146,3.53149629
15.99624990,0.13023408,3.39218330
15.99874990,0.11790382,2.78026223
16.00124990,0.11131874,2.47837234
16.00374990,0.10579281,2.23842359
16.00624990,0.10289050,2.11729097
16.00874990,0.10072850,2.02924609
16.01124990,0.09331329,1.74147415
16.01374990,0.09330889,1.74130976
16.01624990,0.09633840,1.85621738
16.01874990,0.09817285,1.92758155
16.02124990,0.10046163,2.01850796
16.02374990,0.08988518,1.61586881
16.02624990,0.08720146,1.52081907
16.02874990,0.08348209,1.39385211
16.03124990,0.08434013,1.42265153
16.03374990,0.08158218,1.33113039
16.03624990,0.07622612,1.16208434
16.03874990,0.07588538,1.15171814
16.04124990,0.07579444,1.14895940
16.04374990,0.07522145,1.13165331
16.04624990,0.07034919,0.98980182
16.04874990,0.07127355,1.01598394
16.05124990,0.07232794,1.04626620
16.05374990,0.07069159,0.99946022
16.05624990,0.07433919,1.10526299
16.05874990,0.07544994,1.13853884
16.06124990,0.07418529,1.10069144
16.06374990,0.07488002,1.12140346
16.06624990,0.07455938,1.11182034
16.06874990,0.07265943,1.05587864
16.07124990,0.07329593,1.07445860
16.07374990,0.07065584,0.99844944
16.07624990,0.07009094,0.98254800
16.07874990,0.07167769,1.02753830
16.08124990,0.07114917,1.01244104
16.08374990,0.07173701,1.02923989
16.08624990,0.07799998,1.21679938
16.08874990,0.08193025,1.34251332
16.09124990,0.08077917,1.30505466
16.09374990,0.08243312,1.35904372
16.09624990,0.08441724,1.42525423
16.09874990,0.08688365,1.50975358
16.10124990,0.08660217,1.49998689
16.10374990,0.08714399,1.51881480
16.10624990,0.08265588,1.36639881
16.10874990,0.08102988,1.31316841
16.11124990,0.08142348,1.32595646
16.11374990,0.08074114,1.30382645
16.11624990,0.08071900,1.30311143
16.11874990,0.08575274,1.47070658
16.12124990,0.08220460,1.35151911
16.12374990,0.08281988,1.37182653
16.12624990,0.08552058,1.46275401
16.12874990,0.08705036,1.51555300
16.13124990,0.08917555,1.59045577
16.13374990,0.09167582,1.68089104
16.13624990,0.08510021,1.44840908
16.13874990,0.08102721,1.31308186
16.14124990,0.08391397,1.40831065
16.14374990,0.08335198,1.38951075
16.14624990,0.08490957,1.44192696
16.14874990,0.08545292,1.46044040
16.15124990,0.08485224,1.43998051
16.15374990,0.08487590,1.44078362
16.15624990,0.08718799,1.52034903
16.15874990,0.08586346,1.47450662
16.16124990,0.08751053,1.53161836
16.16374990,0.09252191,1.71206093
16.16624990,0.08936680,1.59728479
16.16874990,0.08334617,1.38931692
16.17124990,0.08529070,1.45490074
16.17374990,0.08332933,1.38875532
16.17624990,0.08286497,1.37332058
16.17874990,0.07981844,1.27419686
16.18124990,0.07720321,1.19206727
16.18374990,0.07376947,1.08838677
16.18624990,0.07423660,1.10221457
16.18874990,0.07322776,1.07246089
16.19124990,0.07721184,1.19233370
16.19374990,0.07569177,1.14584899
16.19624990,0.07202844,1.03761923
16.19874990,0.07041350,0.99161220
16.20124990,0.07248311,1.05076039
16.20374990,0.07213088,1.04057288
16.20624990,0.07286437,1.06184328
16.20874990,0.07285672,1.06162047
16.21124990,0.07070028,0.99970585
16.21374990,0.06462807,0.83535761
16.21624990,0.06427089,0.82614946
16.21874990,0.07031636,0.98887801
16.22124990,0.06951255,0.96639901
16.22374990,0.07049001,0.99376833
16.22624990,0.06823966,0.93133032
16.22874990,0.06864639,0.94246531
16.23124990,0.06985594,0.97597063
16.23374990,0.06948146,0.96553457
16.23624990,0.07301651,1.06628215
16.23874990,0.07389248,1.09201968
16.24124990,0.06581596,0.86634803
16.24374990,0.06694002,0.89619315
16.24624990,0.06616866,0.87565839
16.24874990,0.06757779,0.91335148
16.25124990,0.06763441,0.91488266
16.25374990,0.06764673,0.91521615
16.25624990,0.06461961,0.83513880
16.25874990,0.06568319,0.86285627
16.26124990,0.06565898,0.86222041
16.26374990,0.06893555,0.95042193
16.26624990,0.07106861,1.01014948
16.26874990,0.06514887,0.84887505
16.27124990,0.06355601,0.80787313
16.27374990,0.06223904,0.77473950
16.27624990,0.06948130,0.96553022
16.27874990,0.06821594,0.93068272
16.28124990,0.06710424,0.90059578
16.28374990,0.07125479,1.01544905
16.28624990,0.06861037,0.94147652
16.28874990,0.06717038,0.90237206
16.29124990,0.07023858,0.98669171
16.29374990,0.06952105,0.96663535
16.29624990,0.06954058,0.96717834
16.29874990,0.06442130,0.83002079
16.30124990,0.06220448,0.77387935
16.30374990,0.07267961,1.05646503
16.30624990,0.07243920,1.04948747
16.30874990,0.07097908,1.00760591
16.31124990,0.07115969,1.01274037
16.31374990,0.06727975,0.90531290
16.31624990,0.06807461,0.92683047
16.31874990,0.06797759,0.92419064
16.32124990,0.06898061,0.95166498
16.32374990,0.07233737,1.04653907
16.32624990,0.06516097,0.84919029
16.32874990,0.06483203,0.84063852
16.33124990,0.06587773,0.86797506
16.33374990,0.06219485,0.77363980
16.33624990,0.06213785,0.77222234
16.33874990,0.06201242,0.76910794
16.34124990,0.05841387,0.68243593
16.34374990,0.06346237,0.80549431
16.34624990,0.06350162,0.80649108
16.34874990,0.06307552,0.79570425
16.35124990,0.06294096,0.79231286
16.35374990,0.05003990,0.50079834
16.35624990,0.05735547,0.65792990
16.35874990,0.05899807,0.69615453
16.36124990,0.05846310,0.68358672
16.36374990,0.05838128,0.68167484
16.36624990,0.05485418,0.60179639
16.36874990,0.06040291,0.72970235
16.37124990,0.06039710,0.72956181
16.37374990,0.05796761,0.67204887
16.37624990,0.06075246,0.73817217
16.37874990,0.06127420,0.75090551
16.38124990,0.06068455,0.73652279
16.38374990,0.05978521,0.71485436
16.38624990,0.05858588,0.68646103
16.38874990,0.05933685,0.70417231
16.39124990,0.05924410,0.70197260
16.39374990,0.05450673,0.59419680
16.39624990,0.05454472,0.59502524
16.39874990,0.05505100,0.60612237
16.40124990,0.05647124,0.63780016
16.40374990,0.05646363,0.63762838
16.40624990,0.04915429,0.48322889
16.40874990,0.04827076,0.46601325
16.41124990,0.04833266,0.46720922
16.41374990,0.05030006,0.50601923
16.41624990,0.05024865,0.50498533
16.41874990,0.04342064,0.37707046
16.42124990,0.04189966,0.35111624
16.42374990,0.03987991,0.31808153
16.42624990,0.03819846,0.29182449
16.42874990,0.03747757,0.28091365
16.43124990,0.03547478,0.25169197
16.43374990,0.03712386,0.27563623
16.43624990,0.03648537,0.26623642
16.43874990,0.03654584,0.26711965
16.44124990,0.03700025,0.27380377
16.44374990,0.03567603,0.25455588
16.44624990,0.03639152,0.26486856
16.44874990,0.03573351,0.25537682
16.45124990,0.03652779,0.26685593
16.45374990,0.03692270,0.27265716
16.45624990,0.03606291,0.26010668
16.45874990,0.03695005,0.27306125
16.46124990,0.03690240,0.27235743
16.46374990,0.03425084,0.23462401
16.46624990,0.03430648,0.23538686
16.46874990,0.03557630,0.25313470
16.47124990,0.03534560,0.24986234
16.47374990,0.03510860,0.24652274
16.47624990,0.03246814,0.21083607
16.47874990,0.03232012,0.20891802
16.48124990,0.03344047,0.22365299
16.48374990,0.03322612,0.22079509
16.48624990,0.03313006,0.21952021
16.48874990,0.03316085,0.21992844
16.49124990,0.03299718,0.21776281
16.49374990,0.03774218,0.28489438
16.49624990,0.03786530,0.28675616
16.49874990,0.03775536,0.28509349
16.50124990,0.03479002,0.24206907
16.50374990,0.03458045,0.23916157
16.50624990,0.03689899,0.27230704
16.50874990,0.03723086,0.27722743
16.51124990,0.03743932,0.28034061
16.51374990,0.03726166,0.27768636
16.51624990,0.03719579,0.27670529
16.51874990,0.03890568,0.30273047
16.52124990,0.04154206,0.34514856
16.52374990,0.04443828,0.39495218
16.52624990,0.04369422,0.38183692
16.52874990,0.04410177,0.38899329
16.53124990,0.04506027,0.40608567
16.53374990,0.04388294,0.38514245
16.53624990,0.04443494,0.39489281
16.53874990,0.04563021,0.41642314
16.54124990,0.04588924,0.42116448
16.54374990,0.04238256,0.35925624
16.54624990,0.04163618,0.34671426
16.54874990,0.04240852,0.35969648
16.55124990,0.04247094,0.36075622
16.55374990,0.04345702,0.37770244
16.55624990,0.04268237,0.36435694
16.55874990,0.04018088,0.32290056
16.56124990,0.04061919,0.32998368
16.56374990,0.04062974,0.33015522
16.56624990,0.04203835,0.35344464
16.56874990,0.04063618,0.33025986
16.57124990,0.03878962,0.30092695
16.57374990,0.03549601,0.25199336
16.57624990,0.03558237,0.25322098
16.57874990,0.03678341,0.27060387
16.58124990,0.03457907,0.23914246
16.58374990,0.03630486,0.26360852
16.58624990,0.03661322,0.26810557
16.58874990,0.03387100,0.22944888
16.59124990,0.03337179,0.22273527
16.59374990,0.03440120,0.23668854
16.59624990,0.03490937,0.24373281
16.59874990,0.03449063,0.23792079
16.60124990,0.03508334,0.24616815
16.60374990,0.03696054,0.27321634
16.60624990,0.03534637,0.24987324
16.60874990,0.03565015,0.25418669
16.61124990,0.03519006,0.24766815
16.61374990,0.03553595,0.25256082
16.61624990,0.03747978,0.28094679
16.61874990,0.03950647,0.31215218
16.62124990,0.03867505,0.29915193
16.62374990,0.03858138,0.29770458
16.62624990,0.03871495,0.29976949
16.62874990,0.04069461,0.33121023
16.63124990,0.04036620,0.32588595
16.63374990,0.03975493,0.31609085
16.63624990,0.03934165,0.30955309
16.63874990,0.04354305,0.37919950
16.64124990,0.04347456,0.37800744
16.64374990,0.04201385,0.35303268
16.64624990,0.04157848,0.34575400
16.64874990,0.04210884,0.35463089
16.65124990,0.04153119,0.34496802
16.65374990,0.03944386,0.31116369
16.65624990,0.04073516,0.33187062
16.65874990,0.04144126,0.34347564
16.66124990,0.04122107,0.33983526
16.66374990,0.04193679,0.35173890
16.66624990,0.03876889,0.30060539
16.66874990,0.03529007,0.24907774
16.67124990,0.03538399,0.25040540
16.67374990,0.03996739,0.31947845
16.67624990,0.04485991,0.40248239
16.67874990,0.04166891,0.34725967
16.68124990,0.04166078,0.34712410
16.68374990,0.04106333,0.33723944
16.68624990,0.04516805,0.40803051
16.68874990,0.04443297,0.39485782
16.69124990,0.04441690,0.39457226
16.69374990,0.04495348,0.40416315
16.69624990,0.04477550,0.40096906
16.69874990,0.04865867,0.47353324
16.70124990,0.05068321,0.51375747
16.70374990,0.05051912,0.51043636
16.70624990,0.04947249,0.48950550
16.70874990,0.04867437,0.47383881
16.71124990,0.04990782,0.49815816
16.71374990,0.04913506,0.48285079
16.71624990,0.05063866,0.51285470
16.71874990,0.05154504,0.53137827
16.72124990,0.05354814,0.57348061
16.72374990,0.05053174,0.51069129
16.72624990,0.04644747,0.43147349
16.72874990,0.04647826,0.43204573
16.73124990,0.04646239,0.43175077
16.73374990,0.04664129,0.43508196
16.73624990,0.04285363,0.36728680
16.73874990,0.04103903,0.33684048
16.74124990,0.04241629,0.35982829
16.74374990,0.04279335,0.36625421
16.74624990,0.04286015,0.36739853
16.74874990,0.03731938,0.27854726
16.75124990,0.03446659,0.23758917
16.75374990,0.03381842,0.22873707
16.75624990,0.03406205,0.23204470
16.75874990,0.03523141,0.24825042
16.76124990,0.04385857,0.38471487
16.76374990,0.04399243,0.38706687
16.76624990,0.05777486,0.66758692
16.76874990,0.06949902,0.96602261
16.77124990,0.08882568,1.57800019
16.77374990,0.09046827,1.63690138
16.77624990,0.09563772,1.82931495
16.77874990,0.14743538,4.34743834
16.78124990,0.20507854,8.41144180
16.78374990,0.23267975,10.82797432
16.78624990,0.44279903,39.21419525
16.78874990,0.46852595,43.90331268
16.79124990,0.59937102,71.84912872
16.79374990,0.60644692,73.55558014
16.79624990,0.67535770,91.22161102
16.79874990,0.87258023,152.27926636
16.80124990,0.87873244,154.43414307
16.80374990,1.05540752,222.77697754
16.80624990,1.06466329,226.70159912
16.80874990,1.25659609,315.80676270
16.81124990,1.38651359,384.48397827
16.81374990,1.38960016,386.19775391
16.81624990,1.42671788,407.10476685
16.81874990,1.58025575,499.44168091
16.82124990,1.62676895,529.27545166
16.82374990,1.64066994,538.35961914
16.82624990,1.70430279,580.92956543
16.82874990,1.78903282,640.12768555
16.83124990,1.81276214,657.22131348
16.83374990,1.82646465,667.19470215
16.83624990,1.82058477,662.90582275
16.83874990,1.97826815,782.70898438
16.84124990,2.01041269,808.35192871
16.84374990,2.11914563,898.15563965
16.84624990,2.10211802,883.78015137
16.84874990,2.09925985,881.37829590
16.85124990,2.18246198,952.62805176
16.85374990,2.29137254,1050.07751465
16.85624990,2.29174376,1050.41796875
16.85874990,2.20094609,968.83276367
16.86124990,2.17604041,947.03033447
16.86374990,2.21428037,980.60760498
16.86624990,2.20312357,970.75073242
16.86874990,2.09568405,878.37835693
16.87124990,2.05898952,847.88763428
16.87374990,2.04869938,839.43389893
16.87624990,1.99622059,796.97930908
16.87874990,1.91760194,735.43945312
16.88124990,1.89022219,714.58801270
16.88374990,1.87412655,702.47009277
16.88624990,1.84215951,678.71032715
16.88874990,1.66462290,554.19384766
16.89124990,1.58216107,500.64672852
16.89374990,1.43029487,409.14871216
16.89624990,1.42455101,405.86911011
16.89874990,1.31882310,347.85888672
16.90124990,1.17192698,274.68258667
16.90374990,0.73786366,108.88854980
16.90624990,0.72331655,104.63737488
16.90874990,0.69718260,97.21271515
16.91124990,0.50132889,50.26612854
16.91374990,0.27373824,14.98652554
16.91624990,0.13576400,3.68637276
16.91874990,0.13122523,3.44401240
16.92124990,0.13234282,3.50292420
16.92374990,0.12151424,2.95314193
16.92624990,0.11510093,2.64964461
16.92874990,0.11470478,2.63143754
16.93124990,0.11107644,2.46759510
16.93374990,0.10551048,2.22649240
16.93624990,0.09716614,1.88825154
16.93874990,0.09754725,1.90309298
16.94124990,0.09748080,1.90050125
16.94374990,0.10110396,2.04440212
16.94624990,0.10404358,2.16501331
16.94874990,0.08726311,1.52297020
16.95124990,0.08120948,1.31899595
16.95374990,0.08366924,1.40010834
16.95624990,0.08718032,1.52008188
16.95874990,0.08639316,1.49275553
16.96124990,0.08487801,1.44085515
16.96374990,0.08512392,1.44921637
16.96624990,0.08494311,1.44306636
16.96874990,0.08440954,1.42499423
16.97124990,0.08438878,1.42429328
16.97374990,0.08453978,1.42939472
16.97624990,0.08702315,1.51460576
16.97874990,0.08456197,1.43014538
16.98124990,0.08275187,1.36957431
16.98374990,0.08427396,1.42041981
16.98624990,0.08816612,1.55465293
16.98874990,0.08796974,1.54773521
16.99124990,0.08920370,1.59145999
16.99374990,0.08470194,1.43488359
16.99624990,0.08145656,1.32703435
16.99874990,0.08286937,1.37346649
17.00124990,0.08511072,1.44876707
17.00374990,0.08464369,1.43291104
17.00624990,0.08451161,1.42844248
17.00874990,0.08265392,1.36633420
17.01124990,0.08224583,1.35287547
17.01374990,0.08314852,1.38273501
17.01624990,0.08481365,1.43867111
17.01874990,0.08531829,1.45584226
17.02124990,0.08591901,1.47641516
17.02374990,0.08144646,1.32670534
17.02624990,0.07977173,1.27270591
17.02874990,0.07954000,1.26532221
17.03124990,0.07883419,1.24296594
17.03374990,0.07750210,1.20131516
17.03624990,0.07930046,1.25771236
17.03874990,0.07897653,1.24745834
17.04124990,0.07586236,1.15101945
17.04374990,0.07696065,1.18458831
17.04624990,0.07643323,1.16840768
17.04874990,0.07795370,1.21535563
17.05124990,0.08297784,1.37706447
17.05374990,0.08182763,1.33915234
17.05624990,0.07799040,1.21650052
17.05874990,0.07953569,1.26518512
17.06124990,0.07914207,1.25269353
17.06374990,0.08221413,1.35183263
17.06624990,0.08081998,1.30637395
17.06874990,0.08038252,1.29226995
17.07124990,0.07925133,1.25615454
17.07374990,0.08258716,1.36412787
17.07624990,0.08131947,1.32257152
17.07874990,0.08390883,1.40813839
17.08124990,0.08211309,1.34851193
17.08374990,0.08084508,1.30718541
17.08624990,0.07759458,1.20418382
17.08874990,0.07970180,1.27047539
17.09124990,0.07996556,1.27889824
17.09374990,0.08268465,1.36735034
17.09624990,0.08245143,1.35964751
17.09874990,0.07950959,1.26435471
17.10124990,0.07082118,1.00312805
17.10374990,0.07017421,0.98488384
17.10624990,0.07614372,1.15957332
17.10874990,0.07596868,1.15424788
17.11124990,0.07745215,1.19976711
17.11374990,0.07542893,1.13790452
17.11624990,0.07577499,1.14836991
17.11874990,0.07549266,1.13982821
17.12124990,0.07990404,1.27693117
17.12374990,0.07736930,1.19720149
17.12624990,0.07743215,1.19914746
17.12874990,0.07329002,1.07428539
17.13124990,0.07362925,1.08425343
17.13374990,0.07770988,1.20776510
17.13624990,0.07811110,1.22026896
17.13874990,0.07641495,1.16784883
17.14124990,0.07667713,1.17587650
17.14374990,0.07262690,1.05493343
17.14624990,0.07291427,1.06329799
17.14874990,0.07981507,1.27408910
17.15124990,0.08046709,1.29499066
17.15374990,0.08035810,1.29148471
17.15624990,0.07484513,1.12035859
17.15874990,0.07297078,1.06494677
17.16124990,0.07121269,1.01424944
17.16374990,0.07218704,1.04219365
17.16624990,0.07090949,1.00563121
17.16874990,0.07197886,1.03619123
17.17124990,0.06929143,0.96026051
17.17374990,0.06909125,0.95472002
17.17624990,0.06970122,0.97165221
17.17874990,0.07681774,1.18019295
17.18124990,0.07653982,1.17166889
17.18374990,0.07219613,1.04245639
17.18624990,0.06840038,0.93572235
17.18874990,0.06815380,0.92898810
17.19124990,0.07270841,1.05730271
17.19374990,0.07217129,1.04173887
17.19624990,0.07283733,1.06105542
17.19874990,0.06717175,0.90240896
17.20124990,0.06653566,0.88539892
17.20374990,0.06716211,0.90214992
17.20624990,0.07053857,0.99513805
17.20874990,0.07064501,0.99814355
17.21124990,0.07294954,1.06432724
17.21374990,0.06908811,0.95463330
17.21624990,0.07017893,0.98501629
17.21874990,0.07462567,1.11379814
17.22124990,0.07169962,1.02816713
17.22374990,0.07086878,1.00447655
17.22624990,0.07034501,0.98968399
17.22874990,0.06156416,0.75802922
17.23124990,0.06855027,0.93982780
17.23374990,0.06870506,0.94407690
17.23624990,0.06915226,0.95640695
17.23874990,0.06931191,0.96082819
17.24124990,0.06365201,0.81031555
17.24374990,0.06535186,0.85417306
17.24624990,0.06430135,0.82693273
17.24874990,0.06447949,0.83152092
17.25124990,0.06675383,0.89121497
17.25374990,0.06601547,0.87160861
17.25624990,0.06248108,0.78077704
17.25874990,0.06790835,0.92230868
17.26124990,0.06526960,0.85202396
17.26374990,0.06544356,0.85657179
17.26624990,0.06276178,0.78780806
17.26874990,0.05608656,0.62914038
17.27124990,0.06130749,0.75172180
17.27374990,0.06192014,0.76682067
17.27624990,0.06230801,0.77645749
17.27874990,0.06222279,0.77433503
17.28124990,0.05559061,0.61806327
17.28374990,0.06350783,0.80664885
17.28624990,0.06362209,0.80955422
17.28874990,0.06353254,0.80727667
17.29124990,0.06335898,0.80287206
17.29374990,0.06203346,0.76963001
17.29624990,0.06722160,0.90374893
17.29874990,0.06542619,0.85611707
17.30124990,0.06378332,0.81366229
17.30374990,0.06373423,0.81241041
17.30624990,0.06434187,0.82797515
17.30874990,0.06007715,0.72185272
17.31124990,0.06158200,0.75846863
17.31374990,0.06336799,0.80310035
17.31624990,0.06379180,0.81387866
17.31874990,0.06343482,0.80479515
17.32124990,0.06228380,0.77585435
17.32374990,0.06164685,0.76006675
17.32624990,0.06116920,0.74833429
17.32874990,0.06112136,0.74716401
17.33124990,0.06023809,0.72572559
17.33374990,0.05549989,0.61604744
17.33624990,0.05488584,0.60249102
17.33874990,0.05484012,0.60148770
17.34124990,0.05590912,0.62516582
17.34374990,0.05548567,0.61573184
17.34624990,0.05088115,0.51777834
17.34874990,0.05040816,0.50819659
17.35124990,0.04933926,0.48687264
17.35374990,0.04953925,0.49082738
17.35624990,0.04805247,0.46180797
17.35874990,0.04704783,0.44269964
17.36124990,0.04553934,0.41476625
17.36374990,0.04302409,0.37021446
17.36624990,0.04425917,0.39177480
17.36874990,0.04391080,0.38563165
17.37124990,0.03870130,0.29955813
17.37374990,0.03885791,0.30198747
17.37624990,0.03872505,0.29992586
17.37874990,0.03866312,0.29896742
17.38124990,0.03833658,0.29393867
17.38374990,0.03608562,0.26043433
17.38624990,0.03639956,0.26498559
17.38874990,0.03648759,0.26626891
17.39124990,0.03532382,0.24955453
17.39374990,0.03569992,0.25489691
17.39624990,0.03638436,0.26476431
17.39874990,0.03764315,0.28340137
17.40124990,0.03808376,0.29007453
17.40374990,0.03775651,0.28511080
17.40624990,0.03762547,0.28313515
17.40874990,0.04258918,0.36276773
17.41124990,0.04252421,0.36166173
17.41374990,0.04193201,0.35165870
17.41624990,0.03994140,0.31906319
17.41874990,0.04038952,0.32626259
17.42124990,0.04551101,0.41425037
17.42374990,0.04884544,0.47717544
17.42624990,0.05042216,0.50847888
17.42874990,0.05037398,0.50750750
17.43124990,0.05128387,0.52600718
17.43374990,0.05558899,0.61802727
17.43624990,0.05516544,0.60864508
17.43874990,0.05586391,0.62415540
17.44124990,0.05598151,0.62678576
17.44374990,0.05614073,0.63035631
17.44624990,0.05637436,0.63561374
17.44874990,0.05559874,0.61824399
17.45124990,0.05752898,0.66191673
17.45374990,0.05759113,0.66334754
17.45624990,0.05767814,0.66535366
17.45874990,0.05384327,0.57981956
17.46124990,0.05403149,0.58388031
17.46374990,0.05413160,0.58604604
17.46624990,0.05476577,0.59985793
17.46874990,0.05499662,0.60492557
17.47124990,0.04982667,0.49653947
17.47374990,0.04645165,0.43155119
17.47624990,0.04488859,0.40299714
17.47874990,0.04493450,0.40382192
17.48124990,0.04630445,0.42882049
17.48374990,0.03913929,0.30637681
17.48624990,0.03989096,0.31825769
17.48874990,0.03816746,0.29135105
17.49124990,0.03806735,0.28982458
17.49374990,0.04333805,0.37563738
17.49624990,0.04189170,0.35098287
17.49874990,0.04369008,0.38176462
17.50124990,0.04102474,0.33660591
17.50374990,0.04132114,0.34148735
17.50624990,0.04372940,0.38245204
17.50874990,0.04235775,0.35883573
17.51124990,0.04423044,0.39126641
17.51374990,0.04398245,0.38689113
17.51624990,0.04314832,0.37235555
17.51874990,0.04235986,0.35887155
17.52124990,0.04276296,0.36573413
17.52374990,0.04275516,0.36560082
17.52624990,0.04367853,0.38156274
17.52874990,0.04747020,0.45068401
17.53124990,0.04599980,0.42319638
17.53374990,0.04494696,0.40404582
17.53624990,0.04429401,0.39239192
17.53874990,0.04450281,0.39609993
17.54124990,0.04814771,0.46364039
17.54374990,0.04479958,0.40140039
17.54624990,0.04598590,0.42294058
17.54874990,0.04419817,0.39069569
17.55124990,0.04465897,0.39888471
17.55374990,0.04448611,0.39580289
17.55624990,0.04213411,0.35505658
17.55874990,0.04389017,0.38526940
17.56124990,0.04120859,0.33962959
17.56374990,0.04141698,0.34307331
17.56624990,0.04338559,0.37646192
17.56874990,0.04340767,0.37684515
17.57124990,0.04279473,0.36627772
17.57374990,0.04287790,0.36770287
17.57624990,0.04750830,0.45140770
17.57874990,0.04452974,0.39657965
17.58124990,0.04394137,0.38616881
17.58374990,0.04390611,0.38554931
17.58624990,0.04413759,0.38962528
17.58874990,0.04393867,0.38612142
17.59124990,0.03972111,0.31555328
17.59374990,0.03969519,0.31514168
17.59624990,0.03651569,0.26667911
17.59874990,0.03816292,0.29128170
17.60124990,0.03785159,0.28654864
17.60374990,0.03780000,0.28576797
17.60624990,0.04015921,0.32255250
17.60874990,0.03857946,0.29767489
17.61124990,0.04209287,0.35436201
17.61374990,0.04274153,0.36536756
17.61624990,0.04595676,0.42240471
17.61874990,0.04631633,0.42904046
17.62124990,0.04644980,0.43151680
17.62374990,0.04652415,0.43289933
17.62624990,0.04082342,0.33331034
17.62874990,0.04059811,0.32964122
17.63124990,0.04023661,0.32379699
17.63374990,0.04053457,0.32861027
17.63624990,0.04417166,0.39022711
17.63874990,0.04485661,0.40242302
17.64124990,0.04457856,0.39744970
17.64374990,0.04305816,0.37080109
17.64624990,0.04298929,0.36961585
17.64874990,0.04153522,0.34503484
17.65124990,0.04112545,0.33826056
17.65374990,0.04377729,0.38329017
17.65624990,0.04166246,0.34715208
17.65874990,0.04283490,0.36696583
17.66124990,0.04024418,0.32391882
17.66374990,0.03950068,0.31206068
17.66624990,0.03596333,0.25867224
17.66874990,0.03568578,0.25469494
17.67124990,0.03785098,0.28653941
17.67374990,0.03767575,0.28389242
17.67624990,0.04216704,0.35561189
17.67874990,0.04228493,0.35760301
17.68124990,0.04251421,0.36149168
17.68374990,0.04597142,0.42267427
17.68624990,0.04261071,0.36313450
17.68874990,0.04204738,0.35359648
17.69124990,0.04204215,0.35350856
17.69374990,0.04556974,0.41532016
17.69624990,0.04556782,0.41528526
17.69874990,0.04604611,0.42404884
17.70124990,0.04606234,0.42434776
17.70374990,0.04391312,0.38567242
17.70624990,0.04414574,0.38976923
17.70874990,0.04294474,0.36885017
17.71124990,0.04229680,0.35780388
17.71374990,0.04213487,0.35506952
17.71624990,0.04146028,0.34379089
17.71874990,0.04162591,0.34654325
17.72124990,0.03949670,0.31199795
17.72374990,0.04024445,0.32392317
17.72624990,0.03619280,0.26198384
17.72874990,0.04101801,0.33649549
17.73124990,0.06250101,0.78127515
17.73374990,0.07345410,1.07910109
17.73624990,0.09415505,1.77303457
17.73874990,0.09588750,1.83888257
17.74124990,0.09910504,1.96436167
17.74374990,0.10782564,2.32527399
17.74624990,0.21537356,9.27715397
17.74874990,0.21533184,9.27356052
17.75124990,0.22220235,9.87477684
17.75374990,0.48043981,46.16448212
17.75624990,0.57945228,67.15299988
17.75874990,0.60362589,72.87284088
17.76124990,0.77428102,119.90222931
17.76374990,0.86168838,148.50137329
17.76624990,0.86766464,150.56838989
17.76874990,0.87099326,151.72584534
17.77124990,0.96772844,187.29965210
17.77374990,1.02675283,210.84425354
17.77624990,1.09429908,239.49810791
17.77874990,1.09611619,240.29412842
17.78124990,1.22738886,301.29672241
17.78374990,1.22668540,300.95144653
17.78624990,1.27988696,327.62213135
17.78874990,1.44036460,414.93005371
17.79124990,1.77916515,633.08569336
17.79374990,1.91823125,735.92224121
17.79624990,2.02751279,822.16162109
17.79874990,2.15836477,931.70776367
17.80124990,2.20516253,972.54827881
17.80374990,2.16363120,936.26000977
17.80624990,2.17499423,946.12005615
17.80874990,2.17310095,944.47357178
17.81124990,2.14198494,917.61999512
17.81374990,2.11676764,896.14099121
17.81624990,2.15584373,929.53247070
17.81874990,2.22105241,986.61468506
17.82124990,2.25100899,1013.40832520
17.82374990,2.28205061,1041.55102539
17.82624990,2.28912592,1048.01940918
17.82874990,2.29947042,1057.51269531
17.83124990,2.23624134,1000.15502930
17.83374990,2.23974204,1003.28881836
17.83624990,2.21143198,978.08618164
17.83874990,2.11072254,891.02990723
17.84124990,1.83405197,672.74932861
17.84374990,1.68750703,569.53601074
17.84624990,1.54397810,476.77365112
17.84874990,1.35512304,367.27169800
17.85124990,1.27639616,325.83743286
17.85374990,1.27712035,326.20727539
17.85624990,1.21583343,295.65020752
17.85874990,1.20806110,291.88235474
17.86124990,1.16564345,271.74493408
17.86374990,1.15044701,264.70565796
17.86624990,1.07137620,229.56938171
17.86874990,0.92585015,171.43969727
17.87124990,0.73950768,109.37432098
17.87374990,0.53701210,57.67640686
17.87624990,0.33610576,22.59341812
17.87874990,0.24806085,12.30683708
17.88124990,0.20275426,8.22185802
17.88374990,0.15930752,5.07577801
17.88624990,0.12271831,3.01195669
17.88874990,0.11660218,2.71921372
17.89124990,0.11681161,2.72899055
17.89374990,0.11647338,2.71320939
17.89624990,0.10711703,2.29481173
17.89874990,0.10788190,2.32770085
17.90124990,0.10989437,2.41535449
17.90374990,0.10193925,2.07832193
17.90624990,0.09692528,1.87890196
17.90874990,0.09452872,1.78713572
17.91124990,0.09353673,1.74982381
17.91374990,0.09218834,1.69973826
17.91624990,0.08420896,1.41822982
17.91874990,0.08397497,1.41035914
17.92124990,0.07622848,1.16215611
17.92374990,0.07872862,1.23963940
17.92624990,0.07706102,1.18768013
17.92874990,0.07528082,1.13344014
17.93124990,0.07562987,1.14397550
17.93374990,0.07697254,1.18495417
17.93624990,0.07686634,1.18168676
17.93874990,0.07920950,1.25482893
17.94124990,0.07899932,1.24817836
17.94374990,0.07967051,1.26947808
17.94624990,0.08205303,1.34653986
17.94874990,0.08091656,1.30949795
17.95124990,0.07865375,1.23728240
17.95374990,0.08234715,1.35621059
17.95624990,0.07955269,1.26572609
17.95874990,0.07345957,1.07926190
17.96124990,0.07491387,1.12241757
17.96374990,0.07561181,1.14342928
17.96624990,0.07456913,1.11211085
17.96874990,0.07634506,1.16571379
17.97124990,0.07453984,1.11123753
17.97374990,0.07317832,1.07101321
17.97624990,0.07653330,1.17146897
17.97874990,0.07782437,1.21132636
17.98124990,0.07938801,1.26049137
17.98374990,0.08441753,1.42526376
17.98624990,0.08140159,1.32524395
17.98874990,0.07866432,1.23761511
17.99124990,0.08068050,1.30186868
17.99374990,0.07981399,1.27405477
17.99624990,0.08005683,1.28181922
17.99874990,0.08440947,1.42499161
18.00124990,0.08369443,1.40095139
18.00374990,0.07910682,1.25157785
18.00624990,0.08051226,1.29644501
18.00874990,0.07979824,1.27355206
18.01124990,0.08099935,1.31217897
18.01374990,0.08053360,1.29713202
18.01624990,0.08084708,1.30725026
18.01874990,0.07743715,1.19930243
18.02124990,0.07942243,1.26158452
18.02374990,0.07820037,1.22305965
18.02624990,0.08039605,1.29270494
18.02874990,0.07797933,1.21615529
18.03124990,0.07687504,1.18195426
18.03374990,0.07134178,1.01793003
18.03624990,0.07263418,1.05514479
18.03874990,0.07388145,1.09169388
18.04124990,0.08201501,1.34529221
18.04374990,0.08105345,1.31393242
18.04624990,0.07808321,1.21939754
18.04874990,0.07213083,1.04057121
18.05124990,0.07288290,1.06238329
18.05374990,0.07597388,1.15440607
18.05624990,0.07513218,1.12896907
18.05874990,0.07634401,1.16568160
18.06124990,0.07642768,1.16823816
18.06374990,0.07698401,1.18530750
18.06624990,0.07561313,1.14346921
18.06874990,0.07983300,1.27466178
18.07124990,0.07785662,1.21233058
18.07374990,0.07817741,1.22234154
18.07624990,0.07297262,1.06500065
18.07874990,0.07315834,1.07042849
18.08124990,0.07622813,1.16214550
18.08374990,0.07975593,1.27220166
18.08624990,0.07891683,1.24557316
18.08874990,0.07761823,1.20491815
18.09124990,0.06776714,0.91847688
18.09374990,0.06845745,0.93728459
18.09624990,0.06898224,0.95170969
18.09874990,0.07358019,1.08280885
18.10124990,0.07313739,1.06981552
18.10374990,0.07065196,0.99834001
18.10624990,0.07011109,0.98311281
18.10874990,0.06900131,0.95223618
18.11124990,0.06978704,0.97404629
18.11374990,0.07083161,1.00342345
18.11624990,0.07156083,1.02419043
18.11874990,0.06645057,0.88313568
18.12124990,0.06705390,0.89924502
18.12374990,0.06692950,0.89591157
18.12624990,0.07364494,1.08471560
18.12874990,0.07384222,1.09053469
18.13124990,0.06993543,0.97819299
18.13374990,0.06428479,0.82650673
18.13624990,0.06513754,0.84858000
18.13874990,0.06966695,0.97069675
18.14124990,0.06839765,0.93564761
18.14374990,0.06798417,0.92436957
18.14624990,0.06814842,0.92884147
18.14874990,0.06274039,0.78727150
18.15124990,0.06416593,0.82345313
18.15374990,0.06749259,0.91104996
18.15624990,0.06760342,0.91404468
18.15874990,0.07005074,0.98142117
18.16124990,0.06657531,0.88645446
18.16374990,0.06511767,0.84806210
18.16624990,0.07025603,0.98718190
18.16874990,0.06928030,0.95995188
18.17124990,0.06915076,0.95636553
18.17374990,0.06895388,0.95092750
18.17624990,0.06183485,0.76470977
18.17874990,0.06620086,0.87651074
18.18124990,0.06568307,0.86285317
18.18374990,0.06624066,0.87756491
18.18624990,0.06512935,0.84836656
18.18874990,0.05994207,0.71861041
18.19124990,0.06260609,0.78390455
18.19374990,0.06316628,0.79799581
18.19624990,0.06367274,0.81084341
18.19874990,0.06519710,0.85013223
18.20124990,0.06351434,0.80681437
18.20374990,0.05901285,0.69650328
18.20624990,0.06365242,0.81032610
18.20874990,0.06043309,0.73043168
18.21124990,0.06077458,0.73870987
18.21374990,0.05891198,0.69412434
18.21624990,0.05173092,0.53521764
18.21874990,0.05951696,0.70845360
18.22124990,0.05902055,0.69668496
18.22374990,0.06034647,0.72833931
18.22624990,0.05968512,0.71246278
18.22874990,0.05647090,0.63779259
18.23124990,0.06470879,0.83744556
18.23374990,0.06395584,0.81806982
18.23624990,0.06390209,0.81669533
18.23874990,0.06384433,0.81521958
18.24124990,0.06209207,0.77108508
18.24374990,0.06528866,0.85252166
18.24624990,0.06471433,0.83758891
18.24874990,0.06502914,0.84575796
18.25124990,0.06550880,0.85828054
18.25374990,0.06607772,0.87325287
18.25624990,0.06296688,0.79296553
18.25874990,0.06309731,0.79625416
18.26124990,0.06339288,0.80373138
18.26374990,0.06333227,0.80219513
18.26624990,0.06316623,0.79799461
18.26874990,0.05923852,0.70184046
18.27124990,0.05927876,0.70279419
18.27374990,0.05855653,0.68577355
18.27624990,0.05863057,0.68750882
18.27874990,0.05674953,0.64410180
18.28124990,0.05015602,0.50312531
18.28374990,0.05002675,0.50053525
18.28624990,0.05049028,0.50985360
18.28874990,0.05054437,0.51094663
18.29124990,0.04952014,0.49044889
18.29374990,0.04714008,0.44443738
18.29624990,0.04620519,0.42698398
18.29874990,0.04464629,0.39865825
18.30124990,0.04403147,0.38775402
18.30374990,0.04270994,0.36482775
18.30624990,0.04173776,0.34840807
18.30874990,0.04141869,0.34310156
18.31124990,0.04040048,0.32643968
18.31374990,0.04047626,0.32766551
18.31624990,0.04051121,0.32823157
18.31874990,0.03762142,0.28307420
18.32124990,0.03749314,0.28114703
18.32374990,0.03728146,0.27798140
18.32624990,0.03737477,0.27937466
18.32874990,0.03718161,0.27649444
18.33124990,0.03640570,0.26507506
18.33374990,0.03656570,0.26741013
18.33624990,0.03666608,0.26888019
18.33874990,0.03674153,0.26998797
18.34124990,0.03694028,0.27291691
18.34374990,0.03641939,0.26527438
18.34624990,0.03647483,0.26608267
18.34874990,0.03536816,0.25018129
18.35124990,0.03546547,0.25155991
18.35374990,0.03534186,0.24980946
18.35624990,0.04184749,0.35024256
18.35874990,0.04232975,0.35836154
18.36124990,0.04307037,0.37101135
18.36374990,0.04356596,0.37959859
18.36624990,0.04586697,0.42075577
18.36874990,0.04738989,0.44916040
18.37124990,0.04803490,0.46147034
18.37374990,0.04792733,0.45940575
18.37624990,0.04839524,0.46841976
18.37874990,0.04836404,0.46781614
18.38124990,0.05273743,0.55624723
18.38374990,0.05271116,0.55569321
18.38624990,0.05432117,0.59015799
18.38874990,0.05428090,0.58928323
18.39124990,0.05532486,0.61216813
18.39374990,0.05455945,0.59534669
18.39624990,0.05451762,0.59443414
18.39874990,0.05509451,0.60708094
18.40124990,0.05588287,0.62457895
18.40374990,0.05589801,0.62491757
18.40624990,0.05085727,0.51729238
18.40874990,0.05048810,0.50980961
18.41124990,0.04956382,0.49131447
18.41374990,0.04905434,0.48126560
18.41624990,0.04728984,0.44726577
18.41874990,0.04388488,0.38517648
18.42124990,0.04396900,0.38665456
18.42374990,0.04427080,0.39198071
18.42624990,0.04384281,0.38443834
18.42874990,0.04630448,0.42882088
18.43124990,0.03878162,0.30080277
18.43374990,0.03925288,0.30815777
18.43624990,0.03630931,0.26367319
18.43874990,0.03658350,0.26767048
18.44124990,0.04096995,0.33570734
18.44374990,0.04012372,0.32198250
18.44624990,0.04226990,0.35734895
18.44874990,0.04138328,0.34251511
18.45124990,0.04118736,0.33927971
18.45374990,0.04204511,0.35355818
18.45624990,0.04058730,0.32946581
18.45874990,0.04238109,0.35923126
18.46124990,0.04220502,0.35625276
18.46374990,0.04235908,0.35885835
18.46624990,0.04189041,0.35096133
18.46874990,0.04121045,0.33966020
18.47124990,0.04059475,0.32958683
18.47374990,0.03964565,0.31435555
18.47624990,0.04271930,0.36498782
18.47874990,0.04051097,0.32822785
18.48124990,0.04034458,0.32553697
18.48374990,0.04006407,0.32102603
18.48624990,0.03979361,0.31670630
18.48874990,0.04550624,0.41416347
18.49124990,0.04004742,0.32075915
18.49374990,0.03938247,0.31019574
18.49624990,0.03731317,0.27845448
18.49874990,0.03759783,0.28271940
18.50124990,0.03636397,0.26446766
18.50374990,0.03622305,0.26242194
18.50624990,0.03850929,0.29659304
18.50874990,0.03649723,0.26640955
18.51124990,0.03729013,0.27811077
18.51374990,0.03722585,0.27715272
18.51624990,0.03722107,0.27708161
18.51874990,0.03700023,0.27380335
18.52124990,0.03671221,0.26955730
18.52374990,0.04191941,0.35144731
18.52624990,0.03934604,0.30962220
18.52874990,0.03923118,0.30781719
18.53124990,0.03919232,0.30720764
18.53374990,0.03895292,0.30346605
18.53624990,0.03967789,0.31486693
18.53874990,0.03257025,0.21216425
18.54124990,0.03359067,0.22566663
18.54374990,0.03304229,0.21835852
18.54624990,0.03281869,0.21541330
18.54874990,0.03385547,0.22923857
18.55124990,0.03510199,0.24642992
18.55374990,0.03436266,0.23615840
18.55624990,0.03190837,0.20362878
18.55874990,0.03193209,0.20393166
18.56124990,0.03797285,0.28838742
18.56374990,0.03818472,0.29161462
18.56624990,0.03828995,0.29322407
18.56874990,0.03839992,0.29491076
18.57124990,0.03845795,0.29580283
18.57374990,0.03535778,0.25003457
18.57624990,0.03608032,0.26035786
18.57874990,0.03864259,0.29865000
18.58124990,0.03903003,0.30466858
18.58374990,0.04227693,0.35746777
18.58624990,0.04181369,0.34967694
18.58874990,0.04239758,0.35951105
18.59124990,0.04404467,0.38798660
18.59374990,0.04438715,0.39404374
18.59624990,0.04549629,0.41398251
18.59874990,0.04461379,0.39807808
18.60124990,0.04455581,0.39704400
18.60374990,0.04479356,0.40129259
18.60624990,0.04540291,0.41228497
18.60874990,0.04687537,0.43946013
18.61124990,0.04131357,0.34136212
18.61374990,0.04145568,0.34371468
18.61624990,0.04144157,0.34348071
18.61874990,0.04486967,0.40265751
18.62124990,0.04503377,0.40560800
18.62374990,0.04351222,0.37866268
18.62624990,0.04210785,0.35461414
18.62874990,0.03930763,0.30901793
18.63124990,0.04057331,0.32923874
18.63374990,0.03832768,0.29380214
18.63624990,0.11333816,2.56910801
18.63874990,0.16584651,5.50101280
18.64124990,0.24319386,11.82865143
18.64374990,0.24561784,12.06562424
18.64624990,0.31789562,20.21152496
18.64874990,0.46472782,43.19438934
18.65124990,0.47463420,45.05552292
18.65374990,0.48871669,47.76880264
18.65624990,0.60278416,72.66974640
18.65874990,0.84905499,144.17887878
18.66124990,0.98088223,192.42599487
18.66374990,1.07533073,231.26725769
18.66624990,1.07701492,231.99224854
18.66874990,1.10120690,242.53131104
18.67124990,1.11743283,249.73123169
18.67374990,1.17993212,278.44793701
18.67624990,1.21309412,294.31948853
18.67874990,1.41448498,400.15353394
18.68124990,1.41486263,400.36727905
18.68374990,1.44194090,415.83868408
18.68624990,1.55361331,482.74285889
18.68874990,1.61579955,522.16162109
18.69124990,1.78304517,635.85009766
18.69374990,1.82586777,666.75854492
18.69624990,1.81500423,658.84802246
18.69874990,1.80528092,651.80786133
18.70124990,2.02033639,816.35180664
18.70374990,2.01696897,813.63275146
18.70624990,2.12027884,899.11645508
18.70874990,2.03458190,827.90478516
18.71124990,2.03564692,828.77160645
18.71374990,2.01059365,808.49743652
18.71624990,2.01257992,810.09558105
18.71874990,2.10090518,882.76049805
18.72124990,2.12972355,907.14453125
18.72374990,2.10032749,882.27508545
18.72624990,2.09502268,877.82397461
18.72874990,2.25210166,1014.39239502
18.73124990,2.27341533,1033.68347168
18.73374990,2.25648904,1018.34863281
18.73624990,2.30273747,1060.51989746
18.73874990,2.53730440,1287.58276367
18.74124990,2.61595178,1368.64074707
18.74374990,2.70172381,1459.86218262
18.74624990,2.71422863,1473.40747070
18.74874990,2.71898389,1478.57470703
18.75124990,2.71393776,1473.09179688
18.75374990,2.94544816,1735.13305664
18.75624990,3.03040147,1836.66674805
18.75874990,3.11695361,1943.07995605
18.76124990,3.09496641,1915.76318359
18.76374990,3.08041286,1897.78881836
18.76624990,3.08202171,1899.77160645
18.76874990,3.02296090,1827.65844727
18.77124990,3.00677896,1808.14392090
18.77374990,3.01090002,1813.10375977
18.77624990,3.00522232,1806.27209473
18.77874990,2.79803443,1565.79943848
18.78124990,2.78054786,1546.28918457
18.78374990,2.78066421,1546.41870117
18.78624990,2.67957449,1436.02392578
18.78874990,2.41620445,1167.60876465
18.79124990,2.19864416,966.80725098
18.79374990,2.05491638,844.53619385
18.79624990,2.03807354,830.74884033
18.79874990,2.01201749,809.64288330
18.80124990,1.80097711,648.70367432
18.80374990,1.39044929,386.66989136
18.80624990,0.93471259,174.73753357
18.80874990,0.58346671,68.08668518
18.81124990,0.48176238,46.41899872
18.81374990,0.47924227,45.93463135
18.81624990,0.45671043,41.71688461
18.81874990,0.39098397,30.57369232
18.82124990,0.30441591,18.53380966
18.82374990,0.22161825,9.82293034
18.82624990,0.16287440,5.30561399
18.82874990,0.12993656,3.37670183
18.83124990,0.12952884,3.35554361
18.83374990,0.12580243,3.16525006
18.83624990,0.10507654,2.20821571
18.83874990,0.07746530,1.20017481
18.84124990,0.06713576,0.90144193
18.84374990,0.06570183,0.86334622
18.84624990,0.06518619,0.84984785
18.84874990,0.06491628,0.84282470
18.85124990,0.06593082,0.86937451
18.85374990,0.06555960,0.85961199
18.85624990,0.06556044,0.85963422
18.85874990,0.06268942,0.78599280
18.86124990,0.05713193,0.65281153
18.86374990,0.05393126,0.58171612
18.86624990,0.05348653,0.57216167
18.86874990,0.05835684,0.68110418
18.87124990,0.05691250,0.64780653
18.87374990,0.05464877,0.59729755
18.87624990,0.05906793,0.69780415
18.87874990,0.06628735,0.87880254
18.88124990,0.06765720,0.91549939
18.88374990,0.06451406,0.83241290
18.88624990,0.06877268,0.94593644
18.88874990,0.07097188,1.00740170
18.89124990,0.07177293,1.03027070
18.89374990,0.06947695,0.96540952
18.89624990,0.06946838,0.96517116
18.89874990,0.06979503,0.97426945
18.90124990,0.06916910,0.95687300
18.90374990,0.07019677,0.98551726
18.90624990,0.07117698,1.01323271
18.90874990,0.07258945,1.05384564
18.91124990,0.07836013,1.22806203
18.91374990,0.07787155,1.21279562
18.91624990,0.07568705,1.14570594
18.91874990,0.07440541,1.10723305
18.92124990,0.08374798,1.40274477
18.92374990,0.08205673,1.34666133
18.92624990,0.07670873,1.17684591
18.92874990,0.07381420,1.08970714
18.93124990,0.07434267,1.10536647
18.93374990,0.07410321,1.09825706
18.93624990,0.07008982,0.98251647
18.93874990,0.06904916,0.95355725
18.94124990,0.06905927,0.95383656
18.94374990,0.07004754,0.98133147
18.94624990,0.07071983,1.00025880
18.94874990,0.07049555,0.99392426
18.95124990,0.07386462,1.09119666
18.95374990,0.07778499,1.21010077
18.95624990,0.07688195,1.18216681
18.95874990,0.07586330,1.15104818
18.96124990,0.07560339,1.14317441
18.96374990,0.07693140,1.18368804
18.96624990,0.07689025,1.18242228
18.96874990,0.07735819,1.19685805
18.97124990,0.06758511,0.91354954
18.97374990,0.06760200,0.91400617
18.97624990,0.06910724,0.95516211
18.97874990,0.06794743,0.92337072
18.98124990,0.06624289,0.87762409
18.98374990,0.06990317,0.97729075
18.98624990,0.07172343,1.02885008
18.98874990,0.07064197,0.99805766
18.99124990,0.07259388,1.05397439
18.99374990,0.07404997,1.09667969
18.99624990,0.07398400,1.09472668
18.99874990,0.07498722,1.12461662
19.00124990,0.07665136,1.17508602
19.00374990,0.07170510,1.02832425
19.00624990,0.07250128,1.05128717
19.00874990,0.07618668,1.16088200
19.01124990,0.07110070,1.01106191
19.01374990,0.06889660,0.94934827
19.01624990,0.07499707,1.12491226
19.01874990,0.07652643,1.17125893
19.02124990,0.07621600,1.16177595
19.02374990,0.07646915,1.16950619
19.02624990,0.07710396,1.18900418
19.02874990,0.07520158,1.13105547
19.03124990,0.07485671,1.12070525
19.03374990,0.07611580,1.15872312
19.03624990,0.07439221,1.10684025
19.03874990,0.07541983,1.13763022
19.04124990,0.07620536,1.16145134
19.04374990,0.07522025,1.13161707
19.04624990,0.07470515,1.11617196
19.04874990,0.07883341,1.24294114
19.05124990,0.07441519,1.10752416
19.05374990,0.07445822,1.10880542
19.05624990,0.07730365,1.19517076
19.05874990,0.07406966,1.09726286
19.06124990,0.07370093,1.08636534
19.06374990,0.07881530,1.24237013
19.06624990,0.07895002,1.24662113
19.06874990,0.07499200,1.12476003
19.07124990,0.07972705,1.27128029
19.07374990,0.08164003,1.33301914
19.07624990,0.08130356,1.32205367
19.07874990,0.08721047,1.52113318
19.08124990,0.08839662,1.56279266
19.08374990,0.08488674,1.44115198
19.08624990,0.08731460,1.52476788
19.08874990,0.08943190,1.59961295
19.09124990,0.08664125,1.50134134
19.09374990,0.09048115,1.63736749
19.09624990,0.09131975,1.66785944
19.09874990,0.08702280,1.51459384
19.10124990,0.08769358,1.53803289
19.10374990,0.08797795,1.54802382
19.10624990,0.08496799,1.44391203
19.10874990,0.09332434,1.74188638
19.11124990,0.09334839,1.74278438
19.11374990,0.08909643,1.58763456
19.11624990,0.08730113,1.52429724
19.11874990,0.08678430,1.50630307
19.12124990,0.08406093,1.41324782
19.12374990,0.09392557,1.76440251
19.12624990,0.09258553,1.71441603
19.12874990,0.08761727,1.53535724
19.13124990,0.08971648,1.60980928
19.13374990,0.09150296,1.67455840
19.13624990,0.08933886,1.59628642
19.13874990,0.08697636,1.51297748
19.14124990,0.08682650,1.50776815
19.14374990,0.08317582,1.38364363
19.14624990,0.08234202,1.35604155
19.14874990,0.08216310,1.35015488
19.15124990,0.09037687,1.63359571
19.15374990,0.09004427,1.62159383
19.15624990,0.09021178,1.62763298
19.15874990,0.08347828,1.39372468
19.16124990,0.08334263,1.38919878
19.16374990,0.08357718,1.39702892
19.16624990,0.08748017,1.53055573
19.16874990,0.08766092,1.53688741
19.17124990,0.08628031,1.48885834
19.17374990,0.07689609,1.18260193
19.17624990,0.07781679,1.21109056
19.17874990,0.07824040,1.22431219
19.18124990,0.07618383,1.16079521
19.18374990,0.07341824,1.07804751
19.18624990,0.07400552,1.09536338
19.18874990,0.07317975,1.07105517
19.19124990,0.07262564,1.05489683
19.19374990,0.08205412,1.34657562
19.19624990,0.08195528,1.34333360
19.19874990,0.08248490,1.36075163
19.20124990,0.07585520,1.15080214
19.20374990,0.07904653,1.24967051
19.20624990,0.07978700,1.27319312
19.20874990,0.07690029,1.18273079
19.21124990,0.07683358,1.18067992
19.21374990,0.07737913,1.19750607
19.21624990,0.06898719,0.95184654
19.21874990,0.06944777,0.96459854
19.22124990,0.07619286,1.16107047
19.22374990,0.07232788,1.04626441
19.22624990,0.07438324,1.10657310
19.22874990,0.07339344,1.07731950
19.23124990,0.07449117,1.10978687
19.23374990,0.07644315,1.16871107
19.23624990,0.07624482,1.16265428
19.23874990,0.07795554,1.21541333
19.24124990,0.07800889,1.21707749
19.24374990,0.06611802,0.87431848
19.24624990,0.07158386,1.02484977
19.24874990,0.07474959,1.11750019
19.25124990,0.07066213,0.99862719
19.25374990,0.06821491,0.93065476
19.25624990,0.06745974,0.91016340
19.25874990,0.06719648,0.90307343
19.26124990,0.07061643,0.99733597
19.26374990,0.06970024,0.97162479
19.26624990,0.07480677,1.11921060
19.26874990,0.07492477,1.12274420
19.27124990,0.06889480,0.94929886
19.27374990,0.07192108,1.03452826
19.27624990,0.06871359,0.94431150
19.27874990,0.06845524,0.93722403
19.28124990,0.06828644,0.93260759
19.28374990,0.06637743,0.88119262
19.28624990,0.06588421,0.86814576
19.28874990,0.06417678,0.82373196
19.29124990,0.06466080,0.83620381
19.29374990,0.06592748,0.86928636
19.29624990,0.05995262,0.71886331
19.29874990,0.05575973,0.62182951
19.30124990,0.05736805,0.65821862
19.30374990,0.05653381,0.63921428
19.30624990,0.05738924,0.65870494
19.30874990,0.05882144,0.69199234
19.31124990,0.05490543,0.60292113
19.31374990,0.06121197,0.74938112
19.31624990,0.05412859,0.58598101
19.31874990,0.05482759,0.60121298
19.32124990,0.05337581,0.56979549
19.32374990,0.04959531,0.49193892
19.32624990,0.04992785,0.49855793
19.32874990,0.04983950,0.49679515
19.33124990,0.04818795,0.46441570
19.33374990,0.04830259,0.46662807
19.33624990,0.04861486,0.47268099
19.33874990,0.05047540,0.50955313
19.34124990,0.05024302,0.50487226
19.34374990,0.05282694,0.55813706
19.34624990,0.05331516,0.56850123
19.34874990,0.05358385,0.57424569
19.35124990,0.05232356,0.54755110
19.35374990,0.05175662,0.53574955
19.35624990,0.05054106,0.51087970
19.35874990,0.04894540,0.47913051
19.36124990,0.04868257,0.47399855
19.36374990,0.04170360,0.34783807
19.36624990,0.04242437,0.35996532
19.36874990,0.04015040,0.32241094
19.37124990,0.04045967,0.32739696
19.37374990,0.04012331,0.32197598
19.37624990,0.03987781,0.31804794
19.37874990,0.03991659,0.31866688
19.38124990,0.03726115,0.27767861
19.38374990,0.03693591,0.27285221
19.38624990,0.03634597,0.26420596
19.38874990,0.03487664,0.24327606
19.39124990,0.03463878,0.23996903
19.39374990,0.02761360,0.15250212
19.39624990,0.02663659,0.14190163
19.39874990,0.02475715,0.12258326
19.40124990,0.02444507,0.11951227
19.40374990,0.02450803,0.12012871
19.40624990,0.02518132,0.12681980
19.40874990,0.02500034,0.12500343
19.41124990,0.02531644,0.12818439
19.41374990,0.02268041,0.10288024
19.41624990,0.02133888,0.09106955
19.41874990,0.02784344,0.15505138
19.42124990,0.02739582,0.15010624
19.42374990,0.02724606,0.14846961
19.42624990,0.02849102,0.16234763
19.42874990,0.02856115,0.16314782
19.43124990,0.03314056,0.21965930
19.43374990,0.03354667,0.22507580
19.43624990,0.03353175,0.22487566
19.43874990,0.03443081,0.23709609
19.44124990,0.03403994,0.23174344
19.44374990,0.04236681,0.35898924
19.44624990,0.04237391,0.35910976
19.44874990,0.04288640,0.36784872
19.45124990,0.04573701,0.41837481
19.45374990,0.04741716,0.44967741
19.45624990,0.04924999,0.48511234
19.45874990,0.05055914,0.51124525
19.46124990,0.05043370,0.50871158
19.46374990,0.05104693,0.52115774
19.46624990,0.05130203,0.52637959
19.46874990,0.05062135,0.51250428
19.47124990,0.05071471,0.51439637
19.47374990,0.05069994,0.51409680
19.47624990,0.05033267,0.50667554
19.47874990,0.05027515,0.50551820
19.48124990,0.05252307,0.55173463
19.48374990,0.09963113,1.98527229
19.48624990,0.09964453,1.98580623
19.48874990,0.09874882,1.95026588
19.49124990,0.14641704,4.28759003
19.49374990,0.14737374,4.34380436
19.49624990,0.15203427,4.62288427
19.49874990,0.36859879,27.17301559
19.50124990,0.39100438,30.57688713
19.50374990,0.40900785,33.45748520
19.50624990,0.42496148,36.11845398
19.50874990,0.43802559,38.37328339
19.51124990,0.45392838,41.21019363
19.51374990,0.75990987,115.49261475
19.51624990,0.76350474,116.58789825
19.51874990,1.09166706,238.34739685
19.52124990,1.11409366,248.24095154
19.52374990,1.23956680,307.30520630
19.52624990,1.51311076,457.90084839
19.52874990,1.79279137,642.82019043
19.53124990,1.90444016,725.37847900
19.53374990,1.90441179,725.35681152
19.53624990,2.35524678,1109.43737793
19.53874990,2.56420541,1315.02990723
19.54124990,2.93948960,1728.11987305
19.54374990,2.95659184,1748.28723145
19.54624990,3.02045274,1824.62695312
19.54874990,3.02260423,1827.22729492
19.55124990,3.03478646,1841.98596191
19.55374990,3.08252716,1900.39489746
19.55624990,3.08039713,1897.76916504
19.55874990,3.09318256,1913.55578613
19.56124990,3.09240675,1912.59594727
19.56374990,3.04098225,1849.51464844
19.56624990,3.04382396,1852.97265625
19.56874990,2.94955754,1739.97802734
19.57124990,2.94230199,1731.42834473
19.57374990,2.89299059,1673.87878418
19.57624990,2.76044321,1524.00927734
19.57874990,2.58904648,1340.63244629
19.58124990,2.50830793,1258.32177734
19.58374990,2.50714397,1257.15429688
19.58624990,2.08934736,873.07446289
19.58874990,1.82697010,667.56396484
19.59124990,1.12300885,252.22976685
19.59374990,1.07677424,231.88854980
19.59624990,0.88110489,155.26916504
19.59874990,0.80676419,130.17369080
19.60124990,0.74943042,112.32918549
19.60374990,0.50522751,51.05095673
19.60624990,0.50538284,51.08235931
19.60874990,0.40650949,33.04999542
19.61124990,0.39746854,31.59625053
19.61374990,0.31974348,20.44717979
19.61624990,0.28307641,16.02644920
19.61874990,0.18999100,7.21931505
19.62124990,0.17253435,5.95361996
19.62374990,0.15000930,4.50055790
19.62624990,0.13723461,3.76666808
19.62874990,0.10545337,2.22408271
19.63124990,0.09686124,1.87642002
19.63374990,0.09006383,1.62229848
19.63624990,0.09232232,1.70468199
19.63874990,0.09026335,1.62949455
19.64124990,0.08772343,1.53908014
19.64374990,0.08820771,1.55612016
19.64624990,0.09155372,1.67641664
19.64874990,0.09292071,1.72685146
19.65124990,0.08245429,1.35974193
19.65374990,0.08537075,1.45763302
19.65624990,0.08409235,1.41430449
19.65874990,0.08952382,1.60290289
19.66124990,0.08303743,1.37904286
19.66374990,0.08210743,1.34832621
19.66624990,0.08154450,1.32990122
19.66874990,0.08732293,1.52505887
19.67124990,0.08836406,1.56164169
19.67374990,0.08676638,1.50568080
19.67624990,0.08793731,1.54659414
19.67874990,0.09359910,1.75215828
19.68124990,0.09433762,1.77991724
19.68374990,0.09471126,1.79404449
19.68624990,0.09351778,1.74911499
19.68874990,0.09409444,1.77075279
19.69124990,0.09501148,1.80543613
19.69374990,0.09441511,1.78284228
19.69624990,0.09160557,1.67831600
19.69874990,0.09453759,1.78747106
19.70124990,0.09466423,1.79226339
19.70374990,0.09122176,1.66428185
19.70624990,0.09012482,1.62449694
19.70874990,0.09163018,1.67921782
19.71124990,0.09181543,1.68601465
19.71374990,0.09146784,1.67327309
19.71624990,0.08923213,1.59247470
19.71874990,0.08758796,1.53433013
19.72124990,0.08500550,1.44518709
19.72374990,0.08487157,1.44063663
19.72624990,0.08406198,1.41328323
19.72874990,0.08019213,1.28615570
19.73124990,0.08289152,1.37420070
19.73374990,0.08303179,1.37885571
19.73624990,0.08286267,1.37324440
19.73874990,0.08216822,1.35032344
19.74124990,0.08301345,1.37824643
19.74374990,0.08369481,1.40096426
19.74624990,0.08394740,1.40943313
19.74874990,0.07865575,1.23734534
19.75124990,0.07948367,1.26353073
19.75374990,0.07941633,1.26139057
19.75624990,0.08310365,1.38124323
19.75874990,0.07516610,1.12998855
19.76124990,0.06891087,0.94974172
19.76374990,0.07724776,1.19344330
19.76624990,0.07687846,1.18205953
19.76874990,0.07216870,1.04166424
19.77124990,0.07491325,1.12239897
19.77374990,0.08208815,1.34769273
19.77624990,0.08173094,1.33598924
19.77874990,0.07972108,1.27109003
19.78124990,0.07919943,1.25450981
19.78374990,0.07857659,1.23485613
19.78624990,0.07836220,1.22812676
19.78874990,0.08279563,1.37102342
19.79124990,0.08132148,1.32263660
19.79374990,0.08073147,1.30351424
19.79624990,0.08482663,1.43911135
19.79874990,0.08408499,1.41405714
19.80124990,0.08441191,1.42507410
19.80374990,0.08613983,1.48401392
19.80624990,0.08181901,1.33886993
19.80874990,0.08099052,1.31189287
19.81124990,0.08123622,1.31986475
19.81374990,0.07255103,1.05273032
19.81624990,0.07648363,1.16994905
19.81874990,0.07702965,1.18671322
19.82124990,0.07489559,1.12186980
19.82374990,0.06898360,0.95174736
19.82624990,0.07852959,1.23337913
19.82874990,0.07812140,1.22059059
19.83124990,0.07472531,1.11677420
19.83374990,0.07890729,1.24527204
19.83624990,0.07858279,1.23505104
19.83874990,0.07377448,1.08853483
19.84124990,0.07405604,1.09685946
19.84374990,0.07387361,1.09146214
19.84624990,0.07122016,1.01446223
19.84874990,0.07468188,1.11547661
19.85124990,0.07347337,1.07966733
19.85374990,0.07131987,1.01730490
19.85624990,0.07100903,1.00845647
19.85874990,0.07110760,1.01125836
19.86124990,0.07061721,0.99735808
19.86374990,0.07198126,1.03626025
19.86624990,0.06936485,0.96229661
19.86874990,0.07357711,1.08271813
19.87124990,0.07436857,1.10613704
19.87374990,0.07418325,1.10063088
19.87624990,0.07033009,0.98926437
19.87874990,0.07088519,1.00494194
19.88124990,0.07099741,1.00812650
19.88374990,0.06794757,0.92337441
19.88624990,0.06732561,0.90654755
19.88874990,0.06767374,0.91594690
19.89124990,0.07623095,1.16223156
19.89374990,0.07752355,1.20198023
19.89624990,0.07492329,1.12269986
19.89874990,0.07058527,0.99645615
19.90124990,0.07475151,1.11755776
19.90374990,0.07507008,1.12710309
19.90624990,0.07504521,1.12635684
19.90874990,0.07515228,1.12957311
19.91124990,0.07447045,1.10916948
19.91374990,0.07313637,1.06978559
19.91624990,0.07066815,0.99879748
19.91874990,0.06550103,0.85807693
19.92124990,0.06407817,0.82120240
19.92374990,0.06360790,0.80919296
19.92624990,0.05746269,0.66039211
19.92874990,0.05750364,0.66133374
19.93124990,0.05820470,0.67755753
19.93374990,0.05762593,0.66414952
19.93624990,0.05768083,0.66541576
19.93874990,0.05726065,0.65575647
19.94124990,0.04377791,0.38330108
19.94374990,0.04211032,0.35465580
19.94624990,0.04598037,0.42283893
19.94874990,0.04592348,0.42179322
19.95124990,0.03781992,0.28606927
19.95374990,0.03671323,0.26957229
19.95624990,0.03804703,0.28951529
19.95874990,0.03781587,0.28600791
19.96124990,0.03907588,0.30538487
19.96374990,0.03917670,0.30696267
19.96624990,0.03973513,0.31577620
19.96874990,0.04084192,0.33361250
19.97124990,0.04012009,0.32192427
19.97374990,0.03763809,0.28332511
19.97624990,0.04441372,0.39451581
19.97874990,0.04509931,0.40678948
19.98124990,0.04433919,0.39319277
19.98374990,0.04277124,0.36587581
19.98624990,0.04493478,0.40382683
19.98874990,0.04640280,0.43064392
19.99124990,0.04689527,0.43983325
19.99374990,0.04837075,0.46794587
19.99624990,0.04462449,0.39826894
19.99874990,0.04498438,0.40471885
20.00124990,0.04641580,0.43088529
20.00374990,0.04803273,0.46142864
20.00624990,0.04703328,0.44242588
20.00874990,0.05101159,0.52043641
20.01124990,0.05026954,0.50540531
20.01374990,0.05019239,0.50385517
20.01624990,0.05204232,0.54168057
20.01874990,0.05114514,0.52316517
20.02124990,0.05028406,0.50569731
20.02374990,0.05376763,0.57819164
20.02624990,0.04709303,0.44355068
20.02874990,0.04574534,0.41852716
20.03124990,0.04676469,0.43738720
20.03374990,0.04651894,0.43280238
20.03624990,0.04500455,0.40508184
20.03874990,0.04571791,0.41802555
20.04124990,0.04642797,0.43111116
20.04374990,0.04879716,0.47623262
20.04624990,0.05154429,0.53136277
20.04874990,0.05123183,0.52494013
20.05124990,0.05000391,0.50007826
20.05374990,0.04859136,0.47222412
20.05624990,0.04866863,0.47372705
20.05874990,0.04428499,0.39223206
20.06124990,0.05072219,0.51454818
20.06374990,0.05072039,0.51451147
20.06624990,0.04837031,0.46793729
20.06874990,0.05200804,0.54096723
20.07124990,0.05201721,0.54115796
20.07374990,0.04842000,0.46889931
20.07624990,0.04953352,0.49071389
20.07874990,0.04934793,0.48704356
20.08124990,0.04942560,0.48857793
20.08374990,0.05245714,0.55035031
20.08624990,0.05225768,0.54617310
20.08874990,0.05179077,0.53645682
20.09124990,0.05095915,0.51936704
20.09374990,0.04675645,0.43723315
20.09624990,0.04405745,0.38821176
20.09874990,0.04407184,0.38846537
20.10124990,0.04432759,0.39298707
20.10374990,0.04428013,0.39214608
20.10624990,0.04676601,0.43741190
20.10874990,0.04701742,0.44212756
20.11124990,0.03972370,0.31559449
20.11374990,0.04063394,0.33022341
20.11624990,0.04064524,0.33040714
20.11874990,0.03587151,0.25735301
20.12124990,0.03587190,0.25735861
20.12374990,0.03649924,0.26643887
20.12624990,0.03772185,0.28458753
20.12874990,0.03778045,0.28547242
20.13124990,0.03571026,0.25504452
20.13374990,0.03116105,0.19420221
20.13624990,0.03056684,0.18686630
20.13874990,0.02806162,0.15749091
20.14124990,0.02771734,0.15365013
20.14374990,0.02792529,0.15596434
20.14624990,0.02717902,0.14773984
20.14874990,0.02728816,0.14892875
20.15124990,0.03167750,0.20069283
20.15374990,0.03153564,0.19889930
20.15624990,0.02842115,0.16155231
20.15874990,0.02795219,0.15626498
20.16124990,0.03018049,0.18217239
20.16374990,0.02898349,0.16800858
20.16624990,0.03033004,0.18398222
20.16874990,0.03424821,0.23458797
20.17124990,0.03626427,0.26301953
20.17374990,0.03587445,0.25739527
20.17624990,0.03755059,0.28200936
20.17874990,0.03809942,0.29031324
20.18124990,0.03806909,0.28985110
20.18374990,0.03984904,0.31758922
20.18624990,0.03993349,0.31893674
20.18874990,0.04221991,0.35650417
20.19124990,0.04480363,0.40147316
20.19374990,0.04670800,0.43632746
20.19624990,0.04698331,0.44148621
20.19874990,0.04696993,0.44123483
20.20124990,0.04461426,0.39808643
20.20374990,0.04769049,0.45487660
20.20624990,0.06206050,0.77030110
20.20874990,0.06783272,0.92025554
20.21124990,0.07018954,0.98531437
20.21374990,0.07197068,1.03595567
20.21624990,0.07310748,1.06894076
20.21874990,0.07324252,1.07289314
20.22124990,0.07384344,1.09057081
20.22374990,0.07474573,1.11738467
20.22624990,0.07285992,1.06171358
20.22874990,0.07869672,1.23863471
20.23124990,0.09286024,1.72460508
20.23374990,0.09506724,1.80755591
20.23624990,0.10506929,2.20791125
20.23874990,0.10421886,2.17231417
20.24124990,0.10542864,2.22303987
20.24374990,0.10914546,2.38254619
20.24624990,0.11020331,2.42895389
20.24874990,0.11020907,2.42920780
20.25124990,0.10995231,2.41790199
20.25374990,0.11096159,2.46249461
20.25624990,0.10648389,2.26776385
20.25874990,0.10359071,2.14620686
20.26124990,0.10233535,2.09450459
20.26374990,0.10171762,2.06929469
20.26624990,0.10163093,2.06576920
20.26874990,0.10033119,2.01326990
20.27124990,0.09937458,1.97506142
20.27374990,0.10048936,2.01962256
20.27624990,0.10330880,2.13454151
20.27874990,0.10783203,2.32554936
20.28124990,0.09752765,1.90232825
20.28374990,0.10104365,2.04196405
20.28624990,0.10403317,2.16458035
20.28874990,0.12471032,3.11053276
20.29124990,0.13406132,3.59448791
20.29374990,0.13870297,3.84770250
20.29624990,0.18308754,6.70421028
20.29874990,0.27420950,15.03817081
20.30124990,0.27673674,15.31664276
20.30374990,0.28996754,16.81623650
20.30624990,0.29358065,17.23792076
20.30874990,0.34009472,23.13288498
20.31124990,0.56362396,63.53439331
20.31374990,0.59411502,70.59452820
20.31624990,0.59911585,71.78795624
20.31874990,0.66230583,87.72980499
20.32124990,0.76157749,116.00006104
20.32374990,0.76139331,115.94395447
20.32624990,0.76215190,116.17509460
20.32874990,0.80227798,128.72999573
20.33124990,1.23168397,303.40905762
20.33374990,1.43907595,414.18792725
20.33624990,1.86774576,697.69482422
20.33874990,1.93634188,749.88397217
20.34124990,1.94694662,758.12017822
20.34374990,2.25389719,1016.01062012
20.34624990,2.68356156,1440.30041504
20.34874990,2.86349869,1639.92504883
20.35124990,2.88226104,1661.48583984
20.35374990,2.88173962,1660.88476562
20.35624990,2.94219184,1731.29858398
20.35874990,2.96209216,1754.79809570
20.36124990,2.92779732,1714.39953613
20.36374990,2.92176104,1707.33740234
20.36624990,2.93798614,1726.35253906
20.36874990,2.93514562,1723.01586914
20.37124990,2.91338706,1697.56481934
20.37374990,2.91360068,1697.81372070
20.37624990,2.91806293,1703.01831055
20.37874990,2.90743589,1690.63671875
20.38124990,2.75802422,1521.33935547
20.38374990,2.65599060,1410.85717773
20.38624990,2.37582374,1128.90759277
20.38874990,2.32175899,1078.11291504
20.39124990,2.31346679,1070.42553711
20.39374990,2.01510429,812.12915039
20.39624990,1.38734448,384.94491577
20.39874990,0.94218248,177.54156494
20.40124990,0.88261384,155.80143738
20.40374990,0.88008922,154.91139221
20.40624990,0.64797354,83.97393799
20.40874990,0.52236092,54.57218933
20.41124990,0.52233285,54.56632233
20.41374990,0.52235204,54.57032776
20.41624990,0.41442090,34.34893799
20.41874990,0.33152530,21.98180199
20.42124990,0.31124130,19.37423134
20.42374990,0.30928099,19.13094711
20.42624990,0.26049045,13.57105350
20.42874990,0.25530773,13.03640842
20.43124990,0.19543627,7.63906765
20.43374990,0.18885997,7.13361740
20.43624990,0.15947959,5.08674717
20.43874990,0.11763284,2.76749659
20.44124990,0.10888506,2.37119174
20.44374990,0.10994720,2.41767740
20.44624990,0.10983870,2.41290784
20.44874990,0.09805822,1.92308283
20.45124990,0.10663253,2.27409935
20.45374990,0.11051095,2.44253373
20.45624990,0.11018263,2.42804241
20.45874990,0.10983138,2.41258645
20.46124990,0.10926990,2.38798237
20.46374990,0.10863048,2.36011648
20.46624990,0.10872348,2.36415911
20.46874990,0.10350832,2.14279461
20.47124990,0.10008401,2.00336194
20.47374990,0.09948505,1.97945499
20.47624990,0.10071429,2.02867341
20.47874990,0.10032821,2.01315022
20.48124990,0.09956968,1.98282409
20.48374990,0.09891153,1.95669830
20.48624990,0.09876398,1.95086479
20.48874990,0.09810320,1.92484760
20.49124990,0.07718022,1.19135749
20.49374990,0.07446952,1.10914183
20.49624990,0.07520891,1.13127601
20.49874990,0.07295269,1.06441891
20.50124990,0.05961492,0.71078777
20.50374990,0.04818238,0.46430838
20.50624990,0.04888965,0.47803956
20.50874990,0.04863695,0.47311065
20.51124990,0.05403145,0.58387947
20.51374990,0.05497140,0.60437095
20.51624990,0.05345805,0.57155263
20.51874990,0.05257677,0.55286336
20.52124990,0.04855501,0.47151768
20.52374990,0.05005421,0.50108486
20.52624990,0.04773416,0.45571002
20.52874990,0.05090101,0.51818264
20.53124990,0.05308884,0.56368488
20.53374990,0.05257353,0.55279529
20.53624990,0.05138220,0.52802598
20.53874990,0.05169517,0.53447807
20.54124990,0.05483560,0.60138869
20.54374990,0.05534117,0.61252892
20.54624990,0.05648893,0.63819993
20.54874990,0.05681397,0.64556545
20.55124990,0.05258638,0.55306542
20.55374990,0.05195248,0.53981209
20.55624990,0.05535679,0.61287475
20.55874990,0.05639576,0.63609630
20.56124990,0.05312559,0.56446576
20.56374990,0.05216222,0.54417938
20.56624990,0.05349235,0.57228631
20.56874990,0.05716120,0.65348041
20.57124990,0.06710576,0.90063667
20.57374990,0.06610382,0.87394303
20.57624990,0.06591266,0.86889595
20.57874990,0.06344371,0.80502093
20.58124990,0.06188752,0.76601315
20.58374990,0.06253209,0.78205240
20.58624990,0.06268103,0.78578228
20.58874990,0.06371260,0.81185913
20.59124990,0.06123906,0.75004447
20.59374990,0.06035289,0.72849423
20.59624990,0.05925433,0.70221496
20.59874990,0.05930173,0.70333898
20.60124990,0.06451914,0.83254397
20.60374990,0.07098241,1.00770056
20.60624990,0.06790622,0.92225087
20.60874990,0.06764323,0.91512114
20.61124990,0.06756430,0.91298687
20.61374990,0.07913757,1.25255108
20.61624990,0.07879610,1.24176502
20.61874990,0.07635769,1.16609919
20.62124990,0.07014746,0.98413318
20.62374990,0.07002021,0.98056614
20.62624990,0.07001812,0.98050743
20.62874990,0.07137446,1.01886284
20.63124990,0.08167558,1.33418024
20.63374990,0.08354537,1.39596593
20.63624990,0.08332455,1.38859618
20.63874990,0.08236375,1.35675776
20.64124990,0.08807319,1.55137765
20.64374990,0.08834137,1.56083953
20.64624990,0.08748875,1.53085613
20.64874990,0.08886589,1.57942915
20.65124990,0.08517330,1.45089841
20.65374990,0.07967062,1.26948166
20.65624990,0.07924521,1.25596070
20.65874990,0.08078031,1.30509162
20.66124990,0.08161609,1.33223712
20.66374990,0.07050578,0.99421310
20.66624990,0.07643349,1.16841543
20.66874990,0.07697996,1.18518281
20.67124990,0.08192729,1.34241629
20.67374990,0.08206365,1.34688866
20.67624990,0.08399925,1.41117465
20.67874990,0.08489196,1.44132900
20.68124990,0.07605655,1.15691996
20.68374990,0.07343569,1.07856011
20.68624990,0.07509115,1.12773633
20.68874990,0.07602676,1.15601349
20.69124990,0.06987653,0.97654593
20.69374990,0.06947547,0.96536815
20.69624990,0.07298356,1.06532001
20.69874990,0.07099815,1.00814772
20.70124990,0.07073146,1.00058782
20.70374990,0.07253208,1.05218053
20.70624990,0.07340490,1.07765603
20.70874990,0.07274688,1.05842161
20.71124990,0.07688534,1.18227124
20.71374990,0.08745484,1.52966988
20.71624990,0.08275270,1.36960208
20.71874990,0.08483383,1.43935585
20.72124990,0.08377758,1.40373647
20.72374990,0.09302737,1.73081815
20.72624990,0.09317121,1.73617470
20.72874990,0.09133336,1.66835654
20.73124990,0.09069148,1.64498901
20.73374990,0.09295589,1.72815931
20.73624990,0.09195271,1.69106030
20.73874990,0.09269645,1.71852648
20.74124990,0.09262107,1.71573234
20.74374990,0.09329539,1.74080598
20.74624990,0.09202607,1.69375956
20.74874990,0.09355058,1.75034225
20.75124990,0.09796999,1.91962385
20.75374990,0.10170922,2.06895328
20.75624990,0.10106566,2.04285336
20.75874990,0.10567562,2.23346734
20.76124990,0.10681541,2.28190637
20.76374990,0.10252320,2.10220122
20.76624990,0.10184357,2.07442236
20.76874990,0.10140540,2.05661106
20.77124990,0.09672199,1.87102866
20.77374990,0.08799029,1.54845834
20.77624990,0.08807563,1.55146348
20.77874990,0.08813594,1.55358851
20.78124990,0.08766065,1.53687775
20.78374990,0.08513185,1.44948649
20.78624990,0.09549917,1.82401836
20.78874990,0.09400873,1.76752818
20.79124990,0.09616929,1.84970641
20.79374990,0.09550426,1.82421279
20.79624990,0.09835915,1.93490410
20.79874990,0.09712791,1.88676620
20.80124990,0.09278498,1.72181034
20.80374990,0.08895349,1.58254457
20.80624990,0.09126318,1.66579378
20.80874990,0.08471396,1.43529081
20.81124990,0.07709523,1.18873489
20.81374990,0.07212303,1.04034615
20.81624990,0.07196587,1.03581727
20.81874990,0.06944314,0.96447015
20.82124990,0.06941303,0.96363366
20.82374990,0.07750114,1.20128536
20.82624990,0.07805505,1.21851814
20.82874990,0.07880349,1.24199820
20.83124990,0.07870068,1.23875952
20.83374990,0.08401120,1.41157639
20.83624990,0.07233540,1.04648197
20.83874990,0.07298004,1.06521726
20.84124990,0.07108385,1.01058269
20.84374990,0.07108376,1.01058018
20.84624990,0.06758903,0.91365540
20.84874990,0.06729760,0.90579337
20.85124990,0.06762706,0.91468388
20.85374990,0.06555063,0.85937691
20.85624990,0.06227165,0.77555174
20.85874990,0.06391657,0.81706572
20.86124990,0.06384522,0.81524241
20.86374990,0.06301729,0.79423571
20.86624990,0.06359196,0.80878764
20.86874990,0.06398312,0.81876802
20.87124990,0.06397030,0.81843978
20.87374990,0.05524036,0.61029941
20.87624990,0.05100881,0.52037972
20.87874990,0.05265504,0.55451077
20.88124990,0.05279018,0.55736053
20.88374990,0.04381479,0.38394722
20.88624990,0.04254228,0.36196902
20.88874990,0.04528860,0.41021138
20.89124990,0.04954414,0.49092448
20.89374990,0.05088802,0.51791811
20.89624990,0.06023763,0.72571450
20.89874990,0.06167637,0.76079494
20.90124990,0.06120115,0.74911618
20.90374990,0.06110713,0.74681616
20.90624990,0.06375699,0.81299067
20.90874990,0.06220654,0.77393085
20.91124990,0.06220113,0.77379614
20.91374990,0.06221326,0.77409792
20.91624990,0.06440070,0.82949007
20.91874990,0.06459699,0.83455420
20.92124990,0.06905627,0.95375365
20.92374990,0.06779460,0.91922164
20.92624990,0.06979816,0.97435665
20.92874990,0.06782333,0.92000073
20.93124990,0.07113472,1.01202977
20.93374990,0.07191981,1.03449154
20.93624990,0.07201582,1.03725564
20.93874990,0.07247818,1.05061722
20.94124990,0.07009873,0.98276639
20.94374990,0.07336169,1.07638729
20.94624990,0.06529521,0.85269284
20.94874990,0.06456147,0.83363682
20.95124990,0.06879266,0.94648594
20.95374990,0.07470591,1.11619461
20.95624990,0.07614549,1.15962708
20.95874990,0.08103067,1.31319404
20.96124990,0.08238074,1.35731745
20.96374990,0.08517263,1.45087540
20.96624990,0.08414888,1.41620696
20.96874990,0.08580662,1.47255516
20.97124990,0.08631717,1.49013066
20.97374990,0.08655610,1.49839175
20.97624990,0.08516126,1.45048797
20.97874990,0.08545218,1.46041501
20.98124990,0.08234539,1.35615277
20.98374990,0.08333309,1.38888097
20.98624990,0.08325233,1.38619006
20.98874990,0.08086929,1.30796814
20.99124990,0.07930295,1.25779164
20.99374990,0.07546660,1.13904166
20.99624990,0.07373495,1.08736873
20.99874990,0.07355581,1.08209145
21.00124990,0.07209055,1.03940952
21.00374990,0.06591261,0.86889452
21.00624990,0.06172359,0.76196021
21.00874990,0.05703354,0.65056479
21.01124990,0.05927413,0.70268458
21.01374990,0.05845584,0.68341708
21.01624990,0.05678635,0.64493781
21.01874990,0.05494802,0.60385692
21.02124990,0.04852750,0.47098371
21.02374990,0.04801628,0.46111259
21.02624990,0.04911326,0.48242253
21.02874990,0.04932455,0.48658234
21.03124990,0.04923328,0.48478320
21.03374990,0.04878021,0.47590169
21.03624990,0.05878873,0.69122285
21.03874990,0.06044270,0.73066390
21.04124990,0.06505639,0.84646690
21.04374990,0.06942867,0.96406788
21.04624990,0.07188535,1.03350055
21.04874990,0.07418286,1.10061944
21.05124990,0.07587513,1.15140688
21.05374990,0.07535155,1.13557124
21.05624990,0.08405036,1.41289282
21.05874990,0.08257943,1.36387253
21.06124990,0.08709753,1.51719594
21.06374990,0.09288122,1.72538400
21.06624990,0.09363796,1.75361347
21.06874990,0.09284408,1.72400451
21.07124990,0.09692898,1.87904537
21.07374990,0.10054735,2.02195382
21.07624990,0.09983516,1.99341226
21.07874990,0.09936140,1.97453761
21.08124990,0.09980838,1.99234247
21.08374990,0.09951741,1.98074317
21.08624990,0.09470093,1.79365289
21.08874990,0.09372310,1.75680375
21.09124990,0.09384594,1.76141238
21.09374990,0.09062852,1.64270568
21.09624990,0.08905043,1.58599555
21.09874990,0.08781292,1.54222155
21.10124990,0.08447572,1.42722940
21.10374990,0.08549194,1.46177423
21.10624990,0.07691739,1.18325698
21.10874990,0.07931727,1.25824583
21.11124990,0.07104454,1.00946534
21.11374990,0.09243359,1.70879364
21.11624990,0.13405947,3.59438872
21.11874990,0.14252488,4.06266880
21.12124990,0.21383214,9.14483738
21.12374990,0.21214277,9.00090981
21.12624990,0.22463222,10.09192562
21.12874990,0.22464445,10.09302616
21.13124990,0.23052101,10.62798595
21.13374990,0.23771460,11.30164719
21.13624990,0.24345621,11.85418606
21.13874990,0.30174711,18.21026230
21.14124990,0.34558842,23.88627243
21.14374990,0.41187575,33.92832947
21.14624990,0.46509671,43.26298523
21.14874990,0.81929201,134.24787903
21.15124990,0.96060652,184.55297852
21.15374990,1.32023525,348.60418701
21.15624990,1.39273298,387.94100952
21.15874990,1.49898565,449.39160156
21.16124990,1.55704808,484.87979126
21.16374990,1.63683569,535.84619141
21.16624990,1.84471881,680.59753418
21.16874990,1.87524784,703.31091309
21.17124990,1.86948550,698.99523926
21.17374990,2.42881370,1179.82727051
21.17624990,2.59390187,1345.66540527
21.17874990,2.69497323,1452.57629395
21.18124990,2.71909285,1478.69311523
21.18374990,3.08570099,1904.31005859
21.18624990,3.25631356,2120.71557617
21.18874990,3.41782761,2336.30908203
21.19124990,3.46909070,2406.91796875
21.19374990,3.51108670,2465.54589844
21.19624990,3.55281091,2524.49316406
21.19874990,3.62086678,2622.13525391
21.20124990,3.77462387,2849.55712891
21.20374990,3.78293228,2862.11547852
21.20624990,3.76840138,2840.16967773
21.20874990,3.73809123,2794.66528320
21.21124990,3.72628808,2777.04467773
21.21374990,3.69127536,2725.10278320
21.21624990,3.59056997,2578.43847656
21.21874990,3.57712770,2559.16870117
21.22124990,3.57648849,2558.25390625
21.22374990,3.22422910,2079.13061523
21.22624990,3.09219456,1912.33349609
21.22874990,3.00460935,1805.53540039
21.23124990,2.98236990,1778.90612793
21.23374990,2.60086727,1352.90222168
21.23624990,2.38327146,1135.99658203
21.23874990,2.13787150,914.09881592
21.24124990,2.04662442,837.73431396
21.24374990,1.96105897,769.15045166
21.24624990,1.87197280,700.85638428
21.24874990,1.60031164,512.19946289
21.25124990,1.08314872,234.64224243
21.25374990,0.54010934,58.34362030
21.25624990,0.45464143,41.33976364
21.25874990,0.35631722,25.39239120
21.26124990,0.19399139,7.52653170
21.26374990,0.19523934,7.62367964
21.26624990,0.19581015,7.66832304
21.26874990,0.13786599,3.80140638
21.27124990,0.13767046,3.79063106
21.27374990,0.10227980,2.09223151
21.27624990,0.09919108,1.96777391
21.27874990,0.09631667,1.85538006
21.28124990,0.09880412,1.95245123
21.28374990,0.09038351,1.63383579
21.28624990,0.08817668,1.55502534
21.28874990,0.08967421,1.60829294
21.29124990,0.09140652,1.67103040
21.29374990,0.08921502,1.59186387
21.29624990,0.08955927,1.60417259
21.29874990,0.09434300,1.78012025
21.30124990,0.09048271,1.63742411
21.30374990,0.08052900,1.29698384
21.30624990,0.07006869,0.98192424
21.30874990,0.07281572,1.06042576
21.31124990,0.07434412,1.10540974
21.31374990,0.07107143,1.01022959
21.31624990,0.07115882,1.01271558
21.31874990,0.06961671,0.96929741
21.32124990,0.07080137,1.00256670
21.32374990,0.07155500,1.02402377
21.32624990,0.07130249,1.01680899
21.32874990,0.07147613,1.02176738
21.33124990,0.06668352,0.88933831
21.33374990,0.06835736,0.93454593
21.33624990,0.07150690,1.02264714
21.33874990,0.06765673,0.91548657
21.34124990,0.06354620,0.80762386
21.34374990,0.07124894,1.01528239
21.34624990,0.07214358,1.04093897
21.34874990,0.06702016,0.89834046
21.35124990,0.06806365,0.92653191
21.35374990,0.06873445,0.94488508
21.35624990,0.06754141,0.91236860
21.35874990,0.06198812,0.76850545
21.36124990,0.06130311,0.75161427
21.36374990,0.06174683,0.76253426
21.36624990,0.05982579,0.71582496
21.36874990,0.06238497,0.77837676
21.37124990,0.06111506,0.74701011
21.37374990,0.05998518,0.71964419
21.37624990,0.06397408,0.81853652
21.37874990,0.06408472,0.82137048
21.38124990,0.06473744,0.83818722
21.38374990,0.06584740,0.86717582
21.38624990,0.06398255,0.81875336
21.38874990,0.06453011,0.83282703
21.39124990,0.06658967,0.88683677
21.39374990,0.05823278,0.67821139
21.39624990,0.05812769,0.67576557
21.39874990,0.05802309,0.67333579
21.40124990,0.05725810,0.65569806
21.40374990,0.05653453,0.63923049
21.40624990,0.05494814,0.60385972
21.40874990,0.05898253,0.69578773
21.41124990,0.05785971,0.66954911
21.41374990,0.05745175,0.66014063
21.41624990,0.06516638,0.84933156
21.41874990,0.06414257,0.82285380
21.42124990,0.06484959,0.84109396
21.42374990,0.06585275,0.86731684
21.42624990,0.06290468,0.79139960
21.42874990,0.06259493,0.78362495
21.43124990,0.06391971,0.81714582
21.43374990,0.06095519,0.74310696
21.43624990,0.05960384,0.71052366
21.43874990,0.07250913,1.05151486
21.44124990,0.07206280,1.03860950
21.44374990,0.07503240,1.12597203
21.44624990,0.07582051,1.14974988
21.44874990,0.07885285,1.24355459
21.45124990,0.08150390,1.32857704
21.45374990,0.08437643,1.42387652
21.45624990,0.08509063,1.44808304
21.45874990,0.08547223,1.46110034
21.46124990,0.08811485,1.55284536
21.46374990,0.09156380,1.67678595
21.46624990,0.08621468,1.48659420
21.46874990,0.08528186,1.45459914
21.47124990,0.09107147,1.65880263
21.47374990,0.09131298,1.66761208
21.47624990,0.09107956,1.65909743
21.47874990,0.09204765,1.69455397
21.48124990,0.09365208,1.75414252
21.48374990,0.09387079,1.76234508
21.48624990,0.09588988,1.83897388
21.48874990,0.08607309,1.48171520
21.49124990,0.08543429,1.45980358
21.49374990,0.08265660,1.36642265
21.49624990,0.08154418,1.32989049
21.49874990,0.08024867,1.28796959
21.50124990,0.07945496,1.26261818
21.50374990,0.07677764,1.17896128
21.50624990,0.07672778,1.17743039
21.50874990,0.07397708,1.09452176
21.51124990,0.07187127,1.03309596
21.51374990,0.06890793,0.94966066
21.51624990,0.06894137,0.95058256
21.51874990,0.06861228,0.94152921
21.52124990,0.06342211,0.80447263
21.52374990,0.06180040,0.76385796
21.52624990,0.06151403,0.75679535
21.52874990,0.06785543,0.92087179
21.53124990,0.06568119,0.86280376
21.53374990,0.06524996,0.85151142
21.53624990,0.06315874,0.79780543
21.53874990,0.06583830,0.86693645
21.54124990,0.06536847,0.85460734
21.54374990,0.06696367,0.89682662
21.54624990,0.06664626,0.88834488
21.54874990,0.06345971,0.80542684
21.55124990,0.05962122,0.71093798
21.55374990,0.06203590,0.76969075
21.55624990,0.06347893,0.80591488
21.55874990,0.06512076,0.84814280
21.56124990,0.06615125,0.87519765
21.56374990,0.06570107,0.86332625
21.56624990,0.06615567,0.87531453
21.56874990,0.07381981,1.08987284
21.57124990,0.07129145,1.01649427
21.57374990,0.07294671,1.06424439
21.57624990,0.07267982,1.05647111
21.57874990,0.06555790,0.85956776
21.58124990,0.06382517,0.81473047
21.58374990,0.06611610,0.87426770
21.58624990,0.06587344,0.86786216
21.58874990,0.06492219,0.84297830
21.59124990,0.06539141,0.85520715
21.59374990,0.06391324,0.81698054
21.59624990,0.06415318,0.82312614
21.59874990,0.06569194,0.86308628
21.60124990,0.06782851,0.92014140
21.60374990,0.06541859,0.85591823
21.60624990,0.06517129,0.84945929
21.60874990,0.06263525,0.78463489
21.61124990,0.06097767,0.74365520
21.61374990,0.06568781,0.86297750
21.61624990,0.07189302,1.03372121
21.61874990,0.06468210,0.83675480
21.62124990,0.06453256,0.83289033
21.62374990,0.06629561,0.87902164
21.62624990,0.06647085,0.88367486
21.62874990,0.06819507,0.93011332
21.63124990,0.06771881,0.91716737
21.63374990,0.06581203,0.86624467
21.63624990,0.06483994,0.84084362
21.63874990,0.06309198,0.79611957
21.64124990,0.06676102,0.89140666
21.64374990,0.07120241,1.01395679
21.64624990,0.07308172,1.06818783
21.64874990,0.07326676,1.07360351
21.65124990,0.07607184,1.15738499
21.65374990,0.07588718,1.15177274
21.65624990,0.07698075,1.18520701
21.65874990,0.07671826,1.17713833
21.66124990,0.07614793,1.15970147
21.66374990,0.07078829,1.00219655
21.66624990,0.06419294,0.82414651
21.66874990,0.06714437,0.90167332
21.67124990,0.06731801,0.90634280
21.67374990,0.06802088,0.92536807
21.67624990,0.06821182,0.93057060
21.67874990,0.06863552,0.94216698
21.68124990,0.07198983,1.03650701
21.68374990,0.07547387,1.13926089
21.68624990,0.07584649,1.15053821
21.68874990,0.07618558,1.16084838
21.69124990,0.07272130,1.05767727
21.69374990,0.06863020,0.94202095
21.69624990,0.07024503,0.98687291
21.69874990,0.06844500,0.93694359
21.70124990,0.06475248,0.83857667
21.70374990,0.06466352,0.83627433
21.70624990,0.06097329,0.74354851
21.70874990,0.06541475,0.85581779
21.71124990,0.06613865,0.87486410
21.71374990,0.06636863,0.88095909
21.71624990,0.06643338,0.88267863
21.71874990,0.06347188,0.80573589
21.72124990,0.06322934,0.79958975
21.72374990,0.06047902,0.73154247
21.72624990,0.06486341,0.84145254
21.72874990,0.06245980,0.78024542
21.73124990,0.05879221,0.69130486
21.73374990,0.05683826,0.64611763
21.73624990,0.06185437,0.76519263
21.73874990,0.06152070,0.75695938
21.74124990,0.06280097,0.78879231
21.74374990,0.06299753,0.79373771
21.74624990,0.05830697,0.67994064
21.74874990,0.06043791,0.73054826
21.75124990,0.05830506,0.67989600
21.75374990,0.05957624,0.70986569
21.75624990,0.06054665,0.73317939
21.75874990,0.05559677,0.61820018
21.76124990,0.05907524,0.69797689
21.76374990,0.05880421,0.69158697
21.76624990,0.05902479,0.69678509
21.76874990,0.06048466,0.73167890
21.77124990,0.06110461,0.74675477
21.77374990,0.06077813,0.73879623
21.77624990,0.05589761,0.62490851
21.77874990,0.05593985,0.62585324
21.78124990,0.05579512,0.62261903
21.78374990,0.05277725,0.55708772
21.78624990,0.04752476,0.45172063
21.78874990,0.05059662,0.51200354
21.79124990,0.04880087,0.47630507
21.79374990,0.04837054,0.46794176
21.79624990,0.04871469,0.47462431
21.79874990,0.04632292,0.42916256
21.80124990,0.04642992,0.43114755
21.80374990,0.04560249,0.41591740
21.80624990,0.04807469,0.46223509
21.80874990,0.04845558,0.46958870
21.81124990,0.04297321,0.36933941
21.81374990,0.04314897,0.37236673
21.81624990,0.04315145,0.37240949
21.81874990,0.04195282,0.35200787
21.82124990,0.04295379,0.36900565
21.82374990,0.04303076,0.37032926
21.82624990,0.04274136,0.36536473
21.82874990,0.04270630,0.36476567
21.83124990,0.04376813,0.38312984
21.83374990,0.04406504,0.38834566
21.83624990,0.04268814,0.36445546
21.83874990,0.04016908,0.32271105
21.84124990,0.04028872,0.32463628
21.84374990,0.03984605,0.31754151
21.84624990,0.04046240,0.32744125
21.84874990,0.04015188,0.32243472
21.85124990,0.04002355,0.32037690
21.85374990,0.04145856,0.34376240
21.85624990,0.03807536,0.28994656
21.85874990,0.03774264,0.28490147
21.86124990,0.03894036,0.30327031
21.86374990,0.03952742,0.31248343
21.86624990,0.04045811,0.32737169
21.86874990,0.04078077,0.33261421
21.87124990,0.04146667,0.34389690
21.87374990,0.04106857,0.33732551
21.87624990,0.04111706,0.33812255
21.87874990,0.04095713,0.33549723
21.88124990,0.04029237,0.32469496
21.88374990,0.04082633,0.33335778
21.88624990,0.04076378,0.33233708
21.88874990,0.04360506,0.38028032
21.89124990,0.04352591,0.37890103
21.89374990,0.04365549,0.38116035
21.89624990,0.04230844,0.35800076
21.89874990,0.04256741,0.36239687
21.90124990,0.04666633,0.43554926
21.90374990,0.04428234,0.39218518
21.90624990,0.04341931,0.37704736
21.90874990,0.04341556,0.37698215
21.91124990,0.04639657,0.43052828
21.91374990,0.17144504,5.87868118
21.91624990,0.17695662,6.26272917
21.91874990,0.20454222,8.36750412
21.92124990,0.26170334,13.69772720
21.92374990,0.30761987,18.92599869
21.92624990,0.36277291,26.32083893
21.92874990,0.37221235,27.70840645
21.93124990,0.40156618,32.25107574
21.93374990,0.40778220,33.25726318
21.93624990,0.41303468,34.11952972
21.93874990,0.41271606,34.06690979
21.94124990,0.43606615,38.03073883
21.94374990,0.43778676,38.33144760
21.94624990,0.48020706,46.11976242
21.94874990,0.48352844,46.75994873
21.95124990,0.48665833,47.36726761
21.95374990,0.50766373,51.54449463
21.95624990,0.72064006,103.86442566
21.95874990,0.79723310,127.11612701
21.96124990,0.82034212,134.59225464
21.96374990,0.85100257,144.84107971
21.96624990,1.20515740,290.48089600
21.96874990,1.23885882,306.95422363
21.97124990,1.48132873,438.86694336
21.97374990,1.49393082,446.36581421
21.97624990,1.71642029,589.21972656
21.97874990,2.08934569,873.07299805
21.98124990,2.59280396,1344.52648926
21.98374990,2.80667281,1575.48242188
21.98624990,2.80820107,1577.19860840
21.98874990,2.89949846,1681.41833496
21.99124990,3.28166389,2153.86352539
21.99374990,3.29774261,2175.02124023
21.99624990,3.33143115,2219.68676758
21.99874990,3.33864617,2229.31152344
22.00124990,3.33976626,2230.80786133
22.00374990,3.34068346,2232.03320312
22.00624990,3.30206537,2180.72705078
22.00874990,3.30869675,2189.49487305
22.01124990,3.34048295,2231.76538086
22.01374990,3.33716178,2227.32958984
22.01624990,3.22708797,2082.81933594
22.01874990,3.22122669,2075.26025391
22.02124990,3.12189651,1949.24755859
22.02374990,3.11288571,1938.01159668
22.02624990,2.98983812,1787.82653809
22.02874990,2.74097824,1502.59252930
22.03124990,2.26727748,1028.10937500
22.03374990,1.99578428,796.63092041
22.03624990,1.99548995,796.39599609
22.03874990,1.86153769,693.06451416
22.04124990,1.04354775,217.79840088
22.04374990,0.99127042,196.52340698
22.04624990,0.84946877,144.31944275
22.04874990,0.81884897,134.10272217
22.05124990,0.81236160,131.98626709
22.05374990,0.79569000,126.62451935
22.05624990,0.79272318,125.68200684
22.05874990,0.68451935,93.71334839
22.06124990,0.46864685,43.92597580
22.06374990,0.40405673,32.65236664
22.06624990,0.39445126,31.11835670
22.06874990,0.31675434,20.06666183
22.07124990,0.20964970,8.79059887
22.07374990,0.19130655,7.31963873
22.07624990,0.19067529,7.27141285
22.07874990,0.19058935,7.26485968
22.08124990,0.16954708,5.74924278
22.08374990,0.16374359,5.36239243
22.08624990,0.12416151,3.08321619
22.08874990,0.10442256,2.18081427
22.09124990,0.07240741,1.04856670
22.09374990,0.06819310,0.93005991
22.09624990,0.06241122,0.77903199
22.09874990,0.06070979,0.73713553
22.10124990,0.06195896,0.76778263
22.10374990,0.06061650,0.73487210
22.10624990,0.05757196,0.66290617
22.10874990,0.05527779,0.61112678
22.11124990,0.05412797,0.58596736
22.11374990,0.05423649,0.58831942
22.11624990,0.05424118,0.58842105
22.11874990,0.05608709,0.62915236
22.12124990,0.05586214,0.62411588
22.12374990,0.05558372,0.61790997
22.12624990,0.05681796,0.64565611
22.12874990,0.05704067,0.65072769
22.13124990,0.05676653,0.64448780
22.13374990,0.05693250,0.64826185
22.13624990,0.05978822,0.71492612
22.13874990,0.05972282,0.71336299
22.14124990,0.05898359,0.69581270
22.14374990,0.06236047,0.77776557
22.14624990,0.06420965,0.82457566
22.14874990,0.06436824,0.82865417
22.15124990,0.06258778,0.78344613
22.15374990,0.06792267,0.92269772
22.15624990,0.07113177,1.01194596
22.15874990,0.07133023,1.01760018
22.16124990,0.07220977,1.04285026
22.16374990,0.07533835,1.13517332
22.16624990,0.07647574,1.16970778
22.16874990,0.07528226,1.13348377
22.17124990,0.07746958,1.20030713
22.17374990,0.07747199,1.20038199
22.17624990,0.07601062,1.15552294
22.17874990,0.07685509,1.18134105
22.18124990,0.07692124,1.18337536
22.18374990,0.07383280,1.09025645
22.18624990,0.06944343,0.96447819
22.18874990,0.06943772,0.96431935
22.19124990,0.07150725,1.02265728
22.19374990,0.06780984,0.91963500
22.19624990,0.06324990,0.80011004
22.19874990,0.06307960,0.79580730
22.20124990,0.06932840,0.96128559
22.20374990,0.06521579,0.85061979
22.20624990,0.06191235,0.76662791
22.20874990,0.06312539,0.79696304
22.21124990,0.06732192,0.90644813
22.21374990,0.06471147,0.83751494
22.21624990,0.06519049,0.84995979
22.21874990,0.06704414,0.89898336
22.22124990,0.06509278,0.84741390
22.22374990,0.06364910,0.81024158
22.22624990,0.06399847,0.81916070
22.22874990,0.06461911,0.83512592
22.23124990,0.06449956,0.83203858
22.23374990,0.06414382,0.82288587
22.23624990,0.06523359,0.85108423
22.23874990,0.06526338,0.85186183
22.24124990,0.06301405,0.79415417
22.24374990,0.06114872,0.74783325
22.24624990,0.06508162,0.84712332
22.24874990,0.06487461,0.84174311
22.25124990,0.05664839,0.64180797
22.25374990,0.05666780,0.64224803
22.25624990,0.05865520,0.68808645
22.25874990,0.05896490,0.69537187
22.26124990,0.05413486,0.58611667
22.26374990,0.05351308,0.57273000
22.26624990,0.05439910,0.59185243
22.26874990,0.05199739,0.54074574
22.27124990,0.05244416,0.55007797
22.27374990,0.05273226,0.55613828
22.27624990,0.05231879,0.54745126
22.27874990,0.05001569,0.50031388
22.28124990,0.05241592,0.54948580
22.28374990,0.05804650,0.67387933
22.28624990,0.05685404,0.64647645
22.28874990,0.05719182,0.65418094
22.29124990,0.06217633,0.77317923
22.29374990,0.06221512,0.77414405
22.29624990,0.05767205,0.66521311
22.29874990,0.06175639,0.76277030
22.30124990,0.06380872,0.81431055
22.30374990,0.06265558,0.78514409
22.30624990,0.06128365,0.75113720
22.30874990,0.07055584,0.99562532
22.31124990,0.07033238,0.98932868
22.31374990,0.07082599,1.00326395
22.31624990,0.07246829,1.05033052
22.31874990,0.07403018,1.09609354
22.32124990,0.07318480,1.07120287
22.32374990,0.07341988,1.07809567
22.32624990,0.07608023,1.15764046
22.32874990,0.07655405,1.17210448
22.33124990,0.07525497,1.13266206
22.33374990,0.07536732,1.13604653
22.33624990,0.07518943,1.13069010
22.33874990,0.07506467,1.12694097
22.34124990,0.07612245,1.15892529
22.34374990,0.07606281,1.15711045
22.34624990,0.07555253,1.14163697
22.34874990,0.07425635,1.10280120
22.35124990,0.07484695,1.12041330
22.35374990,0.07549467,1.13988912
22.35624990,0.07634486,1.16570759
22.35874990,0.07033598,0.98942995
22.36124990,0.06947590,0.96538031
22.36374990,0.06855328,0.93991047
22.36624990,0.06867039,0.94312459
22.36874990,0.06674135,0.89088172
22.37124990,0.06673689,0.89076251
22.37374990,0.06939555,0.96314847
22.37624990,0.06645673,0.88329935
22.37874990,0.06669480,0.88963938
22.38124990,0.07133732,1.01780260
22.38374990,0.06750280,0.91132581
22.38624990,0.06868873,0.94362825
22.38874990,0.06928100,0.95997125
22.39124990,0.06353294,0.80728704
22.39374990,0.06388959,0.81637573
22.39624990,0.06580747,0.86612463
22.39874990,0.06433534,0.82780713
22.40124990,0.06111412,0.74698734
22.40374990,0.06142861,0.75469482
22.40624990,0.06448223,0.83159155
22.40874990,0.06041633,0.73002666
22.41124990,0.06063069,0.73521608
22.41374990,0.06243958,0.77974021
22.41624990,0.05900750,0.69637710
22.41874990,0.05907188,0.69789732
22.42124990,0.06074609,0.73801750
22.42374990,0.05934960,0.70447499
22.42624990,0.05936060,0.70473623
22.42874990,0.06291845,0.79174644
22.43124990,0.06139264,0.75381106
22.43374990,0.06205829,0.77024633
22.43624990,0.06207521,0.77066624
22.43874990,0.06210258,0.77134609
22.44124990,0.06195918,0.76778805
22.44374990,0.06189444,0.76618427
22.44624990,0.06181260,0.76415950
22.44874990,0.06412136,0.82230973
22.45124990,0.07183263,1.03198516
22.45374990,0.07263172,1.05507326
22.45624990,0.06842908,0.93650782
22.45874990,0.07157003,1.02445388
22.46124990,0.07916176,1.25331664
22.46374990,0.07813730,1.22108757
22.46624990,0.07924084,1.25582206
22.46874990,0.07981201,1.27399147
22.47124990,0.07851911,1.23305023
22.47374990,0.07973459,1.27152109
22.47624990,0.08605012,1.48092484
22.47874990,0.08370135,1.40118337
22.48124990,0.08453304,1.42916727
22.48374990,0.08448710,1.42761421
22.48624990,0.08349128,1.39415884
22.48874990,0.08528397,1.45467114
22.49124990,0.09286014,1.72460103
22.49374990,0.09343853,1.74615157
22.49624990,0.09522209,1.81344962
22.49874990,0.09482647,1.79841185
22.50124990,0.09167896,1.68100655
22.50374990,0.09274049,1.72015977
22.50624990,0.09473315,1.79487395
22.50874990,0.09207557,1.69558215
22.51124990,0.08649892,1.49641252
22.51374990,0.08681966,1.50753069
22.51624990,0.08469183,1.43454123
22.51874990,0.08767659,1.53743696
22.52124990,0.08971844,1.60987961
22.52374990,0.08700117,1.51384091
22.52624990,0.08260270,1.36464119
22.52874990,0.08303629,1.37900519
22.53124990,0.07944274,1.26222968
22.53374990,0.08077929,1.30505896
22.53624990,0.08141880,1.32580411
22.53874990,0.07930844,1.25796556
22.54124990,0.07430860,1.10435355
22.54374990,0.07635639,1.16605949
22.54624990,0.07594994,1.15367866
22.54874990,0.07644545,1.16878128
22.55124990,0.07394417,1.09354806
22.55374990,0.07253490,1.05226254
22.55624990,0.07271215,1.05741119
22.55874990,0.07456882,1.11210179
22.56124990,0.07772239,1.20815396
22.56374990,0.08273821,1.36912227
22.56624990,0.08266970,1.36685562
22.56874990,0.08204360,1.34623051
22.57124990,0.08422902,1.41890550
22.57374990,0.08567970,1.46820188
22.57624990,0.08513772,1.44968629
22.57874990,0.08721808,1.52139878
22.58124990,0.08695440,1.51221347
22.58374990,0.08600153,1.47925258
22.58624990,0.08608366,1.48207927
22.58874990,0.08773072,1.53933597
22.59124990,0.08824123,1.55730271
22.59374990,0.08695697,1.51230311
22.59624990,0.08649021,1.49611139
22.59874990,0.08826330,1.55808210
22.60124990,0.08835365,1.56127334
22.60374990,0.08902074,1.58493829
22.60624990,0.09608863,1.84660530
22.60874990,0.09466740,1.79238343
22.61124990,0.09427706,1.77763283
22.61374990,0.09507004,1.80766237
22.61624990,0.09544023,1.82176757
22.61874990,0.09372918,1.75703192
22.62124990,0.09143363,1.67202163
22.62374990,0.09120824,1.66378880
22.62624990,0.09350213,1.74852979
22.62874990,0.09105153,1.65807652
22.63124990,0.09338666,1.74421370
22.63374990,0.10147615,2.05948162
22.63624990,0.10130433,2.05251336
22.63874990,0.10169172,2.06824088
22.64124990,0.10832763,2.34697533
22.64374990,0.10726708,2.30124521
22.64624990,0.10546324,2.22449875
22.64874990,0.10579566,2.23854446
22.65124990,0.10548200,2.22529078
22.65374990,0.10500256,2.20510745
22.65624990,0.09737341,1.89631641
22.65874990,0.09796807,1.91954851
22.66124990,0.10411161,2.16784549
22.66374990,0.09884534,1.95408010
22.66624990,0.09881850,1.95301902
22.66874990,0.10060293,2.02419019
22.67124990,0.09925158,1.97017503
22.67374990,0.09913449,1.96552932
22.67624990,0.09626354,1.85333359
22.67874990,0.09572085,1.83249617
22.68124990,0.09774604,1.91085756
22.68374990,0.08765766,1.53677297
22.68624990,0.08798551,1.54829001
22.68874990,0.08856557,1.56877208
22.69124990,0.07639017,1.16709161
22.69374990,0.07798612,1.21636701
22.69624990,0.07935020,1.25929093
22.69874990,0.07420909,1.10139799
22.70124990,0.07561725,1.14359379
22.70374990,0.07448070,1.10947502
22.70624990,0.07374761,1.08774185
22.70874990,0.08129630,1.32181764
22.71124990,0.06911008,0.95524067
22.71374990,0.07106061,1.00992215
22.71624990,0.07215787,1.04135168
22.71874990,0.06926121,0.95942307
22.72124990,0.07702512,1.18657374
22.72374990,0.07575191,1.14767039
22.72624990,0.07527849,1.13337028
22.72874990,0.07530183,1.13407290
22.73124990,0.07240395,1.04846656
22.73374990,0.07328562,1.07415640
22.73624990,0.07967279,1.26955080
22.73874990,0.07968219,1.26985049
22.74124990,0.08024540,1.28786469
22.74374990,0.09101897,1.65689051
22.74624990,0.17714457,6.27603960
22.74874990,0.21120274,8.92131901
22.75124990,0.25592706,13.09973335
22.75374990,0.26050228,13.57228661
22.75624990,0.28271928,15.98604107
22.75874990,0.29200226,17.05306435
22.76124990,0.33199853,22.04460335
22.76374990,0.34581172,23.91715050
22.76624990,0.40887892,33.43639374
22.76874990,0.61382550,75.35635376
22.77124990,0.73934442,109.32602692
22.77374990,0.76868469,118.17523193
22.77624990,1.07969880,233.14990234
22.77874990,1.07969081,233.14642334
22.78124990,1.11762977,249.81925964
22.78374990,1.39431119,388.82073975
22.78624990,1.64598012,541.85009766
22.78874990,1.95452476,764.03344727
22.79124990,1.99131322,793.06567383
22.79374990,2.03583193,828.92236328
22.79624990,2.42062306,1171.88330078
22.79874990,2.87381577,1651.76330566
22.80124990,3.00108552,1801.30261230
22.80374990,3.04185152,1850.57226562
22.80624990,3.06222224,1875.44091797
22.80874990,3.07096004,1886.15905762
22.81124990,3.07354236,1889.33251953
22.81374990,3.09009409,1909.73620605
22.81624990,3.09259987,1912.83471680
22.81874990,3.09462690,1915.34313965
22.82124990,3.06698823,1881.28344727
22.82374990,3.06161237,1874.69409180
22.82624990,2.98082924,1777.06860352
22.82874990,2.99873471,1798.48193359
22.83124990,2.98546720,1782.60278320
22.83374990,2.89624000,1677.64135742
22.83624990,2.92508984,1711.22998047
22.83874990,2.94148350,1730.46496582
22.84124990,3.13029981,1959.75524902
22.84374990,3.28358865,2156.39086914
22.84624990,3.00826120,1809.92687988
22.84874990,2.92723584,1713.74206543
22.85124990,3.13613462,1967.06811523
22.85374990,3.37812424,2282.34472656
22.85624990,3.39441085,2304.40502930
22.85874990,3.38632512,2293.43945312
22.86124990,3.41104078,2327.03955078
22.86374990,3.44406366,2372.31494141
22.86624990,3.47861314,2420.14990234
22.86874990,3.47906709,2420.78149414
22.87124990,3.49270582,2439.79882812
22.87374990,3.49492669,2442.90234375
22.87624990,3.48344398,2426.87646484
22.87874990,3.46820760,2405.69262695
22.88124990,3.46860385,2406.24243164
22.88374990,3.44524956,2373.94873047
22.88624990,3.30786490,2188.39404297
22.88874990,3.12013197,1947.04455566
22.89124990,2.90605617,1689.03259277
22.89374990,2.69887209,1456.78210449
22.89624990,2.69915986,1457.09289551
22.89874990,2.31503057,1071.87341309
22.90124990,1.82381594,665.26092529
22.90374990,1.22559309,300.41564941
22.90624990,1.12040591,251.06187439
22.90874990,1.11808848,250.02438354
22.91124990,1.02061260,208.33001709
22.91374990,0.83898187,140.77812195
22.91624990,0.63362736,80.29671478
22.91874990,0.41958302,35.20998001
22.92124990,0.28335983,16.05855751
22.92374990,0.23199914,10.76472092
22.92624990,0.21829118,9.53020859
22.92874990,0.21662106,9.38493633
22.93124990,0.20051752,8.04145527
22.93374990,0.17708047,6.27149868
22.93624990,0.15789004,4.98585272
22.93874990,0.15521252,4.81818485
22.94124990,0.15038167,4.52292967
22.94374990,0.13913099,3.87148666
22.94624990,0.11037610,2.43657637
22.94874990,0.08116076,1.31741393
22.95124990,0.06461635,0.83505458
22.95374990,0.05673989,0.64388299
22.95624990,0.05717154,0.65371704
22.95874990,0.05668782,0.64270169
22.96124990,0.05419252,0.58736587
22.96374990,0.05157435,0.53198272
22.96624990,0.05147552,0.52994585
22.96874990,0.05142308,0.52886659
22.97124990,0.05121448,0.52458453
22.97374990,0.04781779,0.45730811
22.97624990,0.04439457,0.39417553
22.97874990,0.04124395,0.34021273
22.98124990,0.03598749,0.25901985
22.98374990,0.03585266,0.25708261
22.98624990,0.03751365,0.28145474
22.98874990,0.04092599,0.33498737
22.99124990,0.03825693,0.29271850
22.99374990,0.03881269,0.30128500
22.99624990,0.03579718,0.25628757
22.99874990,0.03668462,0.26915237
23.00124990,0.03674166,0.26998991
23.00374990,0.04013127,0.32210377
23.00624990,0.03940697,0.31058189
23.00874990,0.03770913,0.28439569
23.01124990,0.03669891,0.26936197
23.01374990,0.04060976,0.32983050
23.01624990,0.04008825,0.32141361
23.01874990,0.04152944,0.34493878
23.02124990,0.04133876,0.34177864
23.02374990,0.04201819,0.35310572
23.02624990,0.04057549,0.32927397
23.02874990,0.04190815,0.35125867
23.03124990,0.04300877,0.36995089
23.03374990,0.04383631,0.38432446
23.03624990,0.04235604,0.35880673
23.03874990,0.03848460,0.29621291
23.04124990,0.04030979,0.32497579
23.04374990,0.03959338,0.31352705
23.04624990,0.04059292,0.32955706
23.04874990,0.04126842,0.34061646
23.05124990,0.04142902,0.34327272
23.05374990,0.03803832,0.28938273
23.05624990,0.03916724,0.30681455
23.05874990,0.03935065,0.30969477
23.06124990,0.03989388,0.31830433
23.06374990,0.03592004,0.25804982
23.06624990,0.03580999,0.25647113
23.06874990,0.03507555,0.24605884
23.07124990,0.03500856,0.24511991
23.07374990,0.03598588,0.25899678
23.07624990,0.03594670,0.25843301
23.07874990,0.03230232,0.20868792
23.08124990,0.03082048,0.18998040
23.08374990,0.02990008,0.17880300
23.08624990,0.03173792,0.20145920
23.08874990,0.03181462,0.20243406
23.09124990,0.03013668,0.18164384
23.09374990,0.02995883,0.17950632
23.09624990,0.02868302,0.16454309
23.09874990,0.02822295,0.15930694
23.10124990,0.02815226,0.15850997
23.10374990,0.02836918,0.16096210
23.10624990,0.02708965,0.14676978
23.10874990,0.02660098,0.14152238
23.11124990,0.02722502,0.14824034
23.11374990,0.02781427,0.15472667
23.11624990,0.02850079,0.16245903
23.11874990,0.02729757,0.14903145
23.12124990,0.02728680,0.14891389
23.12374990,0.02482611,0.12326717
23.12624990,0.02595331,0.13471481
23.12874990,0.02583914,0.13353226
23.13124990,0.02817984,0.15882073
23.13374990,0.02796550,0.15641382
23.13624990,0.02589106,0.13406943
23.13874990,0.02580485,0.13317809
23.14124990,0.02545535,0.12959501
23.14374990,0.02525351,0.12754796
23.14624990,0.02523408,0.12735176
23.14874990,0.02288635,0.10475700
23.15124990,0.02276318,0.10363247
23.15374990,0.02218686,0.09845139
23.15624990,0.02286395,0.10455207
23.15874990,0.02283741,0.10430948
23.16124990,0.02131007,0.09082383
23.16374990,0.02066903,0.08544173
23.16624990,0.02149003,0.09236424
23.16874990,0.02455044,0.12054481
23.17124990,0.02567679,0.13185954
23.17374990,0.02636050,0.13897517
23.17624990,0.02564141,0.13149633
23.17874990,0.02606978,0.13592669
23.18124990,0.02514226,0.12642661
23.18374990,0.02511045,0.12610695
23.18624990,0.02720008,0.14796883
23.18874990,0.02727312,0.14876465
23.19124990,0.02848347,0.16226156
23.19374990,0.02966650,0.17602023
23.19624990,0.02987350,0.17848520
23.19874990,0.03101306,0.19236194
23.20124990,0.03101068,0.19233249
23.20374990,0.03160760,0.19980805
23.20624990,0.03173445,0.20141500
23.20874990,0.03597155,0.25879049
23.21124990,0.03643629,0.26552063
23.21374990,0.03725582,0.27759928
23.21624990,0.03602543,0.25956628
23.21874990,0.03627051,0.26311007
23.22124990,0.03825174,0.29263914
23.22374990,0.03838515,0.29468387
23.22624990,0.04168642,0.34755147
23.22874990,0.04353952,0.37913796
23.23124990,0.04262422,0.36336479
23.23374990,0.04328465,0.37471211
23.23624990,0.04310223,0.37156048
23.23874990,0.04312737,0.37199396
23.24124990,0.04374611,0.38274434
23.24374990,0.04285682,0.36734146
23.24624990,0.04407029,0.38843808
23.24874990,0.04386954,0.38490725
23.25124990,0.04429784,0.39245978
23.25374990,0.04447808,0.39565995
23.25624990,0.04533518,0.41105574
23.25874990,0.04254228,0.36196902
23.26124990,0.04254906,0.36208445
23.26374990,0.04398637,0.38696021
23.26624990,0.04401014,0.38737857
23.26874990,0.04518247,0.40829107
23.27124990,0.04349858,0.37842536
23.27374990,0.04304439,0.37056386
23.27624990,0.03996170,0.31938756
23.27874990,0.03852012,0.29675987
23.28124990,0.03855477,0.29729408
23.28374990,0.04191696,0.35140628
23.28624990,0.04158474,0.34585810
23.28874990,0.04523159,0.40917933
23.29124990,0.04350086,0.37846488
23.29374990,0.04372120,0.38230860
23.29624990,0.04801173,0.46102518
23.29874990,0.05095552,0.51929301
23.30124990,0.05431125,0.58994228
23.30374990,0.05380887,0.57907897
23.30624990,0.05338437,0.56997818
23.30874990,0.05387721,0.58055067
23.31124990,0.05630449,0.63403904
23.31374990,0.05457735,0.59573734
23.31624990,0.05702855,0.65045124
23.31874990,0.05509362,0.60706145
23.32124990,0.05645416,0.63741446
23.32374990,0.05630555,0.63406301
23.32624990,0.05980117,0.71523607
23.32874990,0.05964775,0.71157092
23.33124990,0.06068944,0.73664159
23.33374990,0.05979755,0.71514952
23.33624990,0.06137536,0.75338691
23.33874990,0.05911642,0.69895017
23.34124990,0.05937384,0.70505053
23.34374990,0.06016204,0.72389418
23.34624990,0.05944907,0.70683831
23.34874990,0.05649662,0.63837355
23.35124990,0.05486507,0.60203528
23.35374990,0.05638259,0.63579929
23.35624990,0.05639628,0.63610816
23.35874990,0.05634667,0.63498944
23.36124990,0.05346448,0.57169026
23.36374990,0.05558705,0.61798394
23.36624990,0.05536959,0.61315840
23.36874990,0.05725331,0.65558821
23.37124990,0.05613885,0.63031423
23.37374990,0.05768583,0.66553110
23.37624990,0.05449246,0.59388560
23.37874990,0.05768724,0.66556358
23.38124990,0.05714184,0.65303808
23.38374990,0.05584492,0.62373096
23.38624990,0.05351551,0.57278180
23.38874990,0.05404986,0.58427757
23.39124990,0.05547745,0.61554950
23.39374990,0.05666935,0.64228296
23.39624990,0.05491427,0.60311538
23.39874990,0.05496321,0.60419089
23.40124990,0.05525282,0.61057496
23.40374990,0.05549971,0.61604363
23.40624990,0.05811226,0.67540705
23.40874990,0.05736106,0.65805817
23.41124990,0.05819027,0.67722154
23.41374990,0.05674104,0.64390904
23.41624990,0.05462357,0.59674686
23.41874990,0.05387630,0.58053112
23.42124990,0.05403790,0.58401889
23.42374990,0.05428275,0.58932328
23.42624990,0.05353999,0.57330602
23.42874990,0.05183324,0.53733695
23.43124990,0.05526736,0.61089617
23.43374990,0.05475717,0.59966952
23.43624990,0.05492685,0.60339189
23.43874990,0.05613730,0.63027930
23.44124990,0.05694206,0.64847958
23.44374990,0.05550713,0.61620837
23.44624990,0.05388885,0.58080149
23.44874990,0.05671065,0.64321941
23.45124990,0.05467501,0.59787130
23.45374990,0.05410182,0.58540130
23.45624990,0.05122517,0.52480352
23.45874990,0.05200528,0.54090983
23.46124990,0.05437435,0.59131396
23.46374990,0.05564380,0.61924660
23.46624990,0.06037636,0.72906107
23.46874990,0.05939481,0.70554858
23.47124990,0.05954021,0.70900738
23.47374990,0.06035587,0.72856617
23.47624990,0.06249009,0.78100228
23.47874990,0.06106815,0.74586385
23.48124990,0.05752395,0.66180110
23.48374990,0.05923909,0.70185387
23.48624990,0.05959347,0.71027631
23.48874990,0.05796669,0.67202753
23.49124990,0.05644073,0.63711113
23.49374990,0.05633517,0.63473040
23.49624990,0.05805495,0.67407537
23.49874990,0.05655319,0.63965267
23.50124990,0.05687912,0.64704680
23.50374990,0.05607385,0.62885529
23.50624990,0.05605955,0.62853467
23.50874990,0.05532410,0.61215109
23.51124990,0.05325790,0.56728077
23.51374990,0.05501488,0.60532743
23.51624990,0.05002693,0.50053889
23.51874990,0.04983221,0.49664989
23.52124990,0.05326196,0.56736720
23.52374990,0.05225071,0.54602730
23.52624990,0.04983792,0.49676374
23.52874990,0.05102391,0.52068782
23.53124990,0.05248078,0.55084640
23.53374990,0.05052951,0.51064616
23.53624990,0.05241149,0.54939288
23.53874990,0.05322662,0.56661451
23.54124990,0.05360026,0.57459760
23.54374990,0.05801094,0.67305374
23.54624990,0.05763801,0.66442794
23.54874990,0.06328484,0.80099404
23.55124990,0.06380998,0.81434274
23.55374990,0.06428785,0.82658541
23.55624990,0.06832533,0.93367004
23.55874990,0.06902856,0.95298839
23.56124990,0.06914311,0.95615387
23.56374990,0.06733290,0.90674388
23.56624990,0.06707457,0.89979976
23.56874990,0.06825615,0.93178064
23.57124990,0.06570045,0.86330980
23.57374990,0.06440862,0.82969397
23.57624990,0.06556451,0.85974103
23.57874990,0.06805629,0.92633164
23.58124990,0.06845516,0.93722188
23.58374990,0.07205751,1.03845704
23.58624990,0.07496721,1.12401628
23.58874990,0.07454449,1.11137617
23.59124990,0.07592085,1.15279496
23.59374990,0.07421092,1.10145211
23.59624990,0.07317732,1.07098401
23.59874990,0.06812209,0.92812389
23.60124990,0.06760126,0.91398603
23.60374990,0.06867562,0.94326818
23.60624990,0.06974800,0.97295654
23.60874990,0.07071453,1.00010908
23.61124990,0.07108041,1.01048493
23.61374990,0.07034581,0.98970664
23.61624990,0.07161073,1.02561951
23.61874990,0.07051143,0.99437243
23.62124990,0.07129631,1.01663280
23.62374990,0.07416035,1.09995151
23.62624990,0.07302276,1.06646466
23.62874990,0.07165827,1.02698135
23.63124990,0.07522520,1.13176608
23.63374990,0.07229057,1.04518521
23.63624990,0.07035117,0.98985738
23.63874990,0.07420559,1.10129404
23.64124990,0.07232077,1.04605865
23.64374990,0.07163212,1.02623212
23.64624990,0.07477797,1.11834896
23.64874990,0.07417732,1.10045505
23.65124990,0.07692102,1.18336844
23.65374990,0.08071730,1.30305660
23.65624990,0.07613563,1.15932679
23.65874990,0.07699550,1.18566132
23.66124990,0.08093376,1.31005466
23.66374990,0.08434036,1.42265928
23.66624990,0.08452263,1.42881525
23.66874990,0.08510118,1.44844222
23.67124990,0.08556575,1.46429944
23.67374990,0.08314903,1.38275218
23.67624990,0.08341687,1.39167488
23.67874990,0.08359247,1.39754033
23.68124990,0.16507314,5.44982862
23.68374990,0.25653672,13.16221714
23.68624990,0.25597849,13.10499763
23.68874990,0.28829280,16.62254524
23.69124990,0.29280183,17.14658165
23.69374990,0.31627029,20.00537872
23.69624990,0.48954046,47.92997360
23.69874990,0.55774784,62.21652985
23.70124990,0.61813843,76.41902924
23.70374990,0.87320518,152.49746704
23.70624990,0.90174741,162.62968445
23.70874990,1.26100087,318.02462769
23.71124990,1.26584589,320.47314453
23.71374990,1.33308923,355.42541504
23.71624990,1.35642695,367.97882080
23.71874990,1.38563681,383.99786377
23.72124990,1.39910102,391.49673462
23.72374990,1.41553199,400.74615479
23.72624990,1.50029087,450.17453003
23.72874990,1.50616360,453.70578003
23.73124990,1.57275987,494.71472168
23.73374990,1.77735591,631.79882812
23.73624990,2.08994985,873.57818604
23.73874990,2.54052019,1290.84851074
23.74124990,2.78115010,1546.95910645
23.74374990,2.93909287,1727.65356445
23.74624990,2.94273257,1731.93493652
23.74874990,2.94035339,1729.13562012
23.75124990,3.17651558,2018.05029297
23.75374990,3.20853281,2058.93676758
23.75624990,3.22610974,2081.55688477
23.75874990,3.11385512,1939.21875000
23.76124990,3.21315336,2064.87109375
23.76374990,3.18938637,2034.43713379
23.76624990,3.18069005,2023.35791016
23.76874990,3.19205213,2037.83935547
23.77124990,3.18830204,2033.05407715
23.77374990,3.18953037,2034.62060547
23.77624990,3.17911839,2021.35888672
23.77874990,3.26300740,2129.44360352
23.78124990,3.31605220,2199.24047852
23.78374990,3.26999474,2138.57324219
23.78624990,3.13147378,1961.22546387
23.78874990,2.78467584,1550.88391113
23.79124990,2.54661226,1297.04687500
23.79374990,2.42025280,1171.52478027
23.79624990,2.52022290,1270.30468750
23.79874990,2.61438727,1367.00427246
23.80124990,2.37414575,1127.31372070
23.80374990,2.26461387,1025.69531250
23.80624990,2.22903109,993.71588135
23.80874990,2.21536851,981.57159424
23.81124990,2.07642698,862.30969238
23.81374990,2.08347440,868.17315674
23.81624990,2.09080410,874.29235840
23.81874990,2.06050634,849.13732910
23.82124990,2.05976439,848.52587891
23.82374990,2.04711151,838.13299561
23.82624990,2.00244951,801.96081543
23.82874990,1.85797489,690.41412354
23.83124990,1.69655132,575.65728760
23.83374990,1.56802320,491.73931885
23.83624990,1.46194625,427.45730591
23.83874990,1.44378006,416.90017700
23.84124990,1.43890119,414.08734131
23.84374990,1.33424139,356.04003906
23.84624990,1.06073487,225.03172302
23.84874990,0.76465863,116.94055176
23.85124990,0.51735204,53.53063202
23.85374990,0.43651363,38.10882950
23.85624990,0.43227074,37.37160110
23.85874990,0.42670190,36.41490173
23.86124990,0.37022012,27.41258621
23.86374990,0.29081085,16.91419029
23.86624990,0.21557511,9.29452705
23.86874990,0.14083739,3.96703434
23.87124990,0.09498207,1.80431867
23.87374990,0.08288856,1.37410271
23.87624990,0.08303698,1.37902796
23.87874990,0.08027503,1.28881598
23.88124990,0.07290805,1.06311691
23.88374990,0.06464776,0.83586681
23.88624990,0.05753778,0.66211915
23.88874990,0.05848096,0.68400449
23.89124990,0.06161319,0.75923711
23.89374990,0.06176583,0.76300353
23.89624990,0.05916822,0.70017564
23.89874990,0.05480255,0.60066384
23.90124990,0.05083115,0.51676118
23.90374990,0.04749061,0.45107162
23.90624990,0.04713605,0.44436133
23.90874990,0.04856277,0.47166851
23.91124990,0.04855898,0.47159487
23.91374990,0.04833596,0.46727294
23.91624990,0.04779102,0.45679626
23.91874990,0.04823847,0.46539006
23.92124990,0.04827002,0.46599907
23.92374990,0.04897854,0.47977951
23.92624990,0.04858474,0.47209537
23.92874990,0.04716296,0.44486907
23.93124990,0.04621430,0.42715228
23.93374990,0.04900167,0.48023269
23.93624990,0.05095702,0.51932371
23.93874990,0.05000548,0.50010961
23.94124990,0.04761879,0.45350987
23.94374990,0.04618993,0.42670184
23.94624990,0.04529132,0.41026083
23.94874990,0.04751414,0.45151874
23.95124990,0.04779736,0.45691743
23.95374990,0.04858244,0.47205067
23.95624990,0.04728375,0.44715050
23.95874990,0.04437714,0.39386618
23.96124990,0.04451229,0.39626881
23.96374990,0.04625294,0.42786688
23.96624990,0.04810443,0.46280727
23.96874990,0.04767356,0.45455372
23.97124990,0.04825297,0.46566987
23.97374990,0.04793114,0.45947891
23.97624990,0.04818290,0.46431839
23.97874990,0.04741783,0.44969019
23.98124990,0.04926082,0.48532569
23.98374990,0.04762575,0.45364249
23.98624990,0.04583232,0.42012030
23.98874990,0.04566295,0.41702098
23.99124990,0.04406318,0.38831282
23.99374990,0.04440177,0.39430338
23.99624990,0.04482412,0.40184039
23.99874990,0.04246410,0.36064002
24.00124990,0.04210297,0.35453212
24.00374990,0.03979061,0.31665850
24.00624990,0.04046432,0.32747227
24.00874990,0.04033881,0.32544401
24.01124990,0.04023634,0.32379267
24.01374990,0.03870659,0.29964003
24.01624990,0.03726394,0.27772030
24.01874990,0.03684291,0.27148002
24.02124990,0.03806901,0.28984991
24.02374990,0.03940116,0.31049022
24.02624990,0.03913352,0.30628639
24.02874990,0.03883238,0.30159068
24.03124990,0.03747202,0.28083050
24.03374990,0.03820315,0.29189619
24.03624990,0.03925052,0.30812058
24.03874990,0.03966674,0.31469011
24.04124990,0.03980125,0.31682789
24.04374990,0.03922645,0.30774292
24.04624990,0.03927424,0.30849314
24.04874990,0.03981028,0.31697169
24.05124990,0.03946098,0.31143382
24.05374990,0.03905975,0.30513287
24.05624990,0.03762353,0.28310600
24.05874990,0.03757894,0.28243536
24.06124990,0.03926275,0.30831274
24.06374990,0.03949821,0.31202164
24.06624990,0.03835878,0.29427916
24.06874990,0.03568863,0.25473568
24.07124990,0.03359276,0.22569464
24.07374990,0.03418239,0.23368710
24.07624990,0.03540785,0.25074315
24.07874990,0.03577899,0.25602725
24.08124990,0.03427784,0.23499402
24.08374990,0.03241710,0.21017373
24.08624990,0.03174760,0.20158201
24.08874990,0.03264003,0.21307436
24.09124990,0.03275809,0.21461847
24.09374990,0.03292289,0.21678329
24.09624990,0.03319837,0.22042632
24.09874990,0.03475337,0.24155937
24.10124990,0.03646884,0.26599523
24.10374990,0.03653741,0.26699650
24.10624990,0.03655241,0.26721570
24.10874990,0.03833285,0.29388148
24.11124990,0.03743900,0.28033578
24.11374990,0.04015948,0.32255676
24.11624990,0.04044859,0.32721773
24.11874990,0.04066420,0.33071536
24.12124990,0.04051066,0.32822266
24.12374990,0.04121891,0.33979967
24.12624990,0.04225050,0.35702085
24.12874990,0.04435311,0.39343959
24.13124990,0.04446264,0.39538535
24.13374990,0.04397529,0.38676530
24.13624990,0.04488324,0.40290102
24.13874990,0.04684011,0.43879911
24.14124990,0.04944504,0.48896229
24.14374990,0.04941788,0.48842531
24.14624990,0.04906822,0.48153794
24.14874990,0.05034418,0.50690734
24.15124990,0.05216166,0.54416770
24.15374990,0.05409937,0.58534843
24.15624990,0.05405262,0.58433717
24.15874990,0.05382835,0.57949823
24.16124990,0.05811065,0.67536944
24.16374990,0.06158374,0.75851148
24.16624990,0.06298012,0.79329932
24.16874990,0.06280226,0.78882486
24.17124990,0.06365793,0.81046647
24.17374990,0.06580950,0.86617780
24.17624990,0.06876251,0.94565666
24.17874990,0.06757914,0.91338813
24.18124990,0.06751555,0.91166985
24.18374990,0.06931276,0.96085161
24.18624990,0.07302575,1.06655192
24.18874990,0.07135803,1.01839352
24.19124990,0.06944247,0.96445149
24.19374990,0.07011952,0.98334956
24.19624990,0.07481199,1.11936665
24.19874990,0.07572861,1.14696455
24.20124990,0.07303952,1.06695437
24.20374990,0.07153407,1.02342474
24.20624990,0.07455174,1.11159229
24.20874990,0.07680511,1.17980480
24.21124990,0.07325848,1.07336104
24.21374990,0.06868830,0.94361663
24.21624990,0.06822881,0.93103409
24.21874990,0.07120661,1.01407635
24.22124990,0.07047293,0.99328667
24.22374990,0.06685905,0.89402664
24.22624990,0.06250791,0.78144777
24.22874990,0.06516662,0.84933770
24.23124990,0.06515296,0.84898150
24.23374990,0.06319290,0.79866874
24.23624990,0.05757644,0.66300929
24.23874990,0.05878966,0.69124472
24.24124990,0.05882802,0.69214714
24.24374990,0.05861186,0.68706995
24.24624990,0.05243959,0.54998207
24.24874990,0.05435864,0.59097224
24.25124990,0.05446986,0.59339321
24.25374990,0.05475774,0.59968215
24.25624990,0.05073163,0.51473975
24.25874990,0.05227907,0.54662025
24.26124990,0.05262646,0.55390888
24.26374990,0.05262216,0.55381840
24.26624990,0.05122939,0.52489007
24.26874990,0.05255681,0.55244362
24.27124990,0.05261585,0.55368549
24.27374990,0.05275878,0.55669779
24.27624990,0.05296546,0.56106806
24.27874990,0.05559973,0.61826593
24.28124990,0.05617826,0.63119942
24.28374990,0.05623419,0.63245678
24.28624990,0.05630512,0.63405329
24.28874990,0.05944176,0.70666456
24.29124990,0.05940728,0.70584506
24.29374990,0.05876646,0.69069934
24.29624990,0.05907701,0.69801867
24.29874990,0.05767903,0.66537404
24.30124990,0.05748956,0.66100991
24.30374990,0.05722755,0.65499854
24.30624990,0.05907328,0.69793057
24.30874990,0.05636607,0.63542688
24.31124990,0.05593379,0.62571770
24.31374990,0.05575828,0.62179726
24.31624990,0.05767088,0.66518611
24.31874990,0.05304018,0.56265211
24.32124990,0.05432926,0.59033358
24.32374990,0.05571718,0.62088078
24.32624990,0.05956075,0.70949662
24.32874990,0.05360446,0.57468772
24.33124990,0.05416549,0.58677995
24.33374990,0.05726381,0.65582883
24.33624990,0.06093848,0.74269980
24.33874990,0.05571893,0.62091982
24.34124990,0.05611144,0.62969875
24.34374990,0.05901117,0.69646364
24.34624990,0.05898095,0.69575047
24.34874990,0.05493075,0.60347742
24.35124990,0.05580199,0.62277246
24.35374990,0.05779229,0.66798991
24.35624990,0.05572120,0.62097049
24.35874990,0.05302951,0.56242579
24.36124990,0.05557487,0.61771315
24.36374990,0.05577600,0.62219256
24.36624990,0.05377536,0.57835770
24.36874990,0.05437120,0.59124559
24.37124990,0.05493480,0.60356647
24.37374990,0.05318041,0.56563127
24.37624990,0.04858433,0.47208744
24.37874990,0.05213176,0.54354423
24.38124990,0.05103945,0.52100503
24.38374990,0.04753528,0.45192060
24.38624990,0.04572181,0.41809684
24.38874990,0.04934309,0.48694807
24.39124990,0.04921485,0.48442033
24.39374990,0.04586140,0.42065355
24.39624990,0.04931261,0.48634672
24.39874990,0.04937554,0.48758882
24.40124990,0.04837413,0.46801135
24.40374990,0.04789437,0.45877412
24.40624990,0.04946227,0.48930314
24.40874990,0.04980258,0.49605936
24.41124990,0.04838658,0.46825230
24.41374990,0.05046023,0.50924689
24.41624990,0.05105839,0.52139181
24.41874990,0.05103791,0.52097368
24.42124990,0.05513964,0.60807592
24.42374990,0.05538411,0.61347997
24.42624990,0.05617451,0.63111508
24.42874990,0.05877493,0.69089836
24.43124990,0.06133937,0.75250375
24.43374990,0.06128005,0.75104898
24.43624990,0.06063597,0.73534417
24.43874990,0.06242947,0.77948779
24.44124990,0.06241308,0.77907854
24.44374990,0.06237720,0.77818304
24.44624990,0.06504979,0.84629506
24.44874990,0.06515197,0.84895581
24.45124990,0.06522316,0.85081208
24.45374990,0.06596777,0.87034929
24.45624990,0.06562729,0.86138821
24.45874990,0.06568084,0.86279446
24.46124990,0.06796537,0.92385817
24.46374990,0.06942303,0.96391141
24.46624990,0.06899945,0.95218480
24.46874990,0.06902699,0.95294511
24.47124990,0.06783967,0.92044425
24.47374990,0.06772339,0.91729158
24.47624990,0.06705861,0.89937145
24.47874990,0.06443428,0.83035517
24.48124990,0.06206935,0.77052081
24.48374990,0.06237051,0.77801597
24.48624990,0.06609236,0.87363988
24.48874990,0.06202393,0.76939356
24.49124990,0.06200656,0.76896274
24.49374990,0.06572172,0.86386883
24.49624990,0.06108190,0.74619961
24.49874990,0.06106319,0.74574262
24.50124990,0.06278055,0.78827965
24.50374990,0.06167692,0.76080859
24.50624990,0.06169262,0.76119596
24.50874990,0.06659742,0.88704336
24.51124990,0.06605777,0.87272584
24.51374990,0.06266166,0.78529662
24.51624990,0.06596854,0.87036961
24.51874990,0.06973077,0.97247612
24.52124990,0.06644686,0.88303709
24.52374990,0.06820695,0.93043774
24.52624990,0.07117770,1.01325297
24.52874990,0.06896249,0.95116520
24.53124990,0.06934717,0.96180606
24.53374990,0.07352927,1.08131051
24.53624990,0.06906319,0.95394480
24.53874990,0.07021561,0.98604631
24.54124990,0.07279890,1.05993605
24.54374990,0.06945398,0.96477097
24.54624990,0.06872216,0.94454706
24.54874990,0.07295541,1.06449854
24.55124990,0.07173670,1.02923071
24.55374990,0.07103004,1.00905323
24.55624990,0.07254049,1.05242455
24.55874990,0.06780479,0.91949797
24.56124990,0.06524061,0.85126734
24.56374990,0.06821544,0.93066943
24.56624990,0.06518248,0.84975117
24.56874990,0.06225799,0.77521157
24.57124990,0.06658635,0.88674843
24.57374990,0.06494110,0.84346938
24.57624990,0.06175261,0.76267689
24.57874990,0.06708410,0.90005529
24.58124990,0.06732211,0.90645313
24.58374990,0.06305219,0.79511583
24.58624990,0.06534345,0.85395324
24.58874990,0.06375704,0.81299198
24.59124990,0.06056241,0.73356116
24.59374990,0.06202072,0.76931393
24.59624990,0.06793530,0.92304099
24.59874990,0.06455060,0.83335608
24.60124990,0.06681554,0.89286333
24.60374990,0.07109553,1.01091504
24.60624990,0.07044321,0.99244922
24.60874990,0.07060927,0.99713391
24.61124990,0.07307108,1.06787658
24.61374990,0.07109097,1.01078510
24.61624990,0.07404519,1.09653807
24.61874990,0.07517174,1.13015807
24.62124990,0.07119282,1.01368332
24.62374990,0.07506887,1.12706709
24.62624990,0.07986626,1.27572405
24.62874990,0.07772744,1.20831096
24.63124990,0.08244872,1.35955834
24.63374990,0.08478741,1.43778098
24.63624990,0.08282030,1.37184024
24.63874990,0.08475596,1.43671465
24.64124990,0.08912077,1.58850205
24.64374990,0.08815258,1.55417550
24.64624990,0.09145511,1.67280734
24.64874990,0.09237586,1.70665991
24.65124990,0.09057862,1.64089727
24.65374990,0.08774147,1.53971314
24.65624990,0.08921961,1.59202766
24.65874990,0.08982097,1.61356151
24.66124990,0.08997649,1.61915398
24.66374990,0.08933691,1.59621668
24.66624990,0.08729812,1.52419221
24.66874990,0.08706634,1.51610970
24.67124990,0.08799759,1.54871488
24.67374990,0.08906122,1.58638024
24.67624990,0.08700513,1.51397872
24.67874990,0.08496504,1.44381166
24.68124990,0.08060455,1.29941881
24.68374990,0.08097202,1.31129384
24.68624990,0.08097110,1.31126392
24.68874990,0.08214717,1.34963143
24.69124990,0.07798378,1.21629393
24.69374990,0.07793602,1.21480453
24.69624990,0.06977215,0.97363067
24.69874990,0.06968394,0.97117019
24.70124990,0.07157391,1.02456498
24.70374990,0.07163750,1.02638638
24.70624990,0.06809086,0.92727315
24.70874990,0.06849330,0.93826640
24.71124990,0.06851144,0.93876356
24.71374990,0.06861697,0.94165778
24.71624990,0.07172284,1.02883315
24.71874990,0.07039723,0.99115402
24.72124990,0.06915743,0.95655012
24.72374990,0.06335428,0.80275291
24.72624990,0.06074782,0.73805964
24.72874990,0.06353801,0.80741584
24.73124990,0.06458003,0.83411622
24.73374990,0.06047285,0.73139316
24.73624990,0.06236738,0.77793789
24.73874990,0.06404092,0.82024801
24.74124990,0.06348199,0.80599242
24.74374990,0.06487447,0.84173930
24.74624990,0.06445505,0.83089066
24.74874990,0.06196425,0.76791370
24.75124990,0.05990230,0.71765697
24.75374990,0.05896438,0.69535959
24.75624990,0.06288600,0.79092973
24.75874990,0.06476598,0.83892649
24.76124990,0.06148210,0.75600976
24.76374990,0.06134517,0.75264585
24.76624990,0.06995682,0.97879112
24.76874990,0.07139417,1.01942551
24.77124990,0.08386483,1.40666187
24.77374990,0.08559209,1.46520114
24.77624990,0.10459160,2.18788052
24.77874990,0.28270221,15.98410797
24.78124990,0.36016551,25.94383621
24.78374990,0.39417088,31.07413864
24.78624990,0.45032436,40.55840302
24.78874990,0.46098259,42.50099182
24.79124990,0.78556705,123.42311859
24.79374990,0.90342867,163.23667908
24.79624990,0.90564120,164.03718567
24.79874990,1.12287390,252.16915894
24.80124990,1.14145172,260.58239746
24.80374990,1.23672760,305.89901733
24.80624990,1.27570200,325.48312378
24.80874990,1.39824200,391.01617432
24.81124990,1.51451147,458.74902344
24.81374990,1.67243052,559.40478516
24.81624990,1.81761062,660.74169922
24.81874990,1.93272626,747.08618164
24.82124990,2.00527811,804.22814941
24.82374990,2.14673519,921.69445801
24.82624990,2.19628239,964.73120117
24.82874990,2.60017776,1352.18493652
24.83124990,2.59332895,1345.07092285
24.83374990,2.59634519,1348.20166016
24.83624990,3.04727650,1857.17895508
24.83874990,3.05878592,1871.23413086
24.84124990,3.16702747,2006.01257324
24.84374990,3.15264010,1987.82788086
24.84624990,3.22669673,2082.31445312
24.84874990,3.16026998,1997.46105957
24.85124990,3.20550156,2055.04809570
24.85374990,3.17018199,2010.01086426
24.85624990,3.18327594,2026.64929199
24.85874990,3.15511942,1990.95568848
24.86124990,3.14163113,1973.96923828
24.86374990,3.06142092,1874.45971680
24.86624990,2.97743630,1773.02551270
24.86874990,2.90466809,1687.41931152
24.87124990,2.85520172,1630.43530273
24.87374990,2.75180030,1514.48107910
24.87624990,2.71573901,1475.04760742
24.87874990,2.32068229,1077.11328125
24.88124990,2.32061815,1077.05371094
24.88374990,2.31391311,1070.83874512
24.88624990,1.66290808,553.05267334
24.88874990,1.63996077,537.89422607
24.89124990,1.27001655,322.58843994
24.89374990,1.22694492,301.07876587
24.89624990,1.01448011,205.83395386
24.89874990,1.00638819,202.56344604
24.90124990,0.82642937,136.59710693
24.90374990,0.82584780,136.40490723
24.90624990,0.70755434,100.12664032
24.90874990,0.59247226,70.20468140
24.91124990,0.31215242,19.48782349
24.91374990,0.30284560,18.34309196
24.91624990,0.30208683,18.25128937
24.91874990,0.29676208,17.61354637
24.92124990,0.29327640,17.20220947
24.92374990,0.28017902,15.70005894
24.92624990,0.23835751,11.36286163
24.92874990,0.19971813,7.97746706
24.93124990,0.16050118,5.15212584
24.93374990,0.12484216,3.11711287
24.93624990,0.10959781,2.40233612
24.93874990,0.08434591,1.42284644
24.94124990,0.07389902,1.09221292
24.94374990,0.07207783,1.03904259
24.94624990,0.06963735,0.96987200
24.94874990,0.06927003,0.95966750
24.95124990,0.06931714,0.96097302
24.95374990,0.06817991,0.92970008
24.95624990,0.06750185,0.91129988
24.95874990,0.06824323,0.93142760
24.96124990,0.06730674,0.90603954
24.96374990,0.06725268,0.90458459
24.96624990,0.06201360,0.76913726
24.96874990,0.05680197,0.64529276
24.97124990,0.05137146,0.52780539
24.97374990,0.04809929,0.46270832
24.97624990,0.04859019,0.47220129
24.97874990,0.05507571,0.60666680
24.98124990,0.05436278,0.59106237
24.98374990,0.05549266,0.61588699
24.98624990,0.05684675,0.64631051
24.98874990,0.06444436,0.83061492
24.99124990,0.06302979,0.79455084
24.99374990,0.06147080,0.75573194
24.99624990,0.06268609,0.78590906
24.99874990,0.06301073,0.79407048
25.00124990,0.06196543,0.76794297
25.00374990,0.05957964,0.70994663
25.00624990,0.06191504,0.76669455
25.00874990,0.06099577,0.74409670
25.01124990,0.06115199,0.74791318
25.01374990,0.06140009,0.75399411
25.01624990,0.06132383,0.75212246
25.01874990,0.06018839,0.72452855
25.02124990,0.05944449,0.70672953
25.02374990,0.05955623,0.70938891
25.02624990,0.05989118,0.71739072
25.02874990,0.05439692,0.59180504
25.03124990,0.05552104,0.61651719
25.03374990,0.05397466,0.58265281
25.03624990,0.05295584,0.56086427
25.03874990,0.04313184,0.37207112
25.04124990,0.04348990,0.37827435
25.04374990,0.04206548,0.35390085
25.04624990,0.04054356,0.32875600
25.04874990,0.04167191,0.34730956
25.05124990,0.04214796,0.35529006
25.05374990,0.04552549,0.41451418
25.05624990,0.04105672,0.33713087
25.05874990,0.04155248,0.34532174
25.06124990,0.04154931,0.34526908
25.06374990,0.04378653,0.38345206
25.06624990,0.05437618,0.59135371
25.06874990,0.05316954,0.56540000
25.07124990,0.05463459,0.59698772
25.07374990,0.05722088,0.65484577
25.07624990,0.06797468,0.92411131
25.07874990,0.06827139,0.93219650
25.08124990,0.06977226,0.97363359
25.08374990,0.07250479,1.05138874
25.08624990,0.07496211,1.12386358
25.08874990,0.07681026,1.17996299
25.09124990,0.07556672,1.14206588
25.09374990,0.07451304,1.11043859
25.09624990,0.07748437,1.20076549
25.09874990,0.07681286,1.18004298
25.10124990,0.07607272,1.15741181
25.10374990,0.07430186,1.10415328
25.10624990,0.07750492,1.20140243
25.10874990,0.07796141,1.21559608
25.11124990,0.07772725,1.20830512
25.11374990,0.07631837,1.16489875
25.11624990,0.07443947,1.10824680
25.11874990,0.07449590,1.10992789
25.12124990,0.07360553,1.08355498
25.12374990,0.07150429,1.02257276
25.12624990,0.06350805,0.80665445
25.12874990,0.06292167,0.79182714
25.13124990,0.06030444,0.72732520
25.13374990,0.05779396,0.66802835
25.13624990,0.05806053,0.67420495
25.13874990,0.05564363,0.61924255
25.14124990,0.05567926,0.62003601
25.14374990,0.05883737,0.69236708
25.14624990,0.05659800,0.64066678
25.14874990,0.05671009,0.64320695
25.15124990,0.05768998,0.66562682
25.15374990,0.06176514,0.76298654
25.15624990,0.06169016,0.76113510
25.15874990,0.06256857,0.78296518
25.16124990,0.06294762,0.79248047
25.16374990,0.06940668,0.96345747
25.16624990,0.06597722,0.87059885
25.16874990,0.06612050,0.87438411
25.17124990,0.06597241,0.87047184
25.17374990,0.07205024,1.03824747
25.17624990,0.07039818,0.99118066
25.17874990,0.07056253,0.99581432
25.18124990,0.07076130,1.00143242
25.18374990,0.07226861,1.04455030
25.18624990,0.06896184,0.95114732
25.18874990,0.06888891,0.94913632
25.19124990,0.07059641,0.99677062
25.19374990,0.07041914,0.99177098
25.19624990,0.07031481,0.98883444
25.19874990,0.07001425,0.98039913
25.20124990,0.07304940,1.06724310
25.20374990,0.07226810,1.04453564
25.20624990,0.06886039,0.94835055
25.20874990,0.06823454,0.93119049
25.21124990,0.06908850,0.95464420
25.21374990,0.06291100,0.79155892
25.21624990,0.06062335,0.73503804
25.21874990,0.06043116,0.73038507
25.22124990,0.06112588,0.74727470
25.22374990,0.05385441,0.58005947
25.22624990,0.05260874,0.55353588
25.22874990,0.05469142,0.59823036
25.23124990,0.06054848,0.73322362
25.23374990,0.05778307,0.66777676
25.23624990,0.05782281,0.66869545
25.23874990,0.06334303,0.80246806
25.24124990,0.06315394,0.79768407
25.24374990,0.06006970,0.72167367
25.24624990,0.06382729,0.81478471
25.24874990,0.07067613,0.99902302
25.25124990,0.06676682,0.89156163
25.25374990,0.06355208,0.80777341
25.25624990,0.07521038,1.13132012
25.25874990,0.07675466,1.17825556
25.26124990,0.07658669,1.17310429
25.26374990,0.07685179,1.18123937
25.26624990,0.08286111,1.37319267
25.26874990,0.08284634,1.37270331
25.27124990,0.08298491,1.37729895
25.27374990,0.08682195,1.50761020
25.27624990,0.08713614,1.51854146
25.27874990,0.08564074,1.46686697
25.28124990,0.08248351,1.36070585
25.28374990,0.08855003,1.56822145
25.28624990,0.08851631,1.56702745
25.28874990,0.08471281,1.43525219
25.29124990,0.09063101,1.64279592
25.29374990,0.09219050,1.69981778
25.29624990,0.08847853,1.56568992
25.29874990,0.08322190,1.38517678
25.30124990,0.08831145,1.55978227
25.30374990,0.08845869,1.56498814
25.30624990,0.08040619,1.29303098
25.30874990,0.08038069,1.29221129
25.31124990,0.08263292,1.36564004
25.31374990,0.08255254,1.36298418
25.31624990,0.08259468,1.36437607
25.31874990,0.08678862,1.50645280
25.32124990,0.08742914,1.52877069
25.32374990,0.08351353,1.39490199
25.32624990,0.08757820,1.53398824
25.32874990,0.08796874,1.54770005
25.33124990,0.08702679,1.51473236
25.33374990,0.08214448,1.34954333
25.33624990,0.08322300,1.38521361
25.33874990,0.08373138,1.40218878
25.34124990,0.07724572,1.19338036
25.34374990,0.07643653,1.16850853
25.34624990,0.07766458,1.20635724
25.34874990,0.07952706,1.26491070
25.35124990,0.07472722,1.11683154
25.35374990,0.07557517,1.14232147
25.35624990,0.07524258,1.13228905
25.35874990,0.07415561,1.09981084
25.36124990,0.07258531,1.05372536
25.36374990,0.07221898,1.04311633
25.36624990,0.07520463,1.13114727
25.36874990,0.07530987,1.13431513
25.37124990,0.07631268,1.16472495
25.37374990,0.07621026,1.16160071
25.37624990,0.07743187,1.19913900
25.37874990,0.07972249,1.27113509
25.38124990,0.08197097,1.34384799
25.38374990,0.08108342,1.31490445
25.38624990,0.08126242,1.32071602
25.38874990,0.08084160,1.30707276
25.39124990,0.07956170,1.26601279
25.39374990,0.07864656,1.23705614
25.39624990,0.07742320,1.19887042
25.39874990,0.08097222,1.31130004
25.40124990,0.08184507,1.33972311
25.40374990,0.08174642,1.33649540
25.40624990,0.08099908,1.31217027
25.40874990,0.08334856,1.38939667
25.41124990,0.08190314,1.34162521
25.41374990,0.08197098,1.34384823
25.41624990,0.07641982,1.16799772
25.41874990,0.07150838,1.02268970
25.42124990,0.06986590,0.97624898
25.42374990,0.07751538,1.20172679
25.42624990,0.07298950,1.06549358
25.42874990,0.07147902,1.02185011
25.43124990,0.07125790,1.01553762
25.43374990,0.07711253,1.18926859
25.43624990,0.07710913,1.18916357
25.43874990,0.07703885,1.18699682
25.44124990,0.07813709,1.22108114
25.44374990,0.07832600,1.22699249
25.44624990,0.07825916,1.22489905
25.44874990,0.07493427,1.12302911
25.45124990,0.07462627,1.11381626
25.45374990,0.07499276,1.12478280
25.45624990,0.08437999,1.42399669
25.45874990,0.08810876,1.55263054
25.46124990,0.08791397,1.54577327
25.46374990,0.08811471,1.55284035
25.46624990,0.09126080,1.66570675
25.46874990,0.09219686,1.70005226
25.47124990,0.09189287,1.68885994
25.47374990,0.08555169,1.46381831
25.47624990,0.08413737,1.41581953
25.47874990,0.08809616,1.55218673
25.48124990,0.08856332,1.56869233
25.48374990,0.08316909,1.38341951
25.48624990,0.08457197,1.43048346
25.48874990,0.09358133,1.75149333
25.49124990,0.09301338,1.73029780
25.49374990,0.09299044,1.72944438
25.49624990,0.09780147,1.91302538
25.49874990,0.09662955,1.86745393
25.50124990,0.09719281,1.88928843
25.50374990,0.10030276,2.01212859
25.50624990,0.09484868,1.79925454
25.50874990,0.08916568,1.59010363
25.51124990,0.09561018,1.82826138
25.51374990,0.09746817,1.90000892
25.51624990,0.09150671,1.67469573
25.51874990,0.09276994,1.72125208
25.52124990,0.09555238,1.82605124
25.52374990,0.09612168,1.84787524
25.52624990,0.09643558,1.85996437
25.52874990,0.09411271,1.77144051
25.53124990,0.09207673,1.69562471
25.53374990,0.09242754,1.70857000
25.53624990,0.09592100,1.84016800
25.53874990,0.09237263,1.70654047
25.54124990,0.09251685,1.71187377
25.54374990,0.09615568,1.84918308
25.54624990,0.09307300,1.73251653
25.54874990,0.09234104,1.70537329
25.55124990,0.09263712,1.71632719
25.55374990,0.09096841,1.65505028
25.55624990,0.08954076,1.60350966
25.55874990,0.09182633,1.68641496
25.56124990,0.08506469,1.44720018
25.56374990,0.08264362,1.36599362
25.56624990,0.09041772,1.63507295
25.56874990,0.08980668,1.61304808
25.57124990,0.08905089,1.58601224
25.57374990,0.09207805,1.69567323
25.57624990,0.09304351,1.73141885
25.57874990,0.09073983,1.64674354
25.58124990,0.09722927,1.89070630
25.58374990,0.09711651,1.88632309
25.58624990,0.10183862,2.07422066
25.58874990,0.10513746,2.21077704
25.59124990,0.10536005,2.22014809
25.59374990,0.10615559,2.25380182
25.59624990,0.11262405,2.53683519
25.59874990,0.11930458,2.84671664
25.60124990,0.11801486,2.78550172
25.60374990,0.12022749,2.89093018
25.60624990,0.12055792,2.90684247
25.60874990,0.11799493,2.78456068
25.61124990,0.11896989,2.83076668
25.61374990,0.11967243,2.86429787
25.61624990,0.11488909,2.63990068
25.61874990,0.11520544,2.65445852
25.62124990,0.11309987,2.55831623
25.62374990,0.11329304,2.56706238
25.62624990,0.11681549,2.72917151
25.62874990,0.11918637,2.84107828
25.63124990,0.11907259,2.83565640
25.63374990,0.12274347,3.01319218
25.63624990,0.11432429,2.61400890
25.63874990,0.11340506,2.57214165
25.64124990,0.23888576,11.41328049
25.64374990,0.27089542,14.67686653
25.64624990,0.26772586,14.33542824
25.64874990,0.26757064,14.31880951
25.65124990,0.32115585,20.62821388
25.65374990,0.43397632,37.66708755
25.65624990,0.69295365,96.03694916
25.65874990,0.70660794,99.85894775
25.66124990,0.74559337,111.18190002
25.66374990,1.08458102,235.26318359
25.66624990,1.17020154,273.87432861
25.66874990,1.52751267,466.65899658
25.67124990,1.53361356,470.39410400
25.67374990,1.63294637,533.30273438
25.67624990,1.64242482,539.51184082
25.67874990,1.74987292,612.41101074
25.68124990,1.75050247,612.85174561
25.68374990,1.75154626,613.58288574
25.68624990,1.80754554,653.44421387
25.68874990,1.80767822,653.54010010
25.69124990,1.96960652,775.86999512
25.69374990,1.97892916,783.23211670
25.69624990,2.06747270,854.88879395
25.69874990,2.07442784,860.65026855
25.70124990,2.10066628,882.55981445
25.70374990,2.09072280,874.22430420
25.70624990,2.02369523,819.06854248
25.70874990,2.03695655,829.83850098
25.71124990,2.02382040,819.16979980
25.71374990,1.86811471,697.97052002
25.71624990,1.85742640,690.00659180
25.71874990,1.58586681,502.99468994
25.72124990,1.57999313,499.27569580
25.72374990,1.53795516,473.06121826
25.72624990,1.53660417,472.23049927
25.72874990,1.43613422,412.49627686
25.73124990,1.58177090,500.39981079
25.73374990,1.81999266,662.47467041
25.73624990,1.85301495,686.73284912
25.73874990,1.87009740,699.45288086
25.74124990,1.69609749,575.34936523
25.74374990,1.71877348,590.83642578
25.74624990,1.66039300,551.38098145
25.74874990,1.67452610,560.80755615
25.75124990,1.63711834,536.03131104
25.75374990,1.62399566,527.47241211
25.75624990,1.61946821,524.53546143
25.75874990,1.59840357,510.97875977
25.76124990,1.59907794,511.41006470
25.76374990,1.59754872,510.43240356
25.76624990,1.55135584,481.34097290
25.76874990,1.54331958,476.36703491
25.77124990,1.54364443,476.56765747
25.77374990,1.48281121,439.74578857
25.77624990,1.47336173,434.15893555
25.77874990,1.45068455,420.89715576
25.78124990,1.28903234,332.32086182
25.78374990,0.92013556,169.32989502
25.78624990,0.72526777,105.20266724
25.78874990,0.67861056,92.10246277
25.79124990,0.65200639,85.02246094
25.79374990,0.54196960,58.74620819
25.79624990,0.36449423,26.57120705
25.79874990,0.23555902,11.09761047
25.80124990,0.19568394,7.65844059
25.80374990,0.19120300,7.31171703
25.80624990,0.18663874,6.96680450
25.80874990,0.17225714,5.93450451
25.81124990,0.15503991,4.80747414
25.81374990,0.11976993,2.86896706
25.81624990,0.07963295,1.26828146
25.81874990,0.04450075,0.39606330
25.82124990,0.02998536,0.17982441
25.82374990,0.02899696,0.16816473
25.82624990,0.02928222,0.17148964
25.82874990,0.02778949,0.15445115
25.83124990,0.02668771,0.14244680
25.83374990,0.02833334,0.16055566
25.83624990,0.02883781,0.16632384
25.83874990,0.02896641,0.16781054
25.84124990,0.03033348,0.18402398
25.84374990,0.03056481,0.18684150
25.84624990,0.02808907,0.15779912
25.84874990,0.02737606,0.14988975
25.85124990,0.02603259,0.13553919
25.85374990,0.02933612,0.17212155
25.85624990,0.02954059,0.17452928
25.85874990,0.02926443,0.17128141
25.86124990,0.02912885,0.16969801
25.86374990,0.03112388,0.19373915
25.86624990,0.03259814,0.21252772
25.86874990,0.03265728,0.21329962
25.87124990,0.03301564,0.21800655
25.87374990,0.03385820,0.22927555
25.87624990,0.03736785,0.27927125
25.87874990,0.04015287,0.32245067
25.88124990,0.03991806,0.31869036
25.88374990,0.03849307,0.29634327
25.88624990,0.04304686,0.37060642
25.88874990,0.04840935,0.46869308
25.89124990,0.04801245,0.46103913
25.89374990,0.04844645,0.46941185
25.89624990,0.04839168,0.46835095
25.89874990,0.05170356,0.53465164
25.90124990,0.05320735,0.56620437
25.90374990,0.05262669,0.55391365
25.90624990,0.05317720,0.56556296
25.90874990,0.05407296,0.58477694
25.91124990,0.05658649,0.64040613
25.91374990,0.05851635,0.68483257
25.91624990,0.05984714,0.71633601
25.91874990,0.05981349,0.71553063
25.92124990,0.06150695,0.75662088
25.92374990,0.06260396,0.78385109
25.92624990,0.06251666,0.78166658
25.92874990,0.06081094,0.73959410
25.93124990,0.06263839,0.78471351
25.93374990,0.06319718,0.79877675
25.93624990,0.06020427,0.72491097
25.93874990,0.05692245,0.64803314
25.94124990,0.06069064,0.73667079
25.94374990,0.05997373,0.71936971
25.94624990,0.06018637,0.72447985
25.94874990,0.05742506,0.65952748
25.95124990,0.05745965,0.66032225
25.95374990,0.05953531,0.70889056
25.95624990,0.05897780,0.69567621
25.95874990,0.05844974,0.68327433
25.96124990,0.05934992,0.70448273
25.96374990,0.05903693,0.69707167
25.96624990,0.05718116,0.65393692
25.96874990,0.05880338,0.69156754
25.97124990,0.06056854,0.73370963
25.97374990,0.06061116,0.73474264
25.97624990,0.06006574,0.72157854
25.97874990,0.05988798,0.71731412
25.98124990,0.05844992,0.68327874
25.98374990,0.06557032,0.85989356
25.98624990,0.06616216,0.87548637
25.98874990,0.06741133,0.90885729
25.99124990,0.06366660,0.81068707
25.99374990,0.06374355,0.81264788
25.99624990,0.06580169,0.86597270
25.99874990,0.06670372,0.88987732
26.00124990,0.06641009,0.88206017
26.00374990,0.06348023,0.80594784
26.00624990,0.06584729,0.86717319
26.00874990,0.06564310,0.86180341
26.01124990,0.06337927,0.80338645
26.01374990,0.06101920,0.74466854
26.01624990,0.06288010,0.79078138
26.01874990,0.06143229,0.75478518
26.02124990,0.05792280,0.67101008
26.02374990,0.05669811,0.64293516
26.02624990,0.05879095,0.69127524
26.02874990,0.05905666,0.69753778
26.03124990,0.05853488,0.68526655
26.03374990,0.05144474,0.52931219
26.03624990,0.05648634,0.63814133
26.03874990,0.05401808,0.58359057
26.04124990,0.05328800,0.56792212
26.04374990,0.05656167,0.63984448
26.04624990,0.05928937,0.70304579
26.04874990,0.05855585,0.68575740
26.05124990,0.05752675,0.66186535
26.05374990,0.06113660,0.74753672
26.05624990,0.06198935,0.76853579
26.05874990,0.06258879,0.78347123
26.06124990,0.06171874,0.76184064
26.06374990,0.06259148,0.78353852
26.06624990,0.06285902,0.79025137
26.06874990,0.06280924,0.78900009
26.07124990,0.06278882,0.78848732
26.07374990,0.06513327,0.84846860
26.07624990,0.06175672,0.76277852
26.07874990,0.06153613,0.75733906
26.08124990,0.06176899,0.76308167
26.08374990,0.06315894,0.79781049
26.08624990,0.05881700,0.69188786
26.08874990,0.05878706,0.69118375
26.09124990,0.05978851,0.71493316
26.09374990,0.05971233,0.71311247
26.09624990,0.05696064,0.64890289
26.09874990,0.05678322,0.64486676
26.10124990,0.05638837,0.63592976
26.10374990,0.05972504,0.71341604
26.10624990,0.05664047,0.64162856
26.10874990,0.05626799,0.63321739
26.11124990,0.05792273,0.67100859
26.11374990,0.05937199,0.70500672
26.11624990,0.05690058,0.64753509
26.11874990,0.05687014,0.64684248
26.12124990,0.05838456,0.68175149
26.12374990,0.05724811,0.65546918
26.12624990,0.05703674,0.65063781
26.12874990,0.05699655,0.64972150
26.13124990,0.05964682,0.71154869
26.13374990,0.05731420,0.65698349
26.13624990,0.05855548,0.68574882
26.13874990,0.05848048,0.68399316
26.14124990,0.05933539,0.70413774
26.14374990,0.05589228,0.62478954
26.14624990,0.05321798,0.56643081
26.14874990,0.05348017,0.57202578
26.15124990,0.05550342,0.61612594
26.15374990,0.04775974,0.45619848
26.15624990,0.04850017,0.47045326
26.15874990,0.05012488,0.50250065
26.16124990,0.05174733,0.53555733
26.16374990,0.04893522,0.47893125
26.16624990,0.04883721,0.47701454
26.16874990,0.05362326,0.57509077
26.17124990,0.05301487,0.56211525
26.17374990,0.05142804,0.52896863
26.17624990,0.05193680,0.53948617
26.17874990,0.05471067,0.59865141
26.18124990,0.05216100,0.54415393
26.18374990,0.05160239,0.53256118
26.18624990,0.05492974,0.60345531
26.18874990,0.05661415,0.64103246
26.19124990,0.05771081,0.66610748
26.19374990,0.05880339,0.69156778
26.19624990,0.06125747,0.75049567
26.19874990,0.06514232,0.84870446
26.20124990,0.06539050,0.85518336
26.20374990,0.06527688,0.85221410
26.20624990,0.06572881,0.86405545
26.20874990,0.06530949,0.85306585
26.21124990,0.06266901,0.78548104
26.21374990,0.06249563,0.78114069
26.21624990,0.06412144,0.82231188
26.21874990,0.06018137,0.72435951
26.22124990,0.05912330,0.69911295
26.22374990,0.06043432,0.73046124
26.22624990,0.06048347,0.73164999
26.22874990,0.05878583,0.69115490
26.23124990,0.05893029,0.69455570
26.23374990,0.06090430,0.74186671
26.23624990,0.05559442,0.61814791
26.23874990,0.05392395,0.58155859
26.24124990,0.05508993,0.60698009
26.24374990,0.05596337,0.62637973
26.24624990,0.05497359,0.60441917
26.24874990,0.05070903,0.51428103
26.25124990,0.05345430,0.57147241
26.25374990,0.05581183,0.62299216
26.25624990,0.05545579,0.61506891
26.25874990,0.05461123,0.59647739
26.26124990,0.05859295,0.68662673
26.26374990,0.05870176,0.68917936
26.26624990,0.05691865,0.64794654
26.26874990,0.05957654,0.70987290
26.27124990,0.06137453,0.75336659
26.27374990,0.05981920,0.71566731
26.27624990,0.05924368,0.70196265
26.27874990,0.06201581,0.76919210
26.28124990,0.06151785,0.75688922
26.28374990,0.05951018,0.70829213
26.28624990,0.05996102,0.71906495
26.28874990,0.06087567,0.74116945
26.29124990,0.05699738,0.64974040
26.29374990,0.05625973,0.63303143
26.29624990,0.05663466,0.64149702
26.29874990,0.05725679,0.65566790
26.30124990,0.05234835,0.54806989
26.30374990,0.05215096,0.54394442
26.30624990,0.05368161,0.57634312
26.30874990,0.05557549,0.61772710
26.31124990,0.05138600,0.52810419
26.31374990,0.05244735,0.55014491
26.31624990,0.05312654,0.56448591
26.31874990,0.05011031,0.50220871
26.32124990,0.04846472,0.46976584
26.32374990,0.04835264,0.46759546
26.32624990,0.04877917,0.47588158
26.32874990,0.04552457,0.41449729
26.33124990,0.05032883,0.50659823
26.33374990,0.05033668,0.50675625
26.33624990,0.04968670,0.49375355
26.33874990,0.05358214,0.57420915
26.34124990,0.05488557,0.60248518
26.34374990,0.05363022,0.57524002
26.34624990,0.05223104,0.54561627
26.34874990,0.05588278,0.62457705
26.35124990,0.05982174,0.71572816
26.35374990,0.05778857,0.66790372
26.35624990,0.05752434,0.66180992
26.35874990,0.05716084,0.65347242
26.36124990,0.05941613,0.70605528
26.36374990,0.05894177,0.69482648
26.36624990,0.05934645,0.70440024
26.36874990,0.05994123,0.71859014
26.37124990,0.05957554,0.70984900
26.37374990,0.06328484,0.80099428
26.37624990,0.06398971,0.81893671
26.37874990,0.06306296,0.79538727
26.38124990,0.05964108,0.71141160
26.38374990,0.06179169,0.76364267
26.38624990,0.06219004,0.77352023
26.38874990,0.05912947,0.69925874
26.39124990,0.06209695,0.77120608
26.39374990,0.06203698,0.76971722
26.39624990,0.06264830,0.78496194
26.39874990,0.06327491,0.80074298
26.40124990,0.06271540,0.78664446
26.40374990,0.06271964,0.78675044
26.40624990,0.06216260,0.77283770
26.40874990,0.06189653,0.76623619
26.41124990,0.06084687,0.74046820
26.41374990,0.06247885,0.78072131
26.41624990,0.06267271,0.78557372
26.41874990,0.06402171,0.81975603
26.42124990,0.06395893,0.81814885
26.42374990,0.06234094,0.77727860
26.42624990,0.06160120,0.75894153
26.42874990,0.06184551,0.76497328
26.43124990,0.06662846,0.88787049
26.43374990,0.06778108,0.91885513
26.43624990,0.06743287,0.90943837
26.43874990,0.06810745,0.92772496
26.44124990,0.07220192,1.04262328
26.44374990,0.07357652,1.08270061
26.44624990,0.07239585,1.04823196
26.44874990,0.07094485,1.00663435
26.45124990,0.07264682,1.05551195
26.45374990,0.07267226,1.05625165
26.45624990,0.07214164,1.04088330
26.45874990,0.07154950,1.02386618
26.46124990,0.07092076,1.00595069
26.46374990,0.06966722,0.97070444
26.46624990,0.07077603,1.00184929
26.46874990,0.07046762,0.99313712
26.47124990,0.07069907,0.99967182
26.47374990,0.06934650,0.96178746
26.47624990,0.07210112,1.03971446
26.47874990,0.07234472,1.04675162
26.48124990,0.06808043,0.92698908
26.48374990,0.06874182,0.94508755
26.48624990,0.07031421,0.98881757
26.48874990,0.07088228,1.00485945
26.49124990,0.06358969,0.80872965
26.49374990,0.06334710,0.80257112
26.49624990,0.06340485,0.80403507
26.49874990,0.06008969,0.72215408
26.50124990,0.05848075,0.68399966
26.50374990,0.05845362,0.68336517
26.50624990,0.05778436,0.66780639
26.50874990,0.06270482,0.78637892
26.51124990,0.06368232,0.81108755
26.51374990,0.06294928,0.79252249
26.51624990,0.06319283,0.79866678
26.51874990,0.06704658,0.89904857
26.52124990,0.06679063,0.89219755
26.52374990,0.06671748,0.89024454
26.52624990,0.06472903,0.83796954
26.52874990,0.06546396,0.85710591
26.53124990,0.06845292,0.93716025
26.53374990,0.06702136,0.89837247
26.53624990,0.06542198,0.85600704
26.53874990,0.06304529,0.79494172
26.54124990,0.06758925,0.91366136
26.54374990,0.06798210,0.92431319
26.54624990,0.06797724,0.92418110
26.54874990,0.06861529,0.94161183
26.55124990,0.06721891,0.90367651
26.55374990,0.06764347,0.91512793
26.55624990,0.07024746,0.98694122
26.55874990,0.06560988,0.86093134
26.56124990,0.06453288,0.83289850
26.56374990,0.07805245,1.21843708
26.56624990,0.08015069,1.28482676
26.56874990,0.07598739,1.15481675
26.57124990,0.07772341,1.20818555
26.57374990,0.08442613,1.42555428
26.57624990,0.08955153,1.60389543
26.57874990,0.08891255,1.58108819
26.58124990,0.08696895,1.51271963
26.58374990,0.08976092,1.61140466
26.58624990,0.08990435,1.61655855
26.58874990,0.09036266,1.63308215
26.59124990,0.08685488,1.50875390
26.59374990,0.08549636,1.46192551
26.59624990,0.08726986,1.52320576
26.59874990,0.09154336,1.67603731
26.60124990,0.09059014,1.64131474
26.60374990,0.09251177,1.71168542
26.60624990,0.09362539,1.75314260
26.60874990,0.09481342,1.79791689
26.61124990,0.09869982,1.94833088
26.61374990,0.08897945,1.58346844
26.61624990,0.10612186,2.25236988
26.61874990,0.13691768,3.74928999
26.62124990,0.13591696,3.69468427
26.62374990,0.25822979,13.33652496
26.62624990,0.27655646,15.29669380
26.62874990,0.39805168,31.68902969
26.63124990,0.40636185,33.02599335
26.63374990,0.54892612,60.26397705
26.63624990,0.56003648,62.72817993
26.63874990,0.61178565,74.85634613
26.64124990,0.61920112,76.68199921
26.64374990,0.68720835,94.45106506
26.64624990,0.83891237,140.75479126
26.64874990,0.84001434,141.12481689
26.65124990,0.88200665,155.58714294
26.65374990,0.96524662,186.34020996
26.65624990,1.14787257,263.52230835
26.65874990,1.35089719,364.98468018
26.66124990,1.64187908,539.15338135
26.66374990,2.28636861,1045.49621582
26.66624990,2.30950403,1066.76171875
26.66874990,2.38748121,1140.01342773
26.67124990,2.54998422,1300.48400879
26.67374990,2.76388192,1527.80871582
26.67624990,3.02487397,1829.97241211
26.67874990,3.08162427,1899.28149414
26.68124990,3.08361912,1901.74145508
26.68374990,3.15153670,1986.43676758
26.68624990,3.19288826,2038.90698242
26.68874990,3.22312593,2077.70800781
26.69124990,3.22177887,2075.97192383
26.69374990,3.20924377,2059.84912109
26.69624990,3.18469381,2028.45507812
26.69874990,3.26552272,2132.72753906
26.70124990,3.39577150,2306.25268555
26.70374990,3.53344703,2497.04956055
26.70624990,3.62590575,2629.43847656
26.70874990,3.55598807,2529.01025391
26.71124990,3.44465685,2373.13232422
26.71374990,3.17737174,2019.13818359
26.71624990,3.27321386,2142.78588867
26.71874990,3.25894833,2124.14892578
26.72124990,3.14273739,1975.35961914
26.72374990,2.94802880,1738.17492676
26.72624990,2.67892528,1435.32824707
26.72874990,2.60580659,1358.04553223
26.73124990,2.61234236,1364.86645508
26.73374990,2.51023173,1260.25256348
26.73624990,2.45851755,1208.86169434
26.73874990,2.40789700,1159.59362793
26.74124990,2.40782404,1159.52343750
26.74374990,2.40618539,1157.94567871
26.74624990,2.39137626,1143.73620605
26.74874990,2.27980304,1039.50036621
26.75124990,2.06349659,851.60369873
26.75374990,1.77478921,629.97534180
26.75624990,1.44987345,420.42660522
26.75874990,1.44830990,419.52032471
26.76124990,1.41649151,401.28961182
26.76374990,1.11612654,249.14770508
26.76624990,0.71977252,103.61449432
26.76874990,0.48743966,47.51948929
26.77124990,0.42331231,35.83866501
26.77374990,0.42323786,35.82605743
26.77624990,0.41438526,34.34302902
26.77874990,0.36004370,25.92629433
26.78124990,0.27653939,15.29480743
26.78374990,0.19787084,7.83057404
26.78624990,0.14631996,4.28190613
26.78874990,0.11455176,2.62442112
26.79124990,0.11377309,2.58886313
26.79374990,0.11291585,2.54999781
26.79624990,0.09486970,1.80005193
26.79874990,0.07820792,1.22329569
26.80124990,0.07564513,1.14443731
26.80374990,0.07565449,1.14472055
26.80624990,0.07073146,1.00058806
26.80874990,0.06502134,0.84555507
26.81124990,0.05713785,0.65294671
26.81374990,0.04622040,0.42726511
26.81624990,0.03508144,0.24614154
26.81874990,0.03430396,0.23535231
26.82124990,0.03585384,0.25709966
26.82374990,0.03696423,0.27327088
26.82624990,0.03690578,0.27240738
26.82874990,0.03605776,0.26003245
26.83124990,0.03539184,0.25051650
26.83374990,0.03796657,0.28829211
26.83624990,0.03939508,0.31039450
26.83874990,0.04143656,0.34339771
26.84124990,0.04138519,0.34254682
26.84374990,0.03955793,0.31296593
26.84624990,0.03954058,0.31269151
26.84874990,0.04187847,0.35076123
26.85124990,0.04143893,0.34343696
26.85374990,0.04289607,0.36801445
26.85624990,0.04341104,0.37690359
26.85874990,0.04196194,0.35216093
26.86124990,0.04043708,0.32703155
26.86374990,0.04048901,0.32787192
26.86624990,0.04312028,0.37187177
26.86874990,0.04264722,0.36375704
26.87124990,0.04248664,0.36102292
26.87374990,0.04157840,0.34575272
26.87624990,0.04126609,0.34057811
26.87874990,0.04246104,0.36058795
26.88124990,0.04300521,0.36988968
26.88374990,0.04076049,0.33228344
26.88624990,0.03928850,0.30871725
26.88874990,0.03560479,0.25354022
26.89124990,0.03780940,0.28591013
26.89374990,0.03956725,0.31311339
26.89624990,0.04128337,0.34086323
26.89874990,0.04004794,0.32076743
26.90124990,0.03885130,0.30188474
26.90374990,0.03783001,0.28622195
26.90624990,0.03822594,0.29224446
26.90874990,0.04174748,0.34857050
26.91124990,0.04289923,0.36806878
26.91374990,0.04327477,0.37454116
26.91624990,0.04061863,0.32997459
26.91874990,0.04009023,0.32144532
26.92124990,0.03981948,0.31711814
26.92374990,0.04257550,0.36253458
26.92624990,0.04505910,0.40606457
26.92874990,0.04524495,0.40942118
26.93124990,0.04485545,0.40240231
26.93374990,0.04415591,0.38994882
26.93624990,0.04595080,0.42229530
26.93874990,0.04841633,0.46882820
26.94124990,0.04969651,0.49394864
26.94374990,0.04832715,0.46710271
26.94624990,0.04616484,0.42623854
26.94874990,0.04648797,0.43222630
26.95124990,0.04942705,0.48860669
26.95374990,0.04982100,0.49642646
26.95624990,0.04927563,0.48561755
26.95874990,0.04613432,0.42567515
26.96124990,0.04541054,0.41242343
26.96374990,0.04648253,0.43212509
26.96624990,0.04841052,0.46871567
26.96874990,0.04849242,0.47030297
26.97124990,0.04780332,0.45703155
26.97374990,0.04587560,0.42091417
26.97624990,0.04689948,0.43991226
26.97874990,0.04780886,0.45713750
26.98124990,0.04821436,0.46492493
26.98374990,0.04802334,0.46124813
26.98624990,0.04649654,0.43238556
26.98874990,0.04891807,0.47859555
26.99124990,0.04850943,0.47063297
26.99374990,0.04927222,0.48555043
26.99624990,0.04955399,0.49111965
26.99874990,0.04945296,0.48911896
27.00124990,0.05265448,0.55449891
27.00374990,0.05561569,0.61862087
27.00624990,0.05691038,0.64775825
27.00874990,0.05722164,0.65486318
27.01124990,0.05880062,0.69150269
27.01374990,0.06327136,0.80065286
27.01624990,0.06577634,0.86530530
27.01874990,0.06887954,0.94887841
27.02124990,0.06898670,0.95183301
27.02374990,0.07119211,1.01366317
27.02624990,0.07335268,1.07612324
27.02874990,0.07606571,1.15719843
27.03124990,0.07740037,1.19816339
27.03374990,0.07732264,1.19575822
27.03624990,0.08060062,1.29929197
27.03874990,0.08086291,1.30776215
27.04124990,0.08305724,1.37970090
27.04374990,0.08415320,1.41635227
27.04624990,0.08508429,1.44786727
27.04874990,0.08689032,1.50998545
27.05124990,0.08697513,1.51293492
27.05374990,0.08919526,1.59115887
27.05624990,0.08857300,1.56903529
27.05874990,0.08980385,1.61294639
27.06124990,0.08951606,1.60262489
27.06374990,0.08972105,1.60997331
27.06624990,0.08869709,1.57343483
27.06874990,0.08676909,1.50577497
27.07124990,0.08694828,1.51200044
27.07374990,0.08601513,1.47972047
27.07624990,0.08349469,1.39427257
27.07874990,0.08019377,1.28620791
27.08124990,0.07941938,1.26148760
27.08374990,0.07989731,1.27671599
27.08624990,0.07782555,1.21136320
27.08874990,0.07552675,1.14085805
27.09124990,0.07381809,1.08982193
27.09374990,0.07290160,1.06292868
27.09624990,0.07528860,1.13367462
27.09874990,0.07236806,1.04742718
27.10124990,0.07003703,0.98103714
27.10374990,0.06472771,0.83793521
27.10624990,0.06792617,0.92279303
27.10874990,0.06598905,0.87091100
27.11124990,0.06717601,0.90252328
27.11374990,0.06225897,0.77523583
27.11624990,0.06269670,0.78617513
27.11874990,0.06203564,0.76968426
27.12124990,0.06598689,0.87085390
27.12374990,0.06544146,0.85651690
27.12624990,0.06789251,0.92187858
27.12874990,0.06752023,0.91179639
27.13124990,0.07048686,0.99367940
27.13374990,0.07056669,0.99593157
27.13624990,0.07090934,1.00562704
27.13874990,0.06983747,0.97545421
27.14124990,0.07228788,1.04510748
27.14374990,0.07171810,1.02869725
27.14624990,0.06878535,0.94628477
27.14874990,0.06949950,0.96603602
27.15124990,0.07256134,1.05302942
27.15374990,0.07232465,1.04617095
27.15624990,0.06984384,0.97563231
27.15874990,0.07168725,1.02781248
27.16124990,0.07255732,1.05291271
27.16374990,0.07288313,1.06238997
27.16624990,0.07068203,0.99918973
27.16874990,0.07234284,1.04669714
27.17124990,0.07117174,1.01308334
27.17374990,0.07293731,1.06397021
27.17624990,0.06985667,0.97599089
27.17874990,0.07218313,1.04208088
27.18124990,0.06987101,0.97639155
27.18374990,0.07188382,1.03345656
27.18624990,0.07007626,0.98213643
27.18874990,0.07205126,1.03827703
27.19124990,0.06778171,0.91887200
27.19374990,0.06795419,0.92355436
27.19624990,0.06825850,0.93184471
27.19874990,0.06985919,0.97606122
27.20124990,0.06614680,0.87507987
27.20374990,0.06566104,0.86227441
27.20624990,0.06718681,0.90281355
27.20874990,0.06737866,0.90797657
27.21124990,0.06617983,0.87595415
27.21374990,0.06564193,0.86177266
27.21624990,0.06769826,0.91661096
27.21874990,0.06752804,0.91200709
27.22124990,0.06472629,0.83789849
27.22374990,0.06283820,0.78972781
27.22624990,0.06314774,0.79752737
27.22874990,0.06111630,0.74704051
27.23124990,0.06019482,0.72468317
27.23374990,0.05977054,0.71450341
27.23624990,0.06130711,0.75171244
27.23874990,0.05903655,0.69706285
27.24124990,0.06141394,0.75433439
27.24374990,0.06361845,0.80946147
27.24624990,0.06411954,0.82226300
27.24874990,0.06272034,0.78676826
27.25124990,0.06371886,0.81201875
27.25374990,0.06710006,0.90048367
27.25624990,0.06449954,0.83203816
27.25874990,0.06330162,0.80141908
27.26124990,0.06230059,0.77627271
27.26374990,0.06258325,0.78333247
27.26624990,0.06336147,0.80293524
27.26874990,0.06334624,0.80254924
27.27124990,0.06541180,0.85574067
27.27374990,0.06498158,0.84452116
27.27624990,0.06825796,0.93182981
27.27874990,0.07058292,0.99638969
27.28124990,0.07045830,0.99287438
27.28374990,0.07061793,0.99737829
27.28624990,0.07049394,0.99387938
27.28874990,0.07145137,1.02105963
27.29124990,0.07020431,0.98572916
27.29374990,0.06977589,0.97373497
27.29624990,0.06947616,0.96538728
27.29874990,0.06876940,0.94584608
27.30124990,0.06937835,0.96267116
27.30374990,0.06796154,0.92375398
27.30624990,0.06812799,0.92828453
27.30874990,0.07024182,0.98678279
27.31124990,0.07190729,1.03413177
27.31374990,0.07159904,1.02528453
27.31624990,0.07400978,1.09548950
27.31874990,0.07499250,1.12477493
27.32124990,0.07445236,1.10863078
27.32374990,0.07694332,1.18405497
27.32624990,0.07745842,1.19996130
27.32874990,0.07775886,1.20928824
27.33124990,0.07722341,1.19269085
27.33374990,0.07848363,1.23193574
27.33624990,0.07994691,1.27830148
27.33874990,0.07917622,1.25377488
27.34124990,0.07897115,1.24728858
27.34374990,0.07740632,1.19834745
27.34624990,0.07616942,1.16035593
27.34874990,0.08220145,1.35141563
27.35124990,0.08079451,1.30555046
27.35374990,0.07955966,1.26594794
27.35624990,0.08378714,1.40405679
27.35874990,0.08409483,1.41438818
27.36124990,0.08346497,1.39328003
27.36374990,0.08509038,1.44807458
27.36624990,0.08218933,1.35101724
27.36874990,0.08052731,1.29692960
27.37124990,0.08126995,1.32096100
27.37374990,0.08283801,1.37242699
27.37624990,0.08270375,1.36798239
27.37874990,0.08089965,1.30895042
27.38124990,0.08155409,1.33021379
27.38374990,0.07992717,1.27767038
27.38624990,0.08095262,1.31066537
27.38874990,0.08121233,1.31908846
27.39124990,0.08224057,1.35270238
27.39374990,0.08481919,1.43885899
27.39624990,0.08512646,1.44930291
27.39874990,0.08339795,1.39104378
27.40124990,0.08786403,1.54401755
27.40374990,0.08758273,1.53414679
27.40624990,0.08560804,1.46574748
27.40874990,0.08874555,1.57515430
27.41124990,0.08722237,1.52154815
27.41374990,0.08803153,1.54991007
27.41624990,0.09168112,1.68108559
27.41874990,0.09118093,1.66279221
27.42124990,0.09142058,1.67154443
27.42374990,0.09346931,1.74730241
27.42624990,0.09044705,1.63613343
27.42874990,0.09289238,1.72579885
27.43124990,0.09968406,1.98738241
27.43374990,0.09828754,1.93208814
27.43624990,0.09582750,1.83658195
27.43874990,0.10175702,2.07089806
27.44124990,0.10013264,2.00530910
27.44374990,0.10100073,2.04022932
27.44624990,0.10457846,2.18733096
27.44874990,0.10118825,2.04781246
27.45124990,0.09699448,1.88158607
27.45374990,0.10174689,2.07048631
27.45624990,0.09991321,1.99653006
27.45874990,0.09958956,1.98361588
27.46124990,0.10332395,2.13516784
27.46374990,0.10101143,2.04066181
27.46624990,0.09721306,1.89007580
27.46874990,0.10153766,2.06197929
27.47124990,0.09970894,1.98837459
27.47374990,0.09657557,1.86536813
27.47624990,0.09655255,1.86447918
27.47874990,0.09476808,1.79619789
27.48124990,0.09073640,1.64661908
27.48374990,0.09493762,1.80263054
27.48624990,0.09515016,1.81071043
27.48874990,0.09398375,1.76658928
27.49124990,0.09411548,1.77154469
27.49374990,0.09101757,1.65683961
27.49624990,0.09162115,1.67888713
27.49874990,0.09320177,1.73731399
27.50124990,0.09302142,1.73059690
27.50374990,0.09395078,1.76534963
27.50624990,0.09394339,1.76507211
27.50874990,0.08878756,1.57664609
27.51124990,0.08755770,1.53327000
27.51374990,0.08757065,1.53372383
27.51624990,0.08985910,1.61493134
27.51874990,0.08868667,1.57306528
27.52124990,0.08875240,1.57539773
27.52374990,0.08799453,1.54860735
27.52624990,0.09152206,1.67525744
27.52874990,0.09000015,1.62000549
27.53124990,0.09078330,1.64832139
27.53374990,0.08668478,1.50285017
27.53624990,0.08597101,1.47820258
27.53874990,0.08297423,1.37694478
27.54124990,0.08321565,1.38496900
27.54374990,0.08446956,1.42702115
27.54624990,0.08537276,1.45770168
27.54874990,0.08363611,1.39899957
27.55124990,0.13481350,3.63493586
27.55374990,0.22316638,9.96064663
27.55624990,0.25123432,12.62373734
27.55874990,0.29436040,17.32960892
27.56124990,0.29373682,17.25626373
27.56374990,0.29429531,17.32194710
27.56624990,0.29578841,17.49815369
27.56874990,0.44084391,38.86866760
27.57124990,0.44180313,39.03800201
27.57374990,0.48516136,47.07630920
27.57624990,0.55736482,62.13111115
27.57874990,0.59389085,70.54125977
27.58124990,0.63870412,81.58859253
27.58374990,0.65870786,86.77921295
27.58624990,0.65959293,87.01255798
27.58874990,0.66113353,87.41950989
27.59124990,0.66852212,89.38436890
27.59374990,0.69071114,95.41637421
27.59624990,0.71761566,102.99444580
27.59874990,0.73116940,106.92173004
27.60124990,0.79043692,124.95809937
27.60374990,0.79153913,125.30683899
27.60624990,0.91305596,166.73423767
27.60874990,0.90541232,163.95428467
27.61124990,0.90995854,165.60491943
27.61374990,0.94158596,177.31681824
27.61624990,1.00617456,202.47743225
27.61874990,1.00380945,201.52670288
27.62124990,1.01335561,205.37789917
27.62374990,1.08974564,237.50909424
27.62624990,1.19711256,286.61569214
27.62874990,1.33388281,355.84869385
27.63124990,1.41927254,402.86688232
27.63374990,1.43685448,412.91015625
27.63624990,1.71486771,588.15423584
27.63874990,1.77803195,632.27954102
27.64124990,1.77545774,630.45001221
27.64374990,1.77465963,629.88336182
27.64624990,1.76429272,622.54571533
27.64874990,1.76320624,621.77923584
27.65124990,1.73919678,604.96105957
27.65374990,1.73703229,603.45629883
27.65624990,1.68660057,568.92431641
27.65874990,1.69943333,577.61468506
27.66124990,1.70243561,579.65740967
27.66374990,1.68996787,571.19830322
27.66624990,1.65518415,547.92687988
27.66874990,1.62418413,527.59484863
27.67124990,1.61853194,523.92919922
27.67374990,1.56192172,487.91992188
27.67624990,1.46126819,427.06091309
27.67874990,1.32630575,351.81735229
27.68124990,1.21310210,294.32336426
27.68374990,1.18128610,279.08734131
27.68624990,0.71978158,103.61710358
27.68874990,0.54352832,59.08460999
27.69124990,0.54321480,59.01646042
27.69374990,0.51734173,53.52848434
27.69624990,0.51524591,53.09567261
27.69874990,0.50005853,50.01170731
27.70124990,0.48345020,46.74481964
27.70374990,0.45507294,41.41827393
27.70624990,0.39915890,31.86556244
27.70874990,0.32674721,21.35274696
27.71124990,0.29801717,17.76284790
27.71374990,0.26943129,14.51864433
27.71624990,0.24867284,12.36763573
27.71874990,0.24655844,12.15821362
27.72124990,0.24417832,11.92461014
27.72374990,0.19844915,7.87641239
27.72624990,0.15162571,4.59807110
27.72874990,0.10628217,2.25917983
27.73124990,0.08725140,1.52256143
27.73374990,0.08822826,1.55684495
27.73624990,0.09120767,1.66376770
27.73874990,0.09008795,1.62316787
27.74124990,0.08981950,1.61350846
27.74374990,0.08906706,1.58658850
27.74624990,0.08999050,1.61965787
27.74874990,0.08969472,1.60902870
27.75124990,0.08851769,1.56707621
27.75374990,0.09117352,1.66252232
27.75624990,0.09115332,1.66178536
27.75874990,0.08852531,1.56734633
27.76124990,0.08793481,1.54650593
27.76374990,0.09143653,1.67212772
27.76624990,0.09306048,1.73205042
27.76874990,0.09282304,1.72322345
27.77124990,0.09068809,1.64486623
27.77374990,0.08820508,1.55602753
27.77624990,0.08811746,1.55293727
27.77874990,0.08695064,1.51208293
27.78124990,0.08708415,1.51672983
27.78374990,0.08661526,1.50044084
27.78624990,0.08594045,1.47715211
27.78874990,0.08639771,1.49291301
27.79124990,0.08429301,1.42106223
27.79374990,0.08410453,1.41471446
27.79624990,0.08297580,1.37699676
27.79874990,0.08177521,1.33743703
27.80124990,0.07659224,1.17327428
27.80374990,0.07212669,1.04045165
27.80624990,0.07215477,1.04126203
27.80874990,0.07310869,1.06897604
27.81124990,0.06877977,0.94613135
27.81374990,0.06354486,0.80758989
27.81624990,0.06160835,0.75911772
27.81874990,0.06368062,0.81104434
27.82124990,0.06307431,0.79567379
27.82374990,0.06058792,0.73417932
27.82624990,0.05627672,0.63341391
27.82874990,0.05834208,0.68075955
27.83124990,0.06061604,0.73486096
27.83374990,0.05983781,0.71611273
27.83624990,0.05832307,0.68031609
27.83874990,0.05773339,0.66662884
27.84124990,0.06116724,0.74828613
27.84374990,0.06119027,0.74884999
27.84624990,0.06279424,0.78862333
27.84874990,0.06334374,0.80248582
27.85124990,0.06449559,0.83193636
27.85374990,0.06841000,0.93598568
27.85624990,0.06820539,0.93039513
27.85874990,0.06863229,0.94207823
27.86124990,0.07026030,0.98730206
27.86374990,0.07407968,1.09755981
27.86624990,0.07272764,1.05786192
27.86874990,0.07203055,1.03768003
27.87124990,0.07141791,1.02010369
27.87374990,0.07415731,1.09986150
27.87624990,0.07218647,1.04217732
27.87874990,0.07157440,1.02457881
27.88124990,0.07051580,0.99449551
27.88374990,0.07246135,1.05012941
27.88624990,0.07048624,0.99366194
27.88874990,0.07146372,1.02141261
27.89124990,0.06885246,0.94813240
27.89374990,0.07194263,1.03514826
27.89624990,0.07038888,0.99091887
27.89874990,0.07038270,0.99074477
27.90124990,0.06965527,0.97037137
27.90374990,0.06669971,0.88977039
27.90624990,0.06818508,0.92984092
27.90874990,0.06786377,0.92109835
27.91124990,0.06888212,0.94894922
27.91374990,0.06333780,0.80233538
27.91624990,0.06342956,0.80466199
27.91874990,0.06441077,0.82974935
27.92124990,0.06682946,0.89323521
27.92374990,0.06348152,0.80598056
27.92624990,0.06513782,0.84858710
27.92874990,0.06426445,0.82598400
27.93124990,0.06611048,0.87411910
27.93374990,0.06371863,0.81201291
27.93624990,0.06642622,0.88248843
27.93874990,0.06478908,0.83952492
27.94124990,0.06654704,0.88570184
27.94374990,0.06318003,0.79834318
27.94624990,0.06520789,0.85041374
27.94874990,0.06563340,0.86154872
27.95124990,0.06590138,0.86859834
27.95374990,0.06487788,0.84182787
27.95624990,0.06513450,0.84850061
27.95874990,0.06541958,0.85594410
27.96124990,0.06253021,0.78200543
27.96374990,0.06427949,0.82637048
27.96624990,0.06697252,0.89706391
27.96874990,0.06544582,0.85663110
27.97124990,0.06291408,0.79163635
27.97374990,0.06411477,0.82214087
27.97624990,0.06546465,0.85712421
27.97874990,0.06443937,0.83048654
27.98124990,0.06373461,0.81242019
27.98374990,0.06739520,0.90842259
27.98624990,0.06660867,0.88734317
27.98874990,0.06519845,0.85016757
27.99124990,0.06456152,0.83363807
27.99374990,0.06795835,0.92366755
27.99624990,0.06580756,0.86612695
27.99874990,0.06468985,0.83695537
28.00124990,0.06584139,0.86701775
28.00374990,0.06483749,0.84078014
28.00624990,0.06379826,0.81404376
28.00874990,0.06584974,0.86723769
28.01124990,0.06763349,0.91485792
28.01374990,0.06502793,0.84572625
28.01624990,0.06596420,0.87025523
28.01874990,0.06737766,0.90794986
28.02124990,0.06850246,0.93851733
28.02374990,0.06700189,0.89785075
28.02624990,0.06672356,0.89040649
28.02874990,0.06708117,0.89997655
28.03124990,0.06546686,0.85718185
28.03374990,0.06331798,0.80183315
28.03624990,0.06604406,0.87236369
28.03874990,0.06717552,0.90251029
28.04124990,0.06741867,0.90905541
28.04374990,0.06727736,0.90524864
28.04624990,0.07041521,0.99166048
28.04874990,0.07355700,1.08212650
28.05124990,0.07292273,1.06354487
28.05374990,0.07499772,1.12493169
28.05624990,0.07432194,1.10475016
28.05874990,0.07301743,1.06630909
28.06124990,0.07288444,1.06242847
28.06374990,0.07293434,1.06388354
28.06624990,0.07174940,1.02959538
28.06874990,0.07250212,1.05131161
28.07124990,0.07104399,1.00944972
28.07374990,0.07258715,1.05377889
28.07624990,0.07337794,1.07686448
28.07874990,0.07437856,1.10643411
28.08124990,0.07735202,1.19666684
28.08374990,0.07888470,1.24455917
28.08624990,0.07615207,1.15982771
28.08874990,0.07495948,1.12378466
28.09124990,0.07802837,1.21768546
28.09374990,0.08447879,1.42733312
28.09624990,0.08203495,1.34594655
28.09874990,0.07882003,1.24251962
28.10124990,0.08152187,1.32916307
28.10374990,0.07991690,1.27734232
28.10624990,0.08125510,1.32047832
28.10874990,0.08047896,1.29537249
28.11124990,0.07910015,1.25136662
28.11374990,0.08007062,1.28226089
28.11624990,0.08100706,1.31242871
28.11874990,0.07863694,1.23675394
28.12124990,0.08093516,1.31009996
28.12374990,0.08327658,1.38699782
28.12624990,0.08139296,1.32496262
28.12874990,0.08167088,1.33402658
28.13124990,0.08522160,1.45254433
28.13374990,0.08663128,1.50099576
28.13624990,0.08564887,1.46714580
28.13874990,0.08810729,1.55257881
28.14124990,0.08597074,1.47819388
28.14374990,0.07895731,1.24685144
28.14624990,0.08328750,1.38736153
28.14874990,0.08754881,1.53295863
28.15124990,0.08573295,1.47002792
28.15374990,0.09086502,1.65129042
28.15624990,0.09353071,1.74959850
28.15874990,0.09248038,1.71052396
28.16124990,0.09715371,1.88776863
28.16374990,0.09941769,1.97677541
28.16624990,0.09777452,1.91197133
28.16874990,0.09914296,1.96586549
28.17124990,0.10039765,2.01593757
28.17374990,0.09714794,1.88754439
28.17624990,0.10131550,2.05296612
28.17874990,0.10163556,2.06595755
28.18124990,0.09615770,1.84926045
28.18374990,0.09551823,1.82474637
28.18624990,0.10135420,2.05453491
28.18874990,0.09915432,1.96631575
28.19124990,0.10246596,2.09985447
28.19374990,0.10252713,2.10236239
28.19624990,0.09883021,1.95348203
28.19874990,0.09707417,1.88467884
28.20124990,0.10088857,2.03570056
28.20374990,0.09634592,1.85650730
28.20624990,0.09517580,1.81168652
28.20874990,0.09571373,1.83222353
28.21124990,0.09134505,1.66878366
28.21374990,0.08994981,1.61819363
28.21624990,0.09062906,1.64272499
28.21874990,0.08919278,1.59107029
28.22124990,0.09359533,1.75201678
28.22374990,0.09357880,1.75139844
28.22624990,0.08833156,1.56049275
28.22874990,0.08990169,1.61646295
28.23124990,0.09011722,1.62422287
28.23374990,0.08789407,1.54507339
28.23624990,0.08569711,1.46879864
28.23874990,0.08617815,1.48533452
28.24124990,0.08074483,1.30394530
28.24374990,0.07973956,1.27167940
28.24624990,0.07988094,1.27619278
28.24874990,0.07905532,1.24994862
28.25124990,0.07512296,1.12869167
28.25374990,0.07523242,1.13198328
28.25624990,0.07436685,1.10608578
28.25874990,0.07784437,1.21194935
28.26124990,0.07742708,1.19899058
28.26374990,0.07723977,1.19319665
28.26624990,0.07717630,1.19123626
28.26874990,0.07740747,1.19838333
28.27124990,0.06957570,0.96815574
28.27374990,0.07207932,1.03908551
28.27624990,0.07188395,1.03346062
28.27874990,0.07171644,1.02864957
28.28124990,0.07124540,1.01518154
28.28374990,0.07003412,0.98095542
28.28624990,0.06666079,0.88873219
28.28874990,0.06594681,0.86979640
28.29124990,0.06873687,0.94495147
28.29374990,0.07427317,1.10330081
28.29624990,0.07440588,1.10724688
28.29874990,0.07305382,1.06737208
28.30124990,0.07487647,1.12129724
28.30374990,0.07541319,1.13742995
28.30624990,0.07561357,1.14348257
28.30874990,0.07143484,1.02058721
28.31124990,0.07196993,1.03593421
28.31374990,0.07040056,0.99124765
28.31624990,0.06847073,0.93764812
28.31874990,0.06827464,0.93228525
28.32124990,0.06762458,0.91461664
28.32374990,0.06694224,0.89625263
28.32624990,0.06698973,0.89752489
28.32874990,0.06510167,0.84764540
28.33124990,0.06921536,0.95815307
28.33374990,0.06955969,0.96771014
28.33624990,0.06849875,0.93841577
28.33874990,0.06868369,0.94348979
28.34124990,0.06518061,0.84970260
28.34374990,0.06020244,0.72486675
28.34624990,0.05990445,0.71770853
28.34874990,0.05974444,0.71387959
28.35124990,0.05423297,0.58824301
28.35374990,0.05278901,0.55733585
28.35624990,0.05200169,0.54083514
28.35874990,0.05378270,0.57851565
28.36124990,0.05302857,0.56240588
28.36374990,0.05846656,0.68366778
28.36624990,0.05823394,0.67823833
28.36874990,0.05813053,0.67583168
28.37124990,0.05721150,0.65463114
28.37374990,0.05552667,0.61664218
28.37624990,0.05930919,0.70351601
28.37874990,0.05707668,0.65154946
28.38124990,0.05187882,0.53828245
28.38374990,0.05352710,0.57303017
28.38624990,0.05199424,0.54068023
28.38874990,0.05299190,0.56162828
28.39124990,0.05406281,0.58455753
28.39374990,0.05106575,0.52154225
28.39624990,0.05299215,0.56163365
28.39874990,0.05249807,0.55120957
28.40124990,0.05232594,0.54760075
28.40374990,0.05393513,0.58179963
28.40624990,0.05123216,0.52494693
28.40874990,0.05184238,0.53752655
28.41124990,0.05464147,0.59713805
28.41374990,0.04829021,0.46638882
28.41624990,0.05362852,0.57520348
28.41874990,0.05358947,0.57436633
28.42124990,0.05359314,0.57444489
28.42374990,0.05370981,0.57694876
28.42624990,0.04940386,0.48814833
28.42874990,0.05524939,0.61049891
28.43124990,0.05572489,0.62105262
28.43374990,0.06352054,0.80697173
28.43624990,0.08125941,1.32061827
28.43874990,0.14357440,4.12272167
28.44124990,0.16430220,5.39904213
28.44374990,0.16915852,5.72292137
28.44624990,0.23628880,11.16647911
28.44874990,0.25229689,12.73074627
28.45124990,0.26626447,14.17935371
28.45374990,0.36850083,27.15856934
28.45624990,0.37286848,27.80618286
28.45874990,0.70321250,98.90155792
28.46124990,0.70609486,99.71398926
28.46374990,0.80530190,129.70222473
28.46624990,0.84968215,144.39193726
28.46874990,0.85354435,145.70759583
28.47124990,1.19406545,285.15844727
28.47374990,1.26001203,317.52606201
28.47624990,1.32047689,348.73184204
28.47874990,1.32047391,348.73028564
28.48124990,1.46307003,428.11477661
28.48374990,1.46370482,428.48635864
28.48624990,1.46292627,428.03067017
28.48874990,1.82318676,664.80200195
28.49124990,1.96681643,773.67333984
28.49374990,2.33112955,1086.83288574
28.49624990,2.49413514,1244.14196777
28.49874990,2.50381470,1253.81762695
28.50124990,2.94191885,1730.97753906
28.50374990,3.07624364,1892.65502930
28.50624990,3.21916628,2072.60620117
28.50874990,3.17698669,2018.64880371
28.51124990,3.17759037,2019.41601562
28.51374990,3.15633059,1992.48437500
28.51624990,3.19914174,2046.90173340
28.51874990,3.21548772,2067.87231445
28.52124990,3.27251625,2141.87231445
28.52374990,3.24818850,2110.14550781
28.52624990,3.22427082,2079.18457031
28.52874990,3.41246486,2328.98339844
28.53124990,3.40921259,2324.54614258
28.53374990,3.44092727,2367.99609375
28.53624990,3.44157529,2368.88818359
28.53874990,3.30905151,2189.96435547
28.54124990,3.23766422,2096.49389648
28.54374990,3.05127954,1862.06152344
28.54624990,2.93113399,1718.30944824
28.54874990,2.92919922,1716.04150391
28.55124990,2.48800874,1238.03759766
28.55374990,2.30761051,1065.01330566
28.55624990,2.10434723,885.65539551
28.55874990,2.08500171,869.44647217
28.56124990,2.08424139,868.81237793
28.56374990,2.08141518,866.45782471
28.56624990,1.99658740,797.27227783
28.56874990,1.96859300,775.07171631
28.57124990,1.67574537,561.62451172
28.57374990,1.67514789,561.22412109
28.57624990,1.67482376,561.00695801
28.57874990,1.24715090,311.07708740
28.58124990,1.08676946,236.21359253
28.58374990,0.98020685,192.16108704
28.58624990,0.97782832,191.22964478
28.58874990,0.80794680,130.55560303
28.59124990,0.75453764,113.86541748
28.59374990,0.41728753,34.82577515
28.59624990,0.28093049,15.78438759
28.59874990,0.18451868,6.80942822
28.60124990,0.17625552,6.21320200
28.60374990,0.15081424,4.54898691
28.60624990,0.12884061,3.31998014
28.60874990,0.10862655,2.35994554
28.61124990,0.08333429,1.38892078
28.61374990,0.05903013,0.69691133
28.61624990,0.05775484,0.66712433
28.61874990,0.05405129,0.58430856
28.62124990,0.05321130,0.56628853
28.62374990,0.03971411,0.31544212
28.62624990,0.03792058,0.28759405
28.62874990,0.03796829,0.28831828
28.63124990,0.03304343,0.21837357
28.63374990,0.03306450,0.21865220
28.63624990,0.03161968,0.19996086
28.63874990,0.03175593,0.20168783
28.64124990,0.03122497,0.19499971
28.64374990,0.03031970,0.18385684
28.64624990,0.03025887,0.18311980
28.64874990,0.03235374,0.20935294
28.65124990,0.03196821,0.20439325
28.65374990,0.03230599,0.20873538
28.65624990,0.03108570,0.19326411
28.65874990,0.02939096,0.17276572
28.66124990,0.02738898,0.15003122
28.66374990,0.03203239,0.20521480
28.66624990,0.03222318,0.20766674
28.66874990,0.03316276,0.21995369
28.67124990,0.03449569,0.23799047
28.67374990,0.03793654,0.28783622
28.67624990,0.03804654,0.28950787
28.67874990,0.03995437,0.31927031
28.68124990,0.03840205,0.29494348
28.68374990,0.03887912,0.30231711
28.68624990,0.03896216,0.30361000
28.68874990,0.04063027,0.33016381
28.69124990,0.04086020,0.33391121
28.69374990,0.04120623,0.33959064
28.69624990,0.04121225,0.33968988
28.69874990,0.03974145,0.31587657
28.70124990,0.03906534,0.30522013
28.70374990,0.03865338,0.29881680
28.70624990,0.03935335,0.30973721
28.70874990,0.04020764,0.32333082
28.71124990,0.04144666,0.34356511
28.71374990,0.03691227,0.27250305
28.71624990,0.03689655,0.27227107
28.71874990,0.03618672,0.26189578
28.72124990,0.03575274,0.25565168
28.72374990,0.03162988,0.20008984
28.72624990,0.03166027,0.20047447
28.72874990,0.02919281,0.17044397
28.73124990,0.02917784,0.17026931
28.73374990,0.02877473,0.16559699
28.73624990,0.02896765,0.16782491
28.73874990,0.02658283,0.14132933
28.74124990,0.02613440,0.13660134
28.74374990,0.02503048,0.12530501
28.74624990,0.02593228,0.13449663
28.74874990,0.02525062,0.12751871
28.75124990,0.02813528,0.15831885
28.75374990,0.02834058,0.16063772
28.75624990,0.02810522,0.15798068
28.75874990,0.02689182,0.14463404
28.76124990,0.02466269,0.12164964
28.76374990,0.02504651,0.12546553
28.76624990,0.02631432,0.13848872
28.76874990,0.02808241,0.15772435
28.77124990,0.02689111,0.14462632
28.77374990,0.02608986,0.13613619
28.77624990,0.02868728,0.16459195
28.77874990,0.02863177,0.16395567
28.78124990,0.03273775,0.21435209
28.78374990,0.03261215,0.21271051
28.78624990,0.03235882,0.20941868
28.78874990,0.03205611,0.20551881
28.79124990,0.03195240,0.20419119
28.79374990,0.03500435,0.24506089
28.79624990,0.03451416,0.23824546
28.79874990,0.03535815,0.25003970
28.80124990,0.03300688,0.21789086
28.80374990,0.03285874,0.21593928
28.80624990,0.03223998,0.20788327
28.80874990,0.03272144,0.21413857
28.81124990,0.03428724,0.23512292
28.81374990,0.03408448,0.23235041
28.81624990,0.03713280,0.27576891
28.81874990,0.03855012,0.29722241
28.82124990,0.03855024,0.29722410
28.82374990,0.03875777,0.30043295
28.82624990,0.03797115,0.28836173
28.82874990,0.04076528,0.33236161
28.83124990,0.03840214,0.29494488
28.83374990,0.03900685,0.30430681
28.83624990,0.04161819,0.34641474
28.83874990,0.04177796,0.34907952
28.84124990,0.04178888,0.34926218
28.84374990,0.03925536,0.30819663
28.84624990,0.03975150,0.31603640
28.84874990,0.03916505,0.30678031
28.85124990,0.03929285,0.30878565
28.85374990,0.03972678,0.31564349
28.85624990,0.04059635,0.32961273
28.85874990,0.04000979,0.32015675
28.86124990,0.04141533,0.34304592
28.86374990,0.04214966,0.35531873
28.86624990,0.03903825,0.30479696
28.86874990,0.03607340,0.26025802
28.87124990,0.03851153,0.29662761
28.87374990,0.04069969,0.33129299
28.87624990,0.04177346,0.34900445
28.87874990,0.04188303,0.35083765
28.88124990,0.04286272,0.36744249
28.88374990,0.04230122,0.35787863
28.88624990,0.04550422,0.41412687
28.88874990,0.04897156,0.47964272
28.89124990,0.04980754,0.49615818
28.89374990,0.04985192,0.49704283
28.89624990,0.04961611,0.49235159
28.89874990,0.05257913,0.55291301
28.90124990,0.05414714,0.58638263
28.90374990,0.05377832,0.57842159
28.90624990,0.05339918,0.57029438
28.90874990,0.05511555,0.60754472
28.91124990,0.05363103,0.57525754
28.91374990,0.05273301,0.55615401
28.91624990,0.05233152,0.54771757
28.91874990,0.05423007,0.58818012
28.92124990,0.05302391,0.56230706
28.92374990,0.05179001,0.53644103
28.92624990,0.05100403,0.52028221
28.92874990,0.04920751,0.48427582
28.93124990,0.05111077,0.52246219
28.93374990,0.05145303,0.52948284
28.93624990,0.04650698,0.43257982
28.93874990,0.04410993,0.38913712
28.94124990,0.05220661,0.54510593
28.94374990,0.05590589,0.62509370
28.94624990,0.05640385,0.63627893
28.94874990,0.05605055,0.62833279
28.95124990,0.05448176,0.59365237
28.95374990,0.06572168,0.86386776
28.95624990,0.06639192,0.88157725
28.95874990,0.06500746,0.84519410
28.96124990,0.06688638,0.89475763
28.96374990,0.07108631,1.01065266
28.96624990,0.07118401,1.01343274
28.96874990,0.07213534,1.04070139
28.97124990,0.07457180,1.11219072
28.97374990,0.07927630,1.25694633
28.97624990,0.07895201,1.24668384
28.97874990,0.07888095,1.24444079
28.98124990,0.07927141,1.25679135
28.98374990,0.07972343,1.27116513
28.98624990,0.08165385,1.33347011
28.98874990,0.08305284,1.37955475
28.99124990,0.07777689,1.20984900
28.99374990,0.08181314,1.33867800
28.99624990,0.08348552,1.39396656
28.99874990,0.08217025,1.35038984
29.00124990,0.08258422,1.36403084
29.00374990,0.07615726,1.15998578
29.00624990,0.08143819,1.32643580
29.00874990,0.08230945,1.35496914
29.01124990,0.08048385,1.29553020
29.01374990,0.08016183,1.28518391
29.01624990,0.08183879,1.33951771
29.01874990,0.08016721,1.28535628
29.02124990,0.07758167,1.20378327
29.02374990,0.07600421,1.15532827
29.02624990,0.08080792,1.30598378
29.02874990,0.08286970,1.37347758
29.03124990,0.08183830,1.33950162
29.03374990,0.08345437,1.39292622
29.03624990,0.08401812,1.41180873
29.03874990,0.08650462,1.49660993
29.04124990,0.08783150,1.54287446
29.04374990,0.08192391,1.34230542
29.04624990,0.07989332,1.27658844
29.04874990,0.08010413,1.28333449
29.05124990,0.07967280,1.26955092
29.05374990,0.07775129,1.20905256
29.05624990,0.07176147,1.02994156
29.05874990,0.07072792,1.00048769
29.06124990,0.07049605,0.99393874
29.06374990,0.06948932,0.96575290
29.06624990,0.07009797,0.98274505
29.06874990,0.07052723,0.99481797
29.07124990,0.07099962,1.00818920
29.07374990,0.06963443,0.96979082
29.07624990,0.06719564,0.90305084
29.07874990,0.06586756,0.86770713
29.08124990,0.06422790,0.82504463
29.08374990,0.06297692,0.79321849
29.08624990,0.05955860,0.70944536
29.08874990,0.05349038,0.57224405
29.09124990,0.05108182,0.52187037
29.09374990,0.05200044,0.54080904
29.09624990,0.05479997,0.60060728
29.09874990,0.05493335,0.60353470
29.10124990,0.05982804,0.71587896
29.10374990,0.06039321,0.72946811
29.10624990,0.06114049,0.74763185
29.10874990,0.06198467,0.76841986
29.11124990,0.07067658,0.99903584
29.11374990,0.07100971,1.00847590
29.11624990,0.06835369,0.93444532
29.11874990,0.07403631,1.09627485
29.12124990,0.07398535,1.09476638
29.12374990,0.07198162,1.03627050
29.12624990,0.06904507,0.95344454
29.12874990,0.07157787,1.02467835
29.13124990,0.07175636,1.02979517
29.13374990,0.07072964,1.00053656
29.13624990,0.07138415,1.01913953
29.13874990,0.07074827,1.00106359
29.14124990,0.07305311,1.06735122
29.14374990,0.07287835,1.06225061
29.14624990,0.07289066,1.06260991
29.14874990,0.07482821,1.11985230
29.15124990,0.07179184,1.03081369
29.15374990,0.07413895,1.09931695
29.15624990,0.07318386,1.07117546
29.15874990,0.07563263,1.14405906
29.16124990,0.06884176,0.94783777
29.16374990,0.06831400,0.93336052
29.16624990,0.07087760,1.00472677
29.16874990,0.07045450,0.99276721
29.17124990,0.07010182,0.98285311
29.17374990,0.07255927,1.05296969
29.17624990,0.07523835,1.13216186
29.17874990,0.07160525,1.02546239
29.18124990,0.07143157,1.02049387
29.18374990,0.07184400,1.03231215
29.18624990,0.07378960,1.08898115
29.18874990,0.07413179,1.09910440
29.19124990,0.07186081,1.03279519
29.19374990,0.07416514,1.10009372
29.19624990,0.07447698,1.10936403
29.19874990,0.07183687,1.03210711
29.20124990,0.07137461,1.01886714
29.20374990,0.07059110,0.99662077
29.20624990,0.07057218,0.99608654
29.20874990,0.07186633,1.03295374
29.21124990,0.07454016,1.11124706
29.21374990,0.07605102,1.15675151
29.21624990,0.07369435,1.08617139
29.21874990,0.07331625,1.07505429
29.22124990,0.07618146,1.16072297
29.22374990,0.07598808,1.15483749
29.22624990,0.07297695,1.06512690
29.22874990,0.07326724,1.07361746
29.23124990,0.07318786,1.07129252
29.23374990,0.07268072,1.05649734
29.23624990,0.07458957,1.11272085
29.23874990,0.07474738,1.11743402
29.24124990,0.07513270,1.12898445
29.24374990,0.07343608,1.07857156
29.24624990,0.07587180,1.15130615
29.24874990,0.07626912,1.16339576
29.25124990,0.07626780,1.16335535
29.25374990,0.07426108,1.10294151
29.25624990,0.07468082,1.11544502
29.25874990,0.07053869,0.99514139
29.26124990,0.06737468,0.90786964
29.26374990,0.06315020,0.79758942
29.26624990,0.06312568,0.79697037
29.26874990,0.06016158,0.72388321
29.27124990,0.05682612,0.64584148
29.27374990,0.05342201,0.57078224
29.27624990,0.06141868,0.75445080
29.27874990,0.06247957,0.78073925
29.28124990,0.06448174,0.83157873
29.28374990,0.07052498,0.99475467
29.28624990,0.07017680,0.98495656
29.28874990,0.07234593,1.04678655
29.29124990,0.07320499,1.07179415
29.29374990,0.07204229,1.03801858
29.29624990,0.06672965,0.89056915
29.29874990,0.07141257,1.01995099
29.30124990,0.07116556,1.01290739
29.30374990,0.07145701,1.02122080
29.30624990,0.08491232,1.44202042
29.30874990,0.08666619,1.50220573
29.31124990,0.08580612,1.47253811
29.31374990,0.08896328,1.58289301
29.31624990,0.09705409,1.88389897
29.31874990,0.09692338,1.87882841
29.32124990,0.09912606,1.96519518
29.32374990,0.09971634,1.98866951
29.32624990,0.09636536,1.85725677
29.32874990,0.09561197,1.82832968
29.33124990,0.10017388,2.00696111
29.33374990,0.09581173,1.83597779
29.33624990,0.11482430,2.63692403
29.33874990,0.13745032,3.77851772
29.34124990,0.18658502,6.96279430
29.34374990,0.23151661,10.71998978
29.34624990,0.23226589,10.78948879
29.34874990,0.32768080,21.47494316
29.35124990,0.33108276,21.92315865
29.35374990,0.34509307,23.81784630
29.35624990,0.36045298,25.98526955
29.35874990,0.43793067,38.35665894
29.36124990,0.58044571,67.38344574
29.36374990,0.74729294,111.68936157
29.36624990,0.80540544,129.73558044
29.36874990,0.81534827,132.95855713
29.37124990,1.19487119,285.54345703
29.37374990,1.19482028,285.51907349
29.37624990,1.19564736,285.91455078
29.37874990,1.32557118,351.42776489
29.38124990,1.42362320,405.34060669
29.38374990,1.45321012,422.36392212
29.38624990,1.53832126,473.28646851
29.38874990,1.56721866,491.23486328
29.39124990,1.77378583,629.26324463
29.39374990,2.12274742,901.21130371
29.39624990,2.29077816,1049.53283691
29.39874990,2.59041262,1342.04760742
29.40124990,2.59075308,1342.40039062
29.40374990,2.63505530,1388.70336914
29.40624990,2.98139548,1777.74365234
29.40874990,3.19448829,2040.95092773
29.41124990,3.29979420,2177.72851562
29.41374990,3.27047658,2139.20361328
29.41624990,3.31723928,2200.81518555
29.41874990,3.42287111,2343.20947266
29.42124990,3.39816618,2309.50659180
29.42374990,3.41640759,2334.36816406
29.42624990,3.41608000,2333.92041016
29.42874990,3.38480115,2291.37597656
29.43124990,3.34769893,2241.41748047
29.43374990,3.36439252,2263.82739258
29.43624990,3.32795167,2215.05224609
29.43874990,3.32218575,2207.38354492
29.44124990,3.22005439,2073.75000000
29.44374990,2.99993157,1799.91796875
29.44624990,2.87386441,1651.81945801
29.44874990,2.59666872,1348.53771973
29.45124990,2.59639859,1348.25708008
29.45374990,2.54994845,1300.44738770
29.45624990,2.13174343,908.86596680
29.45874990,1.77935719,633.22241211
29.46124990,1.52943587,467.83480835
29.46374990,1.52162194,463.06668091
29.46624990,1.38532305,383.82400513
29.46874990,1.09331954,239.06953430
29.47124990,0.77563959,120.32334900
29.47374990,0.69087875,95.46268463
29.47624990,0.69103771,95.50662231
29.47874990,0.60304236,72.73201752
29.48124990,0.58611006,68.70500183
29.48374990,0.38286430,29.31701469
29.48624990,0.36226532,26.24723053
29.48874990,0.27178466,14.77338219
29.49124990,0.19017570,7.23335838
29.49374990,0.16540679,5.47188091
29.49624990,0.16253144,5.28329325
29.49874990,0.16262974,5.28968620
29.50124990,0.15466705,4.78437948
29.50374990,0.14803638,4.38295317
29.50624990,0.14708638,4.32688093
29.50874990,0.14727557,4.33801889
29.51124990,0.14061481,3.95450473
29.51374990,0.11950765,2.85641551
29.51624990,0.10358569,2.14599895
29.51874990,0.07757138,1.20346391
29.52124990,0.07077559,1.00183702
29.52374990,0.07179707,1.03096390
29.52624990,0.07104797,1.00956285
29.52874990,0.06345157,0.80522025
29.53124990,0.05692920,0.64818680
29.53374990,0.05485911,0.60190445
29.53624990,0.05519529,0.60930407
29.53874990,0.05477662,0.60009557
29.54124990,0.05149218,0.53028905
29.54374990,0.04637104,0.43005466
29.54624990,0.04059187,0.32954007
29.54874990,0.03634381,0.26417452
29.55124990,0.03788808,0.28710133
29.55374990,0.04027934,0.32448512
29.55624990,0.04104560,0.33694831
29.55874990,0.03994219,0.31907573
29.56124990,0.03799786,0.28876749
29.56374990,0.03857515,0.29760844
29.56624990,0.03956094,0.31301364
29.56874990,0.04084002,0.33358151
29.57124990,0.03954513,0.31276348
29.57374990,0.03777566,0.28540012
29.57624990,0.03711679,0.27553117
29.57874990,0.03939583,0.31040627
29.58124990,0.04075377,0.33217400
29.58374990,0.04201381,0.35303199
29.58624990,0.04184891,0.35026634
29.58874990,0.04097697,0.33582237
29.59124990,0.04101142,0.33638728
29.59374990,0.04052330,0.32842755
29.59624990,0.04286483,0.36747879
29.59874990,0.04281318,0.36659366
29.60124990,0.04036463,0.32586065
29.60374990,0.03806191,0.28974187
29.60624990,0.03813968,0.29092708
29.60874990,0.03873969,0.30015278
29.61124990,0.03936981,0.30999649
29.61374990,0.03700316,0.27384683
29.61624990,0.03572447,0.25524756
29.61874990,0.03389072,0.22971623
29.62124990,0.03322572,0.22078975
29.62374990,0.03467101,0.24041575
29.62624990,0.03436020,0.23612472
29.62874990,0.03218683,0.20719841
29.63124990,0.03056059,0.18678996
29.63374990,0.02867551,0.16445693
29.63624990,0.02825052,0.15961832
29.63874990,0.02936921,0.17251016
29.64124990,0.02922008,0.17076260
29.64374990,0.03123336,0.19510460
29.64624990,0.02882494,0.16617548
29.64874990,0.02869365,0.16466507
29.65124990,0.02858669,0.16343983
29.65374990,0.03006608,0.18079379
29.65624990,0.02857038,0.16325332
29.65874990,0.02784728,0.15509425
29.66124990,0.02699688,0.14576636
29.66374990,0.02794798,0.15621789
29.66624990,0.02768113,0.15324904
29.66874990,0.02741121,0.15027489
29.67124990,0.02771654,0.15364133
29.67374990,0.02626557,0.13797607
29.67624990,0.02542687,0.12930518
29.67874990,0.02482068,0.12321323
29.68124990,0.02469660,0.12198441
29.68374990,0.02488335,0.12383626
29.68624990,0.02513008,0.12630421
29.68874990,0.02405226,0.11570224
29.69124990,0.02360909,0.11147782
29.69374990,0.01984070,0.07873070
29.69624990,0.01902981,0.07242671
29.69874990,0.01937520,0.07507967
29.70124990,0.01940582,0.07531718
29.70374990,0.01688606,0.05702777
29.70624990,0.01688671,0.05703223
29.70874990,0.01668115,0.05565215
29.71124990,0.01704738,0.05812266
29.71374990,0.01522211,0.04634253
29.71624990,0.01526511,0.04660475
29.71874990,0.01588731,0.05048132
29.72124990,0.01530546,0.04685143
29.72374990,0.01419288,0.04028756
29.72624990,0.01555299,0.04837909
29.72874990,0.01555818,0.04841138
29.73124990,0.01568943,0.04923165
29.73374990,0.01572355,0.04944598
29.73624990,0.01533563,0.04703629
29.73874990,0.01641609,0.05389757
29.74124990,0.01651565,0.05455333
29.74374990,0.01699690,0.05777894
29.74624990,0.01654225,0.05472921
29.74874990,0.01682479,0.05661475
29.75124990,0.01915001,0.07334458
29.75374990,0.01956659,0.07657032
29.75624990,0.02082546,0.08673996
29.75874990,0.02082026,0.08669661
29.76124990,0.02011941,0.08095813
29.76374990,0.01988232,0.07906135
29.76624990,0.02055158,0.08447351
29.76874990,0.02224109,0.09893321
29.77124990,0.02244925,0.10079376
29.77374990,0.02417659,0.11690148
29.77624990,0.02350641,0.11051030
29.77874990,0.02379818,0.11327066
29.78124990,0.02483357,0.12334120
29.78374990,0.02574099,0.13251966
29.78624990,0.02655431,0.14102623
29.78874990,0.02561317,0.13120693
29.79124990,0.02557943,0.13086146
29.79374990,0.02696887,0.14546397
29.79624990,0.02780402,0.15461265
29.79874990,0.02828064,0.15995893
29.80124990,0.02684725,0.14415500
29.80374990,0.02696720,0.14544597
29.80624990,0.02862302,0.16385549
29.80874990,0.02955261,0.17467128
29.81124990,0.03194108,0.20404653
29.81374990,0.03206619,0.20564809
29.81624990,0.03168205,0.20075046
29.81874990,0.03066720,0.18809545
29.82124990,0.03241443,0.21013910
29.82374990,0.03280329,0.21521115
29.82624990,0.03377068,0.22809184
29.82874990,0.03388359,0.22961961
29.83124990,0.03303194,0.21822184
29.83374990,0.03375898,0.22793370
29.83624990,0.03348613,0.22426423
29.83874990,0.03643793,0.26554456
29.84124990,0.03678018,0.27055636
29.84374990,0.03556468,0.25296932
29.84624990,0.03546599,0.25156727
29.84874990,0.03716131,0.27619261
29.85124990,0.04011678,0.32187119
29.85374990,0.04100373,0.33626124
29.85624990,0.03921929,0.30763063
29.85874990,0.03903344,0.30472195
29.86124990,0.03854885,0.29720280
29.86374990,0.04105099,0.33703673
29.86624990,0.04388687,0.38521153
29.86874990,0.04362716,0.38066578
29.87124990,0.04293545,0.36869061
29.87374990,0.04455787,0.39708081
29.87624990,0.04819999,0.46464771
29.87874990,0.04974537,0.49492046
29.88124990,0.04970553,0.49412802
29.88374990,0.04993859,0.49877250
29.88624990,0.05218342,0.54462177
29.88874990,0.05408868,0.58511698
29.89124990,0.05626745,0.63320524
29.89374990,0.05623343,0.63243973
29.89624990,0.05629377,0.63379776
29.89874990,0.05734551,0.65770143
29.90124990,0.06026315,0.72632957
29.90374990,0.06176049,0.76287150
29.90624990,0.06191808,0.76676971
29.90874990,0.06173924,0.76234668
29.91124990,0.06245290,0.78007305
29.91374990,0.06430810,0.82710630
29.91624990,0.06366128,0.81055194
29.91874990,0.06363351,0.80984473
29.92124990,0.06322151,0.79939181
29.92374990,0.06601457,0.87158465
29.92624990,0.06447216,0.83133191
29.92874990,0.06320453,0.79896265
29.93124990,0.06336482,0.80302006
29.93374990,0.06568657,0.86294502
29.93624990,0.06783210,0.92023885
29.93874990,0.06615372,0.87526292
29.94124990,0.06422232,0.82490140
29.94374990,0.06427979,0.82637841
29.94624990,0.07007477,0.98209488
29.94874990,0.07018831,0.98527998
29.95124990,0.06598933,0.87091833
29.95374990,0.06400169,0.81924319
29.95624990,0.06550168,0.85809386
29.95874990,0.07114965,1.01245451
29.96124990,0.06990823,0.97743213
29.96374990,0.06669254,0.88957894
29.96624990,0.06628017,0.87861228
29.96874990,0.07049169,0.99381554
29.97124990,0.07279013,1.05968070
29.97374990,0.06869785,0.94387913
29.97624990,0.06724209,0.90429986
29.97874990,0.07097997,1.00763106
29.98124990,0.07478061,1.11842775
29.98374990,0.07180759,1.03126621
29.98624990,0.06890608,0.94960964
29.98874990,0.07395792,1.09395480
29.99124990,0.07538585,1.13660502
29.99374990,0.07530553,1.13418460
29.99624990,0.06944267,0.96445686
29.99874990,0.07311550,1.06917524
30.00124990,0.07572760,1.14693415
30.00374990,0.07563296,1.14406884
30.00624990,0.07482000,1.11960649
30.00874990,0.07285657,1.06161594
30.01124990,0.07934191,1.25902772
30.01374990,0.07936499,1.25976014
30.01624990,0.07869989,1.23873460
30.01874990,0.07630534,1.16450095
30.02124990,0.08010516,1.28336740
30.02374990,0.08004448,1.28142369
30.02624990,0.07997111,1.27907574
30.02874990,0.07919399,1.25433755
30.03124990,0.07995205,1.27846622
30.03374990,0.08000842,1.28026950
30.03624990,0.07929240,1.25745702
30.03874990,0.07786397,1.21255946
30.04124990,0.08340766,1.39136732
30.04374990,0.08342205,1.39184773
30.04624990,0.08352724,1.39536023
30.04874990,0.08350746,1.39469934
30.05124990,0.08717597,1.51993012
30.05374990,0.08716521,1.51955462
30.05624990,0.08678162,1.50620985
30.05874990,0.08846461,1.56519747
30.06124990,0.08380916,1.40479505
30.06374990,0.08419866,1.41788304
30.06624990,0.08462065,1.43213105
30.06874990,0.08529387,1.45500886
30.07124990,0.08021160,1.28678024
30.07374990,0.08010955,1.28350806
30.07624990,0.08034776,1.29115248
30.07874990,0.08234642,1.35618675
30.08124990,0.07817100,1.22214103
30.08374990,0.07822315,1.22377205
30.08624990,0.07856632,1.23453331
30.08874990,0.07934714,1.25919390
30.09124990,0.07191695,1.03440964
30.09374990,0.07253676,1.05231631
30.09624990,0.07627183,1.16347837
30.09874990,0.07213587,1.04071689
30.10124990,0.06472100,0.83776164
30.10374990,0.06469256,0.83702540
30.10624990,0.06710628,0.90065074
30.10874990,0.06154642,0.75759244
30.11124990,0.06011825,0.72284079
30.11374990,0.06227193,0.77555865
30.11624990,0.06394515,0.81779647
30.11874990,0.06151796,0.75689185
30.12124990,0.06221654,0.77417970
30.12374990,0.06764887,0.91527390
30.12624990,0.07024738,0.98693895
30.12874990,0.06489457,0.84226120
30.13124990,0.06492502,0.84305161
30.13374990,0.06844682,0.93699330
30.13624990,0.06897671,0.95155722
30.13874990,0.06287728,0.79071057
30.14124990,0.06336188,0.80294573
30.14374990,0.06326004,0.80036646
30.14624990,0.05926713,0.70251858
30.14874990,0.05782315,0.66870338
30.15124990,0.06225804,0.77521276
30.15374990,0.06261734,0.78418618
30.15624990,0.06028142,0.72676986
30.15874990,0.06528135,0.85233092
30.16124990,0.06605300,0.87259960
30.16374990,0.06343777,0.80487025
30.16624990,0.06680013,0.89245147
30.16874990,0.06876513,0.94572854
30.17124990,0.07021343,0.98598510
30.17374990,0.06655344,0.88587195
30.17624990,0.06472177,0.83778149
30.17874990,0.07104729,1.00954354
30.18124990,0.07209464,1.03952754
30.18374990,0.06872690,0.94467759
30.18624990,0.07337505,1.07677960
30.18874990,0.07938220,1.26030660
30.19124990,0.07908108,1.25076342
30.19374990,0.07896319,1.24703717
30.19624990,0.08630136,1.48958492
30.19874990,0.08615760,1.48462641
30.20124990,0.08300997,1.37813103
30.20374990,0.08819127,1.55554008
30.20624990,0.09024043,1.62866712
30.20874990,0.08688223,1.50970459
30.21124990,0.08773320,1.53942299
30.21374990,0.09171820,1.68244541
30.21624990,0.08848844,1.56604075
30.21874990,0.08772628,1.53918016
30.22124990,0.08989812,1.61633420
30.22374990,0.08931265,1.59534979
30.22624990,0.08861629,1.57056928
30.22874990,0.08625549,1.48800182
30.23124990,0.08571039,1.46925426
30.23374990,0.08564101,1.46687651
30.23624990,0.08423734,1.41918612
30.23874990,0.08241542,1.35846019
30.24124990,0.08235025,1.35631263
30.24374990,0.08212503,1.34890413
30.24624990,0.07882439,1.24265695
30.24874990,0.07962474,1.26801991
30.25124990,0.07963060,1.26820636
30.25374990,0.07666586,1.17553091
30.25624990,0.07434798,1.10552454
30.25874990,0.07364508,1.08471942
30.26124990,0.07699709,1.18571055
30.26374990,0.07368118,1.08578348
30.26624990,0.07272258,1.05771458
30.26874990,0.07800120,1.21683741
30.27124990,0.07999855,1.27995348
30.27374990,0.07946633,1.26297951
30.27624990,0.07994101,1.27811301
30.27874990,0.08371039,1.40148616
30.28124990,0.08808051,1.55163527
30.28374990,0.08826601,1.55817759
30.28624990,0.08617981,1.48539186
30.28874990,0.08261144,1.36492991
30.29124990,0.08266007,1.36653757
30.29374990,0.08780804,1.54205024
30.29624990,0.08340316,1.39121723
30.29874990,0.08271659,1.36840701
30.30124990,0.08808389,1.55175447
30.30374990,0.08654492,1.49800467
30.30624990,0.08615248,1.48444998
30.30874990,0.08858366,1.56941283
30.31124990,0.08530963,1.45554674
30.31374990,0.08566818,1.46780729
30.31624990,0.09187424,1.68817520
30.31874990,0.09102117,1.65697038
30.32124990,0.08711161,1.51768661
30.32374990,0.08727156,1.52326477
30.32624990,0.09189471,1.68892753
30.32874990,0.08814826,1.55402315
30.33124990,0.08375783,1.40307498
30.33374990,0.08601571,1.47974038
30.33624990,0.08752273,1.53204572
30.33874990,0.08914787,1.58946872
30.34124990,0.09287135,1.72501731
30.34374990,0.09138130,1.67010832
30.34624990,0.09149804,1.67437840
30.34874990,0.09663678,1.86773348
30.35124990,0.09758752,1.90466475
30.35374990,0.09665343,1.86837697
30.35624990,0.09897564,1.95923567
30.35874990,0.10033011,2.01322603
30.36124990,0.09925102,1.97015274
30.36374990,0.10253932,2.10286236
30.36624990,0.09934809,1.97400868
30.36874990,0.09530388,1.81656587
30.37124990,0.09553224,1.82528186
30.37374990,0.09715140,1.88767886
30.37624990,0.09225733,1.70228302
30.37874990,0.09328315,1.74034929
30.38124990,0.22902277,10.49028587
30.38374990,0.23530817,11.07398796
30.38624990,0.29478657,17.37982178
30.38874990,0.29809770,17.77244759
30.39124990,0.32867935,21.60602570
30.39374990,0.34550974,23.87539673
30.39624990,0.34787405,24.20327187
30.39874990,0.35604197,25.35317993
30.40124990,0.35633489,25.39491272
30.40374990,0.36105961,26.07280540
30.40624990,0.42624885,36.33761597
30.40874990,0.42618579,36.32686234
30.41124990,0.43069077,37.09890747
30.41374990,0.46328059,42.92577744
30.41624990,0.55171269,60.87738419
30.41874990,0.63628042,80.97056580
30.42124990,0.74652398,111.45961761
30.42374990,0.74702185,111.60832214
30.42624990,0.83009291,137.81083679
30.42874990,0.85460484,146.06988525
30.43124990,0.84235626,141.91281128
30.43374990,0.86825240,150.77246094
30.43624990,0.85018510,144.56294250
30.43874990,0.84910870,144.19709778
30.44124990,0.84058857,141.31784058
30.44374990,0.83376408,139.03250122
30.44624990,0.83367258,139.00199890
30.44874990,0.83027691,137.87194824
30.45124990,0.83033639,137.89170837
30.45374990,0.82835633,137.23483276
30.45624990,0.79659557,126.91290283
30.45874990,0.79625142,126.80326843
30.46124990,0.79466158,126.29740906
30.46374990,0.77550203,120.28067780
30.46624990,0.71518356,102.29750061
30.46874990,0.64221609,82.48829651
30.47124990,0.51008159,52.03664398
30.47374990,0.50900018,51.81623459
30.47624990,0.35981888,25.89392662
30.47874990,0.29654920,17.58828354
30.48124990,0.25495899,13.00081635
30.48374990,0.13220905,3.49584675
30.48624990,0.13057214,3.40981698
30.48874990,0.12938403,3.34804511
30.49124990,0.10759715,2.31542921
30.49374990,0.10577755,2.23777795
30.49624990,0.09845247,1.93857777
30.49874990,0.09545237,1.82223094
30.50124990,0.09561976,1.82862782
30.50374990,0.09593283,1.84062147
30.50624990,0.09503520,1.80633783
30.50874990,0.09769139,1.90872169
30.51124990,0.09241436,1.70808268
30.51374990,0.09461411,1.79036617
30.51624990,0.09325096,1.73914814
30.51874990,0.08530959,1.45554543
30.52124990,0.08442451,1.42549968
30.52374990,0.08529092,1.45490813
30.52624990,0.07661938,1.17410588
30.52874990,0.07521337,1.13141000
30.53124990,0.08104836,1.31376743
30.53374990,0.08092900,1.30990076
30.53624990,0.08004697,1.28150344
30.53874990,0.08568051,1.46823025
30.54124990,0.09114911,1.66163194
30.54374990,0.09262241,1.71578217
30.54624990,0.09536650,1.81895375
30.54874990,0.09776933,1.91176832
30.55124990,0.09099255,1.65592885
30.55374990,0.09562594,1.82886410
30.55624990,0.09629291,1.85446513
30.55874990,0.09314366,1.73514843
30.56124990,0.09354649,1.75018907
30.56374990,0.10132477,2.05334187
30.56624990,0.10228579,2.09247684
30.56874990,0.10226049,2.09144139
30.57124990,0.10324047,2.13171887
30.57374990,0.10260805,2.10568213
30.57624990,0.10269547,2.10927200
30.57874990,0.10380824,2.15523005
30.58124990,0.09901726,1.96088326
30.58374990,0.10293392,2.11907840
30.58624990,0.10339548,2.13812470
30.58874990,0.09815348,1.92682099
30.59124990,0.09186545,1.68785214
30.59374990,0.09235741,1.70597816
30.59624990,0.09108810,1.65940833
30.59874990,0.08949358,1.60182011
30.60124990,0.09166165,1.68037188
30.60374990,0.08578613,1.47185206
30.60624990,0.08503326,1.44613099
30.60874990,0.08950356,1.60217750
30.61124990,0.08965480,1.60759687
30.61374990,0.07999782,1.27993035
30.61624990,0.07956686,1.26617694
30.61874990,0.08070619,1.30269790
30.62124990,0.07666054,1.17536783
30.62374990,0.07657357,1.17270219
30.62624990,0.07762349,1.20508122
30.62874990,0.07645863,1.16918445
30.63124990,0.07635352,1.16597188
30.63374990,0.07259543,1.05401945
30.63624990,0.07403366,1.09619665
30.63874990,0.07737925,1.19750977
30.64124990,0.08121996,1.31933665
30.64374990,0.07866591,1.23766518
30.64624990,0.08070389,1.30262363
30.64874990,0.09773029,1.91024184
30.65124990,0.09855976,1.94280517
30.65374990,0.09948400,1.97941327
30.65624990,0.10111841,2.04498649
30.65874990,0.10496154,2.20338535
30.66124990,0.10334318,2.13596272
30.66374990,0.10219540,2.08878016
30.66624990,0.10659705,2.27258635
30.66874990,0.10577078,2.23749161
30.67124990,0.11104468,2.46618414
30.67374990,0.11200466,2.50900865
30.67624990,0.11997232,2.87867117
30.67874990,0.12186424,2.97017908
30.68124990,0.12205802,2.97963190
30.68374990,0.12081626,2.91931391
30.68624990,0.12038095,2.89831448
30.68874990,0.11838028,2.80277824
30.69124990,0.12061197,2.90944934
30.69374990,0.12085053,2.92096996
30.69624990,0.11829306,2.79864979
30.69874990,0.10153625,2.06192207
30.70124990,0.10160317,2.06464076
30.70374990,0.10097640,2.03924680
30.70624990,0.09971824,1.98874545
30.70874990,0.09425335,1.77673888
30.71124990,0.09440768,1.78256178
30.71374990,0.10007577,2.00303197
30.71624990,0.09527586,1.81549799
30.71874990,0.09816964,1.92745554
30.72124990,0.09368028,1.75519884
30.72374990,0.09250747,1.71152604
30.72624990,0.08147337,1.32758188
30.72874990,0.08122129,1.31937957
30.73124990,0.08073132,1.30350924
30.73374990,0.08612922,1.48364842
30.73624990,0.08495448,1.44345272
30.73874990,0.08599479,1.47902071
30.74124990,0.08013321,1.28426647
30.74374990,0.07937048,1.25993478
30.74624990,0.07937544,1.26009214
30.74874990,0.08010762,1.28344631
30.75124990,0.07560024,1.14307940
30.75374990,0.07532217,1.13468587
30.75624990,0.07651166,1.17080677
30.75874990,0.07436281,1.10596561
30.76124990,0.07477820,1.11835575
30.76374990,0.06700473,0.89792675
30.76624990,0.06634783,0.88040698
30.76874990,0.06745604,0.91006362
30.77124990,0.06782015,0.91991448
30.77374990,0.06783661,0.92036104
30.77624990,0.06749149,0.91102028
30.77874990,0.06287725,0.79070973
30.78124990,0.06289201,0.79108113
30.78374990,0.05716529,0.65357399
30.78624990,0.05482884,0.60124034
30.78874990,0.05807855,0.67462373
30.79124990,0.05785060,0.66933823
30.79374990,0.05811200,0.67540097
30.79624990,0.05966980,0.71209693
30.79874990,0.05865747,0.68813974
30.80124990,0.05841668,0.68250179
30.80374990,0.05881236,0.69177872
30.80624990,0.05717620,0.65382349
30.80874990,0.05652701,0.63906068
30.81124990,0.05785394,0.66941571
30.81374990,0.05834772,0.68089139
30.81624990,0.06394394,0.81776536
30.81874990,0.05899545,0.69609261
30.82124990,0.05844695,0.68320918
30.82374990,0.06209073,0.77105170
30.82624990,0.06167810,0.76083755
30.82874990,0.06166079,0.76041055
30.83124990,0.06203450,0.76965594
30.83374990,0.06243156,0.77953994
30.83624990,0.07251834,1.05178189
30.83874990,0.07138781,1.01924372
30.84124990,0.06995364,0.97870255
30.84374990,0.07078365,1.00206506
30.84624990,0.06959087,0.96857798
30.84874990,0.06964978,0.97021830
30.85124990,0.06962686,0.96958005
30.85374990,0.07273165,1.05797875
30.85624990,0.07757653,1.20362341
30.85874990,0.07806296,1.21876502
30.86124990,0.07685686,1.18139529
30.86374990,0.07781032,1.21088910
30.86624990,0.07294191,1.06410432
30.86874990,0.07220536,1.04272282
30.87124990,0.07052755,0.99482691
30.87374990,0.06734473,0.90706265
30.87624990,0.07150659,1.02263832
30.87874990,0.07191980,1.03449142
30.88124990,0.07165289,1.02682734
30.88374990,0.07030693,0.98861283
30.88624990,0.05912414,0.69913280
30.88874990,0.05974862,0.71397960
30.89124990,0.06080200,0.73937660
30.89374990,0.05935163,0.70452332
30.89624990,0.05903492,0.69702435
30.89874990,0.05888041,0.69338071
30.90124990,0.05981940,0.71567208
30.90374990,0.05607283,0.62883258
30.90624990,0.04960452,0.49212182
30.90874990,0.04992194,0.49843994
30.91124990,0.04836620,0.46785796
30.91374990,0.04569784,0.41765845
30.91624990,0.04633996,0.42947835
30.91874990,0.04955190,0.49107823
30.92124990,0.05194121,0.53957790
30.92374990,0.05193947,0.53954160
30.92624990,0.04679655,0.43798333
30.92874990,0.04890531,0.47834575
30.93124990,0.04880504,0.47638631
30.93374990,0.05016354,0.50327611
30.93624990,0.05112177,0.52268702
30.93874990,0.04662325,0.43474543
30.94124990,0.04603990,0.42393449
30.94374990,0.04633194,0.42932969
30.94624990,0.04688514,0.43964323
30.94874990,0.04648811,0.43222892
30.95124990,0.04699901,0.44178146
30.95374990,0.04745407,0.45037776
30.95624990,0.04881291,0.47654009
30.95874990,0.04648578,0.43218556
30.96124990,0.04725554,0.44661719
30.96374990,0.04871133,0.47455874
30.96624990,0.05530006,0.61161923
30.96874990,0.05248598,0.55095571
30.97124990,0.04954894,0.49101946
30.97374990,0.04957532,0.49154246
30.97624990,0.04877416,0.47578365
30.97874990,0.04753743,0.45196149
30.98124990,0.04816274,0.46392992
30.98374990,0.04598998,0.42301553
30.98624990,0.04463575,0.39847004
30.98874990,0.04410459,0.38904294
30.99124990,0.04615679,0.42608982
30.99374990,0.04618729,0.42665309
30.99624990,0.04566056,0.41697744
30.99874990,0.04566322,0.41702586
31.00124990,0.04391519,0.38570881
31.00374990,0.04573049,0.41825563
31.00624990,0.04413778,0.38962883
31.00874990,0.04425953,0.39178121
31.01124990,0.04343897,0.37738889
31.01374990,0.04173831,0.34841722
31.01624990,0.03527895,0.24892092
31.01874990,0.03575714,0.25571463
31.02124990,0.03611607,0.26087406
31.02374990,0.03611321,0.26083273
31.02624990,0.03613905,0.26120621
31.02874990,0.03543223,0.25108853
31.03124990,0.03475358,0.24156220
31.03374990,0.03491091,0.24375427
31.03624990,0.03489362,0.24351291
31.03874990,0.03782762,0.28618574
31.04124990,0.03596428,0.25868589
31.04374990,0.03530214,0.24924828
31.04624990,0.03757313,0.28234798
31.04874990,0.03808076,0.29002878
31.05124990,0.03904755,0.30494219
31.05374990,0.03601053,0.25935161
31.05624990,0.03617821,0.26177254
31.05874990,0.03693665,0.27286327
31.06124990,0.03722828,0.27718905
31.06374990,0.03726566,0.27774590
31.06624990,0.03412433,0.23289394
31.06874990,0.03466224,0.24029413
31.07124990,0.03491471,0.24380745
31.07374990,0.03548402,0.25182313
31.07624990,0.03709846,0.27525908
31.07874990,0.03629754,0.26350233
31.08124990,0.03614019,0.26122266
31.08374990,0.03669220,0.26926351
31.08624990,0.03834972,0.29414022
31.08874990,0.03546640,0.25157306
31.09124990,0.03636391,0.26446676
31.09374990,0.03632717,0.26393270
31.09624990,0.03391741,0.23007810
31.09874990,0.03331471,0.22197402
31.10124990,0.03216646,0.20693624
31.10374990,0.03559096,0.25334325
31.10624990,0.03417394,0.23357156
31.10874990,0.03332355,0.22209182
31.11124990,0.03464969,0.24012017
31.11374990,0.03849894,0.29643369
31.11624990,0.04198772,0.35259369
31.11874990,0.04108174,0.33754185
31.12124990,0.04086103,0.33392474
31.12374990,0.04032141,0.32516319
31.12624990,0.03901715,0.30446759
31.12874990,0.03898378,0.30394706
31.13124990,0.04000232,0.32003704
31.13374990,0.04035240,0.32566333
31.13624990,0.03878195,0.30080798
31.13874990,0.03884251,0.30174819
31.14124990,0.03639931,0.26498193
31.14374990,0.03698957,0.27364558
31.14624990,0.03794087,0.28790194
31.14874990,0.03819884,0.29183024
31.15124990,0.03823647,0.29240552
31.15374990,0.03743440,0.28026685
31.15624990,0.03763993,0.28335291
31.15874990,0.03733981,0.27885225
31.16124990,0.03676639,0.27035350
31.16374990,0.03796067,0.28820255
31.16624990,0.03356923,0.22537865
31.16874990,0.03378162,0.22823958
31.17124990,0.03409819,0.23253724
31.17374990,0.03482548,0.24256280
31.17624990,0.03457263,0.23905337
31.17874990,0.03431801,0.23554525
31.18124990,0.03316534,0.21998794
31.18374990,0.03231125,0.20880343
31.18624990,0.03419235,0.23382336
31.18874990,0.03667239,0.26897287
31.19124990,0.04147236,0.34399134
31.19374990,0.04350062,0.37846088
31.19624990,0.04267452,0.36422294
31.19874990,0.04273410,0.36524060
31.20124990,0.04302541,0.37023717
31.20374990,0.04117659,0.33910230
31.20624990,0.04129878,0.34111792
31.20874990,0.04152477,0.34486127
31.21124990,0.04067929,0.33096090
31.21374990,0.03723430,0.27727866
31.21624990,0.03766124,0.28367379
31.21874990,0.03755513,0.28207752
31.22124990,0.04045108,0.32725787
31.22374990,0.04058406,0.32941318
31.22624990,0.04428884,0.39230022
31.22874990,0.04494248,0.40396529
31.23124990,0.04568261,0.41738021
31.23374990,0.04641078,0.43079209
31.23624990,0.04613741,0.42573217
31.23874990,0.04418325,0.39043185
31.24124990,0.04042047,0.32676291
31.24374990,0.03793225,0.28777111
31.24624990,0.03933552,0.30945653
31.24874990,0.03950516,0.31213155
31.25124990,0.03910476,0.30583653
31.25374990,0.03823184,0.29233474
31.25624990,0.03860608,0.29808584
31.25874990,0.03851237,0.29664057
31.26124990,0.03993042,0.31888768
31.26374990,0.03887322,0.30222550
31.26624990,0.03920625,0.30742604
31.26874990,0.03912662,0.30617848
31.27124990,0.03612512,0.26100478
31.27374990,0.03646161,0.26588979
31.27624990,0.03243016,0.21034300
31.27874990,0.03400621,0.23128441
31.28124990,0.03301064,0.21794039
31.28374990,0.03161579,0.19991165
31.28624990,0.03019780,0.18238139
31.28874990,0.03472249,0.24113026
31.29124990,0.03422916,0.23432705
31.29374990,0.03498222,0.24475111
31.29624990,0.03374824,0.22778867
31.29874990,0.03962229,0.31398517
31.30124990,0.04003101,0.32049641
31.30374990,0.04026300,0.32422179
31.30624990,0.04118523,0.33924472
31.30874990,0.04554703,0.41490638
31.31124990,0.04464026,0.39855060
31.31374990,0.04438844,0.39406672
31.31624990,0.04410064,0.38897333
31.31874990,0.05616337,0.63086480
31.32124990,0.06032750,0.72788131
31.32374990,0.06712849,0.90124702
31.32624990,0.06762602,0.91465580
31.32874990,0.06784692,0.92064089
31.33124990,0.06983575,0.97540647
31.33374990,0.06976602,0.97345948
31.33624990,0.06968169,0.97110754
31.33874990,0.06756318,0.91295683
31.34124990,0.06783295,0.92026180
31.34374990,0.06754067,0.91234839
31.34624990,0.06747862,0.91067278
31.34874990,0.06451841,0.83252513
31.35124990,0.06451450,0.83242410
31.35374990,0.06654894,0.88575214
31.35624990,0.06569548,0.86317921
31.35874990,0.06303301,0.79463232
31.36124990,0.06828649,0.93260890
31.36374990,0.07111689,1.01152229
31.36624990,0.07209039,1.03940475
31.36874990,0.06380862,0.81430805
31.37124990,0.05950798,0.70823997
31.37374990,0.05105619,0.52134693
31.37624990,0.05002863,0.50057286
31.37874990,0.04923551,0.48482704
31.38124990,0.04776463,0.45629197
31.38374990,0.04767846,0.45464700
31.38624990,0.04769878,0.45503467
31.38874990,0.04805687,0.46189260
31.39124990,0.04921705,0.48446363
31.39374990,0.04893299,0.47888753
31.39624990,0.04898443,0.47989482
31.39874990,0.04824946,0.46560210
31.40124990,0.05415522,0.58655751
31.40374990,0.05354698,0.57345587
31.40624990,0.05358710,0.57431555
31.40874990,0.05393448,0.58178568
31.41124990,0.04697845,0.44139498
31.41374990,0.04290986,0.36825117
31.41624990,0.04153643,0.34505498
31.41874990,0.04279244,0.36623859
31.42124990,0.04388820,0.38523471
31.42374990,0.05378815,0.57863295
31.42624990,0.05375436,0.57790625
31.42874990,0.05258063,0.55294460
31.43124990,0.05504299,0.60594612
31.43374990,0.06406539,0.82087487
31.43624990,0.06648464,0.88404143
31.43874990,0.09581339,1.83604109
31.44124990,0.15935154,5.07858324
31.44374990,0.16015166,5.12971115
31.44624990,0.22378995,10.01638794
31.44874990,0.30220923,18.26608276
31.45124990,0.30175009,18.21062279
31.45374990,0.40718380,33.15972900
31.45624990,0.40730718,33.17982483
31.45874990,0.44790527,40.12382889
31.46124990,0.50024766,50.04954529
31.46374990,0.98406905,193.67837524
31.46624990,1.10081506,242.35873413
31.46874990,1.55205679,481.77606201
31.47124990,1.56236088,488.19430542
31.47374990,1.69221878,572.72088623
31.47624990,2.03433895,827.70690918
31.47874990,2.12386656,902.16186523
31.48124990,2.24689889,1009.71093750
31.48374990,2.26113486,1022.54614258
31.48624990,2.47093606,1221.10485840
31.48874990,2.62281227,1375.82873535
31.49124990,2.74780178,1510.08300781
31.49374990,2.88337874,1662.77453613
31.49624990,2.87913489,1657.88342285
31.49874990,2.90084600,1682.98156738
31.50124990,2.90497494,1687.77575684
31.50374990,2.89506721,1676.28283691
31.50624990,2.92507672,1711.21459961
31.50874990,3.00394225,1804.73388672
31.51124990,3.02986550,1836.01696777
31.51374990,2.93818212,1726.58300781
31.51624990,2.95837331,1750.39440918
31.51874990,2.75565076,1518.72216797
31.52124990,2.85575294,1631.06506348
31.52374990,2.83287597,1605.03735352
31.52624990,2.60135078,1353.40527344
31.52874990,2.55352235,1304.09521484
31.53124990,2.58253622,1333.89868164
31.53374990,2.59763980,1349.54650879
31.53624990,2.40235114,1154.25817871
31.53874990,2.25742984,1019.19787598
31.54124990,2.11858010,897.67633057
31.54374990,1.93599451,749.61492920
31.54624990,1.93644190,749.96148682
31.54874990,1.89549458,718.57995605
31.55124990,1.89111972,715.26678467
31.55374990,1.88802350,712.92657471
31.55624990,1.84348559,679.68780518
31.55874990,1.70316589,580.15478516
31.56124990,1.64208794,539.29052734
31.56374990,1.58917391,505.09475708
31.56624990,1.47069943,432.59136963
31.56874990,1.45754158,424.88549805
31.57124990,1.23796856,306.51321411
31.57374990,1.11346698,247.96173096
31.57624990,1.10592532,244.61413574
31.57874990,1.04754674,219.47085571
31.58124990,0.64132887,82.26054382
31.58374990,0.51751274,53.56388855
31.58624990,0.50125152,50.25061035
31.58874990,0.38488537,29.62734985
31.59124990,0.26133195,13.65887642
31.59374990,0.21235868,9.01924229
31.59624990,0.20824564,8.67324924
31.59874990,0.18326086,6.71690893
31.60124990,0.16069855,5.16480446
31.60374990,0.14460334,4.18202496
31.60624990,0.11182354,2.50090098
31.60874990,0.08932503,1.59579229
31.61124990,0.07900005,1.24820149
31.61374990,0.08048043,1.29542005
31.61624990,0.08538284,1.45804596
31.61874990,0.08369108,1.40083921
31.62124990,0.07214883,1.04109061
31.62374990,0.07087492,1.00465095
31.62624990,0.07278363,1.05949140
31.62874990,0.07611449,1.15868318
31.63124990,0.06942305,0.96391207
31.63374990,0.07055366,0.99556381
31.63624990,0.07025572,0.98717320
31.63874990,0.07259946,1.05413640
31.64124990,0.07241041,1.04865348
31.64374990,0.07202115,1.03740919
31.64624990,0.07226871,1.04455328
31.64874990,0.07293802,1.06399083
31.65124990,0.07312123,1.06934309
31.65374990,0.06895173,0.95086837
31.65624990,0.06766196,0.91562819
31.65874990,0.06630623,0.87930310
31.66124990,0.06977820,0.97379935
31.66374990,0.07112570,1.01177299
31.66624990,0.06528304,0.85237491
31.66874990,0.06460382,0.83473063
31.67124990,0.07045124,0.99267554
31.67374990,0.07168383,1.02771425
31.67624990,0.07093865,1.00645864
31.67874990,0.06728441,0.90543818
31.68124990,0.07263744,1.05523944
31.68374990,0.07483713,1.12011898
31.68624990,0.07825972,1.22491670
31.68874990,0.07658362,1.17301035
31.69124990,0.07641510,1.16785359
31.69374990,0.07563788,1.14421773
31.69624990,0.07613137,1.15919685
31.69874990,0.07591818,1.15271378
31.70124990,0.07570194,1.14615691
31.70374990,0.07425835,1.10286045
31.70624990,0.07492305,1.12269270
31.70874990,0.07678366,1.17914617
31.71124990,0.07373675,1.08742154
31.71374990,0.07090830,1.00559747
31.71624990,0.07422532,1.10187960
31.71874990,0.07541832,1.13758457
31.72124990,0.07050022,0.99405611
31.72374990,0.06546874,0.85723132
31.72624990,0.06657928,0.88656020
31.72874990,0.06788588,0.92169845
31.73124990,0.06389015,0.81639040
31.73374990,0.06239404,0.77860332
31.73624990,0.05816824,0.67670882
31.73874990,0.05883516,0.69231510
31.74124990,0.05752337,0.66178769
31.74374990,0.06153686,0.75735700
31.74624990,0.06189936,0.76630622
31.74874990,0.06210952,0.77151841
31.75124990,0.06695378,0.89656174
31.75374990,0.06791569,0.92250836
31.75624990,0.06834964,0.93433464
31.75874990,0.06604671,0.87243348
31.76124990,0.06900608,0.95236778
31.76374990,0.07048099,0.99351406
31.76624990,0.06685005,0.89378583
31.76874990,0.06802108,0.92537344
31.77124990,0.06694714,0.89638388
31.77374990,0.06733654,0.90684187
31.77624990,0.06645700,0.88330680
31.77874990,0.06599591,0.87109202
31.78124990,0.06479612,0.83970731
31.78374990,0.06530691,0.85299850
31.78624990,0.06938678,0.96290517
31.78874990,0.07152529,1.02317345
31.79124990,0.07148395,1.02199090
31.79374990,0.07304336,1.06706643
31.79624990,0.07526643,1.13300693
31.79874990,0.08261155,1.36493349
31.80124990,0.08149326,1.32823014
31.80374990,0.08038156,1.29223919
31.80624990,0.08036459,1.29169357
31.80874990,0.08059273,1.29903769
31.81124990,0.07945269,1.26254570
31.81374990,0.07914339,1.25273526
31.81624990,0.08043336,1.29390502
31.81874990,0.08167581,1.33418775
31.82124990,0.08608048,1.48196959
31.82374990,0.08559596,1.46533358
31.82624990,0.08660765,1.50017715
31.82874990,0.08698200,1.51317346
31.83124990,0.09179024,1.68508983
31.83374990,0.09439969,1.78226018
31.83624990,0.09190942,1.68946838
31.83874990,0.08974926,1.61098599
31.84124990,0.09070741,1.64556670
31.84374990,0.08788447,1.54473615
31.84624990,0.08643441,1.49418139
31.84874990,0.08069646,1.30238390
31.85124990,0.08224718,1.35291982
31.85374990,0.08518369,1.45125246
31.85624990,0.08468429,1.43428576
31.85874990,0.08616225,1.48478651
31.86124990,0.08805128,1.55060554
31.86374990,0.08692381,1.51114964
31.86624990,0.08866774,1.57239377
31.86874990,0.08769222,1.53798521
31.87124990,0.08246866,1.36021602
31.87374990,0.08549780,1.46197498
31.87624990,0.08651723,1.49704599
31.87874990,0.08668987,1.50302660
31.88124990,0.08214106,1.34943068
31.88374990,0.07989702,1.27670670
31.88624990,0.07887444,1.24423540
31.88874990,0.07973866,1.27165079
31.89124990,0.08156524,1.33057761
31.89374990,0.08107910,1.31476426
31.89624990,0.08294785,1.37606907
31.89874990,0.08633170,1.49063241
31.90124990,0.08316101,1.38315082
31.90374990,0.08122317,1.31944084
31.90624990,0.08400469,1.41135764
31.90874990,0.08492536,1.44246352
31.91124990,0.08260898,1.36484861
31.91374990,0.08674613,1.50497806
31.91624990,0.08432304,1.42207503
31.91874990,0.08243039,1.35895371
31.92124990,0.08642425,1.49383020
31.92374990,0.08607332,1.48172307
31.92624990,0.08383392,1.40562510
31.92874990,0.08616042,1.48472369
31.93124990,0.08511309,1.44884765
31.93374990,0.08219923,1.35134268
31.93624990,0.08602631,1.48010516
31.93874990,0.08568760,1.46847296
31.94124990,0.08369628,1.40101361
31.94374990,0.08769576,1.53810930
31.94624990,0.08477477,1.43735230
31.94874990,0.07931083,1.25804174
31.95124990,0.08242498,1.35877538
31.95374990,0.08234908,1.35627401
31.95624990,0.07943309,1.26192319
31.95874990,0.08059464,1.29909897
31.96124990,0.07952427,1.26482201
31.96374990,0.07497990,1.12439704
31.96624990,0.07924239,1.25587118
31.96874990,0.07887576,1.24427700
31.97124990,0.07472998,1.11691391
31.97374990,0.07377267,1.08848131
31.97624990,0.07250208,1.05131042
31.97874990,0.06976714,0.97349072
31.98124990,0.07288677,1.06249630
31.98374990,0.07285811,1.06166089
31.98624990,0.06931481,0.96090847
31.98874990,0.07297200,1.06498253
31.99124990,0.07226181,1.04435372
31.99374990,0.06652649,0.88515490
31.99624990,0.06684128,0.89355123
31.99874990,0.06783870,0.92041767
32.00124990,0.06604035,0.87226558
32.00374990,0.06469861,0.83718216
32.00624990,0.06584157,0.86702251
32.00874990,0.06591737,0.86901987
32.01124990,0.06736282,0.90754986
32.01374990,0.06806943,0.92668939
32.01624990,0.06284349,0.78986079
32.01874990,0.06785411,0.92083597
32.02124990,0.06744243,0.90969634
32.02374990,0.06512716,0.84830946
32.02624990,0.06984812,0.97575212
32.02874990,0.06844418,0.93692112
32.03124990,0.06573305,0.86416674
32.03374990,0.06800988,0.92506874
32.03624990,0.06696802,0.89694321
32.03874990,0.06289881,0.79125202
32.04124990,0.06496704,0.84414333
32.04374990,0.06470572,0.83736598
32.04624990,0.06524283,0.85132545
32.04874990,0.06401955,0.81970060
32.05124990,0.06098899,0.74393129
32.05374990,0.06861604,0.94163215
32.05624990,0.06697500,0.89713001
32.05874990,0.06197133,0.76808906
32.06124990,0.06261693,0.78417593
32.06374990,0.06184591,0.76498336
32.06624990,0.06126419,0.75066018
32.06874990,0.05685059,0.64639795
32.07124990,0.05778487,0.66781813
32.07374990,0.06033783,0.72813082
32.07624990,0.05471035,0.59864444
32.07874990,0.05467923,0.59796351
32.08124990,0.05839112,0.68190449
32.08374990,0.05579630,0.62264544
32.08624990,0.05583797,0.62357569
32.08874990,0.05779723,0.66810381
32.09124990,0.05573006,0.62116802
32.09374990,0.05562484,0.61882448
32.09624990,0.05501660,0.60536528
32.09874990,0.05518655,0.60911107
32.10124990,0.06020649,0.72496420
32.10374990,0.05226216,0.54626673
32.10624990,0.05248913,0.55102175
32.10874990,0.05892265,0.69437575
32.11124990,0.05653259,0.63918662
32.11374990,0.05826369,0.67893153
32.11624990,0.06019349,0.72465128
32.11874990,0.05925304,0.70218444
32.12124990,0.06240653,0.77891493
32.12374990,0.06024674,0.72593391
32.12624990,0.06038877,0.72936082
32.12874990,0.06270869,0.78647602
32.13124990,0.05816951,0.67673832
32.13374990,0.05913529,0.69939649
32.13624990,0.05919566,0.70082533
32.13874990,0.05861318,0.68710101
32.14124990,0.06066304,0.73600084
32.14374990,0.06108307,0.74622834
32.14624990,0.06072292,0.73745459
32.14874990,0.07152681,1.02321696
32.15124990,0.06721745,0.90363717
32.15374990,0.06647993,0.88391626
32.15624990,0.06658290,0.88665652
32.15874990,0.06102935,0.74491644
32.16124990,0.06742390,0.90919662
32.16374990,0.06650255,0.88451773
32.16624990,0.06553845,0.85905761
32.16874990,0.06700849,0.89802742
32.17124990,0.06327462,0.80073559
32.17374990,0.06364191,0.81005859
32.17624990,0.06371437,0.81190413
32.17874990,0.06297056,0.79305840
32.18124990,0.06606735,0.87297893
32.18374990,0.06576155,0.86491638
32.18624990,0.06600114,0.87123013
32.18874990,0.06555811,0.85957301
32.19124990,0.06571513,0.86369580
32.19374990,0.06679957,0.89243650
32.19624990,0.06678394,0.89201903
32.19874990,0.05506547,0.60644120
32.20124990,0.06252003,0.78175098
32.20374990,0.06244349,0.77983785
32.20624990,0.06251993,0.78174835
32.20874990,0.06287388,0.79062486
32.21124990,0.05611154,0.62970108
32.21374990,0.06145538,0.75535274
32.21624990,0.06064122,0.73547149
32.21874990,0.05885159,0.69270188
32.22124990,0.05942186,0.70619136
32.22374990,0.05929163,0.70309961
32.22624990,0.06299213,0.79360175
32.22874990,0.06137380,0.75334877
32.23124990,0.05756093,0.66265219
32.23374990,0.05973488,0.71365118
32.23624990,0.05981583,0.71558678
32.23874990,0.05801925,0.67324674
32.24124990,0.05513020,0.60786778
32.24374990,0.05331529,0.56850410
32.24624990,0.05669882,0.64295125
32.24874990,0.05652726,0.63906622
32.25124990,0.04793630,0.45957780
32.25374990,0.04798235,0.46046111
32.25624990,0.04781789,0.45731023
32.25874990,0.04883398,0.47695160
32.26124990,0.04889484,0.47814119
32.26374990,0.04127802,0.34077492
32.26624990,0.04193443,0.35169929
32.26874990,0.04293992,0.36876741
32.27124990,0.04321624,0.37352860
32.27374990,0.04600011,0.42320198
32.27624990,0.04101516,0.33644861
32.27874990,0.04382550,0.38413495
32.28124990,0.04367777,0.38154954
32.28374990,0.04121613,0.33975387
32.28624990,0.04267498,0.36423081
32.28874990,0.04243607,0.36016402
32.29124990,0.04290005,0.36808282
32.29374990,0.04394068,0.38615662
32.29624990,0.04370297,0.38199005
32.29874990,0.04398090,0.38686383
32.30124990,0.04441634,0.39456221
32.30374990,0.04609431,0.42493698
32.30624990,0.04589720,0.42131054
32.30874990,0.04476345,0.40075332
32.31124990,0.04751029,0.45144555
32.31374990,0.04738745,0.44911411
32.31624990,0.04837655,0.46805799
32.31874990,0.04809957,0.46271369
32.32124990,0.04833232,0.46720263
32.32374990,0.04699550,0.44171545
32.32624990,0.04647457,0.43197718
32.32874990,0.04463856,0.39852011
32.33124990,0.04489717,0.40315109
32.33374990,0.04489415,0.40309694
32.33624990,0.04423206,0.39129508
32.33874990,0.04445821,0.39530659
32.34124990,0.04444258,0.39502862
32.34374990,0.04402670,0.38767007
32.34624990,0.04098983,0.33603325
32.34874990,0.04103792,0.33682224
32.35124990,0.04054898,0.32884404
32.35374990,0.03882530,0.30148074
32.35624990,0.03964876,0.31440479
32.35874990,0.03993107,0.31889799
32.36124990,0.03933195,0.30940038
32.36374990,0.04250290,0.36129925
32.36624990,0.04285689,0.36734253
32.36874990,0.04210337,0.35453874
32.37124990,0.04286906,0.36755121
32.37374990,0.04064260,0.33036426
32.37624990,0.04271198,0.36486256
32.37874990,0.04201648,0.35307699
32.38124990,0.04175562,0.34870628
32.38374990,0.04291999,0.36842513
32.38624990,0.04319967,0.37324238
32.38874990,0.04341617,0.37699270
32.39124990,0.04332767,0.37545744
32.39374990,0.04320281,0.37329650
32.39624990,0.04456056,0.39712873
32.39874990,0.04725499,0.44660681
32.40124990,0.04748822,0.45102626
32.40374990,0.04767660,0.45461172
32.40624990,0.05659527,0.64060497
32.40874990,0.05922634,0.70155180
32.41124990,0.05765837,0.66489762
32.41374990,0.05641881,0.63661635
32.41624990,0.13883990,3.85530376
32.41874990,0.18459703,6.81521225
32.42124990,0.20160842,8.12919044
32.42374990,0.21819997,9.52224541
32.42624990,0.23561949,11.10330772
32.42874990,0.25449038,12.95307064
32.43124990,0.25609109,13.11653042
32.43374990,0.27173430,14.76790524
32.43624990,0.57809865,66.83960724
32.43874990,0.57958257,67.18319702
32.44124990,0.57955700,67.17726135
32.44374990,0.61331832,75.23187256
32.44624990,0.63734472,81.24165344
32.44874990,0.65035760,84.59300995
32.45124990,0.79773784,127.27713013
32.45374990,0.83156234,138.29917908
32.45624990,1.26814675,321.63925171
32.45874990,1.30326545,339.70016479
32.46124990,1.69950449,577.66308594
32.46374990,1.70015252,578.10369873
32.46624990,1.78408229,636.58990479
32.46874990,1.78291750,635.75891113
32.47124990,1.81385565,658.01446533
32.47374990,1.81987751,662.39080811
32.47624990,1.82357478,665.08496094
32.47874990,1.88953555,714.06890869
32.48124990,1.97081065,776.81890869
32.48374990,1.96879005,775.22680664
32.48624990,1.90166044,723.26245117
32.48874990,1.92217386,738.95043945
32.49124990,1.92546809,741.48553467
32.49374990,2.04930520,839.93035889
32.49624990,2.33439851,1089.88330078
32.49874990,2.51860166,1268.67077637
32.50124990,2.51784968,1267.91345215
32.50374990,2.61816382,1370.95642090
32.50624990,2.55339694,1303.96728516
32.50874990,2.80466390,1573.22778320
32.51124990,2.63032627,1383.72314453
32.51374990,2.63069963,1384.11608887
32.51624990,2.60190010,1353.97692871
32.51874990,2.64496064,1399.16333008
32.52124990,2.66813731,1423.79125977
32.52374990,2.68703961,1444.03637695
32.52624990,2.69034672,1447.59326172
32.52874990,2.64388156,1398.02197266
32.53124990,2.58487988,1336.32067871
32.53374990,2.58601642,1337.49621582
32.53624990,2.58768344,1339.22106934
32.53874990,2.57314801,1324.21813965
32.54124990,2.57091212,1321.91772461
32.54374990,2.46518326,1215.42553711
32.54624990,2.19022179,959.41436768
32.54874990,1.97135162,777.24542236
32.55124990,1.91746533,735.33459473
32.55374990,1.76249278,621.27612305
32.55624990,1.58883786,504.88113403
32.55874990,1.04293966,217.54463196
32.56124990,0.91950524,169.09797668
32.56374990,0.91762304,168.40640259
32.56624990,0.82785302,137.06813049
32.56874990,0.66997069,89.77214050
32.57124990,0.45599657,41.58657455
32.57374990,0.27972037,15.64869785
32.57624990,0.19916412,7.93326950
32.57874990,0.18272229,6.67748690
32.58124990,0.16563241,5.48681927
32.58374990,0.14808065,4.38557529
32.58624990,0.11543966,2.66526318
32.58874990,0.09280421,1.72252417
32.59124990,0.08690456,1.51048017
32.59374990,0.08846013,1.56503892
32.59624990,0.09139346,1.67055321
32.59874990,0.09486273,1.79978752
32.60124990,0.09587068,1.83823752
32.60374990,0.09635954,1.85703206
32.60624990,0.09224313,1.70175910
32.60874990,0.09326896,1.73981977
32.61124990,0.09272474,1.71957552
32.61374990,0.08859239,1.56972229
32.61624990,0.08094277,1.31034636
32.61874990,0.08037835,1.29213572
32.62124990,0.08263797,1.36580694
32.62374990,0.08187331,1.34064782
32.62624990,0.07795425,1.21537304
32.62874990,0.07792319,1.21440446
32.63124990,0.08070653,1.30270886
32.63374990,0.07799412,1.21661651
32.63624990,0.07581356,1.14953923
32.63874990,0.07282123,1.06058621
32.64124990,0.07513297,1.12899280
32.64374990,0.07530877,1.13428211
32.64624990,0.07328875,1.07424843
32.64874990,0.06829915,0.93295491
32.65124990,0.06794242,0.92323434
32.65374990,0.06896847,0.95133001
32.65624990,0.06894328,0.95063531
32.65874990,0.06658297,0.88665837
32.66124990,0.06759746,0.91388321
32.66374990,0.06748810,0.91092891
32.66624990,0.06771925,0.91717929
32.66874990,0.06887762,0.94882518
32.67124990,0.06487942,0.84186798
32.67374990,0.06299425,0.79365516
32.67624990,0.06649023,0.88419026
32.67874990,0.06833479,0.93392873
32.68124990,0.06475221,0.83856988
32.68374990,0.06250757,0.78143924
32.68624990,0.06365856,0.81048238
32.68874990,0.06622793,0.87722772
32.69124990,0.06269392,0.78610563
32.69374990,0.06323481,0.79972816
32.69624990,0.06270296,0.78633219
32.69874990,0.06256064,0.78276670
32.70124990,0.06271644,0.78667039
32.70374990,0.06276287,0.78783560
32.70624990,0.06456767,0.83379686
32.70874990,0.06439345,0.82930338
32.71124990,0.06714588,0.90171367
32.71374990,0.07033248,0.98933166
32.71624990,0.06995519,0.97874582
32.71874990,0.07065298,0.99836886
32.72124990,0.07293648,1.06394613
32.72374990,0.07489312,1.12179589
32.72624990,0.07270385,1.05716991
32.72874990,0.07204508,1.03809869
32.73124990,0.07278799,1.05961823
32.73374990,0.07250140,1.05129051
32.73624990,0.07138831,1.01925826
32.73874990,0.07237121,1.04751837
32.74124990,0.07240736,1.04856503
32.74374990,0.07216535,1.04156744
32.74624990,0.07290357,1.06298614
32.74874990,0.07343812,1.07863164
32.75124990,0.07358748,1.08302331
32.75374990,0.07315259,1.07026029
32.75624990,0.07410252,1.09823656
32.75874990,0.07408163,1.09761751
32.76124990,0.07296004,1.06463361
32.76374990,0.07276563,1.05896735
32.76624990,0.07283036,1.06085217
32.76874990,0.07238178,1.04782450
32.77124990,0.07094193,1.00655150
32.77374990,0.06889791,0.94938433
32.77624990,0.07031982,0.98897529
32.77874990,0.06979359,0.97422898
32.78124990,0.06919350,0.95754802
32.78374990,0.07289474,1.06272888
32.78624990,0.07368701,1.08595514
32.78874990,0.07308176,1.06818891
32.79124990,0.07511208,1.12836504
32.79374990,0.07574993,1.14761055
32.79624990,0.07776362,1.20943606
32.79874990,0.07775010,1.20901561
32.80124990,0.07819862,1.22300482
32.80374990,0.08121701,1.31924033
32.80624990,0.07891044,1.24537158
32.80874990,0.08191912,1.34214830
32.81124990,0.08402314,1.41197777
32.81374990,0.08193515,1.34267390
32.81624990,0.08328340,1.38722491
32.81874990,0.08315551,1.38296783
32.82124990,0.08268005,1.36719823
32.82374990,0.08588461,1.47523308
32.82624990,0.08786980,1.54422045
32.82874990,0.08734297,1.52575874
32.83124990,0.08950748,1.60231769
32.83374990,0.09119491,1.66330218
32.83624990,0.09116524,1.66222036
32.83874990,0.09086059,1.65112948
32.84124990,0.09377206,1.75863993
32.84374990,0.09483968,1.79891336
32.84624990,0.09299071,1.72945440
32.84874990,0.09509124,1.80846858
32.85124990,0.09571184,1.83215141
32.85374990,0.09240068,1.70757711
32.85624990,0.09666289,1.86874270
32.85874990,0.09576057,1.83401752
32.86124990,0.09293089,1.72723007
32.86374990,0.09637342,1.85756731
32.86624990,0.10154413,2.06224227
32.86874990,0.10077535,2.03113437
32.87124990,0.10202934,2.08199716
32.87374990,0.10141985,2.05719709
32.87624990,0.09748279,1.90057898
32.87874990,0.09932786,1.97320485
32.88124990,0.09895518,1.95842576
32.88374990,0.09491051,1.80160093
32.88624990,0.09535780,1.81862187
32.88874990,0.10015742,2.00630188
32.89124990,0.09697749,1.88092661
32.89374990,0.09647286,1.86140251
32.89624990,0.09865400,1.94652247
32.89874990,0.09604999,1.84511995
32.90124990,0.09799220,1.92049396
32.90374990,0.10225017,2.09101963
32.90624990,0.09860046,1.94441020
32.90874990,0.09846362,1.93901718
32.91124990,0.10007328,2.00293231
32.91374990,0.09713076,1.88687706
32.91624990,0.09440961,1.78263474
32.91874990,0.09787178,1.91577721
32.92124990,0.09691458,1.87848711
32.92374990,0.10085437,2.03432083
32.92624990,0.10313449,2.12734461
32.92874990,0.10128854,2.05187368
32.93124990,0.10233641,2.09454823
32.93374990,0.10370097,2.15077782
32.93624990,0.10225975,2.09141135
32.93874990,0.09633658,1.85614729
32.94124990,0.09716175,1.88808143
32.94374990,0.09626624,1.85343790
32.94624990,0.09292179,1.72689199
32.94874990,0.09529841,1.81635749
32.95124990,0.09085473,1.65091646
32.95374990,0.08655313,1.49828863
32.95624990,0.09366267,1.75453901
32.95874990,0.09312656,1.73451126
32.96124990,0.09089259,1.65229273
32.96374990,0.09475704,1.79577923
32.96624990,0.09079372,1.64870012
32.96874990,0.08700041,1.51381445
32.97124990,0.09129313,1.66688693
32.97374990,0.08439557,1.42452240
32.97624990,0.08447333,1.42714858
32.97874990,0.09046976,1.63695550
32.98124990,0.08727232,1.52329147
32.98374990,0.08461390,1.43190265
32.98624990,0.08501105,1.44537568
32.98874990,0.08432817,1.42224801
32.99124990,0.08480088,1.43823802
32.99374990,0.08231124,1.35502803
32.99624990,0.08270463,1.36801112
32.99874990,0.08532926,1.45621645
33.00124990,0.08684072,1.50826204
33.00374990,0.08579373,1.47211266
33.00624990,0.08455079,1.42976737
33.00874990,0.08263697,1.36577380
33.01124990,0.08259217,1.36429310
33.01374990,0.07892758,1.24591255
33.01624990,0.07892777,1.24591851
33.01874990,0.08113192,1.31647766
33.02124990,0.07649307,1.17023802
33.02374990,0.07747746,1.20055139
33.02624990,0.07687515,1.18195772
33.02874990,0.07438501,1.10662603
33.03124990,0.07414015,1.09935224
33.03374990,0.07914429,1.25276375
33.03624990,0.07719056,1.19167662
33.03874990,0.07718743,1.19157958
33.04124990,0.07916552,1.25343573
33.04374990,0.07918460,1.25404012
33.04624990,0.07999583,1.27986658
33.04874990,0.07839768,1.22923946
33.05124990,0.07673147,1.17754364
33.05374990,0.07669081,1.17629600
33.05624990,0.06967845,0.97101724
33.05874990,0.06961973,0.96938133
33.06124990,0.07457153,1.11218250
33.06374990,0.07258933,1.05384219
33.06624990,0.07264418,1.05543542
33.06874990,0.07575287,1.14769948
33.07124990,0.07471901,1.11658621
33.07374990,0.07392157,1.09287965
33.07624990,0.07345207,1.07904148
33.07874990,0.06874041,0.94504893
33.08124990,0.06956524,0.96786463
33.08374990,0.06433061,0.82768536
33.08624990,0.06432423,0.82752120
33.08874990,0.07290059,1.06289911
33.09124990,0.06746478,0.91029948
33.09374990,0.06729693,0.90577537
33.09624990,0.06892968,0.95026016
33.09874990,0.06425095,0.82563692
33.10124990,0.06421532,0.82472152
33.10374990,0.06436457,0.82855970
33.10624990,0.06444109,0.83053088
33.10874990,0.06950920,0.96630579
33.11124990,0.06395433,0.81803137
33.11374990,0.06372143,0.81208396
33.11624990,0.07449770,1.10998142
33.11874990,0.06915092,0.95637017
33.12124990,0.06933670,0.96151543
33.12374990,0.06937094,0.96246552
33.12624990,0.06703948,0.89885837
33.12874990,0.06882918,0.94749123
33.13124990,0.06944478,0.96451557
33.13374990,0.06935605,0.96205229
33.13624990,0.07513739,1.12912560
33.13874990,0.06685709,0.89397424
33.14124990,0.06771396,0.91703606
33.14374990,0.06844983,0.93707567
33.14624990,0.06518462,0.84980702
33.14874990,0.06982673,0.97515452
33.15124990,0.06990534,0.97735143
33.15374990,0.06980716,0.97460794
33.15624990,0.07265618,1.05578423
33.15874990,0.06782427,0.92002630
33.16124990,0.06814811,0.92883313
33.16374990,0.06812279,0.92814296
33.16624990,0.05622751,0.63230658
33.16874990,0.06564133,0.86175686
33.17124990,0.06499129,0.84477353
33.17374990,0.06549542,0.85792989
33.17624990,0.06571618,0.86372328
33.17874990,0.06362752,0.80969220
33.18124990,0.06417212,0.82361215
33.18374990,0.06413907,0.82276404
33.18624990,0.05725361,0.65559506
33.18874990,0.06215082,0.77254504
33.19124990,0.06120729,0.74926651
33.19374990,0.06130389,0.75163335
33.19624990,0.06150214,0.75650263
33.19874990,0.05607565,0.62889582
33.20124990,0.06063743,0.73537952
33.20374990,0.06053584,0.73291773
33.20624990,0.05593084,0.62565172
33.20874990,0.05741093,0.65920293
33.21124990,0.05683094,0.64595103
33.21374990,0.05886929,0.69311863
33.21624990,0.05886940,0.69312131
33.21874990,0.04755776,0.45234802
33.22124990,0.05232627,0.54760766
33.22374990,0.05126158,0.52554989
33.22624990,0.05336334,0.56952918
33.22874990,0.05343301,0.57101738
33.23124990,0.05106451,0.52151692
33.23374990,0.05801876,0.67323536
33.23624990,0.05800105,0.67282432
33.23874990,0.05274717,0.55645275
33.24124990,0.05289512,0.55957866
33.24374990,0.05255545,0.55241495
33.24624990,0.05781543,0.66852480
33.24874990,0.05804016,0.67373216
33.25124990,0.05294417,0.56061703
33.25374990,0.05356543,0.57385105
33.25624990,0.05402451,0.58372939
33.25874990,0.05843509,0.68293184
33.26124990,0.05866123,0.68822801
33.26374990,0.06105064,0.74543607
33.26624990,0.11567475,2.67612934
33.26874990,0.12184220,2.96910429
33.27124990,0.13774088,3.79451013
33.27374990,0.17136967,5.87351322
33.27624990,0.17081930,5.83584595
33.27874990,0.19982566,7.98605824
33.28124990,0.20269576,8.21711445
33.28374990,0.20504943,8.40905380
33.28624990,0.20939803,8.76950645
33.28874990,0.27346238,14.95633602
33.29124990,0.35755587,25.56923866
33.29374990,0.39484674,31.18078613
33.29624990,0.39976901,31.96305084
33.29874990,0.42249849,35.70099258
33.30124990,0.64070797,82.10134888
33.30374990,0.83713061,140.15753174
33.30624990,0.85456431,146.05603027
33.30874990,0.86141843,148.40834045
33.31124990,1.34698224,362.87225342
33.31374990,1.38841009,385.53649902
33.31624990,1.64760017,542.91729736
33.31874990,1.65139675,545.42230225
33.32124990,1.65010631,544.57019043
33.32374990,1.85502064,688.22033691
33.32624990,2.00740147,805.93200684
33.32874990,2.07678771,862.60949707
33.33124990,2.11240625,892.45190430
33.33374990,2.18145537,951.74951172
33.33624990,2.22342730,988.72583008
33.33874990,2.22068477,986.28814697
33.34124990,2.20870876,975.67895508
33.34374990,2.21431017,980.63385010
33.34624990,2.24146271,1004.83093262
33.34874990,2.23998094,1003.50280762
33.35124990,2.22479963,989.94665527
33.35374990,2.15875387,932.04370117
33.35624990,2.17386460,945.13739014
33.35874990,2.31612802,1072.88964844
33.36124990,2.07241631,858.98187256
33.36374990,2.09942102,881.51373291
33.36624990,1.93539345,749.14953613
33.36874990,2.02029800,816.32086182
33.37124990,2.04661250,837.72454834
33.37374990,1.86168802,693.17639160
33.37624990,1.73057115,598.97534180
33.37874990,1.68230414,566.02941895
33.38124990,1.68528605,568.03784180
33.38374990,1.60222352,513.42401123
33.38624990,1.54287112,476.09024048
33.38874990,1.54087329,474.85809326
33.39124990,1.54144001,475.20748901
33.39374990,1.52440667,464.76315308
33.39624990,1.48310661,439.92102051
33.39874990,1.47935402,437.69769287
33.40124990,1.42278159,404.86148071
33.40374990,1.42249906,404.70068359
33.40624990,1.38875651,385.72894287
33.40874990,1.13158667,256.09768677
33.41124990,1.13166058,256.13116455
33.41374990,1.02880085,211.68624878
33.41624990,0.96256399,185.30587769
33.41874990,0.76071376,115.73709106
33.42124990,0.68756270,94.54850006
33.42374990,0.68334842,93.39301300
33.42624990,0.59104782,69.86750031
33.42874990,0.46924925,44.03897095
33.43124990,0.24497651,12.00269794
33.43374990,0.18706337,6.99854088
33.43624990,0.18740961,7.02447224
33.43874990,0.15099832,4.56009912
33.44124990,0.14782169,4.37025118
33.44374990,0.14774337,4.36562109
33.44624990,0.14376998,4.13396072
33.44874990,0.14047894,3.94686675
33.45124990,0.14033520,3.93879414
33.45374990,0.14023930,3.93341184
33.45624990,0.13971484,3.90404677
33.45874990,0.12864950,3.31013918
33.46124990,0.11669348,2.72347403
33.46374990,0.09685255,1.87608314
33.46624990,0.08095939,1.31088448
33.46874990,0.06772785,0.91741234
33.47124990,0.05860621,0.68693769
33.47374990,0.05998456,0.71962947
33.47624990,0.06155148,0.75771695
33.47874990,0.06081341,0.73965424
33.48124990,0.05930432,0.70340049
33.48374990,0.06074431,0.73797417
33.48624990,0.06125688,0.75048113
33.48874990,0.06341319,0.80424654
33.49124990,0.05672442,0.64353192
33.49374990,0.05117919,0.52386183
33.49624990,0.05156137,0.53171492
33.49874990,0.05249550,0.55115557
33.50124990,0.05667285,0.64236236
33.50374990,0.05695561,0.64878821
33.50624990,0.05787166,0.66982573
33.50874990,0.05853670,0.68530893
33.51124990,0.06173851,0.76232880
33.51374990,0.06140053,0.75400501
33.51624990,0.06252903,0.78197604
33.51874990,0.06387614,0.81603217
33.52124990,0.06355291,0.80779433
33.52374990,0.06201088,0.76906991
33.52624990,0.06215309,0.77260131
33.52874990,0.06237792,0.77820098
33.53124990,0.06461587,0.83504206
33.53374990,0.06457640,0.83402240
33.53624990,0.06318893,0.79856825
33.53874990,0.06022456,0.72539937
33.54124990,0.06187937,0.76581132
33.54374990,0.06781895,0.91988218
33.54624990,0.06656139,0.88608372
33.54874990,0.06631111,0.87943286
33.55124990,0.06360801,0.80919570
33.55374990,0.06883124,0.94754791
33.55624990,0.06883815,0.94773823
33.55874990,0.06847519,0.93777025
33.56124990,0.06532843,0.85356069
33.56374990,0.06691976,0.89565092
33.56624990,0.06602413,0.87183714
33.56874990,0.06619157,0.87626469
33.57124990,0.06460451,0.83474869
33.57374990,0.06493265,0.84324992
33.57624990,0.06360538,0.80912864
33.57874990,0.06606463,0.87290698
33.58124990,0.06391374,0.81699336
33.58374990,0.06380390,0.81418753
33.58624990,0.06418658,0.82398343
33.58874990,0.06598829,0.87089092
33.59124990,0.06481245,0.84013081
33.59374990,0.06045112,0.73086768
33.59624990,0.06037628,0.72905898
33.59874990,0.06337305,0.80322874
33.60124990,0.06343204,0.80472475
33.60374990,0.06023260,0.72559309
33.60624990,0.05926332,0.70242822
33.60874990,0.06332668,0.80205357
33.61124990,0.06413019,0.82253611
33.61374990,0.06446704,0.83119994
33.61624990,0.06410863,0.82198310
33.61874990,0.06570346,0.86338890
33.62124990,0.06608733,0.87350702
33.62374990,0.06653159,0.88529050
33.62624990,0.06691223,0.89544922
33.62874990,0.06512515,0.84825695
33.63124990,0.06545357,0.85683399
33.63374990,0.06451061,0.83232379
33.63624990,0.06551624,0.85847557
33.63874990,0.06389564,0.81653064
33.64124990,0.06583206,0.86677194
33.64374990,0.06484179,0.84089160
33.64624990,0.06762071,0.91451198
33.64874990,0.06472204,0.83778852
33.65124990,0.06611163,0.87414968
33.65374990,0.06356893,0.80820167
33.65624990,0.06697295,0.89707524
33.65874990,0.06336655,0.80306381
33.66124990,0.06373888,0.81252897
33.66374990,0.06282856,0.78948569
33.66624990,0.06460772,0.83483166
33.66874990,0.06320911,0.79907835
33.67124990,0.06297029,0.79305142
33.67374990,0.06233552,0.77714336
33.67624990,0.06241083,0.77902246
33.67874990,0.06144163,0.75501472
33.68124990,0.06061571,0.73485279
33.68374990,0.06195845,0.76776987
33.68624990,0.06235069,0.77752179
33.68874990,0.06203733,0.76972598
33.69124990,0.06107290,0.74597979
33.69374990,0.06229927,0.77623975
33.69624990,0.06215809,0.77272564
33.69874990,0.06161696,0.75933003
33.70124990,0.06048820,0.73176450
33.70374990,0.06119779,0.74903393
33.70624990,0.05793050,0.67118853
33.70874990,0.05914665,0.69966525
33.71124990,0.06025156,0.72605002
33.71374990,0.06159268,0.75873172
33.71624990,0.05971875,0.71326590
33.71874990,0.06128832,0.75125158
33.72124990,0.06477260,0.83909786
33.72374990,0.06420948,0.82457161
33.72624990,0.06352760,0.80715114
33.72874990,0.06552735,0.85876667
33.73124990,0.06827469,0.93228674
33.73374990,0.06552576,0.85872495
33.73624990,0.06510323,0.84768599
33.73874990,0.06553660,0.85900915
33.74124990,0.06555330,0.85944706
33.74374990,0.06379085,0.81385446
33.74624990,0.06175768,0.76280206
33.74874990,0.06203846,0.76975411
33.75124990,0.06241364,0.77909255
33.75374990,0.06533637,0.85376823
33.75624990,0.06771164,0.91697311
33.75874990,0.06700105,0.89782810
33.76124990,0.06697619,0.89716196
33.76374990,0.07024118,0.98676491
33.76624990,0.07093012,1.00621641
33.76874990,0.07119743,1.01381469
33.77124990,0.07029459,0.98826581
33.77374990,0.07342020,1.07810509
33.77624990,0.07422265,1.10180032
33.77874990,0.07227528,1.04474318
33.78124990,0.07303818,1.06691527
33.78374990,0.07305554,1.06742239
33.78624990,0.07457523,1.11229300
33.78874990,0.07395850,1.09397185
33.79124990,0.07281213,1.06032121
33.79374990,0.07426396,1.10302711
33.79624990,0.07648566,1.17001140
33.79874990,0.07746022,1.20001709
33.80124990,0.07762010,1.20497572
33.80374990,0.07604203,1.15647817
33.80624990,0.07798740,1.21640706
33.80874990,0.07847150,1.23155546
33.81124990,0.07837436,1.22850800
33.81374990,0.07855762,1.23425984
33.81624990,0.07804434,1.21818388
33.81874990,0.07789631,1.21356714
33.82124990,0.07826600,1.22511327
33.82374990,0.07565797,1.14482570
33.82624990,0.07552150,1.14069939
33.82874990,0.07673114,1.17753339
33.83124990,0.07434293,1.10537422
33.83374990,0.07656775,1.17252421
33.83624990,0.07597378,1.15440297
33.83874990,0.07561691,1.14358354
33.84124990,0.07785633,1.21232176
33.84374990,0.08045115,1.29447758
33.84624990,0.08233932,1.35595274
33.84874990,0.08260931,1.36485982
33.85124990,0.08749441,1.53105426
33.85374990,0.09255526,1.71329522
33.85624990,0.08893955,1.58204865
33.85874990,0.09044192,1.63594830
33.86124990,0.09105449,1.65818405
33.86374990,0.09378062,1.75896108
33.86624990,0.09434583,1.78022730
33.86874990,0.09270142,1.71871078
33.87124990,0.09439901,1.78223443
33.87374990,0.09406701,1.76972044
33.87624990,0.09427128,1.77741504
33.87874990,0.09864386,1.94612217
33.88124990,0.09799027,1.92041862
33.88374990,0.09805579,1.92298770
33.88624990,0.10733078,2.30397964
33.88874990,0.10757101,2.31430435
33.89124990,0.10607146,2.25023055
33.89374990,0.10816682,2.34001207
33.89624990,0.10635170,2.26213646
33.89874990,0.10532124,2.21851254
33.90124990,0.10470667,2.19269729
33.90374990,0.09919288,1.96784544
33.90624990,0.09924454,1.96989560
33.90874990,0.10108255,2.04353619
33.91124990,0.10039417,2.01579762
33.91374990,0.09587634,1.83845460
33.91624990,0.09843073,1.93772173
33.91874990,0.09964622,1.98587358
33.92124990,0.09636875,1.85738730
33.92374990,0.09962741,1.98512387
33.92624990,0.09890288,1.95635581
33.92874990,0.09277879,1.72158062
33.93124990,0.10121258,2.04879713
33.93374990,0.09957515,1.98304224
33.93624990,0.08790430,1.54543340
33.93874990,0.09067534,1.64440346
33.94124990,0.09224820,1.70194614
33.94374990,0.08806617,1.55112994
33.94624990,0.09343618,1.74606383
33.94874990,0.09352417,1.74935400
33.95124990,0.08844906,1.56464720
33.95374990,0.09162306,1.67895699
33.95624990,0.09187920,1.68835735
33.95874990,0.08771455,1.53876829
33.96124990,0.08916909,1.59022546
33.96374990,0.08691600,1.51087821
33.96624990,0.08459731,1.43134105
33.96874990,0.08746003,1.52985144
33.97124990,0.08714443,1.51883018
33.97374990,0.08323953,1.38576400
33.97624990,0.08929808,1.59482944
33.97874990,0.08977162,1.61178875
33.98124990,0.08073260,1.30355048
33.98374990,0.08425710,1.41985178
33.98624990,0.08574215,1.47034335
33.98874990,0.08266416,1.36667275
33.99124990,0.08434984,1.42297912
33.99374990,0.08228755,1.35424805
33.99624990,0.07379602,1.08917046
33.99874990,0.07392063,1.09285200
34.00124990,0.07395274,1.09380174
34.00374990,0.07794568,1.21510565
34.00624990,0.07832674,1.22701573
34.00874990,0.07749787,1.20118392
34.01124990,0.07695319,1.18435848
34.01374990,0.07752452,1.20201015
34.01624990,0.07616417,1.16019619
34.01874990,0.07953628,1.26520395
34.02124990,0.07951796,1.26462126
34.02374990,0.07968432,1.26991820
34.02624990,0.07994085,1.27810788
34.02874990,0.08149884,1.32841218
34.03124990,0.08121097,1.31904423
34.03374990,0.07905127,1.24982071
34.03624990,0.07705839,1.18759918
34.03874990,0.07706967,1.18794692
34.04124990,0.07352389,1.08115244
34.04374990,0.07315031,1.07019341
34.04624990,0.07763380,1.20540130
34.04874990,0.07732960,1.19597328
34.05124990,0.07726596,1.19400561
34.05374990,0.07124814,1.01525950
34.05624990,0.07033596,0.98942959
34.05874990,0.07271117,1.05738294
34.06124990,0.07333298,1.07554531
34.06374990,0.07271150,1.05739248
34.06624990,0.07425910,1.10288286
34.06874990,0.06484362,0.84093916
34.07124990,0.06555936,0.85960597
34.07374990,0.06945852,0.96489722
34.07624990,0.06114713,0.74779439
34.07874990,0.05859460,0.68666548
34.08124990,0.06575331,0.86469954
34.08374990,0.06393070,0.81742692
34.08624990,0.06433670,0.82784230
34.08874990,0.06688530,0.89472866
34.09124990,0.06672181,0.89036012
34.09374990,0.06712797,0.90123266
34.09624990,0.06188751,0.76601273
34.09874990,0.06173958,0.76235503
34.10124990,0.07049473,0.99390143
34.10374990,0.06897434,0.95149189
34.10624990,0.06907503,0.95427179
34.10874990,0.07267180,1.05623817
34.11124990,0.07160079,1.02533460
34.11374990,0.07237455,1.04761517
34.11624990,0.07081107,1.00284147
34.11874990,0.07014606,0.98409390
34.12124990,0.06941147,0.96359050
34.12374990,0.06675758,0.89131498
34.12624990,0.06847950,0.93788832
34.12874990,0.07580928,1.14940929
34.13124990,0.06921539,0.95815420
34.13374990,0.06990157,0.97724605
34.13624990,0.12661168,3.20610332
34.13874990,0.12600099,3.17524934
34.14124990,0.14545555,4.23146343
34.14374990,0.14918090,4.45098782
34.14624990,0.15364084,4.72110128
34.14874990,0.15365846,4.72218466
34.15124990,0.23035510,10.61269569
34.15374990,0.29920146,17.90430260
34.15624990,0.29919225,17.90320015
34.15874990,0.36351618,26.42879868
34.16124990,0.38679957,29.92278099
34.16374990,0.38731870,30.00315666
34.16624990,0.39184803,30.70897865
34.16874990,0.39390036,31.03150177
34.17124990,0.40033641,32.05384827
34.17374990,0.41559452,34.54376221
34.17624990,0.50840271,51.69467163
34.17874990,0.71323490,101.74079895
34.18124990,0.72010618,103.71059418
34.18374990,0.83967340,141.01028442
34.18624990,0.83298427,138.77256775
34.18874990,0.86289275,148.91677856
34.19124990,0.92741472,172.01959229
34.19374990,0.93054384,173.18237305
34.19624990,1.05106890,220.94917297
34.19874990,1.06352127,226.21551514
34.20124990,1.05395246,222.16316223
34.20374990,1.08765721,236.59963989
34.20624990,1.17645729,276.81033325
34.20874990,1.16342366,270.71093750
34.21124990,1.15581048,267.17959595
34.21374990,1.30469561,340.44613647
34.21624990,1.37866640,380.14419556
34.21874990,1.38001609,380.88891602
34.22124990,1.38375926,382.95791626
34.22374990,1.39891768,391.39410400
34.22624990,1.37549472,378.39715576
34.22874990,1.29388309,334.82669067
34.23124990,1.29083991,333.25350952
34.23374990,1.23480737,304.94982910
34.23624990,1.24093819,307.98550415
34.23874990,1.22158957,298.45623779
34.24124990,1.17805195,277.56127930
34.24374990,1.17511666,276.17984009
34.24624990,1.07438183,230.85928345
34.24874990,1.06268382,225.85940552
34.25124990,1.05780864,223.79183960
34.25374990,1.00552511,202.21615601
34.25624990,0.90005869,162.02114868
34.25874990,0.89285952,159.43962097
34.26124990,0.89380991,159.77923584
34.26374990,0.65862221,86.75665283
34.26624990,0.48299885,46.65757751
34.26874990,0.47751716,45.60453033
34.27124990,0.46113846,42.52973557
34.27374990,0.39897281,31.83585930
34.27624990,0.37258816,27.76438904
34.27874990,0.32459736,21.07269096
34.28124990,0.32153291,20.67667961
34.28374990,0.24567479,12.07121944
34.28624990,0.21253498,9.03422260
34.28874990,0.20462623,8.37437916
34.29124990,0.16179711,5.23566055
34.29374990,0.16236562,5.27251911
34.29624990,0.11305319,2.55620480
34.29874990,0.10809737,2.33700848
34.30124990,0.10804254,2.33463812
34.30374990,0.10440560,2.18010616
34.30624990,0.10709146,2.29371595
34.30874990,0.10770882,2.32023764
34.31124990,0.10057142,2.02292180
34.31374990,0.09706459,1.88430691
34.31624990,0.09817019,1.92747724
34.31874990,0.09776598,1.91163754
34.32124990,0.09781361,1.91350043
34.32374990,0.09106979,1.65874124
34.32624990,0.09623683,1.85230553
34.32874990,0.09773672,1.91049325
34.33124990,0.09788120,1.91614568
34.33374990,0.08950381,1.60218644
34.33624990,0.08969391,1.60899949
34.33874990,0.08940187,1.59853911
34.34124990,0.09058966,1.64129734
34.34374990,0.08935744,1.59695017
34.34624990,0.08942795,1.59947145
34.34874990,0.08865979,1.57211161
34.35124990,0.08882963,1.57814050
34.35374990,0.08926307,1.59357917
34.35624990,0.09299776,1.72971654
34.35874990,0.09189446,1.68891835
34.36124990,0.09074021,1.64675713
34.36374990,0.09527097,1.81531143
34.36624990,0.10539968,2.22181845
34.36874990,0.10571571,2.23516202
34.37124990,0.10518119,2.21261644
34.37374990,0.10892753,2.37304163
34.37624990,0.10755573,2.31364703
34.37874990,0.10615162,2.25363302
34.38124990,0.10814208,2.33894157
34.38374990,0.10602804,2.24838877
34.38624990,0.10619117,2.25531316
34.38874990,0.10979170,2.41084385
34.39124990,0.10858095,2.35796475
34.39374990,0.10849313,2.35415196
34.39624990,0.11163286,2.49237895
34.39874990,0.11179510,2.49962878
34.40124990,0.11167587,2.49430013
34.40374990,0.11253116,2.53265238
34.40624990,0.10655891,2.27096057
34.40874990,0.10655728,2.27089071
34.41124990,0.10984687,2.41326666
34.41374990,0.10413085,2.16864681
34.41624990,0.08421691,1.41849744
34.41874990,0.09680066,1.87407362
34.42124990,0.09770384,1.90920782
34.42374990,0.09634846,1.85660493
34.42624990,0.10470779,2.19274426
34.42874990,0.10968437,2.40613222
34.43124990,0.10800026,2.33281112
34.43374990,0.10870255,2.36324883
34.43624990,0.10953530,2.39959645
34.43874990,0.10597955,2.24633312
34.44124990,0.10320041,2.13006520
34.44374990,0.10316367,2.12854838
34.44624990,0.10151380,2.06101060
34.44874990,0.10296948,2.12054276
34.45124990,0.10458751,2.18770957
34.45374990,0.10298724,2.12127423
34.45624990,0.10688829,2.28502107
34.45874990,0.10700408,2.28997445
34.46124990,0.10422938,2.17275286
34.46374990,0.10406846,2.16604900
34.46624990,0.10392912,2.16025257
34.46874990,0.09242463,1.70846236
34.47124990,0.09446285,1.78464592
34.47374990,0.09288465,1.72551167
34.47624990,0.07580688,1.14933658
34.47874990,0.07476431,1.11794055
34.48124990,0.07539503,1.13688219
34.48374990,0.07431507,1.10454595
34.48624990,0.07350089,1.08047616
34.48874990,0.07343504,1.07854104
34.49124990,0.07453783,1.11117744
34.49374990,0.07483864,1.12016428
34.49624990,0.07236383,1.04730475
34.49874990,0.07062710,0.99763739
34.50124990,0.06827013,0.93216217
34.50374990,0.06826533,0.93203121
34.50624990,0.06668003,0.88924527
34.50874990,0.06654994,0.88577896
34.51124990,0.06755717,0.91279435
34.51374990,0.06711950,0.90100539
34.51624990,0.07131668,1.01721394
34.51874990,0.07211715,1.04017663
34.52124990,0.06868683,0.94357598
34.52374990,0.06744871,0.90986586
34.52624990,0.06974451,0.97285932
34.52874990,0.06289325,0.79111224
34.53124990,0.06171197,0.76167351
34.53374990,0.07644488,1.16876388
34.53624990,0.07978905,1.27325869
34.53874990,0.08032510,1.29042411
34.54124990,0.08007380,1.28236246
34.54374990,0.07999599,1.27987170
34.54624990,0.08112393,1.31621838
34.54874990,0.08173280,1.33605015
34.55124990,0.08316209,1.38318670
34.55374990,0.08647209,1.49548423
34.55624990,0.08310094,1.38115299
34.55874990,0.08305076,1.37948561
34.56124990,0.08726513,1.52304053
34.56374990,0.08717168,1.51978028
34.56624990,0.08471496,1.43532515
34.56874990,0.08413906,1.41587615
34.57124990,0.08390064,1.40786350
34.57374990,0.08294176,1.37586713
34.57624990,0.09062616,1.64262033
34.57874990,0.09069512,1.64512098
34.58124990,0.09304066,1.73131287
34.58374990,0.09733471,1.89480925
34.58624990,0.10152640,2.06152201
34.58874990,0.10321201,2.13054371
34.59124990,0.10291502,2.11830044
34.59374990,0.10691030,2.28596234
34.59624990,0.10742573,2.30805731
34.59874990,0.10737653,2.30594373
34.60124990,0.10621752,2.25643206
34.60374990,0.10360747,2.14690161
34.60624990,0.10424925,2.17358136
34.60874990,0.11108569,2.46800613
34.61124990,0.10928310,2.38855886
34.61374990,0.10673004,2.27826023
34.61624990,0.10812270,2.33810377
34.61874990,0.11286271,2.54759836
34.62124990,0.11487396,2.63920546
34.62374990,0.11763287,2.76749849
34.62624990,0.10989422,2.41534805
34.62874990,0.11057423,2.44533205
34.63124990,0.10843757,2.35174108
34.63374990,0.09798806,1.92033195
34.63624990,0.09699301,1.88152909
34.63874990,0.09632903,1.85585630
34.64124990,0.10069107,2.02773833
34.64374990,0.09757872,1.90432131
34.64624990,0.09611515,1.84762454
34.64874990,0.09467483,1.79266465
34.65124990,0.10416769,2.17018151
34.65374990,0.10422061,2.17238736
34.65624990,0.11167973,2.49447250
34.65874990,0.10488500,2.20017242
34.66124990,0.10693204,2.28689218
34.66374990,0.10698991,2.28936768
34.66624990,0.10973217,2.40823007
34.66874990,0.10608917,2.25098276
34.67124990,0.10426094,2.17406845
34.67374990,0.10148581,2.05987406
34.67624990,0.10425366,2.17376518
34.67874990,0.10437287,2.17873931
34.68124990,0.10674616,2.27894855
34.68374990,0.10358026,2.14577389
34.68624990,0.09949976,1.98004067
34.68874990,0.09832752,1.93366051
34.69124990,0.09502622,1.80599630
34.69374990,0.09445781,1.78445554
34.69624990,0.09671929,1.87092435
34.69874990,0.09873805,1.94984066
34.70124990,0.08869936,1.57351518
34.70374990,0.08873592,1.57481289
34.70624990,0.07934842,1.25923455
34.70874990,0.08056609,1.29817891
34.71124990,0.07317925,1.07104075
34.71374990,0.07596731,1.15420651
34.71624990,0.06938698,0.96291071
34.71874990,0.07003222,0.98090225
34.72124990,0.07374682,1.08771849
34.72374990,0.07333797,1.07569158
34.72624990,0.07008809,0.98246801
34.72874990,0.07091612,1.00581932
34.73124990,0.06885406,0.94817626
34.73374990,0.07301013,1.06609595
34.73624990,0.06976615,0.97346312
34.73874990,0.07110614,1.01121652
34.74124990,0.07018621,0.98522079
34.74374990,0.07017785,0.98498607
34.74624990,0.07285896,1.06168556
34.74874990,0.07020666,0.98579502
34.75124990,0.07429570,1.10397017
34.75374990,0.07688944,1.18239725
34.75624990,0.07879379,1.24169242
34.75874990,0.07867371,1.23791075
34.76124990,0.07896289,1.24702764
34.76374990,0.07622923,1.16217899
34.76624990,0.07561240,1.14344692
34.76874990,0.07284252,1.06120646
34.77124990,0.06963716,0.96986681
34.77374990,0.06963900,0.96991801
34.77624990,0.06890935,0.94969976
34.77874990,0.06896216,0.95115578
34.78124990,0.06758220,0.91347063
34.78374990,0.06306980,0.79555988
34.78624990,0.06304916,0.79503930
34.78874990,0.06095155,0.74301833
34.79124990,0.05969539,0.71270794
34.79374990,0.07417390,1.10035324
34.79624990,0.07079401,1.00235832
34.79874990,0.07348920,1.08013260
34.80124990,0.06942220,0.96388829
34.80374990,0.07018705,0.98524427
34.80624990,0.06664376,0.88827801
34.80874990,0.06635857,0.88069212
34.81124990,0.06569774,0.86323857
34.81374990,0.06661931,0.88762647
34.81624990,0.07111733,1.01153493
34.81874990,0.07123317,1.01483274
34.82124990,0.06992253,0.97783202
34.82374990,0.06985046,0.97581732
34.82624990,0.06978554,0.97400427
34.82874990,0.06797791,0.92419922
34.83124990,0.06790794,0.92229754
34.83374990,0.06741410,0.90893215
34.83624990,0.06740635,0.90872312
34.83874990,0.06766756,0.91577971
34.84124990,0.06717327,0.90244973
34.84374990,0.04929508,0.48600090
34.84624990,0.04624387,0.42769906
34.84874990,0.04562268,0.41628572
34.85124990,0.04696040,0.44105589
34.85374990,0.04223915,0.35682920
34.85624990,0.04179829,0.34941944
34.85874990,0.04039270,0.32631400
34.86124990,0.04103664,0.33680117
34.86374990,0.04100715,0.33631730
34.86624990,0.03336162,0.22259954
34.86874990,0.03248135,0.21100760
34.87124990,0.03542214,0.25094554
34.87374990,0.04166643,0.34721828
34.87624990,0.04353678,0.37909028
34.87874990,0.04540446,0.41231292
34.88124990,0.04545348,0.41320369
34.88374990,0.05054969,0.51105434
34.88624990,0.05248239,0.55088031
34.88874990,0.05263500,0.55408859
34.89124990,0.05480112,0.60063255
34.89374990,0.05618705,0.63139683
34.89624990,0.05579169,0.62254244
34.89874990,0.05989601,0.71750635
34.90124990,0.05978158,0.71476746
34.90374990,0.05890396,0.69393528
34.90624990,0.05887917,0.69335127
34.90874990,0.05990924,0.71782345
34.91124990,0.05993194,0.71836746
34.91374990,0.05892926,0.69453150
34.91624990,0.06714365,0.90165389
34.91874990,0.06807540,0.92685193
34.92124990,0.06870358,0.94403648
34.92374990,0.06569409,0.86314291
34.92624990,0.06564072,0.86174071
34.92874990,0.06502403,0.84562492
34.93124990,0.06514302,0.84872252
34.93374990,0.06132945,0.75226033
34.93624990,0.05975417,0.71411222
34.93874990,0.06339193,0.80370748
34.94124990,0.06152131,0.75697422
34.94374990,0.06353091,0.80723518
34.94624990,0.06485084,0.84112650
34.94874990,0.05840249,0.68217009
34.95124990,0.05752631,0.66185522
34.95374990,0.06220681,0.77393740
34.95624990,0.06221491,0.77413911
34.95874990,0.06670906,0.89001983
34.96124990,0.06694034,0.89620173
34.96374990,0.07194206,1.03513217
34.96624990,0.06390694,0.81681931
34.96874990,0.06794346,0.92326283
34.97124990,0.06600966,0.87145519
34.97374990,0.06587400,0.86787677
34.97624990,0.08435195,1.42305017
34.97874990,0.08378249,1.40390134
34.98124990,0.08593152,1.47684526
34.98374990,0.08626861,1.48845458
34.98624990,0.09029209,1.63053250
34.98874990,0.08927271,1.59392333
34.99124990,0.09345739,1.74685693
34.99374990,0.09948149,1.97931361
34.99624990,0.09995834,1.99833393
34.99874990,0.10055425,2.02223134
35.00124990,0.10402928,2.16441774
35.00374990,0.10158503,2.06390381
35.00624990,0.10207213,2.08374381
35.00874990,0.10031500,2.01261997
35.01124990,0.10617011,2.25441837
35.01374990,0.10451658,2.18474340
35.01624990,0.10724980,2.30050421
35.01874990,0.10711845,2.29487228
35.02124990,0.10711913,2.29490137
35.02374990,0.10775609,2.32227468
35.02624990,0.09410331,1.77108657
35.02874990,0.09862251,1.94527972
35.03124990,0.09859708,1.94427669
35.03374990,0.10024001,2.00961208
35.03624990,0.10334732,2.13613367
35.03874990,0.10181180,2.07312846
35.04124990,0.09865250,1.94646335
35.04374990,0.09057241,1.64067221
35.04624990,0.09247225,1.71022344
35.04874990,0.09205473,1.69481492
35.05124990,0.21626763,9.35433769
35.05374990,0.30177972,18.21420097
35.05624990,0.34249881,23.46109009
35.05874990,0.44801447,40.14339447
35.06124990,0.45613468,41.61176682
35.06374990,0.67926830,92.28108215
35.06624990,0.71120322,101.16200256
35.06874990,0.79802924,127.37014771
35.07124990,0.82630539,136.55612183
35.07374990,0.96118426,184.77502441
35.07624990,1.14068103,260.23065186
35.07874990,1.45881879,425.63043213
35.08124990,1.48392677,440.40774536
35.08374990,1.48611104,441.70520020
35.08624990,1.63720512,536.08813477
35.08874990,1.68477392,567.69262695
35.09124990,1.73026466,598.76312256
35.09374990,1.77237570,628.26306152
35.09624990,1.80849063,654.12768555
35.09874990,1.86149073,693.02954102
35.10124990,1.86320853,694.30920410
35.10374990,1.86847568,698.24029541
35.10624990,1.95783889,766.62658691
35.10874990,2.07902503,864.46905518
35.11124990,2.28897595,1047.88208008
35.11374990,2.38926005,1141.71276855
35.11624990,3.17478609,2015.85327148
35.11874990,3.17357540,2014.31616211
35.12124990,3.55461669,2527.06005859
35.12374990,3.65603185,2673.31396484
35.12624990,3.60882568,2604.72436523
35.12874990,3.78247738,2861.42700195
35.13124990,3.77934289,2856.68652344
35.13374990,3.85753846,2976.12060547
35.13624990,3.79867935,2885.99267578
35.13874990,3.78620696,2867.07275391
35.14124990,3.78205419,2860.78662109
35.14374990,3.76311183,2832.20214844
35.14624990,3.75357747,2817.86865234
35.14874990,3.73882484,2795.76220703
35.15124990,3.73757052,2793.88671875
35.15374990,3.72902870,2781.13085938
35.15624990,3.68135548,2710.47558594
35.15874990,3.60804820,2603.60229492
35.16124990,3.48532128,2429.49267578
35.16374990,3.38900781,2297.07470703
35.16624990,2.66585183,1421.35314941
35.16874990,2.64402103,1398.16943359
35.17124990,2.09421015,877.14324951
35.17374990,1.84760880,682.73162842
35.17624990,1.83826542,675.84399414
35.17874990,1.12599456,253.57275391
35.18124990,1.10332251,243.46412659
35.18374990,0.78311765,122.65464783
35.18624990,0.76894450,118.25514221
35.18874990,0.72827840,106.07788086
35.19124990,0.63930744,81.74279022
35.19374990,0.63800043,81.40891266
35.19624990,0.59162498,70.00402832
35.19874990,0.51613313,53.27868652
35.20124990,0.48021725,46.12171936
35.20374990,0.48023096,46.12435913
35.20624990,0.46437380,43.12860489
35.20874990,0.42086336,35.42518997
35.21124990,0.34937268,24.41225433
35.21374990,0.24784438,12.28536701
35.21624990,0.15621729,4.88076878
35.21874990,0.12876266,3.31596470
35.22124990,0.11012314,2.42542148
35.22374990,0.10810385,2.33728838
35.22624990,0.10781343,2.32474709
35.22874990,0.10744784,2.30900741
35.23124990,0.10747647,2.31023812
35.23374990,0.10756598,2.31408811
35.23624990,0.10463256,2.18959451
35.23874990,0.09202106,1.69357514
35.24124990,0.07914289,1.25271940
35.24374990,0.05797502,0.67222065
35.24624990,0.04603217,0.42379218
35.24874990,0.04116025,0.33883321
35.25124990,0.03866110,0.29893616
35.25374990,0.03530839,0.24933645
35.25624990,0.03523878,0.24835426
35.25874990,0.03365552,0.22653887
35.26124990,0.03267689,0.21355587
35.26374990,0.03090740,0.19105344
35.26624990,0.03023275,0.18280388
35.26874990,0.02618705,0.13715237
35.27124990,0.02437411,0.11881946
35.27374990,0.02465858,0.12160906
35.27624990,0.02552010,0.13025516
35.27874990,0.02718621,0.14781803
35.28124990,0.02764154,0.15281093
35.28374990,0.02753848,0.15167357
35.28624990,0.02787124,0.15536118
35.28874990,0.02784099,0.15502419
35.29124990,0.02605424,0.13576466
35.29374990,0.02527706,0.12778592
35.29624990,0.02538685,0.12889840
35.29874990,0.02751360,0.15139958
35.30124990,0.02836258,0.16088721
35.30374990,0.03060079,0.18728167
35.30624990,0.03083688,0.19018260
35.30874990,0.03217772,0.20708114
35.31124990,0.03552693,0.25243255
35.31374990,0.04207769,0.35410637
35.31624990,0.04840112,0.46853369
35.31874990,0.04876977,0.47569805
35.32124990,0.04899152,0.48003387
35.32374990,0.05073222,0.51475161
35.32624990,0.05780556,0.66829652
35.32874990,0.06009173,0.72220320
35.33124990,0.06012925,0.72310537
35.33374990,0.05999561,0.71989477
35.33624990,0.06273185,0.78705704
35.33874990,0.06636295,0.88080835
35.34124990,0.06757696,0.91332906
35.34374990,0.06771123,0.91696227
35.34624990,0.06777996,0.91882461
35.34874990,0.07018743,0.98525494
35.35124990,0.07058705,0.99650633
35.35374990,0.06981458,0.97481513
35.35624990,0.06968150,0.97110224
35.35874990,0.07024115,0.98676360
35.36124990,0.07040896,0.99148428
35.36374990,0.06664924,0.88842404
35.36624990,0.06213656,0.77219033
35.36874990,0.06205830,0.77024651
35.37124990,0.06427497,0.82625425
35.37374990,0.06230895,0.77648097
35.37624990,0.05537757,0.61333489
35.37874990,0.05282360,0.55806667
35.38124990,0.05571550,0.62084341
35.38374990,0.05619663,0.63161218
35.38624990,0.05292296,0.56016785
35.38874990,0.04798641,0.46053901
35.39124990,0.05072292,0.51456296
35.39374990,0.05258936,0.55312824
35.39624990,0.05243655,0.54991829
35.39874990,0.04801434,0.46107545
35.40124990,0.05007494,0.50149989
35.40374990,0.05371038,0.57696104
35.40624990,0.05383552,0.57965261
35.40874990,0.05234374,0.54797345
35.41124990,0.05103142,0.52084112
35.41374990,0.05629193,0.63375622
35.41624990,0.05634858,0.63503253
35.41874990,0.05646213,0.63759446
35.42124990,0.05372553,0.57728648
35.42374990,0.05507621,0.60667777
35.42624990,0.05507793,0.60671574
35.42874990,0.05462129,0.59669709
35.43124990,0.05096065,0.51939762
35.43374990,0.05305564,0.56298012
35.43624990,0.05306361,0.56314933
35.43874990,0.05310453,0.56401831
35.44124990,0.04895556,0.47932950
35.44374990,0.04935205,0.48712495
35.44624990,0.05003599,0.50072008
35.44874990,0.05113504,0.52295840
35.45124990,0.04756796,0.45254225
35.45374990,0.04789041,0.45869827
35.45624990,0.04796913,0.46020746
35.45874990,0.04876817,0.47566688
35.46124990,0.04776450,0.45628941
35.46374990,0.04912015,0.48255774
35.46624990,0.04904633,0.48110858
35.46874990,0.04848964,0.47024900
35.47124990,0.04912677,0.48268798
35.47374990,0.05155765,0.53163832
35.47624990,0.05164595,0.53346086
35.47874990,0.05144532,0.52932423
35.48124990,0.05162394,0.53300625
35.48374990,0.05199488,0.54069334
35.48624990,0.05218422,0.54463851
35.48874990,0.05194825,0.53972405
35.49124990,0.05269618,0.55537742
35.49374990,0.05303287,0.56249702
35.49624990,0.05241209,0.54940528
35.49874990,0.05162416,0.53301072
35.50124990,0.05385117,0.57998967
35.50374990,0.05375719,0.57796717
35.50624990,0.05400767,0.58336562
35.50874990,0.05323794,0.56685561
35.51124990,0.05513392,0.60794973
35.51374990,0.04918738,0.48387977
35.51624990,0.04952611,0.49056715
35.51874990,0.04961848,0.49239874
35.52124990,0.05141620,0.52872515
35.52374990,0.04754887,0.45217904
35.52624990,0.04757895,0.45275125
35.52874990,0.04867750,0.47389984
35.53124990,0.05210360,0.54295707
35.53374990,0.04926911,0.48548907
35.53624990,0.04921463,0.48441589
35.53874990,0.05187352,0.53817236
35.54124990,0.05275134,0.55654079
35.54374990,0.04989566,0.49791545
35.54624990,0.05014839,0.50297219
35.54874990,0.05322663,0.56661487
35.55124990,0.05115066,0.52327812
35.55374990,0.04761668,0.45346960
35.55624990,0.05020543,0.50411701
35.55874990,0.05520440,0.60950506
35.56124990,0.05295261,0.56079578
35.56374990,0.05322422,0.56656355
35.56624990,0.05625758,0.63298315
35.56874990,0.05967931,0.71232408
35.57124990,0.05773729,0.66671884
35.57374990,0.05823908,0.67835802
35.57624990,0.05885286,0.69273174
35.57874990,0.05882538,0.69208515
35.58124990,0.05611473,0.62977260
35.58374990,0.05701618,0.65016901
35.58624990,0.05806218,0.67424345
35.58874990,0.05588111,0.62453973
35.59124990,0.05454697,0.59507442
35.59374990,0.05795413,0.67173624
35.59624990,0.05817439,0.67685187
35.59874990,0.05512638,0.60778362
35.60124990,0.05674132,0.64391541
35.60374990,0.05956306,0.70955151
35.60624990,0.05707678,0.65155178
35.60874990,0.05226981,0.54642653
35.61124990,0.05467738,0.59792310
35.61374990,0.05386701,0.58033097
35.61624990,0.05026985,0.50541157
35.61874990,0.04717427,0.44508246
35.62124990,0.05063436,0.51276767
35.62374990,0.04999670,0.49993408
35.62624990,0.04940788,0.48822764
35.62874990,0.05384668,0.57989305
35.63124990,0.05875403,0.69040716
35.63374990,0.05774811,0.66696876
35.63624990,0.05664426,0.64171439
35.63874990,0.05933799,0.70419937
35.64124990,0.05951549,0.70841885
35.64374990,0.05672568,0.64356065
35.64624990,0.05759421,0.66341871
35.64874990,0.06044360,0.73068571
35.65124990,0.05916460,0.70008999
35.65374990,0.05646468,0.63765192
35.65624990,0.05945199,0.70690781
35.65874990,0.05961121,0.71069920
35.66124990,0.05905110,0.69740653
35.66374990,0.06310210,0.79637498
35.66624990,0.06542288,0.85603064
35.66874990,0.06462153,0.83518839
35.67124990,0.06325026,0.80011898
35.67374990,0.06702810,0.89855319
35.67624990,0.06843438,0.93665290
35.67874990,0.06416271,0.82337070
35.68124990,0.06177451,0.76321805
35.68374990,0.06206921,0.77051735
35.68624990,0.06240094,0.77877533
35.68874990,0.06020548,0.72493994
35.69124990,0.06160176,0.75895536
35.69374990,0.06120353,0.74917436
35.69624990,0.06000645,0.72015470
35.69874990,0.06199447,0.76866299
35.70124990,0.06184050,0.76484954
35.70374990,0.06114372,0.74771082
35.70624990,0.06022149,0.72532558
35.70874990,0.06290062,0.79129755
35.71124990,0.06171864,0.76183808
35.71374990,0.05841968,0.68257177
35.71624990,0.05833026,0.68048394
35.71874990,0.05877881,0.69098979
35.72124990,0.05758009,0.66309339
35.72374990,0.05327950,0.56774116
35.72624990,0.05522920,0.61005288
35.72874990,0.05640150,0.63622582
35.73124990,0.05382065,0.57933259
35.73374990,0.05628084,0.63350666
35.73624990,0.05714798,0.65317833
35.73874990,0.05653152,0.63916254
35.74124990,0.05603006,0.62787354
35.74374990,0.06175519,0.76274067
35.74624990,0.06182964,0.76458085
35.74874990,0.05694171,0.64847159
35.75124990,0.06563722,0.86164892
35.75374990,0.06699379,0.89763355
35.75624990,0.06541389,0.85579538
35.75874990,0.06356344,0.80806226
35.76124990,0.06596843,0.87036675
35.76374990,0.06504930,0.84628218
35.76624990,0.06503967,0.84603179
35.76874990,0.06841657,0.93616533
35.77124990,0.06814388,0.92871773
35.77374990,0.06824110,0.93136966
35.77624990,0.07085709,1.00414526
35.77874990,0.07090530,1.00551224
35.78124990,0.07095946,1.00704896
35.78374990,0.07003403,0.98095292
35.78624990,0.06988200,0.97669864
35.78874990,0.07049997,0.99404919
35.79124990,0.07096778,1.00728500
35.79374990,0.06635664,0.88064086
35.79624990,0.06625771,0.87801689
35.79874990,0.07166240,1.02709985
35.80124990,0.06566472,0.86237127
35.80374990,0.06421754,0.82477838
35.80624990,0.06603604,0.87215161
35.80874990,0.07387793,1.09158981
35.81124990,0.07163017,1.02617633
35.81374990,0.07255829,1.05294120
35.81624990,0.07329333,1.07438231
35.81874990,0.06977714,0.97376978
35.82124990,0.06976280,0.97336978
35.82374990,0.07156818,1.02440107
35.82624990,0.06583498,0.86684906
35.82874990,0.06626120,0.87810934
35.83124990,0.07108746,1.01068556
35.83374990,0.07324846,1.07306731
35.83624990,0.07292780,1.06369257
35.83874990,0.07518753,1.13063276
35.84124990,0.07537662,1.13632703
35.84374990,0.07505803,1.12674141
35.84624990,0.08345683,1.39300847
35.84874990,0.08018444,1.28590882
35.85124990,0.07869799,1.23867464
35.85374990,0.08303291,1.37889290
35.85624990,0.09070358,1.64542806
35.85874990,0.08484726,1.43981123
35.86124990,0.08578876,1.47194242
35.86374990,0.08947686,1.60122168
35.86624990,0.08956027,1.60420847
35.86874990,0.08964129,1.60711217
35.87124990,0.09360448,1.75235987
35.87374990,0.09385651,1.76180851
35.87624990,0.09402922,1.76829863
35.87874990,0.09487506,1.80025530
35.88124990,0.09363698,1.75357687
35.88374990,0.09096013,1.65474916
35.88624990,0.09396541,1.76589966
35.88874990,0.09229798,1.70378339
35.89124990,0.09237587,1.70666003
35.89374990,0.09385902,1.76190329
35.89624990,0.08749099,1.53093457
35.89874990,0.08660277,1.50000811
35.90124990,0.08741509,1.52827966
35.90374990,0.08338378,1.39057100
35.90624990,0.07311933,1.06928754
35.90874990,0.08339094,1.39080989
35.91124990,0.08509602,1.44826651
35.91374990,0.08056741,1.29822147
35.91624990,0.08158213,1.33112884
35.91874990,0.08508060,1.44774175
35.92124990,0.08109122,1.31515718
35.92374990,0.08294217,1.37588084
35.92624990,0.09000202,1.62007236
35.92874990,0.08808105,1.55165434
35.93124990,0.09294334,1.72769284
35.93374990,0.09702935,1.88293886
35.93624990,0.09502934,1.80611491
35.93874990,0.09850080,1.94048154
35.94124990,0.10311484,2.12653375
35.94374990,0.10221022,2.08938622
35.94624990,0.10193199,2.07802606
35.94874990,0.10498410,2.20433211
35.95124990,0.10456812,2.18689871
35.95374990,0.10884133,2.36928678
35.95624990,0.11082412,2.45639706
35.95874990,0.10243785,2.09870243
35.96124990,0.10050364,2.02019644
35.96374990,0.10381714,2.15559936
35.96624990,0.10101028,2.04061508
35.96874990,0.10016757,2.00670815
35.97124990,0.10253998,2.10288930
35.97374990,0.09962962,1.98521233
35.97624990,0.09462909,1.79093313
35.97874990,0.09769400,1.90882373
35.98124990,0.09076054,1.64749515
35.98374990,0.09302956,1.73089981
35.98624990,0.09387681,1.76257122
35.98874990,0.08961207,1.60606444
35.99124990,0.08414406,1.41604471
35.99374990,0.08615433,1.48451376
35.99624990,0.08577100,1.47133303
35.99874990,0.08550484,1.46221566
36.00124990,0.08663828,1.50123823
36.00374990,0.08112241,1.31616902
36.00624990,0.07947376,1.26321578
36.00874990,0.08135799,1.32382441
36.01124990,0.08085956,1.30765390
36.01374990,0.07872354,1.23947906
36.01624990,0.08067766,1.30177677
36.01874990,0.07820733,1.22327733
36.02124990,0.07645209,1.16898441
36.02374990,0.08016970,1.28543615
36.02624990,0.08044352,1.29423201
36.02874990,0.07823446,1.22412610
36.03124990,0.08392382,1.40864134
36.03374990,0.07795200,1.21530282
36.03624990,0.07892618,1.24586821
36.03874990,0.08169197,1.33471549
36.04124990,0.07956457,1.26610422
36.04374990,0.08177019,1.33727264
36.04624990,0.08141865,1.32579923
36.04874990,0.07849158,1.23218536
36.05124990,0.08029528,1.28946650
36.05374990,0.08272372,1.36864281
36.05624990,0.08350459,1.39460349
36.05874990,0.08812154,1.55308127
36.06124990,0.08810393,1.55246043
36.06374990,0.08611957,1.48331594
36.06624990,0.08521348,1.45226765
36.06874990,0.08672874,1.50437498
36.07124990,0.08762233,1.53553462
36.07374990,0.08651067,1.49681902
36.07624990,0.08461037,1.43178296
36.07874990,0.08343549,1.39229631
36.08124990,0.08016053,1.28514194
36.08374990,0.07882063,1.24253845
36.08624990,0.07605401,1.15684247
36.08874990,0.07612260,1.15893030
36.09124990,0.07614469,1.15960264
36.09374990,0.07273930,1.05820107
36.09624990,0.07751413,1.20168829
36.09874990,0.07691692,1.18324256
36.10124990,0.07635222,1.16593242
36.10374990,0.07382848,1.09012890
36.10624990,0.07176911,1.03016114
36.10874990,0.06416477,0.82342339
36.11124990,0.06419409,0.82417637
36.11374990,0.06608276,0.87338620
36.11624990,0.07484928,1.12048280
36.11874990,0.07457265,1.11221623
36.12124990,0.07451714,1.11056077
36.12374990,0.07324060,1.07283700
36.12624990,0.08946808,1.60090744
36.12874990,0.10322699,2.13116217
36.13124990,0.10759338,2.31526709
36.13374990,0.11791922,2.78098845
36.13624990,0.15887487,5.04824543
36.13874990,0.15862945,5.03266048
36.14124990,0.27537829,15.16663933
36.14374990,0.27882892,15.54911423
36.14624990,0.28639644,16.40458488
36.14874990,0.30559203,18.67729950
36.15124990,0.42904088,36.81521606
36.15374990,0.46604049,43.43875122
36.15624990,0.49174139,48.36192322
36.15874990,0.57740116,66.67842102
36.16124990,0.62824291,78.93782806
36.16374990,0.62925887,79.19333649
36.16624990,0.72484064,105.07879639
36.16874990,0.72512960,105.16258240
36.17124990,0.74147958,109.95840454
36.17374990,0.92180568,169.94514465
36.17624990,0.94393885,178.20411682
36.17874990,0.94709313,179.39709473
36.18124990,1.07004607,228.99971008
36.18374990,1.15578675,267.16860962
36.18624990,1.25532186,315.16662598
36.18874990,1.32788599,352.65621948
36.19124990,1.34189951,360.13888550
36.19374990,1.40213132,393.19442749
36.19624990,1.56479025,489.71368408
36.19874990,1.67854238,563.50091553
36.20124990,1.66977656,557.63073730
36.20374990,1.69469821,574.40039062
36.20624990,1.78269911,635.60314941
36.20874990,1.77181995,627.86920166
36.21124990,2.15194607,926.17431641
36.21374990,2.15324497,927.29278564
36.21624990,2.22623467,991.22406006
36.21874990,2.23253584,996.84326172
36.22124990,2.23657560,1000.45416260
36.22374990,2.17014456,941.90539551
36.22624990,2.19682479,965.20776367
36.22874990,2.19717813,965.51831055
36.23124990,2.14196038,917.59881592
36.23374990,2.11878181,897.84716797
36.23624990,2.05866694,847.62182617
36.23874990,2.01879430,815.10614014
36.24124990,1.99714577,797.71826172
36.24374990,1.95743954,766.31396484
36.24624990,1.82925117,669.23193359
36.24874990,1.72214532,593.15692139
36.25124990,1.70475554,581.23828125
36.25374990,1.67160690,558.85394287
36.25624990,1.56997383,492.96356201
36.25874990,1.55305290,482.39465332
36.26124990,0.92731959,171.98432922
36.26374990,0.92463565,170.99021912
36.26624990,0.63633192,80.98365784
36.26874990,0.61352396,75.28232574
36.27124990,0.57795036,66.80532837
36.27374990,0.57161427,65.34857941
36.27624990,0.40779132,33.25875092
36.27874990,0.39556640,31.29455376
36.28124990,0.38311175,29.35491943
36.28374990,0.22904073,10.49193192
36.28624990,0.22913067,10.50017262
36.28874990,0.16694763,5.57430220
36.29124990,0.16357192,5.35115480
36.29374990,0.12774587,3.26380110
36.29624990,0.11941853,2.85215712
36.29874990,0.12132628,2.94401312
36.30124990,0.11246942,2.52987409
36.30374990,0.08741594,1.52830946
36.30624990,0.08041869,1.29343319
36.30874990,0.08032934,1.29056072
36.31124990,0.07757613,1.20361125
36.31374990,0.06328961,0.80111480
36.31624990,0.06159108,0.75869226
36.31874990,0.06016058,0.72385913
36.32124990,0.06037390,0.72900164
36.32374990,0.05975534,0.71414006
36.32624990,0.06062744,0.73513734
36.32874990,0.05763343,0.66432244
36.33124990,0.05736308,0.65810466
36.33374990,0.05727190,0.65601403
36.33624990,0.05460505,0.59634227
36.33874990,0.04863525,0.47307748
36.34124990,0.04832482,0.46705756
36.34374990,0.05045015,0.50904346
36.34624990,0.05040926,0.50821882
36.34874990,0.04557772,0.41546565
36.35124990,0.04355744,0.37945014
36.35374990,0.04497671,0.40458101
36.35624990,0.04940006,0.48807317
36.35874990,0.04953463,0.49073583
36.36124990,0.04608727,0.42480722
36.36374990,0.04440277,0.39432114
36.36624990,0.04857478,0.47190177
36.36874990,0.05170312,0.53464258
36.37124990,0.05213378,0.54358625
36.37374990,0.05171933,0.53497791
36.37624990,0.05250879,0.55143452
36.37874990,0.05950811,0.70824295
36.38124990,0.06177557,0.76324415
36.38374990,0.06147950,0.75594574
36.38624990,0.06080789,0.73951995
36.38874990,0.06728484,0.90544987
36.39124990,0.06961983,0.96938425
36.39374990,0.06877369,0.94596416
36.39624990,0.06799702,0.92471910
36.39874990,0.06977714,0.97376990
36.40124990,0.07276804,1.05903757
36.40374990,0.07206822,1.03876579
36.40624990,0.07050137,0.99408871
36.40874990,0.07023980,0.98672616
36.41124990,0.07128811,1.01639891
36.41374990,0.07150725,1.02265739
36.41624990,0.06743956,0.90961879
36.41874990,0.06438750,0.82914996
36.42124990,0.06569756,0.86323386
36.42374990,0.06543255,0.85628361
36.42624990,0.06407294,0.82106823
36.42874990,0.05727425,0.65606797
36.43124990,0.05757169,0.66289997
36.43374990,0.05696168,0.64892662
36.43624990,0.05724891,0.65548748
36.43874990,0.04946649,0.48938677
36.44124990,0.04972212,0.49445778
36.44374990,0.04861046,0.47259527
36.44624990,0.04863763,0.47312382
36.44874990,0.04605555,0.42422280
36.45124990,0.04662328,0.43474600
36.45374990,0.04580135,0.41955268
36.45624990,0.04396660,0.38661242
36.45874990,0.04290394,0.36814973
36.46124990,0.04490153,0.40322945
36.46374990,0.04453199,0.39661971
36.46624990,0.04393860,0.38612008
36.46874990,0.04458728,0.39760518
36.47124990,0.04770959,0.45524105
36.47374990,0.04778537,0.45668834
36.47624990,0.04765999,0.45429495
36.47874990,0.05030004,0.50601876
36.48124990,0.05374337,0.57767004
36.48374990,0.05439277,0.59171456
36.48624990,0.05440191,0.59191358
36.48874990,0.05590344,0.62503886
36.49124990,0.05637912,0.63572103
36.49374990,0.05667464,0.64240289
36.49624990,0.05657151,0.64006710
36.49874990,0.05780404,0.66826135
36.50124990,0.05450223,0.59409863
36.50374990,0.05449453,0.59393072
36.50624990,0.05418685,0.58724296
36.50874990,0.05616636,0.63093209
36.51124990,0.05322625,0.56660670
36.51374990,0.05378972,0.57866687
36.51624990,0.05657695,0.64019024
36.51874990,0.06013707,0.72329354
36.52124990,0.05513834,0.60804737
36.52374990,0.05561857,0.61868507
36.52624990,0.06155234,0.75773811
36.52874990,0.06193937,0.76729721
36.53124990,0.05614245,0.63039494
36.53374990,0.05606941,0.62875575
36.53624990,0.05815645,0.67643464
36.53874990,0.05762399,0.66410482
36.54124990,0.05423911,0.58837616
36.54374990,0.05456020,0.59536302
36.54624990,0.05627739,0.63342881
36.54874990,0.05502072,0.60545588
36.55124990,0.05514381,0.60816789
36.55374990,0.05721350,0.65467691
36.55624990,0.05774559,0.66691071
36.55874990,0.05596239,0.62635779
36.56124990,0.05722195,0.65487033
36.56374990,0.05910068,0.69857812
36.56624990,0.05755261,0.66246068
36.56874990,0.05329858,0.56814778
36.57124990,0.05539912,0.61381245
36.57374990,0.05508755,0.60692757
36.57624990,0.04982098,0.49642605
36.57874990,0.04677260,0.43753532
36.58124990,0.04767893,0.45465603
36.58374990,0.04706981,0.44311342
36.58624990,0.04410586,0.38906538
36.58874990,0.04616215,0.42618889
36.59124990,0.04594202,0.42213383
36.59374990,0.04536073,0.41151908
36.59624990,0.04471800,0.39993989
36.59874990,0.04625212,0.42785183
36.60124990,0.04491507,0.40347266
36.60374990,0.04227868,0.35749736
36.60624990,0.04628195,0.42840374
36.60874990,0.04621982,0.42725438
36.61124990,0.04466266,0.39895061
36.61374990,0.04245713,0.36052155
36.61624990,0.04096848,0.33568326
36.61874990,0.04222542,0.35659724
36.62124990,0.04282185,0.36674213
36.62374990,0.04713802,0.44439852
36.62624990,0.04697381,0.44130784
36.62874990,0.04926378,0.48538402
36.63124990,0.06226980,0.77550566
36.63374990,0.06465331,0.83601028
36.63624990,0.06525465,0.85163403
36.63874990,0.06507321,0.84690452
36.64124990,0.06570650,0.86346871
36.64374990,0.06627678,0.87852228
36.64624990,0.06567235,0.86257154
36.64874990,0.06563694,0.86164153
36.65124990,0.06584725,0.86717194
36.65374990,0.06597687,0.87058949
36.65624990,0.06371035,0.81180167
36.65874990,0.06798128,0.92429096
36.66124990,0.06811655,0.92797303
36.66374990,0.06753422,0.91217428
36.66624990,0.07055368,0.99556434
36.66874990,0.07056597,0.99591106
36.67124990,0.06857435,0.94048834
36.67374990,0.07156018,1.02417207
36.67624990,0.07101185,1.00853646
36.67874990,0.06971501,0.97203648
36.68124990,0.05919962,0.70091903
36.68374990,0.05916834,0.70017844
36.68624990,0.05856425,0.68595433
36.68874990,0.05766158,0.66497153
36.69124990,0.06134178,0.75256288
36.69374990,0.06088237,0.74133265
36.69624990,0.06042218,0.73016793
36.69874990,0.06444889,0.83073175
36.70124990,0.06757747,0.91334277
36.70374990,0.06745066,0.90991843
36.70624990,0.06719545,0.90304559
36.70874990,0.06364704,0.81018919
36.71124990,0.06334918,0.80262369
36.71374990,0.06602364,0.87182426
36.71624990,0.06278998,0.78851628
36.71874990,0.06194163,0.76735318
36.72124990,0.07471322,1.11641300
36.72374990,0.07271234,1.05741680
36.72624990,0.07262027,1.05474067
36.72874990,0.07500474,1.12514210
36.73124990,0.07661984,1.17411995
36.73374990,0.07611946,1.15883446
36.73624990,0.08004430,1.28141785
36.73874990,0.08366904,1.40010178
36.74124990,0.08049431,1.29586685
36.74374990,0.08120526,1.31885886
36.74624990,0.08757295,1.53380406
36.74874990,0.08547218,1.46109879
36.75124990,0.08531959,1.45588636
36.75374990,0.09159461,1.67791474
36.75624990,0.09295128,1.72798812
36.75874990,0.09265851,1.71711981
36.76124990,0.09783345,1.91427696
36.76374990,0.10119960,2.04827189
36.76624990,0.10129363,2.05208015
36.76874990,0.10177832,2.07176518
36.77124990,0.09421106,1.77514493
36.77374990,0.09210597,1.69670200
36.77624990,0.09390870,1.76376879
36.77874990,0.09302575,1.73075807
36.78124990,0.09067253,1.64430141
36.78374990,0.09335388,1.74298942
36.78624990,0.09269613,1.71851456
36.78874990,0.08871434,1.57404685
36.79124990,0.09039576,1.63427854
36.79374990,0.09336217,1.74329901
36.79624990,0.08792714,1.54623628
36.79874990,0.08766715,1.53710592
36.80124990,0.09080497,1.64910853
36.80374990,0.08521362,1.45227206
36.80624990,0.08548089,1.46139646
36.80874990,0.08683684,1.50812721
36.81124990,0.08101979,1.31284130
36.81374990,0.08079404,1.30553555
36.81624990,0.08217994,1.35070860
36.81874990,0.08171009,1.33530796
36.82124990,0.08196641,1.34369838
36.82374990,0.08487290,1.44068182
36.82624990,0.08441284,1.42510557
36.82874990,0.08539324,1.45840108
36.83124990,0.08582862,1.47331023
36.83374990,0.08177476,1.33742225
36.83624990,0.08167256,1.33408129
36.83874990,0.08564822,1.46712351
36.84124990,0.08564816,1.46712136
36.84374990,0.08424471,1.41943431
36.84624990,0.08400376,1.41132653
36.84874990,0.08289520,1.37432265
36.85124990,0.07997547,1.27921522
36.85374990,0.08119499,1.31852531
36.85624990,0.08046237,1.29483843
36.85874990,0.08546799,1.46095538
36.86124990,0.08541383,1.45910442
36.86374990,0.07948428,1.26355028
36.86624990,0.07982863,1.27452207
36.86874990,0.08028974,1.28928840
36.87124990,0.08115400,1.31719422
36.87374990,0.07886303,1.24387562
36.87624990,0.07701166,1.18615901
36.87874990,0.07485979,1.12079751
36.88124990,0.07796982,1.21585858
36.88374990,0.08064479,1.30071652
36.88624990,0.07810361,1.22003484
36.88874990,0.07512401,1.12872326
36.89124990,0.07390995,1.09253609
36.89374990,0.07097874,1.00759614
36.89624990,0.07207212,1.03887808
36.89874990,0.07655557,1.17215109
36.90124990,0.07439806,1.10701430
36.90374990,0.07223188,1.04348886
36.90624990,0.07380746,1.08950806
36.90874990,0.07235134,1.04694355
36.91124990,0.07236495,1.04733706
36.91374990,0.07296606,1.06480932
36.91624990,0.07555986,1.14185870
36.91874990,0.07491443,1.12243426
36.92124990,0.07276566,1.05896831
36.92374990,0.07577272,1.14830101
36.92624990,0.07581369,1.14954305
36.92874990,0.07747347,1.20042765
36.93124990,0.07383544,1.09033453
36.93374990,0.07062111,0.99746823
36.93624990,0.07118942,1.01358664
36.93874990,0.07078630,1.00213993
36.94124990,0.07212860,1.04050684
36.94374990,0.07313653,1.06979048
36.94624990,0.07186344,1.03287089
36.94874990,0.06673823,0.89079809
36.95124990,0.07006029,0.98168886
36.95374990,0.07078066,1.00198054
36.95624990,0.07037503,0.99052894
36.95874990,0.06361962,0.80949116
36.96124990,0.06366543,0.81065744
36.96374990,0.06656642,0.88621765
36.96624990,0.06117780,0.74854463
36.96874990,0.06165295,0.76021719
36.97124990,0.06342119,0.80444944
36.97374990,0.05762186,0.66405582
36.97624990,0.05760449,0.66365540
36.97874990,0.05597401,0.62661791
36.98124990,0.05701860,0.65022415
36.98374990,0.05822194,0.67795879
36.98624990,0.05719926,0.65435106
36.98874990,0.05645230,0.63737237
36.99124990,0.06094332,0.74281752
36.99374990,0.05951020,0.70829284
36.99624990,0.05973810,0.71372807
36.99874990,0.06075621,0.73826343
37.00124990,0.05541300,0.61412013
37.00374990,0.05462466,0.59677076
37.00624990,0.05047281,0.50950098
37.00874990,0.05136526,0.52767789
37.01124990,0.05374930,0.57779753
37.01374990,0.05012076,0.50241804
37.01624990,0.05024604,0.50493288
37.01874990,0.05133381,0.52703202
37.02124990,0.04785624,0.45804387
37.02374990,0.05372006,0.57716906
37.02624990,0.05373265,0.57743961
37.02874990,0.05224539,0.54591614
37.03124990,0.05588897,0.62471533
37.03374990,0.05472059,0.59886861
37.03624990,0.05607877,0.62896562
37.03874990,0.05600993,0.62742245
37.04124990,0.04878272,0.47595087
37.04374990,0.04984408,0.49688649
37.04624990,0.04945878,0.48923427
37.04874990,0.04900131,0.48022562
37.05124990,0.05117416,0.52375889
37.05374990,0.05100420,0.52028573
37.05624990,0.05232767,0.54763705
37.05874990,0.05245336,0.55027097
37.06124990,0.05035622,0.50714982
37.06374990,0.05181823,0.53702575
37.06624990,0.05410523,0.58547527
37.06874990,0.05251526,0.55157059
37.07124990,0.05322987,0.56668377
37.07374990,0.04725385,0.44658524
37.07624990,0.05260041,0.55336070
37.07874990,0.05374145,0.57762873
37.08124990,0.04890463,0.47833261
37.08374990,0.05411351,0.58565444
37.08624990,0.05259350,0.55321515
37.08874990,0.05464643,0.59724641
37.09124990,0.05576690,0.62198931
37.09374990,0.05747147,0.66059387
37.09624990,0.14327766,4.10569715
37.09874990,0.14300282,4.08996153
37.10124990,0.15771671,4.97491169
37.10374990,0.22931769,10.51732063
37.10624990,0.25040054,12.54008484
37.10874990,0.25041255,12.54128933
37.11124990,0.33636612,22.62843323
37.11374990,0.44713107,39.98523712
37.11624990,0.51446801,52.93546677
37.11874990,0.73564082,108.23348999
37.12124990,0.74453259,110.86574554
37.12374990,0.76084191,115.77606964
37.12624990,0.77173895,119.11620331
37.12874990,0.81556058,133.02781677
37.13124990,0.85080975,144.77545166
37.13374990,0.87531370,153.23481750
37.13624990,1.04811645,219.70960999
37.13874990,1.23279548,303.95693970
37.14124990,1.33527040,356.58941650
37.14374990,1.49942505,449.65512085
37.14624990,2.16563845,937.99792480
37.14874990,2.21231174,978.86462402
37.15124990,2.21476722,981.03887939
37.15374990,2.78461552,1550.81677246
37.15624990,2.92670083,1713.11547852
37.15874990,3.63852596,2647.77392578
37.16124990,3.84901905,2962.98950195
37.16374990,4.14813089,3441.39794922
37.16624990,4.16510248,3469.61547852
37.16874990,4.15394068,3451.04443359
37.17124990,4.21258020,3549.16601562
37.17374990,4.38236761,3841.02929688
37.17624990,4.50017071,4050.30737305
37.17874990,4.53200817,4107.81933594
37.18124990,4.53036451,4104.84033203
37.18374990,4.63690948,4300.18603516
37.18624990,4.68090487,4382.17431641
37.18874990,4.63662386,4299.65625000
37.19124990,4.66402531,4350.62695312
37.19374990,4.70903254,4434.99707031
37.19624990,4.57525826,4186.59716797
37.19874990,4.59008646,4213.77880859
37.20124990,4.61087370,4252.03076172
37.20374990,4.28841019,3678.09204102
37.20624990,4.19157314,3513.85717773
37.20874990,3.59132552,2579.52392578
37.21124990,3.35798359,2255.21069336
37.21374990,2.96605730,1759.49926758
37.21624990,2.93138433,1718.60290527
37.21874990,2.90095186,1683.10424805
37.22124990,2.81527543,1585.15515137
37.22374990,2.54318380,1293.55688477
37.22624990,2.33128285,1086.97607422
37.22874990,2.25844598,1020.11560059
37.23124990,2.25188279,1014.19525146
37.23374990,2.01439285,811.55572510
37.23624990,1.82122946,663.37530518
37.23874990,1.81887484,661.66113281
37.24124990,1.67036140,558.02142334
37.24374990,1.37937367,380.53433228
37.24624990,0.82810307,137.15093994
37.24874990,0.58797979,69.14405060
37.25124990,0.37425441,28.01327133
37.25374990,0.36756727,27.02114105
37.25624990,0.36941919,27.29410362
37.25874990,0.36894301,27.22378922
37.26124990,0.36332238,26.40063286
37.26374990,0.36305159,26.36129379
37.26624990,0.36087534,26.04620171
37.26874990,0.35228562,24.82103157
37.27124990,0.33200294,22.04519081
37.27374990,0.29070434,16.90180206
37.27624990,0.23207204,10.77148628
37.27874990,0.17586043,6.18537855
37.28124990,0.12924761,3.34098840
37.28374990,0.10258643,2.10479498
37.28624990,0.09731371,1.89399147
37.28874990,0.09785876,1.91526723
37.29124990,0.09877717,1.95138562
37.29374990,0.09863431,1.94574535
37.29624990,0.09878677,1.95176530
37.29874990,0.09863976,1.94596064
37.30124990,0.09366955,1.75479674
37.30374990,0.08306850,1.38007534
37.30624990,0.07047042,0.99321592
37.30874990,0.06006860,0.72164726
37.31124990,0.05237036,0.54853094
37.31374990,0.04989000,0.49780244
37.31624990,0.04957540,0.49154413
37.31874990,0.04942933,0.48865184
37.32124990,0.04686749,0.43931219
37.32374990,0.04574769,0.41857019
37.32624990,0.04509050,0.40663061
37.32874990,0.04504580,0.40582484
37.33124990,0.04480697,0.40153295
37.33374990,0.04316062,0.37256777
37.33624990,0.03876753,0.30058429
37.33874990,0.03250121,0.21126567
37.34124990,0.03093996,0.19145626
37.34374990,0.03075014,0.18911424
37.34624990,0.03064779,0.18785743
37.34874990,0.02756033,0.15191434
37.35124990,0.02520455,0.12705383
37.35374990,0.02456377,0.12067578
37.35624990,0.02773651,0.15386280
37.35874990,0.02805983,0.15747078
37.36124990,0.02794386,0.15617187
37.36374990,0.02706088,0.14645827
37.36624990,0.02811454,0.15808545
37.36874990,0.03056184,0.18680526
37.37124990,0.03115594,0.19413853
37.37374990,0.03106620,0.19302174
37.37624990,0.03072956,0.18886122
37.37874990,0.03096165,0.19172478
37.38124990,0.03132087,0.19619934
37.38374990,0.03217953,0.20710447
37.38624990,0.03314548,0.21972460
37.38874990,0.03307836,0.21883555
37.39124990,0.03155490,0.19914228
37.39374990,0.03143971,0.19769102
37.39624990,0.03130062,0.19594574
37.39874990,0.03161958,0.19995956
37.40124990,0.03156048,0.19921274
37.40374990,0.03117646,0.19439431
37.40624990,0.02834112,0.16064385
37.40874990,0.02753371,0.15162098
37.41124990,0.02767931,0.15322891
37.41374990,0.02760401,0.15239625
37.41624990,0.02652084,0.14067097
37.41874990,0.02364424,0.11181004
37.42124990,0.02286484,0.10456021
37.42374990,0.02210922,0.09776352
37.42624990,0.02208990,0.09759273
37.42874990,0.02171803,0.09433462
37.43124990,0.02171656,0.09432181
37.43374990,0.01928021,0.07434531
37.43624990,0.01705040,0.05814321
37.43874990,0.01593141,0.05076196
37.44124990,0.01766893,0.06243823
37.44374990,0.01780618,0.06341198
37.44624990,0.01699696,0.05777935
37.44874990,0.01639749,0.05377555
37.45124990,0.01502560,0.04515374
37.45374990,0.01430373,0.04091931
37.45624990,0.01463503,0.04283682
37.45874990,0.01455653,0.04237854
37.46124990,0.01433289,0.04108637
37.46374990,0.01393518,0.03883784
37.46624990,0.01393966,0.03886283
37.46874990,0.01401591,0.03928913
37.47124990,0.01411207,0.03983010
37.47374990,0.01437231,0.04131263
37.47624990,0.01444232,0.04171613
37.47874990,0.01439407,0.04143787
37.48124990,0.01441357,0.04155020
37.48374990,0.01442008,0.04158773
37.48624990,0.01543043,0.04761962
37.48874990,0.01536845,0.04723784
37.49124990,0.01311279,0.03438907
37.49374990,0.01327471,0.03524358
37.49624990,0.01276907,0.03260983
37.49874990,0.01346268,0.03624875
37.50124990,0.01356581,0.03680625
37.50374990,0.01347259,0.03630212
37.50624990,0.01317291,0.03470511
37.50874990,0.01373291,0.03771857
37.51124990,0.01390395,0.03866396
37.51374990,0.01381218,0.03815524
37.51624990,0.01373039,0.03770470
37.51874990,0.01433061,0.04107325
37.52124990,0.01478691,0.04373053
37.52374990,0.01372856,0.03769467
37.52624990,0.01445953,0.04181557
37.52874990,0.01481363,0.04388875
37.53124990,0.01357097,0.03683425
37.53374990,0.01419797,0.04031649
37.53624990,0.01265442,0.03202689
37.53874990,0.01285105,0.03302991
37.54124990,0.01326002,0.03516563
37.54374990,0.01340872,0.03595877
37.54624990,0.01350045,0.03645241
37.54874990,0.01362457,0.03712576
37.55124990,0.01475935,0.04356770
37.55374990,0.01576195,0.04968781
37.55624990,0.01707786,0.05833065
37.55874990,0.01662806,0.05529848
37.56124990,0.01664970,0.05544250
37.56374990,0.01794758,0.06442313
37.56624990,0.01800926,0.06486670
37.56874990,0.01820051,0.06625168
37.57124990,0.02010278,0.08082433
37.57374990,0.02010491,0.08084147
37.57624990,0.01953379,0.07631379
37.57874990,0.01977921,0.07824345
37.58124990,0.02023232,0.08186937
37.58374990,0.02010177,0.08081622
37.58624990,0.02009930,0.08079634
37.58874990,0.02340175,0.10952836
37.59124990,0.02462898,0.12131737
37.59374990,0.02578509,0.13297418
37.59624990,0.02711857,0.14708340
37.59874990,0.02673688,0.14297213
37.60124990,0.02619029,0.13718629
37.60374990,0.02589338,0.13409345
37.60624990,0.02571829,0.13228609
37.60874990,0.02748270,0.15105972
37.61124990,0.02962398,0.17551607
37.61374990,0.02957987,0.17499378
37.61624990,0.03013982,0.18168180
37.61874990,0.02971476,0.17659342
37.62124990,0.02825532,0.15967259
37.62374990,0.02895823,0.16771577
37.62624990,0.02949238,0.17396006
37.62874990,0.02994558,0.17934753
37.63124990,0.02981154,0.17774555
37.63374990,0.02955550,0.17470548
37.63624990,0.02957208,0.17490160
37.63874990,0.02812004,0.15814731
37.64124990,0.02687802,0.14448562
37.64374990,0.02748784,0.15111628
37.64624990,0.02602294,0.13543871
37.64874990,0.02608427,0.13607784
37.65124990,0.02620422,0.13733222
37.65374990,0.02593037,0.13447687
37.65624990,0.02526543,0.12766837
37.65874990,0.02410638,0.11622347
37.66124990,0.02123530,0.09018757
37.66374990,0.02076604,0.08624572
37.66624990,0.01998109,0.07984880
37.66874990,0.01998343,0.07986747
37.67124990,0.02108425,0.08890916
37.67374990,0.02011517,0.08092400
37.67624990,0.02002183,0.08017477
37.67874990,0.01886097,0.07114724
37.68124990,0.01859192,0.06913188
37.68374990,0.01906302,0.07267974
37.68624990,0.01905731,0.07263620
37.68874990,0.01837151,0.06750248
37.69124990,0.01835893,0.06741005
37.69374990,0.01723575,0.05941425
37.69624990,0.01724609,0.05948553
37.69874990,0.01716255,0.05891065
37.70124990,0.01675008,0.05611301
37.70374990,0.01770550,0.06269695
37.70624990,0.01877058,0.07046696
37.70874990,0.01835676,0.06739412
37.71124990,0.01897661,0.07202238
37.71374990,0.01837203,0.06750630
37.71624990,0.01821035,0.06632336
37.71874990,0.01864586,0.06953365
37.72124990,0.01724466,0.05947567
37.72374990,0.01937762,0.07509843
37.72624990,0.01870344,0.06996375
37.72874990,0.01907100,0.07274059
37.73124990,0.01907131,0.07274294
37.73374990,0.01898619,0.07209505
37.73624990,0.02021583,0.08173599
37.73874990,0.01925566,0.07415607
37.74124990,0.01954630,0.07641155
37.74374990,0.01809655,0.06549699
37.74624990,0.01897216,0.07198858
37.74874990,0.02109019,0.08895926
37.75124990,0.02119025,0.08980533
37.75374990,0.02042878,0.08346701
37.75624990,0.01986914,0.07895654
37.75874990,0.02109684,0.08901533
37.76124990,0.02075360,0.08614235
37.76374990,0.02197262,0.09655921
37.76624990,0.02198737,0.09668891
37.76874990,0.02161504,0.09344199
37.77124990,0.02189222,0.09585387
37.77374990,0.02045689,0.08369688
37.77624990,0.02534559,0.12847981
37.77874990,0.02517109,0.12671678
37.78124990,0.02622588,0.13755935
37.78374990,0.02594977,0.13467813
37.78624990,0.02577049,0.13282362
37.78874990,0.02609017,0.13613938
37.79124990,0.02858778,0.16345230
37.79374990,0.02992439,0.17909387
37.79624990,0.02976736,0.17721915
37.79874990,0.02845933,0.16198666
37.80124990,0.02858704,0.16344380
37.80374990,0.03139660,0.19714931
37.80624990,0.03117594,0.19438785
37.80874990,0.03166457,0.20052898
37.81124990,0.03153635,0.19890831
37.81374990,0.03137272,0.19684948
37.81624990,0.03232542,0.20898658
37.81874990,0.03475232,0.24154483
37.82124990,0.03547823,0.25174102
37.82374990,0.03524257,0.24840774
37.82624990,0.03189950,0.20351562
37.82874990,0.03657876,0.26760116
37.83124990,0.03710537,0.27536166
37.83374990,0.03828744,0.29318565
37.83624990,0.03833300,0.29388383
37.83874990,0.03826676,0.29286903
37.84124990,0.03745089,0.28051382
37.84374990,0.03886129,0.30203998
37.84624990,0.04072407,0.33168989
37.84874990,0.04098042,0.33587903
37.85124990,0.04109894,0.33782464
37.85374990,0.03991339,0.31861576
37.85624990,0.04037804,0.32607722
37.85874990,0.04005942,0.32095149
37.86124990,0.04131513,0.34138799
37.86374990,0.04098230,0.33590984
37.86624990,0.04044354,0.32713607
37.86874990,0.04033479,0.32537910
37.87124990,0.04168271,0.34748957
37.87374990,0.04223504,0.35675973
37.87624990,0.04253295,0.36181039
37.87874990,0.04131069,0.34131461
37.88124990,0.04190188,0.35115343
37.88374990,0.04320406,0.37331808
37.88624990,0.04431946,0.39284295
37.88874990,0.04417513,0.39028841
37.89124990,0.04443198,0.39484024
37.89374990,0.04453929,0.39674965
37.89624990,0.04606625,0.42441994
37.89874990,0.04660399,0.43438646
37.90124990,0.04643449,0.43123233
37.90374990,0.04753450,0.45190567
37.90624990,0.04925709,0.48525211
37.90874990,0.04971344,0.49428517
37.91124990,0.04912143,0.48258305
37.91374990,0.04897383,0.47968730
37.91624990,0.05272876,0.55606437
37.91874990,0.05253750,0.55203789
37.92124990,0.05331028,0.56839710
37.92374990,0.05362697,0.57517028
37.92624990,0.05408314,0.58499712
37.92874990,0.05435276,0.59084451
37.93124990,0.05680500,0.64536154
37.93374990,0.05909004,0.69832653
37.93624990,0.05878874,0.69122314
37.93874990,0.05899221,0.69601619
37.94124990,0.05995686,0.71896499
37.94374990,0.06103019,0.74493694
37.94624990,0.06030712,0.72738975
37.94874990,0.05964608,0.71153110
37.95124990,0.06011358,0.72272843
37.95374990,0.06101370,0.74453437
37.95624990,0.06067596,0.73631436
37.95874990,0.06098296,0.74378437
37.96124990,0.06124713,0.75024211
37.96374990,0.06237138,0.77803785
37.96624990,0.06270806,0.78646016
37.96874990,0.06486435,0.84147686
37.97124990,0.06323224,0.79966313
37.97374990,0.06296138,0.79282731
37.97624990,0.06411820,0.82222873
37.97874990,0.06524979,0.85150689
37.98124990,0.06323686,0.79978001
37.98374990,0.05955235,0.70929652
37.98624990,0.05977024,0.71449637
37.98874990,0.06155106,0.75770652
37.99124990,0.06179244,0.76366115
37.99374990,0.05902485,0.69678664
37.99624990,0.05821492,0.67779541
37.99874990,0.05879306,0.69132477
38.00124990,0.06047168,0.73136485
38.00374990,0.05876919,0.69076353
38.00624990,0.05824499,0.67849576
38.00874990,0.05723998,0.65528309
38.01124990,0.05774801,0.66696650
38.01374990,0.05769042,0.66563690
38.01624990,0.05454054,0.59493411
38.01874990,0.05177736,0.53617889
38.02124990,0.05293442,0.56041050
38.02374990,0.05365690,0.57581252
38.02624990,0.05153989,0.53127199
38.02874990,0.04894384,0.47909993
38.03124990,0.04783924,0.45771861
38.03374990,0.04944378,0.48893747
38.03624990,0.04863308,0.47303534
38.03874990,0.04870644,0.47446340
38.04124990,0.04799930,0.46078649
38.04374990,0.04800763,0.46094641
38.04624990,0.04900109,0.48022133
38.04874990,0.04985125,0.49702948
38.05124990,0.04985926,0.49718922
38.05374990,0.04902686,0.48072654
38.05624990,0.04987874,0.49757773
38.05874990,0.04966301,0.49328300
38.06124990,0.04860462,0.47248182
38.06374990,0.05037498,0.50752783
38.06624990,0.05069242,0.51394433
38.06874990,0.05042541,0.50854433
38.07124990,0.04971296,0.49427557
38.07374990,0.05248426,0.55091947
38.07624990,0.05554890,0.61713612
38.07874990,0.05760385,0.66364062
38.08124990,0.05717921,0.65389246
38.08374990,0.05684871,0.64635521
38.08624990,0.05692810,0.64816177
38.08874990,0.05611784,0.62984234
38.09124990,0.05451650,0.59440976
38.09374990,0.05843582,0.68294913
38.09624990,0.05649250,0.63828057
38.09874990,0.05898043,0.69573820
38.10124990,0.05723530,0.65517581
38.10374990,0.05928371,0.70291173
38.10624990,0.05861606,0.68716836
38.10874990,0.06287526,0.79065979
38.11124990,0.06262806,0.78445482
38.11374990,0.06217564,0.77316201
38.11624990,0.06161137,0.75919211
38.11874990,0.06441392,0.82983071
38.12124990,0.06371776,0.81199056
38.12374990,0.06246189,0.78029758
38.12624990,0.06028375,0.72682595
38.12874990,0.06001437,0.72034490
38.13124990,0.06001283,0.72030789
38.13374990,0.06072740,0.73756343
38.13624990,0.06030138,0.72725123
38.13874990,0.06119827,0.74904567
38.14124990,0.06144360,0.75506318
38.14374990,0.05904002,0.69714475
38.14624990,0.05905244,0.69743812
38.14874990,0.05606917,0.62875038
38.15124990,0.05640287,0.63625687
38.15374990,0.05619087,0.63148290
38.15624990,0.05525385,0.61059749
38.15874990,0.05168166,0.53419876
38.16124990,0.05319223,0.56588262
38.16374990,0.05170333,0.53464675
38.16624990,0.05165445,0.53363645
38.16874990,0.04754077,0.45202500
38.17124990,0.04988492,0.49770090
38.17374990,0.04922237,0.48456836
38.17624990,0.05035826,0.50719082
38.17874990,0.04904559,0.48109394
38.18124990,0.05109086,0.52205509
38.18374990,0.04955248,0.49108964
38.18624990,0.05430236,0.58974916
38.18874990,0.05222813,0.54555547
38.19124990,0.05316432,0.56528902
38.19374990,0.05224515,0.54591113
38.19624990,0.05445806,0.59313607
38.19874990,0.05374035,0.57760501
38.20124990,0.05432514,0.59024417
38.20374990,0.05259758,0.55330110
38.20624990,0.05293309,0.56038243
38.20874990,0.05216498,0.54423714
38.21124990,0.05226085,0.54623926
38.21374990,0.05168061,0.53417718
38.21624990,0.05180243,0.53669822
38.21874990,0.05380620,0.57902145
38.22124990,0.05278980,0.55735266
38.22374990,0.05357167,0.57398474
38.22624990,0.05191644,0.53906333
38.22874990,0.05211658,0.54322761
38.23124990,0.05078308,0.51578414
38.23374990,0.05183872,0.53745061
38.23624990,0.04736071,0.44860739
38.23874990,0.04875765,0.47546166
38.24124990,0.04770840,0.45521832
38.24374990,0.04725128,0.44653666
38.24624990,0.04776719,0.45634091
38.24874990,0.04954588,0.49095884
38.25124990,0.04980369,0.49608147
38.25374990,0.04964457,0.49291673
38.25624990,0.05287413,0.55913478
38.25874990,0.05436035,0.59100962
38.26124990,0.05340987,0.57052284
38.26374990,0.05315324,0.56505340
38.26624990,0.05540290,0.61389637
38.26874990,0.05607195,0.62881279
38.27124990,0.05513274,0.60792375
38.27374990,0.05463537,0.59700477
38.27624990,0.05591923,0.62539214
38.27874990,0.05794980,0.67163593
38.28124990,0.05738316,0.65856552
38.28374990,0.05782646,0.66877991
38.28624990,0.05951037,0.70829690
38.28874990,0.06074763,0.73805505
38.29124990,0.06133674,0.75243914
38.29374990,0.06186486,0.76545209
38.29624990,0.06167835,0.76084381
38.29874990,0.06013740,0.72330129
38.30124990,0.05992444,0.71818763
38.30374990,0.06038781,0.72933745
38.30624990,0.05829106,0.67956948
38.30874990,0.05788454,0.67012393
38.31124990,0.05774854,0.66697872
38.31374990,0.05872860,0.68980962
38.31624990,0.05641811,0.63660061
38.31874990,0.05620404,0.63177878
38.32124990,0.05666369,0.64215475
38.32374990,0.05512011,0.60764539
38.32624990,0.05890475,0.69395387
38.32874990,0.05827719,0.67924625
38.33124990,0.06226663,0.77542657
38.33374990,0.06056383,0.73359549
38.33624990,0.05933960,0.70423758
38.33874990,0.05750904,0.66145802
38.34124990,0.05768213,0.66544563
38.34374990,0.05824084,0.67839915
38.34624990,0.05603150,0.62790573
38.34874990,0.05653917,0.63933563
38.35124990,0.05622494,0.63224882
38.35374990,0.05854496,0.68550241
38.35624990,0.06121716,0.74950808
38.35874990,0.05996609,0.71918643
38.36124990,0.06080806,0.73952407
38.36374990,0.06056710,0.73367465
38.36624990,0.06433093,0.82769364
38.36874990,0.06206936,0.77052104
38.37124990,0.06152267,0.75700784
38.37374990,0.06188033,0.76583499
38.37624990,0.05715593,0.65336019
38.37874990,0.05598356,0.62683177
38.38124990,0.05251547,0.55157489
38.38374990,0.05302043,0.56223321
38.38624990,0.05465081,0.59734213
38.38874990,0.05627722,0.63342506
38.39124990,0.05762710,0.66417664
38.39374990,0.05638504,0.63585448
38.39624990,0.05805142,0.67399347
38.39874990,0.06051197,0.73233974
38.40124990,0.05951644,0.70844138
38.40374990,0.05737644,0.65841126
38.40624990,0.05662631,0.64130783
38.40874990,0.05745028,0.66010684
38.41124990,0.05903183,0.69695145
38.41374990,0.05975710,0.71418220
38.41624990,0.06030565,0.72735429
38.41874990,0.06083592,0.74020195
38.42124990,0.06260271,0.78381979
38.42374990,0.06467224,0.83649969
38.42624990,0.06553282,0.85891002
38.42874990,0.06593128,0.86938679
38.43124990,0.06565490,0.86211318
38.43374990,0.06735902,0.90744740
38.43624990,0.06729268,0.90566111
38.43874990,0.06660558,0.88726056
38.44124990,0.06563048,0.86147195
38.44374990,0.06568626,0.86293691
38.44624990,0.06689404,0.89496243
38.44874990,0.06795387,0.92354572
38.45124990,0.06813901,0.92858487
38.45374990,0.06798343,0.92434943
38.45624990,0.06739629,0.90845197
38.45874990,0.06678215,0.89197129
38.46124990,0.06651805,0.88493019
38.46374990,0.06557471,0.86000854
38.46624990,0.06174948,0.76259971
38.46874990,0.06391154,0.81693703
38.47124990,0.06434714,0.82811105
38.47374990,0.06461935,0.83513224
38.47624990,0.06378885,0.81380337
38.47874990,0.06281341,0.78910482
38.48124990,0.06468568,0.83684736
38.48374990,0.06237729,0.77818537
38.48624990,0.06129223,0.75134760
38.48874990,0.06234160,0.77729517
38.49124990,0.06123874,0.75003654
38.49374990,0.06527428,0.85214645
38.49624990,0.06395191,0.81796920
38.49874990,0.06428996,0.82663977
38.50124990,0.06591067,0.86884350
38.50374990,0.06652219,0.88504028
38.50624990,0.06523656,0.85116184
38.50874990,0.06671948,0.89029777
38.51124990,0.06482498,0.84045565
38.51374990,0.06768129,0.91615140
38.51624990,0.06816323,0.92924523
38.51874990,0.06557816,0.86009896
38.52124990,0.06527584,0.85218722
38.52374990,0.06513454,0.84850162
38.52624990,0.06500518,0.84513474
38.52874990,0.06797872,0.92422134
38.53124990,0.06716730,0.90228927
38.53374990,0.06847969,0.93789369
38.53624990,0.06849105,0.93820488
38.53874990,0.06666036,0.88872063
38.54124990,0.06655214,0.88583755
38.54374990,0.06396909,0.81840879
38.54624990,0.06335180,0.80268991
38.54874990,0.05945114,0.70688772
38.55124990,0.06242026,0.77925777
38.55374990,0.06569801,0.86324549
38.55624990,0.06701224,0.89812821
38.55874990,0.06676216,0.89143717
38.56124990,0.06892812,0.95021719
38.56374990,0.07081956,1.00308192
38.56624990,0.06985842,0.97603977
38.56874990,0.07080991,1.00280857
38.57124990,0.07123344,1.01484036
38.57374990,0.06869727,0.94386309
38.57624990,0.07063092,0.99774534
38.57874990,0.07116545,1.01290417
38.58124990,0.07031617,0.98887265
38.58374990,0.07173637,1.02922153
38.58624990,0.07615909,1.16004133
38.58874990,0.07629394,1.16415298
38.59124990,0.07787783,1.21299136
38.59374990,0.07921448,1.25498676
38.59624990,0.07856316,1.23443401
38.59874990,0.07933248,1.25872838
38.60124990,0.07630649,1.16453624
38.60374990,0.07282358,1.06065476
38.60624990,0.07499361,1.12480831
38.60874990,0.07600656,1.15539956
38.61124990,0.07496365,1.12390971
38.61374990,0.07056984,0.99602038
38.61624990,0.07128845,1.01640856
38.61874990,0.07160285,1.02539372
38.62124990,0.07282483,1.06069112
38.62374990,0.07295201,1.06439912
38.62624990,0.07292337,1.06356370
38.62874990,0.07214106,1.04086649
38.63124990,0.07490587,1.12217784
38.63374990,0.07454717,1.11145616
38.63624990,0.06970154,0.97166115
38.63874990,0.07159980,1.02530622
38.64124990,0.07298899,1.06547868
38.64374990,0.07084164,1.00370765
38.64624990,0.07246386,1.05020237
38.64874990,0.07417355,1.10034299
38.65124990,0.07354528,1.08178151
38.65374990,0.07513159,1.12895119
38.65624990,0.07611852,1.15880585
38.65874990,0.07370704,1.08654547
38.66124990,0.07305630,1.06744468
38.66374990,0.07597867,1.15455186
38.66624990,0.07540236,1.13710308
38.66874990,0.07593489,1.15322137
38.67124990,0.07714479,1.19026363
38.67374990,0.07725167,1.19356394
38.67624990,0.07753802,1.20242894
38.67874990,0.08063149,1.30028725
38.68124990,0.07799957,1.21678650
38.68374990,0.07612579,1.15902710
38.68624990,0.07849663,1.23234415
38.68874990,0.07641869,1.16796315
38.69124990,0.07417238,1.10030830
38.69374990,0.07513089,1.12892997
38.69624990,0.07401039,1.09550762
38.69874990,0.07394218,1.09348917
38.70124990,0.07891250,1.24543643
38.70374990,0.07804928,1.21833813
38.70624990,0.07567322,1.14528728
38.70874990,0.07864606,1.23704052
38.71124990,0.07834496,1.22758663
38.71374990,0.07814727,1.22139919
38.71624990,0.08263160,1.36559606
38.71874990,0.08216763,1.35030377
38.72124990,0.08107492,1.31462836
38.72374990,0.08347633,1.39365959
38.72624990,0.08163787,1.33294845
38.72874990,0.07748710,1.20085013
38.73124990,0.08127750,1.32120657
38.73374990,0.08158353,1.33117449
38.73624990,0.07953148,1.26505136
38.73874990,0.08224171,1.35273957
38.74124990,0.08214424,1.34953511
38.74374990,0.08243877,1.35923004
38.74624990,0.08315954,1.38310182
38.74874990,0.08068291,1.30194652
38.75124990,0.07849052,1.23215222
38.75374990,0.08245614,1.35980308
38.75624990,0.08090720,1.30919480
38.75874990,0.07910007,1.25136423
38.76124990,0.08000915,1.28029299
38.76374990,0.07753382,1.20229864
38.76624990,0.07659160,1.17325473
38.76874990,0.07985470,1.27535474
38.77124990,0.07908339,1.25083637
38.77374990,0.07846988,1.23150456
38.77624990,0.08242206,1.35867906
38.77874990,0.08036570,1.29172933
38.78124990,0.07886216,1.24384809
38.78374990,0.08117356,1.31782937
38.78624990,0.08159388,1.33151221
38.78874990,0.08081955,1.30635977
38.79124990,0.08031398,1.29006720
38.79374990,0.07954203,1.26538706
38.79624990,0.08161782,1.33229387
38.79874990,0.08386044,1.40651464
38.80124990,0.08672242,1.50415552
38.80374990,0.08994740,1.61810684
38.80624990,0.09000106,1.62003815
38.80874990,0.08929641,1.59476972
38.81124990,0.09160233,1.67819750
38.81374990,0.09197792,1.69198740
38.81624990,0.09180883,1.68577242
38.81874990,0.09158185,1.67744696
38.82124990,0.08964564,1.60726810
38.82374990,0.09000330,1.62011909
38.82624990,0.09217896,1.69939220
38.82874990,0.09214176,1.69802082
38.83124990,0.09283432,1.72364211
38.83374990,0.09161173,1.67854190
38.83624990,0.09063888,1.64308131
38.83874990,0.09094978,1.65437245
38.84124990,0.09423792,1.77615738
38.84374990,0.09348744,1.74798036
38.84624990,0.09329373,1.74074399
38.84874990,0.09215222,1.69840646
38.85124990,0.08699950,1.51378262
38.85374990,0.08160582,1.33190203
38.85624990,0.08378254,1.40390277
38.85874990,0.08519103,1.45150256
38.86124990,0.08989239,1.61612809
38.86374990,0.09056935,1.64056122
38.86624990,0.08738013,1.52705765
38.86874990,0.08768582,1.53776073
38.87124990,0.09484693,1.79918790
38.87374990,0.09400438,1.76736474
38.87624990,0.09219538,1.69999778
38.87874990,0.09304726,1.73155856
38.88124990,0.09024691,1.62890089
38.88374990,0.09252579,1.71220422
38.88624990,0.09514997,1.81070340
38.88874990,0.09491935,1.80193639
38.89124990,0.09513724,1.81021869
38.89374990,0.09617605,1.84996653
38.89624990,0.09445041,1.78417587
38.89874990,0.09723085,1.89076769
38.90124990,0.09994008,1.99760425
38.90374990,0.09918056,1.96735668
38.90624990,0.09836369,1.93508291
38.90874990,0.09744705,1.89918542
38.91124990,0.09061342,1.64215863
38.91374990,0.09102247,1.65701795
38.91624990,0.09307652,1.73264754
38.91874990,0.09363396,1.75346363
38.92124990,0.08850682,1.56669140
38.92374990,0.08822493,1.55672765
38.92624990,0.08525620,1.45372403
38.92874990,0.08848394,1.56588137
38.93124990,0.08990587,1.61661279
38.93374990,0.08862343,1.57082248
38.93624990,0.08911508,1.58829927
38.93874990,0.08797823,1.54803383
38.94124990,0.08463889,1.43274844
38.94374990,0.08805651,1.55078995
38.94624990,0.08953388,1.60326338
38.94874990,0.08679316,1.50661063
38.95124990,0.08765712,1.53675437
38.95374990,0.08702786,1.51476967
38.95624990,0.08510059,1.44842219
38.95874990,0.08707158,1.51629186
38.96124990,0.09003168,1.62114096
38.96374990,0.08832403,1.56022668
38.96624990,0.08710957,1.51761544
38.96874990,0.08412793,1.41550183
38.97124990,0.08180760,1.33849669
38.97374990,0.08227045,1.35368538
38.97624990,0.08334063,1.38913214
38.97874990,0.08044333,1.29422593
38.98124990,0.07873867,1.23995566
38.98374990,0.07794042,1.21494162
38.98624990,0.07943173,1.26187992
38.98874990,0.07834625,1.22762716
38.99124990,0.07922076,1.25518584
38.99374990,0.07637215,1.16654110
38.99624990,0.07420465,1.10126603
38.99874990,0.07748807,1.20088017
39.00124990,0.07452045,1.11065960
39.00374990,0.07411905,1.09872651
39.00624990,0.07584791,1.15058088
39.00874990,0.07689209,1.18247855
39.01124990,0.07342144,1.07814169
39.01374990,0.07554409,1.14138198
39.01624990,0.07672337,1.17729497
39.01874990,0.07647286,1.16961968
39.02124990,0.07674741,1.17803288
39.02374990,0.07703209,1.18678856
39.02624990,0.07533234,1.13499236
39.02874990,0.07381809,1.08982205
39.03124990,0.07622287,1.16198528
39.03374990,0.07435012,1.10558796
39.03624990,0.06848812,0.93812460
39.03874990,0.07283258,1.06091714
39.04124990,0.07267610,1.05636311
39.04374990,0.07022675,0.98635924
39.04624990,0.07087941,1.00477803
39.04874990,0.06879310,0.94649792
39.05124990,0.06695813,0.89667809
39.05374990,0.06783582,0.92033958
39.05624990,0.06799532,0.92467284
39.05874990,0.06677942,0.89189821
39.06124990,0.06800984,0.92506772
39.06374990,0.06729949,0.90584445
39.06624990,0.06662428,0.88775873
39.06874990,0.06464049,0.83567864
39.07124990,0.06534151,0.85390264
39.07374990,0.06371682,0.81196666
39.07624990,0.06323890,0.79983181
39.07874990,0.06463140,0.83544362
39.08124990,0.06367565,0.81091768
39.08374990,0.06370028,0.81154519
39.08624990,0.06636115,0.88076055
39.08874990,0.06429544,0.82678080
39.09124990,0.06480177,0.83985376
39.09374990,0.06582975,0.86671108
39.09624990,0.06575182,0.86466044
39.09874990,0.06536030,0.85439378
39.10124990,0.06537338,0.85473591
39.10374990,0.06407654,0.82116061
39.10624990,0.06267093,0.78552914
39.10874990,0.05909855,0.69852763
39.11124990,0.05764738,0.66464400
39.11374990,0.05663132,0.64142132
39.11624990,0.05427029,0.58905280
39.11874990,0.05604110,0.62812090
39.12124990,0.05754616,0.66231215
39.12374990,0.05841213,0.68239534
39.12624990,0.05897584,0.69563001
39.12874990,0.05872056,0.68962085
39.13124990,0.06057424,0.73384762
39.13374990,0.06046220,0.73113549
39.13624990,0.05837113,0.68143761
39.13874990,0.05753685,0.66209787
39.14124990,0.05628436,0.63358581
39.14374990,0.05727774,0.65614772
39.14624990,0.05800403,0.67289340
39.14874990,0.05696358,0.64896989
39.15124990,0.05694572,0.64856291
39.15374990,0.05765476,0.66481435
39.15624990,0.05826387,0.67893571
39.15874990,0.05876833,0.69074333
39.16124990,0.05908543,0.69821763
39.16374990,0.05858561,0.68645465
39.16624990,0.06108478,0.74626994
39.16874990,0.05983467,0.71603769
39.17124990,0.05896243,0.69531369
39.17374990,0.05882565,0.69209129
39.17624990,0.05860304,0.68686330
39.17874990,0.05924772,0.70205855
39.18124990,0.05549327,0.61590046
39.18374990,0.05795443,0.67174321
39.18624990,0.05785022,0.66932952
39.18874990,0.05796735,0.67204285
39.19124990,0.05771918,0.66630065
39.19374990,0.05594809,0.62603766
39.19624990,0.05508959,0.60697258
39.19874990,0.05321394,0.56634468
39.20124990,0.05356270,0.57379258
39.20374990,0.05255618,0.55243027
39.20624990,0.05271836,0.55584502
39.20874990,0.05271275,0.55572683
39.21124990,0.05128546,0.52603978
39.21374990,0.05339871,0.57028437
39.21624990,0.05508062,0.60677499
39.21874990,0.05481891,0.60102272
39.22124990,0.05319839,0.56601363
39.22374990,0.05609187,0.62925965
39.22624990,0.05657023,0.64003819
39.22874990,0.05413362,0.58608973
39.23124990,0.05453566,0.59482771
39.23374990,0.05372895,0.57736003
39.23624990,0.05331106,0.56841391
39.23874990,0.05075584,0.51523101
39.24124990,0.05140015,0.52839506
39.24374990,0.05152250,0.53091353
39.24624990,0.05016036,0.50321227
39.24874990,0.05108246,0.52188361
39.25124990,0.05215003,0.54392505
39.25374990,0.05169358,0.53444529
39.25624990,0.04975192,0.49505067
39.25874990,0.05490555,0.60292387
39.26124990,0.05659636,0.64062959
39.26374990,0.05436409,0.59109086
39.26624990,0.05043981,0.50883484
39.26874990,0.05228344,0.54671162
39.27124990,0.05474076,0.59931028
39.27374990,0.05050972,0.51024652
39.27624990,0.04962295,0.49248731
39.27874990,0.04984245,0.49685407
39.28124990,0.04922681,0.48465574
39.28374990,0.04824470,0.46551019
39.28624990,0.04911038,0.48236591
39.28874990,0.05088950,0.51794815
39.29124990,0.04962426,0.49251342
39.29374990,0.05190234,0.53877050
39.29624990,0.05407071,0.58472848
39.29874990,0.05381990,0.57931632
39.30124990,0.05247318,0.55068684
39.30374990,0.05491665,0.60316777
39.30624990,0.05558680,0.61797845
39.30874990,0.05016125,0.50323015
39.31124990,0.04897549,0.47971970
39.31374990,0.04972532,0.49452150
39.31624990,0.05198898,0.54057074
39.31874990,0.05045574,0.50915635
39.32124990,0.04953108,0.49066547
39.32374990,0.04989012,0.49780485
39.32624990,0.04965125,0.49304926
39.32874990,0.04955806,0.49120021
39.33124990,0.05162444,0.53301662
39.33374990,0.05082005,0.51653540
39.33624990,0.04962559,0.49253985
39.33874990,0.04837423,0.46801317
39.34124990,0.05231004,0.54726803
39.34374990,0.05055132,0.51108724
39.34624990,0.04841085,0.46872211
39.34874990,0.04825979,0.46580154
39.35124990,0.04990895,0.49818075
39.35374990,0.04964418,0.49290895
39.35624990,0.05034307,0.50688481
39.35874990,0.05136473,0.52766716
39.36124990,0.05056949,0.51145470
39.36374990,0.04951400,0.49032715
39.36624990,0.04645268,0.43157038
39.36874990,0.04879348,0.47616079
39.37124990,0.04821062,0.46485290
39.37374990,0.04744891,0.45027986
39.37624990,0.04808016,0.46234044
39.37874990,0.05053928,0.51084375
39.38124990,0.05123259,0.52495569
39.38374990,0.05137621,0.52790308
39.38624990,0.05162983,0.53312790
39.38874990,0.05305057,0.56287253
39.39124990,0.05129212,0.52617627
39.39374990,0.05028956,0.50580788
39.39624990,0.05092026,0.51857448
39.39874990,0.05127158,0.52575493
39.40124990,0.05046082,0.50925887
39.40374990,0.04840432,0.46859556
39.40624990,0.04919819,0.48409238
39.40874990,0.04810837,0.46288300
39.41124990,0.04870806,0.47449505
39.41374990,0.04852780,0.47098950
39.41624990,0.05136070,0.52758443
39.41874990,0.04976777,0.49536631
39.42124990,0.04907444,0.48166025
39.42374990,0.04881231,0.47652835
39.42624990,0.05081490,0.51643080
39.42874990,0.04944049,0.48887238
39.43124990,0.04625770,0.42795503
39.43374990,0.04612968,0.42558944
39.43624990,0.04858918,0.47218162
39.43874990,0.04747552,0.45078492
39.44124990,0.04550320,0.41410819
39.44374990,0.04585395,0.42051697
39.44624990,0.04575015,0.41861531
39.44874990,0.04598717,0.42296404
39.45124990,0.04637818,0.43018717
39.45374990,0.04676217,0.43734008
39.45624990,0.04661051,0.43450800
39.45874990,0.04790191,0.45891866
39.46124990,0.04791982,0.45926180
39.46374990,0.04859189,0.47223434
39.46624990,0.04781750,0.45730266
39.46874990,0.04798626,0.46053618
39.47124990,0.04877545,0.47580886
39.47374990,0.04997326,0.49946532
39.47624990,0.04806542,0.46205702
39.47874990,0.04735542,0.44850722
39.48124990,0.04798052,0.46042618
39.48374990,0.04930927,0.48628086
39.48624990,0.04757928,0.45275751
39.48874990,0.04658723,0.43407404
39.49124990,0.04674828,0.43708032
39.49374990,0.04700165,0.44183099
39.49624990,0.04673551,0.43684167
39.49874990,0.04498814,0.40478665
39.50124990,0.04407842,0.38858142
39.50374990,0.04400541,0.38729531
39.50624990,0.04350348,0.37851059
39.50874990,0.04183995,0.35011622
39.51124990,0.04132473,0.34154677
39.51374990,0.04051287,0.32825860
39.51624990,0.03996295,0.31940755
39.51874990,0.04026684,0.32428369
39.52124990,0.04009878,0.32158250
39.52374990,0.03917085,0.30687100
39.52624990,0.03986627,0.31786385
39.52874990,0.04107685,0.33746159
39.53124990,0.04288102,0.36775637
39.53374990,0.04243367,0.36012322
39.53624990,0.04221556,0.35643071
39.53874990,0.04318963,0.37306887
39.54124990,0.04406048,0.38826525
39.54374990,0.04329989,0.37497613
39.54624990,0.04300833,0.36994338
39.54874990,0.04642059,0.43097422
39.55124990,0.04711096,0.44388846
39.55374990,0.04717272,0.44505304
39.55624990,0.04582310,0.41995132
39.55874990,0.04882540,0.47678393
39.56124990,0.04999134,0.49982673
39.56374990,0.05085240,0.51719344
39.56624990,0.04916218,0.48338398
39.56874990,0.05012863,0.50257581
39.57124990,0.04944537,0.48896897
39.57374990,0.05040268,0.50808603
39.57624990,0.04902371,0.48066485
39.57874990,0.04888289,0.47790748
39.58124990,0.04702723,0.44231200
39.58374990,0.04758136,0.45279723
39.58624990,0.04732039,0.44784394
39.58874990,0.04733225,0.44806844
39.59124990,0.04646083,0.43172169
39.59374990,0.04800289,0.46085554
39.59624990,0.04841334,0.46877030
39.59874990,0.04512122,0.40718490
39.60124990,0.04533383,0.41103128
39.60374990,0.04604685,0.42406258
39.60624990,0.04673121,0.43676111
39.60874990,0.04352493,0.37888396
39.61124990,0.04398362,0.38691178
39.61374990,0.04530723,0.41054910
39.61624990,0.04786491,0.45820981
39.61874990,0.04579060,0.41935587
39.62124990,0.04590446,0.42144382
39.62374990,0.04508816,0.40658849
39.62624990,0.04706413,0.44300634
39.62874990,0.04703673,0.44249076
39.63124990,0.04763670,0.45385110
39.63374990,0.04636210,0.42988893
39.63624990,0.04845925,0.46965975
39.63874990,0.04840966,0.46869910
39.64124990,0.04767944,0.45466578
39.64374990,0.04809234,0.46257454
39.64624990,0.04954922,0.49102497
39.64874990,0.05167834,0.53413016
39.65124990,0.05147611,0.52995801
39.65374990,0.05129365,0.52620757
39.65624990,0.05102213,0.52065164
39.65874990,0.05314902,0.56496370
39.66124990,0.05184316,0.53754270
39.66374990,0.04982946,0.49659497
39.66624990,0.04872078,0.47474292
39.66874990,0.04913742,0.48289728
39.67124990,0.04870142,0.47436565
39.67374990,0.04803745,0.46151933
39.67624990,0.04788035,0.45850557
39.67874990,0.04814535,0.46359494
39.68124990,0.04795335,0.45990479
39.68374990,0.04766879,0.45446280
39.68624990,0.04575543,0.41871184
39.68874990,0.04758396,0.45284674
39.69124990,0.04996442,0.49928874
39.69374990,0.04951866,0.49041945
39.69624990,0.04722618,0.44606242
39.69874990,0.04679038,0.43786794
39.70124990,0.04948770,0.48980641
39.70374990,0.05013327,0.50266886
39.70624990,0.04997001,0.49940047
39.70874990,0.04831812,0.46692818
39.71124990,0.04922706,0.48466063
39.71374990,0.05136687,0.52771109
39.71624990,0.05143925,0.52919930
39.71874990,0.05054394,0.51093793
39.72124990,0.05065404,0.51316631
39.72374990,0.05197329,0.54024464
39.72624990,0.05044673,0.50897443
39.72874990,0.04891792,0.47859254
39.73124990,0.04939024,0.48787916
39.73374990,0.05151586,0.53077674
39.73624990,0.05324011,0.56690174
39.73874990,0.05198477,0.54048330
39.74124990,0.04968320,0.49368411
39.74374990,0.04933102,0.48670983
39.74624990,0.05141506,0.52870160
39.74874990,0.05074422,0.51499522
39.75124990,0.04749956,0.45124167
39.75374990,0.04590086,0.42137769
39.75624990,0.04686769,0.43931606
39.75874990,0.04754853,0.45217258
39.76124990,0.04664852,0.43521690
39.76374990,0.04430619,0.39260760
39.76624990,0.04447908,0.39567780
39.76874990,0.04680650,0.43816978
39.77124990,0.04743463,0.45000878
39.77374990,0.04642963,0.43114218
39.77624990,0.04650890,0.43261555
39.77874990,0.04795785,0.45999104
39.78124990,0.04758311,0.45283055
39.78374990,0.04604126,0.42395952
39.78624990,0.04316413,0.37262833
39.78874990,0.04302382,0.37020993
39.79124990,0.04511797,0.40712625
39.79374990,0.04610545,0.42514259
39.79624990,0.04508563,0.40654284
39.79874990,0.04404468,0.38798678
39.80124990,0.04392145,0.38581881
39.80374990,0.04486099,0.40250170
39.80624990,0.04504631,0.40583402
39.80874990,0.04490871,0.40335837
39.81124990,0.04424209,0.39147246
39.81374990,0.04483883,0.40210408
39.81624990,0.04440692,0.39439487
39.81874990,0.04271878,0.36497891
39.82124990,0.04181029,0.34962013
39.82374990,0.04176678,0.34889275
39.82624990,0.04270705,0.36477840
39.82874990,0.04189042,0.35096142
39.83124990,0.04154412,0.34518272
39.83374990,0.04051966,0.32836860
39.83624990,0.04155875,0.34542602
39.83874990,0.04146403,0.34385324
39.84124990,0.04037564,0.32603845
39.84374990,0.03841887,0.29520196
39.84624990,0.03671476,0.26959470
39.84874990,0.03822085,0.29216662
39.85124990,0.03981674,0.31707454
39.85374990,0.03966933,0.31473112
39.85624990,0.03822974,0.29230264
39.85874990,0.03672407,0.26973149
39.86124990,0.03779855,0.28574607
39.86374990,0.03825273,0.29265419
39.86624990,0.03858275,0.29772565
39.86874990,0.03818581,0.29163119
39.87124990,0.03782962,0.28621605
39.87374990,0.03951144,0.31223083
39.87624990,0.03952532,0.31245017
39.87874990,0.04081041,0.33309793
39.88124990,0.04025319,0.32406390
39.88374990,0.04027969,0.32449070
39.88624990,0.04164480,0.34685791
39.88874990,0.04246925,0.36072746
39.89124990,0.04331803,0.37529024
39.89374990,0.04334905,0.37582809
39.89624990,0.04331987,0.37532228
39.89874990,0.04374598,0.38274226
39.90124990,0.04366686,0.38135898
39.90374990,0.04469270,0.39948738
39.90624990,0.04463413,0.39844108
39.90874990,0.04463583,0.39847147
39.91124990,0.04370145,0.38196328
39.91374990,0.04444871,0.39513767
39.91624990,0.04450984,0.39622515
39.91874990,0.04586603,0.42073861
39.92124990,0.04621852,0.42723036
39.92374990,0.04435946,0.39355245
39.92624990,0.04522790,0.40911260
39.92874990,0.04422253,0.39112639
39.93124990,0.04530586,0.41052413
39.93374990,0.04546419,0.41339847
39.93624990,0.04346829,0.37789848
39.93874990,0.04332183,0.37535608
39.94124990,0.04402984,0.38772529
39.94374990,0.04526545,0.40979221
39.94624990,0.04563379,0.41648853
39.94874990,0.04378445,0.38341570
39.95124990,0.04522890,0.40913069
39.95374990,0.04478864,0.40120438
39.95624990,0.04662480,0.43477443
39.95874990,0.04714803,0.44458735
39.96124990,0.04718509,0.44528657
39.96374990,0.04642050,0.43097252
39.96624990,0.04641418,0.43085527
39.96874990,0.04595864,0.42243925
39.97124990,0.04566954,0.41714138
39.97374990,0.04571521,0.41797596
39.97624990,0.04489471,0.40310699
39.97874990,0.04576517,0.41889024
39.98124990,0.04535243,0.41136864
39.98374990,0.04604287,0.42398918
39.98624990,0.04583127,0.42010102
39.98874990,0.04445196,0.39519534
39.99124990,0.04396655,0.38661140
39.99374990,0.04474135,0.40035778
39.99624990,0.04551328,0.41429165
39.99874990,0.04566203,0.41700411
40.00124990,0.04266051,0.36398384
40.00374990,0.04374605,0.38274333
40.00624990,0.04207570,0.35407299
40.00874990,0.04260941,0.36311236
40.01124990,0.04256986,0.36243856
40.01374990,0.04290023,0.36808598
40.01624990,0.04335735,0.37597194
40.01874990,0.04488554,0.40294233
40.02124990,0.04564878,0.41676229
40.02374990,0.04560304,0.41592741
40.02624990,0.04445159,0.39518875
40.02874990,0.04401743,0.38750678
40.03124990,0.04576775,0.41893733
40.03374990,0.04608656,0.42479426
40.03624990,0.04692247,0.44034362
40.03874990,0.04656035,0.43357319
40.04124990,0.04508888,0.40660146
40.04374990,0.04431338,0.39273515
40.04624990,0.04479175,0.40126026
40.04874990,0.04491609,0.40349108
40.05124990,0.04478338,0.40111020
40.05374990,0.04212373,0.35488176
40.05624990,0.04250604,0.36135262
40.05874990,0.04245732,0.36052471
40.06124990,0.04289806,0.36804873
40.06374990,0.04171191,0.34797668
40.06624990,0.03958014,0.31331745
40.06874990,0.03718635,0.27656490
40.07124990,0.03748402,0.28101042
40.07374990,0.03800051,0.28880769
40.07624990,0.03781650,0.28601754
40.07874990,0.03634269,0.26415819
40.08124990,0.03393074,0.23025906
40.08374990,0.03371296,0.22731282
40.08624990,0.03339407,0.22303282
40.08874990,0.03352734,0.22481652
40.09124990,0.03277458,0.21483468
40.09374990,0.03066782,0.18810296
