# Time (seconds),Accel_X,Accel_Y,Accel_Z,Gyro_X,Gyro_Y,Gyro_Z
0.0024999,0.4572925269603729,-0.2968810200691223,10.02691650390625,6.378173828125,0.54931640625,-0.732421875
0.0074999,0.28790274262428284,-0.24779987335205078,9.787496566772461,-4.150390625,0.152587890625,1.77001953125
0.012499900000000001,0.5225345492362976,-0.27712884545326233,9.600150108337402,-0.762939453125,-0.1220703125,-2.349853515625
0.0174999,0.43275195360183716,-0.2555810213088989,9.95329475402832,5.92041015625,0.48828125,-0.30517578125
0.0224999,0.32620999217033386,-0.25737667083740234,9.689932823181152,-5.37109375,0.244140625,1.800537109375
0.0274999,0.5380968451499939,-0.2861070930957794,9.59715747833252,0.48828125,0.3662109375,-2.3193359375
0.0324999,0.4189853072166443,-0.272938996553421,9.97603988647461,5.126953125,0.42724609375,0.213623046875
0.0374999,0.4818331003189087,-0.2555810213088989,9.667786598205566,1.739501953125,-0.06103515625,-2.777099609375
0.0424999,0.3645172119140625,-0.24779987335205078,10.022727012634277,4.39453125,0.518798828125,0.640869140625
0.0474999,0.28969839215278625,-0.22026655077934265,9.640253067016602,-5.889892578125,0.06103515625,0.91552734375
0.0524999,0.4985924959182739,-0.26396074891090393,9.693524360656738,3.021240234375,0.1220703125,-2.716064453125
0.0574999,0.38726213574409485,-0.2663549482822418,9.962871551513672,2.777099609375,0.48828125,1.312255859375
0.0624999,0.33937808871269226,-0.3148375153541565,9.552865028381348,-6.195068359375,0.152587890625,0.67138671875
0.0674999,0.5404910445213318,-0.35075053572654724,9.729436874389648,4.241943359375,-0.42724609375,-2.8076171875
0.0724999,0.345363587141037,-0.30047231912612915,9.998186111450195,1.617431640625,0.213623046875,1.5869140625
0.0774999,0.36810851097106934,-0.30047231912612915,9.59596061706543,-5.67626953125,-0.06103515625,0.152587890625
0.0824999,0.5656301379203796,-0.2950853705406189,9.870096206665039,4.913330078125,-0.06103515625,-2.410888671875
0.0874999,0.35494041442871094,-0.25318682193756104,9.989208221435547,0.30517578125,0.274658203125,1.800537109375
0.0924999,0.4471171796321869,-0.2759317457675934,9.556455612182617,-4.974365234375,-0.030517578125,-0.67138671875
0.0974999,0.3274070918560028,-0.26336219906806946,9.913191795349121,-1.15966796875,0.1220703125,2.0751953125
0.1024999,0.4495113790035248,-0.2717418968677521,9.564835548400879,-4.913330078125,-0.91552734375,-1.068115234375
0.1074999,0.5267243981361389,-0.2861070930957794,9.989806175231934,6.40869140625,0.30517578125,-1.8310546875
0.1124999,0.272938996553421,-0.21308395266532898,9.937732696533203,-2.13623046875,0.1220703125,2.0751953125
0.1174999,0.5033808946609497,-0.26396074891090393,9.63067626953125,-3.631591796875,-0.1220703125,-1.373291015625
0.1224999,0.517746090888977,-0.3082534670829773,10.020332336425781,6.317138671875,0.457763671875,-1.15966796875
0.1274999,0.31543606519699097,-0.2950853705406189,9.822811126708984,-3.5400390625,0.1220703125,2.0751953125
0.1324999,0.5464765429496765,-0.32680854201316833,9.59596061706543,-2.25830078125,-0.274658203125,-1.800537109375
0.1374999,0.4596867263317108,-0.3190273642539978,9.975440979003906,5.859375,-0.274658203125,-0.823974609375
0.1424999,0.2968810200691223,-0.2561795711517334,9.758167266845703,-4.5166015625,-0.762939453125,1.800537109375
0.1474999,0.5315127968788147,-0.27892449498176575,9.596558570861816,-0.8544921875,-0.396728515625,-2.105712890625
0.1524999,0.4429273009300232,-0.25438392162323,9.96945571899414,5.401611328125,-0.18310546875,-0.18310546875
0.1574999,0.5434837937355042,-0.28790274262428284,9.610325813293457,0.457763671875,-0.30517578125,-2.62451171875
0.1624999,0.4213795065879822,-0.28311434388160706,9.980229377746582,4.82177734375,0.396728515625,0.396728515625
0.1674999,0.33099839091300964,-0.2663549482822418,9.652822494506836,-5.828857421875,0.152587890625,1.312255859375
0.1724999,0.5033808946609497,-0.2579752206802368,9.676764488220215,2.197265625,0.335693359375,-2.777099609375
0.17749990000000002,0.395043283700943,-0.2472013235092163,10.026318550109863,4.0283203125,0.152587890625,0.823974609375
0.1824999,0.3100491166114807,-0.24420857429504395,9.635464668273926,-6.561279296875,-0.30517578125,0.9765625
0.1874999,0.5123591423034668,-0.2861070930957794,9.713275909423828,3.326416015625,0.54931640625,-2.716064453125
0.1924999,0.37169981002807617,-0.2783259451389313,9.993996620178223,2.9296875,0.335693359375,1.40380859375
0.1974999,0.33099839091300964,-0.3100491166114807,9.594164848327637,-6.072998046875,0.152587890625,0.67138671875
0.2024999,0.5363011956214905,-0.33099839091300964,9.78989028930664,4.608154296875,0.152587890625,-2.74658203125
0.20749990000000001,0.3381809890270233,-0.28072014451026917,10.022727012634277,1.495361328125,-0.244140625,1.28173828125
0.2124999,0.3800795078277588,-0.26815059781074524,9.941922187805176,-0.1220703125,-0.1220703125,1.556396484375
0.2174999,0.48063600063323975,-0.28790274262428284,9.539097785949707,-5.401611328125,-0.091552734375,-0.42724609375
0.2224999,0.595557689666748,-0.3423708379268646,9.911994934082031,6.195068359375,0.762939453125,-2.01416015625
0.2274999,0.3250128924846649,-0.2603694200515747,9.941922187805176,-1.220703125,0.335693359375,1.861572265625
0.2324999,0.44831427931785583,-0.28969839215278625,9.595361709594727,-3.7841796875,0.42724609375,-1.190185546875
0.2374999,0.5099649429321289,-0.304063618183136,10.025120735168457,6.500244140625,0.152587890625,-1.678466796875
0.2424999,0.26156654953956604,-0.2495955228805542,9.924564361572266,-2.9296875,-0.1220703125,2.13623046875
0.2474999,0.5057750940322876,-0.28969839215278625,9.637859344482422,-3.265380859375,-0.244140625,-1.708984375
0.2524999,0.49619829654693604,-0.3082534670829773,10.019734382629395,6.500244140625,0.42724609375,-1.190185546875
0.2574999,0.3100491166114807,-0.27234044671058655,9.830592155456543,-3.90625,0.3662109375,2.13623046875
0.2624999,0.5410895943641663,-0.3010708689689636,9.618705749511719,-1.678466796875,-0.213623046875,-2.105712890625
0.2674999,0.4423287510871887,-0.23283611238002777,9.998186111450195,5.523681640625,0.06103515625,-0.06103515625
0.2724999,0.3357867896556854,-0.2759317457675934,9.686341285705566,-5.584716796875,0.030517578125,1.708984375
0.2774999,0.5183446407318115,-0.2801215946674347,9.648633003234863,0.79345703125,-0.457763671875,-2.38037109375
0.2824999,0.39205053448677063,-0.25258827209472656,10.022727012634277,5.0048828125,0.48828125,0.42724609375
0.28749990000000003,0.29388827085494995,-0.23163901269435883,9.660603523254395,-5.615234375,0.091552734375,1.220703125
0.2924999,0.4866214990615845,-0.2298433631658554,9.691129684448242,2.685546875,0.48828125,-2.593994140625
0.2974999,0.3908534348011017,-0.21009120345115662,10.004171371459961,3.5400390625,-0.030517578125,1.068115234375
0.3024999,0.3345896899700165,-0.25498247146606445,9.592967987060547,-6.683349609375,-0.518798828125,0.8544921875
0.3074999,0.3345896899700165,-0.25498247146606445,9.592967987060547,-6.683349609375,-0.518798828125,0.8544921875
0.3124999,0.5500678420066833,-0.30286651849746704,9.693524360656738,3.84521484375,0.152587890625,-2.655029296875
0.3174999,0.5656301379203796,-0.29628247022628784,9.79408073425293,5.0048828125,0.640869140625,-2.471923828125
0.3224999,0.3513490855693817,-0.25917232036590576,10.016741752624512,1.556396484375,0.3662109375,1.77001953125
0.3274999,0.4034229815006256,-0.28969839215278625,9.581595420837402,-5.706787109375,-0.213623046875,-0.244140625
0.3324999,0.579995334148407,-0.3256114423274994,9.874884605407715,5.4931640625,-0.1220703125,-2.532958984375
0.3374999,0.353743314743042,-0.30885201692581177,9.935338973999023,-0.152587890625,-0.06103515625,1.953125
0.3424999,0.4554968774318695,-0.31783026456832886,9.537302017211914,-4.57763671875,0.732421875,-0.48828125
0.34749990000000003,0.5590460896492004,-0.3256114423274994,9.916184425354004,5.950927734375,-0.06103515625,-2.105712890625
0.35249990000000003,0.28550854325294495,-0.24660277366638184,9.907206535339355,-1.8310546875,-0.457763671875,2.01416015625
0.3574999,0.4537012279033661,-0.26815059781074524,9.57321548461914,-4.119873046875,-0.30517578125,-1.251220703125
0.3624999,0.5123591423034668,-0.2819172441959381,9.996390342712402,6.072998046875,0.42724609375,-1.40380859375
0.3674999,0.2890998423099518,-0.27653029561042786,9.876680374145508,-3.11279296875,0.1220703125,2.38037109375
0.3724999,0.3190273642539978,-0.2902969419956207,9.800664901733398,-4.0283203125,-0.06103515625,2.227783203125
0.3774999,0.5506663918495178,-0.30885201692581177,9.609726905822754,-1.64794921875,-0.3662109375,-2.044677734375
0.3824999,0.4507084786891937,-0.28072014451026917,9.973047256469727,6.072998046875,0.030517578125,-0.67138671875
0.3874999,0.3190273642539978,-0.2603694200515747,9.739612579345703,-5.06591796875,-0.06103515625,1.89208984375
0.3924999,0.5476736426353455,-0.2890998423099518,9.602544784545898,0.1220703125,0.54931640625,-2.410888671875
0.3974999,0.4387374520301819,-0.2825157940387726,9.977835655212402,5.4931640625,0,-0.091552734375
0.4024999,0.4991910457611084,-0.2663549482822418,9.635464668273926,1.52587890625,-0.030517578125,-2.838134765625
0.4074999,0.4991910457611084,-0.2663549482822418,9.635464668273926,1.52587890625,-0.030517578125,-2.838134765625
0.41249990000000003,0.36332011222839355,-0.24181437492370605,10.004770278930664,4.669189453125,0.091552734375,0.579833984375
0.41749990000000003,0.2693476974964142,-0.21547815203666687,9.646238327026367,-6.103515625,0.06103515625,1.129150390625
0.4224999,0.46148237586021423,-0.22266076505184174,9.695320129394531,2.3193359375,-0.30517578125,-3.021240234375
0.4274999,0.3124433159828186,-0.27712884545326233,9.5809965133667,-6.4697265625,-0.244140625,1.007080078125
0.4324999,0.5434837937355042,-0.3315969407558441,9.715670585632324,3.60107421875,-0.30517578125,-2.9296875
0.4374999,0.37828385829925537,-0.3100491166114807,9.984419822692871,2.197265625,0,1.28173828125
0.4424999,0.38067805767059326,-0.31124621629714966,9.592369079589844,-5.92041015625,-0.091552734375,0.48828125
0.4474999,0.5776011347770691,-0.30945056676864624,9.832986831665039,5.0048828125,0.152587890625,-2.685546875
0.4524999,0.363918662071228,-0.2687491476535797,10.011953353881836,0.8544921875,0.030517578125,1.678466796875
0.4574999,0.4321534037590027,-0.272938996553421,9.568427085876465,-5.43212890625,-0.1220703125,-0.06103515625
0.4624999,0.5919663906097412,-0.31842881441116333,9.856928825378418,5.645751953125,0,-2.166748046875
0.4674999,0.345363587141037,-0.2711433470249176,9.90241813659668,-0.762939453125,-0.18310546875,1.922607421875
0.47249990000000003,0.43993455171585083,-0.2687491476535797,9.521739959716797,-4.974365234375,-0.3662109375,-0.732421875
0.47749990000000003,0.5201402902603149,-0.3100491166114807,9.91738224029541,6.2255859375,0.518798828125,-1.800537109375
0.4824999,0.2537853717803955,-0.23163901269435883,9.920374870300293,-1.861572265625,0.18310546875,1.861572265625
0.4874999,0.5021837949752808,-0.31603461503982544,10.030508041381836,6.317138671875,0,-1.312255859375
0.4924999,0.292691171169281,-0.2819172441959381,9.874286651611328,-3.41796875,0.1220703125,2.105712890625
0.4974999,0.5488707423210144,-0.3106476664543152,9.622296333312988,-2.3193359375,0.244140625,-1.77001953125
0.5024999,0.5081692934036255,-0.33997663855552673,10.01075553894043,6.378173828125,0.396728515625,-0.91552734375
0.5074999,0.3357867896556854,-0.2777273952960968,9.798869132995605,-4.119873046875,0.244140625,1.861572265625
0.5124999,0.5746083855628967,-0.2998737692832947,9.62828254699707,-0.6103515625,0.640869140625,-2.197265625
0.5174999,0.4686649739742279,-0.30047231912612915,10.010157585144043,5.828857421875,0,-0.396728515625
0.5224999,0.3387795388698578,-0.2669534981250763,9.761758804321289,-5.43212890625,-0.213623046875,1.617431640625
0.5274999,0.5386953949928284,-0.28072014451026917,9.643245697021484,0.213623046875,-0.030517578125,-2.593994140625
0.5324999,0.40880993008613586,-0.292691171169281,10.016142845153809,5.2490234375,0.152587890625,0.3662109375
0.5374999,0.304063618183136,-0.25438392162323,9.706093788146973,-5.767822265625,-0.152587890625,1.64794921875
0.5424999,0.4734533727169037,-0.23403321206569672,9.693524360656738,1.495361328125,0.06103515625,-2.685546875
0.5474999,0.558447539806366,-0.3423708379268646,9.719860076904297,3.96728515625,0.274658203125,-2.685546875
0.5524999,0.36092591285705566,-0.3064578175544739,9.97484302520752,1.861572265625,0.274658203125,1.556396484375
0.5574999,0.36332011222839355,-0.28969839215278625,9.600150108337402,-5.767822265625,-0.06103515625,0.274658203125
0.5624999,0.3315969407558441,-0.2711433470249176,10.001178741455078,0.79345703125,0.1220703125,1.708984375
0.5674999000000001,0.414795458316803,-0.27892449498176575,9.570222854614258,-5.401611328125,-0.1220703125,-0.457763671875
0.5724999000000001,0.5656301379203796,-0.34177228808403015,9.865906715393066,5.462646484375,0.213623046875,-2.01416015625
0.5774999000000001,0.3196259140968323,-0.25498247146606445,9.909002304077148,-0.701904296875,-0.152587890625,1.861572265625
0.5824999,0.2717418968677521,-0.22026655077934265,9.948506355285645,-2.13623046875,-0.213623046875,1.983642578125
0.5874999,0.4926069974899292,-0.25737667083740234,9.644442558288574,-3.326416015625,0.335693359375,-1.190185546875
0.5924999,0.5201402902603149,-0.33039984107017517,10.043676376342773,6.28662109375,0.244140625,-1.007080078125
0.5974999,0.31543606519699097,-0.26336219906806946,9.86351203918457,-3.662109375,-0.1220703125,1.983642578125
0.6024999,0.5536591410636902,-0.3016694188117981,9.626486778259277,-2.38037109375,-0.335693359375,-1.953125
0.6074999,0.4686649739742279,-0.3232172429561615,10.005967140197754,6.439208984375,0.30517578125,-0.79345703125
0.6124999,0.2974795699119568,-0.23523031175136566,9.77791976928711,-4.608154296875,0.396728515625,1.77001953125
0.6174999,0.5339069962501526,-0.27473464608192444,9.609128952026367,-0.579833984375,-0.030517578125,-2.3193359375
0.6224999,0.4291606545448303,-0.2669534981250763,9.97065258026123,5.92041015625,0.030517578125,0
0.6274999,0.3298012912273407,-0.24899697303771973,9.68933391571045,-5.523681640625,-0.457763671875,1.708984375
0.6324999,0.5267243981361389,-0.27712884545326233,9.601945877075195,0.274658203125,-0.18310546875,-2.62451171875
0.6374999,0.3106476664543152,-0.2537853717803955,9.649829864501953,-5.67626953125,-0.579833984375,1.373291015625
0.6424999,0.4866214990615845,-0.25318682193756104,9.67077922821045,1.89208984375,-0.030517578125,-2.9296875
0.6474999,0.3842693865299225,-0.2603694200515747,10.02571964263916,4.2724609375,0.274658203125,0.8544921875
0.6524999,0.31603461503982544,-0.2298433631658554,9.624092102050781,-6.072998046875,-0.091552734375,0.9765625
0.6574999,0.5225345492362976,-0.2998737692832947,9.690531730651855,3.11279296875,0.030517578125,-2.838134765625
0.6624999,0.39205053448677063,-0.2783259451389313,9.949105262756348,2.9296875,-0.18310546875,1.15966796875
0.6674999,0.35673606395721436,-0.2801215946674347,9.55585765838623,-6.2255859375,-0.091552734375,0.67138671875
0.6724999,0.5518634915351868,-0.3208230137825012,9.73542308807373,4.180908203125,0.06103515625,-2.716064453125
0.6774999,0.345363587141037,-0.25498247146606445,9.984419822692871,1.52587890625,0.18310546875,1.495361328125
0.6824999,0.3734954595565796,-0.2621650993824005,9.543886184692383,-5.615234375,0.213623046875,0.091552734375
0.6874999,0.5554547905921936,-0.3172317147254944,9.825803756713867,5.340576171875,0.457763671875,-2.410888671875
0.6924999000000001,0.33099839091300964,-0.262763649225235,9.922768592834473,0.091552734375,0.18310546875,1.861572265625
0.6974999000000001,0.5626373887062073,-0.35494041442871094,9.903017044067383,5.9814453125,0.030517578125,-1.983642578125
0.7024999000000001,0.3076549172401428,-0.26156654953956604,9.929951667785645,-1.28173828125,-0.091552734375,2.0751953125
0.7074999,0.46746787428855896,-0.30466216802597046,9.607931137084961,-3.997802734375,0.18310546875,-1.220703125
0.7124999,0.536899745464325,-0.3555389642715454,10.037690162658691,6.195068359375,-0.1220703125,-1.64794921875
0.7174999,0.30286651849746704,-0.2849099934101105,9.952696800231934,-2.593994140625,-0.18310546875,2.0751953125
0.7224999,0.547075092792511,-0.31184476613998413,9.66419506072998,-2.899169921875,0.335693359375,-1.953125
0.7274999,0.5237316489219666,-0.33279404044151306,10.061034202575684,6.378173828125,0.42724609375,-1.190185546875
0.7324999,0.3298012912273407,-0.2495955228805542,9.8599214553833,-4.0283203125,0.30517578125,2.288818359375
0.7374999,0.5560533404350281,-0.2711433470249176,9.651026725769043,-1.556396484375,0.1220703125,-2.044677734375
0.7424999,0.4507084786891937,-0.2759317457675934,10.035895347595215,6.317138671875,0.396728515625,-0.6103515625
0.7474999,0.30945056676864624,-0.22445641458034515,9.800065994262695,-4.486083984375,0,1.861572265625
0.7524999,0.5380968451499939,-0.27234044671058655,9.651625633239746,-0.213623046875,0.579833984375,-2.410888671875
0.7574999,0.5710170865058899,-0.322618693113327,9.706093788146973,3.753662109375,0,-2.685546875
0.7624999,0.38486793637275696,-0.25737667083740234,9.946710586547852,2.13623046875,0.030517578125,1.312255859375
0.7674999,0.3728969097137451,-0.24600422382354736,9.529520988464355,-6.04248046875,-0.091552734375,-0.030517578125
0.7724999,0.5542576909065247,-0.2717418968677521,9.771934509277344,4.8828125,0.1220703125,-2.38037109375
0.7774999,0.40521863102912903,-0.228047713637352,9.498396873474121,-5.462646484375,-0.1220703125,-0.3662109375
0.7824999,0.545877993106842,-0.3100491166114807,9.82640266418457,5.615234375,-0.274658203125,-2.13623046875
0.7874999,0.29867666959762573,-0.23044191300868988,9.840767860412598,-1.15966796875,-0.518798828125,1.983642578125
0.7924999,0.4231751561164856,-0.27653029561042786,9.500192642211914,-4.39453125,0.152587890625,-0.91552734375
0.7974999,0.5183446407318115,-0.3447650372982025,9.915586471557617,6.011962890625,-0.457763671875,-1.708984375
0.8024999,0.27712884545326233,-0.27473464608192444,9.9000244140625,-2.38037109375,0.030517578125,2.0751953125
0.8074999,0.5279214978218079,-0.33039984107017517,9.621698379516602,-3.082275390625,0.762939453125,-1.52587890625
0.8124999,0.5524620413780212,-0.3794809579849243,10.029909133911133,6.591796875,0.579833984375,-1.03759765625
0.8174999000000001,0.35913026332855225,-0.30705636739730835,9.858125686645508,-3.35693359375,0.091552734375,2.044677734375
0.8224999000000001,0.586579442024231,-0.3274070918560028,9.618705749511719,-2.25830078125,-0.3662109375,-2.13623046875
0.8274999000000001,0.48063600063323975,-0.3256114423274994,10.00836181640625,6.40869140625,0.3662109375,-0.762939453125
0.8324999000000001,0.3034650683403015,-0.2346317619085312,9.77672290802002,-4.852294921875,0.152587890625,1.953125
0.8374999,0.48602294921875,-0.2495955228805542,9.660005569458008,0.518798828125,-0.79345703125,-2.471923828125
0.8424999,0.3597288131713867,-0.24420857429504395,10.04427433013916,4.2724609375,-0.762939453125,0.518798828125
0.8474999,0.2783259451389313,-0.21547815203666687,9.680954933166504,-6.65283203125,-1.190185546875,1.190185546875
0.8524999,0.48063600063323975,-0.25737667083740234,9.717466354370117,2.25830078125,0.152587890625,-2.685546875
0.8574999,0.39564183354377747,-0.2645592987537384,10.006566047668457,3.875732421875,0.30517578125,0.885009765625
0.8624999,0.3411737382411957,-0.2753331959247589,9.59057331085205,-6.072998046875,0.213623046875,0.701904296875
0.8674999,0.5608417391777039,-0.3381809890270233,9.690531730651855,3.570556640625,0.244140625,-2.5634765625
0.8724999,0.3908534348011017,-0.284311443567276,9.949105262756348,2.01416015625,0.1220703125,1.495361328125
0.8774999,0.3705027103424072,-0.2908954918384552,9.552865028381348,-6.256103515625,-0.3662109375,0.030517578125
0.8824999,0.5554547905921936,-0.31184476613998413,9.7791166305542,4.82177734375,0.06103515625,-2.532958984375
0.8874999,0.5315127968788147,-0.3321954905986786,9.923367500305176,6.011962890625,0.213623046875,-1.800537109375
0.8924999,0.2711433470249176,-0.23582886159420013,9.909601211547852,-2.044677734375,0.335693359375,2.227783203125
0.8974999,0.2711433470249176,-0.23582886159420013,9.909601211547852,-2.044677734375,0.335693359375,2.227783203125
0.9024999,0.4920084476470947,-0.2783259451389313,9.59835433959961,-3.143310546875,0.457763671875,-1.495361328125
0.9074999,0.5279214978218079,-0.3214215636253357,10.014347076416016,6.134033203125,-0.335693359375,-1.373291015625
0.9124999,0.32441434264183044,-0.2555810213088989,9.840767860412598,-3.5400390625,-0.213623046875,2.25830078125
0.9174999,0.5578489899635315,-0.2998737692832947,9.606135368347168,-2.25830078125,0.091552734375,-1.8310546875
0.9224999,0.47584760189056396,-0.2890998423099518,9.992799758911133,6.378173828125,0.54931640625,-0.732421875
0.9274999,0.5153518915176392,-0.28969839215278625,9.642048835754395,0.54931640625,-0.06103515625,-2.532958984375
0.9324999,0.3902548849582672,-0.25917232036590576,10.02811336517334,5.126953125,0.091552734375,0.274658203125
0.9374999,0.3010708689689636,-0.24420857429504395,9.66958236694336,-5.889892578125,-0.335693359375,1.251220703125
0.9424999000000001,0.4926069974899292,-0.2298433631658554,9.699509620666504,2.471923828125,0.48828125,-2.62451171875
0.9474999000000001,0.39145198464393616,-0.22625206410884857,10.00836181640625,3.692626953125,0.30517578125,0.8544921875
0.9524999000000001,0.33518823981285095,-0.24361002445220947,9.611522674560547,-6.378173828125,-0.152587890625,0.8544921875
0.9574999000000001,0.5560533404350281,-0.31364041566848755,9.695918083190918,3.47900390625,0.48828125,-2.50244140625
0.9624999,0.40282443165779114,-0.29568392038345337,9.971850395202637,2.593994140625,0.48828125,1.46484375
0.9674999,0.3770867586135864,-0.3280056416988373,9.576208114624023,-6.195068359375,0.030517578125,0.244140625
0.9724999,0.3250128924846649,-0.28550854325294495,9.904812812805176,-0.335693359375,0.274658203125,2.01416015625
0.9774999,0.43514615297317505,-0.29867666959762573,9.519346237182617,-4.638671875,0.18310546875,-0.885009765625
0.9824999,0.5333084464073181,-0.32680854201316833,9.925163269042969,6.16455078125,0.152587890625,-1.861572265625
0.9874999,0.26815059781074524,-0.2513911724090576,9.91977596282959,-2.0751953125,0.152587890625,2.349853515625
0.9924999,0.46507367491722107,-0.2902969419956207,9.59715747833252,-3.2958984375,0.274658203125,-1.373291015625
0.9974999,0.5111620426177979,-0.3172317147254944,10.019135475158691,6.2255859375,-0.152587890625,-1.495361328125
1.0024999,0.29568392038345337,-0.28550854325294495,9.864110946655273,-3.5400390625,-0.274658203125,2.105712890625
1.0074999000000002,0.5386953949928284,-0.3292027413845062,9.637260437011719,-2.410888671875,0.396728515625,-1.708984375
1.0124999000000001,0.46986207365989685,-0.3100491166114807,10.036493301391602,6.28662109375,-0.213623046875,-0.91552734375
1.0174999000000002,0.5303156971931458,-0.3034650683403015,9.631275177001953,-0.518798828125,0.732421875,-2.105712890625
1.0224999000000001,0.43993455171585083,-0.25677812099456787,9.992799758911133,6.072998046875,0.579833984375,-0.30517578125
1.0274999,0.32381579279899597,-0.28371289372444153,9.700108528137207,-5.43212890625,0.274658203125,1.89208984375
1.0324999000000001,0.5273229479789734,-0.2825157940387726,9.622296333312988,0.762939453125,0.244140625,-2.5634765625
1.0374999,0.4010287821292877,-0.25318682193756104,9.989208221435547,5.096435546875,0.701904296875,0.335693359375
1.0424999000000001,0.4854243993759155,-0.23762452602386475,9.660603523254395,2.044677734375,-0.3662109375,-2.716064453125
1.0474999,0.38546648621559143,-0.22625206410884857,10.012551307678223,4.0283203125,0.30517578125,0.8544921875
1.0524999000000002,0.3196259140968323,-0.2364274114370346,9.609128952026367,-6.317138671875,0.30517578125,1.068115234375
1.0574999,0.5321113467216492,-0.28969839215278625,9.698312759399414,3.753662109375,0.244140625,-2.777099609375
1.0624999000000002,0.38965633511543274,-0.2472013235092163,9.982624053955078,2.685546875,0,1.129150390625
1.0674999,0.3585317134857178,-0.27473464608192444,9.57860279083252,-6.256103515625,-0.48828125,0.30517578125
1.0724999000000002,0.34835633635520935,-0.22385786473751068,10.030508041381836,0.8544921875,-0.030517578125,1.64794921875
1.0774999,0.406415730714798,-0.26096799969673157,9.59177017211914,-6.04248046875,-0.762939453125,-0.091552734375
1.0824999000000002,0.5859808921813965,-0.304063618183136,9.867103576660156,5.767822265625,0.3662109375,-2.3193359375
1.0874999,0.35673606395721436,-0.2777273952960968,9.9371337890625,-0.152587890625,0.213623046875,1.8310546875
1.0924999000000002,0.45908817648887634,-0.29209262132644653,9.531316757202148,-4.669189453125,0.06103515625,-0.79345703125
1.0974999,0.5560533404350281,-0.32680854201316833,9.930550575256348,6.195068359375,-0.274658203125,-2.01416015625
1.1024999000000002,0.28790274262428284,-0.25019407272338867,9.926959037780762,-2.01416015625,-0.1220703125,2.044677734375
1.1074999,0.4668693244457245,-0.2968810200691223,9.59476375579834,-4.058837890625,0.152587890625,-1.068115234375
1.1124999000000002,0.5207388401031494,-0.3124433159828186,10.014347076416016,6.2255859375,0.213623046875,-1.52587890625
1.1174999,0.2908954918384552,-0.28550854325294495,9.853337287902832,-3.2958984375,-0.030517578125,2.01416015625
1.1224999000000002,0.5398924946784973,-0.32860419154167175,9.616909980773926,-2.685546875,0.091552734375,-1.739501953125
1.1274999,0.4734533727169037,-0.30705636739730835,10.005369186401367,6.4697265625,0.3662109375,-0.732421875
1.1324999000000002,0.524330198764801,-0.3034650683403015,9.607931137084961,-1.03759765625,-0.06103515625,-2.044677734375
1.1374999000000001,0.42197805643081665,-0.24660277366638184,9.988609313964844,5.767822265625,0,-0.457763671875
1.1424999000000002,0.3172317147254944,-0.2711433470249176,9.720458984375,-5.767822265625,-0.274658203125,1.800537109375
1.1474999000000001,0.5219359993934631,-0.28730419278144836,9.615114212036133,0.396728515625,0.396728515625,-2.38037109375
1.1524999000000002,0.4141969084739685,-0.25318682193756104,9.983222961425781,4.94384765625,0,0.274658203125
1.1574999000000001,0.3124433159828186,-0.2825157940387726,9.640851974487305,-6.2255859375,-0.54931640625,1.129150390625
1.1624999,0.48482584953308105,-0.27234044671058655,9.642048835754395,2.532958984375,0.396728515625,-2.777099609375
1.1674999000000001,0.37469255924224854,-0.24600422382354736,10.019734382629395,4.608154296875,0.30517578125,0.79345703125
1.1724999,0.29807811975479126,-0.26396074891090393,9.635464668273926,-6.256103515625,-0.030517578125,0.8544921875
1.1774999000000002,0.5165489912033081,-0.2968810200691223,9.713275909423828,2.86865234375,-0.213623046875,-2.8076171875
1.1824999,0.38726213574409485,-0.26755204796791077,9.988609313964844,2.777099609375,0.48828125,1.556396484375
1.1874999000000002,0.3561375141143799,-0.31603461503982544,9.57441234588623,-6.011962890625,0.335693359375,0.640869140625
1.1924999,0.3405751883983612,-0.2645592987537384,9.99339771270752,1.495361328125,0.06103515625,1.708984375
1.1974999000000002,0.3770867586135864,-0.28969839215278625,9.558850288391113,-5.279541015625,0.396728515625,-0.030517578125
1.2024999,0.4471171796321869,-0.3214215636253357,9.517550468444824,-5.340576171875,-0.54931640625,-0.579833984375
1.2074999000000002,0.5644330382347107,-0.32620999217033386,9.895833969116211,6.134033203125,0.1220703125,-1.89208984375
1.2124999,0.2974795699119568,-0.2687491476535797,9.900622367858887,-1.678466796875,0.213623046875,1.861572265625
1.2174999000000002,0.4489128291606903,-0.3010708689689636,9.570821762084961,-3.7841796875,0.244140625,-1.220703125
1.2224999,0.5171475410461426,-0.2819172441959381,10.00955867767334,6.53076171875,0.18310546875,-1.434326171875
1.2274999000000002,0.2819172441959381,-0.2932897210121155,9.88625717163086,-3.021240234375,-0.06103515625,1.983642578125
1.2324999,0.5351040959358215,-0.29209262132644653,9.635464668273926,-2.960205078125,-0.3662109375,-1.678466796875
1.2374999000000002,0.5021837949752808,-0.30466216802597046,10.029311180114746,6.28662109375,0.213623046875,-0.9765625
1.2424999,0.3292027413845062,-0.23163901269435883,9.744400978088379,-4.974365234375,-0.30517578125,1.77001953125
1.2474999000000002,0.5482721924781799,-0.2603694200515747,9.627084732055664,-0.152587890625,0.152587890625,-2.3193359375
1.2524999,0.42856210470199585,-0.2717418968677521,10.010157585144043,5.0048828125,0.1220703125,0.152587890625
1.2574999000000002,0.333991140127182,-0.24779987335205078,9.672574996948242,-6.134033203125,-0.30517578125,1.5869140625
1.2624999000000001,0.4920084476470947,-0.228047713637352,9.650428771972656,1.40380859375,-0.091552734375,-2.716064453125
1.2674999000000002,0.37169981002807617,-0.2513911724090576,10.005967140197754,4.2724609375,-0.244140625,0.67138671875
1.2724999000000001,0.2849099934101105,-0.20470423996448517,9.623494148254395,-6.28662109375,-0.30517578125,1.190185546875
1.2774999000000002,0.4920084476470947,-0.25977087020874023,9.6989107131958,2.9296875,0.42724609375,-2.62451171875
1.2824999000000001,0.35434186458587646,-0.2890998423099518,9.988011360168457,0.48828125,0.152587890625,1.64794921875
1.2874999,0.43514615297317505,-0.27473464608192444,9.549872398376465,-5.279541015625,-0.091552734375,-0.3662109375
1.2924999000000001,0.557250440120697,-0.3489548861980438,9.88386344909668,5.615234375,0.152587890625,-2.0751953125
1.2974999,0.29628247022628784,-0.2346317619085312,9.91977596282959,-0.946044921875,-0.244140625,1.739501953125
1.3024999000000002,0.4231751561164856,-0.2537853717803955,9.573814392089844,-4.69970703125,-0.701904296875,-0.885009765625
1.3074999,0.5033808946609497,-0.3232172429561615,10.00716495513916,6.195068359375,0.091552734375,-1.617431640625
1.3124999000000002,0.25917232036590576,-0.23582886159420013,9.940725326538086,-2.5634765625,0.152587890625,2.0751953125
1.3174999,0.5027823448181152,-0.28969839215278625,9.651625633239746,-3.204345703125,-0.18310546875,-1.52587890625
1.3224999000000002,0.3292027413845062,-0.292691171169281,9.856928825378418,-3.326416015625,-0.1220703125,1.89208984375
1.3274999,0.5776011347770691,-0.3232172429561615,9.63067626953125,-1.678466796875,0.244140625,-1.89208984375
1.3324999000000002,0.48901569843292236,-0.34596213698387146,10.02691650390625,6.16455078125,0.030517578125,-0.67138671875
1.3374999,0.33698388934135437,-0.2519897222518921,9.787496566772461,-4.791259765625,-0.152587890625,1.64794921875
1.3424999000000002,0.5554547905921936,-0.284311443567276,9.626486778259277,-0.3662109375,0.54931640625,-2.3193359375
1.3474999,0.43095630407333374,-0.2998737692832947,10.002376556396484,5.79833984375,0.42724609375,0.152587890625
1.3524999000000002,0.3196259140968323,-0.26396074891090393,9.697713851928711,-5.584716796875,-0.335693359375,1.495361328125
1.3574999,0.4908113479614258,-0.26994624733924866,9.654019355773926,0.9765625,-0.06103515625,-2.655029296875
1.3624999000000002,0.2717418968677521,-0.20889410376548767,9.658209800720215,-5.7373046875,-0.244140625,1.068115234375
1.3674999,0.46088382601737976,-0.23523031175136566,9.68274974822998,1.77001953125,-0.762939453125,-2.899169921875
1.3724999000000002,0.3693056106567383,-0.2561795711517334,9.970054626464844,3.60107421875,0.152587890625,1.15966796875
1.3774999,0.5392939448356628,-0.304063618183136,9.677363395690918,3.7841796875,0.3662109375,-2.8076171875
1.3824999000000002,0.3687070608139038,-0.2759317457675934,9.95329475402832,2.655029296875,0.274658203125,1.40380859375
1.3874999000000001,0.363918662071228,-0.24839842319488525,9.588777542114258,-5.615234375,0.091552734375,0.18310546875
1.3924999000000002,0.5620388388633728,-0.2932897210121155,9.84495735168457,5.0048828125,0.42724609375,-2.685546875
1.3974999000000001,0.34356793761253357,-0.23582886159420013,10.038289070129395,0.732421875,0.457763671875,1.708984375
1.4024999000000002,0.42018240690231323,-0.24779987335205078,9.59177017211914,-5.401611328125,0.244140625,-0.274658203125
1.4074999000000001,0.578798234462738,-0.3423708379268646,9.88506031036377,5.401611328125,0.06103515625,-2.13623046875
1.4124999,0.33339259028434753,-0.2693476974964142,9.932944297790527,-0.8544921875,-0.1220703125,1.8310546875
1.4174999000000001,0.4537012279033661,-0.2902969419956207,9.561244010925293,-4.57763671875,-0.48828125,-0.8544921875
1.4224999,0.5398924946784973,-0.35673606395721436,9.973047256469727,6.317138671875,0.091552734375,-1.617431640625
1.4274999000000002,0.28072014451026917,-0.24660277366638184,9.947908401489258,-1.953125,-0.18310546875,1.861572265625
1.4324999,0.5009866952896118,-0.2753331959247589,9.62947940826416,-3.2958984375,0.518798828125,-1.46484375
1.4374999000000002,0.5752069354057312,-0.3214215636253357,9.628880500793457,-2.593994140625,-0.79345703125,-2.13623046875
1.4424999,0.32202014327049255,-0.25318682193756104,9.807847023010254,-4.2724609375,0.18310546875,1.861572265625
1.4474999000000002,0.5416881442070007,-0.2783259451389313,9.64683723449707,-1.190185546875,-0.30517578125,-2.227783203125
1.4524999,0.4279635548591614,-0.28969839215278625,10.005967140197754,5.43212890625,0.030517578125,-0.30517578125
1.4574999000000002,0.3130418658256531,-0.24600422382354736,9.701305389404297,-5.645751953125,-0.030517578125,1.678466796875
1.4624999,0.5009866952896118,-0.2783259451389313,9.627084732055664,0.946044921875,0.335693359375,-2.38037109375
1.4674999000000002,0.3734954595565796,-0.2867056429386139,10.005967140197754,4.791259765625,0.30517578125,0.457763671875
1.4724999,0.2890998423099518,-0.24361002445220947,9.677363395690918,-5.92041015625,-0.030517578125,1.28173828125
1.4774999000000002,0.47584760189056396,-0.26755204796791077,9.709086418151855,2.166748046875,0.213623046875,-2.655029296875
1.4824999,0.3818751573562622,-0.2819172441959381,10.032303810119629,3.72314453125,0.213623046875,0.9765625
1.4874999000000002,0.5805938839912415,-0.3423708379268646,9.77672290802002,4.669189453125,0.335693359375,-2.44140625
1.4924999,0.5805938839912415,-0.3423708379268646,9.77672290802002,4.669189453125,0.335693359375,-2.44140625
1.4974999000000002,0.3603273630142212,-0.2759317457675934,9.99339771270752,1.068115234375,0.274658203125,1.739501953125
1.5024999,0.42676645517349243,-0.2825157940387726,9.564237594604492,-5.767822265625,0.091552734375,-0.274658203125
1.5074999000000002,0.5859808921813965,-0.34835633635520935,9.835380554199219,5.31005859375,-0.06103515625,-2.197265625
1.5124999000000001,0.3423708379268646,-0.25917232036590576,9.892242431640625,-0.54931640625,-0.274658203125,1.983642578125
1.5174999000000002,0.45010992884635925,-0.2513911724090576,9.498994827270508,-4.69970703125,-0.396728515625,-0.946044921875
1.5224999000000001,0.5315127968788147,-0.31783026456832886,9.896432876586914,6.28662109375,0.396728515625,-1.861572265625
1.5274999000000002,0.26575639843940735,-0.19931729137897491,9.892841339111328,-1.953125,0,2.01416015625
1.5324999000000001,0.28730419278144836,-0.24480712413787842,9.779715538024902,-4.45556640625,-0.213623046875,1.922607421875
1.5374999000000003,0.518943190574646,-0.27712884545326233,9.589975357055664,-1.0986328125,-0.091552734375,-2.25830078125
1.5424999000000001,0.4183867573738098,-0.27473464608192444,9.959280967712402,5.859375,0.6103515625,-0.091552734375
1.5474999,0.314238965511322,-0.23942017555236816,9.674968719482422,-5.645751953125,0.06103515625,1.800537109375
1.5524999000000002,0.5123591423034668,-0.25258827209472656,9.618705749511719,0.54931640625,0.1220703125,-2.349853515625
1.5574999,0.38307225704193115,-0.26156654953956604,10.016142845153809,4.638671875,-0.091552734375,0.396728515625
1.5624999000000002,0.2867056429386139,-0.21308395266532898,9.666589736938477,-6.256103515625,-0.67138671875,1.15966796875
1.5674999,0.46627077460289,-0.2322375625371933,9.718663215637207,2.01416015625,-0.244140625,-2.593994140625
1.5724999000000002,0.5464765429496765,-0.31783026456832886,9.741408348083496,3.173828125,-0.213623046875,-2.62451171875
1.5774999,0.40521863102912903,-0.2974795699119568,9.99459457397461,2.349853515625,-0.152587890625,1.434326171875
1.5824999000000002,0.39803603291511536,-0.3034650683403015,9.59057331085205,-5.79833984375,-0.06103515625,0.213623046875
1.5874999,0.6009446382522583,-0.35673606395721436,9.799467086791992,4.547119140625,-0.274658203125,-2.50244140625
1.5924999000000002,0.38067805767059326,-0.28969839215278625,10.002376556396484,1.0986328125,0.3662109375,1.983642578125
1.5974999,0.44412440061569214,-0.29149407148361206,9.545083999633789,-5.340576171875,0.18310546875,-0.335693359375
1.6024999000000002,0.3387795388698578,-0.26575639843940735,9.903017044067383,-0.79345703125,0,2.01416015625
1.6074999,0.44532153010368347,-0.2717418968677521,9.529520988464355,-4.608154296875,-0.030517578125,-1.129150390625
1.6124999000000002,0.5231330990791321,-0.3381809890270233,9.953893661499023,6.072998046875,-0.274658203125,-1.77001953125
1.6174999,0.2621650993824005,-0.22266076505184174,9.949105262756348,-2.166748046875,-0.152587890625,2.105712890625
1.6224999000000002,0.5069721937179565,-0.3447650372982025,10.056844711303711,6.34765625,0.3662109375,-1.312255859375
1.6274999,0.29867666959762573,-0.28072014451026917,9.86889934539795,-3.35693359375,0.335693359375,2.25830078125
1.6324999000000002,0.5452794432640076,-0.3166331648826599,9.639654159545898,-2.01416015625,0.030517578125,-1.953125
1.6374999000000001,0.4620809257030487,-0.3363853394985199,10.016741752624512,6.2255859375,0,-0.8544921875
1.6424999000000002,0.3058592677116394,-0.23702596127986908,9.79408073425293,-4.82177734375,0,1.89208984375
1.6474999000000001,0.5452794432640076,-0.2801215946674347,9.627084732055664,-0.3662109375,0.79345703125,-2.227783203125
1.6524999000000002,0.44173020124435425,-0.2783259451389313,9.999382972717285,5.55419921875,-0.091552734375,-0.1220703125
1.6574999000000001,0.33339259028434753,-0.26096799969673157,9.694122314453125,-5.859375,-0.213623046875,1.678466796875
1.6624999000000003,0.5105634927749634,-0.2819172441959381,9.642647743225098,0.8544921875,0.152587890625,-2.593994140625
1.6674999000000001,0.36990416049957275,-0.27653029561042786,9.99220085144043,4.69970703125,0.18310546875,0.42724609375
1.6724999,0.2735375463962555,-0.22266076505184174,9.631275177001953,-6.134033203125,-0.3662109375,1.15966796875
1.6774999000000002,0.4644751250743866,-0.2454056739807129,9.6618013381958,2.9296875,0.54931640625,-2.716064453125
1.6824999,0.5339069962501526,-0.32381579279899597,9.695918083190918,3.570556640625,-0.457763671875,-2.8076171875
1.6874999000000002,0.375291109085083,-0.27712884545326233,9.97364616394043,2.197265625,0,1.64794921875
1.6924999,0.383670836687088,-0.27234044671058655,9.573814392089844,-6.072998046875,-0.396728515625,-0.030517578125
1.6974999000000002,0.5859808921813965,-0.30466216802597046,9.840168952941895,4.7607421875,-0.30517578125,-2.62451171875
1.7024999,0.36990416049957275,-0.2364274114370346,10.011354446411133,0.823974609375,0.152587890625,1.922607421875
1.7074999000000002,0.45010992884635925,-0.24181437492370605,9.564835548400879,-5.37109375,0.457763671875,-0.48828125
1.7124999,0.5925649404525757,-0.3172317147254944,9.880870819091797,5.523681640625,-0.030517578125,-2.13623046875
1.7174999000000002,0.3345896899700165,-0.228047713637352,9.917980194091797,-0.885009765625,-0.274658203125,2.288818359375
1.7224999,0.4537012279033661,-0.25258827209472656,9.555258750915527,-4.364013671875,-0.030517578125,-1.129150390625
1.7274999000000002,0.524330198764801,-0.32620999217033386,9.98681354522705,6.04248046875,-0.213623046875,-1.77001953125
1.7324999,0.26575639843940735,-0.24600422382354736,9.943717956542969,-2.38037109375,-0.18310546875,2.3193359375
1.7374999000000002,0.46746787428855896,-0.3495534360408783,9.9772367477417,6.28662109375,0.457763671875,-0.42724609375
1.7424999,0.3250128924846649,-0.28131869435310364,9.750386238098145,-4.730224609375,0.335693359375,1.678466796875
1.7474999000000002,0.557250440120697,-0.3034650683403015,9.592369079589844,0.091552734375,0.457763671875,-2.410888671875
1.7524999,0.4465186297893524,-0.28790274262428284,9.965266227722168,5.584716796875,0.335693359375,0.1220703125
1.7574999000000002,0.34416648745536804,-0.25498247146606445,9.673172950744629,-5.950927734375,-0.1220703125,1.46484375
1.7624999000000001,0.5153518915176392,-0.243011474609375,9.663596153259277,1.129150390625,0.42724609375,-2.685546875
1.7674999000000002,0.375291109085083,-0.2472013235092163,10.059837341308594,4.39453125,0.06103515625,0.6103515625
1.7724999000000001,0.2861070930957794,-0.19871874153614044,9.679757118225098,-6.439208984375,-0.8544921875,1.15966796875
1.7774999000000002,0.4854243993759155,-0.25737667083740234,9.731232643127441,2.532958984375,0.030517578125,-2.5634765625
1.7824999000000001,0.33937808871269226,-0.2783259451389313,9.575011253356934,-6.622314453125,-0.213623046875,0.640869140625
1.7874999000000003,0.5692214369773865,-0.34356793761253357,9.722254753112793,4.180908203125,-0.18310546875,-2.685546875
1.7924999000000001,0.38127660751342773,-0.2885012924671173,9.97603988647461,1.5869140625,-0.152587890625,1.678466796875
1.7974999,0.4100070297718048,-0.2902969419956207,9.549273490905762,-6.04248046875,-0.396728515625,-0.152587890625
1.8024999000000002,0.606930136680603,-0.34177228808403015,9.818022727966309,5.18798828125,-0.213623046875,-2.532958984375
1.8074999,0.37828385829925537,-0.2777273952960968,9.947309494018555,0.396728515625,0.213623046875,1.922607421875
1.8124999000000002,0.46806642413139343,-0.2795230448246002,9.5223388671875,-4.94384765625,0.335693359375,-0.79345703125
1.8174999,0.5817909836769104,-0.34356793761253357,9.898826599121094,6.04248046875,0.67138671875,-1.922607421875
1.8224999000000002,0.304063618183136,-0.22206220030784607,9.916184425354004,-1.3427734375,0.274658203125,2.197265625
1.8274999,0.4411316514015198,-0.2585737705230713,9.588777542114258,-4.150390625,-0.06103515625,-1.28173828125
1.8324999000000002,0.5027823448181152,-0.3172317147254944,10.025120735168457,6.591796875,0.518798828125,-1.8310546875
1.8374999,0.518943190574646,-0.29807811975479126,9.660603523254395,-2.9296875,-0.213623046875,-1.52587890625
1.8424999000000002,0.545877993106842,-0.29867666959762573,9.655815124511719,-0.9765625,0.42724609375,-2.166748046875
1.8474999,0.4489128291606903,-0.2885012924671173,10.030508041381836,6.195068359375,0.54931640625,-0.396728515625
1.8524999000000002,0.3280056416988373,-0.24660277366638184,9.765948295593262,-4.94384765625,0.244140625,1.922607421875
1.8574999,0.5380968451499939,-0.2849099934101105,9.627084732055664,0.213623046875,-0.274658203125,-2.593994140625
1.8624999000000002,0.42197805643081665,-0.26994624733924866,9.997588157653809,5.462646484375,-0.091552734375,0.1220703125
1.8674999,0.3166331648826599,-0.24121582508087158,9.674968719482422,-5.828857421875,-0.457763671875,1.52587890625
1.8724999000000002,0.4944026470184326,-0.21847090125083923,9.688735961914062,1.800537109375,0.244140625,-2.655029296875
1.8774999,0.37409400939941406,-0.22385786473751068,10.063427925109863,4.180908203125,0,0.732421875
1.8824999000000002,0.30047231912612915,-0.19033902883529663,9.667187690734863,-6.317138671875,-0.79345703125,0.9765625
1.8874999000000001,0.5614402890205383,-0.33518823981285095,9.77672290802002,4.364013671875,0.030517578125,-2.44140625
1.8924999000000002,0.35075053572654724,-0.27712884545326233,10.011953353881836,1.129150390625,0.1220703125,1.708984375
1.8974999000000001,0.41359832882881165,-0.28131869435310364,9.578003883361816,-5.55419921875,0.091552734375,-0.48828125
1.9024999000000002,0.5871779918670654,-0.3489548861980438,9.867103576660156,5.462646484375,-0.1220703125,-2.166748046875
1.9074999000000001,0.353743314743042,-0.2753331959247589,9.935338973999023,-0.152587890625,-0.030517578125,1.953125
1.9124999000000003,0.45250412821769714,-0.2861070930957794,9.539097785949707,-4.69970703125,0.030517578125,-1.03759765625
1.9174999000000001,0.5422866940498352,-0.33758243918418884,9.93474006652832,6.103515625,0.335693359375,-1.953125
1.9224999,0.4985924959182739,-0.32860419154167175,10.02571964263916,6.561279296875,0.48828125,-1.52587890625
1.9274999000000002,0.5297171473503113,-0.3196259140968323,9.621099472045898,-2.410888671875,0.213623046875,-1.861572265625
1.9324999,0.46088382601737976,-0.34356793761253357,10.005967140197754,6.28662109375,0.091552734375,-0.762939453125
1.9374999000000002,0.2974795699119568,-0.2603694200515747,9.782109260559082,-4.5166015625,-0.213623046875,1.89208984375
1.9424999,0.5416881442070007,-0.3130418658256531,9.602544784545898,-0.518798828125,0.1220703125,-2.50244140625
1.9474999000000002,0.44831427931785583,-0.2968810200691223,9.975440979003906,5.859375,-0.06103515625,-0.030517578125
1.9524999,0.345363587141037,-0.28311434388160706,9.677961349487305,-5.340576171875,-0.274658203125,1.678466796875
1.9574999000000002,0.5321113467216492,-0.2819172441959381,9.622296333312988,0.823974609375,0.091552734375,-2.86865234375
1.9624999,0.38905778527259827,-0.26336219906806946,9.988609313964844,4.974365234375,0.244140625,0.518798828125
1.9674999000000002,0.28550854325294495,-0.21368250250816345,9.635464668273926,-5.889892578125,-0.091552734375,1.46484375
1.9724999,0.45908817648887634,-0.22685061395168304,9.64923095703125,2.25830078125,0.54931640625,-2.777099609375
1.9774999000000002,0.35075053572654724,-0.24420857429504395,9.955090522766113,3.631591796875,0.54931640625,0.885009765625
1.9824999,0.2885012924671173,-0.2519897222518921,9.541492462158203,-6.011962890625,0.213623046875,0.762939453125
1.9874999000000002,0.33937808871269226,-0.2944868206977844,9.922768592834473,2.0751953125,-0.030517578125,1.434326171875
1.9924999,0.3447650372982025,-0.29628247022628784,9.5223388671875,-6.439208984375,-0.1220703125,0.30517578125
1.9974999000000002,0.5518634915351868,-0.3232172429561615,9.782109260559082,5.31005859375,0.701904296875,-2.410888671875
2.0024999,0.34416648745536804,-0.24839842319488525,9.955689430236816,0.54931640625,0.30517578125,1.708984375
2.0074999,0.44412440061569214,-0.25677812099456787,9.536105155944824,-5.0048828125,-0.396728515625,-0.457763671875
2.0124999000000003,0.5877765417098999,-0.3280056416988373,9.877279281616211,5.767822265625,-0.1220703125,-1.953125
2.0174999000000002,0.33758243918418884,-0.23343466222286224,9.898228645324707,-0.885009765625,-0.30517578125,1.861572265625
2.0224999,0.456095427274704,-0.2645592987537384,9.544485092163086,-4.21142578125,-0.274658203125,-1.007080078125
2.0274999,0.5273229479789734,-0.3076549172401428,9.962871551513672,6.500244140625,0.335693359375,-1.5869140625
2.0324999000000004,0.26994624733924866,-0.2256535142660141,9.9000244140625,-2.685546875,-0.1220703125,2.0751953125
2.0374999000000003,0.5153518915176392,-0.26156654953956604,9.63067626953125,-3.265380859375,0.18310546875,-1.40380859375
2.0424999,0.5015852451324463,-0.32381579279899597,10.045472145080566,6.53076171875,0.335693359375,-1.220703125
2.0474999,0.5452794432640076,-0.30945056676864624,9.632472038269043,-1.77001953125,-0.152587890625,-1.922607421875
2.0524999,0.4465186297893524,-0.3058592677116394,9.990405082702637,6.195068359375,0.396728515625,-0.30517578125
2.0574999000000003,0.31543606519699097,-0.2537853717803955,9.758766174316406,-5.279541015625,0.06103515625,1.922607421875
2.0624999,0.5386953949928284,-0.3016694188117981,9.618705749511719,0.152587890625,0.579833984375,-2.655029296875
2.0674999,0.43095630407333374,-0.2825157940387726,9.980229377746582,5.462646484375,0.244140625,0.244140625
2.0724999,0.33339259028434753,-0.2819172441959381,9.671378135681152,-5.767822265625,-0.091552734375,1.312255859375
2.0774999000000003,0.5081692934036255,-0.2621650993824005,9.6618013381958,1.922607421875,-0.091552734375,-2.899169921875
2.0824999,0.38307225704193115,-0.2585737705230713,10.04307746887207,4.82177734375,0.30517578125,0.732421875
2.0874999,0.38307225704193115,-0.2585737705230713,10.04307746887207,4.82177734375,0.30517578125,0.732421875
2.0924999,0.29867666959762573,-0.20350714027881622,9.64564037322998,-5.950927734375,0.213623046875,1.007080078125
2.0974999000000003,0.507570743560791,-0.2693476974964142,9.710283279418945,2.716064453125,-0.42724609375,-2.838134765625
2.1024999,0.3842693865299225,-0.24899697303771973,9.972448348999023,2.86865234375,0.213623046875,1.3427734375
2.1074999,0.5560533404350281,-0.322618693113327,9.77013874053955,4.241943359375,0.030517578125,-2.74658203125
2.1124999,0.3423708379268646,-0.2735375463962555,10.013748168945312,1.40380859375,0.030517578125,1.800537109375
2.1174999000000003,0.395043283700943,-0.2735375463962555,9.57860279083252,-5.828857421875,-0.18310546875,0
2.1224999,0.5829881429672241,-0.3357867896556854,9.874286651611328,5.584716796875,0.18310546875,-2.44140625
2.1274999,0.3627215623855591,-0.262763649225235,9.958083152770996,0,0.152587890625,1.922607421875
2.1324999,0.47165772318840027,-0.2711433470249176,9.563638687133789,-5.035400390625,-0.06103515625,-0.54931640625
2.1374999000000003,0.5740098357200623,-0.33518823981285095,9.949105262756348,6.2255859375,0.30517578125,-1.922607421875
2.1424999000000002,0.2992752194404602,-0.2364274114370346,9.951498985290527,-1.77001953125,-0.18310546875,1.953125
2.1474999,0.4854243993759155,-0.28072014451026917,9.617507934570312,-4.0283203125,-0.54931640625,-1.3427734375
2.1524999,0.5141547918319702,-0.3489548861980438,10.036493301391602,6.805419921875,0.335693359375,-1.434326171875
2.1574999000000004,0.28969839215278625,-0.27653029561042786,9.8784761428833,-3.173828125,-0.091552734375,2.0751953125
2.1624999000000003,0.5237316489219666,-0.3232172429561615,9.64564037322998,-2.288818359375,0.457763671875,-1.8310546875
2.1674999,0.34596213698387146,-0.2693476974964142,9.737217903137207,-5.43212890625,-0.213623046875,1.678466796875
2.1724999,0.5428852438926697,-0.2519897222518921,9.66539192199707,0.701904296875,0.42724609375,-2.50244140625
2.1774999000000004,0.414795458316803,-0.22385786473751068,10.050260543823242,4.8828125,0.274658203125,0.30517578125
2.1824999000000003,0.30945056676864624,-0.17836803197860718,9.660603523254395,-6.16455078125,-0.54931640625,1.251220703125
2.1874999,0.4920084476470947,-0.2190694510936737,9.68813705444336,2.44140625,0.1220703125,-2.716064453125
2.1924999,0.375291109085083,-0.22505496442317963,9.99220085144043,3.5400390625,-0.244140625,0.946044921875
2.1974999,0.304063618183136,-0.2537853717803955,9.581595420837402,-6.561279296875,-0.579833984375,0.732421875
2.2024999000000003,0.5279214978218079,-0.3058592677116394,9.708487510681152,3.753662109375,0.244140625,-2.655029296875
2.2074999,0.35254621505737305,-0.25977087020874023,9.99339771270752,2.01416015625,0.213623046875,1.52587890625
2.2124999,0.35494041442871094,-0.2645592987537384,10.005967140197754,0.579833984375,-0.18310546875,1.861572265625
2.2174999,0.45010992884635925,-0.28371289372444153,9.556455612182617,-5.18798828125,-0.213623046875,-0.518798828125
2.2224999000000003,0.5979518890380859,-0.35494041442871094,9.88506031036377,6.011962890625,0.244140625,-2.197265625
2.2274999,0.3405751883983612,-0.25318682193756104,9.904812812805176,-1.0986328125,-0.244140625,2.105712890625
2.2324999,0.47884035110473633,-0.284311443567276,9.5408935546875,-4.669189453125,-0.701904296875,-1.28173828125
2.2374999,0.5440823435783386,-0.33279404044151306,9.995792388916016,6.34765625,0.3662109375,-1.739501953125
2.2424999000000003,0.2902969419956207,-0.2645592987537384,9.922768592834473,-2.532958984375,0.18310546875,2.01416015625
2.2474999,0.5261258482933044,-0.3130418658256531,9.655217170715332,-3.2958984375,-0.335693359375,-1.739501953125
2.2524999,0.5015852451324463,-0.3477577865123749,10.056245803833008,6.561279296875,0.30517578125,-0.946044921875
2.2574999,0.3076549172401428,-0.2735375463962555,9.854534149169922,-4.150390625,0.091552734375,2.197265625
2.2624999000000003,0.5386953949928284,-0.31124621629714966,9.636661529541016,-2.01416015625,-0.42724609375,-2.197265625
2.2674999000000002,0.30945056676864624,-0.2513911724090576,9.77672290802002,-5.096435546875,-0.18310546875,1.861572265625
2.2724999,0.5183446407318115,-0.28311434388160706,9.633668899536133,-0.1220703125,-0.762939453125,-2.685546875
2.2774999,0.41120412945747375,-0.26336219906806946,10.00955867767334,5.340576171875,-0.18310546875,-0.06103515625
2.2824999000000004,0.30945056676864624,-0.2585737705230713,9.673771858215332,-5.706787109375,-0.579833984375,1.28173828125
2.2874999000000003,0.49320554733276367,-0.23403321206569672,9.670180320739746,1.678466796875,-0.48828125,-2.777099609375
2.2924999,0.37648820877075195,-0.23343466222286224,10.033500671386719,4.33349609375,0.213623046875,0.518798828125
2.2974999,0.30526071786880493,-0.21308395266532898,9.642647743225098,-6.195068359375,0.457763671875,1.129150390625
2.3024999000000004,0.5099649429321289,-0.2950853705406189,9.689932823181152,2.62451171875,-0.3662109375,-2.593994140625
2.3074999000000003,0.38486793637275696,-0.28790274262428284,9.95329475402832,2.8076171875,0.152587890625,1.251220703125
2.3124999,0.34356793761253357,-0.3256114423274994,9.53969669342041,-6.2255859375,0.030517578125,0.54931640625
2.3174999,0.5434837937355042,-0.33518823981285095,9.72285270690918,4.364013671875,-0.06103515625,-2.5634765625
2.3224999,0.33758243918418884,-0.2687491476535797,9.975440979003906,1.28173828125,0.1220703125,1.556396484375
2.3274999000000003,0.3824737071990967,-0.26575639843940735,9.525930404663086,-5.767822265625,-0.244140625,-0.1220703125
2.3324999,0.5716156363487244,-0.30945056676864624,9.82640266418457,5.584716796875,0.274658203125,-2.288818359375
2.3374999,0.34356793761253357,-0.26575639843940735,9.904213905334473,-0.152587890625,0.030517578125,1.678466796875
2.3424999,0.4507084786891937,-0.2783259451389313,9.519944190979004,-4.730224609375,-0.244140625,-0.67138671875
2.3474999000000003,0.5500678420066833,-0.3315969407558441,9.934141159057617,6.103515625,-0.030517578125,-1.861572265625
2.3524999,0.2783259451389313,-0.23343466222286224,9.943120002746582,-1.89208984375,-0.1220703125,1.983642578125
2.3574999,0.4710591733455658,-0.2759317457675934,9.637859344482422,-4.058837890625,-0.48828125,-1.312255859375
2.3624999,0.5117605924606323,-0.31842881441116333,10.06043529510498,6.622314453125,0.67138671875,-1.190185546875
2.3674999000000003,0.2944868206977844,-0.27234044671058655,9.904213905334473,-3.265380859375,0.30517578125,2.13623046875
2.3724999,0.5410895943641663,-0.3076549172401428,9.67077922821045,-2.44140625,-0.152587890625,-2.166748046875
2.3774999,0.4686649739742279,-0.30286651849746704,10.06701946258545,6.622314453125,0.579833984375,-0.67138671875
2.3824999,0.304063618183136,-0.2406172752380371,9.844358444213867,-4.45556640625,0.335693359375,2.105712890625
2.3874999000000003,0.5207388401031494,-0.272938996553421,9.621698379516602,0.54931640625,-0.701904296875,-2.74658203125
2.3924999000000002,0.38486793637275696,-0.25737667083740234,10.010157585144043,5.157470703125,-0.030517578125,0.274658203125
2.3974999,0.29388827085494995,-0.2214636504650116,9.637260437011719,-6.16455078125,-0.42724609375,1.373291015625
2.4024999,0.3842693865299225,-0.24660277366638184,9.996390342712402,3.41796875,0.30517578125,1.007080078125
2.4074999000000004,0.3250128924846649,-0.2783259451389313,9.589975357055664,-6.34765625,0.030517578125,1.03759765625
2.4124999000000003,0.545877993106842,-0.33039984107017517,9.716269493103027,3.997802734375,0.274658203125,-2.5634765625
2.4174999,0.3728969097137451,-0.2825157940387726,9.995792388916016,2.105712890625,0.152587890625,1.3427734375
2.4224999,0.3758896589279175,-0.2950853705406189,9.57201862335205,-6.4697265625,-0.48828125,0.091552734375
2.4274999000000004,0.5746083855628967,-0.3082534670829773,9.839570045471191,5.035400390625,0.30517578125,-2.349853515625
2.4324999000000003,0.30526071786880493,-0.24660277366638184,9.906009674072266,-1.129150390625,-0.213623046875,1.89208984375
2.4374999,0.43035775423049927,-0.27653029561042786,9.543886184692383,-4.21142578125,-0.18310546875,-1.190185546875
2.4424999,0.4991910457611084,-0.31543606519699097,9.981427192687988,6.256103515625,-0.1220703125,-1.708984375
2.4474999,0.24899697303771973,-0.2621650993824005,9.911994934082031,-2.685546875,-0.152587890625,2.0751953125
2.4524999000000003,0.4926069974899292,-0.32680854201316833,9.635464668273926,-2.74658203125,0.091552734375,-1.40380859375
2.4574999,0.49140989780426025,-0.3555389642715454,10.04846477508545,6.683349609375,0.3662109375,-1.15966796875
2.4624999,0.3130418658256531,-0.30526071786880493,9.852140426635742,-3.7841796875,-0.18310546875,2.105712890625
2.4674999,0.557250440120697,-0.3292027413845062,9.64564037322998,-1.556396484375,0.396728515625,-2.0751953125
2.4724999000000003,0.46746787428855896,-0.29388827085494995,10.022727012634277,5.9814453125,0.244140625,-0.67138671875
2.4774999,0.3298012912273407,-0.262763649225235,9.774927139282227,-5.31005859375,-0.18310546875,1.953125
2.4824999,0.4255693554878235,-0.2645592987537384,9.980229377746582,5.31005859375,0.1220703125,0.06103515625
2.4874999,0.3196259140968323,-0.2645592987537384,9.634267807006836,-5.9814453125,-0.335693359375,1.312255859375
2.4924999000000003,0.48243165016174316,-0.24660277366638184,9.63187313079834,1.922607421875,0.732421875,-2.62451171875
2.4974999,0.35494041442871094,-0.22266076505184174,9.998785018920898,4.2724609375,0.1220703125,0.79345703125
2.5024999,0.26994624733924866,-0.2148796021938324,9.618705749511719,-6.500244140625,-0.885009765625,0.79345703125
2.5074999,0.48482584953308105,-0.28072014451026917,9.679159164428711,3.509521484375,0.152587890625,-2.716064453125
2.5124999000000003,0.365115761756897,-0.26156654953956604,9.966463088989258,3.2958984375,0.30517578125,1.434326171875
2.5174999000000002,0.3363853394985199,-0.3076549172401428,9.55585765838623,-6.16455078125,-0.213623046875,0.274658203125
2.5224999,0.5518634915351868,-0.30047231912612915,9.761159896850586,4.57763671875,0.06103515625,-2.716064453125
2.5274999,0.35015198588371277,-0.24181437492370605,10.01075553894043,1.251220703125,0.213623046875,1.739501953125
2.5324999000000004,0.40222588181495667,-0.25079262256622314,9.57979965209961,-5.9814453125,-0.518798828125,-0.18310546875
2.5374999000000003,0.5919663906097412,-0.28311434388160706,9.870096206665039,5.18798828125,0.274658203125,-2.25830078125
2.5424999,0.4578910768032074,-0.26994624733924866,9.535507202148438,-4.913330078125,0.091552734375,-0.54931640625
2.5474999,0.5560533404350281,-0.31364041566848755,9.915586471557617,5.950927734375,-0.18310546875,-2.227783203125
2.5524999000000004,0.28072014451026917,-0.22685061395168304,9.908403396606445,-1.89208984375,-0.06103515625,1.953125
2.5574999000000003,0.46627077460289,-0.284311443567276,9.5809965133667,-3.448486328125,0.518798828125,-1.068115234375
2.5624999,0.5351040959358215,-0.3447650372982025,9.640851974487305,-2.593994140625,-0.244140625,-1.678466796875
2.5674999,0.46806642413139343,-0.31783026456832886,10.041281700134277,6.34765625,0.091552734375,-0.79345703125
2.5724999,0.29149407148361206,-0.28550854325294495,9.824606895446777,-4.425048828125,0.030517578125,1.861572265625
2.5774999000000003,0.5285200476646423,-0.3196259140968323,9.636063575744629,-0.91552734375,-0.335693359375,-2.288818359375
2.5824999,0.4339490532875061,-0.26096799969673157,9.998785018920898,6.16455078125,0.335693359375,-0.335693359375
2.5874999,0.3250128924846649,-0.2998737692832947,9.688735961914062,-5.4931640625,-0.244140625,1.5869140625
2.5924999,0.40462008118629456,-0.25318682193756104,9.995792388916016,5.096435546875,0.244140625,0.42724609375
2.5974999000000003,0.3082534670829773,-0.2663549482822418,9.6618013381958,-6.256103515625,-0.152587890625,1.52587890625
2.6024999,0.4878185987472534,-0.2561795711517334,9.697115898132324,2.38037109375,0.1220703125,-2.838134765625
2.6074999,0.37469255924224854,-0.22744916379451752,10.046070098876953,3.814697265625,-0.274658203125,0.79345703125
2.6124999,0.30286651849746704,-0.28131869435310364,9.627683639526367,-6.591796875,-0.457763671875,0.91552734375
2.6174999000000003,0.5171475410461426,-0.3076549172401428,9.712677955627441,3.997802734375,0.518798828125,-2.532958984375
2.6224999,0.36152446269989014,-0.2777273952960968,9.989208221435547,2.471923828125,0.18310546875,1.495361328125
2.6274999,0.3555389642715454,-0.31603461503982544,9.55705451965332,-6.16455078125,-0.518798828125,0.30517578125
2.6324999,0.5614402890205383,-0.28790274262428284,9.815030097961426,4.913330078125,-0.244140625,-2.593994140625
2.6374999000000003,0.3489548861980438,-0.2759317457675934,9.999382972717285,0.579833984375,-0.06103515625,1.77001953125
2.6424999000000002,0.2555810213088989,-0.24480712413787842,9.919178009033203,-2.0751953125,-0.335693359375,2.25830078125
2.6474999,0.47405192255973816,-0.27413609623908997,9.617507934570312,-3.936767578125,-0.79345703125,-1.5869140625
2.6524999,0.48482584953308105,-0.3190273642539978,10.039485931396484,6.500244140625,0.42724609375,-1.434326171875
2.6574999000000004,0.28072014451026917,-0.2950853705406189,9.86231517791748,-3.387451171875,-0.06103515625,2.25830078125
2.6624999000000003,0.5261258482933044,-0.3387795388698578,9.640851974487305,-1.953125,-0.030517578125,-2.044677734375
2.6674999,0.44532153010368347,-0.31842881441116333,10.011354446411133,6.53076171875,0.213623046875,-0.946044921875
2.6724999,0.29807811975479126,-0.2669534981250763,9.78989028930664,-4.547119140625,-0.091552734375,2.044677734375
2.6774999000000004,0.5410895943641663,-0.28730419278144836,9.601945877075195,-0.54931640625,0.091552734375,-2.471923828125
2.6824999000000003,0.4423287510871887,-0.2561795711517334,9.973047256469727,5.401611328125,0.06103515625,-0.213623046875
2.6874999,0.34356793761253357,-0.2825157940387726,9.662399291992188,-5.79833984375,-0.06103515625,1.800537109375
2.6924999,0.2998737692832947,-0.20769700407981873,9.62828254699707,-6.134033203125,0.48828125,1.434326171875
2.6974999,0.4854243993759155,-0.2172738015651703,9.665990829467773,2.197265625,0.274658203125,-2.685546875
2.7024999000000003,0.38546648621559143,-0.22266076505184174,9.973047256469727,3.326416015625,0.30517578125,1.007080078125
2.7074999,0.32381579279899597,-0.2717418968677521,9.568427085876465,-6.317138671875,0.18310546875,0.91552734375
2.7124999,0.5333084464073181,-0.32381579279899597,9.704896926879883,3.997802734375,0.1220703125,-2.593994140625
2.7174999,0.36750996112823486,-0.2890998423099518,9.989806175231934,2.50244140625,0.18310546875,1.3427734375
2.7224999000000003,0.35913026332855225,-0.3064578175544739,9.581595420837402,-5.706787109375,-0.18310546875,0.152587890625
2.7274999,0.5662286877632141,-0.292691171169281,9.851541519165039,4.608154296875,-0.42724609375,-2.410888671875
2.7324999,0.3561375141143799,-0.25019407272338867,10.013748168945312,0.213623046875,-0.3662109375,1.64794921875
2.7374999,0.43694180250167847,-0.2777273952960968,9.556455612182617,-5.79833984375,-0.823974609375,-0.579833984375
2.7424999000000003,0.4531026780605316,-0.29628247022628784,9.5223388671875,-4.69970703125,0.06103515625,-1.03759765625
2.7474999,0.5285200476646423,-0.2992752194404602,9.95748519897461,6.53076171875,0.42724609375,-1.678466796875
2.7524999,0.26396074891090393,-0.24839842319488525,9.923367500305176,-2.716064453125,0,2.3193359375
2.7574999,0.48243165016174316,-0.30526071786880493,9.638457298278809,-3.692626953125,-0.152587890625,-1.40380859375
2.7624999000000003,0.4944026470184326,-0.33039984107017517,10.049661636352539,6.072998046875,-0.152587890625,-1.220703125
2.7674999000000002,0.2932897210121155,-0.32441434264183044,9.871891975402832,-4.0283203125,-0.30517578125,1.983642578125
2.7724999,0.5351040959358215,-0.36092591285705566,9.654618263244629,-2.01416015625,-0.213623046875,-1.8310546875
2.7774999,0.45429977774620056,-0.29568392038345337,10.04307746887207,6.256103515625,0.030517578125,-0.67138671875
2.7824999000000004,0.2992752194404602,-0.2693476974964142,9.808445930480957,-5.0048828125,-0.213623046875,2.01416015625
2.7874999000000003,0.5398924946784973,-0.28790274262428284,9.640851974487305,-0.6103515625,-0.518798828125,-2.471923828125
2.7924999,0.4405331015586853,-0.23822307586669922,10.004770278930664,5.218505859375,-0.030517578125,-0.091552734375
2.7974999,0.27653029561042786,-0.22445641458034515,9.639056205749512,-6.439208984375,-0.30517578125,1.3427734375
2.8024999000000004,0.29807811975479126,-0.25258827209472656,9.575011253356934,-6.16455078125,-0.3662109375,0.701904296875
2.8074999000000003,0.5237316489219666,-0.3010708689689636,9.695320129394531,3.448486328125,-0.1220703125,-2.410888671875
2.8124999,0.3663128614425659,-0.29388827085494995,9.932345390319824,2.227783203125,0.274658203125,1.5869140625
2.8174999,0.3663128614425659,-0.2825157940387726,9.545681953430176,-5.7373046875,0.213623046875,0.1220703125
2.8224999,0.5722141861915588,-0.3148375153541565,9.787496566772461,4.82177734375,0.3662109375,-2.3193359375
2.8274999000000003,0.3597288131713867,-0.2663549482822418,9.975440979003906,0.946044921875,0.152587890625,1.861572265625
2.8324999,0.43993455171585083,-0.26755204796791077,9.543288230895996,-5.43212890625,0.06103515625,-0.396728515625
2.8374999,0.4495113790035248,-0.26396074891090393,9.527725219726562,-4.974365234375,-0.42724609375,-1.03759765625
2.8424999,0.5249287486076355,-0.33039984107017517,9.959878921508789,6.16455078125,0.18310546875,-1.739501953125
2.8474999000000003,0.2513911724090576,-0.23283611238002777,9.956287384033203,-2.105712890625,0.091552734375,2.410888671875
2.8524999,0.47165772318840027,-0.2693476974964142,9.65222454071045,-3.936767578125,-0.579833984375,-1.739501953125
2.8574999,0.49978959560394287,-0.34177228808403015,10.056245803833008,6.4697265625,0.244140625,-1.251220703125
2.8624999,0.3016694188117981,-0.27653029561042786,9.86650562286377,-3.326416015625,0.1220703125,2.38037109375
2.8674999000000003,0.5560533404350281,-0.3124433159828186,9.622895240783691,-2.655029296875,-0.762939453125,-2.01416015625
2.8724999,0.4800374507904053,-0.3387795388698578,9.998186111450195,5.9814453125,-0.06103515625,-1.007080078125
2.8774999,0.3232172429561615,-0.25019407272338867,9.77253246307373,-4.39453125,-0.091552734375,2.044677734375
2.8824999,0.5201402902603149,-0.28131869435310364,9.639654159545898,0.579833984375,0.54931640625,-2.655029296875
2.8874999000000003,0.37888240814208984,-0.284311443567276,10.026318550109863,4.69970703125,0.396728515625,0.335693359375
2.8924999000000002,0.272938996553421,-0.22685061395168304,9.690531730651855,-6.04248046875,-0.335693359375,1.40380859375
2.8974999,0.4578910768032074,-0.23044191300868988,9.730035781860352,2.50244140625,0.701904296875,-2.62451171875
2.9024999,0.3555389642715454,-0.2537853717803955,10.04427433013916,3.753662109375,-0.18310546875,0.67138671875
2.9074999000000004,0.3010708689689636,-0.23762452602386475,9.616909980773926,-6.439208984375,-1.068115234375,0.732421875
2.9124999000000003,0.5279214978218079,-0.31603461503982544,9.700108528137207,3.7841796875,0,-2.9296875
2.9174999,0.39145198464393616,-0.30466216802597046,9.956886291503906,2.13623046875,-0.244140625,1.220703125
2.9224999,0.38127660751342773,-0.2998737692832947,9.569623947143555,-6.195068359375,-0.54931640625,0.213623046875
2.9274999000000004,0.5871779918670654,-0.3423708379268646,9.806051254272461,4.638671875,0.3662109375,-2.471923828125
2.9324999000000003,0.37229835987091064,-0.28790274262428284,10.02811336517334,1.03759765625,0.518798828125,1.800537109375
2.9374999,0.5841852426528931,-0.35673606395721436,9.88625717163086,5.9814453125,0.762939453125,-2.13623046875
2.9424999,0.3363853394985199,-0.2735375463962555,9.947309494018555,-0.518798828125,-0.091552734375,2.105712890625
2.9474999,0.43754035234451294,-0.26396074891090393,9.577404975891113,-4.791259765625,-0.79345703125,-1.0986328125
2.9524999000000003,0.517746090888977,-0.31543606519699097,9.984419822692871,6.011962890625,-0.244140625,-1.678466796875
2.9574999,0.25677812099456787,-0.1999158412218094,9.988609313964844,-1.8310546875,-0.091552734375,2.197265625
2.9624999,0.45848962664604187,-0.243011474609375,9.6618013381958,-3.662109375,-0.244140625,-1.434326171875
2.9674999,0.5069721937179565,-0.3130418658256531,10.072406768798828,6.317138671875,0.457763671875,-1.28173828125
2.9724999000000003,0.29628247022628784,-0.25917232036590576,9.882665634155273,-3.387451171875,0.091552734375,2.166748046875
2.9774999,0.5530605912208557,-0.3076549172401428,9.639654159545898,-2.44140625,-0.152587890625,-1.983642578125
2.9824999,0.4836287498474121,-0.3429693877696991,10.019734382629395,6.072998046875,0,-0.946044921875
2.9874999,0.3208230137825012,-0.25917232036590576,9.797672271728516,-4.2724609375,0.030517578125,1.983642578125
2.9924999000000003,0.5530605912208557,-0.2902969419956207,9.610325813293457,-1.0986328125,-0.42724609375,-2.25830078125
2.9974999,0.5333084464073181,-0.27413609623908997,9.622296333312988,0.18310546875,-0.457763671875,-2.50244140625
3.0024999,0.3998316824436188,-0.2717418968677521,10.014945983886719,4.974365234375,0.06103515625,0.48828125
3.0074999,0.30466216802597046,-0.2190694510936737,9.675567626953125,-5.706787109375,0.396728515625,1.5869140625
3.0124999000000003,0.4800374507904053,-0.2298433631658554,9.702502250671387,1.8310546875,-0.030517578125,-2.74658203125
3.0174999000000002,0.3818751573562622,-0.2406172752380371,10.038289070129395,3.814697265625,0.030517578125,0.8544921875
3.0224999,0.3196259140968323,-0.2190694510936737,9.640851974487305,-6.2255859375,-0.457763671875,1.03759765625
3.0274999,0.5422866940498352,-0.29568392038345337,9.716269493103027,3.204345703125,0.152587890625,-2.593994140625
3.0324999000000004,0.40521863102912903,-0.2849099934101105,9.978434562683105,2.44140625,0.030517578125,1.434326171875
3.0374999000000003,0.38307225704193115,-0.29867666959762573,9.566631317138672,-6.103515625,-0.3662109375,0.457763671875
3.0424999,0.5859808921813965,-0.3495534360408783,9.774328231811523,5.126953125,0.823974609375,-2.62451171875
3.0474999,0.37409400939941406,-0.2998737692832947,9.983820915222168,1.434326171875,0.244140625,1.64794921875
3.0524999000000004,0.4578910768032074,-0.2908954918384552,9.541492462158203,-5.279541015625,-0.457763671875,-0.732421875
3.0574999000000003,0.5464765429496765,-0.333991140127182,9.93593692779541,6.103515625,0.518798828125,-1.983642578125
3.0624999,0.27234044671058655,-0.2256535142660141,9.948506355285645,-1.708984375,0,2.105712890625
3.0674999,0.4602852761745453,-0.2495955228805542,9.612719535827637,-3.662109375,0.30517578125,-1.28173828125
3.0724999000000004,0.507570743560791,-0.32202014327049255,10.042478561401367,6.7138671875,0.8544921875,-1.373291015625
3.0774999000000003,0.28969839215278625,-0.25318682193756104,9.870695114135742,-2.99072265625,0.213623046875,2.197265625
3.0824999,0.5464765429496765,-0.29388827085494995,9.633070945739746,-2.25830078125,-0.3662109375,-2.01416015625
3.0874999,0.48722004890441895,-0.33099839091300964,10.036493301391602,6.34765625,0.152587890625,-1.03759765625
3.0924999,0.322618693113327,-0.2454056739807129,9.821015357971191,-4.33349609375,-0.030517578125,2.166748046875
3.0974999000000003,0.5632359385490417,-0.3010708689689636,9.66539192199707,-0.640869140625,0.457763671875,-2.197265625
3.1024999,0.3423708379268646,-0.2902969419956207,9.75517463684082,-5.218505859375,0.30517578125,1.556396484375
3.1074999,0.5327098965644836,-0.30466216802597046,9.64803409576416,0.701904296875,0.30517578125,-2.62451171875
3.1124999,0.39145198464393616,-0.28790274262428284,10.020931243896484,4.7607421875,0.1220703125,0.244140625
3.1174999000000003,0.2867056429386139,-0.22924481332302094,9.676764488220215,-6.34765625,-0.213623046875,1.251220703125
3.1224999,0.36332011222839355,-0.2663549482822418,9.557653427124023,-6.4697265625,-0.8544921875,0.396728515625
3.1274999,0.579995334148407,-0.3058592677116394,9.77791976928711,5.035400390625,0.396728515625,-2.5634765625
3.1324999,0.365115761756897,-0.26815059781074524,9.990405082702637,1.40380859375,0.091552734375,1.64794921875
3.1374999000000003,0.456095427274704,-0.26396074891090393,9.549872398376465,-4.7607421875,0.18310546875,-0.79345703125
3.1424999000000002,0.535702645778656,-0.32022446393966675,9.944316864013672,6.072998046875,0.18310546875,-1.800537109375
3.1474999,0.25917232036590576,-0.21428105235099792,9.928155899047852,-1.89208984375,-0.3662109375,1.953125
3.1524999,0.45010992884635925,-0.24779987335205078,9.608530044555664,-4.2724609375,-0.732421875,-1.15966796875
3.1574999000000004,0.497395396232605,-0.33279404044151306,10.032303810119629,6.378173828125,0.18310546875,-1.28173828125
3.1624999000000003,0.2867056429386139,-0.2621650993824005,9.873088836669922,-3.2958984375,0.213623046875,2.13623046875
3.1674999,0.5494692921638489,-0.30226796865463257,9.654019355773926,-2.716064453125,-0.030517578125,-1.89208984375
3.1724999,0.48303020000457764,-0.3447650372982025,10.038887977600098,6.103515625,-0.152587890625,-0.79345703125
3.1774999000000004,0.3148375153541565,-0.2561795711517334,9.801861763000488,-4.69970703125,-0.18310546875,2.044677734375
3.1824999000000003,0.5524620413780212,-0.30466216802597046,9.610325813293457,-0.54931640625,0.244140625,-2.410888671875
3.1874999,0.3292027413845062,-0.27712884545326233,9.678560256958008,-5.401611328125,-0.030517578125,1.861572265625
3.1924999,0.5159504413604736,-0.2825157940387726,9.606734275817871,0.244140625,-0.579833984375,-2.74658203125
3.1974999000000004,0.37648820877075195,-0.28371289372444153,9.995193481445312,4.8828125,0.1220703125,0.091552734375
3.2024999000000003,0.27892449498176575,-0.22685061395168304,9.674370765686035,-5.79833984375,-0.1220703125,1.556396484375
3.2074999,0.46627077460289,-0.22385786473751068,9.70549488067627,1.89208984375,-0.518798828125,-2.655029296875
3.2124999,0.36571431159973145,-0.2537853717803955,10.034099578857422,3.90625,0.06103515625,0.79345703125
3.2174999,0.31184476613998413,-0.22385786473751068,9.619303703308105,-6.011962890625,0.1220703125,0.823974609375
3.2224999000000003,0.5321113467216492,-0.2890998423099518,9.699509620666504,3.60107421875,0.30517578125,-2.50244140625
3.2274999,0.3902548849582672,-0.2783259451389313,9.967061996459961,2.50244140625,0.1220703125,1.190185546875
3.2324999,0.3770867586135864,-0.2651578485965729,9.563039779663086,-6.195068359375,-0.06103515625,0.18310546875
3.2374999,0.5877765417098999,-0.30945056676864624,9.803058624267578,4.5166015625,-0.213623046875,-2.471923828125
3.2424999000000003,0.36750996112823486,-0.2687491476535797,9.99100399017334,0.67138671875,0.06103515625,1.373291015625
3.2474999,0.5961562395095825,-0.3621230125427246,9.853337287902832,5.889892578125,0.67138671875,-2.13623046875
3.2524999,0.3513490855693817,-0.2849099934101105,9.920374870300293,-0.42724609375,0.30517578125,2.197265625
3.2574999,0.45848962664604187,-0.2801215946674347,9.546878814697266,-4.7607421875,0.213623046875,-0.823974609375
3.2624999000000003,0.535702645778656,-0.3387795388698578,9.96825885772705,6.011962890625,0.213623046875,-1.678466796875
3.2674999000000002,0.26575639843940735,-0.23104046285152435,9.946112632751465,-2.0751953125,-0.030517578125,2.349853515625
3.2724999,0.47584760189056396,-0.2825157940387726,9.644442558288574,-3.662109375,-0.030517578125,-1.52587890625
3.2774999,0.5021837949752808,-0.35733461380004883,10.052056312561035,6.256103515625,0.244140625,-1.28173828125
3.2824999000000004,0.2974795699119568,-0.28730419278144836,9.877279281616211,-3.509521484375,0.152587890625,2.13623046875
3.2874999000000003,0.2974795699119568,-0.28730419278144836,9.877279281616211,-3.509521484375,0.152587890625,2.13623046875
3.2924999,0.5440823435783386,-0.31543606519699097,9.655217170715332,-2.25830078125,0.274658203125,-1.861572265625
3.2974999,0.4620809257030487,-0.33997663855552673,10.032901763916016,6.16455078125,0.1220703125,-0.6103515625
3.3024999000000004,0.3034650683403015,-0.23762452602386475,9.800065994262695,-4.547119140625,0.1220703125,1.861572265625
3.3074999000000003,0.42676645517349243,-0.2861070930957794,9.981427192687988,5.645751953125,-0.1220703125,-0.091552734375
3.3124999,0.3208230137825012,-0.2537853717803955,9.686341285705566,-5.615234375,-0.244140625,1.739501953125
3.3174999,0.5033808946609497,-0.25438392162323,9.639056205749512,1.007080078125,0.1220703125,-2.593994140625
3.3224999000000004,0.3770867586135864,-0.2561795711517334,10.042478561401367,4.669189453125,-0.06103515625,0.457763671875
3.3274999000000003,0.28969839215278625,-0.1933317929506302,9.693524360656738,-6.256103515625,-0.54931640625,1.40380859375
3.3324999,0.4770447015762329,-0.2172738015651703,9.731232643127441,2.13623046875,-0.518798828125,-2.685546875
3.3374999,0.38067805767059326,-0.25498247146606445,10.033500671386719,3.72314453125,0,0.732421875
3.3424999,0.31842881441116333,-0.24480712413787842,9.600150108337402,-6.2255859375,-0.3662109375,0.6103515625
3.3474999000000003,0.5363011956214905,-0.3130418658256531,9.711481094360352,3.936767578125,0.457763671875,-2.593994140625
3.3524999,0.3758896589279175,-0.2908954918384552,9.97065258026123,2.166748046875,-0.030517578125,1.46484375
3.3574999,0.37409400939941406,-0.2735375463962555,9.578003883361816,-6.072998046875,-0.54931640625,-0.030517578125
3.3624999,0.5907692909240723,-0.3663128614425659,9.86351203918457,5.31005859375,-0.152587890625,-2.0751953125
3.3674999000000003,0.33758243918418884,-0.2801215946674347,9.896432876586914,-0.701904296875,0.030517578125,2.197265625
3.3724999,0.4513070285320282,-0.2825157940387726,9.536704063415527,-4.5166015625,-0.152587890625,-1.129150390625
3.3774999,0.5267243981361389,-0.33997663855552673,9.966463088989258,6.28662109375,0.42724609375,-1.739501953125
3.3824999,0.2651578485965729,-0.23702596127986908,9.930550575256348,-2.166748046875,0.244140625,2.410888671875
3.3874999000000003,0.4920084476470947,-0.2717418968677521,9.644442558288574,-3.60107421875,-0.030517578125,-1.40380859375
3.3924999000000002,0.5057750940322876,-0.33698388934135437,10.047865867614746,6.103515625,0.152587890625,-1.40380859375
3.3974999,0.3082534670829773,-0.26336219906806946,9.8599214553833,-3.72314453125,-0.06103515625,2.044677734375
3.4024999,0.5554547905921936,-0.29867666959762573,9.633668899536133,-2.0751953125,0,-1.922607421875
3.4074999000000004,0.4638765752315521,-0.32441434264183044,10.022128105163574,6.16455078125,0.640869140625,-0.54931640625
3.4124999000000003,0.31543606519699097,-0.24899697303771973,9.786299705505371,-4.69970703125,0.091552734375,1.861572265625
3.4174999,0.5291185975074768,-0.2801215946674347,9.661202430725098,1.220703125,-0.06103515625,-2.8076171875
3.4224999,0.39145198464393616,-0.2717418968677521,10.023324966430664,4.547119140625,0.18310546875,0.42724609375
3.4274999000000004,0.2974795699119568,-0.19692309200763702,9.635464668273926,-6.2255859375,0.091552734375,1.068115234375
3.4324999000000003,0.4836287498474121,-0.2232593148946762,9.677363395690918,2.777099609375,0.518798828125,-2.593994140625
3.4374999,0.37648820877075195,-0.24779987335205078,9.962273597717285,3.753662109375,0.274658203125,1.15966796875
3.4424999,0.3196259140968323,-0.25019407272338867,9.560047149658203,-6.103515625,0,0.48828125
3.4474999000000004,0.5351040959358215,-0.3166331648826599,9.720458984375,4.0283203125,0.06103515625,-2.532958984375
3.4524999000000003,0.3561375141143799,-0.2998737692832947,10.002974510192871,2.166748046875,0.18310546875,1.52587890625
3.4574999,0.3687070608139038,-0.27234044671058655,9.608530044555664,-5.79833984375,-0.244140625,-0.152587890625
3.4624999,0.35494041442871094,-0.26755204796791077,10.011953353881836,0.42724609375,-0.152587890625,1.953125
3.4674999,0.44412440061569214,-0.25737667083740234,9.5624418258667,-5.55419921875,-0.6103515625,-0.54931640625
3.4724999000000003,0.5805938839912415,-0.3405751883983612,9.873687744140625,5.706787109375,-0.030517578125,-2.044677734375
3.4774999,0.3214215636253357,-0.2346317619085312,9.911396026611328,-0.701904296875,-0.030517578125,2.0751953125
3.4824999,0.45010992884635925,-0.23762452602386475,9.552266120910645,-4.364013671875,0.244140625,-1.03759765625
3.4874999,0.517746090888977,-0.2968810200691223,9.99220085144043,6.04248046875,0.030517578125,-1.617431640625
3.4924999000000003,0.26396074891090393,-0.1975216418504715,9.93474006652832,-2.50244140625,-0.030517578125,2.44140625
3.4974999,0.5015852451324463,-0.23702596127986908,9.653421401977539,-3.5400390625,-0.3662109375,-1.678466796875
3.5024999,0.4944026470184326,-0.322618693113327,10.049062728881836,6.103515625,0.091552734375,-1.190185546875
3.5074999,0.30286651849746704,-0.2579752206802368,9.859322547912598,-3.84521484375,-0.30517578125,2.166748046875
3.5124999000000003,0.5488707423210144,-0.3058592677116394,9.636063575744629,-2.62451171875,-0.823974609375,-2.227783203125
3.5174999000000002,0.4537012279033661,-0.33997663855552673,10.029311180114746,6.4697265625,0.335693359375,-0.396728515625
3.5224999,0.345363587141037,-0.29209262132644653,9.709086418151855,-5.55419921875,-0.152587890625,1.5869140625
3.5274999,0.5219359993934631,-0.29388827085494995,9.673771858215332,1.068115234375,-0.1220703125,-2.9296875
3.5324999000000004,0.383670836687088,-0.2950853705406189,10.043676376342773,4.82177734375,0.030517578125,0.518798828125
3.5374999000000003,0.2974795699119568,-0.21428105235099792,9.666589736938477,-6.16455078125,-0.274658203125,1.190185546875
3.5424999,0.4800374507904053,-0.2322375625371933,9.699509620666504,2.9296875,0.701904296875,-3.021240234375
3.5474999,0.3687070608139038,-0.24420857429504395,9.970054626464844,3.41796875,0.3662109375,1.15966796875
3.5524999000000004,0.3082534670829773,-0.24001872539520264,9.548076629638672,-6.378173828125,-0.091552734375,0.79345703125
3.5574999000000003,0.5201402902603149,-0.3148375153541565,9.694122314453125,4.119873046875,0.18310546875,-2.899169921875
3.5624999,0.33937808871269226,-0.29628247022628784,9.960477828979492,2.01416015625,-0.06103515625,1.617431640625
3.5674999,0.36092591285705566,-0.2867056429386139,9.57860279083252,-5.9814453125,-0.06103515625,0.244140625
3.5724999000000004,0.3381809890270233,-0.2454056739807129,9.90361499786377,-0.885009765625,0.091552734375,1.739501953125
3.5774999000000003,0.4626794755458832,-0.25079262256622314,9.550470352172852,-4.180908203125,-0.396728515625,-1.007080078125
3.5824999,0.5297171473503113,-0.32202014327049255,9.978434562683105,6.28662109375,0.091552734375,-1.495361328125
3.5874999,0.27413609623908997,-0.23403321206569672,9.924564361572266,-2.197265625,0.030517578125,1.8310546875
3.5924999,0.49978959560394287,-0.2735375463962555,9.646238327026367,-3.204345703125,0.06103515625,-1.40380859375
3.5974999000000003,0.4944026470184326,-0.34356793761253357,10.04068374633789,6.34765625,0.396728515625,-0.67138671875
3.6024999,0.29628247022628784,-0.24361002445220947,9.816226959228516,-3.875732421875,0.091552734375,1.953125
3.6074999,0.5333084464073181,-0.27712884545326233,9.592369079589844,-2.01416015625,-0.091552734375,-1.983642578125
3.6124999,0.43694180250167847,-0.29807811975479126,9.959280967712402,6.591796875,0.732421875,-0.335693359375
3.6174999000000003,0.5339069962501526,-0.27473464608192444,9.603741645812988,-0.9765625,-0.9765625,-2.50244140625
3.6224999,0.4357447028160095,-0.2998737692832947,10.002974510192871,5.767822265625,0.3662109375,-0.152587890625
3.6274999,0.34835633635520935,-0.2555810213088989,9.709685325622559,-5.43212890625,0.030517578125,1.5869140625
3.6324999,0.5363011956214905,-0.2537853717803955,9.683348655700684,1.220703125,0.091552734375,-2.8076171875
3.6374999000000003,0.39803603291511536,-0.2495955228805542,10.050260543823242,4.45556640625,-0.244140625,0.579833984375
3.6424999000000002,0.3076549172401428,-0.1885433793067932,9.670180320739746,-6.378173828125,-0.579833984375,1.220703125
3.6474999,0.48722004890441895,-0.22505496442317963,9.700108528137207,2.349853515625,0.091552734375,-2.593994140625
3.6524999,0.3776853084564209,-0.2495955228805542,9.971251487731934,3.265380859375,0.396728515625,1.0986328125
3.6574999000000004,0.3148375153541565,-0.24181437492370605,9.560646057128906,-6.53076171875,-0.518798828125,0.823974609375
3.6624999000000003,0.5297171473503113,-0.30286651849746704,9.700706481933594,3.570556640625,0,-2.593994140625
3.6674999,0.34656068682670593,-0.28311434388160706,9.965864181518555,2.044677734375,0.152587890625,1.434326171875
3.6724999,0.35733461380004883,-0.27653029561042786,9.568427085876465,-5.828857421875,-0.3662109375,0.244140625
3.6774999000000004,0.333991140127182,-0.26396074891090393,9.890447616577148,-1.007080078125,0.152587890625,2.044677734375
3.6824999000000003,0.4596867263317108,-0.26096799969673157,9.528923034667969,-4.69970703125,0.457763671875,-0.9765625
3.6874999,0.5285200476646423,-0.3280056416988373,9.947309494018555,6.34765625,0.48828125,-1.708984375
3.6924999,0.27234044671058655,-0.23163901269435883,9.895833969116211,-2.197265625,0.18310546875,2.227783203125
3.6974999000000004,0.507570743560791,-0.2645592987537384,9.627084732055664,-3.662109375,-0.8544921875,-1.64794921875
3.7024999000000003,0.5015852451324463,-0.33758243918418884,10.039485931396484,6.2255859375,0.152587890625,-0.946044921875
3.7074999,0.3064578175544739,-0.24899697303771973,9.86889934539795,-3.753662109375,-0.091552734375,2.105712890625
3.7124999,0.5422866940498352,-0.2902969419956207,9.654618263244629,-1.861572265625,-0.3662109375,-2.105712890625
3.7174999,0.44412440061569214,-0.333991140127182,10.040084838867188,6.011962890625,-0.1220703125,-0.67138671875
3.7224999000000003,0.5410895943641663,-0.3166331648826599,9.638457298278809,-0.518798828125,0.1220703125,-2.349853515625
3.7274999,0.43993455171585083,-0.3345896899700165,10.018536567687988,5.584716796875,0.396728515625,-0.1220703125
3.7324999,0.34177228808403015,-0.2968810200691223,9.700706481933594,-5.828857421875,0.1220703125,1.495361328125
3.7374999,0.5201402902603149,-0.28072014451026917,9.671976089477539,0.762939453125,-0.518798828125,-2.655029296875
3.7424999000000003,0.3800795078277588,-0.2825157940387726,10.04188060760498,4.608154296875,0.48828125,0.67138671875
3.7474999,0.28730419278144836,-0.20769700407981873,9.671976089477539,-5.706787109375,0.701904296875,1.190185546875
3.7524999,0.47465047240257263,-0.24241292476654053,9.709086418151855,2.532958984375,-0.091552734375,-2.62451171875
3.7574999,0.3693056106567383,-0.2621650993824005,9.992799758911133,3.173828125,-0.1220703125,1.15966796875
3.7624999000000003,0.3447650372982025,-0.28550854325294495,9.979032516479492,2.166748046875,-0.091552734375,1.5869140625
3.7674999000000002,0.35673606395721436,-0.284311443567276,9.592369079589844,-5.645751953125,-0.1220703125,0.1220703125
3.7724999,0.34835633635520935,-0.27473464608192444,9.999382972717285,0.8544921875,0.030517578125,1.953125
3.7774999,0.44352585077285767,-0.2585737705230713,9.559449195861816,-5.340576171875,0,-0.396728515625
3.7824999000000004,0.5877765417098999,-0.33279404044151306,9.877877235412598,5.859375,0.244140625,-2.25830078125
3.7874999000000003,0.32441434264183044,-0.22685061395168304,9.894038200378418,-0.9765625,-0.091552734375,1.89208984375
3.7924999,0.4537012279033661,-0.23822307586669922,9.553462982177734,-4.852294921875,-0.18310546875,-1.129150390625
3.7974999,0.5171475410461426,-0.31842881441116333,9.971251487731934,6.591796875,1.03759765625,-1.64794921875
3.8024999000000004,0.2645592987537384,-0.22086510062217712,9.91977596282959,-2.25830078125,0.396728515625,2.227783203125
3.8074999000000003,0.4985924959182739,-0.26815059781074524,9.62828254699707,-3.631591796875,-0.54931640625,-1.556396484375
3.8124999,0.50876784324646,-0.333991140127182,10.023923873901367,6.378173828125,0.48828125,-1.190185546875
3.8174999,0.31783026456832886,-0.24121582508087158,9.82999324798584,-3.60107421875,0.030517578125,2.166748046875
3.8224999000000004,0.5596446394920349,-0.2753331959247589,9.609726905822754,-1.861572265625,-0.3662109375,-2.01416015625
3.8274999000000003,0.46507367491722107,-0.3076549172401428,10.007762908935547,6.134033203125,-0.030517578125,-0.701904296875
3.8324999,0.30226796865463257,-0.22266076505184174,9.643245697021484,-6.16455078125,0.091552734375,1.190185546875
3.8374999,0.4878185987472534,-0.243011474609375,9.710283279418945,2.44140625,-0.152587890625,-2.74658203125
3.8424999,0.37648820877075195,-0.2555810213088989,9.992799758911133,3.448486328125,0,1.220703125
3.8474999000000003,0.31184476613998413,-0.24181437492370605,9.588179588317871,-6.256103515625,-0.640869140625,0.54931640625
3.8524999,0.5291185975074768,-0.30466216802597046,9.736021041870117,3.692626953125,-0.1220703125,-2.74658203125
3.8574999,0.34596213698387146,-0.27054479718208313,9.989806175231934,2.197265625,0.030517578125,1.800537109375
3.8624999,0.35913026332855225,-0.2621650993824005,9.592967987060547,-5.462646484375,0.213623046875,0.18310546875
3.8674999000000003,0.3519476354122162,-0.28790274262428284,9.998785018920898,0.8544921875,-0.06103515625,1.861572265625
3.8724999,0.4423287510871887,-0.2932897210121155,9.563039779663086,-5.37109375,0.18310546875,-0.3662109375
3.8774999,0.5895721912384033,-0.38067805767059326,9.88625717163086,5.645751953125,0.244140625,-2.0751953125
3.8824999,0.3357867896556854,-0.2711433470249176,9.925163269042969,-0.946044921875,0.244140625,2.166748046875
3.8874999000000003,0.4638765752315521,-0.26575639843940735,9.57979965209961,-4.5166015625,0.18310546875,-1.0986328125
3.8924999000000002,0.5363011956214905,-0.33039984107017517,10.00716495513916,6.103515625,0.244140625,-1.8310546875
3.8974999,0.2783259451389313,-0.2214636504650116,9.956287384033203,-2.38037109375,0,2.044677734375
3.9024999,0.50876784324646,-0.26575639843940735,9.66539192199707,-3.35693359375,-0.06103515625,-1.434326171875
3.9074999000000004,0.5069721937179565,-0.3471592366695404,10.04307746887207,6.103515625,-0.274658203125,-1.03759765625
3.9124999000000003,0.3058592677116394,-0.27054479718208313,9.847352027893066,-3.72314453125,-0.518798828125,2.105712890625
3.9174999,0.547075092792511,-0.30885201692581177,9.603741645812988,-2.227783203125,-0.6103515625,-2.13623046875
3.9224999,0.5476736426353455,-0.2885012924671173,9.621698379516602,-0.6103515625,-0.030517578125,-2.3193359375
3.9274999000000004,0.4405331015586853,-0.2992752194404602,10.014347076416016,5.767822265625,0.457763671875,0
3.9324999000000003,0.33997663855552673,-0.27473464608192444,9.712079048156738,-5.4931640625,0.091552734375,1.556396484375
3.9374999,0.5135562419891357,-0.2645592987537384,9.670180320739746,0.91552734375,-0.030517578125,-2.62451171875
3.9424999,0.3728969097137451,-0.272938996553421,10.041281700134277,5.035400390625,0.1220703125,0.518798828125
3.9474999000000004,0.28072014451026917,-0.20111294090747833,9.674968719482422,-5.7373046875,-0.18310546875,1.129150390625
3.9524999000000003,0.46806642413139343,-0.23403321206569672,9.70429801940918,2.349853515625,-0.18310546875,-2.5634765625
3.9574999,0.36571431159973145,-0.25019407272338867,10.001178741455078,3.631591796875,0.1220703125,1.0986328125
3.9624999,0.3034650683403015,-0.24660277366638184,9.576208114624023,-6.134033203125,-0.1220703125,0.579833984375
3.9674999000000004,0.5273229479789734,-0.3130418658256531,9.697713851928711,3.875732421875,0.274658203125,-2.685546875
3.9724999000000003,0.46088382601737976,-0.27653029561042786,9.560047149658203,-5.523681640625,-0.3662109375,-0.457763671875
3.9774999,0.6039373874664307,-0.3579331636428833,9.864709854125977,5.43212890625,-0.274658203125,-2.166748046875
3.9824999,0.3471592366695404,-0.2735375463962555,9.914987564086914,-0.823974609375,-0.18310546875,2.166748046875
3.9874999,0.4638765752315521,-0.2849099934101105,9.554061889648438,-4.425048828125,-0.1220703125,-0.946044921875
3.9924999000000003,0.5345055460929871,-0.353743314743042,9.987412452697754,5.9814453125,-0.091552734375,-1.8310546875
3.9974999,0.27234044671058655,-0.24121582508087158,9.956287384033203,-2.38037109375,-0.091552734375,2.25830078125
4.0024999,0.4985924959182739,-0.2890998423099518,9.647436141967773,-3.7841796875,-0.396728515625,-1.251220703125
4.0074999,0.50876784324646,-0.3447650372982025,10.052056312561035,6.28662109375,0.1220703125,-1.190185546875
4.0124999,0.30705636739730835,-0.2687491476535797,9.8599214553833,-3.7841796875,0.54931640625,2.227783203125
4.0174999,0.45429977774620056,-0.3315969407558441,10.031106948852539,6.256103515625,0.18310546875,-0.732421875
4.022499900000001,0.3016694188117981,-0.24420857429504395,9.799467086791992,-4.608154296875,-0.213623046875,1.8310546875
4.0274999000000005,0.5351040959358215,-0.29867666959762573,9.643844604492188,-0.885009765625,-0.3662109375,-2.13623046875
4.0324999,0.4315548539161682,-0.3100491166114807,10.011953353881836,5.55419921875,-0.3662109375,-0.152587890625
4.0374999,0.33279404044151306,-0.27653029561042786,9.708487510681152,-5.92041015625,-0.518798828125,1.678466796875
4.0424999,0.518943190574646,-0.2944868206977844,9.65222454071045,1.28173828125,0.518798828125,-2.685546875
4.0474999,0.38965633511543274,-0.28371289372444153,10.02811336517334,4.82177734375,0.30517578125,0.54931640625
4.0524999,0.30047231912612915,-0.2232593148946762,9.667187690734863,-5.889892578125,0,1.28173828125
4.0574999,0.48961424827575684,-0.24241292476654053,9.70429801940918,2.288818359375,0.152587890625,-2.62451171875
4.062499900000001,0.3878606855869293,-0.24779987335205078,10.004770278930664,3.387451171875,0.274658203125,0.946044921875
4.0674999000000005,0.3208230137825012,-0.228047713637352,9.592967987060547,-6.591796875,-0.30517578125,0.823974609375
4.0724999,0.5333084464073181,-0.30705636739730835,9.697115898132324,4.0283203125,0.213623046875,-2.62451171875
4.0774999,0.6045359373092651,-0.3357867896556854,9.873687744140625,5.645751953125,0.335693359375,-2.227783203125
4.0824999,0.47644615173339844,-0.25258827209472656,9.52473258972168,-4.486083984375,0.152587890625,-0.79345703125
4.0874999,0.5482721924781799,-0.3298012912273407,9.929951667785645,6.103515625,-0.091552734375,-1.922607421875
4.0924999,0.28311434388160706,-0.228047713637352,9.912593841552734,-2.25830078125,-0.396728515625,1.89208984375
4.0974999,0.4944026470184326,-0.27892449498176575,9.607931137084961,-3.5400390625,-0.18310546875,-1.434326171875
4.1024999,0.5117605924606323,-0.3405751883983612,10.019734382629395,6.2255859375,-0.091552734375,-1.220703125
4.1074999000000005,0.304063618183136,-0.2603694200515747,9.847949981689453,-4.150390625,-0.213623046875,2.0751953125
4.1124999,0.45908817648887634,-0.3256114423274994,10.020931243896484,5.767822265625,-0.1220703125,-0.54931640625
4.1174999,0.3034650683403015,-0.24181437492370605,9.807249069213867,-4.730224609375,-0.30517578125,2.01416015625
4.1224999,0.5422866940498352,-0.29149407148361206,9.644442558288574,-1.373291015625,-0.79345703125,-2.44140625
4.1274999,0.4495113790035248,-0.3064578175544739,10.016741752624512,5.79833984375,-0.18310546875,-0.213623046875
4.1324999,0.34596213698387146,-0.27892449498176575,9.72285270690918,-5.401611328125,-0.030517578125,1.8310546875
4.1374999,0.5339069962501526,-0.2992752194404602,9.651625633239746,1.190185546875,0.67138671875,-2.74658203125
4.1424999,0.39863458275794983,-0.29568392038345337,10.029909133911133,4.974365234375,0.48828125,0.3662109375
4.147499900000001,0.2944868206977844,-0.2346317619085312,9.687539100646973,-5.950927734375,0.091552734375,1.52587890625
4.1524999000000005,0.4734533727169037,-0.25677812099456787,9.716867446899414,2.5634765625,0.701904296875,-2.8076171875
4.1574999,0.3776853084564209,-0.24839842319488525,10.039485931396484,3.997802734375,0.274658203125,0.823974609375
4.1624999,0.40043023228645325,-0.27473464608192444,9.585186958312988,-5.31005859375,-0.244140625,-0.42724609375
4.1674999,0.5722141861915588,-0.3555389642715454,9.895833969116211,5.7373046875,0.244140625,-1.983642578125
4.1724999,0.35075053572654724,-0.27234044671058655,9.95329475402832,-0.06103515625,-0.06103515625,1.953125
4.1774999,0.46746787428855896,-0.27473464608192444,9.569623947143555,-4.730224609375,-0.1220703125,-0.946044921875
4.1824999,0.5560533404350281,-0.3429693877696991,9.953893661499023,6.04248046875,0.213623046875,-1.739501953125
4.187499900000001,0.29149407148361206,-0.21547815203666687,9.950302124023438,-1.922607421875,0.335693359375,2.288818359375
4.1924999000000005,0.4728548228740692,-0.26815059781074524,9.615114212036133,-3.41796875,0.3662109375,-1.46484375
4.1974999,0.5141547918319702,-0.3405751883983612,10.030508041381836,6.256103515625,0.48828125,-1.373291015625
4.2024999,0.2944868206977844,-0.2717418968677521,9.856928825378418,-3.021240234375,-0.06103515625,2.0751953125
4.2074999,0.5416881442070007,-0.27054479718208313,9.609128952026367,-1.0986328125,0.518798828125,-2.044677734375
4.2124999,0.44412440061569214,-0.2735375463962555,9.989806175231934,6.04248046875,0.244140625,-0.457763671875
4.2174999,0.3471592366695404,-0.23283611238002777,9.750386238098145,-5.06591796875,-0.152587890625,1.708984375
4.2224999,0.5512649416923523,-0.27413609623908997,9.639654159545898,0.335693359375,0.06103515625,-2.38037109375
4.2274999,0.4291606545448303,-0.2759317457675934,10.00955867767334,5.279541015625,0.48828125,0.335693359375
4.2324999000000005,0.3208230137825012,-0.24420857429504395,9.651625633239746,-5.950927734375,0.457763671875,1.220703125
4.2374999,0.4920084476470947,-0.24839842319488525,9.658807754516602,1.8310546875,-0.030517578125,-2.532958984375
4.2424999,0.5111620426177979,-0.2669534981250763,9.694122314453125,2.86865234375,-0.396728515625,-2.777099609375
4.2474999,0.3471592366695404,-0.25438392162323,9.564237594604492,-6.34765625,-0.30517578125,0.42724609375
4.2524999,0.5548562407493591,-0.3106476664543152,9.768941879272461,4.150390625,0,-2.471923828125
4.2574999,0.3477577865123749,-0.25677812099456787,10.013748168945312,1.373291015625,0.1220703125,1.739501953125
4.2624999,0.3968389332294464,-0.27712884545326233,9.583391189575195,-5.645751953125,-0.335693359375,-0.30517578125
4.2674999,0.5859808921813965,-0.3489548861980438,9.86351203918457,4.791259765625,-0.518798828125,-2.197265625
4.272499900000001,0.3663128614425659,-0.28371289372444153,9.937732696533203,-0.06103515625,0.030517578125,2.0751953125
4.2774999000000005,0.4692635238170624,-0.2950853705406189,9.528324127197266,-4.974365234375,0.518798828125,-0.79345703125
4.2824999,0.5752069354057312,-0.35434186458587646,9.900622367858887,6.195068359375,0.823974609375,-1.922607421875
4.2874999,0.30526071786880493,-0.23403321206569672,9.921571731567383,-1.617431640625,0.54931640625,2.044677734375
4.2924999,0.45669397711753845,-0.26994624733924866,9.601945877075195,-4.058837890625,-0.54931640625,-1.434326171875
4.2974999,0.517746090888977,-0.33698388934135437,10.036493301391602,6.744384765625,0.274658203125,-1.5869140625
4.3024999,0.2717418968677521,-0.2537853717803955,9.914987564086914,-2.8076171875,-0.152587890625,2.25830078125
4.3074999,0.536899745464325,-0.314238965511322,9.633070945739746,-1.983642578125,-1.03759765625,-2.44140625
4.312499900000001,0.4423287510871887,-0.31124621629714966,10.002376556396484,5.828857421875,-0.152587890625,-0.54931640625
4.3174999000000005,0.3208230137825012,-0.2561795711517334,9.771934509277344,-5.06591796875,-0.06103515625,2.044677734375
4.3224999,0.5506663918495178,-0.29807811975479126,9.626486778259277,-0.18310546875,0.1220703125,-2.44140625
4.3274999,0.4297592043876648,-0.304063618183136,10.005369186401367,5.096435546875,0.1220703125,0.091552734375
4.3324999,0.3321954905986786,-0.28072014451026917,9.660005569458008,-5.645751953125,0,1.800537109375
4.3374999,0.48722004890441895,-0.2890998423099518,9.63067626953125,1.5869140625,0.518798828125,-2.838134765625
4.3424999,0.36332011222839355,-0.26096799969673157,9.997588157653809,4.638671875,0.030517578125,0.3662109375
4.3474999,0.27712884545326233,-0.20051439106464386,9.61212158203125,-6.317138671875,-0.54931640625,1.28173828125
4.352499900000001,0.48602294921875,-0.2472013235092163,9.68574333190918,2.410888671875,-0.30517578125,-2.8076171875
4.3574999000000005,0.3471592366695404,-0.2645592987537384,9.571419715881348,-5.767822265625,-0.06103515625,0.6103515625
4.3624999,0.5620388388633728,-0.33698388934135437,9.733028411865234,3.96728515625,0.030517578125,-2.655029296875
4.3674999,0.3776853084564209,-0.272938996553421,9.99100399017334,2.25830078125,-0.152587890625,1.3427734375
4.3724999,0.39384618401527405,-0.2687491476535797,9.592967987060547,-5.950927734375,0.152587890625,0.030517578125
4.3774999,0.5937620401382446,-0.3010708689689636,9.854534149169922,5.0048828125,0.48828125,-2.471923828125
4.3824999,0.37469255924224854,-0.21847090125083923,9.985616683959961,0.396728515625,0.18310546875,1.739501953125
4.3874999,0.46627077460289,-0.2364274114370346,9.55825138092041,-5.06591796875,0.18310546875,-0.518798828125
4.3924999,0.5847837924957275,-0.3172317147254944,9.885659217834473,5.9814453125,0.213623046875,-2.044677734375
4.397499900000001,0.3208230137825012,-0.21787235140800476,9.897629737854004,-0.732421875,0.06103515625,2.13623046875
4.4024999000000005,0.5057750940322876,-0.2992752194404602,9.956886291503906,6.40869140625,0.579833984375,-1.64794921875
4.4074999,0.25318682193756104,-0.21128830313682556,9.903017044067383,-2.532958984375,0.152587890625,2.227783203125
4.4124999,0.49559974670410156,-0.26815059781074524,9.605537414550781,-3.265380859375,-0.274658203125,-1.52587890625
4.4174999,0.5099649429321289,-0.33339259028434753,10.015543937683105,6.744384765625,-0.030517578125,-1.220703125
4.4224999,0.3166331648826599,-0.27712884545326233,9.81143856048584,-3.692626953125,-0.18310546875,2.01416015625
4.4274999,0.5548562407493591,-0.333991140127182,9.606135368347168,-2.3193359375,-0.48828125,-2.044677734375
4.4324999,0.46627077460289,-0.3250128924846649,9.975440979003906,6.103515625,-0.213623046875,-0.396728515625
4.437499900000001,0.31543606519699097,-0.25438392162323,9.761758804321289,-4.852294921875,-0.30517578125,2.01416015625
4.4424999000000005,0.5530605912208557,-0.2998737692832947,9.606135368347168,-0.54931640625,-0.06103515625,-2.349853515625
4.4474999,0.5530605912208557,-0.2998737692832947,9.606135368347168,-0.54931640625,-0.06103515625,-2.349853515625
4.4524999,0.45250412821769714,-0.28072014451026917,9.980828285217285,5.584716796875,-0.30517578125,-0.152587890625
4.4574999,0.34177228808403015,-0.2908954918384552,9.68694019317627,-5.889892578125,-0.06103515625,1.800537109375
4.4624999,0.518943190574646,-0.30286651849746704,9.64564037322998,1.007080078125,0.48828125,-2.471923828125
4.4674999,0.3824737071990967,-0.28072014451026917,10.026318550109863,4.5166015625,-0.030517578125,0.30517578125
4.4724999,0.3705027103424072,-0.2256535142660141,10.011354446411133,3.631591796875,0.274658203125,0.946044921875
4.477499900000001,0.3705027103424072,-0.2256535142660141,10.011354446411133,3.631591796875,0.274658203125,0.946044921875
4.4824999000000005,0.5225345492362976,-0.31603461503982544,9.683947563171387,3.875732421875,0.30517578125,-2.716064453125
4.4874999,0.5225345492362976,-0.31603461503982544,9.683947563171387,3.875732421875,0.30517578125,-2.716064453125
4.4924999,0.3627215623855591,-0.28072014451026917,9.966463088989258,2.349853515625,-0.1220703125,1.40380859375
4.4974999,0.35254621505737305,-0.32381579279899597,9.567230224609375,-6.317138671875,-0.518798828125,0.335693359375
4.5024999,0.5500678420066833,-0.33518823981285095,9.812037467956543,5.126953125,0.762939453125,-2.532958984375
4.5074999,0.35015198588371277,-0.26336219906806946,10.02571964263916,1.251220703125,0.6103515625,1.953125
4.5124999,0.4279635548591614,-0.27413609623908997,9.583989143371582,-5.37109375,0.030517578125,-0.274658203125
4.5174999,0.6051344871520996,-0.3298012912273407,9.874884605407715,5.18798828125,-0.48828125,-2.197265625
4.522499900000001,0.3770867586135864,-0.2711433470249176,9.911396026611328,-0.6103515625,-0.152587890625,1.739501953125
4.5274999000000005,0.4770447015762329,-0.3064578175544739,9.525930404663086,-4.8828125,0.30517578125,-0.732421875
4.5324999,0.50876784324646,-0.3058592677116394,10.034099578857422,6.683349609375,0.091552734375,-1.40380859375
4.5374999,0.28790274262428284,-0.27892449498176575,9.8784761428833,-3.387451171875,0.030517578125,2.105712890625
4.5424999,0.5345055460929871,-0.33039984107017517,9.644442558288574,-2.01416015625,0.274658203125,-1.861572265625
4.5474999,0.48482584953308105,-0.29568392038345337,10.029909133911133,6.439208984375,-0.42724609375,-0.9765625
4.5524999,0.3190273642539978,-0.2585737705230713,9.822811126708984,-4.5166015625,-0.244140625,2.227783203125
4.5574999,0.5590460896492004,-0.30226796865463257,9.616909980773926,-0.9765625,0.06103515625,-2.197265625
4.562499900000001,0.47405192255973816,-0.22864626348018646,9.989208221435547,5.767822265625,0.06103515625,-0.30517578125
4.5674999000000005,0.353743314743042,-0.2663549482822418,9.710882186889648,-5.462646484375,-0.6103515625,1.89208984375
4.5724999,0.5638344883918762,-0.29628247022628784,9.588179588317871,0.06103515625,0.152587890625,-2.471923828125
4.5774999,0.4339490532875061,-0.23163901269435883,9.988609313964844,5.126953125,0.091552734375,0.244140625
4.5824999,0.3663128614425659,-0.2082955539226532,10.061633110046387,4.21142578125,0.274658203125,0.67138671875
4.5874999,0.2932897210121155,-0.21428105235099792,9.677961349487305,-6.317138671875,0.30517578125,1.0986328125
4.5924999,0.49978959560394287,-0.2519897222518921,9.728838920593262,2.5634765625,-0.640869140625,-2.593994140625
4.5974999,0.3992331326007843,-0.2908954918384552,9.993996620178223,3.0517578125,0.091552734375,1.220703125
4.602499900000001,0.35913026332855225,-0.3166331648826599,9.575610160827637,-5.859375,-0.30517578125,0.6103515625
4.6074999000000005,0.5722141861915588,-0.34596213698387146,9.733028411865234,4.302978515625,0.67138671875,-2.410888671875
4.6124999,0.3728969097137451,-0.2890998423099518,9.98681354522705,1.5869140625,0.3662109375,1.8310546875
4.6174999,0.39145198464393616,-0.2867056429386139,9.580398559570312,-5.889892578125,0.030517578125,0
4.6224999,0.5805938839912415,-0.3058592677116394,9.856928825378418,5.157470703125,0.091552734375,-2.471923828125
4.6274999,0.36571431159973145,-0.272938996553421,9.988609313964844,0.42724609375,0.244140625,1.922607421875
4.6324999,0.4537012279033661,-0.284311443567276,9.570821762084961,-4.913330078125,0.457763671875,-0.48828125
4.6374999,0.3106476664543152,-0.2406172752380371,9.929951667785645,-0.8544921875,-0.18310546875,2.13623046875
4.6424999,0.43035775423049927,-0.262763649225235,9.584588050842285,-4.241943359375,0.457763671875,-0.885009765625
4.647499900000001,0.4985924959182739,-0.2867056429386139,10.00716495513916,5.584716796875,-0.396728515625,-1.739501953125
4.6524999000000005,0.25438392162323,-0.23762452602386475,9.95748519897461,-2.532958984375,-0.42724609375,1.922607421875
4.6574999,0.4920084476470947,-0.30226796865463257,9.652822494506836,-3.173828125,-0.213623046875,-1.46484375
4.6624999,0.5159504413604736,-0.33758243918418884,10.046070098876953,6.317138671875,0.18310546875,-1.251220703125
4.6674999,0.32381579279899597,-0.3100491166114807,9.84495735168457,-3.662109375,-0.1220703125,2.105712890625
4.6724999,0.5590460896492004,-0.3489548861980438,9.613917350769043,-1.89208984375,0.152587890625,-1.708984375
4.6774999,0.47465047240257263,-0.3058592677116394,9.984419822692871,6.34765625,0.42724609375,-0.6103515625
4.6824999,0.3124433159828186,-0.26994624733924866,9.763554573059082,-4.69970703125,0.213623046875,2.01416015625
4.687499900000001,0.545877993106842,-0.30286651849746704,9.59715747833252,-0.518798828125,0.274658203125,-2.349853515625
4.6924999000000005,0.45190557837486267,-0.25019407272338867,9.975440979003906,5.828857421875,0,-0.152587890625
4.6974999,0.2950853705406189,-0.2513911724090576,9.673771858215332,-6.2255859375,0,1.556396484375
4.7024999,0.4692635238170624,-0.2172738015651703,9.701305389404297,2.62451171875,0.823974609375,-2.685546875
4.7074999,0.3627215623855591,-0.22685061395168304,10.023324966430664,4.058837890625,0.457763671875,0.762939453125
4.7124999,0.2998737692832947,-0.25019407272338867,9.617507934570312,-5.645751953125,0.396728515625,1.007080078125
4.7174999,0.5141547918319702,-0.28790274262428284,9.694721221923828,3.082275390625,-0.579833984375,-2.74658203125
4.7224999,0.38726213574409485,-0.2944868206977844,9.95209789276123,2.685546875,0.030517578125,1.190185546875
4.727499900000001,0.35913026332855225,-0.3010708689689636,9.552266120910645,-5.79833984375,0.1220703125,0.274658203125
4.7324999000000005,0.5548562407493591,-0.30047231912612915,9.733627319335938,4.241943359375,-0.213623046875,-2.38037109375
4.7374999,0.35075053572654724,-0.2513911724090576,9.97364616394043,1.0986328125,-0.18310546875,1.678466796875
4.7424999,0.3878606855869293,-0.25438392162323,9.540295600891113,-5.828857421875,-0.244140625,-0.244140625
4.7474999,0.5536591410636902,-0.314238965511322,9.8599214553833,5.9814453125,0.6103515625,-1.89208984375
4.7524999,0.2908954918384552,-0.228047713637352,9.886856079101562,-1.312255859375,-0.1220703125,2.166748046875
4.7574999,0.424970805644989,-0.25438392162323,9.545681953430176,-4.913330078125,-0.885009765625,-1.068115234375
4.7624999,0.5099649429321289,-0.3034650683403015,9.990405082702637,6.011962890625,-0.06103515625,-1.5869140625
4.7674999,0.2759317457675934,-0.26156654953956604,9.924564361572266,-2.716064453125,-0.06103515625,2.25830078125
4.772499900000001,0.5315127968788147,-0.3100491166114807,9.642048835754395,-3.173828125,0.244140625,-1.617431640625
4.7774999000000005,0.5446808934211731,-0.35673606395721436,10.034099578857422,6.28662109375,0.213623046875,-1.3427734375
4.7824999,0.34656068682670593,-0.3076549172401428,9.847949981689453,-3.47900390625,-0.06103515625,2.105712890625
4.7874999,0.5770025849342346,-0.33039984107017517,9.624691009521484,-1.861572265625,0.274658203125,-2.01416015625
4.7924999,0.4668693244457245,-0.32680854201316833,10.029909133911133,6.04248046875,0.335693359375,-0.67138671875
4.7974999,0.5315127968788147,-0.3076549172401428,9.66299819946289,-0.30517578125,0.30517578125,-2.25830078125
4.8024999,0.42856210470199585,-0.2819172441959381,10.035296440124512,5.43212890625,-0.30517578125,-0.213623046875
4.8074999,0.322618693113327,-0.29388827085494995,9.73542308807373,-5.859375,-0.67138671875,1.5869140625
4.812499900000001,0.5063736438751221,-0.2849099934101105,9.674370765686035,0.579833984375,0.030517578125,-2.62451171875
4.8174999000000005,0.37648820877075195,-0.25677812099456787,10.035895347595215,4.547119140625,0.30517578125,0.396728515625
4.8224999,0.2801215946674347,-0.22924481332302094,9.685144424438477,-5.92041015625,-0.244140625,1.434326171875
4.8274999,0.46986207365989685,-0.228047713637352,9.70310115814209,1.922607421875,-0.579833984375,-2.8076171875
4.8324999,0.3776853084564209,-0.23762452602386475,10.011354446411133,3.5400390625,0.152587890625,0.91552734375
4.8374999,0.3256114423274994,-0.2603694200515747,9.607931137084961,-6.28662109375,-0.213623046875,1.068115234375
4.8424999,0.5392939448356628,-0.3172317147254944,9.676166534423828,3.509521484375,0.48828125,-2.532958984375
4.8474999,0.4010287821292877,-0.29867666959762573,9.95090103149414,2.532958984375,0.6103515625,1.312255859375
4.852499900000001,0.3585317134857178,-0.322618693113327,9.55825138092041,-5.79833984375,0.18310546875,0.42724609375
4.8574999000000005,0.5530605912208557,-0.30526071786880493,9.848548889160156,5.43212890625,0,-2.044677734375
4.8624999,0.3405751883983612,-0.26156654953956604,9.938929557800293,-0.091552734375,0.18310546875,1.953125
4.8674999,0.44592007994651794,-0.28131869435310364,9.525930404663086,-4.913330078125,0.335693359375,-0.885009765625
4.8724999,0.5620388388633728,-0.3280056416988373,9.911396026611328,6.134033203125,0.152587890625,-1.861572265625
4.8774999,0.3010708689689636,-0.24001872539520264,9.938929557800293,-1.373291015625,0.06103515625,2.166748046875
4.8824999,0.2753331959247589,-0.2495955228805542,9.953893661499023,-3.082275390625,-0.518798828125,2.166748046875
4.8874999,0.5171475410461426,-0.3010708689689636,9.657012939453125,-2.960205078125,0,-1.800537109375
4.8924999,0.5201402902603149,-0.2974795699119568,10.045472145080566,6.561279296875,0.18310546875,-1.007080078125
4.897499900000001,0.5620388388633728,-0.32022446393966675,9.637859344482422,-1.8310546875,-0.18310546875,-2.13623046875
4.9024999000000005,0.46986207365989685,-0.2693476974964142,10.019734382629395,6.40869140625,0.579833984375,-0.6103515625
4.9074999,0.31184476613998413,-0.2603694200515747,9.782109260559082,-4.638671875,0.06103515625,1.89208984375
4.9124999,0.5410895943641663,-0.3010708689689636,9.627683639526367,-0.518798828125,-0.244140625,-2.410888671875
4.9174999,0.4405331015586853,-0.243011474609375,9.981427192687988,5.43212890625,0.152587890625,0.091552734375
4.9224999,0.3298012912273407,-0.3106476664543152,9.694122314453125,-5.645751953125,-0.457763671875,1.708984375
4.9274999,0.5237316489219666,-0.27653029561042786,9.641449928283691,0.9765625,0.457763671875,-2.74658203125
4.9324999,0.3944447338581085,-0.25737667083740234,10.011354446411133,4.638671875,0.152587890625,0.30517578125
4.937499900000001,0.29628247022628784,-0.2346317619085312,9.659406661987305,-5.9814453125,-0.579833984375,1.373291015625
4.9424999000000005,0.48303020000457764,-0.20350714027881622,9.702502250671387,2.38037109375,0.79345703125,-2.685546875
4.9474999,0.38307225704193115,-0.22924481332302094,10.021530151367188,3.72314453125,0.30517578125,0.79345703125
4.9524999,0.314238965511322,-0.23582886159420013,9.625288963317871,-6.28662109375,-0.06103515625,0.9765625
4.9574999,0.3315969407558441,-0.284311443567276,9.990405082702637,1.52587890625,-0.06103515625,1.495361328125
4.9624999,0.3597288131713867,-0.2777273952960968,9.5624418258667,-5.584716796875,0.30517578125,-0.213623046875
4.9674999,0.5500678420066833,-0.31842881441116333,9.819219589233398,5.37109375,0.42724609375,-2.0751953125
4.9724999,0.3387795388698578,-0.2861070930957794,9.909002304077148,0.335693359375,0.06103515625,2.01416015625
4.977499900000001,0.4429273009300232,-0.31543606519699097,9.490615844726562,-5.2490234375,0.18310546875,-0.67138671875
4.9824999000000005,0.5668272376060486,-0.36990416049957275,9.831191062927246,5.67626953125,-0.030517578125,-1.922607421875
4.9874999,0.30286651849746704,-0.284311443567276,9.851541519165039,-1.312255859375,0.213623046875,2.197265625
4.9924999,0.4225766062736511,-0.29628247022628784,9.514557838439941,-4.0283203125,0.030517578125,-1.3427734375
4.9974999,0.4950011968612671,-0.3274070918560028,9.947309494018555,5.9814453125,-0.030517578125,-1.8310546875
5.0024999,0.24361002445220947,-0.2603694200515747,9.891045570373535,-2.62451171875,0.274658203125,2.3193359375
5.0074999,0.48243165016174316,-0.30885201692581177,9.607333183288574,-3.448486328125,-0.30517578125,-1.52587890625
5.0124999,0.5027823448181152,-0.33937808871269226,10.020332336425781,6.317138671875,-0.06103515625,-1.434326171875
5.0174999,0.3034650683403015,-0.29149407148361206,9.848548889160156,-3.72314453125,-0.18310546875,2.197265625
5.022499900000001,0.5416881442070007,-0.31364041566848755,9.644442558288574,-2.349853515625,-0.518798828125,-1.953125
5.0274999000000005,0.46088382601737976,-0.2944868206977844,10.039485931396484,6.134033203125,0.18310546875,-0.885009765625
5.0324999,0.2932897210121155,-0.23582886159420013,9.810839653015137,-4.425048828125,-0.518798828125,2.01416015625
5.0374999,0.5392939448356628,-0.28371289372444153,9.651625633239746,-0.946044921875,-0.640869140625,-2.3193359375
5.0424999,0.444722980260849,-0.2454056739807129,10.001777648925781,5.615234375,0.06103515625,-0.48828125
5.0474999,0.3387795388698578,-0.26755204796791077,9.720458984375,-5.4931640625,-0.274658203125,1.861572265625
5.0524999,0.5392939448356628,-0.28790274262428284,9.632472038269043,0.396728515625,0.18310546875,-2.38037109375
5.0574999,0.41539400815963745,-0.24899697303771973,10.001178741455078,5.37109375,0.579833984375,0.091552734375
5.062499900000001,0.3711012601852417,-0.20709845423698425,10.035895347595215,4.150390625,-0.091552734375,0.640869140625
5.0674999000000005,0.304063618183136,-0.22924481332302094,9.64564037322998,-6.591796875,-0.244140625,1.15966796875
5.0724999,0.5117605924606323,-0.2651578485965729,9.700108528137207,3.60107421875,0.213623046875,-2.685546875
5.0774999,0.39803603291511536,-0.24420857429504395,9.97603988647461,2.74658203125,-0.06103515625,1.068115234375
5.0824999,0.35015198588371277,-0.3166331648826599,9.561842918395996,-6.2255859375,-0.579833984375,0.579833984375
5.0874999,0.5518634915351868,-0.3016694188117981,9.73781681060791,4.364013671875,0.396728515625,-2.349853515625
5.0924999,0.35254621505737305,-0.27473464608192444,9.997588157653809,1.8310546875,0.396728515625,1.52587890625
5.0974999,0.3711012601852417,-0.28969839215278625,9.582792282104492,-5.79833984375,-0.091552734375,-0.091552734375
5.102499900000001,0.5626373887062073,-0.29867666959762573,9.858125686645508,5.096435546875,-0.030517578125,-2.44140625
5.1074999000000005,0.3579331636428833,-0.2944868206977844,9.983820915222168,0.06103515625,-0.152587890625,1.5869140625
5.1124999,0.5919663906097412,-0.3645172119140625,9.888052940368652,5.67626953125,0,-2.044677734375
5.1174999,0.3411737382411957,-0.29807811975479126,9.926959037780762,-0.762939453125,-0.18310546875,2.01416015625
5.1224999,0.46986207365989685,-0.2777273952960968,9.658807754516602,-3.448486328125,-0.396728515625,-1.739501953125
5.1274999,0.5129576921463013,-0.3256114423274994,10.063427925109863,6.65283203125,0.518798828125,-1.3427734375
5.1324999,0.2998737692832947,-0.28550854325294495,9.882665634155273,-2.960205078125,0.457763671875,2.3193359375
5.1374999,0.5464765429496765,-0.31124621629714966,9.637859344482422,-2.38037109375,0.244140625,-2.01416015625
5.1424999,0.48063600063323975,-0.3250128924846649,10.035895347595215,6.04248046875,-0.06103515625,-1.007080078125
5.147499900000001,0.2950853705406189,-0.2537853717803955,9.808445930480957,-4.5166015625,-0.213623046875,2.227783203125
5.1524999000000005,0.5398924946784973,-0.2867056429386139,9.64923095703125,-0.9765625,0.6103515625,-2.166748046875
5.1574999,0.33339259028434753,-0.26396074891090393,9.768342971801758,-5.06591796875,-0.6103515625,1.8310546875
5.1624999,0.5560533404350281,-0.2885012924671173,9.651625633239746,-0.18310546875,-0.152587890625,-2.44140625
5.1674999,0.43694180250167847,-0.28969839215278625,10.02811336517334,5.37109375,0.54931640625,0.213623046875
5.1724999,0.3298012912273407,-0.2801215946674347,9.690531730651855,-5.67626953125,0.3662109375,1.556396484375
5.1774999,0.49320554733276367,-0.25438392162323,9.68574333190918,1.617431640625,-0.244140625,-2.655029296875
5.1824999,0.36332011222839355,-0.24181437492370605,10.04427433013916,4.547119140625,0.18310546875,0.457763671875
5.187499900000001,0.28550854325294495,-0.20470423996448517,9.673771858215332,-6.04248046875,0.152587890625,0.8544921875
5.1924999000000005,0.48243165016174316,-0.23343466222286224,9.717466354370117,2.685546875,-0.030517578125,-2.62451171875
5.1974999,0.38965633511543274,-0.24361002445220947,9.972448348999023,3.387451171875,0.030517578125,1.220703125
5.2024999,0.3357867896556854,-0.2651578485965729,9.555258750915527,-6.317138671875,-0.091552734375,0.6103515625
5.2074999,0.5422866940498352,-0.31364041566848755,9.677363395690918,3.936767578125,0.30517578125,-2.62451171875
5.2124999,0.3687070608139038,-0.2651578485965729,9.950302124023438,2.13623046875,0.244140625,1.708984375
5.2174999,0.3585317134857178,-0.24001872539520264,10.019135475158691,0.54931640625,0,1.922607421875
5.2224999,0.43694180250167847,-0.2621650993824005,9.583989143371582,-5.340576171875,-0.213623046875,-0.3662109375
5.227499900000001,0.6009446382522583,-0.3196259140968323,9.875483512878418,5.218505859375,-0.213623046875,-2.25830078125
5.2324999000000005,0.3603273630142212,-0.2735375463962555,9.923367500305176,-0.54931640625,-0.030517578125,2.01416015625
5.2374999,0.4578910768032074,-0.2890998423099518,9.531316757202148,-4.94384765625,0.274658203125,-0.54931640625
5.2424999,0.5404910445213318,-0.32620999217033386,9.930550575256348,6.4697265625,0.48828125,-2.01416015625
5.2474999,0.27054479718208313,-0.23702596127986908,9.914389610290527,-1.678466796875,-0.244140625,2.13623046875
5.2524999,0.44831427931785583,-0.28371289372444153,9.593565940856934,-3.814697265625,0.213623046875,-1.0986328125
5.2574999,0.5123591423034668,-0.3058592677116394,10.012551307678223,6.4697265625,0.152587890625,-1.556396484375
5.2624999,0.29628247022628784,-0.2783259451389313,9.86770248413086,-2.86865234375,-0.18310546875,2.044677734375
5.2674999,0.5524620413780212,-0.33698388934135437,9.61571216583252,-2.655029296875,-0.30517578125,-1.708984375
5.272499900000001,0.3232172429561615,-0.29568392038345337,9.79288387298584,-4.364013671875,0.3662109375,2.0751953125
5.2774999000000005,0.5488707423210144,-0.3148375153541565,9.61331844329834,-1.129150390625,0.42724609375,-2.044677734375
5.2824999,0.4471171796321869,-0.2555810213088989,9.987412452697754,5.9814453125,0.030517578125,-0.48828125
5.2874999,0.30945056676864624,-0.25498247146606445,9.75936508178711,-5.340576171875,-0.274658203125,1.922607421875
5.2924999,0.5398924946784973,-0.29388827085494995,9.624691009521484,-0.48828125,-0.30517578125,-2.44140625
5.2974999,0.4297592043876648,-0.25677812099456787,9.998186111450195,5.279541015625,-0.1220703125,-0.06103515625
5.3024999,0.32680854201316833,-0.3076549172401428,9.686341285705566,-5.79833984375,-0.48828125,1.52587890625
5.3074999,0.5003881454467773,-0.27234044671058655,9.662399291992188,1.190185546875,0.1220703125,-2.50244140625
5.312499900000001,0.36990416049957275,-0.24480712413787842,10.039485931396484,4.669189453125,0.579833984375,0.6103515625
5.3174999000000005,0.28131869435310364,-0.2388216257095337,9.68155288696289,-5.706787109375,0.274658203125,1.251220703125
5.3224999,0.47405192255973816,-0.2472013235092163,9.718064308166504,2.9296875,0.213623046875,-2.655029296875
5.3274999,0.3866635859012604,-0.2561795711517334,10.014945983886719,3.509521484375,-0.030517578125,1.007080078125
5.3324999,0.39624038338661194,-0.3076549172401428,9.967659950256348,2.471923828125,0.274658203125,1.3427734375
5.3374999,0.3711012601852417,-0.3190273642539978,9.576208114624023,-6.011962890625,-0.06103515625,0.42724609375
5.3424999,0.5542576909065247,-0.29209262132644653,9.81143856048584,5.096435546875,0.335693359375,-2.5634765625
5.3474999,0.3387795388698578,-0.24241292476654053,10.040084838867188,1.251220703125,0.244140625,1.708984375
5.352499900000001,0.3908534348011017,-0.2537853717803955,9.605537414550781,-5.55419921875,0.152587890625,-0.152587890625
5.3574999000000005,0.5710170865058899,-0.2902969419956207,9.88506031036377,5.889892578125,0.244140625,-2.197265625
5.3624999,0.579995334148407,-0.32202014327049255,9.889848709106445,6.256103515625,0.030517578125,-1.89208984375
5.3674999,0.3148375153541565,-0.24001872539520264,9.900622367858887,-1.556396484375,0.152587890625,2.197265625
5.3724999,0.4644751250743866,-0.27473464608192444,9.563638687133789,-4.058837890625,-0.3662109375,-1.28173828125
5.3774999,0.5279214978218079,-0.3172317147254944,9.635464668273926,-3.448486328125,-0.457763671875,-1.77001953125
5.3824999,0.50876784324646,-0.3148375153541565,10.035895347595215,6.195068359375,0.18310546875,-1.251220703125
5.3874999,0.31184476613998413,-0.2849099934101105,9.840767860412598,-3.84521484375,-0.244140625,2.25830078125
5.3924999,0.5410895943641663,-0.3124433159828186,9.639056205749512,-1.3427734375,0.48828125,-2.13623046875
5.397499900000001,0.44532153010368347,-0.24420857429504395,10.007762908935547,6.256103515625,0.335693359375,-0.823974609375
5.4024999000000005,0.2968810200691223,-0.2472013235092163,9.769539833068848,-5.06591796875,-0.091552734375,2.13623046875
5.4074999,0.5297171473503113,-0.29209262132644653,9.606135368347168,-0.9765625,-0.640869140625,-2.38037109375
5.4124999,0.4357447028160095,-0.25019407272338867,9.977835655212402,5.615234375,0.3662109375,-0.18310546875
5.4174999,0.33099839091300964,-0.32381579279899597,9.673771858215332,-5.096435546875,0.579833984375,1.8310546875
5.4224999,0.5297171473503113,-0.304063618183136,9.632472038269043,0.701904296875,-0.3662109375,-2.716064453125
5.4274999,0.4010287821292877,-0.26156654953956604,9.998785018920898,4.94384765625,0,0.1220703125
5.4324999,0.3728969097137451,-0.22864626348018646,10.004770278930664,3.84521484375,0.67138671875,0.762939453125
5.437499900000001,0.3130418658256531,-0.262763649225235,9.610923767089844,-5.828857421875,0.18310546875,1.007080078125
5.4424999000000005,0.3908534348011017,-0.31364041566848755,9.959878921508789,2.44140625,0.244140625,0.9765625
5.4474999,0.35733461380004883,-0.314238965511322,9.567230224609375,-6.072998046875,-0.18310546875,0.42724609375
5.4524999,0.5506663918495178,-0.3166331648826599,9.744400978088379,4.425048828125,0.1220703125,-2.38037109375
5.4574999,0.3489548861980438,-0.2711433470249176,9.985017776489258,1.617431640625,-0.18310546875,1.40380859375
5.4624999,0.38486793637275696,-0.25977087020874023,9.571419715881348,-5.950927734375,-0.1220703125,0.030517578125
5.4674999,0.5793967843055725,-0.30705636739730835,9.838373184204102,5.096435546875,0.091552734375,-2.349853515625
5.4724999,0.363918662071228,-0.2753331959247589,9.951498985290527,0.152587890625,-0.091552734375,1.77001953125
5.477499900000001,0.4620809257030487,-0.27653029561042786,9.532513618469238,-5.18798828125,-0.457763671875,-0.54931640625
5.4824999000000005,0.5835866928100586,-0.3489548861980438,9.889249801635742,5.950927734375,0.30517578125,-1.739501953125
5.4874999,0.31603461503982544,-0.2513911724090576,9.901819229125977,-1.068115234375,0.48828125,2.044677734375
5.4924999,0.43754035234451294,-0.26336219906806946,9.560646057128906,-4.058837890625,0.244140625,-0.8544921875
5.4974999,0.5093663930892944,-0.3172317147254944,9.974244117736816,6.40869140625,0.3662109375,-1.617431640625
5.5024999,0.2603694200515747,-0.23163901269435883,9.906009674072266,-2.50244140625,0.213623046875,2.044677734375
5.5074999,0.4991910457611084,-0.27653029561042786,9.609726905822754,-3.23486328125,-0.274658203125,-1.556396484375
5.5124999,0.5153518915176392,-0.34416648745536804,10.014347076416016,6.195068359375,-0.3662109375,-1.434326171875
5.5174999,0.3280056416988373,-0.2621650993824005,9.829395294189453,-3.631591796875,-0.6103515625,1.922607421875
5.522499900000001,0.5626373887062073,-0.29388827085494995,9.616311073303223,-2.227783203125,-0.213623046875,-2.01416015625
5.5274999000000005,0.47884035110473633,-0.28969839215278625,9.999382972717285,6.134033203125,0.06103515625,-0.457763671875
5.5324999,0.31364041566848755,-0.20769700407981873,9.767146110534668,-4.669189453125,-0.518798828125,1.983642578125
5.5374999,0.5446808934211731,-0.2651578485965729,9.611522674560547,-1.007080078125,-0.18310546875,-2.288818359375
5.5424999,0.4429273009300232,-0.2687491476535797,9.965864181518555,5.55419921875,-0.030517578125,-0.1220703125
5.5474999,0.41359832882881165,-0.2735375463962555,10.029909133911133,4.94384765625,0.335693359375,0.396728515625
5.5524999,0.31124621629714966,-0.24001872539520264,9.701904296875,-5.859375,0.30517578125,1.617431640625
5.5574999,0.4776432514190674,-0.23582886159420013,9.743802070617676,1.46484375,-0.6103515625,-3.021240234375
5.562499900000001,0.3687070608139038,-0.23822307586669922,10.089165687561035,4.21142578125,0.18310546875,0.54931640625
5.5674999000000005,0.2974795699119568,-0.2298433631658554,9.689932823181152,-5.889892578125,0.518798828125,1.28173828125
5.5724999,0.5135562419891357,-0.3130418658256531,9.719860076904297,3.265380859375,0.579833984375,-2.716064453125
5.5774999,0.3992331326007843,-0.2902969419956207,9.97603988647461,3.265380859375,0,1.007080078125
5.5824999,0.35254621505737305,-0.31543606519699097,9.545681953430176,-6.4697265625,0.091552734375,0.67138671875
5.5874999,0.5554547905921936,-0.3363853394985199,9.719860076904297,4.180908203125,0.152587890625,-2.716064453125
5.5924999,0.35075053572654724,-0.26336219906806946,9.980229377746582,1.77001953125,0,1.46484375
5.5974999,0.5674257874488831,-0.3034650683403015,9.849146842956543,5.615234375,0.30517578125,-2.50244140625
5.602499900000001,0.3585317134857178,-0.2585737705230713,9.973047256469727,0.396728515625,0.30517578125,1.8310546875
5.6074999000000005,0.45250412821769714,-0.292691171169281,9.545681953430176,-5.401611328125,0.18310546875,-0.518798828125
5.6124999,0.5883750915527344,-0.3298012912273407,9.876082420349121,5.523681640625,-0.030517578125,-1.983642578125
5.6174999,0.33039984107017517,-0.2651578485965729,9.911994934082031,-1.3427734375,-0.06103515625,2.166748046875
5.6224999,0.44173020124435425,-0.2801215946674347,9.561842918395996,-4.638671875,-0.42724609375,-1.068115234375
5.6274999,0.5135562419891357,-0.29807811975479126,9.995193481445312,6.40869140625,-0.335693359375,-1.922607421875
5.6324999,0.2561795711517334,-0.2388216257095337,9.961075782775879,-2.410888671875,-0.091552734375,2.166748046875
5.6374999,0.4794389009475708,-0.29149407148361206,9.654618263244629,-3.23486328125,0.48828125,-1.3427734375
5.6424999,0.5093663930892944,-0.31603461503982544,10.053253173828125,6.378173828125,0.3662109375,-1.220703125
5.647499900000001,0.31543606519699097,-0.2992752194404602,9.874286651611328,-3.5400390625,0.274658203125,2.227783203125
5.6524999000000005,0.5542576909065247,-0.3477577865123749,9.642048835754395,-2.197265625,0.244140625,-1.77001953125
5.6574999,0.3016694188117981,-0.27653029561042786,9.777320861816406,-4.425048828125,-0.06103515625,2.044677734375
5.6624999,0.5267243981361389,-0.2998737692832947,9.601945877075195,-0.79345703125,0.396728515625,-1.983642578125
5.6674999,0.43035775423049927,-0.2406172752380371,9.9586820602417,5.340576171875,-0.152587890625,-0.335693359375
5.6724999,0.3130418658256531,-0.284311443567276,9.697713851928711,-5.706787109375,-0.885009765625,1.46484375
5.6774999,0.5171475410461426,-0.29867666959762573,9.601945877075195,0.946044921875,0.30517578125,-2.50244140625
5.6824999,0.30705636739730835,-0.2663549482822418,9.66419506072998,-5.859375,0.30517578125,1.495361328125
5.687499900000001,0.4836287498474121,-0.21966800093650818,9.674968719482422,1.617431640625,0,-2.655029296875
5.6924999000000005,0.37409400939941406,-0.18315643072128296,10.053253173828125,4.08935546875,-0.1220703125,0.54931640625
5.6974999,0.2908954918384552,-0.2190694510936737,9.668983459472656,-6.500244140625,-0.274658203125,1.03759765625
5.7024999,0.5015852451324463,-0.23582886159420013,9.718064308166504,3.23486328125,0.54931640625,-2.99072265625
5.7074999,0.5793967843055725,-0.3513490855693817,9.853337287902832,5.55419921875,0.1220703125,-2.13623046875
5.7124999,0.3429693877696991,-0.27892449498176575,9.884461402893066,-0.6103515625,0.3662109375,1.983642578125
5.7174999,0.44592007994651794,-0.27054479718208313,9.518747329711914,-4.730224609375,-0.54931640625,-1.007080078125
5.7224999,0.5321113467216492,-0.31543606519699097,9.929951667785645,6.40869140625,0.335693359375,-1.8310546875
5.727499900000001,0.27054479718208313,-0.21607670187950134,9.919178009033203,-2.13623046875,0.335693359375,2.227783203125
5.7324999000000005,0.5398924946784973,-0.3100491166114807,9.611522674560547,-2.685546875,-0.152587890625,-1.89208984375
5.7374999,0.47465047240257263,-0.3274070918560028,9.998186111450195,6.256103515625,0.244140625,-0.946044921875
5.7424999,0.29628247022628784,-0.2454056739807129,9.7791166305542,-4.364013671875,-0.3662109375,1.983642578125
5.7474999,0.5416881442070007,-0.292691171169281,9.618705749511719,-1.556396484375,-0.335693359375,-2.044677734375
5.7524999,0.4489128291606903,-0.2885012924671173,9.988609313964844,5.950927734375,0.48828125,-0.18310546875
5.7574999,0.34656068682670593,-0.2687491476535797,9.75936508178711,-4.8828125,0.274658203125,1.861572265625
5.7624999,0.3381809890270233,-0.2693476974964142,9.700706481933594,-5.767822265625,0.244140625,1.556396484375
5.7674999,0.5111620426177979,-0.24660277366638184,9.687539100646973,0.823974609375,-0.762939453125,-2.716064453125
5.772499900000001,0.49799394607543945,-0.2495955228805542,9.710283279418945,2.288818359375,-0.3662109375,-2.777099609375
5.7774999000000005,0.3932476341724396,-0.25498247146606445,9.964667320251465,3.23486328125,-0.091552734375,1.0986328125
5.7824999,0.33937808871269226,-0.28790274262428284,9.546280860900879,-6.2255859375,-0.335693359375,0.67138671875
5.7874999,0.5488707423210144,-0.33099839091300964,9.68155288696289,3.631591796875,-0.213623046875,-2.8076171875
5.7924999,0.365115761756897,-0.2735375463962555,9.9371337890625,1.861572265625,0.396728515625,1.40380859375
5.7974999,0.36750996112823486,-0.28550854325294495,9.55705451965332,-5.9814453125,0.152587890625,0.18310546875
5.8024999,0.5596446394920349,-0.2849099934101105,9.79288387298584,4.791259765625,-0.030517578125,-2.532958984375
5.8074999,0.353743314743042,-0.23942017555236816,9.97364616394043,0.762939453125,0.152587890625,1.77001953125
5.812499900000001,0.4357447028160095,-0.26575639843940735,9.533112525939941,-5.523681640625,-0.335693359375,-0.48828125
5.8174999000000005,0.5961562395095825,-0.322618693113327,9.841964721679688,5.37109375,-0.3662109375,-2.166748046875
5.8224999,0.3603273630142212,-0.28790274262428284,9.8970308303833,-0.79345703125,0.091552734375,2.13623046875
5.8274999,0.5494692921638489,-0.34416648745536804,9.971850395202637,5.859375,-0.06103515625,-1.77001953125
5.8324999,0.28131869435310364,-0.26336219906806946,9.96825885772705,-2.0751953125,0.030517578125,2.044677734375
5.8374999,0.4626794755458832,-0.2944868206977844,9.651625633239746,-4.058837890625,-0.732421875,-1.373291015625
5.8424999,0.3214215636253357,-0.2645592987537384,9.780313491821289,-5.218505859375,-0.244140625,1.953125
5.8474999,0.5345055460929871,-0.2867056429386139,9.624691009521484,-0.1220703125,-0.42724609375,-2.44140625
5.852499900000001,0.31543606519699097,-0.2885012924671173,9.645041465759277,-5.950927734375,-0.1220703125,1.5869140625
5.8574999000000005,0.49799394607543945,-0.26336219906806946,9.628880500793457,1.28173828125,-0.3662109375,-2.685546875
5.8624999,0.3734954595565796,-0.23283611238002777,10.007762908935547,4.302978515625,-0.06103515625,0.579833984375
5.8674999,0.2944868206977844,-0.23523031175136566,9.642647743225098,-6.500244140625,-0.335693359375,1.190185546875
5.8724999,0.4878185987472534,-0.24361002445220947,9.701305389404297,2.655029296875,-0.1220703125,-2.655029296875
5.8774999,0.3884592354297638,-0.24839842319488525,9.99220085144043,3.35693359375,0.1220703125,1.0986328125
5.8824999,0.32860419154167175,-0.3010708689689636,9.582193374633789,-5.859375,-0.091552734375,0.701904296875
5.8874999,0.5380968451499939,-0.31603461503982544,9.722254753112793,3.204345703125,-0.67138671875,-2.655029296875
5.8924999,0.375291109085083,-0.284311443567276,9.999382972717285,2.25830078125,0.213623046875,1.3427734375
5.897499900000001,0.3627215623855591,-0.28969839215278625,9.600150108337402,-5.523681640625,0.640869140625,0.244140625
5.9024999000000005,0.5590460896492004,-0.27054479718208313,9.840168952941895,4.913330078125,0.335693359375,-2.3193359375
5.9074999,0.3471592366695404,-0.24241292476654053,10.008959770202637,0.91552734375,0,1.556396484375
5.9124999,0.4513070285320282,-0.26396074891090393,9.634865760803223,-3.936767578125,-0.213623046875,-1.28173828125
5.9174999,0.5213374495506287,-0.32441434264183044,10.053253173828125,6.40869140625,-0.030517578125,-1.434326171875
5.9224999,0.29209262132644653,-0.28790274262428284,9.906607627868652,-2.960205078125,0.030517578125,2.13623046875
5.9274999,0.5500678420066833,-0.3166331648826599,9.626486778259277,-2.960205078125,0.030517578125,-1.52587890625
5.9324999,0.50876784324646,-0.3489548861980438,10.005369186401367,5.92041015625,-0.244140625,-0.91552734375
5.937499900000001,0.3172317147254944,-0.2759317457675934,9.768941879272461,-4.119873046875,-0.30517578125,1.983642578125
5.9424999000000005,0.5380968451499939,-0.2998737692832947,9.603142738342285,-1.5869140625,0.244140625,-2.01416015625
5.9474999,0.5315127968788147,-0.2968810200691223,9.633668899536133,0.18310546875,0.335693359375,-2.62451171875
5.9524999,0.4321534037590027,-0.29867666959762573,10.008959770202637,5.279541015625,-0.030517578125,-0.06103515625
5.9574999,0.3423708379268646,-0.2944868206977844,9.694122314453125,-5.706787109375,-0.152587890625,1.678466796875
5.9624999,0.5225345492362976,-0.27653029561042786,9.650428771972656,1.5869140625,0.762939453125,-2.685546875
5.9674999,0.39145198464393616,-0.2555810213088989,10.02691650390625,4.45556640625,0.030517578125,0.457763671875
5.9724999,0.2944868206977844,-0.20350714027881622,9.664793968200684,-6.500244140625,-0.335693359375,1.15966796875
5.977499900000001,0.47465047240257263,-0.20709845423698425,9.717466354370117,2.410888671875,-0.06103515625,-2.655029296875
5.9824999000000005,0.37888240814208984,-0.24121582508087158,10.013150215148926,3.60107421875,-0.06103515625,0.946044921875
5.9874999,0.3124433159828186,-0.25438392162323,9.608530044555664,-6.40869140625,0.152587890625,0.823974609375
5.9924999,0.5345055460929871,-0.31603461503982544,9.695320129394531,3.692626953125,-0.274658203125,-2.62451171875
5.9974999,0.38067805767059326,-0.30885201692581177,9.970054626464844,2.532958984375,0.06103515625,1.28173828125
6.0024999,0.5512649416923523,-0.3321954905986786,9.870695114135742,5.79833984375,-0.244140625,-2.166748046875
6.0074999,0.28311434388160706,-0.23163901269435883,9.883264541625977,-1.739501953125,0.1220703125,2.50244140625
6.0124999,0.4357447028160095,-0.2663549482822418,9.551667213439941,-3.84521484375,-0.396728515625,-1.40380859375
6.017499900000001,0.5021837949752808,-0.3196259140968323,9.97065258026123,6.40869140625,0.1220703125,-1.739501953125
6.022499900000001,0.27234044671058655,-0.272938996553421,9.88506031036377,-2.777099609375,0.30517578125,2.471923828125
6.0274999000000005,0.5386953949928284,-0.27234044671058655,9.59596061706543,-0.335693359375,0.54931640625,-2.227783203125
6.0324999,0.4321534037590027,-0.2867056429386139,9.980229377746582,5.645751953125,0.6103515625,-0.091552734375
6.0374999,0.33698388934135437,-0.29209262132644653,9.68694019317627,-5.462646484375,-0.48828125,1.556396484375
6.0424999,0.5195417404174805,-0.2950853705406189,9.625887870788574,1.0986328125,0.42724609375,-2.716064453125
6.0474999,0.38905778527259827,-0.2801215946674347,10.011953353881836,4.69970703125,0.67138671875,0.396728515625
6.0524999,0.2950853705406189,-0.23044191300868988,9.648633003234863,-5.859375,-0.244140625,1.15966796875
6.0574999,0.48243165016174316,-0.22385786473751068,9.714473724365234,2.227783203125,-0.1220703125,-2.62451171875
6.062499900000001,0.547075092792511,-0.3172317147254944,9.731831550598145,3.2958984375,-0.244140625,-2.685546875
6.0674999000000005,0.3992331326007843,-0.30526071786880493,10.001777648925781,2.685546875,0.274658203125,1.373291015625
6.0724999,0.37888240814208984,-0.29628247022628784,9.592369079589844,-5.950927734375,0.42724609375,0.244140625
6.0774999,0.5680243372917175,-0.31543606519699097,9.81263542175293,4.7607421875,0.457763671875,-2.716064453125
6.0824999,0.3555389642715454,-0.2519897222518921,10.034099578857422,1.373291015625,0.091552734375,1.953125
6.0874999,0.39145198464393616,-0.2651578485965729,9.592369079589844,-5.55419921875,0.1220703125,-0.030517578125
6.0924999,0.568622887134552,-0.3280056416988373,9.854534149169922,5.615234375,0.3662109375,-2.532958984375
6.0974999,0.33758243918418884,-0.28371289372444153,9.920374870300293,0,0.1220703125,2.0751953125
6.102499900000001,0.4465186297893524,-0.2968810200691223,9.5007905960083,-5.2490234375,-0.457763671875,-0.48828125
6.1074999000000005,0.5578489899635315,-0.35015198588371277,9.854534149169922,5.859375,0,-2.01416015625
6.1124999,0.29568392038345337,-0.24600422382354736,9.861717224121094,-1.434326171875,-0.213623046875,2.13623046875
6.1174999,0.5135562419891357,-0.322618693113327,9.94970417022705,6.28662109375,0.3662109375,-1.5869140625
6.1224999,0.27712884545326233,-0.26096799969673157,9.8599214553833,-2.716064453125,0.1220703125,2.197265625
6.1274999,0.52552729845047,-0.3100491166114807,9.610325813293457,-3.082275390625,0.457763671875,-1.678466796875
6.1324999,0.5093663930892944,-0.34356793761253357,10.005369186401367,6.439208984375,0.335693359375,-1.129150390625
6.1374999,0.32202014327049255,-0.27712884545326233,9.832986831665039,-3.662109375,-0.3662109375,2.044677734375
6.142499900000001,0.5518634915351868,-0.3016694188117981,9.616909980773926,-2.01416015625,-0.42724609375,-2.13623046875
6.147499900000001,0.4531026780605316,-0.284311443567276,10.00716495513916,5.7373046875,-0.244140625,-0.48828125
6.1524999000000005,0.31184476613998413,-0.23283611238002777,9.783905029296875,-5.06591796875,-0.518798828125,1.861572265625
6.1574999,0.5530605912208557,-0.2759317457675934,9.636063575744629,-0.579833984375,0.213623046875,-2.227783203125
6.1624999,0.45489832758903503,-0.27054479718208313,10.014347076416016,5.67626953125,0.48828125,0.06103515625
6.1674999,0.3579331636428833,-0.28072014451026917,9.717466354370117,-5.279541015625,-0.244140625,1.617431640625
6.1724999,0.536899745464325,-0.27473464608192444,9.671378135681152,1.251220703125,0.6103515625,-2.349853515625
6.1774999,0.5273229479789734,-0.3190273642539978,9.659406661987305,3.570556640625,-0.1220703125,-2.777099609375
6.1824999,0.37888240814208984,-0.2974795699119568,9.904812812805176,2.471923828125,0.335693359375,1.40380859375
6.187499900000001,0.365115761756897,-0.3082534670829773,9.525331497192383,-6.04248046875,0.48828125,0.30517578125
6.1924999000000005,0.5638344883918762,-0.31184476613998413,9.745597839355469,4.730224609375,0.42724609375,-2.62451171875
6.1974999,0.3555389642715454,-0.25019407272338867,9.97603988647461,0.8544921875,0.152587890625,1.739501953125
6.2024999,0.41539400815963745,-0.2669534981250763,9.566631317138672,-6.011962890625,-0.54931640625,-0.244140625
6.2074999,0.5841852426528931,-0.3196259140968323,9.857526779174805,5.523681640625,0.091552734375,-2.227783203125
6.2124999,0.4495113790035248,-0.30286651849746704,9.541492462158203,-4.974365234375,0.274658203125,-0.640869140625
6.2174999,0.5530605912208557,-0.3411737382411957,9.931747436523438,6.195068359375,0.274658203125,-2.01416015625
6.2224999,0.292691171169281,-0.24779987335205078,9.943120002746582,-1.495361328125,0,2.0751953125
6.227499900000001,0.4578910768032074,-0.2861070930957794,9.61571216583252,-3.936767578125,0,-1.373291015625
6.2324999000000005,0.5303156971931458,-0.3214215636253357,10.053851127624512,6.256103515625,0,-1.46484375
6.2374999,0.30047231912612915,-0.28311434388160706,9.928155899047852,-2.593994140625,-0.152587890625,2.227783203125
6.2424999,0.32620999217033386,-0.2663549482822418,9.838972091674805,-3.997802734375,-0.152587890625,2.044677734375
6.2474999,0.5476736426353455,-0.2908954918384552,9.631275177001953,-1.15966796875,0.3662109375,-1.922607421875
6.2524999,0.44831427931785583,-0.2603694200515747,9.988609313964844,6.16455078125,0.30517578125,-0.518798828125
6.2574999,0.3124433159828186,-0.25019407272338867,9.752182006835938,-4.913330078125,-0.274658203125,1.678466796875
6.2624999,0.3842693865299225,-0.228047713637352,10.016142845153809,4.669189453125,0.6103515625,0.6103515625
6.267499900000001,0.29209262132644653,-0.21128830313682556,9.648633003234863,-6.04248046875,-0.1220703125,1.129150390625
6.272499900000001,0.4842272996902466,-0.2346317619085312,9.696516990661621,2.777099609375,0.335693359375,-2.74658203125
6.2774999000000005,0.3902548849582672,-0.23283611238002777,9.989208221435547,4.0283203125,0.42724609375,1.251220703125
6.2824999,0.3280056416988373,-0.28371289372444153,9.580398559570312,-5.889892578125,-0.18310546875,0.762939453125
6.2874999,0.5416881442070007,-0.3315969407558441,9.701904296875,3.631591796875,0.030517578125,-2.716064453125
6.2924999,0.3705027103424072,-0.2885012924671173,9.983222961425781,2.471923828125,0.213623046875,1.373291015625
6.2974999,0.365115761756897,-0.31783026456832886,9.57201862335205,-6.103515625,-0.06103515625,0.030517578125
6.3024999,0.5620388388633728,-0.3106476664543152,9.824007987976074,4.974365234375,0.701904296875,-2.288818359375
6.3074999,0.42377370595932007,-0.292691171169281,9.558850288391113,-5.706787109375,-0.091552734375,-0.457763671875
6.312499900000001,0.5752069354057312,-0.32381579279899597,9.856329917907715,5.859375,0.67138671875,-2.0751953125
6.3174999000000005,0.33518823981285095,-0.2890998423099518,9.899425506591797,-0.396728515625,0.06103515625,2.044677734375
6.3224999,0.43514615297317505,-0.30286651849746704,9.520543098449707,-4.45556640625,0.152587890625,-0.91552734375
6.3274999,0.5261258482933044,-0.3148375153541565,9.932345390319824,6.622314453125,0.732421875,-1.861572265625
6.3324999,0.2663549482822418,-0.2454056739807129,9.941922187805176,-1.52587890625,0.030517578125,2.044677734375
6.3374999,0.456095427274704,-0.3010708689689636,9.62828254699707,-3.814697265625,-0.244140625,-1.28173828125
6.3424999,0.5153518915176392,-0.30286651849746704,10.055646896362305,6.89697265625,0.244140625,-1.3427734375
6.3474999,0.2968810200691223,-0.3064578175544739,9.897629737854004,-3.41796875,0.30517578125,2.3193359375
6.352499900000001,0.5512649416923523,-0.345363587141037,9.654019355773926,-2.44140625,0.396728515625,-1.800537109375
6.3574999000000005,0.5033808946609497,-0.2932897210121155,10.042478561401367,6.622314453125,0.48828125,-1.068115234375
6.3624999,0.32860419154167175,-0.2819172441959381,9.843161582946777,-4.57763671875,0.335693359375,2.197265625
6.3674999,0.47405192255973816,-0.23283611238002777,9.673771858215332,1.15966796875,-0.244140625,-2.8076171875
6.3724999,0.3477577865123749,-0.2513911724090576,10.038289070129395,3.90625,-0.152587890625,0.457763671875
6.3774999,0.26156654953956604,-0.22505496442317963,9.663596153259277,-6.134033203125,-0.701904296875,1.068115234375
6.3824999,0.4710591733455658,-0.28311434388160706,9.70310115814209,2.899169921875,0.06103515625,-2.8076171875
6.3874999,0.36810851097106934,-0.2974795699119568,9.970054626464844,3.143310546875,0.30517578125,1.03759765625
6.392499900000001,0.3292027413845062,-0.2974795699119568,9.530718803405762,-6.378173828125,-0.3662109375,0.6103515625
6.397499900000001,0.5422866940498352,-0.3190273642539978,9.697115898132324,3.936767578125,-0.1220703125,-2.410888671875
6.4024999000000005,0.365115761756897,-0.2801215946674347,9.604340553283691,-6.011962890625,-0.30517578125,0.030517578125
6.4074999,0.5638344883918762,-0.3106476664543152,9.880870819091797,5.126953125,0,-2.50244140625
6.4124999,0.35015198588371277,-0.272938996553421,10.032901763916016,0.701904296875,-0.18310546875,1.708984375
6.4174999,0.4429273009300232,-0.28131869435310364,9.59177017211914,-5.279541015625,0.06103515625,-0.457763671875
6.4224999,0.585382342338562,-0.33279404044151306,9.888052940368652,5.4931640625,0.274658203125,-1.953125
6.4274999,0.33698388934135437,-0.26096799969673157,9.889848709106445,-0.885009765625,-0.152587890625,2.01416015625
6.4324999,0.44352585077285767,-0.26755204796791077,9.518148422241211,-4.669189453125,0.030517578125,-1.03759765625
6.437499900000001,0.5201402902603149,-0.3172317147254944,9.91977596282959,6.317138671875,0.3662109375,-1.8310546875
6.4424999000000005,0.25498247146606445,-0.24839842319488525,9.88386344909668,-1.983642578125,0.030517578125,1.922607421875
6.4474999,0.46746787428855896,-0.284311443567276,9.586981773376465,-3.326416015625,0.18310546875,-1.556396484375
6.4524999,0.49320554733276367,-0.3447650372982025,9.99459457397461,6.195068359375,0.18310546875,-1.068115234375
6.4574999,0.28969839215278625,-0.28550854325294495,9.838972091674805,-3.692626953125,-0.06103515625,2.227783203125
6.4624999,0.5309142470359802,-0.3058592677116394,9.61331844329834,-2.716064453125,-0.762939453125,-2.13623046875
6.4674999,0.4620809257030487,-0.322618693113327,10.019734382629395,6.439208984375,0.54931640625,-0.885009765625
6.4724999,0.29867666959762573,-0.24899697303771973,9.798869132995605,-4.150390625,0.518798828125,1.983642578125
6.477499900000001,0.5482721924781799,-0.2825157940387726,9.644442558288574,-0.579833984375,0.06103515625,-2.227783203125
6.4824999000000005,0.45250412821769714,-0.3010708689689636,10.002376556396484,5.92041015625,0.244140625,-0.42724609375
6.4874999,0.3531447649002075,-0.27892449498176575,9.730634689331055,-5.401611328125,0.48828125,1.739501953125
6.4924999,0.557250440120697,-0.292691171169281,9.630077362060547,0.244140625,-0.335693359375,-2.349853515625
6.4974999,0.4225766062736511,-0.2932897210121155,10.005369186401367,5.035400390625,0.030517578125,0.1220703125
6.5024999,0.3166331648826599,-0.24480712413787842,9.66958236694336,-5.859375,-0.213623046875,1.3427734375
6.5074999,0.48482584953308105,-0.2214636504650116,9.700706481933594,1.861572265625,0.06103515625,-2.593994140625
6.5124999,0.365115761756897,-0.25498247146606445,10.04846477508545,3.814697265625,0.335693359375,0.67138671875
6.517499900000001,0.30047231912612915,-0.2172738015651703,9.65222454071045,-5.828857421875,-0.244140625,0.885009765625
6.522499900000001,0.3423708379268646,-0.2753331959247589,9.552266120910645,-5.950927734375,-0.48828125,0.396728515625
6.5274999000000005,0.5488707423210144,-0.3058592677116394,9.75278091430664,4.2724609375,-0.213623046875,-2.62451171875
6.5324999,0.35015198588371277,-0.2663549482822418,9.996989250183105,1.46484375,0,1.52587890625
6.5374999,0.39205053448677063,-0.24899697303771973,9.596558570861816,-5.645751953125,0.091552734375,-0.030517578125
6.5424999,0.5895721912384033,-0.31603461503982544,9.864110946655273,5.279541015625,0.48828125,-2.288818359375
6.5474999,0.3758896589279175,-0.2777273952960968,9.97065258026123,0.244140625,0.091552734375,1.922607421875
6.5524999,0.4752490520477295,-0.2801215946674347,9.546878814697266,-5.157470703125,0.1220703125,-0.579833984375
6.5574999,0.586579442024231,-0.36152446269989014,9.90361499786377,5.67626953125,0.030517578125,-1.983642578125
6.562499900000001,0.3166331648826599,-0.2495955228805542,9.921571731567383,-0.946044921875,-0.152587890625,1.983642578125
6.5674999000000005,0.43993455171585083,-0.25498247146606445,9.59715747833252,-4.119873046875,-0.335693359375,-1.15966796875
6.5724999,0.5009866952896118,-0.3292027413845062,10.014945983886719,6.16455078125,0.213623046875,-1.678466796875
6.5774999,0.4908113479614258,-0.2885012924671173,9.617507934570312,-3.47900390625,-0.18310546875,-1.52587890625
6.5824999,0.49140989780426025,-0.35673606395721436,9.980828285217285,6.256103515625,-0.1220703125,-1.251220703125
6.5874999,0.3016694188117981,-0.2663549482822418,9.793481826782227,-3.936767578125,-0.06103515625,1.953125
6.5924999,0.547075092792511,-0.29568392038345337,9.594164848327637,-1.739501953125,-0.091552734375,-2.044677734375
6.5974999,0.4507084786891937,-0.3208230137825012,10.00955867767334,6.103515625,0.152587890625,-0.640869140625
6.602499900000001,0.30885201692581177,-0.24241292476654053,9.799467086791992,-5.0048828125,0.274658203125,1.800537109375
6.6074999000000005,0.5416881442070007,-0.2902969419956207,9.655815124511719,-0.885009765625,0.030517578125,-2.25830078125
6.6124999,0.4357447028160095,-0.304063618183136,10.034697532653809,5.31005859375,-0.244140625,0.030517578125
6.6174999,0.3345896899700165,-0.2825157940387726,9.732429504394531,-5.92041015625,-0.640869140625,1.434326171875
6.6224999,0.5165489912033081,-0.2825157940387726,9.682151794433594,0.48828125,-0.3662109375,-2.62451171875
6.6274999,0.37648820877075195,-0.28730419278144836,10.054450035095215,4.82177734375,0.335693359375,0.579833984375
6.6324999,0.2849099934101105,-0.22385786473751068,9.707889556884766,-6.103515625,-0.06103515625,1.312255859375
6.6374999,0.365115761756897,-0.25977087020874023,10.02691650390625,3.814697265625,0.6103515625,0.885009765625
6.642499900000001,0.30526071786880493,-0.2454056739807129,9.592369079589844,-6.04248046875,0.213623046875,0.67138671875
6.647499900000001,0.5267243981361389,-0.3166331648826599,9.673771858215332,3.7841796875,0.091552734375,-2.899169921875
6.6524999000000005,0.3758896589279175,-0.3034650683403015,9.93474006652832,2.685546875,-0.1220703125,1.3427734375
6.6574999,0.3645172119140625,-0.29388827085494995,9.55585765838623,-6.34765625,-0.335693359375,0.274658203125
6.6624999,0.569819986820221,-0.3274070918560028,9.798869132995605,4.364013671875,-0.152587890625,-2.655029296875
6.6674999,0.3585317134857178,-0.27234044671058655,10.028712272644043,1.129150390625,-0.18310546875,1.77001953125
6.6724999,0.4225766062736511,-0.2753331959247589,9.59596061706543,-5.79833984375,-0.18310546875,-0.18310546875
6.6774999,0.5883750915527344,-0.345363587141037,9.876082420349121,5.31005859375,-0.1220703125,-2.288818359375
6.6824999,0.35494041442871094,-0.2735375463962555,9.942521095275879,-0.335693359375,0.030517578125,2.0751953125
6.687499900000001,0.4531026780605316,-0.26336219906806946,9.543886184692383,-4.94384765625,-0.213623046875,-0.762939453125
6.6924999000000005,0.5422866940498352,-0.32620999217033386,9.928155899047852,6.16455078125,0,-1.983642578125
6.6974999,0.44352585077285767,-0.2663549482822418,9.595361709594727,-3.631591796875,0.18310546875,-1.251220703125
6.7024999,0.5021837949752808,-0.34835633635520935,10.006566047668457,6.439208984375,0.18310546875,-1.52587890625
6.7074999,0.2783259451389313,-0.2819172441959381,9.868300437927246,-2.8076171875,0,2.227783203125
6.7124999,0.5398924946784973,-0.30885201692581177,9.610325813293457,-2.960205078125,-0.30517578125,-1.953125
6.7174999,0.4920084476470947,-0.3477577865123749,10.016142845153809,6.2255859375,-0.1220703125,-1.220703125
6.7224999,0.31124621629714966,-0.23942017555236816,9.797073364257812,-4.058837890625,-0.457763671875,2.01416015625
6.727499900000001,0.5446808934211731,-0.2908954918384552,9.643245697021484,-1.373291015625,-0.1220703125,-2.105712890625
6.7324999000000005,0.436343252658844,-0.3016694188117981,9.990405082702637,6.134033203125,0.54931640625,-0.396728515625
6.7374999,0.31124621629714966,-0.2561795711517334,9.757569313049316,-4.69970703125,0.1220703125,1.739501953125
6.7424999,0.5291185975074768,-0.2944868206977844,9.618106842041016,-0.457763671875,-0.335693359375,-2.5634765625
6.7474999,0.42018240690231323,-0.2849099934101105,9.99220085144043,5.126953125,0.213623046875,0
6.7524999,0.314238965511322,-0.25019407272338867,9.6803560256958,-6.16455078125,-0.06103515625,1.739501953125
6.7574999,0.3992331326007843,-0.3016694188117981,10.004770278930664,3.326416015625,-0.152587890625,0.823974609375
6.7624999,0.35075053572654724,-0.31364041566848755,9.585186958312988,-6.378173828125,-0.396728515625,0.42724609375
6.767499900000001,0.35075053572654724,-0.31364041566848755,9.585186958312988,-6.378173828125,-0.396728515625,0.42724609375
6.772499900000001,0.568622887134552,-0.363918662071228,9.715670585632324,3.875732421875,-0.06103515625,-2.62451171875
6.7774999000000005,0.38127660751342773,-0.3016694188117981,9.997588157653809,1.861572265625,0.3662109375,1.434326171875
6.7824999,0.3866635859012604,-0.2861070930957794,9.587580680847168,-5.67626953125,-0.091552734375,0.1220703125
6.7874999,0.5776011347770691,-0.3100491166114807,9.874286651611328,5.2490234375,0.244140625,-2.3193359375
6.7924999,0.35673606395721436,-0.23942017555236816,10.034099578857422,0.274658203125,0.152587890625,1.8310546875
6.7974999,0.4357447028160095,-0.24779987335205078,9.59715747833252,-5.584716796875,-0.79345703125,-0.579833984375
6.8024999,0.44592007994651794,-0.26096799969673157,9.55705451965332,-4.69970703125,-0.213623046875,-0.946044921875
6.8074999,0.44592007994651794,-0.26096799969673157,9.55705451965332,-4.69970703125,-0.213623046875,-0.946044921875
6.812499900000001,0.5273229479789734,-0.31543606519699097,9.988011360168457,6.011962890625,-0.1220703125,-1.77001953125
6.8174999000000005,0.2717418968677521,-0.21847090125083923,9.965266227722168,-2.288818359375,-0.42724609375,2.227783203125
6.8224999,0.4908113479614258,-0.28131869435310364,9.659406661987305,-3.692626953125,-0.42724609375,-1.434326171875
6.8274999,0.5171475410461426,-0.34835633635520935,10.050858497619629,6.439208984375,0.152587890625,-1.373291015625
6.8324999,0.3082534670829773,-0.2932897210121155,9.86770248413086,-3.387451171875,0.1220703125,2.105712890625
6.8374999,0.5488707423210144,-0.33698388934135437,9.627683639526367,-2.13623046875,0.244140625,-1.800537109375
6.8424999,0.46627077460289,-0.33279404044151306,10.005369186401367,6.439208984375,-0.1220703125,-0.79345703125
6.8474999,0.3034650683403015,-0.24660277366638184,9.789292335510254,-4.730224609375,-0.213623046875,1.89208984375
6.852499900000001,0.5428852438926697,-0.2735375463962555,9.613917350769043,-1.007080078125,0,-2.410888671875
6.8574999000000005,0.45429977774620056,-0.2585737705230713,9.984419822692871,5.67626953125,0.244140625,-0.274658203125
6.8624999,0.3058592677116394,-0.24181437492370605,9.667786598205566,-6.561279296875,-0.396728515625,0.67138671875
6.8674999,0.5219359993934631,-0.32202014327049255,9.743204116821289,3.326416015625,-0.06103515625,-2.62451171875
6.8724999,0.39145198464393616,-0.2885012924671173,9.993996620178223,2.716064453125,-0.152587890625,1.312255859375
6.8774999,0.3561375141143799,-0.3064578175544739,9.581595420837402,-6.53076171875,-0.518798828125,0.274658203125
6.8824999,0.3579331636428833,-0.2735375463962555,9.929352760314941,0,0.30517578125,2.0751953125
6.8874999,0.4668693244457245,-0.2944868206977844,9.525331497192383,-5.31005859375,-0.3662109375,-0.67138671875
6.892499900000001,0.5817909836769104,-0.3429693877696991,9.923966407775879,6.195068359375,0.518798828125,-2.13623046875
6.897499900000001,0.30885201692581177,-0.243011474609375,9.942521095275879,-1.190185546875,0.091552734375,2.01416015625
6.9024999000000005,0.45908817648887634,-0.28730419278144836,9.61212158203125,-3.753662109375,0.48828125,-1.129150390625
6.9074999,0.5171475410461426,-0.30945056676864624,10.042478561401367,6.28662109375,0.152587890625,-1.922607421875
6.9124999,0.2795230448246002,-0.26994624733924866,9.924564361572266,-3.082275390625,-0.06103515625,2.166748046875
6.9174999,0.5279214978218079,-0.3208230137825012,9.65222454071045,-2.86865234375,-0.30517578125,-1.800537109375
6.9224999,0.4985924959182739,-0.32620999217033386,10.046070098876953,6.317138671875,-0.1220703125,-1.220703125
6.9274999,0.3106476664543152,-0.27653029561042786,9.837176322937012,-4.08935546875,-0.457763671875,2.044677734375
6.9324999,0.5410895943641663,-0.3124433159828186,9.636661529541016,-2.0751953125,-0.67138671875,-2.197265625
6.937499900000001,0.44412440061569214,-0.26575639843940735,10.001777648925781,6.195068359375,0.732421875,-0.518798828125
6.9424999000000005,0.5374982953071594,-0.2968810200691223,9.61331844329834,0.244140625,0.518798828125,-2.44140625
6.9474999,0.4345476031303406,-0.2621650993824005,9.984419822692871,5.79833984375,0.396728515625,-0.06103515625
6.9524999,0.32680854201316833,-0.29867666959762573,9.667187690734863,-5.767822265625,0.335693359375,1.5869140625
6.9574999,0.5063736438751221,-0.26575639843940735,9.651625633239746,1.15966796875,0.213623046875,-2.410888671875
6.9624999,0.3770867586135864,-0.24001872539520264,10.031704902648926,4.364013671875,-0.06103515625,0.518798828125
6.9674999,0.29149407148361206,-0.2298433631658554,9.662399291992188,-6.256103515625,-0.1220703125,1.220703125
6.9724999,0.4866214990615845,-0.25258827209472656,9.709086418151855,2.960205078125,0.518798828125,-2.62451171875
6.977499900000001,0.38307225704193115,-0.2621650993824005,9.980229377746582,3.41796875,0.579833984375,0.91552734375
6.9824999000000005,0.3250128924846649,-0.3100491166114807,9.563039779663086,-5.9814453125,0.1220703125,0.823974609375
6.9874999,0.536899745464325,-0.32620999217033386,9.699509620666504,4.486083984375,0.396728515625,-2.685546875
6.9924999,0.353743314743042,-0.2819172441959381,9.976638793945312,1.77001953125,-0.152587890625,1.434326171875
6.9974999,0.35254621505737305,-0.2992752194404602,9.577404975891113,-6.561279296875,-0.54931640625,0.3662109375
7.0024999,0.4345476031303406,-0.28969839215278625,9.560047149658203,-5.4931640625,-0.030517578125,-0.457763671875
7.0074999,0.5937620401382446,-0.31603461503982544,9.864110946655273,5.9814453125,0.42724609375,-2.288818359375
7.0124999,0.35075053572654724,-0.2735375463962555,9.895236015319824,-0.8544921875,0.1220703125,2.166748046875
7.017499900000001,0.4620809257030487,-0.2753331959247589,9.537302017211914,-4.486083984375,-0.274658203125,-1.068115234375
7.022499900000001,0.5363011956214905,-0.29807811975479126,9.956287384033203,6.134033203125,-0.1220703125,-1.922607421875
7.0274999000000005,0.26396074891090393,-0.24839842319488525,9.93354320526123,-2.227783203125,-0.396728515625,2.25830078125
7.0324999,0.4692635238170624,-0.2968810200691223,9.63067626953125,-3.72314453125,0,-1.3427734375
7.0374999,0.4944026470184326,-0.32680854201316833,10.036493301391602,6.439208984375,0.335693359375,-1.495361328125
7.0424999,0.5297171473503113,-0.3250128924846649,9.640253067016602,-2.25830078125,-0.335693359375,-1.983642578125
7.0474999,0.4273650050163269,-0.26815059781074524,9.97065258026123,5.767822265625,0.244140625,-0.457763671875
7.0524999,0.3190273642539978,-0.26815059781074524,9.703699111938477,-5.645751953125,0.152587890625,1.739501953125
7.0574999,0.5195417404174805,-0.2825157940387726,9.620500564575195,0.6103515625,0.030517578125,-2.532958984375
7.062499900000001,0.39384618401527405,-0.26156654953956604,9.982025146484375,5.126953125,-0.213623046875,0.18310546875
7.0674999000000005,0.2944868206977844,-0.25498247146606445,9.638457298278809,-5.9814453125,-0.396728515625,1.220703125
7.0724999,0.47584760189056396,-0.22445641458034515,9.64683723449707,2.349853515625,0.54931640625,-2.777099609375
7.0774999,0.36810851097106934,-0.23403321206569672,9.987412452697754,3.96728515625,-0.030517578125,0.823974609375
7.0824999,0.30526071786880493,-0.228047713637352,9.611522674560547,-6.072998046875,-0.640869140625,0.79345703125
7.0874999,0.5147533416748047,-0.28072014451026917,9.680954933166504,3.082275390625,0.3662109375,-2.5634765625
7.0924999,0.3926490843296051,-0.28790274262428284,9.955090522766113,2.716064453125,0.457763671875,1.220703125
7.0974999,0.5704185366630554,-0.314238965511322,9.841964721679688,5.218505859375,0,-2.0751953125
7.102499900000001,0.36092591285705566,-0.2819172441959381,9.956886291503906,0.30517578125,-0.30517578125,1.953125
7.1074999000000005,0.45908817648887634,-0.2759317457675934,9.545083999633789,-5.43212890625,-0.030517578125,-0.48828125
7.1124999,0.5793967843055725,-0.32680854201316833,9.910199165344238,6.04248046875,0.457763671875,-1.8310546875
7.1174999,0.3130418658256531,-0.2406172752380371,9.920374870300293,-1.129150390625,0.091552734375,2.01416015625
7.1224999,0.26815059781074524,-0.25498247146606445,9.895833969116211,-2.86865234375,0.091552734375,2.13623046875
7.1274999,0.5123591423034668,-0.29209262132644653,9.621099472045898,-2.716064453125,0.091552734375,-1.5869140625
7.1324999,0.32022446393966675,-0.2861070930957794,9.830592155456543,-4.058837890625,-0.18310546875,1.953125
7.1374999,0.5656301379203796,-0.3130418658256531,9.625288963317871,-1.5869140625,0.6103515625,-2.13623046875
7.142499900000001,0.4710591733455658,-0.30945056676864624,10.032901763916016,5.950927734375,-0.18310546875,-0.732421875
7.147499900000001,0.32680854201316833,-0.2454056739807129,9.809642791748047,-4.852294921875,-0.48828125,2.044677734375
7.1524999000000005,0.5632359385490417,-0.2669534981250763,9.66539192199707,-0.335693359375,0.6103515625,-2.25830078125
7.1574999,0.456095427274704,-0.2669534981250763,10.023923873901367,5.37109375,0.335693359375,-0.091552734375
7.1624999,0.3531447649002075,-0.26336219906806946,9.725247383117676,-5.462646484375,-0.1220703125,1.739501953125
7.1674999,0.5285200476646423,-0.2579752206802368,9.661202430725098,0.762939453125,0.213623046875,-2.593994140625
7.1724999,0.3824737071990967,-0.2669534981250763,10.033500671386719,4.547119140625,0.091552734375,0.396728515625
7.1774999,0.2801215946674347,-0.2148796021938324,9.66958236694336,-6.011962890625,-0.3662109375,1.434326171875
7.1824999,0.4644751250743866,-0.2214636504650116,9.710283279418945,2.13623046875,-0.152587890625,-2.685546875
7.187499900000001,0.3693056106567383,-0.25318682193756104,10.00955867767334,3.692626953125,-0.30517578125,0.79345703125
7.1924999000000005,0.38486793637275696,-0.29209262132644653,9.584588050842285,-5.79833984375,0.457763671875,0.42724609375
7.1974999,0.5823895931243896,-0.322618693113327,9.816825866699219,4.669189453125,-0.030517578125,-2.38037109375
7.2024999,0.424970805644989,-0.27473464608192444,9.601346969604492,-5.615234375,0.06103515625,-0.457763671875
7.2074999,0.5871779918670654,-0.3357867896556854,9.87967300415039,5.645751953125,0.30517578125,-2.0751953125
7.2124999,0.3513490855693817,-0.2861070930957794,9.920374870300293,-0.396728515625,0.030517578125,1.77001953125
7.2174999,0.4471171796321869,-0.29149407148361206,9.520543098449707,-5.0048828125,-0.42724609375,-0.9765625
7.2224999,0.5440823435783386,-0.34416648745536804,9.897629737854004,6.256103515625,0.030517578125,-1.64794921875
7.227499900000001,0.2735375463962555,-0.23702596127986908,9.915586471557617,-2.044677734375,0.030517578125,2.25830078125
7.2324999000000005,0.44771572947502136,-0.262763649225235,9.598953247070312,-4.425048828125,-0.823974609375,-1.312255859375
7.2374999,0.2867056429386139,-0.2753331959247589,9.883264541625977,-2.960205078125,-0.18310546875,2.105712890625
7.2424999,0.5476736426353455,-0.3208230137825012,9.621698379516602,-2.197265625,0.518798828125,-1.678466796875
7.2474999,0.4991910457611084,-0.36152446269989014,10.013150215148926,6.256103515625,-0.152587890625,-1.129150390625
7.2524999,0.31783026456832886,-0.2819172441959381,9.820416450500488,-4.119873046875,-0.42724609375,2.044677734375
7.2574999,0.5476736426353455,-0.3016694188117981,9.646238327026367,-1.983642578125,-0.274658203125,-1.922607421875
7.2624999,0.43754035234451294,-0.2974795699119568,10.046669006347656,5.615234375,-0.18310546875,-0.42724609375
7.267499900000001,0.31184476613998413,-0.25677812099456787,9.798869132995605,-5.035400390625,-0.579833984375,1.708984375
7.272499900000001,0.5291185975074768,-0.292691171169281,9.672574996948242,0.18310546875,0.42724609375,-2.38037109375
7.2774999000000005,0.4165911078453064,-0.3016694188117981,10.033500671386719,5.584716796875,0.823974609375,0.1220703125
7.2824999,0.4836287498474121,-0.23702596127986908,9.704896926879883,2.685546875,0,-2.593994140625
7.2874999,0.3842693865299225,-0.26815059781074524,9.961075782775879,3.204345703125,0.091552734375,1.0986328125
7.2924999,0.3280056416988373,-0.28730419278144836,9.542689323425293,-6.256103515625,-0.640869140625,0.396728515625
7.2974999,0.5315127968788147,-0.34835633635520935,9.68274974822998,3.60107421875,-0.152587890625,-2.685546875
7.3024999,0.3579331636428833,-0.30705636739730835,9.936535835266113,2.288818359375,0.274658203125,1.373291015625
7.3074999,0.3585317134857178,-0.292691171169281,9.566631317138672,-5.889892578125,-0.030517578125,0.152587890625
7.312499900000001,0.5638344883918762,-0.3106476664543152,9.812037467956543,4.791259765625,0.1220703125,-2.349853515625
7.3174999000000005,0.3579331636428833,-0.2495955228805542,9.987412452697754,1.068115234375,-0.06103515625,1.708984375
7.3224999,0.44173020124435425,-0.27054479718208313,9.54209041595459,-5.67626953125,-0.030517578125,-0.518798828125
7.3274999,0.5937620401382446,-0.33698388934135437,9.838373184204102,5.7373046875,0.1220703125,-2.227783203125
7.3324999,0.3471592366695404,-0.26815059781074524,9.88386344909668,-0.335693359375,-0.152587890625,1.922607421875
7.3374999,0.3471592366695404,-0.26815059781074524,9.88386344909668,-0.335693359375,-0.152587890625,1.922607421875
7.3424999,0.27653029561042786,-0.28072014451026917,9.839570045471191,-3.143310546875,-0.3662109375,2.01416015625
7.3474999,0.5315127968788147,-0.31842881441116333,9.600150108337402,-2.288818359375,0.3662109375,-1.739501953125
7.352499900000001,0.46986207365989685,-0.3345896899700165,9.986215591430664,6.317138671875,0.518798828125,-0.762939453125
7.3574999000000005,0.30466216802597046,-0.24420857429504395,9.773730278015137,-4.33349609375,-0.091552734375,2.044677734375
7.3624999,0.5488707423210144,-0.284311443567276,9.600749015808105,-1.495361328125,-0.152587890625,-2.227783203125
7.3674999,0.45250412821769714,-0.28131869435310364,9.974244117736816,5.828857421875,0.030517578125,-0.244140625
7.3724999,0.35015198588371277,-0.25737667083740234,9.731831550598145,-5.37109375,0,1.77001953125
7.3774999,0.5614402890205383,-0.30526071786880493,9.624691009521484,0,-0.091552734375,-2.593994140625
7.3824999,0.32860419154167175,-0.2585737705230713,9.690531730651855,-6.011962890625,0.152587890625,1.556396484375
7.3874999,0.48602294921875,-0.23523031175136566,9.690531730651855,1.312255859375,-0.18310546875,-2.8076171875
7.392499900000001,0.3579331636428833,-0.22625206410884857,10.056245803833008,4.241943359375,-0.18310546875,0.701904296875
7.397499900000001,0.2783259451389313,-0.20231004059314728,9.664793968200684,-6.591796875,0.030517578125,1.068115234375
7.4024999000000005,0.48961424827575684,-0.272938996553421,9.713874816894531,2.838134765625,-0.091552734375,-2.685546875
7.4074999,0.3860650360584259,-0.27653029561042786,9.9772367477417,3.35693359375,-0.030517578125,1.190185546875
7.4124999,0.3519476354122162,-0.2998737692832947,9.570222854614258,-6.378173828125,0.335693359375,0.640869140625
7.4174999,0.5608417391777039,-0.33698388934135437,9.733028411865234,4.241943359375,0.152587890625,-2.838134765625
7.4224999,0.3663128614425659,-0.26994624733924866,9.979631423950195,2.01416015625,-0.274658203125,1.556396484375
7.4274999,0.3824737071990967,-0.284311443567276,9.570821762084961,-6.011962890625,-0.06103515625,0.030517578125
7.4324999,0.5704185366630554,-0.30047231912612915,9.822811126708984,4.69970703125,-0.091552734375,-2.349853515625
7.437499900000001,0.3663128614425659,-0.25258827209472656,9.9772367477417,0.579833984375,0.091552734375,1.953125
7.4424999000000005,0.25498247146606445,-0.2454056739807129,9.8970308303833,-2.50244140625,0.152587890625,2.62451171875
7.4474999,0.48602294921875,-0.29568392038345337,9.607333183288574,-3.41796875,-0.457763671875,-1.46484375
7.4524999,0.5111620426177979,-0.34177228808403015,10.025120735168457,6.53076171875,0.30517578125,-1.373291015625
7.4574999,0.31364041566848755,-0.2998737692832947,9.850942611694336,-3.41796875,0.30517578125,2.410888671875
7.4624999,0.5536591410636902,-0.33758243918418884,9.634865760803223,-2.105712890625,-0.48828125,-2.166748046875
7.4674999,0.47465047240257263,-0.3130418658256531,10.008959770202637,6.011962890625,-0.732421875,-0.946044921875
7.4724999,0.3082534670829773,-0.25079262256622314,9.77791976928711,-5.2490234375,-0.244140625,2.105712890625
7.477499900000001,0.5494692921638489,-0.29388827085494995,9.604938507080078,-0.701904296875,0.030517578125,-2.25830078125
7.4824999000000005,0.5404910445213318,-0.2944868206977844,9.615114212036133,0.48828125,0.152587890625,-2.410888671875
7.4874999,0.40701428055763245,-0.2579752206802368,10.00836181640625,4.852294921875,0,0.244140625
7.4924999,0.29568392038345337,-0.2669534981250763,9.6803560256958,-5.92041015625,-0.091552734375,1.15966796875
7.4974999,0.46746787428855896,-0.24420857429504395,9.700706481933594,2.13623046875,0.457763671875,-2.685546875
7.5024999,0.36332011222839355,-0.228047713637352,10.058639526367188,4.2724609375,0.06103515625,0.79345703125
7.5074999,0.3016694188117981,-0.23942017555236816,9.66299819946289,-6.2255859375,0,0.946044921875
7.5124999,0.518943190574646,-0.28550854325294495,9.715670585632324,3.692626953125,0.823974609375,-2.838134765625
7.517499900000001,0.4034229815006256,-0.26396074891090393,9.983222961425781,2.99072265625,0.091552734375,1.3427734375
7.522499900000001,0.3585317134857178,-0.30705636739730835,9.566631317138672,-6.195068359375,-0.213623046875,0.54931640625
7.5274999000000005,0.558447539806366,-0.2908954918384552,9.75637149810791,4.547119140625,0.244140625,-2.86865234375
7.5324999,0.586579442024231,-0.345363587141037,9.888651847839355,5.645751953125,-0.3662109375,-2.197265625
7.5374999,0.32441434264183044,-0.2890998423099518,9.90361499786377,-1.5869140625,-0.1220703125,2.105712890625
7.5424999,0.44352585077285767,-0.2950853705406189,9.55466079711914,-4.69970703125,-0.885009765625,-1.007080078125
7.5474999,0.518943190574646,-0.3124433159828186,9.99220085144043,6.103515625,-0.030517578125,-1.800537109375
7.5524999,0.26755204796791077,-0.25258827209472656,9.938929557800293,-2.655029296875,0.30517578125,2.044677734375
7.5574999,0.5039794445037842,-0.2753331959247589,9.653421401977539,-3.021240234375,0.091552734375,-1.64794921875
7.562499900000001,0.518943190574646,-0.30945056676864624,10.06582260131836,6.317138671875,0.213623046875,-1.495361328125
7.5674999000000005,0.322618693113327,-0.2717418968677521,9.889848709106445,-3.47900390625,0,1.983642578125
7.5724999,0.29628247022628784,-0.2537853717803955,9.803657531738281,-4.82177734375,-0.1220703125,2.044677734375
7.5774999,0.5321113467216492,-0.2861070930957794,9.636661529541016,-0.732421875,-0.18310546875,-2.44140625
7.5824999,0.43035775423049927,-0.2717418968677521,9.988609313964844,5.462646484375,0.091552734375,-0.1220703125
7.5874999,0.3298012912273407,-0.2885012924671173,9.691129684448242,-5.340576171875,-0.213623046875,1.52587890625
7.5924999,0.5249287486076355,-0.2908954918384552,9.634267807006836,0.91552734375,0.30517578125,-2.62451171875
7.5974999,0.3932476341724396,-0.27653029561042786,10.001178741455078,4.608154296875,0.091552734375,0.67138671875
7.602499900000001,0.30047231912612915,-0.24899697303771973,9.665990829467773,-5.859375,-0.457763671875,1.40380859375
7.6074999000000005,0.4800374507904053,-0.23104046285152435,9.68694019317627,1.556396484375,-0.18310546875,-2.74658203125
7.6124999,0.3800795078277588,-0.23343466222286224,10.02452278137207,3.753662109375,0.30517578125,0.885009765625
7.6174999,0.31364041566848755,-0.22864626348018646,9.61571216583252,-6.28662109375,-0.213623046875,0.79345703125
7.6224999,0.5309142470359802,-0.28730419278144836,9.700706481933594,3.23486328125,0.152587890625,-2.62451171875
7.6274999,0.39145198464393616,-0.2735375463962555,9.5809965133667,-5.615234375,0,-0.06103515625
7.6324999,0.5764040350914001,-0.30286651849746704,9.839570045471191,5.2490234375,0.244140625,-2.44140625
7.6374999,0.3579331636428833,-0.2687491476535797,9.912593841552734,-0.091552734375,0.274658203125,1.800537109375
7.642499900000001,0.4572925269603729,-0.2753331959247589,9.492411613464355,-4.669189453125,0.3662109375,-0.579833984375
7.647499900000001,0.5668272376060486,-0.3345896899700165,9.841365814208984,5.767822265625,0.335693359375,-2.044677734375
7.6524999000000005,0.2998737692832947,-0.23822307586669922,9.874286651611328,-1.312255859375,0.091552734375,2.01416015625
7.6574999,0.4387374520301819,-0.27473464608192444,9.525930404663086,-4.08935546875,0.091552734375,-1.03759765625
7.6624999,0.5069721937179565,-0.3082534670829773,9.989208221435547,6.622314453125,0.3662109375,-1.434326171875
7.6674999,0.2669534981250763,-0.262763649225235,9.895236015319824,-2.5634765625,-0.30517578125,1.89208984375
7.6724999,0.5015852451324463,-0.3315969407558441,10.036493301391602,6.256103515625,0.3662109375,-0.946044921875
7.6774999,0.3172317147254944,-0.2753331959247589,9.824606895446777,-3.631591796875,-0.1220703125,2.105712890625
7.6824999,0.5051765441894531,-0.29807811975479126,9.667187690734863,0.885009765625,-0.213623046875,-2.685546875
7.687499900000001,0.36152446269989014,-0.25318682193756104,10.055646896362305,4.5166015625,-0.18310546875,0.457763671875
7.6924999000000005,0.26994624733924866,-0.23523031175136566,9.6989107131958,-6.439208984375,-0.762939453125,1.3427734375
7.6974999,0.4668693244457245,-0.2406172752380371,9.717466354370117,2.685546875,0.335693359375,-2.62451171875
7.7024999,0.4010287821292877,-0.27054479718208313,9.57201862335205,-5.401611328125,0.213623046875,-0.244140625
7.7074999,0.5722141861915588,-0.3058592677116394,9.847949981689453,5.92041015625,0.701904296875,-2.288818359375
7.7124999,0.34596213698387146,-0.29149407148361206,9.900622367858887,0.1220703125,0.091552734375,1.983642578125
7.7174999,0.4507084786891937,-0.3082534670829773,9.505578994750977,-4.57763671875,0.518798828125,-0.640869140625
7.7224999,0.5512649416923523,-0.31364041566848755,9.891644477844238,6.195068359375,0.640869140625,-1.89208984375
7.727499900000001,0.2885012924671173,-0.2555810213088989,9.906009674072266,-1.5869140625,0.213623046875,1.983642578125
7.7324999000000005,0.5147533416748047,-0.3076549172401428,10.016142845153809,6.04248046875,-0.030517578125,-1.556396484375
7.7374999,0.27892449498176575,-0.3232172429561615,9.88625717163086,-3.204345703125,-0.274658203125,2.044677734375
7.7424999,0.5219359993934631,-0.3405751883983612,9.637859344482422,-3.11279296875,-0.48828125,-1.617431640625
7.7474999,0.4842272996902466,-0.32860419154167175,10.02571964263916,6.561279296875,0.42724609375,-0.885009765625
7.7524999,0.29388827085494995,-0.29628247022628784,9.825204849243164,-4.058837890625,-0.213623046875,2.044677734375
7.7574999,0.5279214978218079,-0.2849099934101105,9.634865760803223,-1.373291015625,0.518798828125,-1.922607421875
7.7624999,0.4279635548591614,-0.26815059781074524,10.012551307678223,5.706787109375,0.152587890625,-0.396728515625
7.767499900000001,0.3058592677116394,-0.2561795711517334,9.79288387298584,-4.82177734375,-0.244140625,1.800537109375
7.772499900000001,0.536899745464325,-0.28790274262428284,9.643844604492188,0.091552734375,0.152587890625,-2.50244140625
7.7774999000000005,0.43275195360183716,-0.292691171169281,10.014347076416016,5.096435546875,-0.030517578125,0.030517578125
7.7824999,0.3429693877696991,-0.2908954918384552,9.677961349487305,-5.767822265625,-0.579833984375,1.5869140625
7.7874999,0.5135562419891357,-0.26575639843940735,9.627084732055664,0.885009765625,-0.244140625,-2.471923828125
7.7924999,0.5416881442070007,-0.3124433159828186,9.689932823181152,3.5400390625,0.091552734375,-2.471923828125
7.7974999,0.3884592354297638,-0.284311443567276,9.96945571899414,2.044677734375,-0.091552734375,1.434326171875
7.8024999,0.3842693865299225,-0.2902969419956207,9.584588050842285,-6.439208984375,-0.6103515625,0.152587890625
7.807499900000001,0.5811924338340759,-0.30226796865463257,9.827000617980957,4.974365234375,0.18310546875,-2.44140625
7.812499900000001,0.3645172119140625,-0.2579752206802368,10.035296440124512,1.007080078125,0.3662109375,1.89208984375
7.8174999000000005,0.4207809567451477,-0.28072014451026917,9.592967987060547,-5.2490234375,-0.244140625,-0.42724609375
7.8224999,0.5746083855628967,-0.3298012912273407,9.858125686645508,5.37109375,-0.701904296875,-2.410888671875
7.8274999,0.33758243918418884,-0.2885012924671173,9.909601211547852,-0.640869140625,-0.213623046875,2.197265625
7.8324999,0.5374982953071594,-0.33099839091300964,9.884461402893066,6.072998046875,0.152587890625,-1.983642578125
7.8374999,0.284311443567276,-0.24001872539520264,9.9000244140625,-1.708984375,0,2.410888671875
7.8424999,0.4626794755458832,-0.2651578485965729,9.5624418258667,-4.180908203125,-0.640869140625,-1.434326171875
7.8474999,0.5404910445213318,-0.30705636739730835,10.004770278930664,6.439208984375,0.396728515625,-1.495361328125
7.852499900000001,0.3130418658256531,-0.2711433470249176,9.880870819091797,-2.838134765625,0.42724609375,2.38037109375
7.8574999000000005,0.3130418658256531,-0.2711433470249176,9.880870819091797,-2.838134765625,0.42724609375,2.38037109375
7.8624999,0.5722141861915588,-0.3190273642539978,9.633668899536133,-2.5634765625,0.18310546875,-1.617431640625
7.8674999,0.5249287486076355,-0.3387795388698578,10.040084838867188,6.683349609375,0.152587890625,-1.190185546875
7.8724999,0.3292027413845062,-0.28371289372444153,9.837176322937012,-3.84521484375,-0.18310546875,2.13623046875
7.8774999,0.5554547905921936,-0.30466216802597046,9.673771858215332,-1.129150390625,0.732421875,-1.953125
7.8824999,0.4507084786891937,-0.27473464608192444,10.040084838867188,5.950927734375,0.274658203125,-0.640869140625
7.8874999,0.3172317147254944,-0.24899697303771973,9.797672271728516,-5.126953125,-0.244140625,1.8310546875
7.892499900000001,0.444722980260849,-0.2801215946674347,9.99100399017334,5.31005859375,0.152587890625,0.091552734375
7.897499900000001,0.444722980260849,-0.2801215946674347,9.99100399017334,5.31005859375,0.152587890625,0.091552734375
7.9024999000000005,0.33997663855552673,-0.30945056676864624,9.683348655700684,-5.67626953125,0,1.678466796875
7.9074999,0.5141547918319702,-0.28311434388160706,9.656414031982422,1.3427734375,0.091552734375,-2.532958984375
7.9124999,0.383670836687088,-0.2555810213088989,10.04427433013916,4.69970703125,0.457763671875,0.3662109375
7.9174999,0.29149407148361206,-0.2172738015651703,9.684545516967773,-5.645751953125,0.091552734375,1.0986328125
7.9224999,0.39145198464393616,-0.2388216257095337,10.017339706420898,3.47900390625,0.30517578125,1.007080078125
7.9274999,0.39145198464393616,-0.2388216257095337,10.017339706420898,3.47900390625,0.30517578125,1.007080078125
7.932499900000001,0.3357867896556854,-0.28311434388160706,9.604938507080078,-6.256103515625,0.1220703125,0.640869140625
7.937499900000001,0.5476736426353455,-0.33099839091300964,9.701305389404297,4.21142578125,0.8544921875,-2.5634765625
7.9424999000000005,0.38965633511543274,-0.28969839215278625,9.980229377746582,2.25830078125,0.1220703125,1.495361328125
7.9474999,0.3645172119140625,-0.304063618183136,9.569623947143555,-6.256103515625,-0.701904296875,0.06103515625
7.9524999,0.5542576909065247,-0.2974795699119568,9.819818496704102,4.486083984375,-0.18310546875,-2.410888671875
7.9574999,0.5596446394920349,-0.3423708379268646,9.873687744140625,6.134033203125,0.54931640625,-1.800537109375
7.9624999,0.5596446394920349,-0.3423708379268646,9.873687744140625,6.134033203125,0.54931640625,-1.800537109375
7.9674999,0.292691171169281,-0.25019407272338867,9.874884605407715,-1.434326171875,0.274658203125,2.0751953125
7.9724999,0.45489832758903503,-0.29867666959762573,9.537302017211914,-3.875732421875,0.152587890625,-1.373291015625
7.977499900000001,0.5153518915176392,-0.29388827085494995,9.974244117736816,6.317138671875,0.42724609375,-1.52587890625
7.9824999000000005,0.28550854325294495,-0.28371289372444153,9.854534149169922,-2.86865234375,0,2.288818359375
7.9874999,0.5333084464073181,-0.33099839091300964,9.625887870788574,-3.11279296875,-0.6103515625,-1.739501953125
7.9924999,0.5015852451324463,-0.3064578175544739,10.018536567687988,6.591796875,0.457763671875,-1.068115234375
7.9974999,0.3172317147254944,-0.28790274262428284,9.82759952545166,-3.662109375,-0.030517578125,2.044677734375
8.0024999,0.45190557837486267,-0.24001872539520264,9.992799758911133,6.103515625,-0.030517578125,-0.54931640625
8.007499900000001,0.3076549172401428,-0.25438392162323,9.751583099365234,-4.913330078125,-0.091552734375,1.922607421875
8.0124999,0.5440823435783386,-0.27653029561042786,9.610325813293457,-0.518798828125,-0.54931640625,-2.44140625
8.0174999,0.43514615297317505,-0.28072014451026917,9.984419822692871,5.645751953125,0.335693359375,-0.1220703125
8.0224999,0.33698388934135437,-0.3130418658256531,9.680954933166504,-5.06591796875,0.518798828125,1.556396484375
8.0274999,0.5105634927749634,-0.2819172441959381,9.654618263244629,1.190185546875,0.06103515625,-2.74658203125
8.0324999,0.38067805767059326,-0.26755204796791077,10.017938613891602,4.82177734375,-0.091552734375,0.42724609375
8.0374999,0.284311443567276,-0.2214636504650116,9.658209800720215,-6.317138671875,-0.274658203125,1.3427734375
8.042499900000001,0.4734533727169037,-0.21667525172233582,9.68813705444336,1.983642578125,-0.335693359375,-2.777099609375
8.0474999,0.3794809579849243,-0.23403321206569672,9.97484302520752,3.35693359375,0.030517578125,0.946044921875
8.0524999,0.3250128924846649,-0.25019407272338867,9.584588050842285,-6.04248046875,-0.18310546875,0.732421875
8.0574999,0.39624038338661194,-0.28790274262428284,9.624092102050781,-5.340576171875,0.518798828125,-0.274658203125
8.0624999,0.39624038338661194,-0.28790274262428284,9.624092102050781,-5.340576171875,0.518798828125,-0.274658203125
8.0674999,0.5734112858772278,-0.3274070918560028,9.877877235412598,5.615234375,0.274658203125,-2.25830078125
8.0724999,0.35015198588371277,-0.29149407148361206,9.93593692779541,-0.30517578125,0.213623046875,1.953125
8.0774999,0.45190557837486267,-0.2908954918384552,9.520543098449707,-5.279541015625,-0.213623046875,-0.54931640625
8.0824999,0.5668272376060486,-0.3280056416988373,9.886856079101562,6.04248046875,0.42724609375,-1.983642578125
8.087499900000001,0.2992752194404602,-0.24480712413787842,9.913790702819824,-1.312255859375,-0.274658203125,1.861572265625
8.0924999,0.44352585077285767,-0.27413609623908997,9.57979965209961,-3.692626953125,-0.152587890625,-1.190185546875
8.0974999,0.5117605924606323,-0.3172317147254944,10.031106948852539,6.16455078125,-0.091552734375,-1.434326171875
8.1024999,0.5231330990791321,-0.3208230137825012,9.657610893249512,-2.9296875,0.030517578125,-1.953125
8.1074999,0.5123591423034668,-0.3411737382411957,10.056245803833008,6.53076171875,0.518798828125,-1.03759765625
8.1124999,0.3256114423274994,-0.2890998423099518,9.851541519165039,-3.875732421875,0.335693359375,2.166748046875
8.1174999,0.5524620413780212,-0.30047231912612915,9.633070945739746,-1.953125,-0.18310546875,-2.227783203125
8.122499900000001,0.4537012279033661,-0.2717418968677521,9.995193481445312,6.134033203125,-0.030517578125,-0.3662109375
8.1274999,0.3010708689689636,-0.22505496442317963,9.744400978088379,-5.126953125,-0.030517578125,2.044677734375
8.132499900000001,0.5327098965644836,-0.2687491476535797,9.582792282104492,-0.18310546875,0.30517578125,-2.50244140625
8.1374999,0.4315548539161682,-0.2561795711517334,9.95090103149414,5.828857421875,0.274658203125,0
8.1424999,0.32202014327049255,-0.29209262132644653,9.671976089477539,-5.462646484375,0,1.678466796875
8.1474999,0.5111620426177979,-0.2944868206977844,9.633070945739746,0.701904296875,-0.42724609375,-2.655029296875
8.1524999,0.37469255924224854,-0.2717418968677521,10.023923873901367,4.669189453125,-0.244140625,0.3662109375
8.1574999,0.2819172441959381,-0.2454056739807129,9.683947563171387,-6.4697265625,-0.6103515625,1.434326171875
8.1624999,0.32441434264183044,-0.25019407272338867,9.641449928283691,-6.683349609375,-0.732421875,0.9765625
8.167499900000001,0.536899745464325,-0.322618693113327,9.70549488067627,3.936767578125,0.67138671875,-2.62451171875
8.1724999,0.40282443165779114,-0.3064578175544739,9.965266227722168,2.8076171875,0.30517578125,1.251220703125
8.1774999,0.36332011222839355,-0.322618693113327,9.568427085876465,-6.011962890625,0.152587890625,0.54931640625
8.1824999,0.5512649416923523,-0.3256114423274994,9.763554573059082,4.638671875,0.701904296875,-2.471923828125
8.1874999,0.34596213698387146,-0.25917232036590576,10.017339706420898,1.617431640625,0,1.495361328125
8.1924999,0.3794809579849243,-0.27413609623908997,9.597756385803223,-6.16455078125,-0.335693359375,-0.274658203125
8.1974999,0.5674257874488831,-0.29807811975479126,9.871294021606445,5.43212890625,0.732421875,-2.227783203125
8.2024999,0.35733461380004883,-0.2585737705230713,9.972448348999023,0.30517578125,0.152587890625,1.983642578125
8.2074999,0.4531026780605316,-0.2795230448246002,9.551667213439941,-5.218505859375,0.030517578125,-0.79345703125
8.212499900000001,0.5746083855628967,-0.3345896899700165,9.907805442810059,5.615234375,-0.091552734375,-1.8310546875
8.2174999,0.4291606545448303,-0.2968810200691223,9.594164848327637,-4.791259765625,-0.823974609375,-1.373291015625
8.2224999,0.5081692934036255,-0.3214215636253357,10.020332336425781,6.28662109375,0.152587890625,-1.922607421875
8.2274999,0.262763649225235,-0.25677812099456787,9.943717956542969,-2.50244140625,0.18310546875,2.197265625
8.2324999,0.5021837949752808,-0.292691171169281,9.627683639526367,-3.5400390625,-0.213623046875,-1.52587890625
8.2374999,0.5213374495506287,-0.3232172429561615,10.012551307678223,6.134033203125,0.48828125,-1.251220703125
8.2424999,0.4596867263317108,-0.3130418658256531,10.013748168945312,6.4697265625,0.701904296875,-0.79345703125
8.247499900000001,0.28790274262428284,-0.26396074891090393,9.806650161743164,-4.180908203125,0.244140625,2.0751953125
8.2524999,0.5207388401031494,-0.28371289372444153,9.651026725769043,-0.762939453125,0.396728515625,-2.197265625
8.257499900000001,0.4189853072166443,-0.24420857429504395,10.011354446411133,6.011962890625,0.67138671875,-0.30517578125
8.2624999,0.3106476664543152,-0.272938996553421,9.726444244384766,-5.06591796875,0.518798828125,1.861572265625
8.2674999,0.39624038338661194,-0.2687491476535797,10.006566047668457,5.401611328125,0.1220703125,0
8.2724999,0.3058592677116394,-0.2687491476535797,9.677961349487305,-5.92041015625,0.06103515625,1.52587890625
8.2774999,0.4836287498474121,-0.24361002445220947,9.689932823181152,2.3193359375,0.946044921875,-2.593994140625
8.2824999,0.3794809579849243,-0.21308395266532898,10.042478561401367,4.241943359375,0.3662109375,0.579833984375
8.2874999,0.3100491166114807,-0.22685061395168304,9.656414031982422,-6.04248046875,0.274658203125,1.007080078125
8.292499900000001,0.5105634927749634,-0.27054479718208313,9.695918083190918,3.692626953125,0.8544921875,-2.593994140625
8.2974999,0.3992331326007843,-0.2669534981250763,9.97364616394043,3.021240234375,0.18310546875,1.0986328125
8.3024999,0.3423708379268646,-0.3214215636253357,9.541492462158203,-6.34765625,-0.6103515625,0.396728515625
8.3074999,0.5416881442070007,-0.32202014327049255,9.722254753112793,4.39453125,0.152587890625,-2.38037109375
8.3124999,0.3423708379268646,-0.262763649225235,9.986215591430664,1.46484375,0.30517578125,1.617431640625
8.3174999,0.3531447649002075,-0.28072014451026917,9.5809965133667,-5.950927734375,-0.244140625,0.213623046875
8.3224999,0.5542576909065247,-0.2777273952960968,9.867103576660156,4.7607421875,-0.457763671875,-2.38037109375
8.3274999,0.4531026780605316,-0.3034650683403015,9.573814392089844,-5.2490234375,0.18310546875,-0.42724609375
8.3324999,0.6033388376235962,-0.33279404044151306,9.899425506591797,5.615234375,0.18310546875,-2.166748046875
8.337499900000001,0.35494041442871094,-0.2825157940387726,9.930550575256348,-1.007080078125,0.030517578125,1.922607421875
8.3424999,0.45848962664604187,-0.30526071786880493,9.564237594604492,-5.0048828125,-0.48828125,-0.9765625
8.3474999,0.5303156971931458,-0.29388827085494995,9.976638793945312,6.103515625,0.1220703125,-1.800537109375
8.3524999,0.26815059781074524,-0.25438392162323,9.947908401489258,-2.349853515625,-0.152587890625,2.227783203125
8.3574999,0.4692635238170624,-0.29568392038345337,9.632472038269043,-3.326416015625,-0.030517578125,-1.52587890625
8.3624999,0.5093663930892944,-0.2908954918384552,10.038289070129395,6.16455078125,-0.3662109375,-1.220703125
8.3674999,0.304063618183136,-0.3058592677116394,9.869498252868652,-3.72314453125,-0.152587890625,2.13623046875
8.372499900000001,0.5524620413780212,-0.2992752194404602,9.627084732055664,-1.77001953125,0.457763671875,-1.983642578125
8.3774999,0.4920084476470947,-0.3214215636253357,9.979631423950195,6.072998046875,-0.06103515625,-0.8544921875
8.382499900000001,0.3190273642539978,-0.28072014451026917,9.755773544311523,-4.302978515625,-0.152587890625,1.89208984375
8.3874999,0.35015198588371277,-0.27473464608192444,9.704896926879883,-5.06591796875,-0.213623046875,1.89208984375
8.3924999,0.5566518902778625,-0.29568392038345337,9.617507934570312,-0.213623046875,-0.244140625,-2.50244140625
8.3974999,0.42676645517349243,-0.304063618183136,10.014347076416016,4.94384765625,0.42724609375,0.244140625
8.4024999,0.322618693113327,-0.2711433470249176,9.712677955627441,-5.43212890625,0.06103515625,1.46484375
8.4074999,0.48602294921875,-0.23104046285152435,9.697713851928711,1.15966796875,-0.518798828125,-2.655029296875
8.4124999,0.3693056106567383,-0.243011474609375,10.080187797546387,4.5166015625,0.152587890625,0.457763671875
8.417499900000001,0.28969839215278625,-0.1801636815071106,9.687539100646973,-5.9814453125,0.42724609375,1.312255859375
8.4224999,0.4902127981185913,-0.22445641458034515,9.73781681060791,2.62451171875,-0.274658203125,-2.62451171875
8.4274999,0.395043283700943,-0.2645592987537384,9.985616683959961,3.11279296875,-0.30517578125,0.9765625
8.4324999,0.3423708379268646,-0.27653029561042786,9.566631317138672,-6.683349609375,-0.213623046875,0.640869140625
8.4374999,0.5590460896492004,-0.333991140127182,9.702502250671387,3.35693359375,-0.335693359375,-2.410888671875
8.4424999,0.3800795078277588,-0.2944868206977844,9.576208114624023,-6.04248046875,-0.823974609375,0.030517578125
8.4474999,0.5728127360343933,-0.32202014327049255,9.809642791748047,5.096435546875,0.732421875,-2.44140625
8.4524999,0.3603273630142212,-0.2651578485965729,9.998186111450195,0.9765625,0.30517578125,1.678466796875
8.4574999,0.43993455171585083,-0.2651578485965729,9.576208114624023,-5.2490234375,0.274658203125,-0.244140625
8.462499900000001,0.5979518890380859,-0.33518823981285095,9.865307807922363,5.859375,0.42724609375,-2.197265625
8.4674999,0.36152446269989014,-0.26755204796791077,9.921571731567383,-0.54931640625,0.396728515625,2.01416015625
8.4724999,0.46567222476005554,-0.27653029561042786,9.542689323425293,-4.21142578125,0.30517578125,-0.946044921875
8.4774999,0.5464765429496765,-0.33937808871269226,9.939528465270996,5.7373046875,-0.30517578125,-1.89208984375
8.4824999,0.5279214978218079,-0.3232172429561615,10.050260543823242,6.439208984375,0.30517578125,-1.52587890625
8.4874999,0.3010708689689636,-0.24600422382354736,9.892841339111328,-2.9296875,-0.18310546875,1.922607421875
8.4924999,0.5518634915351868,-0.2944868206977844,9.628880500793457,-2.86865234375,0.244140625,-1.678466796875
8.497499900000001,0.5518634915351868,-0.2944868206977844,9.628880500793457,-2.86865234375,0.244140625,-1.678466796875
8.5024999,0.5039794445037842,-0.3423708379268646,10.016142845153809,6.072998046875,0.42724609375,-1.007080078125
8.507499900000001,0.31364041566848755,-0.25677812099456787,9.797073364257812,-4.0283203125,-0.3662109375,2.044677734375
8.5124999,0.5452794432640076,-0.29807811975479126,9.62828254699707,-1.373291015625,-0.06103515625,-2.044677734375
8.5174999,0.43754035234451294,-0.2932897210121155,9.996390342712402,6.011962890625,0.30517578125,-0.396728515625
8.5224999,0.3124433159828186,-0.2406172752380371,9.765948295593262,-4.852294921875,-0.06103515625,1.77001953125
8.5274999,0.535702645778656,-0.2819172441959381,9.637260437011719,-0.18310546875,-0.274658203125,-2.410888671875
8.5324999,0.43514615297317505,-0.28550854325294495,9.993996620178223,5.218505859375,-0.091552734375,-0.06103515625
8.5374999,0.33698388934135437,-0.27473464608192444,9.667187690734863,-5.79833984375,-0.335693359375,1.5869140625
8.542499900000001,0.518943190574646,-0.2711433470249176,9.632472038269043,1.28173828125,0,-2.471923828125
8.5474999,0.3908534348011017,-0.26096799969673157,10.008959770202637,4.608154296875,0.213623046875,0.54931640625
8.5524999,0.29628247022628784,-0.21966800093650818,9.650428771972656,-6.072998046875,0.48828125,1.28173828125
8.5574999,0.3758896589279175,-0.2711433470249176,9.98681354522705,3.875732421875,0.18310546875,1.007080078125
8.5624999,0.35494041442871094,-0.25258827209472656,9.992799758911133,1.03759765625,0.18310546875,1.77001953125
8.5674999,0.4297592043876648,-0.2711433470249176,9.53969669342041,-5.67626953125,-0.335693359375,-0.3662109375
8.5724999,0.5985504388809204,-0.3411737382411957,9.830592155456543,5.859375,0.42724609375,-2.166748046875
8.577499900000001,0.36571431159973145,-0.284311443567276,9.88625717163086,-0.396728515625,0.48828125,1.861572265625
8.5824999,0.4554968774318695,-0.30226796865463257,9.50617790222168,-4.82177734375,0.06103515625,-0.8544921875
8.587499900000001,0.2669534981250763,-0.22505496442317963,9.926360130310059,-2.13623046875,-0.091552734375,2.3193359375
8.5924999,0.44173020124435425,-0.26336219906806946,9.61212158203125,-3.96728515625,-0.30517578125,-1.495361328125
8.5974999,0.5069721937179565,-0.30885201692581177,10.049062728881836,6.378173828125,-0.030517578125,-1.28173828125
8.6024999,0.28550854325294495,-0.2687491476535797,9.909002304077148,-3.0517578125,0.18310546875,2.38037109375
8.6074999,0.5482721924781799,-0.3292027413845062,9.66419506072998,-2.86865234375,-0.18310546875,-1.983642578125
8.6124999,0.5069721937179565,-0.34416648745536804,10.042478561401367,6.500244140625,0.1220703125,-0.9765625
8.6174999,0.32381579279899597,-0.2795230448246002,9.819818496704102,-4.058837890625,0.18310546875,2.349853515625
8.622499900000001,0.5524620413780212,-0.30047231912612915,9.637859344482422,-1.251220703125,0.48828125,-2.227783203125
8.6274999,0.44592007994651794,-0.2603694200515747,9.991601943969727,6.04248046875,0.091552734375,-0.640869140625
8.632499900000001,0.3148375153541565,-0.23702596127986908,9.754576683044434,-5.096435546875,-0.030517578125,1.8310546875
8.6374999,0.5374982953071594,-0.28969839215278625,9.616909980773926,-0.244140625,0.274658203125,-2.25830078125
8.6424999,0.4991910457611084,-0.23283611238002777,9.731831550598145,2.777099609375,0.274658203125,-2.532958984375
8.6474999,0.4076128304004669,-0.22924481332302094,10.012551307678223,3.47900390625,0.274658203125,0.8544921875
8.6524999,0.34596213698387146,-0.28730419278144836,9.57979965209961,-6.16455078125,-0.274658203125,0.732421875
8.6574999,0.557250440120697,-0.31184476613998413,9.702502250671387,4.119873046875,0.3662109375,-2.593994140625
8.6624999,0.38307225704193115,-0.25917232036590576,9.974244117736816,2.349853515625,0.457763671875,1.28173828125
8.667499900000001,0.36810851097106934,-0.28311434388160706,9.579200744628906,-5.828857421875,0.244140625,0.30517578125
8.6724999,0.5548562407493591,-0.2513911724090576,9.825204849243164,4.82177734375,0.06103515625,-2.44140625
8.6774999,0.34177228808403015,-0.24480712413787842,10.00955867767334,0.701904296875,-0.091552734375,1.5869140625
8.6824999,0.4058171808719635,-0.28550854325294495,9.570821762084961,-5.615234375,-0.335693359375,-0.396728515625
8.6874999,0.34416648745536804,-0.3232172429561615,9.925163269042969,-0.3662109375,0.18310546875,1.983642578125
8.6924999,0.4513070285320282,-0.3100491166114807,9.548076629638672,-5.126953125,-0.579833984375,-0.79345703125
8.6974999,0.5464765429496765,-0.333991140127182,9.960477828979492,6.16455078125,0.06103515625,-1.800537109375
8.702499900000001,0.28550854325294495,-0.25318682193756104,9.967659950256348,-1.708984375,0.1220703125,2.0751953125
8.7074999,0.45908817648887634,-0.27653029561042786,9.634267807006836,-3.60107421875,0.457763671875,-1.373291015625
8.712499900000001,0.5195417404174805,-0.314238965511322,10.050260543823242,6.34765625,0.1220703125,-1.495361328125
8.7174999,0.28790274262428284,-0.2825157940387726,9.909002304077148,-3.021240234375,0.091552734375,2.25830078125
8.7224999,0.52552729845047,-0.30705636739730835,9.632472038269043,-3.082275390625,-0.457763671875,-1.64794921875
8.7274999,0.47884035110473633,-0.31603461503982544,10.029311180114746,6.591796875,0.42724609375,-0.9765625
8.7324999,0.2885012924671173,-0.26336219906806946,9.814431190490723,-4.2724609375,0.213623046875,2.13623046875
8.7374999,0.5267243981361389,-0.2861070930957794,9.637260437011719,-1.5869140625,-0.79345703125,-2.25830078125
8.7424999,0.43514615297317505,-0.28311434388160706,10.013748168945312,6.103515625,0,-0.54931640625
8.747499900000001,0.5578489899635315,-0.3016694188117981,9.637859344482422,-0.457763671875,0.030517578125,-2.38037109375
8.7524999,0.4620809257030487,-0.2902969419956207,10.002376556396484,5.2490234375,0.030517578125,0.06103515625
8.757499900000001,0.3597288131713867,-0.2861070930957794,9.665990829467773,-5.767822265625,-0.274658203125,1.739501953125
8.7624999,0.5273229479789734,-0.24839842319488525,9.623494148254395,1.556396484375,0.30517578125,-2.593994140625
8.7674999,0.383670836687088,-0.24899697303771973,9.999981880187988,4.486083984375,-0.213623046875,0.3662109375
8.7724999,0.2867056429386139,-0.2059013396501541,9.637859344482422,-6.378173828125,-0.732421875,1.129150390625
8.7774999,0.46148237586021423,-0.21787235140800476,9.704896926879883,2.44140625,0.244140625,-2.532958984375
8.7824999,0.36332011222839355,-0.24660277366638184,9.988011360168457,3.509521484375,0.1220703125,1.068115234375
8.7874999,0.30526071786880493,-0.25079262256622314,9.582193374633789,-6.28662109375,-0.244140625,0.9765625
8.792499900000001,0.5237316489219666,-0.28969839215278625,9.692327499389648,3.570556640625,-0.091552734375,-2.62451171875
8.7974999,0.3734954595565796,-0.28790274262428284,9.955689430236816,2.25830078125,0.06103515625,1.434326171875
8.8024999,0.4315548539161682,-0.2867056429386139,9.59476375579834,-5.7373046875,-0.152587890625,-0.30517578125
8.8074999,0.5979518890380859,-0.3423708379268646,9.870096206665039,5.126953125,-0.213623046875,-2.288818359375
8.8124999,0.36571431159973145,-0.2932897210121155,9.936535835266113,-0.6103515625,0.152587890625,1.89208984375
8.8174999,0.46327802538871765,-0.2849099934101105,9.543288230895996,-4.8828125,-0.30517578125,-0.8544921875
8.8224999,0.557250440120697,-0.32441434264183044,9.916783332824707,5.859375,0.06103515625,-1.8310546875
8.827499900000001,0.28311434388160706,-0.23523031175136566,9.912593841552734,-1.89208984375,0.335693359375,2.288818359375
8.8324999,0.45190557837486267,-0.25737667083740234,9.5809965133667,-3.875732421875,-0.1220703125,-1.190185546875
8.837499900000001,0.5057750940322876,-0.32441434264183044,9.99459457397461,6.40869140625,0.335693359375,-1.52587890625
8.8424999,0.27054479718208313,-0.2759317457675934,9.870695114135742,-2.86865234375,0.42724609375,2.25830078125
8.8474999,0.5231330990791321,-0.2974795699119568,9.610923767089844,-2.532958984375,0.030517578125,-1.77001953125
8.8524999,0.48303020000457764,-0.345363587141037,10.025120735168457,6.103515625,-0.335693359375,-1.129150390625
8.8574999,0.3298012912273407,-0.24420857429504395,9.780313491821289,-5.035400390625,0.213623046875,1.739501953125
8.8624999,0.5578489899635315,-0.2867056429386139,9.63187313079834,-0.274658203125,0.18310546875,-2.349853515625
8.8674999,0.44352585077285767,-0.3100491166114807,9.98681354522705,5.31005859375,0.030517578125,0
8.872499900000001,0.34177228808403015,-0.2867056429386139,9.658807754516602,-5.67626953125,0.1220703125,1.3427734375
8.8774999,0.5135562419891357,-0.2735375463962555,9.61451530456543,1.495361328125,0.1220703125,-2.86865234375
8.882499900000001,0.4644751250743866,-0.2298433631658554,9.707290649414062,2.288818359375,0.30517578125,-2.62451171875
8.8874999,0.36332011222839355,-0.2669534981250763,10.002376556396484,3.5400390625,0.06103515625,1.068115234375
8.8924999,0.30526071786880493,-0.2603694200515747,9.591172218322754,-6.2255859375,-0.1220703125,0.701904296875
8.8974999,0.36332011222839355,-0.3064578175544739,9.961075782775879,2.38037109375,-0.244140625,1.40380859375
8.9024999,0.363918662071228,-0.2801215946674347,9.570222854614258,-6.072998046875,0.06103515625,0.213623046875
8.9074999,0.5710170865058899,-0.30945056676864624,9.801262855529785,4.241943359375,-0.396728515625,-2.593994140625
8.9124999,0.365115761756897,-0.2645592987537384,9.996390342712402,0.823974609375,-0.3662109375,1.8310546875
8.917499900000001,0.43933600187301636,-0.2555810213088989,9.561244010925293,-5.615234375,0.1220703125,-0.213623046875
8.9224999,0.6057330369949341,-0.3411737382411957,9.858125686645508,5.126953125,-0.06103515625,-2.13623046875
8.9274999,0.3663128614425659,-0.28311434388160706,9.904812812805176,-0.30517578125,-0.3662109375,1.953125
8.9324999,0.4644751250743866,-0.28790274262428284,9.52114200592041,-5.0048828125,-0.06103515625,-0.946044921875
8.9374999,0.5488707423210144,-0.34356793761253357,9.907206535339355,6.2255859375,0.79345703125,-1.800537109375
8.9424999,0.27892449498176575,-0.22445641458034515,9.914389610290527,-1.495361328125,0.152587890625,2.38037109375
8.9474999,0.44831427931785583,-0.23762452602386475,9.592967987060547,-3.814697265625,0.030517578125,-1.312255859375
8.952499900000001,0.507570743560791,-0.31783026456832886,10.030508041381836,5.645751953125,-0.457763671875,-1.40380859375
8.9574999,0.30226796865463257,-0.2585737705230713,9.79408073425293,-4.486083984375,-0.30517578125,1.8310546875
8.962499900000001,0.436343252658844,-0.3100491166114807,10.010157585144043,6.103515625,0.396728515625,-0.274658203125
8.9674999,0.32381579279899597,-0.26096799969673157,9.780313491821289,-4.852294921875,0.152587890625,1.77001953125
8.9724999,0.5440823435783386,-0.30047231912612915,9.656414031982422,0,-0.18310546875,-2.593994140625
8.9774999,0.4279635548591614,-0.32860419154167175,10.036493301391602,5.645751953125,0.54931640625,0
8.9824999,0.32022446393966675,-0.2849099934101105,9.699509620666504,-5.401611328125,0.1220703125,1.46484375
8.9874999,0.4950011968612671,-0.25677812099456787,9.685144424438477,1.28173828125,0.06103515625,-2.62451171875
8.9924999,0.365115761756897,-0.27653029561042786,10.057442665100098,4.425048828125,-0.030517578125,0.518798828125
8.997499900000001,0.2908954918384552,-0.20530278980731964,9.694721221923828,-6.256103515625,-0.030517578125,1.251220703125
9.0024999,0.395043283700943,-0.29628247022628784,10.006566047668457,3.11279296875,-0.18310546875,0.762939453125
9.007499900000001,0.3489548861980438,-0.284311443567276,9.588777542114258,-6.28662109375,-0.091552734375,0.79345703125
9.0124999,0.5488707423210144,-0.32381579279899597,9.713874816894531,3.7841796875,0.457763671875,-2.532958984375
9.0174999,0.37229835987091064,-0.2992752194404602,9.984419822692871,2.13623046875,0.091552734375,1.40380859375
9.0224999,0.36092591285705566,-0.262763649225235,9.59835433959961,-5.92041015625,0.030517578125,0.335693359375
9.0274999,0.5524620413780212,-0.314238965511322,9.834183692932129,4.7607421875,0.030517578125,-2.288818359375
9.0324999,0.34596213698387146,-0.27473464608192444,9.99220085144043,1.0986328125,-0.030517578125,1.678466796875
9.0374999,0.43095630407333374,-0.2693476974964142,9.53969669342041,-5.523681640625,0.152587890625,-0.335693359375
9.042499900000001,0.5859808921813965,-0.3585317134857178,9.813234329223633,5.706787109375,0.396728515625,-2.13623046875
9.0474999,0.35075053572654724,-0.27892449498176575,9.865307807922363,-0.335693359375,-0.213623046875,2.01416015625
9.0524999,0.45010992884635925,-0.2777273952960968,9.494805335998535,-5.035400390625,-0.244140625,-0.823974609375
9.0574999,0.5351040959358215,-0.35015198588371277,9.9185791015625,6.134033203125,0.335693359375,-1.678466796875
9.0624999,0.45908817648887634,-0.2753331959247589,9.615114212036133,-3.90625,0,-1.434326171875
9.0674999,0.5159504413604736,-0.3561375141143799,10.043676376342773,6.04248046875,0,-1.251220703125
9.0724999,0.29867666959762573,-0.27413609623908997,9.873088836669922,-2.960205078125,-0.457763671875,2.105712890625
9.077499900000001,0.5542576909065247,-0.2950853705406189,9.633070945739746,-2.655029296875,-0.244140625,-1.922607421875
9.0824999,0.5542576909065247,-0.2950853705406189,9.633070945739746,-2.655029296875,-0.244140625,-1.922607421875
9.087499900000001,0.49978959560394287,-0.3447650372982025,10.02811336517334,6.134033203125,0.213623046875,-0.701904296875
9.0924999,0.32441434264183044,-0.2322375625371933,9.806051254272461,-4.150390625,-0.06103515625,2.197265625
9.0974999,0.5728127360343933,-0.27234044671058655,9.636063575744629,-1.953125,-0.6103515625,-2.471923828125
9.1024999,0.46567222476005554,-0.29867666959762573,10.004171371459961,5.706787109375,0.3662109375,-0.244140625
9.1074999,0.3489548861980438,-0.2472013235092163,9.745597839355469,-4.69970703125,0,1.983642578125
9.1124999,0.5506663918495178,-0.26994624733924866,9.630077362060547,0.091552734375,0.213623046875,-2.471923828125
9.1174999,0.4668693244457245,-0.22864626348018646,9.668384552001953,1.5869140625,0.274658203125,-2.50244140625
9.122499900000001,0.34656068682670593,-0.2663549482822418,9.550470352172852,-6.317138671875,0.152587890625,0.6103515625
9.1274999,0.5554547905921936,-0.3100491166114807,9.706093788146973,3.936767578125,0.152587890625,-2.38037109375
9.132499900000001,0.3705027103424072,-0.2992752194404602,9.95329475402832,1.983642578125,-0.030517578125,1.3427734375
9.1374999,0.38127660751342773,-0.25079262256622314,9.577404975891113,-5.950927734375,0.213623046875,-0.030517578125
9.1424999,0.5752069354057312,-0.31543606519699097,9.822212219238281,4.69970703125,-0.18310546875,-2.166748046875
9.1474999,0.36810851097106934,-0.2801215946674347,9.967659950256348,0.640869140625,-0.030517578125,1.922607421875
9.1524999,0.3280056416988373,-0.26755204796791077,9.88506031036377,-1.03759765625,-0.640869140625,2.01416015625
9.1574999,0.3280056416988373,-0.26755204796791077,9.88506031036377,-1.03759765625,-0.640869140625,2.01416015625
9.1624999,0.43993455171585083,-0.25258827209472656,9.529520988464355,-4.5166015625,0,-0.885009765625
9.167499900000001,0.5183446407318115,-0.3405751883983612,9.953893661499023,5.859375,-0.06103515625,-1.678466796875
9.1724999,0.26396074891090393,-0.22744916379451752,9.934141159057617,-2.3193359375,-0.396728515625,1.983642578125
9.1774999,0.4866214990615845,-0.25498247146606445,9.636661529541016,-3.326416015625,0.3662109375,-1.46484375
9.1824999,0.5207388401031494,-0.365115761756897,10.046669006347656,6.40869140625,0.457763671875,-1.129150390625
9.1874999,0.31842881441116333,-0.2693476974964142,9.86770248413086,-3.35693359375,0.30517578125,2.25830078125
9.1924999,0.5674257874488831,-0.2890998423099518,9.643844604492188,-1.983642578125,0.091552734375,-1.922607421875
9.1974999,0.4812345504760742,-0.36750996112823486,10.034099578857422,6.378173828125,0.1220703125,-0.885009765625
9.202499900000001,0.3082534670829773,-0.22685061395168304,9.822212219238281,-4.425048828125,0.274658203125,1.922607421875
9.2074999,0.5386953949928284,-0.27054479718208313,9.657610893249512,-0.701904296875,0.579833984375,-2.0751953125
9.212499900000001,0.30466216802597046,-0.24779987335205078,9.677363395690918,-5.79833984375,-0.732421875,1.0986328125
9.2174999,0.4704606235027313,-0.2663549482822418,9.696516990661621,1.678466796875,-0.30517578125,-2.838134765625
9.2224999,0.3621230125427246,-0.2603694200515747,10.043676376342773,3.96728515625,0.640869140625,1.03759765625
9.2274999,0.29388827085494995,-0.21428105235099792,9.653421401977539,-5.828857421875,0.091552734375,0.762939453125
9.2324999,0.5099649429321289,-0.2801215946674347,9.715071678161621,3.448486328125,0.579833984375,-2.655029296875
9.2374999,0.38486793637275696,-0.26336219906806946,9.96945571899414,3.11279296875,0.6103515625,1.312255859375
9.2424999,0.34596213698387146,-0.2603694200515747,9.557653427124023,-6.2255859375,-0.18310546875,0.244140625
9.247499900000001,0.5452794432640076,-0.3214215636253357,9.733028411865234,4.08935546875,-0.091552734375,-2.655029296875
9.2524999,0.345363587141037,-0.2519897222518921,9.976638793945312,1.89208984375,-0.06103515625,1.739501953125
9.257499900000001,0.5793967843055725,-0.3292027413845062,9.829395294189453,5.0048828125,0.274658203125,-2.349853515625
9.2624999,0.3585317134857178,-0.26575639843940735,9.920374870300293,0.48828125,-0.1220703125,1.89208984375
9.2674999,0.4638765752315521,-0.2825157940387726,9.513958930969238,-5.06591796875,0,-0.6103515625
9.2724999,0.5746083855628967,-0.3495534360408783,9.861717224121094,5.615234375,-0.030517578125,-2.227783203125
9.2774999,0.30466216802597046,-0.24121582508087158,9.890447616577148,-1.251220703125,-0.06103515625,2.044677734375
9.2824999,0.5416881442070007,-0.31184476613998413,9.607333183288574,-2.3193359375,-0.732421875,-1.922607421875
9.2874999,0.558447539806366,-0.27892449498176575,9.607931137084961,-0.54931640625,0.213623046875,-2.105712890625
9.292499900000001,0.456095427274704,-0.2717418968677521,9.982025146484375,5.37109375,0.274658203125,-0.030517578125
9.2974999,0.35075053572654724,-0.2849099934101105,9.686341285705566,-5.43212890625,-0.518798828125,1.495361328125
9.3024999,0.5153518915176392,-0.29149407148361206,9.634865760803223,1.068115234375,0.06103515625,-2.655029296875
9.3074999,0.37828385829925537,-0.26755204796791077,10.011354446411133,4.7607421875,0.30517578125,0.48828125
9.3124999,0.2759317457675934,-0.23044191300868988,9.647436141967773,-5.828857421875,-0.06103515625,1.220703125
9.3174999,0.46148237586021423,-0.22266076505184174,9.68574333190918,2.62451171875,-0.091552734375,-3.021240234375
9.3224999,0.36571431159973145,-0.2214636504650116,9.986215591430664,3.84521484375,-0.030517578125,0.91552734375
9.327499900000001,0.30705636739730835,-0.24181437492370605,9.586383819580078,-6.591796875,0,0.91552734375
9.3324999,0.5285200476646423,-0.31543606519699097,9.688735961914062,2.99072265625,-0.30517578125,-2.716064453125
9.337499900000001,0.37828385829925537,-0.2819172441959381,9.964069366455078,2.5634765625,-0.274658203125,1.251220703125
9.3424999,0.5692214369773865,-0.3058592677116394,9.816226959228516,4.852294921875,0.6103515625,-2.3193359375
9.3474999,0.3603273630142212,-0.24839842319488525,10.031106948852539,1.03759765625,-0.1220703125,1.52587890625
9.3524999,0.4231751561164856,-0.2753331959247589,9.582792282104492,-6.103515625,-0.701904296875,-0.67138671875
9.3574999,0.5841852426528931,-0.31842881441116333,9.856928825378418,5.55419921875,0.030517578125,-2.13623046875
9.3624999,0.3513490855693817,-0.29149407148361206,9.892242431640625,-0.457763671875,0.1220703125,1.8310546875
9.3674999,0.4411316514015198,-0.30705636739730835,9.493009567260742,-4.791259765625,-0.579833984375,-1.068115234375
9.372499900000001,0.5363011956214905,-0.3321954905986786,9.871294021606445,6.34765625,0.396728515625,-1.89208984375
9.3774999,0.25977087020874023,-0.2406172752380371,9.876082420349121,-1.77001953125,0.48828125,2.197265625
9.382499900000001,0.43694180250167847,-0.2902969419956207,9.560646057128906,-4.0283203125,-0.213623046875,-1.3427734375
9.3874999,0.4985924959182739,-0.3130418658256531,10.005369186401367,6.65283203125,0.274658203125,-1.52587890625
9.3924999,0.27892449498176575,-0.30047231912612915,9.87967300415039,-2.838134765625,0.48828125,2.227783203125
9.3974999,0.536899745464325,-0.35015198588371277,9.642647743225098,-2.899169921875,-0.335693359375,-1.739501953125
9.4024999,0.43095630407333374,-0.3010708689689636,10.011953353881836,5.43212890625,0.396728515625,0.030517578125
9.4074999,0.3196259140968323,-0.3010708689689636,9.671378135681152,-5.18798828125,-0.1220703125,1.46484375
9.4124999,0.48961424827575684,-0.2472013235092163,9.639056205749512,0.732421875,-0.762939453125,-2.8076171875
9.417499900000001,0.3645172119140625,-0.25079262256622314,10.000580787658691,4.058837890625,0.213623046875,0.518798828125
9.4224999,0.2753331959247589,-0.20350714027881622,9.630077362060547,-5.92041015625,-0.335693359375,1.03759765625
9.4274999,0.47884035110473633,-0.243011474609375,9.687539100646973,2.62451171875,-0.1220703125,-2.74658203125
9.4324999,0.3818751573562622,-0.2783259451389313,9.973047256469727,3.2958984375,0.48828125,0.8544921875
9.4374999,0.42856210470199585,-0.25498247146606445,9.540295600891113,-5.79833984375,-0.946044921875,-0.701904296875
9.4424999,0.5889736413955688,-0.3280056416988373,9.84615421295166,5.79833984375,0.701904296875,-1.983642578125
9.4474999,0.34656068682670593,-0.26336219906806946,9.8784761428833,-0.396728515625,0.244140625,2.01416015625
9.452499900000001,0.4495113790035248,-0.28730419278144836,9.512163162231445,-4.8828125,-0.335693359375,-1.068115234375
9.4574999,0.5303156971931458,-0.33339259028434753,9.909601211547852,6.2255859375,0.244140625,-1.861572265625
9.462499900000001,0.2621650993824005,-0.2472013235092163,9.8970308303833,-1.861572265625,0.091552734375,2.25830078125
9.4674999,0.4537012279033661,-0.2908954918384552,9.584588050842285,-3.448486328125,0.3662109375,-1.434326171875
9.4724999,0.28550854325294495,-0.28131869435310364,9.84615421295166,-2.99072265625,-0.48828125,2.166748046875
9.4774999,0.5380968451499939,-0.314238965511322,9.604938507080078,-2.166748046875,0.48828125,-1.5869140625
9.4824999,0.4818331003189087,-0.33758243918418884,10.016142845153809,6.28662109375,0.030517578125,-0.91552734375
9.4874999,0.3058592677116394,-0.2621650993824005,9.817423820495605,-4.180908203125,-0.701904296875,2.044677734375
9.4924999,0.5530605912208557,-0.3064578175544739,9.674968719482422,-1.556396484375,-0.48828125,-2.13623046875
9.497499900000001,0.4554968774318695,-0.2861070930957794,10.04068374633789,5.950927734375,0.3662109375,-0.6103515625
9.5024999,0.35015198588371277,-0.262763649225235,9.799467086791992,-4.8828125,0,2.0751953125
9.507499900000001,0.5632359385490417,-0.2885012924671173,9.66419506072998,0.244140625,0.457763671875,-2.044677734375
9.5124999,0.444722980260849,-0.2801215946674347,10.028712272644043,4.8828125,0.213623046875,0
9.5174999,0.3298012912273407,-0.27473464608192444,9.685144424438477,-5.67626953125,-0.579833984375,1.3427734375
9.5224999,0.4920084476470947,-0.25019407272338867,9.673172950744629,1.861572265625,0.274658203125,-2.44140625
9.5274999,0.36332011222839355,-0.2454056739807129,10.025120735168457,4.5166015625,0.54931640625,0.579833984375
9.5324999,0.28371289372444153,-0.2041056901216507,9.63187313079834,-5.9814453125,-0.396728515625,0.946044921875
9.5374999,0.4854243993759155,-0.243011474609375,9.686341285705566,2.593994140625,-0.457763671875,-2.44140625
9.542499900000001,0.3908534348011017,-0.2687491476535797,9.946710586547852,3.11279296875,0.18310546875,1.15966796875
9.5474999,0.3429693877696991,-0.29628247022628784,9.546878814697266,-6.134033203125,0.18310546875,0.518798828125
9.5524999,0.5548562407493591,-0.3477577865123749,9.715071678161621,4.08935546875,-0.244140625,-2.50244140625
9.5574999,0.3645172119140625,-0.304063618183136,9.985616683959961,2.01416015625,-0.1220703125,1.434326171875
9.5624999,0.36571431159973145,-0.2968810200691223,9.600749015808105,-6.28662109375,-0.518798828125,0.06103515625
9.5674999,0.5536591410636902,-0.30885201692581177,9.860519409179688,4.730224609375,-0.06103515625,-2.38037109375
9.5724999,0.34356793761253357,-0.2555810213088989,10.014347076416016,0.6103515625,-0.152587890625,1.8310546875
9.577499900000001,0.43275195360183716,-0.26755204796791077,9.571419715881348,-5.55419921875,-0.06103515625,-0.42724609375
9.5824999,0.5907692909240723,-0.3214215636253357,9.871294021606445,5.889892578125,0,-2.197265625
9.587499900000001,0.3423708379268646,-0.24899697303771973,9.892841339111328,-0.823974609375,-0.3662109375,1.953125
9.5924999,0.536899745464325,-0.3034650683403015,9.941324234008789,5.950927734375,0.152587890625,-1.64794921875
9.5974999,0.2795230448246002,-0.22266076505184174,9.93354320526123,-2.044677734375,-0.3662109375,2.227783203125
9.6024999,0.4950011968612671,-0.2735375463962555,9.625887870788574,-3.570556640625,0.30517578125,-1.312255859375
9.6074999,0.52552729845047,-0.32620999217033386,10.040084838867188,6.134033203125,0.091552734375,-1.312255859375
9.6124999,0.31842881441116333,-0.2908954918384552,9.86650562286377,-3.41796875,-0.335693359375,2.349853515625
9.6174999,0.5488707423210144,-0.33099839091300964,9.630077362060547,-2.38037109375,-0.335693359375,-1.8310546875
9.622499900000001,0.47405192255973816,-0.3250128924846649,10.022727012634277,6.072998046875,0.30517578125,-0.885009765625
9.6274999,0.29388827085494995,-0.2579752206802368,9.803657531738281,-4.45556640625,-0.06103515625,2.0751953125
9.632499900000001,0.5410895943641663,-0.27413609623908997,9.631275177001953,-1.434326171875,-0.823974609375,-2.410888671875
9.6374999,0.4495113790035248,-0.26396074891090393,10.003573417663574,5.584716796875,-0.06103515625,-0.67138671875
9.6424999,0.35075053572654724,-0.26396074891090393,9.72165584564209,-5.157470703125,-0.030517578125,1.861572265625
9.6474999,0.35075053572654724,-0.26396074891090393,9.72165584564209,-5.157470703125,-0.030517578125,1.861572265625
9.6524999,0.4991910457611084,-0.2819172441959381,9.72165584564209,2.99072265625,0.3662109375,-2.655029296875
9.6574999,0.37888240814208984,-0.2849099934101105,9.98681354522705,3.204345703125,-0.1220703125,1.129150390625
9.6624999,0.3495534360408783,-0.30526071786880493,9.561244010925293,-6.2255859375,-0.396728515625,0.48828125
9.667499900000001,0.5500678420066833,-0.33039984107017517,9.703699111938477,4.08935546875,-0.152587890625,-2.593994140625
9.6724999,0.3579331636428833,-0.2621650993824005,9.955090522766113,1.52587890625,0.091552734375,1.5869140625
9.6774999,0.3842693865299225,-0.2711433470249176,9.518148422241211,-6.011962890625,-0.30517578125,0.030517578125
9.6824999,0.44352585077285767,-0.27413609623908997,9.55705451965332,-4.302978515625,-0.030517578125,-1.28173828125
9.6874999,0.5123591423034668,-0.3148375153541565,9.995792388916016,6.561279296875,0.335693359375,-1.8310546875
9.6924999,0.2651578485965729,-0.2406172752380371,9.930550575256348,-2.197265625,0.030517578125,2.25830078125
9.6974999,0.5093663930892944,-0.2950853705406189,9.642048835754395,-3.265380859375,0.091552734375,-1.373291015625
9.702499900000001,0.5237316489219666,-0.32441434264183044,10.044873237609863,6.195068359375,0.244140625,-1.251220703125
9.7074999,0.33099839091300964,-0.2759317457675934,9.864110946655273,-3.47900390625,-0.335693359375,2.105712890625
9.712499900000001,0.5704185366630554,-0.3076549172401428,9.647436141967773,-2.3193359375,-0.48828125,-2.0751953125
9.7174999,0.4704606235027313,-0.2968810200691223,10.043676376342773,5.92041015625,0.48828125,-0.762939453125
9.7224999,0.32022446393966675,-0.2519897222518921,9.798869132995605,-4.638671875,-0.091552734375,1.89208984375
9.7274999,0.44771572947502136,-0.26994624733924866,9.989208221435547,5.7373046875,0.18310546875,-0.152587890625
9.7324999,0.3345896899700165,-0.2867056429386139,9.696516990661621,-5.7373046875,0.030517578125,1.8310546875
9.7374999,0.518943190574646,-0.27234044671058655,9.64564037322998,1.0986328125,0.1220703125,-2.5634765625
9.7424999,0.3866635859012604,-0.23403321206569672,10.023324966430664,4.69970703125,-0.518798828125,0.457763671875
9.747499900000001,0.2968810200691223,-0.2172738015651703,9.683348655700684,-6.8359375,-0.42724609375,1.373291015625
9.7524999,0.48961424827575684,-0.22744916379451752,9.701904296875,2.5634765625,0.518798828125,-2.685546875
9.757499900000001,0.3998316824436188,-0.22206220030784607,10.022727012634277,4.21142578125,0.518798828125,0.9765625
9.7624999,0.3495534360408783,-0.31124621629714966,9.552865028381348,-6.561279296875,-0.79345703125,0.274658203125
9.7674999,0.535702645778656,-0.29149407148361206,9.782109260559082,4.638671875,0,-2.50244140625
9.7724999,0.38067805767059326,-0.2693476974964142,9.570222854614258,-5.828857421875,-0.457763671875,-0.152587890625
9.7774999,0.5650315880775452,-0.31543606519699097,9.855133056640625,5.950927734375,0.274658203125,-2.349853515625
9.7824999,0.3489548861980438,-0.2867056429386139,9.911396026611328,-0.274658203125,0.274658203125,2.044677734375
9.7874999,0.4537012279033661,-0.30885201692581177,9.515155792236328,-5.43212890625,-0.701904296875,-0.762939453125
9.792499900000001,0.5626373887062073,-0.3298012912273407,9.895833969116211,5.92041015625,-0.213623046875,-2.166748046875
9.7974999,0.29388827085494995,-0.2454056739807129,9.913191795349121,-1.739501953125,-0.335693359375,2.01416015625
9.8024999,0.45489832758903503,-0.31124621629714966,9.589975357055664,-4.33349609375,-0.274658203125,-1.129150390625
9.8074999,0.5105634927749634,-0.30286651849746704,10.019734382629395,6.103515625,-0.244140625,-1.708984375
9.8124999,0.2783259451389313,-0.3064578175544739,9.90122127532959,-3.0517578125,-0.640869140625,1.800537109375
9.8174999,0.5201402902603149,-0.3405751883983612,9.639056205749512,-2.50244140625,0.152587890625,-1.861572265625
9.8224999,0.4902127981185913,-0.3130418658256531,10.04427433013916,6.2255859375,0.06103515625,-0.91552734375
9.827499900000001,0.3082534670829773,-0.2974795699119568,9.84256362915039,-4.180908203125,-0.518798828125,1.739501953125
9.8324999,0.5021837949752808,-0.25977087020874023,9.630077362060547,1.251220703125,0.1220703125,-2.685546875
9.837499900000001,0.3693056106567383,-0.2603694200515747,10.011354446411133,4.791259765625,0.030517578125,0.457763671875
9.8424999,0.28072014451026917,-0.2190694510936737,9.655815124511719,-5.92041015625,0.152587890625,1.251220703125
9.8474999,0.47644615173339844,-0.24779987335205078,9.72165584564209,2.3193359375,0.1220703125,-2.655029296875
9.8524999,0.3758896589279175,-0.2585737705230713,10.00836181640625,3.23486328125,-0.091552734375,1.129150390625
9.8574999,0.3256114423274994,-0.2735375463962555,9.585186958312988,-6.28662109375,-0.732421875,0.732421875
9.8624999,0.5386953949928284,-0.3214215636253357,9.709685325622559,3.96728515625,0.244140625,-2.5634765625
9.8674999,0.36092591285705566,-0.28790274262428284,9.578003883361816,-5.340576171875,0.1220703125,0.030517578125
9.872499900000001,0.5632359385490417,-0.2992752194404602,9.848548889160156,4.791259765625,0.091552734375,-2.5634765625
9.8774999,0.35733461380004883,-0.2519897222518921,10.022727012634277,0.6103515625,0.1220703125,1.8310546875
9.882499900000001,0.4411316514015198,-0.2693476974964142,9.59476375579834,-5.79833984375,-0.579833984375,-0.396728515625
9.8874999,0.6039373874664307,-0.3345896899700165,9.8784761428833,5.67626953125,0.091552734375,-2.3193359375
9.8924999,0.3585317134857178,-0.27653029561042786,9.903017044067383,-0.457763671875,-0.1220703125,1.89208984375
9.8974999,0.4626794755458832,-0.2801215946674347,9.52114200592041,-4.82177734375,0.1220703125,-0.701904296875
9.9024999,0.5416881442070007,-0.3256114423274994,9.911994934082031,6.04248046875,0.396728515625,-1.739501953125
9.9074999,0.27234044671058655,-0.23163901269435883,9.910798072814941,-1.89208984375,0.091552734375,2.044677734375
9.9124999,0.4668693244457245,-0.26755204796791077,9.598953247070312,-3.448486328125,-0.06103515625,-1.28173828125
9.917499900000001,0.5057750940322876,-0.32022446393966675,10.012551307678223,6.2255859375,0.06103515625,-1.28173828125
9.9224999,0.28730419278144836,-0.2783259451389313,9.849745750427246,-3.662109375,0.030517578125,2.288818359375
9.9274999,0.3058592677116394,-0.26096799969673157,9.774328231811523,-4.486083984375,0.396728515625,2.288818359375
9.9324999,0.5494692921638489,-0.28730419278144836,9.600150108337402,-1.434326171875,-0.213623046875,-2.13623046875
9.9374999,0.4465186297893524,-0.27413609623908997,9.966463088989258,5.79833984375,0.3662109375,-0.244140625
9.9424999,0.3292027413845062,-0.26396074891090393,9.724648475646973,-5.0048828125,-0.06103515625,1.861572265625
9.9474999,0.535702645778656,-0.304063618183136,9.627084732055664,0.1220703125,-0.42724609375,-2.8076171875
9.952499900000001,0.406415730714798,-0.29209262132644653,10.028712272644043,5.035400390625,0.48828125,0.18310546875
9.9574999,0.3106476664543152,-0.2669534981250763,9.684545516967773,-5.4931640625,-0.18310546875,1.3427734375
9.962499900000001,0.4812345504760742,-0.2322375625371933,9.713275909423828,2.13623046875,0.3662109375,-2.86865234375
9.9674999,0.3669114112854004,-0.22924481332302094,10.056245803833008,4.119873046875,0.152587890625,0.8544921875
9.9724999,0.2890998423099518,-0.20290859043598175,9.663596153259277,-6.28662109375,-0.091552734375,1.03759765625
9.9774999,0.5021837949752808,-0.27054479718208313,9.72165584564209,3.021240234375,0,-2.777099609375
9.9824999,0.5871779918670654,-0.31124621629714966,9.853935241699219,5.43212890625,0.152587890625,-2.38037109375
9.9874999,0.363918662071228,-0.27413609623908997,9.95209789276123,0.396728515625,0.152587890625,1.861572265625
9.9924999,0.46088382601737976,-0.29867666959762573,9.5408935546875,-5.157470703125,0.244140625,-0.579833984375
9.997499900000001,0.5710170865058899,-0.35434186458587646,9.888052940368652,5.401611328125,-0.457763671875,-1.983642578125
10.0024999,0.3034650683403015,-0.26096799969673157,9.916184425354004,-1.373291015625,-0.48828125,1.953125
10.007499900000001,0.4357447028160095,-0.2693476974964142,9.564237594604492,-4.2724609375,-0.48828125,-1.312255859375
10.0124999,0.5051765441894531,-0.31184476613998413,9.999382972717285,6.591796875,0.640869140625,-1.556396484375
10.0174999,0.2663549482822418,-0.25019407272338867,9.911994934082031,-2.716064453125,0.457763671875,2.197265625
10.0224999,0.5638344883918762,-0.3034650683403015,9.622296333312988,-1.46484375,0.518798828125,-1.983642578125
10.0274999,0.4644751250743866,-0.304063618183136,10.000580787658691,5.79833984375,0.335693359375,-0.335693359375
10.0324999,0.3124433159828186,-0.26156654953956604,9.771934509277344,-5.096435546875,-0.152587890625,2.044677734375
10.0374999,0.5428852438926697,-0.30885201692581177,9.606135368347168,-0.152587890625,-0.213623046875,-2.471923828125
10.042499900000001,0.43035775423049927,-0.3130418658256531,9.983222961425781,5.67626953125,-0.152587890625,-0.1220703125
10.0474999,0.3292027413845062,-0.3064578175544739,9.660603523254395,-5.7373046875,-0.091552734375,1.5869140625
10.0524999,0.5069721937179565,-0.2777273952960968,9.634865760803223,1.373291015625,0.823974609375,-2.5634765625
10.0574999,0.3734954595565796,-0.26336219906806946,10.020931243896484,4.180908203125,-0.030517578125,0.42724609375
10.0624999,0.284311443567276,-0.20949265360832214,9.663596153259277,-6.40869140625,-0.6103515625,1.434326171875
10.0674999,0.5877765417098999,-0.31543606519699097,9.814431190490723,4.5166015625,-0.67138671875,-2.471923828125
10.0724999,0.37648820877075195,-0.2759317457675934,9.983222961425781,0.823974609375,-0.335693359375,1.861572265625
10.077499900000001,0.4602852761745453,-0.2908954918384552,9.552865028381348,-5.645751953125,-0.1220703125,-0.518798828125
10.0824999,0.6099228858947754,-0.35075053572654724,9.850942611694336,5.828857421875,0.48828125,-2.197265625
10.087499900000001,0.36092591285705566,-0.2735375463962555,9.892841339111328,-0.518798828125,0.1220703125,2.13623046875
10.0924999,0.4626794755458832,-0.27892449498176575,9.52114200592041,-4.791259765625,-0.54931640625,-1.15966796875
10.0974999,0.5363011956214905,-0.31842881441116333,9.93474006652832,6.103515625,0.18310546875,-1.617431640625
10.1024999,0.47405192255973816,-0.29209262132644653,9.59835433959961,-3.47900390625,0.457763671875,-1.617431640625
10.1074999,0.5045779943466187,-0.3423708379268646,10.016741752624512,6.561279296875,0.1220703125,-1.15966796875
10.1124999,0.3034650683403015,-0.2908954918384552,9.832986831665039,-3.509521484375,-0.213623046875,2.3193359375
10.1174999,0.5482721924781799,-0.3058592677116394,9.600150108337402,-2.13623046875,-0.54931640625,-1.983642578125
10.122499900000001,0.4770447015762329,-0.31364041566848755,9.998186111450195,6.500244140625,0.152587890625,-0.823974609375
10.1274999,0.30945056676864624,-0.24600422382354736,9.774328231811523,-4.33349609375,0,1.953125
10.132499900000001,0.5512649416923523,-0.28730419278144836,9.617507934570312,-0.8544921875,0.3662109375,-2.3193359375
10.1374999,0.4489128291606903,-0.29628247022628784,9.99220085144043,5.645751953125,0.3662109375,-0.30517578125
10.1424999,0.33997663855552673,-0.2861070930957794,9.706093788146973,-5.43212890625,-0.30517578125,1.922607421875
10.1474999,0.5339069962501526,-0.28371289372444153,9.625288963317871,0.885009765625,-0.1220703125,-2.777099609375
10.1524999,0.40521863102912903,-0.26815059781074524,9.993996620178223,4.82177734375,-0.457763671875,0.18310546875
10.1574999,0.29867666959762573,-0.21847090125083923,9.654019355773926,-5.92041015625,-0.3662109375,1.52587890625
10.1624999,0.3758896589279175,-0.2388216257095337,10.038289070129395,3.814697265625,0.396728515625,0.732421875
10.167499900000001,0.30885201692581177,-0.23044191300868988,9.654019355773926,-5.767822265625,0.18310546875,0.91552734375
10.1724999,0.5339069962501526,-0.29568392038345337,9.749788284301758,3.2958984375,-0.152587890625,-2.62451171875
10.1774999,0.395043283700943,-0.2908954918384552,10.02452278137207,2.685546875,0.152587890625,1.373291015625
10.1824999,0.395043283700943,-0.2908954918384552,10.02452278137207,2.685546875,0.152587890625,1.373291015625
10.1874999,0.375291109085083,-0.2867056429386139,9.627084732055664,-5.889892578125,0.48828125,0.3662109375
10.1924999,0.5680243372917175,-0.3196259140968323,9.838373184204102,4.730224609375,0.274658203125,-2.593994140625
10.1974999,0.3531447649002075,-0.27653029561042786,10.053253173828125,1.190185546875,0.244140625,1.708984375
10.202499900000001,0.3992331326007843,-0.284311443567276,9.601346969604492,-5.79833984375,0.30517578125,-0.06103515625
10.2074999,0.5680243372917175,-0.3363853394985199,9.865307807922363,5.645751953125,0.091552734375,-2.44140625
10.212499900000001,0.3345896899700165,-0.2825157940387726,9.927556991577148,-0.30517578125,-0.335693359375,1.861572265625
10.2174999,0.43933600187301636,-0.2669534981250763,9.52114200592041,-4.8828125,-0.518798828125,-0.732421875
10.2224999,0.45010992884635925,-0.27653029561042786,9.588777542114258,-4.119873046875,-0.335693359375,-1.251220703125
10.2274999,0.45010992884635925,-0.27653029561042786,9.588777542114258,-4.119873046875,-0.335693359375,-1.251220703125
10.2324999,0.5093663930892944,-0.34177228808403015,10.011953353881836,6.439208984375,0.67138671875,-1.129150390625
10.2374999,0.2902969419956207,-0.29209262132644653,9.862914085388184,-2.99072265625,0.48828125,2.197265625
10.2424999,0.52552729845047,-0.2968810200691223,9.637859344482422,0.274658203125,0.06103515625,-2.8076171875
10.247499900000001,0.40521863102912903,-0.29149407148361206,10.013748168945312,4.69970703125,-0.091552734375,0.152587890625
10.2524999,0.5069721937179565,-0.2753331959247589,9.730035781860352,3.265380859375,0.244140625,-2.5634765625
10.257499900000001,0.5069721937179565,-0.2753331959247589,9.730035781860352,3.265380859375,0.244140625,-2.5634765625
10.2624999,0.38486793637275696,-0.2819172441959381,9.985616683959961,2.838134765625,-0.1220703125,1.373291015625
10.2674999,0.3489548861980438,-0.29149407148361206,9.585186958312988,-6.591796875,-0.335693359375,0.54931640625
10.2724999,0.5542576909065247,-0.3250128924846649,9.77133560180664,4.302978515625,0.18310546875,-2.3193359375
10.2774999,0.3489548861980438,-0.2795230448246002,10.018536567687988,1.068115234375,-0.274658203125,1.64794921875
10.2824999,0.38905778527259827,-0.2759317457675934,9.589975357055664,-6.317138671875,-1.03759765625,-0.30517578125
10.2874999,0.5740098357200623,-0.32022446393966675,9.857526779174805,4.974365234375,-0.6103515625,-2.25830078125
10.292499900000001,0.3471592366695404,-0.27473464608192444,9.946710586547852,-0.18310546875,-0.274658203125,1.77001953125
10.2974999,0.4495113790035248,-0.27473464608192444,9.527725219726562,-5.2490234375,-0.518798828125,-0.762939453125
10.3024999,0.2890998423099518,-0.27892449498176575,9.91977596282959,-3.143310546875,0.42724609375,2.3193359375
10.3074999,0.5351040959358215,-0.3130418658256531,9.658209800720215,-2.74658203125,-0.06103515625,-1.64794921875
10.3124999,0.48482584953308105,-0.3387795388698578,10.036493301391602,5.950927734375,0.152587890625,-0.946044921875
10.3174999,0.2998737692832947,-0.2585737705230713,9.81143856048584,-3.997802734375,-0.1220703125,1.953125
10.3224999,0.44352585077285767,-0.3010708689689636,10.00955867767334,6.40869140625,0.30517578125,-0.48828125
10.327499900000001,0.3315969407558441,-0.26336219906806946,9.766547203063965,-4.913330078125,-0.06103515625,1.708984375
10.3324999,0.5536591410636902,-0.2849099934101105,9.649829864501953,-0.152587890625,-0.091552734375,-2.3193359375
10.337499900000001,0.4321534037590027,-0.28969839215278625,10.027515411376953,5.06591796875,0,0.152587890625
10.3424999,0.49140989780426025,-0.2256535142660141,9.677961349487305,1.3427734375,-0.30517578125,-2.655029296875
10.3474999,0.36750996112823486,-0.2495955228805542,10.019734382629395,4.2724609375,0.48828125,0.6103515625
10.3524999,0.2861070930957794,-0.19692309200763702,9.627683639526367,-5.889892578125,0.518798828125,0.885009765625
10.3574999,0.4944026470184326,-0.2555810213088989,9.701904296875,2.655029296875,-0.152587890625,-2.62451171875
10.3624999,0.38127660751342773,-0.2777273952960968,9.962871551513672,2.838134765625,0.335693359375,1.220703125
10.3674999,0.3495534360408783,-0.26815059781074524,9.5624418258667,-6.28662109375,0,0.42724609375
10.372499900000001,0.5626373887062073,-0.30705636739730835,9.746794700622559,4.2724609375,-0.091552734375,-2.471923828125
10.3774999,0.36332011222839355,-0.2849099934101105,9.980828285217285,1.77001953125,0.030517578125,1.708984375
10.382499900000001,0.40462008118629456,-0.26396074891090393,9.55825138092041,-5.43212890625,-0.244140625,-0.274658203125
10.3874999,0.5901707410812378,-0.3429693877696991,9.834183692932129,5.37109375,0.091552734375,-2.227783203125
10.3924999,0.3645172119140625,-0.29568392038345337,9.924564361572266,0.06103515625,-0.030517578125,2.01416015625
10.3974999,0.46986207365989685,-0.27892449498176575,9.525930404663086,-4.638671875,0.030517578125,-0.8544921875
10.4024999,0.30226796865463257,-0.23403321206569672,9.907805442810059,-1.40380859375,-0.091552734375,2.227783203125
10.4074999,0.4602852761745453,-0.243011474609375,9.572616577148438,-3.84521484375,-0.030517578125,-1.220703125
10.4124999,0.5135562419891357,-0.33758243918418884,9.995792388916016,6.317138671875,0.06103515625,-1.5869140625
10.417499900000001,0.27653029561042786,-0.25438392162323,9.874884605407715,-2.99072265625,0.1220703125,2.13623046875
10.4224999,0.5273229479789734,-0.27054479718208313,9.618106842041016,-2.777099609375,0.244140625,-1.678466796875
10.4274999,0.4812345504760742,-0.3555389642715454,10.02811336517334,5.9814453125,0,-0.91552734375
10.4324999,0.304063618183136,-0.22206220030784607,9.815628051757812,-4.486083984375,-0.18310546875,2.01416015625
10.4374999,0.5506663918495178,-0.2645592987537384,9.636661529541016,-1.64794921875,-0.457763671875,-2.349853515625
10.4424999,0.4513070285320282,-0.3232172429561615,10.015543937683105,5.79833984375,0.1220703125,-0.518798828125
10.4474999,0.33937808871269226,-0.25318682193756104,9.743802070617676,-5.035400390625,-0.518798828125,1.77001953125
10.452499900000001,0.5500678420066833,-0.2944868206977844,9.622296333312988,-0.213623046875,-0.42724609375,-2.349853515625
10.4574999,0.4213795065879822,-0.3345896899700165,9.991601943969727,5.157470703125,-0.030517578125,0.18310546875
10.462499900000001,0.4842272996902466,-0.23403321206569672,9.687539100646973,1.312255859375,-0.335693359375,-2.685546875
10.4674999,0.3603273630142212,-0.27054479718208313,10.055048942565918,4.058837890625,-0.335693359375,0.640869140625
10.4724999,0.28371289372444153,-0.19153612852096558,9.671378135681152,-6.34765625,-0.6103515625,0.946044921875
10.4774999,0.49799394607543945,-0.27653029561042786,9.730634689331055,3.173828125,0.30517578125,-2.74658203125
10.4824999,0.33937808871269226,-0.2495955228805542,9.55705451965332,-6.40869140625,-0.213623046875,0.396728515625
10.4874999,0.5500678420066833,-0.3232172429561615,9.713275909423828,4.33349609375,0.457763671875,-2.685546875
10.4924999,0.34356793761253357,-0.26575639843940735,9.951498985290527,1.5869140625,0.18310546875,1.495361328125
10.497499900000001,0.3968389332294464,-0.25318682193756104,9.541492462158203,-5.828857421875,0.030517578125,-0.030517578125
10.5024999,0.5841852426528931,-0.35733461380004883,9.821614265441895,5.157470703125,0.54931640625,-2.044677734375
10.507499900000001,0.3627215623855591,-0.2669534981250763,9.931747436523438,-0.18310546875,0.335693359375,1.8310546875
10.5124999,0.46806642413139343,-0.2555810213088989,9.537302017211914,-5.31005859375,-0.152587890625,-0.762939453125
10.5174999,0.5668272376060486,-0.34835633635520935,9.90361499786377,5.9814453125,0.152587890625,-1.708984375
10.5224999,0.292691171169281,-0.2059013396501541,9.928155899047852,-1.40380859375,-0.1220703125,2.166748046875
10.5274999,0.45429977774620056,-0.2519897222518921,9.59835433959961,-3.692626953125,0.244140625,-1.220703125
10.5324999,0.5057750940322876,-0.36092591285705566,10.030508041381836,6.89697265625,0.42724609375,-1.40380859375
10.5374999,0.2783259451389313,-0.25318682193756104,9.90241813659668,-2.50244140625,0.091552734375,1.983642578125
10.542499900000001,0.536899745464325,-0.30047231912612915,9.642647743225098,-2.74658203125,-0.701904296875,-1.89208984375
10.5474999,0.49380409717559814,-0.36332011222839355,10.052654266357422,6.561279296875,0.518798828125,-1.007080078125
10.5524999,0.32202014327049255,-0.2346317619085312,9.834183692932129,-4.0283203125,0.335693359375,2.044677734375
10.5574999,0.5632359385490417,-0.3058592677116394,9.656414031982422,-1.129150390625,0.091552734375,-2.288818359375
10.5624999,0.5219359993934631,-0.29807811975479126,9.62947940826416,0.1220703125,0.244140625,-2.349853515625
10.5674999,0.39624038338661194,-0.30047231912612915,9.99339771270752,4.82177734375,0.152587890625,0.244140625
10.5724999,0.5141547918319702,-0.2992752194404602,9.688735961914062,3.326416015625,0.274658203125,-2.777099609375
10.577499900000001,0.38307225704193115,-0.27473464608192444,9.95329475402832,2.685546875,-0.030517578125,1.190185546875
10.5824999,0.3519476354122162,-0.284311443567276,9.566631317138672,-6.16455078125,-0.213623046875,0.48828125
10.587499900000001,0.5536591410636902,-0.3298012912273407,9.782109260559082,4.08935546875,-0.335693359375,-2.62451171875
10.5924999,0.33339259028434753,-0.25438392162323,10.034099578857422,1.312255859375,-0.152587890625,1.678466796875
10.5974999,0.3842693865299225,-0.2645592987537384,9.61331844329834,-5.67626953125,-0.518798828125,-0.244140625
10.6024999,0.5620388388633728,-0.3357867896556854,9.90241813659668,5.615234375,0.213623046875,-2.532958984375
10.6074999,0.33279404044151306,-0.27234044671058655,9.971251487731934,0.244140625,-0.152587890625,1.953125
10.6124999,0.5482721924781799,-0.3555389642715454,9.929951667785645,5.889892578125,-0.06103515625,-2.044677734375
10.6174999,0.28371289372444153,-0.2232593148946762,9.915586471557617,-1.800537109375,0.152587890625,2.105712890625
10.622499900000001,0.46746787428855896,-0.27413609623908997,9.558850288391113,-3.997802734375,0.06103515625,-1.0986328125
10.6274999,0.5201402902603149,-0.34177228808403015,9.96945571899414,6.28662109375,0.030517578125,-1.52587890625
10.632499900000001,0.29388827085494995,-0.27892449498176575,9.817423820495605,-3.387451171875,-0.030517578125,2.0751953125
10.6374999,0.5464765429496765,-0.33758243918418884,9.587580680847168,-2.532958984375,0.18310546875,-1.739501953125
10.6424999,0.47465047240257263,-0.3585317134857178,9.979032516479492,6.16455078125,0.091552734375,-0.885009765625
10.6474999,0.3016694188117981,-0.26755204796791077,9.774328231811523,-4.69970703125,-0.213623046875,1.89208984375
10.6524999,0.5351040959358215,-0.29807811975479126,9.577404975891113,-1.434326171875,-0.244140625,-2.13623046875
10.6574999,0.4345476031303406,-0.2795230448246002,9.95748519897461,5.645751953125,0.335693359375,0.030517578125
10.6624999,0.3256114423274994,-0.25977087020874023,9.679757118225098,-5.401611328125,0.274658203125,1.983642578125
10.667499900000001,0.52552729845047,-0.2819172441959381,9.59057331085205,0.274658203125,0.335693359375,-2.532958984375
10.6724999,0.32022446393966675,-0.2388216257095337,9.622296333312988,-6.34765625,0.152587890625,1.007080078125
10.6774999,0.5327098965644836,-0.3298012912273407,9.70549488067627,3.570556640625,0.8544921875,-2.655029296875
10.6824999,0.3824737071990967,-0.2890998423099518,9.956287384033203,2.410888671875,0.42724609375,1.28173828125
10.6874999,0.3561375141143799,-0.3058592677116394,9.55466079711914,-6.439208984375,-0.1220703125,0.518798828125
10.6924999,0.5602431893348694,-0.3250128924846649,9.783905029296875,4.57763671875,-0.152587890625,-2.471923828125
10.6974999,0.34356793761253357,-0.25258827209472656,10.00836181640625,0.79345703125,0.06103515625,1.678466796875
10.702499900000001,0.42377370595932007,-0.26396074891090393,9.566033363342285,-6.072998046875,-0.54931640625,-0.48828125
10.7074999,0.5901707410812378,-0.3387795388698578,9.86111831665039,5.43212890625,0.152587890625,-2.197265625
10.712499900000001,0.3531447649002075,-0.26755204796791077,9.908403396606445,-0.579833984375,0,2.13623046875
10.7174999,0.5351040959358215,-0.3555389642715454,9.941922187805176,6.072998046875,0.213623046875,-1.861572265625
10.7224999,0.26336219906806946,-0.243011474609375,9.932345390319824,-2.25830078125,0.335693359375,2.532958984375
10.7274999,0.4728548228740692,-0.30226796865463257,9.640851974487305,-3.387451171875,0.48828125,-1.64794921875
10.7324999,0.4991910457611084,-0.35015198588371277,10.050260543823242,6.317138671875,0.091552734375,-1.5869140625
10.7374999,0.292691171169281,-0.2819172441959381,9.88745403289795,-3.631591796875,-0.152587890625,2.25830078125
10.7424999,0.5434837937355042,-0.32022446393966675,9.655217170715332,-2.471923828125,0.18310546875,-1.953125
10.747499900000001,0.4554968774318695,-0.3256114423274994,10.049062728881836,6.2255859375,0.67138671875,-0.732421875
10.7524999,0.30286651849746704,-0.23942017555236816,9.806051254272461,-4.57763671875,0.30517578125,2.01416015625
10.757499900000001,0.5309142470359802,-0.2890998423099518,9.633070945739746,-0.823974609375,-0.152587890625,-2.227783203125
10.7624999,0.43754035234451294,-0.2669534981250763,9.99459457397461,5.92041015625,0.54931640625,-0.1220703125
10.7674999,0.43754035234451294,-0.2669534981250763,9.99459457397461,5.92041015625,0.54931640625,-0.1220703125
10.7724999,0.32860419154167175,-0.2579752206802368,9.707290649414062,-5.4931640625,0.213623046875,1.64794921875
10.7774999,0.37648820877075195,-0.24121582508087158,10.062829971313477,4.791259765625,0.579833984375,0.48828125
10.7824999,0.26815059781074524,-0.2064998894929886,9.691728591918945,-5.767822265625,0.3662109375,1.220703125
10.7874999,0.4554968774318695,-0.2364274114370346,9.739013671875,1.739501953125,-0.885009765625,-2.74658203125
10.792499900000001,0.3597288131713867,-0.24779987335205078,10.026318550109863,3.5400390625,0.244140625,0.9765625
10.7974999,0.3058592677116394,-0.25498247146606445,9.603741645812988,-6.28662109375,0.18310546875,0.885009765625
10.8024999,0.36990416049957275,-0.2867056429386139,9.551667213439941,-5.9814453125,-0.152587890625,0.335693359375
10.8074999,0.36990416049957275,-0.2867056429386139,9.551667213439941,-5.9814453125,-0.152587890625,0.335693359375
10.8124999,0.5728127360343933,-0.31543606519699097,9.788095474243164,5.18798828125,0.48828125,-2.532958984375
10.8174999,0.36332011222839355,-0.2495955228805542,9.959878921508789,0.67138671875,-0.030517578125,1.77001953125
10.8224999,0.45250412821769714,-0.2472013235092163,9.521739959716797,-5.67626953125,-0.762939453125,-0.335693359375
10.827499900000001,0.5895721912384033,-0.3250128924846649,9.873687744140625,6.16455078125,0.48828125,-2.197265625
10.8324999,0.44592007994651794,-0.25737667083740234,9.531915664672852,-4.486083984375,-0.213623046875,-1.0986328125
10.837499900000001,0.5129576921463013,-0.31783026456832886,9.950302124023438,6.500244140625,0.30517578125,-1.739501953125
10.8424999,0.2663549482822418,-0.23942017555236816,9.897629737854004,-2.44140625,-0.274658203125,1.922607421875
10.8474999,0.5141547918319702,-0.30945056676864624,9.62947940826416,-3.2958984375,-0.274658203125,-1.800537109375
10.8524999,0.5135562419891357,-0.34835633635520935,10.046070098876953,6.561279296875,0.457763671875,-0.9765625
10.8574999,0.3256114423274994,-0.2890998423099518,9.84256362915039,-3.692626953125,-0.1220703125,2.166748046875
10.8624999,0.5656301379203796,-0.322618693113327,9.634267807006836,-1.251220703125,0.18310546875,-2.044677734375
10.8674999,0.4626794755458832,-0.29628247022628784,9.996989250183105,6.28662109375,-0.030517578125,-0.457763671875
10.872499900000001,0.32680854201316833,-0.25258827209472656,9.762357711791992,-4.8828125,-0.274658203125,1.64794921875
10.8774999,0.5512649416923523,-0.2867056429386139,9.604938507080078,0.091552734375,0.244140625,-2.532958984375
10.882499900000001,0.33698388934135437,-0.2687491476535797,9.663596153259277,-5.92041015625,-0.396728515625,1.678466796875
10.8874999,0.33698388934135437,-0.2687491476535797,9.663596153259277,-5.92041015625,-0.396728515625,1.678466796875
10.8924999,0.37169981002807617,-0.23762452602386475,10.028712272644043,4.2724609375,-0.244140625,0.579833984375
10.8974999,0.2825157940387726,-0.21787235140800476,9.667786598205566,-6.28662109375,-0.518798828125,1.220703125
10.9024999,0.48602294921875,-0.272938996553421,9.684545516967773,2.777099609375,-0.091552734375,-2.899169921875
10.9074999,0.37469255924224854,-0.2663549482822418,9.96825885772705,2.99072265625,0.213623046875,1.129150390625
10.9124999,0.33339259028434753,-0.29149407148361206,9.541492462158203,-6.4697265625,0.152587890625,0.91552734375
10.917499900000001,0.5512649416923523,-0.33039984107017517,9.712079048156738,3.90625,0.06103515625,-2.5634765625
10.9224999,0.3489548861980438,-0.2753331959247589,9.963470458984375,1.495361328125,0.213623046875,1.3427734375
10.9274999,0.38127660751342773,-0.29388827085494995,9.541492462158203,-5.7373046875,0.030517578125,0.1220703125
10.9324999,0.5740098357200623,-0.34177228808403015,9.817423820495605,5.31005859375,0.48828125,-2.349853515625
10.9374999,0.3471592366695404,-0.2825157940387726,9.922170639038086,-0.335693359375,0.244140625,1.800537109375
10.9424999,0.4513070285320282,-0.2890998423099518,9.518148422241211,-5.55419921875,-0.457763671875,-0.579833984375
10.9474999,0.5644330382347107,-0.33937808871269226,9.903017044067383,6.04248046875,0.579833984375,-1.678466796875
10.952499900000001,0.2861070930957794,-0.2759317457675934,9.88745403289795,-3.143310546875,0.213623046875,2.166748046875
10.9574999,0.5363011956214905,-0.32441434264183044,9.64683723449707,-2.99072265625,-0.18310546875,-1.739501953125
10.962499900000001,0.49320554733276367,-0.31842881441116333,10.019135475158691,6.34765625,0.152587890625,-1.068115234375
10.9674999,0.31184476613998413,-0.25677812099456787,9.784503936767578,-4.2724609375,-0.06103515625,2.197265625
10.9724999,0.557250440120697,-0.29807811975479126,9.583391189575195,-1.15966796875,0.335693359375,-1.953125
10.9774999,0.45010992884635925,-0.2711433470249176,9.95209789276123,6.134033203125,0.274658203125,-0.42724609375
10.9824999,0.32441434264183044,-0.27892449498176575,9.691129684448242,-5.218505859375,-0.152587890625,1.708984375
10.9874999,0.5273229479789734,-0.2998737692832947,9.600749015808105,0.244140625,-0.54931640625,-2.44140625
10.9924999,0.40043023228645325,-0.2651578485965729,9.996989250183105,5.279541015625,0.244140625,0.213623046875
10.997499900000001,0.3148375153541565,-0.24001872539520264,9.675567626953125,-5.859375,-0.06103515625,1.251220703125
11.0024999,0.3926490843296051,-0.22266076505184174,10.052056312561035,3.997802734375,0.030517578125,0.79345703125
11.007499900000001,0.3274070918560028,-0.24899697303771973,9.638457298278809,-6.103515625,-0.335693359375,0.732421875
11.0124999,0.536899745464325,-0.33279404044151306,9.712677955627441,3.0517578125,-0.274658203125,-2.716064453125
11.0174999,0.3884592354297638,-0.284311443567276,9.979631423950195,2.5634765625,-0.152587890625,1.28173828125
11.0224999,0.3621230125427246,-0.314238965511322,9.569025993347168,-6.34765625,-0.335693359375,0.396728515625
11.0274999,0.5554547905921936,-0.3058592677116394,9.791686058044434,4.913330078125,0.030517578125,-2.5634765625
11.0324999,0.33937808871269226,-0.2346317619085312,10.01075553894043,0.9765625,-0.1220703125,1.739501953125
11.0374999,0.4058171808719635,-0.26755204796791077,9.557653427124023,-5.43212890625,-0.06103515625,-0.3662109375
11.042499900000001,0.5776011347770691,-0.3190273642539978,9.869498252868652,6.28662109375,0.42724609375,-2.349853515625
11.0474999,0.3471592366695404,-0.272938996553421,9.919178009033203,-0.67138671875,-0.213623046875,2.044677734375
11.0524999,0.4596867263317108,-0.2992752194404602,9.5408935546875,-5.279541015625,-0.732421875,-0.79345703125
11.0574999,0.5446808934211731,-0.3010708689689636,9.946710586547852,6.011962890625,0.152587890625,-1.708984375
11.0624999,0.545877993106842,-0.33339259028434753,9.627084732055664,-2.105712890625,-0.1220703125,-1.983642578125
11.0674999,0.4728548228740692,-0.27892449498176575,10.016741752624512,6.439208984375,0.30517578125,-0.91552734375
11.0724999,0.30945056676864624,-0.2519897222518921,9.801262855529785,-4.94384765625,-0.244140625,1.953125
11.077499900000001,0.5482721924781799,-0.2795230448246002,9.632472038269043,-1.40380859375,-0.762939453125,-2.3193359375
11.0824999,0.44412440061569214,-0.23403321206569672,10.008959770202637,5.401611328125,0.152587890625,0
11.087499900000001,0.33339259028434753,-0.304063618183136,9.685144424438477,-5.615234375,0.091552734375,1.922607421875
11.0924999,0.517746090888977,-0.2819172441959381,9.636063575744629,1.3427734375,0.18310546875,-2.5634765625
11.0974999,0.38546648621559143,-0.2585737705230713,10.012551307678223,4.425048828125,0.06103515625,0.30517578125
11.1024999,0.2861070930957794,-0.24779987335205078,9.645041465759277,-6.439208984375,-0.640869140625,1.251220703125
11.1074999,0.5249287486076355,-0.33039984107017517,9.72285270690918,4.425048828125,0.701904296875,-2.9296875
11.1124999,0.35913026332855225,-0.3034650683403015,9.97364616394043,2.105712890625,0.274658203125,1.46484375
11.1174999,0.3597288131713867,-0.28730419278144836,9.547477722167969,-6.2255859375,-0.1220703125,0.42724609375
11.122499900000001,0.5680243372917175,-0.28790274262428284,9.807249069213867,4.94384765625,0.8544921875,-2.471923828125
11.1274999,0.35673606395721436,-0.24660277366638184,9.97603988647461,0.457763671875,0.06103515625,1.64794921875
11.132499900000001,0.44352585077285767,-0.26396074891090393,9.552266120910645,-5.828857421875,-0.335693359375,-0.274658203125
11.1374999,0.5961562395095825,-0.3381809890270233,9.879075050354004,5.645751953125,0.244140625,-2.288818359375
11.1424999,0.33758243918418884,-0.2849099934101105,9.908403396606445,-0.762939453125,-0.213623046875,1.77001953125
11.1474999,0.4572925269603729,-0.30047231912612915,9.543288230895996,-4.669189453125,-0.701904296875,-0.9765625
11.1524999,0.5015852451324463,-0.3010708689689636,9.64564037322998,-3.60107421875,-0.640869140625,-1.434326171875
11.1574999,0.5111620426177979,-0.33698388934135437,10.04307746887207,6.561279296875,-0.091552734375,-1.220703125
11.1624999,0.3190273642539978,-0.29568392038345337,9.853935241699219,-3.7841796875,-0.274658203125,2.044677734375
11.167499900000001,0.5680243372917175,-0.322618693113327,9.634865760803223,-2.0751953125,-0.457763671875,-2.01416015625
11.1724999,0.47644615173339844,-0.31364041566848755,10.035895347595215,6.256103515625,-0.152587890625,-0.518798828125
11.1774999,0.3357867896556854,-0.26336219906806946,9.802460670471191,-4.913330078125,-0.274658203125,1.89208984375
11.1824999,0.5626373887062073,-0.29628247022628784,9.642647743225098,-0.18310546875,-0.152587890625,-2.471923828125
11.1874999,0.4578910768032074,-0.2759317457675934,9.998186111450195,5.79833984375,0.244140625,0
11.1924999,0.35075053572654724,-0.27473464608192444,9.68574333190918,-5.340576171875,0.06103515625,1.52587890625
11.1974999,0.5225345492362976,-0.2472013235092163,9.646238327026367,1.129150390625,-0.396728515625,-2.655029296875
11.202499900000001,0.3842693865299225,-0.23702596127986908,10.035895347595215,4.82177734375,0.1220703125,0.457763671875
11.2074999,0.48901569843292236,-0.24241292476654053,9.719860076904297,2.899169921875,-0.42724609375,-2.716064453125
11.212499900000001,0.3932476341724396,-0.2663549482822418,10.001178741455078,3.23486328125,-0.457763671875,0.91552734375
11.2174999,0.3381809890270233,-0.2932897210121155,9.584588050842285,-6.439208984375,-0.701904296875,0.42724609375
11.2224999,0.5542576909065247,-0.3357867896556854,9.728838920593262,4.302978515625,0.152587890625,-2.62451171875
11.2274999,0.36152446269989014,-0.2998737692832947,9.99220085144043,1.89208984375,0.152587890625,1.46484375
11.2324999,0.3758896589279175,-0.29388827085494995,9.582792282104492,-6.011962890625,-0.213623046875,-0.06103515625
11.2374999,0.5722141861915588,-0.3232172429561615,9.865906715393066,4.669189453125,-0.3662109375,-2.25830078125
11.2424999,0.35494041442871094,-0.2783259451389313,10.001178741455078,0.30517578125,0.335693359375,2.044677734375
11.247499900000001,0.44831427931785583,-0.29209262132644653,9.567828178405762,-4.791259765625,0.946044921875,-0.732421875
11.2524999,0.5752069354057312,-0.3381809890270233,9.910199165344238,6.28662109375,0.946044921875,-2.197265625
11.257499900000001,0.30705636739730835,-0.25498247146606445,9.906607627868652,-1.129150390625,0.54931640625,2.25830078125
11.2624999,0.4297592043876648,-0.26396074891090393,9.55466079711914,-4.33349609375,-0.06103515625,-1.129150390625
11.2674999,0.24121582508087158,-0.25318682193756104,9.894637107849121,-2.8076171875,-0.244140625,2.197265625
11.2724999,0.49320554733276367,-0.3034650683403015,9.642048835754395,-2.74658203125,0.213623046875,-1.8310546875
11.2774999,0.48901569843292236,-0.353743314743042,10.039485931396484,6.378173828125,0.1220703125,-1.190185546875
11.2824999,0.3064578175544739,-0.28790274262428284,9.815030097961426,-3.997802734375,0.030517578125,2.0751953125
11.2874999,0.5566518902778625,-0.3172317147254944,9.623494148254395,-1.434326171875,0.396728515625,-2.044677734375
11.292499900000001,0.45489832758903503,-0.2950853705406189,9.982624053955078,5.9814453125,0.3662109375,-0.48828125
11.2974999,0.32202014327049255,-0.2585737705230713,9.755773544311523,-5.2490234375,-0.18310546875,1.708984375
11.3024999,0.5398924946784973,-0.28072014451026917,9.619902610778809,-0.1220703125,0.06103515625,-2.349853515625
11.3074999,0.4273650050163269,-0.29209262132644653,10.001178741455078,5.31005859375,0.06103515625,-0.030517578125
11.3124999,0.3292027413845062,-0.2717418968677521,9.68574333190918,-5.79833984375,-0.518798828125,1.373291015625
11.3174999,0.5003881454467773,-0.25318682193756104,9.660603523254395,1.312255859375,-0.213623046875,-2.62451171875
11.3224999,0.375291109085083,-0.24420857429504395,10.036493301391602,4.2724609375,-0.244140625,0.823974609375
11.327499900000001,0.48722004890441895,-0.2555810213088989,9.683947563171387,2.471923828125,-0.640869140625,-2.838134765625
11.3324999,0.37888240814208984,-0.2777273952960968,9.949105262756348,3.35693359375,-0.030517578125,1.3427734375
11.337499900000001,0.33937808871269226,-0.29867666959762573,9.552865028381348,-5.859375,0.06103515625,0.30517578125
11.3424999,0.5596446394920349,-0.3280056416988373,9.725846290588379,4.302978515625,0.3662109375,-2.50244140625
11.3474999,0.36750996112823486,-0.2867056429386139,10.010157585144043,1.678466796875,-0.1220703125,1.861572265625
11.3524999,0.3944447338581085,-0.26755204796791077,9.59476375579834,-6.2255859375,-0.701904296875,-0.06103515625
11.3574999,0.5811924338340759,-0.3232172429561615,9.874286651611328,5.79833984375,0.8544921875,-2.38037109375
11.3624999,0.3603273630142212,-0.28311434388160706,9.961075782775879,0.3662109375,0.030517578125,2.01416015625
11.3674999,0.4531026780605316,-0.284311443567276,9.531316757202148,-5.340576171875,-0.91552734375,-0.67138671875
11.372499900000001,0.5764040350914001,-0.3513490855693817,9.877279281616211,5.645751953125,-0.152587890625,-2.044677734375
11.3774999,0.30885201692581177,-0.23762452602386475,9.908403396606445,-1.434326171875,-0.06103515625,2.227783203125
11.382499900000001,0.4620809257030487,-0.24899697303771973,9.582193374633789,-4.45556640625,-0.396728515625,-1.15966796875
11.3874999,0.49619829654693604,-0.363918662071228,10.036493301391602,6.011962890625,-0.244140625,-1.251220703125
11.3924999,0.3148375153541565,-0.27234044671058655,9.823410034179688,-4.21142578125,-0.335693359375,1.983642578125
11.3974999,0.5524620413780212,-0.29628247022628784,9.643245697021484,-1.434326171875,0.335693359375,-1.861572265625
11.4024999,0.4465186297893524,-0.3016694188117981,10.018536567687988,5.9814453125,0.48828125,-0.42724609375
11.4074999,0.31842881441116333,-0.24839842319488525,9.759963035583496,-5.279541015625,-0.030517578125,1.739501953125
11.4124999,0.5267243981361389,-0.2861070930957794,9.621099472045898,0.1220703125,0.213623046875,-2.471923828125
11.417499900000001,0.4040215313434601,-0.3010708689689636,9.997588157653809,5.523681640625,0.48828125,0.274658203125
11.4224999,0.31124621629714966,-0.2645592987537384,9.674968719482422,-5.67626953125,0.274658203125,1.434326171875
11.4274999,0.4818331003189087,-0.24899697303771973,9.68574333190918,1.739501953125,0.48828125,-2.655029296875
11.4324999,0.2908954918384552,-0.20290859043598175,9.654618263244629,-6.40869140625,-0.213623046875,0.946044921875
11.4374999,0.4991910457611084,-0.262763649225235,9.706093788146973,2.86865234375,0.457763671875,-2.62451171875
11.4424999,0.37409400939941406,-0.2795230448246002,9.965864181518555,2.685546875,0,1.129150390625
11.4474999,0.33039984107017517,-0.28371289372444153,9.55705451965332,-6.7138671875,-0.213623046875,0.579833984375
11.452499900000001,0.5422866940498352,-0.33758243918418884,9.759963035583496,3.90625,-0.30517578125,-2.38037109375
11.4574999,0.3321954905986786,-0.29628247022628784,10.004770278930664,1.220703125,0.1220703125,1.739501953125
11.462499900000001,0.38486793637275696,-0.28790274262428284,9.577404975891113,-5.767822265625,0.3662109375,-0.18310546875
11.4674999,0.5764040350914001,-0.35434186458587646,9.86351203918457,5.615234375,0.823974609375,-2.105712890625
11.4724999,0.3513490855693817,-0.2902969419956207,9.938331604003906,-0.152587890625,0.3662109375,2.01416015625
11.4774999,0.4620809257030487,-0.2885012924671173,9.531316757202148,-5.218505859375,0.30517578125,-0.946044921875
11.4824999,0.5596446394920349,-0.33997663855552673,9.912593841552734,5.828857421875,0.18310546875,-1.922607421875
11.4874999,0.28550854325294495,-0.23044191300868988,9.923367500305176,-1.861572265625,0.244140625,2.13623046875
11.4924999,0.5063736438751221,-0.3381809890270233,10.023923873901367,6.16455078125,0.06103515625,-1.495361328125
11.497499900000001,0.28072014451026917,-0.2555810213088989,9.875483512878418,-3.2958984375,0.091552734375,2.166748046875
11.5024999,0.5327098965644836,-0.29867666959762573,9.61451530456543,-2.471923828125,0.54931640625,-1.800537109375
11.507499900000001,0.4800374507904053,-0.33937808871269226,10.021530151367188,6.34765625,0.762939453125,-0.885009765625
11.5124999,0.30705636739730835,-0.228047713637352,9.78869342803955,-4.2724609375,0.396728515625,2.105712890625
11.5174999,0.5560533404350281,-0.27413609623908997,9.621698379516602,-1.861572265625,-0.701904296875,-2.227783203125
11.5224999,0.4554968774318695,-0.3076549172401428,9.995792388916016,5.859375,0.54931640625,-0.335693359375
11.5274999,0.3471592366695404,-0.2687491476535797,9.719860076904297,-5.096435546875,0.396728515625,1.77001953125
11.5324999,0.5488707423210144,-0.30466216802597046,9.619303703308105,0.30517578125,0.30517578125,-2.471923828125
11.5374999,0.4207809567451477,-0.304063618183136,10.002974510192871,4.94384765625,0.18310546875,0.152587890625
11.542499900000001,0.32202014327049255,-0.23283611238002777,9.658807754516602,-6.04248046875,0.152587890625,1.495361328125
11.5474999,0.4950011968612671,-0.23942017555236816,9.694122314453125,2.25830078125,0.42724609375,-2.532958984375
11.5524999,0.3561375141143799,-0.2687491476535797,9.556455612182617,-6.103515625,-0.335693359375,0.18310546875
11.5574999,0.5650315880775452,-0.33039984107017517,9.780313491821289,4.8828125,0.396728515625,-2.44140625
11.5624999,0.35434186458587646,-0.2663549482822418,9.97364616394043,1.03759765625,-0.06103515625,1.8310546875
11.5674999,0.43275195360183716,-0.262763649225235,9.543886184692383,-5.67626953125,-0.457763671875,-0.54931640625
11.5724999,0.5973533391952515,-0.3531447649002075,9.849745750427246,5.767822265625,0.1220703125,-2.3193359375
11.577499900000001,0.35075053572654724,-0.26096799969673157,9.90361499786377,-0.457763671875,0,2.01416015625
11.5824999,0.4638765752315521,-0.2669534981250763,9.549872398376465,-4.39453125,0.18310546875,-0.885009765625
11.587499900000001,0.5410895943641663,-0.34596213698387146,9.961674690246582,6.34765625,0.1220703125,-1.983642578125
11.5924999,0.272938996553421,-0.22924481332302094,9.9586820602417,-1.678466796875,-0.244140625,2.01416015625
11.5974999,0.5117605924606323,-0.35494041442871094,10.049661636352539,6.4697265625,0.335693359375,-1.28173828125
11.6024999,0.4620809257030487,-0.3489548861980438,10.02811336517334,6.4697265625,0.335693359375,-0.54931640625
11.6074999,0.3172317147254944,-0.24001872539520264,9.798270225524902,-4.69970703125,0.030517578125,1.861572265625
11.6124999,0.5416881442070007,-0.2849099934101105,9.646238327026367,-0.701904296875,0.274658203125,-2.349853515625
11.6174999,0.4387374520301819,-0.28969839215278625,10.004770278930664,5.706787109375,0.42724609375,0.1220703125
11.622499900000001,0.33279404044151306,-0.25258827209472656,9.694122314453125,-5.4931640625,0.1220703125,1.617431640625
11.6274999,0.507570743560791,-0.25677812099456787,9.640851974487305,1.28173828125,0.6103515625,-2.532958984375
11.632499900000001,0.37469255924224854,-0.26755204796791077,10.034697532653809,4.82177734375,0.213623046875,0.579833984375
11.6374999,0.2849099934101105,-0.19931729137897491,9.668983459472656,-6.317138671875,-0.06103515625,1.15966796875
11.6424999,0.48063600063323975,-0.2406172752380371,9.724648475646973,2.655029296875,0.335693359375,-2.62451171875
11.6474999,0.3292027413845062,-0.24660277366638184,9.584588050842285,-6.53076171875,-0.18310546875,0.732421875
11.6524999,0.5524620413780212,-0.32620999217033386,9.731831550598145,3.692626953125,0,-2.777099609375
11.6574999,0.3663128614425659,-0.284311443567276,10.002974510192871,2.01416015625,-0.030517578125,1.556396484375
11.6624999,0.38486793637275696,-0.27712884545326233,9.600150108337402,-6.072998046875,-0.152587890625,0.06103515625
11.667499900000001,0.5805938839912415,-0.345363587141037,9.8784761428833,5.615234375,0.732421875,-2.44140625
11.6724999,0.36092591285705566,-0.27712884545326233,10.01075553894043,0.67138671875,0,1.8310546875
11.6774999,0.4471171796321869,-0.2801215946674347,9.573814392089844,-5.401611328125,-0.48828125,-0.67138671875
11.6824999,0.5692214369773865,-0.36152446269989014,9.911994934082031,5.950927734375,0.1220703125,-1.861572265625
11.6874999,0.3034650683403015,-0.23822307586669922,9.945513725280762,-1.15966796875,-0.244140625,2.227783203125
11.6924999,0.4489128291606903,-0.2603694200515747,9.598953247070312,-4.180908203125,0.091552734375,-1.251220703125
11.6974999,0.50876784324646,-0.34177228808403015,10.034697532653809,6.34765625,0.091552734375,-1.5869140625
11.702499900000001,0.5123591423034668,-0.30526071786880493,9.660603523254395,-3.173828125,0.152587890625,-1.89208984375
11.7074999,0.47584760189056396,-0.3687070608139038,10.055646896362305,6.4697265625,0.67138671875,-0.885009765625
11.712499900000001,0.2974795699119568,-0.25737667083740234,9.858125686645508,-3.96728515625,0.274658203125,2.13623046875
11.7174999,0.5345055460929871,-0.3016694188117981,9.665990829467773,-1.617431640625,0.030517578125,-2.349853515625
11.7224999,0.43035775423049927,-0.31842881441116333,10.046070098876953,5.767822265625,0.457763671875,-0.335693359375
11.7274999,0.3076549172401428,-0.2561795711517334,9.78869342803955,-5.096435546875,0.152587890625,1.983642578125
11.7324999,0.518943190574646,-0.2974795699119568,9.636661529541016,0,0.518798828125,-2.3193359375
11.7374999,0.39624038338661194,-0.29628247022628784,9.998785018920898,5.31005859375,0.6103515625,0.213623046875
11.7424999,0.29568392038345337,-0.2454056739807129,9.654019355773926,-5.615234375,0.1220703125,1.678466796875
11.747499900000001,0.47225627303123474,-0.23283611238002777,9.665990829467773,1.708984375,0.18310546875,-2.685546875
11.7524999,0.3531447649002075,-0.25258827209472656,10.025120735168457,4.364013671875,-0.091552734375,0.396728515625
11.757499900000001,0.2867056429386139,-0.19692309200763702,9.65222454071045,-6.134033203125,-0.48828125,1.007080078125
11.7624999,0.3794809579849243,-0.26994624733924866,9.989806175231934,2.8076171875,0.06103515625,1.0986328125
11.7674999,0.34656068682670593,-0.262763649225235,9.586981773376465,-6.317138671875,-0.213623046875,0.518798828125
11.7724999,0.5590460896492004,-0.32620999217033386,9.781511306762695,4.39453125,0.091552734375,-2.410888671875
11.7774999,0.3405751883983612,-0.27413609623908997,10.001178741455078,1.373291015625,0.213623046875,1.617431640625
11.7824999,0.3944447338581085,-0.2795230448246002,9.563039779663086,-5.7373046875,0.3662109375,-0.18310546875
11.7874999,0.5662286877632141,-0.3627215623855591,9.86111831665039,5.523681640625,0.335693359375,-2.166748046875
11.792499900000001,0.32441434264183044,-0.28072014451026917,9.929951667785645,-0.30517578125,-0.152587890625,1.89208984375
11.7974999,0.436343252658844,-0.27054479718208313,9.555258750915527,-5.0048828125,-0.335693359375,-0.762939453125
11.8024999,0.5309142470359802,-0.34177228808403015,9.945513725280762,6.500244140625,0.48828125,-1.800537109375
11.8074999,0.26755204796791077,-0.2082955539226532,9.941324234008789,-1.64794921875,0.1220703125,2.3193359375
11.8124999,0.4734533727169037,-0.25737667083740234,9.61571216583252,-3.631591796875,0.18310546875,-1.495361328125
11.8174999,0.5159504413604736,-0.3321954905986786,10.036493301391602,6.561279296875,0.396728515625,-1.40380859375
11.8224999,0.5548562407493591,-0.30226796865463257,9.646238327026367,-2.3193359375,0.396728515625,-1.983642578125
11.827499900000001,0.46327802538871765,-0.3447650372982025,10.034697532653809,6.34765625,0.9765625,-0.732421875
11.8324999,0.30047231912612915,-0.24001872539520264,9.802460670471191,-4.425048828125,0.42724609375,2.105712890625
11.837499900000001,0.5297171473503113,-0.29568392038345337,9.637260437011719,-1.251220703125,-0.213623046875,-2.01416015625
11.8424999,0.4297592043876648,-0.3106476664543152,9.991601943969727,5.889892578125,0.030517578125,-0.091552734375
11.8474999,0.3256114423274994,-0.2645592987537384,9.692925453186035,-5.43212890625,-0.213623046875,1.739501953125
11.8524999,0.5165489912033081,-0.28371289372444153,9.647436141967773,0.640869140625,-0.762939453125,-2.74658203125
11.8574999,0.3860650360584259,-0.2687491476535797,10.020931243896484,4.425048828125,-0.6103515625,0.518798828125
11.8624999,0.2932897210121155,-0.20111294090747833,9.666589736938477,-6.439208984375,-0.518798828125,1.312255859375
11.8674999,0.48602294921875,-0.24241292476654053,9.701305389404297,2.13623046875,-0.1220703125,-2.593994140625
11.872499900000001,0.3794809579849243,-0.26396074891090393,9.988011360168457,3.082275390625,0.1220703125,1.0986328125
11.8774999,0.3172317147254944,-0.262763649225235,9.5809965133667,-6.4697265625,-0.030517578125,0.42724609375
11.882499900000001,0.5602431893348694,-0.3477577865123749,9.817423820495605,5.0048828125,-0.06103515625,-2.410888671875
11.8874999,0.33997663855552673,-0.27892449498176575,9.965266227722168,0.518798828125,-0.213623046875,1.89208984375
11.8924999,0.4411316514015198,-0.27413609623908997,9.550470352172852,-5.279541015625,-0.762939453125,-0.6103515625
11.8974999,0.5722141861915588,-0.3627215623855591,9.906607627868652,5.67626953125,0.030517578125,-2.01416015625
11.9024999,0.3148375153541565,-0.22744916379451752,9.931747436523438,-1.220703125,0.06103515625,1.953125
11.9074999,0.4578910768032074,-0.2537853717803955,9.568427085876465,-4.7607421875,0,-1.0986328125
11.9124999,0.5249287486076355,-0.3387795388698578,10.000580787658691,6.317138671875,0.91552734375,-1.3427734375
11.917499900000001,0.2759317457675934,-0.24420857429504395,9.892242431640625,-2.777099609375,0.457763671875,2.166748046875
11.9224999,0.5506663918495178,-0.30526071786880493,9.672574996948242,-1.434326171875,-0.48828125,-2.0751953125
11.9274999,0.4507084786891937,-0.31184476613998413,10.049062728881836,5.859375,-0.06103515625,-0.396728515625
11.9324999,0.3321954905986786,-0.2495955228805542,9.774927139282227,-5.2490234375,-0.335693359375,1.800537109375
11.9374999,0.5404910445213318,-0.27653029561042786,9.634865760803223,-0.06103515625,-0.030517578125,-2.410888671875
11.9424999,0.4124012291431427,-0.2825157940387726,10.011953353881836,5.31005859375,0.54931640625,0.152587890625
11.9474999,0.31184476613998413,-0.228047713637352,9.678560256958008,-5.889892578125,0.18310546875,1.434326171875
11.952499900000001,0.4836287498474121,-0.23403321206569672,9.695918083190918,1.861572265625,0.396728515625,-2.74658203125
11.9574999,0.3645172119140625,-0.24899697303771973,10.04427433013916,4.08935546875,0.152587890625,0.732421875
11.962499900000001,0.29867666959762573,-0.20051439106464386,9.654618263244629,-6.317138671875,-0.54931640625,0.91552734375
11.9674999,0.5153518915176392,-0.28790274262428284,9.713874816894531,3.2958984375,-0.335693359375,-2.8076171875
11.9724999,0.37229835987091064,-0.26755204796791077,9.96945571899414,2.838134765625,-0.152587890625,1.251220703125
11.9774999,0.3555389642715454,-0.26156654953956604,9.57201862335205,-6.04248046875,-0.396728515625,0.18310546875
11.9824999,0.35015198588371277,-0.26156654953956604,9.924564361572266,-0.518798828125,0.244140625,2.25830078125
11.9874999,0.46806642413139343,-0.27892449498176575,9.553462982177734,-4.57763671875,0.42724609375,-0.9765625
11.9924999,0.5512649416923523,-0.363918662071228,9.973047256469727,6.500244140625,-0.213623046875,-1.77001953125
11.997499900000001,0.2867056429386139,-0.23044191300868988,9.947908401489258,-1.983642578125,-0.396728515625,2.0751953125
12.0024999,0.5015852451324463,-0.28131869435310364,9.628880500793457,-3.96728515625,-0.762939453125,-1.678466796875
12.007499900000001,0.5207388401031494,-0.35015198588371277,10.034697532653809,6.16455078125,-0.335693359375,-1.190185546875
12.0124999,0.31842881441116333,-0.2603694200515747,9.852140426635742,-3.875732421875,-0.091552734375,2.44140625
12.0174999,0.31842881441116333,-0.2603694200515747,9.852140426635742,-3.875732421875,-0.091552734375,2.44140625
12.0224999,0.5656301379203796,-0.30226796865463257,9.62828254699707,-2.105712890625,0.335693359375,-2.0751953125
12.0274999,0.5446808934211731,-0.2890998423099518,9.64683723449707,-0.6103515625,0.244140625,-2.349853515625
12.032499900000001,0.4315548539161682,-0.28969839215278625,10.00955867767334,5.79833984375,0.244140625,-0.091552734375
12.0374999,0.3232172429561615,-0.2555810213088989,9.688735961914062,-5.706787109375,-0.30517578125,1.739501953125
12.042499900000001,0.5051765441894531,-0.2711433470249176,9.672574996948242,0.91552734375,-0.640869140625,-2.777099609375
12.0474999,0.37409400939941406,-0.26994624733924866,10.034697532653809,4.7607421875,-0.030517578125,0.457763671875
12.0524999,0.2932897210121155,-0.2064998894929886,9.66958236694336,-5.79833984375,-0.274658203125,1.373291015625
12.0574999,0.4991910457611084,-0.25917232036590576,9.706093788146973,2.50244140625,0.18310546875,-2.44140625
12.0624999,0.3944447338581085,-0.25977087020874023,9.988609313964844,3.173828125,0.091552734375,0.9765625
12.0674999,0.33698388934135437,-0.2621650993824005,9.565434455871582,-6.683349609375,-0.213623046875,0.640869140625
12.0724999,0.5506663918495178,-0.33758243918418884,9.742006301879883,3.875732421875,-0.091552734375,-2.532958984375
12.077499900000001,0.3477577865123749,-0.2944868206977844,9.996989250183105,1.8310546875,0.244140625,1.5869140625
12.0824999,0.4686649739742279,-0.2867056429386139,9.57441234588623,-5.126953125,-0.213623046875,-1.007080078125
12.087499900000001,0.5841852426528931,-0.365115761756897,9.944316864013672,5.767822265625,0.18310546875,-2.044677734375
12.0924999,0.31364041566848755,-0.23104046285152435,9.940725326538086,-1.46484375,0.152587890625,2.44140625
12.0974999,0.47884035110473633,-0.2717418968677521,9.600749015808105,-4.08935546875,0,-1.434326171875
12.1024999,0.5273229479789734,-0.36152446269989014,10.020931243896484,6.134033203125,0.244140625,-1.617431640625
12.1074999,0.2944868206977844,-0.2663549482822418,9.894038200378418,-2.8076171875,0.244140625,2.44140625
12.1124999,0.547075092792511,-0.314238965511322,9.640851974487305,-2.62451171875,-0.213623046875,-1.983642578125
12.1174999,0.48901569843292236,-0.3585317134857178,10.038887977600098,6.439208984375,-0.030517578125,-1.190185546875
12.122499900000001,0.31842881441116333,-0.23283611238002777,9.841365814208984,-4.302978515625,-0.1220703125,2.0751953125
12.1274999,0.5500678420066833,-0.28371289372444153,9.644442558288574,-1.434326171875,-0.457763671875,-2.0751953125
12.132499900000001,0.39624038338661194,-0.2902969419956207,10.016741752624512,4.82177734375,-0.152587890625,0.18310546875
12.1374999,0.30226796865463257,-0.23822307586669922,9.6803560256958,-6.28662109375,-0.3662109375,1.15966796875
12.1424999,0.4842272996902466,-0.24121582508087158,9.710882186889648,2.197265625,0.640869140625,-2.38037109375
12.1474999,0.38546648621559143,-0.25917232036590576,10.043676376342773,4.058837890625,0.274658203125,0.946044921875
12.1524999,0.32202014327049255,-0.22505496442317963,9.630077362060547,-6.40869140625,0,0.79345703125
12.157499900000001,0.5440823435783386,-0.32202014327049255,9.680954933166504,3.204345703125,-0.518798828125,-2.5634765625
12.1624999,0.39624038338661194,-0.2861070930957794,9.938929557800293,2.471923828125,0,1.3427734375
12.167499900000001,0.37648820877075195,-0.2717418968677521,9.541492462158203,-6.2255859375,-0.1220703125,0.30517578125
12.1724999,0.5805938839912415,-0.31842881441116333,9.767146110534668,4.608154296875,-0.030517578125,-2.532958984375
12.1774999,0.35673606395721436,-0.23942017555236816,9.995792388916016,1.03759765625,-0.091552734375,1.64794921875
12.1824999,0.5793967843055725,-0.34356793761253357,9.86770248413086,5.79833984375,0.396728515625,-2.044677734375
12.1874999,0.5793967843055725,-0.34356793761253357,9.86770248413086,5.79833984375,0.396728515625,-2.044677734375
12.1924999,0.3357867896556854,-0.2472013235092163,9.93354320526123,-0.48828125,0.030517578125,2.01416015625
12.1974999,0.4537012279033661,-0.2669534981250763,9.567230224609375,-4.913330078125,-0.152587890625,-0.823974609375
12.202499900000001,0.5398924946784973,-0.345363587141037,10.000580787658691,6.2255859375,0.396728515625,-1.40380859375
12.2074999,0.28131869435310364,-0.22206220030784607,9.965864181518555,-2.3193359375,0.1220703125,2.105712890625
12.212499900000001,0.5111620426177979,-0.2759317457675934,9.659406661987305,-3.448486328125,0.152587890625,-1.708984375
12.2174999,0.5213374495506287,-0.3603273630142212,10.050858497619629,6.53076171875,0.6103515625,-1.007080078125
12.2224999,0.3190273642539978,-0.2759317457675934,9.851541519165039,-3.509521484375,0.396728515625,2.25830078125
12.2274999,0.5638344883918762,-0.33279404044151306,9.630077362060547,-2.01416015625,0.06103515625,-2.288818359375
12.2324999,0.4620809257030487,-0.3321954905986786,10.016142845153809,6.072998046875,-0.06103515625,-0.457763671875
12.2374999,0.3082534670829773,-0.23104046285152435,9.779715538024902,-5.0048828125,-0.18310546875,2.13623046875
12.2424999,0.42377370595932007,-0.26755204796791077,9.991601943969727,5.706787109375,-0.213623046875,-0.06103515625
12.247499900000001,0.3250128924846649,-0.2495955228805542,9.695918083190918,-5.645751953125,-0.640869140625,1.617431640625
12.2524999,0.5105634927749634,-0.2711433470249176,9.6803560256958,1.190185546875,-0.1220703125,-2.8076171875
12.257499900000001,0.3902548849582672,-0.27054479718208313,10.05923843383789,4.94384765625,0.18310546875,0.396728515625
12.2624999,0.3058592677116394,-0.20889410376548767,9.685144424438477,-5.828857421875,-0.030517578125,1.220703125
12.2674999,0.5105634927749634,-0.26396074891090393,9.709086418151855,2.410888671875,-0.3662109375,-2.685546875
12.2724999,0.3998316824436188,-0.25079262256622314,9.9772367477417,3.173828125,0.213623046875,1.129150390625
12.2774999,0.3387795388698578,-0.25737667083740234,9.549273490905762,-6.40869140625,0.18310546875,0.823974609375
12.282499900000001,0.5434837937355042,-0.3381809890270233,9.706093788146973,4.08935546875,0.6103515625,-2.685546875
12.2874999,0.3429693877696991,-0.272938996553421,9.971850395202637,1.922607421875,0.6103515625,1.617431640625
12.292499900000001,0.36332011222839355,-0.27892449498176575,9.577404975891113,-5.859375,0.274658203125,0.152587890625
12.2974999,0.5614402890205383,-0.3345896899700165,9.855731010437012,5.0048828125,-0.30517578125,-2.44140625
12.3024999,0.4489128291606903,-0.25737667083740234,9.546878814697266,-5.462646484375,-0.213623046875,-0.518798828125
12.3074999,0.5752069354057312,-0.34656068682670593,9.895833969116211,5.859375,0.244140625,-1.8310546875
12.3124999,0.31543606519699097,-0.22086510062217712,9.91977596282959,-1.28173828125,0.091552734375,2.197265625
12.3174999,0.47165772318840027,-0.2753331959247589,9.57979965209961,-4.364013671875,-0.518798828125,-1.15966796875
12.3224999,0.2902969419956207,-0.2651578485965729,9.908403396606445,-2.99072265625,-0.091552734375,2.13623046875
12.327499900000001,0.536899745464325,-0.322618693113327,9.642048835754395,-2.74658203125,-0.244140625,-1.678466796875
12.3324999,0.4920084476470947,-0.37229835987091064,10.047266960144043,6.53076171875,-0.030517578125,-0.9765625
12.337499900000001,0.3082534670829773,-0.26156654953956604,9.815628051757812,-4.180908203125,-0.42724609375,2.197265625
12.3424999,0.5410895943641663,-0.3106476664543152,9.627084732055664,-1.373291015625,0.30517578125,-1.953125
12.3474999,0.43514615297317505,-0.29867666959762573,9.99339771270752,6.103515625,0,-0.518798828125
12.3524999,0.3208230137825012,-0.2513911724090576,9.746196746826172,-5.31005859375,-0.3662109375,1.5869140625
12.3574999,0.3842693865299225,-0.22864626348018646,10.02691650390625,4.0283203125,0.152587890625,0.9765625
12.3624999,0.3034650683403015,-0.21308395266532898,9.644442558288574,-6.378173828125,0.030517578125,1.03759765625
12.3674999,0.5183446407318115,-0.3016694188117981,9.693524360656738,3.387451171875,0.18310546875,-2.777099609375
12.372499900000001,0.3776853084564209,-0.2663549482822418,9.97065258026123,2.685546875,0.18310546875,1.434326171875
12.3774999,0.3489548861980438,-0.29568392038345337,9.564835548400879,-6.34765625,0,0.54931640625
12.382499900000001,0.5428852438926697,-0.33997663855552673,9.780313491821289,4.69970703125,0.1220703125,-2.593994140625
12.3874999,0.33039984107017517,-0.25977087020874023,10.017339706420898,1.5869140625,0.06103515625,1.617431640625
12.3924999,0.3866635859012604,-0.28131869435310364,9.566631317138672,-5.645751953125,-0.213623046875,-0.06103515625
12.3974999,0.5668272376060486,-0.3423708379268646,9.851541519165039,5.67626953125,-0.091552734375,-2.38037109375
12.4024999,0.545877993106842,-0.3429693877696991,9.907805442810059,6.866455078125,0.274658203125,-1.953125
12.407499900000001,0.2711433470249176,-0.2388216257095337,9.910798072814941,-1.617431640625,-0.30517578125,2.0751953125
12.4124999,0.47824180126190186,-0.30047231912612915,9.615114212036133,-3.47900390625,-0.457763671875,-1.495361328125
12.417499900000001,0.5069721937179565,-0.33997663855552673,10.04307746887207,6.500244140625,-0.3662109375,-1.46484375
12.4224999,0.2998737692832947,-0.2885012924671173,9.881468772888184,-3.387451171875,-0.3662109375,2.0751953125
12.4274999,0.5410895943641663,-0.34835633635520935,9.65222454071045,-2.044677734375,0.18310546875,-1.953125
12.4324999,0.4692635238170624,-0.32381579279899597,10.033500671386719,6.439208984375,0.640869140625,-0.8544921875
12.4374999,0.3082534670829773,-0.26755204796791077,9.801861763000488,-4.486083984375,0.213623046875,2.166748046875
12.4424999,0.5422866940498352,-0.3130418658256531,9.61212158203125,-0.42724609375,0.518798828125,-2.044677734375
12.4474999,0.43993455171585083,-0.26156654953956604,9.976638793945312,5.767822265625,0.579833984375,-0.30517578125
12.452499900000001,0.3250128924846649,-0.2795230448246002,9.668983459472656,-5.584716796875,0.3662109375,1.617431640625
12.4574999,0.3705027103424072,-0.22385786473751068,10.007762908935547,4.730224609375,0.640869140625,0.3662109375
12.462499900000001,0.2795230448246002,-0.2232593148946762,9.641449928283691,-6.103515625,0.518798828125,1.3427734375
12.4674999,0.4728548228740692,-0.2555810213088989,9.682151794433594,2.410888671875,0.213623046875,-2.471923828125
12.4724999,0.3770867586135864,-0.23942017555236816,9.99220085144043,3.5400390625,0.6103515625,1.007080078125
12.4774999,0.3196259140968323,-0.29209262132644653,9.5809965133667,-6.2255859375,0.48828125,0.732421875
12.4824999,0.3663128614425659,-0.30705636739730835,9.580398559570312,-5.9814453125,0.54931640625,0.091552734375
12.4874999,0.5770025849342346,-0.30286651849746704,9.861717224121094,5.279541015625,0.762939453125,-2.62451171875
12.4924999,0.365115761756897,-0.27712884545326233,9.985017776489258,0.762939453125,0.6103515625,1.8310546875
12.497499900000001,0.4531026780605316,-0.3082534670829773,9.539097785949707,-4.94384765625,0.396728515625,-0.42724609375
12.5024999,0.5931634902954102,-0.3196259140968323,9.86111831665039,5.67626953125,-0.3662109375,-2.38037109375
12.507499900000001,0.4531026780605316,-0.3010708689689636,9.548076629638672,-4.2724609375,0.244140625,-1.007080078125
12.5124999,0.5285200476646423,-0.2819172441959381,10.013748168945312,6.256103515625,-0.030517578125,-1.800537109375
12.5174999,0.2687491476535797,-0.2783259451389313,9.95209789276123,-2.685546875,-0.335693359375,2.166748046875
12.5224999,0.5117605924606323,-0.2932897210121155,9.675567626953125,-3.082275390625,-0.42724609375,-1.64794921875
12.5274999,0.5069721937179565,-0.30885201692581177,10.066421508789062,6.805419921875,0.48828125,-1.15966796875
12.532499900000001,0.31543606519699097,-0.2825157940387726,9.840168952941895,-3.47900390625,0.244140625,2.01416015625
12.5374999,0.5560533404350281,-0.2777273952960968,9.612719535827637,-1.678466796875,0.213623046875,-1.77001953125
12.542499900000001,0.45250412821769714,-0.2777273952960968,9.972448348999023,6.103515625,0.274658203125,-0.457763671875
12.5474999,0.3124433159828186,-0.2454056739807129,9.747393608093262,-4.57763671875,0.06103515625,1.77001953125
12.5524999,0.5273229479789734,-0.29209262132644653,9.597756385803223,-0.244140625,0.18310546875,-2.197265625
12.5574999,0.41359832882881165,-0.2998737692832947,9.992799758911133,5.4931640625,-0.1220703125,-0.030517578125
12.5624999,0.2795230448246002,-0.1975216418504715,9.592967987060547,-6.103515625,0.1220703125,1.190185546875
12.5674999,0.49559974670410156,-0.23942017555236816,9.65222454071045,3.11279296875,0.518798828125,-2.471923828125
12.5724999,0.395043283700943,-0.24839842319488525,9.944316864013672,3.204345703125,0.30517578125,1.251220703125
12.577499900000001,0.3489548861980438,-0.2783259451389313,9.53969669342041,-6.103515625,-0.1220703125,0.48828125
12.5824999,0.5626373887062073,-0.32680854201316833,9.699509620666504,4.2724609375,0.244140625,-2.532958984375
12.587499900000001,0.3603273630142212,-0.2783259451389313,9.958083152770996,1.861572265625,0.1220703125,1.64794921875
12.5924999,0.3842693865299225,-0.27712884545326233,9.530119895935059,-6.195068359375,-0.79345703125,-0.18310546875
12.5974999,0.5793967843055725,-0.3166331648826599,9.82759952545166,5.340576171875,-0.213623046875,-2.410888671875
12.6024999,0.3585317134857178,-0.26336219906806946,9.941324234008789,0.06103515625,-0.213623046875,1.983642578125
12.6074999,0.4596867263317108,-0.2849099934101105,9.535507202148438,-5.4931640625,-0.6103515625,-0.67138671875
12.6124999,0.5811924338340759,-0.3477577865123749,9.874286651611328,5.92041015625,0.030517578125,-1.861572265625
12.6174999,0.5219359993934631,-0.31543606519699097,9.63187313079834,-3.173828125,-0.244140625,-1.678466796875
12.622499900000001,0.5219359993934631,-0.31543606519699097,9.63187313079834,-3.173828125,-0.244140625,-1.678466796875
12.6274999,0.48482584953308105,-0.322618693113327,10.04307746887207,6.4697265625,0.06103515625,-1.129150390625
12.632499900000001,0.2902969419956207,-0.2579752206802368,9.819219589233398,-4.425048828125,-0.06103515625,2.13623046875
12.6374999,0.5339069962501526,-0.30705636739730835,9.637260437011719,-1.03759765625,0.518798828125,-2.197265625
12.6424999,0.31364041566848755,-0.2717418968677521,9.743204116821289,-5.126953125,0.1220703125,2.0751953125
12.6474999,0.31364041566848755,-0.2717418968677521,9.743204116821289,-5.126953125,0.1220703125,2.0751953125
12.6524999,0.524330198764801,-0.31124621629714966,9.604938507080078,-0.335693359375,-0.640869140625,-2.593994140625
12.657499900000001,0.4141969084739685,-0.2753331959247589,9.97364616394043,5.31005859375,0.18310546875,0.06103515625
12.6624999,0.3016694188117981,-0.23104046285152435,9.621698379516602,-6.89697265625,-0.335693359375,1.28173828125
12.667499900000001,0.5141547918319702,-0.29149407148361206,9.688735961914062,2.960205078125,0.244140625,-2.655029296875
12.6724999,0.39624038338661194,-0.25737667083740234,9.97364616394043,2.899169921875,0.335693359375,1.129150390625
12.6774999,0.353743314743042,-0.30705636739730835,9.557653427124023,-6.256103515625,-0.152587890625,0.518798828125
12.6824999,0.5548562407493591,-0.30885201692581177,9.747393608093262,3.997802734375,-0.18310546875,-2.74658203125
12.6874999,0.3495534360408783,-0.25677812099456787,9.996989250183105,0.9765625,-0.213623046875,1.5869140625
12.6924999,0.3860650360584259,-0.28730419278144836,9.543288230895996,-6.378173828125,-0.91552734375,0.091552734375
12.6974999,0.5781996846199036,-0.3274070918560028,9.847352027893066,5.401611328125,-0.335693359375,-2.50244140625
12.702499900000001,0.35494041442871094,-0.2974795699119568,9.926959037780762,-0.091552734375,-0.213623046875,1.739501953125
12.7074999,0.4644751250743866,-0.32860419154167175,9.537302017211914,-4.7607421875,-0.396728515625,-0.762939453125
12.712499900000001,0.3130418658256531,-0.25737667083740234,9.935338973999023,-1.922607421875,-0.1220703125,2.01416015625
12.7174999,0.47405192255973816,-0.3076549172401428,9.59835433959961,-3.60107421875,0.48828125,-1.28173828125
12.7224999,0.28131869435310364,-0.30885201692581177,9.872490882873535,-3.326416015625,-0.1220703125,2.25830078125
12.7274999,0.28131869435310364,-0.30885201692581177,9.872490882873535,-3.326416015625,-0.1220703125,2.25830078125
12.7324999,0.5297171473503113,-0.3196259140968323,9.632472038269043,-2.655029296875,-0.3662109375,-1.739501953125
12.7374999,0.47465047240257263,-0.3100491166114807,10.016741752624512,6.439208984375,0.1220703125,-1.007080078125
12.7424999,0.2974795699119568,-0.27712884545326233,9.785101890563965,-4.33349609375,-0.1220703125,1.983642578125
12.747499900000001,0.5410895943641663,-0.27054479718208313,9.610325813293457,-0.946044921875,0.30517578125,-2.0751953125
12.7524999,0.43933600187301636,-0.25917232036590576,9.962871551513672,5.7373046875,0.3662109375,-0.244140625
12.757499900000001,0.32860419154167175,-0.2513911724090576,9.724648475646973,-5.462646484375,-0.18310546875,1.5869140625
12.7624999,0.5339069962501526,-0.2861070930957794,9.622296333312988,0.396728515625,0.1220703125,-2.655029296875
12.7674999,0.41539400815963745,-0.26336219906806946,9.998186111450195,5.218505859375,0.518798828125,0.30517578125
12.7724999,0.37409400939941406,-0.22206220030784607,10.027515411376953,4.302978515625,0.030517578125,0.91552734375
12.7774999,0.3064578175544739,-0.21308395266532898,9.646238327026367,-6.34765625,-0.579833984375,1.03759765625
12.782499900000001,0.5135562419891357,-0.2974795699119568,9.70429801940918,3.204345703125,-0.274658203125,-2.899169921875
12.7874999,0.38905778527259827,-0.284311443567276,9.97484302520752,2.899169921875,-0.030517578125,1.3427734375
12.792499900000001,0.34835633635520935,-0.3274070918560028,9.557653427124023,-6.34765625,-0.30517578125,0.518798828125
12.7974999,0.5512649416923523,-0.3232172429561615,9.750386238098145,4.2724609375,0.42724609375,-2.685546875
12.8024999,0.39145198464393616,-0.2537853717803955,9.563039779663086,-5.859375,-0.54931640625,0.06103515625
12.8074999,0.39145198464393616,-0.2537853717803955,9.563039779663086,-5.859375,-0.54931640625,0.06103515625
12.8124999,0.5829881429672241,-0.30286651849746704,9.85034465789795,5.18798828125,0,-2.44140625
12.8174999,0.36332011222839355,-0.25737667083740234,9.931148529052734,-0.244140625,-0.3662109375,1.8310546875
12.8224999,0.5740098357200623,-0.3381809890270233,9.910199165344238,6.34765625,-0.1220703125,-2.044677734375
12.827499900000001,0.30286651849746704,-0.26096799969673157,9.926959037780762,-1.5869140625,-0.274658203125,1.861572265625
12.8324999,0.4704606235027313,-0.3166331648826599,9.596558570861816,-4.39453125,-0.244140625,-1.190185546875
12.837499900000001,0.5303156971931458,-0.3298012912273407,10.02691650390625,6.89697265625,0.6103515625,-1.556396484375
12.8424999,0.3010708689689636,-0.3010708689689636,9.876680374145508,-2.960205078125,0.30517578125,2.166748046875
12.8474999,0.5506663918495178,-0.34835633635520935,9.622895240783691,-2.86865234375,0.335693359375,-1.678466796875
12.8524999,0.5045779943466187,-0.304063618183136,10.002376556396484,6.256103515625,0.579833984375,-0.885009765625
12.8574999,0.31783026456832886,-0.2777273952960968,9.79527759552002,-4.364013671875,0.1220703125,2.25830078125
12.8624999,0.5500678420066833,-0.3010708689689636,9.607931137084961,-1.3427734375,-0.213623046875,-2.105712890625
12.8674999,0.4471171796321869,-0.24121582508087158,9.996989250183105,5.67626953125,-0.06103515625,-0.54931640625
12.872499900000001,0.32022446393966675,-0.28790274262428284,9.734225273132324,-5.31005859375,-0.152587890625,1.861572265625
12.8774999,0.5303156971931458,-0.2849099934101105,9.624092102050781,0.213623046875,-0.30517578125,-2.410888671875
12.882499900000001,0.4812345504760742,-0.24420857429504395,9.64803409576416,1.52587890625,0.335693359375,-2.410888671875
12.8874999,0.3693056106567383,-0.23822307586669922,9.99220085144043,4.180908203125,0.3662109375,0.67138671875
12.8924999,0.2861070930957794,-0.22924481332302094,9.617507934570312,-5.950927734375,-0.030517578125,1.0986328125
12.8974999,0.5057750940322876,-0.27712884545326233,9.675567626953125,3.11279296875,-0.213623046875,-2.5634765625
12.9024999,0.38307225704193115,-0.2663549482822418,9.953893661499023,2.960205078125,0.030517578125,0.885009765625
12.907499900000001,0.3495534360408783,-0.2944868206977844,9.543288230895996,-6.256103515625,0.335693359375,0.54931640625
12.9124999,0.5494692921638489,-0.2968810200691223,9.717466354370117,4.425048828125,0.3662109375,-2.471923828125
12.917499900000001,0.3471592366695404,-0.23762452602386475,9.965864181518555,1.556396484375,0.30517578125,1.46484375
12.9224999,0.3818751573562622,-0.25917232036590576,9.528324127197266,-5.767822265625,0.1220703125,0
12.9274999,0.5776011347770691,-0.2783259451389313,9.824007987976074,5.4931640625,-0.18310546875,-2.288818359375
12.9324999,0.3663128614425659,-0.2555810213088989,9.922170639038086,-0.152587890625,-0.518798828125,1.739501953125
12.9374999,0.3208230137825012,-0.26994624733924866,9.915586471557617,-1.3427734375,0.457763671875,2.25830078125
12.9424999,0.4602852761745453,-0.29388827085494995,9.55825138092041,-3.96728515625,0.244140625,-1.28173828125
12.9474999,0.5261258482933044,-0.30526071786880493,10.012551307678223,6.4697265625,0.06103515625,-1.495361328125
12.952499900000001,0.27892449498176575,-0.272938996553421,9.906009674072266,-2.716064453125,-0.3662109375,2.166748046875
12.9574999,0.524330198764801,-0.3064578175544739,9.655217170715332,-3.23486328125,-0.457763671875,-1.800537109375
12.962499900000001,0.49320554733276367,-0.3016694188117981,10.068815231323242,6.500244140625,0.1220703125,-1.007080078125
12.9674999,0.3034650683403015,-0.27054479718208313,9.85034465789795,-4.180908203125,0.1220703125,2.38037109375
12.9724999,0.5339069962501526,-0.3082534670829773,9.654618263244629,-1.46484375,0.457763671875,-2.288818359375
12.9774999,0.43514615297317505,-0.2603694200515747,9.998785018920898,6.072998046875,0.244140625,-0.6103515625
12.9824999,0.3016694188117981,-0.26336219906806946,9.762357711791992,-4.852294921875,-0.42724609375,1.861572265625
12.9874999,0.52552729845047,-0.29568392038345337,9.607333183288574,-0.48828125,-0.946044921875,-2.532958984375
12.9924999,0.33339259028434753,-0.30226796865463257,9.675567626953125,-5.615234375,0.732421875,1.800537109375
12.997499900000001,0.5153518915176392,-0.2687491476535797,9.64803409576416,1.40380859375,0.48828125,-2.44140625
13.0024999,0.3974374830722809,-0.23283611238002777,10.031704902648926,4.08935546875,0.274658203125,0.3662109375
13.007499900000001,0.3076549172401428,-0.23044191300868988,9.652822494506836,-6.439208984375,-0.732421875,0.79345703125
13.0124999,0.49978959560394287,-0.23822307586669922,9.68574333190918,3.326416015625,0.274658203125,-2.838134765625
13.0174999,0.38726213574409485,-0.22625206410884857,9.979032516479492,3.326416015625,0.18310546875,1.190185546875
13.0224999,0.32620999217033386,-0.28311434388160706,9.556455612182617,-6.2255859375,0.3662109375,0.67138671875
13.0274999,0.5309142470359802,-0.28730419278144836,9.725247383117676,3.814697265625,-0.244140625,-2.716064453125
13.032499900000001,0.3495534360408783,-0.26755204796791077,10.00836181640625,2.166748046875,0.06103515625,1.5869140625
13.0374999,0.3579331636428833,-0.29568392038345337,9.610923767089844,-5.279541015625,0.274658203125,0.274658203125
13.042499900000001,0.5620388388633728,-0.2861070930957794,9.889848709106445,4.852294921875,-0.396728515625,-2.777099609375
13.0474999,0.35254621505737305,-0.26396074891090393,10.020332336425781,-0.030517578125,0,2.0751953125
13.0524999,0.5943605899810791,-0.30885201692581177,9.879075050354004,5.92041015625,0.1220703125,-2.471923828125
13.0574999,0.3513490855693817,-0.2950853705406189,9.88386344909668,-0.9765625,-0.244140625,2.01416015625
13.0624999,0.46806642413139343,-0.292691171169281,9.526528358459473,-4.45556640625,-0.152587890625,-0.79345703125
13.0674999,0.5416881442070007,-0.31783026456832886,9.945513725280762,6.53076171875,0.457763671875,-1.708984375
13.0724999,0.2795230448246002,-0.2669534981250763,9.919178009033203,-2.0751953125,0.030517578125,1.861572265625
13.077499900000001,0.4920084476470947,-0.2753331959247589,9.619303703308105,-3.47900390625,-0.335693359375,-1.52587890625
13.0824999,0.5165489912033081,-0.333991140127182,10.038887977600098,6.072998046875,-0.30517578125,-1.15966796875
13.087499900000001,0.3124433159828186,-0.28550854325294495,9.856928825378418,-3.662109375,-0.091552734375,2.288818359375
13.0924999,0.5596446394920349,-0.314238965511322,9.633070945739746,-2.105712890625,-0.030517578125,-2.01416015625
13.0974999,0.4734533727169037,-0.3387795388698578,10.027515411376953,6.134033203125,0.3662109375,-0.8544921875
13.1024999,0.3124433159828186,-0.25019407272338867,9.794678688049316,-4.39453125,0.030517578125,2.01416015625
13.1074999,0.5488707423210144,-0.29149407148361206,9.639056205749512,-0.54931640625,0.48828125,-2.25830078125
13.1124999,0.3363853394985199,-0.2645592987537384,9.706692695617676,-5.31005859375,0.335693359375,1.678466796875
13.1174999,0.5165489912033081,-0.28371289372444153,9.623494148254395,0.640869140625,-0.152587890625,-2.50244140625
13.122499900000001,0.3824737071990967,-0.2669534981250763,10.010157585144043,5.096435546875,-0.06103515625,0.244140625
13.1274999,0.2735375463962555,-0.2190694510936737,9.665990829467773,-6.011962890625,-0.30517578125,1.52587890625
13.132499900000001,0.4513070285320282,-0.22505496442317963,9.704896926879883,1.953125,-0.213623046875,-2.5634765625
13.1374999,0.363918662071228,-0.22086510062217712,10.035895347595215,3.814697265625,0.640869140625,0.79345703125
13.1424999,0.3100491166114807,-0.22206220030784607,9.637859344482422,-6.16455078125,0.091552734375,1.129150390625
13.1474999,0.5482721924781799,-0.3214215636253357,9.718064308166504,3.631591796875,0.30517578125,-2.8076171875
13.1524999,0.414795458316803,-0.2885012924671173,9.958083152770996,2.685546875,-0.152587890625,1.190185546875
13.157499900000001,0.3824737071990967,-0.31603461503982544,9.554061889648438,-6.34765625,-0.1220703125,0.48828125
13.1624999,0.5740098357200623,-0.32202014327049255,9.749189376831055,4.5166015625,0.54931640625,-2.532958984375
13.167499900000001,0.3471592366695404,-0.24660277366638184,9.983222961425781,1.3427734375,0.3662109375,1.678466796875
13.1724999,0.5728127360343933,-0.3166331648826599,9.859322547912598,5.340576171875,-0.42724609375,-2.288818359375
13.1774999,0.353743314743042,-0.26755204796791077,9.9371337890625,-0.091552734375,-0.274658203125,1.800537109375
13.1824999,0.45848962664604187,-0.28131869435310364,9.5408935546875,-5.096435546875,-0.091552734375,-0.6103515625
13.1874999,0.5704185366630554,-0.33518823981285095,9.931747436523438,6.34765625,0.732421875,-1.8310546875
13.1924999,0.29867666959762573,-0.21787235140800476,9.93593692779541,-1.495361328125,-0.06103515625,2.105712890625
13.1974999,0.4692635238170624,-0.27473464608192444,9.611522674560547,-3.84521484375,0.213623046875,-1.190185546875
13.202499900000001,0.5195417404174805,-0.3064578175544739,10.030508041381836,6.4697265625,0.396728515625,-1.373291015625
13.2074999,0.29149407148361206,-0.2795230448246002,9.906009674072266,-3.204345703125,0.396728515625,2.166748046875
13.212499900000001,0.5374982953071594,-0.3381809890270233,9.665990829467773,-2.349853515625,0.518798828125,-1.861572265625
13.2174999,0.48901569843292236,-0.3363853394985199,10.062829971313477,6.591796875,0.091552734375,-0.823974609375
13.2224999,0.3100491166114807,-0.2783259451389313,9.876680374145508,-4.150390625,0.030517578125,2.0751953125
13.2274999,0.5410895943641663,-0.3034650683403015,9.679159164428711,-1.220703125,0.6103515625,-2.197265625
13.2324999,0.535702645778656,-0.2902969419956207,9.628880500793457,0.244140625,-0.091552734375,-2.74658203125
13.2374999,0.4315548539161682,-0.2519897222518921,9.991601943969727,5.523681640625,0.152587890625,0.030517578125
13.2424999,0.3166331648826599,-0.2885012924671173,9.654019355773926,-6.04248046875,-0.1220703125,1.77001953125
13.247499900000001,0.49380409717559814,-0.25318682193756104,9.636661529541016,1.495361328125,0.244140625,-2.8076171875
13.2524999,0.36990416049957275,-0.21847090125083923,10.021530151367188,4.364013671875,0.274658203125,0.54931640625
13.257499900000001,0.28730419278144836,-0.2322375625371933,9.64803409576416,-5.9814453125,0.244140625,1.312255859375
13.2624999,0.4902127981185913,-0.25917232036590576,9.6989107131958,3.0517578125,0.213623046875,-2.62451171875
13.2674999,0.3842693865299225,-0.26994624733924866,9.983222961425781,3.082275390625,0.213623046875,0.9765625
13.2724999,0.33758243918418884,-0.32441434264183044,9.548674583435059,-5.950927734375,-0.244140625,0.67138671875
13.2774999,0.5530605912208557,-0.31364041566848755,9.71926212310791,4.33349609375,0.091552734375,-2.5634765625
13.282499900000001,0.43933600187301636,-0.28371289372444153,9.576807022094727,-5.37109375,0.030517578125,-0.457763671875
13.2874999,0.43933600187301636,-0.28371289372444153,9.576807022094727,-5.37109375,0.030517578125,-0.457763671875
13.292499900000001,0.5835866928100586,-0.3345896899700165,9.886856079101562,5.889892578125,0.91552734375,-2.044677734375
13.2974999,0.33099839091300964,-0.25318682193756104,9.90361499786377,-1.068115234375,-0.030517578125,1.983642578125
13.3024999,0.444722980260849,-0.2561795711517334,9.544485092163086,-4.8828125,-0.67138671875,-0.946044921875
13.3074999,0.5231330990791321,-0.3082534670829773,9.961674690246582,6.16455078125,0.335693359375,-1.52587890625
13.3124999,0.2669534981250763,-0.23942017555236816,9.932944297790527,-2.532958984375,0.06103515625,2.349853515625
13.3174999,0.49320554733276367,-0.31124621629714966,9.630077362060547,-3.509521484375,0.091552734375,-1.46484375
13.3224999,0.5213374495506287,-0.35254621505737305,10.02571964263916,6.561279296875,0.30517578125,-1.373291015625
13.327499900000001,0.31543606519699097,-0.30466216802597046,9.845556259155273,-3.631591796875,0.244140625,2.13623046875
13.3324999,0.4668693244457245,-0.30286651849746704,9.995193481445312,6.28662109375,0,-0.6103515625
13.337499900000001,0.3010708689689636,-0.2495955228805542,9.770736694335938,-4.5166015625,-0.3662109375,2.105712890625
13.3424999,0.5351040959358215,-0.29867666959762573,9.576807022094727,-1.15966796875,-0.18310546875,-2.410888671875
13.3474999,0.4423287510871887,-0.24480712413787842,9.936535835266113,6.103515625,0.823974609375,-0.335693359375
13.3524999,0.33279404044151306,-0.2735375463962555,9.654019355773926,-5.06591796875,0,1.77001953125
13.3574999,0.5339069962501526,-0.2890998423099518,9.589975357055664,0.213623046875,-0.640869140625,-2.62451171875
13.3624999,0.31543606519699097,-0.24839842319488525,9.664793968200684,-6.195068359375,-0.091552734375,1.52587890625
13.3674999,0.31543606519699097,-0.24839842319488525,9.664793968200684,-6.195068359375,-0.091552734375,1.52587890625
13.372499900000001,0.4985924959182739,-0.2256535142660141,9.680954933166504,1.983642578125,-0.396728515625,-2.777099609375
13.3774999,0.3908534348011017,-0.21547815203666687,10.046070098876953,4.150390625,-0.030517578125,0.762939453125
13.382499900000001,0.3208230137825012,-0.2585737705230713,9.637260437011719,-6.134033203125,0.18310546875,0.9765625
13.3874999,0.353743314743042,-0.3106476664543152,9.567828178405762,-5.92041015625,-0.244140625,0.396728515625
13.3924999,0.353743314743042,-0.3106476664543152,9.567828178405762,-5.92041015625,-0.244140625,0.396728515625
13.3974999,0.5482721924781799,-0.30885201692581177,9.766547203063965,4.5166015625,0,-2.655029296875
13.4024999,0.3423708379268646,-0.27653029561042786,10.002376556396484,1.373291015625,0.1220703125,1.52587890625
13.407499900000001,0.3800795078277588,-0.2849099934101105,9.577404975891113,-5.340576171875,0.152587890625,-0.06103515625
13.4124999,0.5692214369773865,-0.3196259140968323,9.855731010437012,4.974365234375,-0.1220703125,-2.349853515625
13.417499900000001,0.3531447649002075,-0.2932897210121155,9.949105262756348,-0.213623046875,0.06103515625,1.922607421875
13.4224999,0.45429977774620056,-0.2890998423099518,9.5408935546875,-5.18798828125,-0.732421875,-0.640869140625
13.4274999,0.5823895931243896,-0.34177228808403015,9.928155899047852,5.79833984375,0.457763671875,-2.044677734375
13.4324999,0.3148375153541565,-0.24779987335205078,9.945513725280762,-1.28173828125,0.18310546875,2.105712890625
13.4374999,0.4620809257030487,-0.2735375463962555,9.619902610778809,-4.119873046875,-0.213623046875,-1.220703125
13.4424999,0.5249287486076355,-0.31783026456832886,10.050260543823242,6.256103515625,-0.06103515625,-1.739501953125
13.4474999,0.5404910445213318,-0.3010708689689636,9.625887870788574,-1.40380859375,0.091552734375,-2.0751953125
13.452499900000001,0.4507084786891937,-0.272938996553421,9.977835655212402,6.34765625,0.457763671875,-0.67138671875
13.4574999,0.3130418658256531,-0.2454056739807129,9.764153480529785,-4.8828125,0.30517578125,1.983642578125
13.462499900000001,0.5476736426353455,-0.292691171169281,9.59177017211914,-0.213623046875,0.030517578125,-2.25830078125
13.4674999,0.4429273009300232,-0.2795230448246002,9.975440979003906,5.67626953125,-0.18310546875,-0.18310546875
13.4724999,0.3495534360408783,-0.28790274262428284,9.650428771972656,-5.828857421875,-0.152587890625,1.556396484375
13.4774999,0.5183446407318115,-0.26336219906806946,9.602544784545898,0.79345703125,-0.091552734375,-2.44140625
13.4824999,0.39205053448677063,-0.22924481332302094,9.971251487731934,4.57763671875,-0.213623046875,0.396728515625
13.4874999,0.28311434388160706,-0.20290859043598175,9.588777542114258,-6.317138671875,-0.54931640625,1.068115234375
13.4924999,0.36750996112823486,-0.25677812099456787,9.948506355285645,3.814697265625,0.54931640625,0.885009765625
13.497499900000001,0.3148375153541565,-0.30526071786880493,9.551069259643555,-5.767822265625,0.1220703125,0.8544921875
13.5024999,0.5380968451499939,-0.34177228808403015,9.690531730651855,4.302978515625,0.030517578125,-2.74658203125
13.507499900000001,0.3860650360584259,-0.2735375463962555,9.97603988647461,1.953125,0,1.434326171875
13.5124999,0.375291109085083,-0.28730419278144836,9.580398559570312,-6.622314453125,-0.946044921875,0.274658203125
13.5174999,0.5710170865058899,-0.272938996553421,9.822811126708984,4.39453125,-0.396728515625,-2.50244140625
13.5224999,0.35494041442871094,-0.2346317619085312,10.023923873901367,0.79345703125,-0.18310546875,1.617431640625
13.5274999,0.4189853072166443,-0.2825157940387726,9.578003883361816,-5.4931640625,-0.1220703125,-0.579833984375
13.532499900000001,0.578798234462738,-0.3280056416988373,9.869498252868652,5.218505859375,-0.244140625,-2.166748046875
13.5374999,0.34656068682670593,-0.2932897210121155,9.906607627868652,-0.54931640625,-0.274658203125,1.922607421875
13.542499900000001,0.45190557837486267,-0.30526071786880493,9.517550468444824,-4.82177734375,0.396728515625,-0.732421875
13.5474999,0.5440823435783386,-0.31543606519699097,9.921571731567383,6.134033203125,0.274658203125,-1.89208984375
13.5524999,0.2992752194404602,-0.3130418658256531,9.883264541625977,-3.143310546875,0.42724609375,2.166748046875
13.5574999,0.5446808934211731,-0.3495534360408783,9.635464668273926,-3.173828125,-0.79345703125,-1.89208984375
13.5624999,0.49559974670410156,-0.30047231912612915,10.025120735168457,6.103515625,-0.518798828125,-0.762939453125
13.5674999,0.3148375153541565,-0.2777273952960968,9.809642791748047,-4.8828125,-0.06103515625,2.13623046875
13.5724999,0.5488707423210144,-0.2908954918384552,9.618106842041016,-0.579833984375,0.54931640625,-2.5634765625
13.577499900000001,0.44592007994651794,-0.24001872539520264,9.989806175231934,5.67626953125,-0.274658203125,-0.3662109375
13.5824999,0.322618693113327,-0.292691171169281,9.73781681060791,-5.523681640625,-0.518798828125,1.89208984375
13.587499900000001,0.5327098965644836,-0.29388827085494995,9.625288963317871,0.091552734375,-0.396728515625,-2.593994140625
13.5924999,0.41718965768814087,-0.2932897210121155,10.008959770202637,5.06591796875,0.1220703125,0.091552734375
13.5974999,0.31603461503982544,-0.2944868206977844,9.695918083190918,-5.615234375,-0.30517578125,1.52587890625
13.6024999,0.2867056429386139,-0.20470423996448517,9.674370765686035,-6.103515625,-0.30517578125,1.068115234375
13.6074999,0.5045779943466187,-0.272938996553421,9.714473724365234,3.2958984375,0.457763671875,-2.8076171875
13.6124999,0.39803603291511536,-0.2908954918384552,9.97364616394043,3.143310546875,0.152587890625,1.220703125
13.6174999,0.35075053572654724,-0.333991140127182,9.5408935546875,-6.4697265625,-0.274658203125,0.762939453125
13.622499900000001,0.5602431893348694,-0.35494041442871094,9.70310115814209,3.7841796875,-0.54931640625,-2.5634765625
13.6274999,0.36810851097106934,-0.2849099934101105,9.971850395202637,2.105712890625,0,1.678466796875
13.632499900000001,0.3734954595565796,-0.28072014451026917,9.552266120910645,-5.859375,0.18310546875,0.091552734375
13.6374999,0.5722141861915588,-0.292691171169281,9.841964721679688,5.218505859375,0.42724609375,-2.44140625
13.6424999,0.35434186458587646,-0.25079262256622314,9.968857765197754,0.762939453125,-0.213623046875,1.8310546875
13.6474999,0.44352585077285767,-0.29628247022628784,9.541492462158203,-5.096435546875,0.1220703125,-0.640869140625
13.6524999,0.5871779918670654,-0.3471592366695404,9.854534149169922,5.401611328125,-0.18310546875,-2.166748046875
13.657499900000001,0.4602852761745453,-0.30705636739730835,9.549273490905762,-4.45556640625,-0.213623046875,-1.068115234375
13.6624999,0.5351040959358215,-0.3214215636253357,9.997588157653809,6.2255859375,0.274658203125,-1.64794921875
13.667499900000001,0.2777273952960968,-0.26815059781074524,9.9772367477417,-2.410888671875,-0.06103515625,2.197265625
13.6724999,0.48961424827575684,-0.32202014327049255,9.682151794433594,-3.570556640625,-0.701904296875,-1.46484375
13.6774999,0.5135562419891357,-0.33039984107017517,10.074202537536621,6.988525390625,0.762939453125,-1.3427734375
13.6824999,0.4800374507904053,-0.2885012924671173,10.027515411376953,6.89697265625,0.42724609375,-0.67138671875
13.6874999,0.31783026456832886,-0.2579752206802368,9.798270225524902,-4.638671875,0.274658203125,2.105712890625
13.6924999,0.5476736426353455,-0.3010708689689636,9.603741645812988,-0.6103515625,0.244140625,-2.166748046875
13.6974999,0.45250412821769714,-0.25079262256622314,9.975440979003906,5.767822265625,-0.42724609375,-0.274658203125
13.702499900000001,0.3357867896556854,-0.3190273642539978,9.6803560256958,-5.615234375,-0.67138671875,1.495361328125
13.7074999,0.3555389642715454,-0.22685061395168304,10.005967140197754,3.936767578125,0.152587890625,0.701904296875
13.712499900000001,0.27054479718208313,-0.23104046285152435,9.623494148254395,-6.378173828125,-0.06103515625,1.03759765625
13.7174999,0.4926069974899292,-0.2783259451389313,9.709685325622559,3.387451171875,0.518798828125,-2.532958984375
13.7224999,0.36990416049957275,-0.29209262132644653,9.961674690246582,2.86865234375,0.274658203125,1.15966796875
13.7274999,0.3477577865123749,-0.28790274262428284,9.566631317138672,-5.9814453125,-0.18310546875,0.335693359375
13.7324999,0.557250440120697,-0.3082534670829773,9.722254753112793,4.2724609375,0.244140625,-2.410888671875
13.7374999,0.3627215623855591,-0.25318682193756104,9.962273597717285,1.5869140625,0.42724609375,1.708984375
13.7424999,0.38965633511543274,-0.2651578485965729,9.525331497192383,-5.767822265625,0,-0.091552734375
13.747499900000001,0.579995334148407,-0.30705636739730835,9.800065994262695,5.31005859375,0.579833984375,-2.288818359375
13.7524999,0.4644751250743866,-0.2950853705406189,9.512762069702148,-4.791259765625,0,-0.6103515625
13.757499900000001,0.5913678407669067,-0.3429693877696991,9.86231517791748,5.7373046875,-0.274658203125,-2.227783203125
13.7624999,0.3292027413845062,-0.25318682193756104,9.895236015319824,-1.434326171875,-0.1220703125,2.044677734375
13.7674999,0.44532153010368347,-0.2687491476535797,9.544485092163086,-4.241943359375,-0.213623046875,-0.9765625
13.7724999,0.5123591423034668,-0.3130418658256531,9.976638793945312,6.317138671875,0.244140625,-1.556396484375
13.7774999,0.25677812099456787,-0.25438392162323,9.9000244140625,-2.593994140625,0.640869140625,1.922607421875
13.782499900000001,0.49140989780426025,-0.2992752194404602,9.61212158203125,-3.23486328125,-0.244140625,-1.64794921875
13.7874999,0.5057750940322876,-0.3411737382411957,9.999382972717285,6.683349609375,0,-1.0986328125
13.792499900000001,0.3124433159828186,-0.28550854325294495,9.815030097961426,-3.875732421875,0.152587890625,2.044677734375
13.7974999,0.5560533404350281,-0.3124433159828186,9.601945877075195,-2.593994140625,-0.396728515625,-2.0751953125
13.8024999,0.4626794755458832,-0.30885201692581177,9.999981880187988,6.134033203125,0,-0.701904296875
13.8074999,0.3034650683403015,-0.2472013235092163,9.781511306762695,-4.5166015625,0.030517578125,1.922607421875
13.8124999,0.3932476341724396,-0.2753331959247589,9.989208221435547,4.608154296875,0.213623046875,0.335693359375
13.8174999,0.292691171169281,-0.24181437492370605,9.639056205749512,-5.828857421875,-0.396728515625,1.220703125
13.8224999,0.4770447015762329,-0.24361002445220947,9.651026725769043,1.983642578125,-0.1220703125,-2.532958984375
13.827499900000001,0.37169981002807617,-0.24480712413787842,9.979032516479492,3.84521484375,0.152587890625,0.946044921875
13.8324999,0.31603461503982544,-0.24600422382354736,9.596558570861816,-6.011962890625,-0.30517578125,0.79345703125
13.837499900000001,0.5285200476646423,-0.30286651849746704,9.682151794433594,3.23486328125,-0.030517578125,-2.74658203125
13.8424999,0.39205053448677063,-0.2902969419956207,9.955689430236816,2.593994140625,0.091552734375,1.251220703125
13.8474999,0.36092591285705566,-0.304063618183136,9.569623947143555,-6.378173828125,-0.640869140625,0.18310546875
13.8524999,0.5536591410636902,-0.32620999217033386,9.768941879272461,4.150390625,-0.18310546875,-2.5634765625
13.8574999,0.27054479718208313,-0.25677812099456787,9.936535835266113,-2.5634765625,0.030517578125,2.01416015625
13.8624999,0.27054479718208313,-0.25677812099456787,9.936535835266113,-2.5634765625,0.030517578125,2.01416015625
13.8674999,0.5165489912033081,-0.30286651849746704,9.659406661987305,-2.99072265625,-0.3662109375,-1.190185546875
13.872499900000001,0.5363011956214905,-0.3058592677116394,9.635464668273926,-1.617431640625,-0.213623046875,-1.922607421875
13.8774999,0.5363011956214905,-0.3058592677116394,9.635464668273926,-1.617431640625,-0.213623046875,-1.922607421875
13.882499900000001,0.43694180250167847,-0.27234044671058655,9.97603988647461,6.16455078125,0.244140625,-0.54931640625
13.8874999,0.2998737692832947,-0.24660277366638184,9.762955665588379,-5.06591796875,0.30517578125,1.861572265625
13.8924999,0.5285200476646423,-0.2950853705406189,9.59715747833252,-0.396728515625,-0.06103515625,-2.197265625
13.8974999,0.43694180250167847,-0.2759317457675934,9.971850395202637,5.584716796875,-0.030517578125,-0.152587890625
13.9024999,0.333991140127182,-0.30226796865463257,9.642048835754395,-5.79833984375,0.152587890625,1.52587890625
13.907499900000001,0.5165489912033081,-0.29628247022628784,9.606135368347168,0.823974609375,-0.335693359375,-2.44140625
13.9124999,0.39205053448677063,-0.25318682193756104,10.001178741455078,4.69970703125,-0.030517578125,0.457763671875
13.917499900000001,0.3010708689689636,-0.228047713637352,9.64803409576416,-6.256103515625,-0.18310546875,0.885009765625
13.9224999,0.4884171485900879,-0.24361002445220947,9.709086418151855,2.410888671875,-0.152587890625,-2.593994140625
13.9274999,0.38965633511543274,-0.22266076505184174,10.013150215148926,3.47900390625,0,1.129150390625
13.9324999,0.5380968451499939,-0.31184476613998413,9.709685325622559,3.5400390625,-0.1220703125,-2.716064453125
13.9374999,0.38127660751342773,-0.272938996553421,9.972448348999023,2.227783203125,0.42724609375,1.495361328125
13.9424999,0.3776853084564209,-0.292691171169281,9.57321548461914,-5.706787109375,-0.579833984375,-0.030517578125
13.9474999,0.5805938839912415,-0.2777273952960968,9.791088104248047,4.94384765625,-0.030517578125,-2.5634765625
13.952499900000001,0.37469255924224854,-0.22685061395168304,9.996989250183105,0.91552734375,0.48828125,2.01416015625
13.9574999,0.436343252658844,-0.26396074891090393,9.543886184692383,-5.706787109375,-0.3662109375,-0.18310546875
13.962499900000001,0.5919663906097412,-0.2950853705406189,9.84256362915039,5.828857421875,0.091552734375,-2.349853515625
13.9674999,0.35075053572654724,-0.2908954918384552,9.895236015319824,-0.6103515625,0.06103515625,1.983642578125
13.9724999,0.4411316514015198,-0.3130418658256531,9.512163162231445,-5.06591796875,-0.3662109375,-0.732421875
13.9774999,0.535702645778656,-0.32680854201316833,9.907206535339355,6.34765625,0,-2.01416015625
13.9824999,0.2669534981250763,-0.2561795711517334,9.907206535339355,-1.800537109375,-0.213623046875,1.922607421875
13.9874999,0.45190557837486267,-0.2819172441959381,9.582792282104492,-4.058837890625,0,-0.9765625
13.9924999,0.2998737692832947,-0.28550854325294495,9.86111831665039,-3.173828125,-0.18310546875,1.953125
13.997499900000001,0.5518634915351868,-0.3214215636253357,9.624092102050781,-2.197265625,0.48828125,-1.77001953125
14.0024999,0.3130418658256531,-0.28969839215278625,9.791088104248047,-4.119873046875,-0.274658203125,2.166748046875
14.007499900000001,0.3130418658256531,-0.28969839215278625,9.791088104248047,-4.119873046875,-0.274658203125,2.166748046875
14.0124999,0.5452794432640076,-0.28371289372444153,9.627084732055664,-1.52587890625,-0.1220703125,-2.25830078125
14.0174999,0.4411316514015198,-0.2537853717803955,10.006566047668457,5.615234375,-0.274658203125,-0.42724609375
14.0224999,0.3124433159828186,-0.23403321206569672,9.791686058044434,-5.340576171875,-0.701904296875,1.739501953125
14.0274999,0.5279214978218079,-0.2753331959247589,9.664793968200684,-0.244140625,-0.1220703125,-2.410888671875
14.032499900000001,0.4159925580024719,-0.2687491476535797,10.041281700134277,5.035400390625,-0.06103515625,0.335693359375
14.0374999,0.31783026456832886,-0.2890998423099518,9.692925453186035,-5.706787109375,-0.6103515625,1.495361328125
14.042499900000001,0.48961424827575684,-0.2753331959247589,9.650428771972656,1.617431640625,0.67138671875,-2.74658203125
14.0474999,0.3758896589279175,-0.23403321206569672,9.998785018920898,4.486083984375,0.244140625,0.67138671875
14.0524999,0.48961424827575684,-0.24899697303771973,9.646238327026367,3.11279296875,0.42724609375,-2.777099609375
14.0574999,0.3824737071990967,-0.25438392162323,9.930550575256348,3.448486328125,0.396728515625,1.28173828125
14.0624999,0.32860419154167175,-0.30945056676864624,9.516951560974121,-6.317138671875,-0.335693359375,0.67138671875
14.0674999,0.5392939448356628,-0.33937808871269226,9.658209800720215,3.631591796875,-0.42724609375,-2.593994140625
14.0724999,0.35913026332855225,-0.27413609623908997,9.950302124023438,2.13623046875,0.06103515625,1.46484375
14.077499900000001,0.3561375141143799,-0.28072014451026917,9.560047149658203,-6.134033203125,0.06103515625,0.274658203125
14.0824999,0.35075053572654724,-0.22505496442317963,10.013748168945312,0.457763671875,0.091552734375,1.800537109375
14.087499900000001,0.43754035234451294,-0.27712884545326233,9.560047149658203,-5.523681640625,0.091552734375,-0.274658203125
14.0924999,0.6009446382522583,-0.33039984107017517,9.859322547912598,5.7373046875,-0.1220703125,-2.227783203125
14.0974999,0.3597288131713867,-0.2974795699119568,9.88386344909668,-0.48828125,-0.244140625,1.861572265625
14.1024999,0.46746787428855896,-0.3106476664543152,9.515155792236328,-4.425048828125,0.732421875,-0.67138671875
14.1074999,0.27712884545326233,-0.2364274114370346,9.929352760314941,-1.861572265625,0.030517578125,2.0751953125
14.1124999,0.4638765752315521,-0.28790274262428284,9.622296333312988,-3.631591796875,0.152587890625,-1.251220703125
14.1174999,0.5129576921463013,-0.29628247022628784,10.032303810119629,5.859375,-0.213623046875,-1.40380859375
14.122499900000001,0.30286651849746704,-0.3058592677116394,9.871891975402832,-3.570556640625,-0.823974609375,1.983642578125
14.1274999,0.5548562407493591,-0.3447650372982025,9.626486778259277,-2.655029296875,-0.701904296875,-1.77001953125
14.132499900000001,0.5033808946609497,-0.29568392038345337,9.997588157653809,6.134033203125,0,-0.762939453125
14.1374999,0.3256114423274994,-0.27712884545326233,9.768941879272461,-4.57763671875,-0.244140625,2.105712890625
14.1424999,0.5662286877632141,-0.26096799969673157,9.59057331085205,-0.79345703125,0.3662109375,-1.983642578125
14.1474999,0.4572925269603729,-0.24839842319488525,9.95748519897461,5.43212890625,0,-0.3662109375
14.1524999,0.3381809890270233,-0.28550854325294495,9.713874816894531,-5.37109375,-0.335693359375,1.739501953125
14.157499900000001,0.5404910445213318,-0.28969839215278625,9.618106842041016,0.518798828125,-0.030517578125,-2.532958984375
14.1624999,0.35733461380004883,-0.2406172752380371,9.978434562683105,3.96728515625,-0.3662109375,0.823974609375
14.167499900000001,0.2777273952960968,-0.2148796021938324,9.608530044555664,-6.439208984375,-0.30517578125,1.0986328125
14.1724999,0.4884171485900879,-0.2753331959247589,9.663596153259277,3.0517578125,0.42724609375,-2.777099609375
14.1774999,0.3902548849582672,-0.30705636739730835,9.936535835266113,3.35693359375,-0.091552734375,0.946044921875
14.1824999,0.3489548861980438,-0.3124433159828186,9.537302017211914,-6.65283203125,-0.335693359375,0.823974609375
14.1874999,0.5680243372917175,-0.34835633635520935,9.712677955627441,4.058837890625,0.152587890625,-2.5634765625
14.1924999,0.3770867586135864,-0.29568392038345337,9.983820915222168,1.77001953125,-0.30517578125,1.52587890625
14.1974999,0.38546648621559143,-0.284311443567276,9.608530044555664,-6.04248046875,-0.152587890625,0.091552734375
14.202499900000001,0.5758054852485657,-0.32202014327049255,9.874884605407715,5.218505859375,0.823974609375,-2.288818359375
14.2074999,0.35015198588371277,-0.27892449498176575,10.00955867767334,1.190185546875,0.06103515625,1.800537109375
14.212499900000001,0.43754035234451294,-0.29388827085494995,9.581595420837402,-5.279541015625,0.18310546875,-0.335693359375
14.2174999,0.524330198764801,-0.3082534670829773,9.955090522766113,6.134033203125,0.30517578125,-1.739501953125
14.2224999,0.2693476974964142,-0.22385786473751068,9.928155899047852,-1.89208984375,-0.213623046875,1.983642578125
14.2274999,0.4812345504760742,-0.28311434388160706,9.618705749511719,-2.838134765625,0.8544921875,-1.28173828125
14.2324999,0.5093663930892944,-0.353743314743042,10.02571964263916,6.591796875,0.518798828125,-1.312255859375
14.2374999,0.29867666959762573,-0.29149407148361206,9.854534149169922,-3.326416015625,-0.06103515625,2.01416015625
14.2424999,0.535702645778656,-0.3172317147254944,9.636661529541016,-2.8076171875,-0.244140625,-1.800537109375
14.247499900000001,0.4572925269603729,-0.3232172429561615,10.040084838867188,5.889892578125,-0.030517578125,-0.732421875
14.2524999,0.28790274262428284,-0.23523031175136566,9.838373184204102,-4.852294921875,-0.274658203125,2.044677734375
14.257499900000001,0.5237316489219666,-0.27892449498176575,9.671976089477539,-0.8544921875,-0.42724609375,-2.288818359375
14.2624999,0.4273650050163269,-0.2885012924671173,10.030508041381836,6.2255859375,0.3662109375,-0.152587890625
14.2674999,0.3321954905986786,-0.26575639843940735,9.64923095703125,-5.889892578125,0.091552734375,1.46484375
14.2724999,0.4991910457611084,-0.25438392162323,9.668384552001953,1.617431640625,0.30517578125,-2.74658203125
14.2774999,0.3824737071990967,-0.24361002445220947,10.02452278137207,4.241943359375,0.396728515625,0.579833984375
14.282499900000001,0.29628247022628784,-0.2172738015651703,9.634865760803223,-6.04248046875,0.335693359375,0.9765625
14.2874999,0.49978959560394287,-0.2861070930957794,9.693524360656738,2.8076171875,-0.396728515625,-2.716064453125
14.292499900000001,0.37648820877075195,-0.27054479718208313,9.953893661499023,2.9296875,-0.30517578125,1.129150390625
14.2974999,0.3315969407558441,-0.29628247022628784,9.547477722167969,-6.378173828125,0.06103515625,0.701904296875
14.3024999,0.5374982953071594,-0.3274070918560028,9.727043151855469,3.509521484375,-0.54931640625,-2.44140625
14.3074999,0.3471592366695404,-0.26096799969673157,9.998785018920898,1.739501953125,-0.152587890625,1.678466796875
14.3124999,0.38127660751342773,-0.26994624733924866,9.582792282104492,-5.79833984375,0.3662109375,-0.091552734375
14.3174999,0.363918662071228,-0.26336219906806946,9.973047256469727,0.762939453125,-0.152587890625,2.044677734375
14.3224999,0.4537012279033661,-0.2944868206977844,9.548674583435059,-5.340576171875,-0.06103515625,-0.518798828125
14.327499900000001,0.578798234462738,-0.35015198588371277,9.873687744140625,5.67626953125,0.091552734375,-2.13623046875
14.3324999,0.3190273642539978,-0.25677812099456787,9.910798072814941,-1.129150390625,-0.213623046875,2.0751953125
14.337499900000001,0.43933600187301636,-0.2861070930957794,9.566631317138672,-4.82177734375,-0.274658203125,-1.0986328125
14.3424999,0.5195417404174805,-0.314238965511322,10.005369186401367,6.134033203125,0.30517578125,-1.800537109375
14.3474999,0.2735375463962555,-0.25677812099456787,9.977835655212402,-2.25830078125,-0.091552734375,2.01416015625
14.3524999,0.5045779943466187,-0.3058592677116394,9.680954933166504,-3.204345703125,0.1220703125,-1.312255859375
14.3574999,0.5273229479789734,-0.3357867896556854,10.08078670501709,6.378173828125,0.335693359375,-1.220703125
14.3624999,0.33039984107017517,-0.2992752194404602,9.906607627868652,-3.41796875,-0.244140625,1.953125
14.3674999,0.5590460896492004,-0.3298012912273407,9.67077922821045,-2.01416015625,0.244140625,-1.8310546875
14.372499900000001,0.4734533727169037,-0.3016694188117981,10.035296440124512,5.950927734375,0.18310546875,-0.732421875
14.3774999,0.4423287510871887,-0.23762452602386475,9.941922187805176,5.9814453125,0.885009765625,-0.18310546875
14.382499900000001,0.3298012912273407,-0.27413609623908997,9.655815124511719,-5.2490234375,-0.18310546875,1.495361328125
14.3874999,0.5321113467216492,-0.28969839215278625,9.588777542114258,0.274658203125,-0.518798828125,-2.471923828125
14.3924999,0.41120412945747375,-0.2406172752380371,9.993996620178223,5.0048828125,0.67138671875,0.3662109375
14.3974999,0.31364041566848755,-0.25258827209472656,9.662399291992188,-5.767822265625,0.152587890625,1.495361328125
14.4024999,0.4920084476470947,-0.2454056739807129,9.697115898132324,2.13623046875,0.030517578125,-2.9296875
14.407499900000001,0.38546648621559143,-0.21547815203666687,10.0580415725708,4.08935546875,0.3662109375,0.732421875
14.4124999,0.3148375153541565,-0.25498247146606445,9.657610893249512,-6.072998046875,0.335693359375,1.220703125
14.417499900000001,0.5219359993934631,-0.2932897210121155,9.734225273132324,2.899169921875,-0.396728515625,-2.9296875
14.4224999,0.39145198464393616,-0.26755204796791077,9.993996620178223,2.716064453125,0.06103515625,1.15966796875
14.4274999,0.3489548861980438,-0.3124433159828186,9.57979965209961,-6.256103515625,-0.396728515625,0.518798828125
14.4324999,0.3357867896556854,-0.2388216257095337,9.991601943969727,1.8310546875,0.1220703125,1.40380859375
14.4374999,0.3705027103424072,-0.26815059781074524,9.566631317138672,-5.645751953125,0.244140625,0.091552734375
14.4424999,0.5650315880775452,-0.26755204796791077,9.84376049041748,5.523681640625,0.42724609375,-2.349853515625
14.4474999,0.3519476354122162,-0.2753331959247589,9.938331604003906,0.030517578125,-0.152587890625,1.922607421875
14.452499900000001,0.4596867263317108,-0.2944868206977844,9.537302017211914,-5.096435546875,0,-0.42724609375
14.4574999,0.5805938839912415,-0.32860419154167175,9.892242431640625,5.645751953125,0.18310546875,-2.044677734375
14.462499900000001,0.3256114423274994,-0.2885012924671173,9.911994934082031,-1.15966796875,-0.18310546875,2.044677734375
14.4674999,0.4531026780605316,-0.27712884545326233,9.570222854614258,-4.638671875,-0.091552734375,-0.946044921875
14.4724999,0.5273229479789734,-0.33099839091300964,10.005369186401367,6.2255859375,0,-1.739501953125
14.4774999,0.28131869435310364,-0.25917232036590576,9.934141159057617,-2.471923828125,-0.396728515625,2.044677734375
14.4824999,0.5171475410461426,-0.29209262132644653,9.652822494506836,-3.570556640625,-0.030517578125,-1.495361328125
14.4874999,0.3196259140968323,-0.2561795711517334,9.857526779174805,-3.997802734375,-0.48828125,2.166748046875
14.4924999,0.3196259140968323,-0.2561795711517334,9.857526779174805,-3.997802734375,-0.48828125,2.166748046875
14.497499900000001,0.5464765429496765,-0.28131869435310364,9.637260437011719,-1.922607421875,-0.091552734375,-1.800537109375
14.5024999,0.44831427931785583,-0.2867056429386139,9.989208221435547,6.34765625,0.3662109375,-0.579833984375
14.507499900000001,0.29388827085494995,-0.23044191300868988,9.752182006835938,-4.5166015625,-0.244140625,1.953125
14.5124999,0.5303156971931458,-0.26396074891090393,9.5809965133667,-0.79345703125,-0.762939453125,-2.410888671875
14.5174999,0.43754035234451294,-0.24899697303771973,9.959878921508789,5.43212890625,0.030517578125,-0.18310546875
14.5224999,0.3298012912273407,-0.24899697303771973,9.672574996948242,-5.859375,-0.1220703125,1.800537109375
14.5274999,0.518943190574646,-0.25977087020874023,9.628880500793457,0.457763671875,-0.30517578125,-2.50244140625
14.532499900000001,0.38067805767059326,-0.26336219906806946,10.017339706420898,4.791259765625,0.030517578125,0.152587890625
14.5374999,0.2885012924671173,-0.23044191300868988,9.674968719482422,-6.134033203125,-0.48828125,1.190185546875
14.542499900000001,0.47465047240257263,-0.23283611238002777,9.716269493103027,2.01416015625,0.091552734375,-2.5634765625
14.5474999,0.3998316824436188,-0.28550854325294495,9.937732696533203,2.777099609375,-0.06103515625,1.28173828125
14.5524999,0.3597288131713867,-0.29867666959762573,9.549273490905762,-6.04248046875,0.091552734375,0.30517578125
14.5574999,0.5536591410636902,-0.31364041566848755,9.747992515563965,4.730224609375,0.640869140625,-2.655029296875
14.5624999,0.38486793637275696,-0.2537853717803955,9.55825138092041,-5.706787109375,-0.1220703125,-0.274658203125
14.5674999,0.38486793637275696,-0.2537853717803955,9.55825138092041,-5.706787109375,-0.1220703125,-0.274658203125
14.5724999,0.5716156363487244,-0.2998737692832947,9.834183692932129,4.974365234375,0,-2.349853515625
14.577499900000001,0.3519476354122162,-0.25677812099456787,9.91977596282959,-0.244140625,-0.213623046875,1.739501953125
14.5824999,0.4554968774318695,-0.27054479718208313,9.511565208435059,-5.462646484375,-0.274658203125,-0.823974609375
14.587499900000001,0.558447539806366,-0.35015198588371277,9.860519409179688,6.072998046875,0.30517578125,-2.105712890625
14.5924999,0.2885012924671173,-0.2495955228805542,9.872490882873535,-1.15966796875,0.06103515625,1.861572265625
14.5974999,0.5476736426353455,-0.314238965511322,9.639056205749512,-1.434326171875,0.457763671875,-2.0751953125
14.6024999,0.45489832758903503,-0.2932897210121155,10.038289070129395,6.378173828125,0.30517578125,-0.732421875
14.6074999,0.322618693113327,-0.23822307586669922,9.801861763000488,-4.94384765625,0.335693359375,1.922607421875
14.6124999,0.558447539806366,-0.27892449498176575,9.64683723449707,-0.274658203125,0.30517578125,-2.288818359375
14.6174999,0.46088382601737976,-0.26575639843940735,10.013748168945312,5.18798828125,0.06103515625,-0.1220703125
14.622499900000001,0.35254621505737305,-0.2861070930957794,9.692327499389648,-5.523681640625,-0.54931640625,1.312255859375
14.6274999,0.5231330990791321,-0.2759317457675934,9.653421401977539,1.15966796875,0.3662109375,-2.410888671875
14.632499900000001,0.2759317457675934,-0.22086510062217712,9.660005569458008,-6.4697265625,-0.6103515625,1.15966796875
14.6374999,0.46088382601737976,-0.2519897222518921,9.706692695617676,2.5634765625,-0.06103515625,-2.838134765625
14.6424999,0.3818751573562622,-0.29568392038345337,9.567828178405762,-6.28662109375,0,0.091552734375
14.6474999,0.5793967843055725,-0.304063618183136,9.801861763000488,4.638671875,0.030517578125,-2.471923828125
14.6524999,0.363918662071228,-0.2364274114370346,9.983820915222168,1.007080078125,0.030517578125,1.8310546875
14.657499900000001,0.43514615297317505,-0.272938996553421,9.545083999633789,-5.401611328125,0.244140625,-0.30517578125
14.6624999,0.5895721912384033,-0.3250128924846649,9.82640266418457,5.18798828125,0.213623046875,-2.13623046875
14.667499900000001,0.34656068682670593,-0.2801215946674347,9.883264541625977,-0.42724609375,0.091552734375,2.01416015625
14.6724999,0.5279214978218079,-0.32860419154167175,9.9185791015625,6.256103515625,-0.335693359375,-1.922607421875
14.6774999,0.262763649225235,-0.2364274114370346,9.924564361572266,-2.105712890625,0.030517578125,2.25830078125
14.6824999,0.4489128291606903,-0.2890998423099518,9.616909980773926,-3.692626953125,0.091552734375,-1.03759765625
14.6874999,0.5015852451324463,-0.304063618183136,10.020931243896484,6.28662109375,-0.30517578125,-1.46484375
14.6924999,0.292691171169281,-0.2885012924671173,9.853935241699219,-3.47900390625,0.030517578125,2.105712890625
14.6974999,0.5392939448356628,-0.3423708379268646,9.59715747833252,-2.532958984375,0.1220703125,-1.64794921875
14.702499900000001,0.49140989780426025,-0.3130418658256531,9.971251487731934,6.2255859375,-0.091552734375,-0.823974609375
14.7074999,0.3106476664543152,-0.28072014451026917,9.759963035583496,-4.57763671875,-0.67138671875,1.8310546875
14.712499900000001,0.5494692921638489,-0.3058592677116394,9.589975357055664,-1.617431640625,-0.335693359375,-2.105712890625
14.7174999,0.4537012279033661,-0.2322375625371933,9.977835655212402,5.889892578125,0.54931640625,-0.3662109375
14.7224999,0.4991910457611084,-0.2322375625371933,9.70310115814209,1.373291015625,-0.732421875,-2.685546875
14.7274999,0.3866635859012604,-0.24181437492370605,10.056844711303711,4.2724609375,0.1220703125,0.823974609375
14.7324999,0.31364041566848755,-0.21667525172233582,9.673771858215332,-5.767822265625,0.42724609375,1.068115234375
14.7374999,0.5159504413604736,-0.2669534981250763,9.703699111938477,2.532958984375,-0.335693359375,-2.716064453125
14.7424999,0.40880993008613586,-0.28311434388160706,9.96945571899414,2.777099609375,0.1220703125,1.129150390625
14.747499900000001,0.35913026332855225,-0.31603461503982544,9.549273490905762,-6.195068359375,-0.335693359375,0.48828125
14.7524999,0.5656301379203796,-0.33279404044151306,9.70549488067627,4.150390625,0.457763671875,-2.532958984375
14.757499900000001,0.3645172119140625,-0.2819172441959381,9.980229377746582,1.617431640625,0.30517578125,1.495361328125
14.7624999,0.3866635859012604,-0.28131869435310364,9.566631317138672,-5.859375,-0.18310546875,0.091552734375
14.7674999,0.5764040350914001,-0.30226796865463257,9.856329917907715,5.096435546875,0.1220703125,-2.44140625
14.7724999,0.3645172119140625,-0.2645592987537384,9.982025146484375,0.579833984375,0.030517578125,1.8310546875
14.7774999,0.585382342338562,-0.3321954905986786,9.906009674072266,5.92041015625,0.48828125,-2.13623046875
14.782499900000001,0.3196259140968323,-0.24899697303771973,9.90361499786377,-1.15966796875,-0.1220703125,1.861572265625
14.7874999,0.43754035234451294,-0.2759317457675934,9.555258750915527,-4.638671875,0.152587890625,-0.91552734375
14.792499900000001,0.50876784324646,-0.2902969419956207,9.962273597717285,5.889892578125,-0.48828125,-1.739501953125
14.7974999,0.26575639843940735,-0.24181437492370605,9.907206535339355,-3.082275390625,-0.274658203125,2.227783203125
14.8024999,0.49978959560394287,-0.2968810200691223,9.617507934570312,-3.204345703125,0.030517578125,-1.495361328125
14.8074999,0.5159504413604736,-0.3172317147254944,10.027515411376953,6.53076171875,0.06103515625,-1.312255859375
14.8124999,0.3214215636253357,-0.2902969419956207,9.848548889160156,-3.753662109375,0.091552734375,2.0751953125
14.8174999,0.5548562407493591,-0.322618693113327,9.62828254699707,-2.5634765625,-0.823974609375,-2.01416015625
14.8224999,0.4686649739742279,-0.2717418968677521,10.017339706420898,6.28662109375,-0.244140625,-0.79345703125
14.827499900000001,0.30705636739730835,-0.24839842319488525,9.79408073425293,-4.791259765625,-0.30517578125,2.0751953125
14.8324999,0.5345055460929871,-0.28131869435310364,9.632472038269043,-1.007080078125,-0.518798828125,-2.166748046875
14.837499900000001,0.3232172429561615,-0.292691171169281,9.70549488067627,-5.462646484375,-0.274658203125,1.678466796875
14.8424999,0.5159504413604736,-0.262763649225235,9.654019355773926,0.54931640625,-0.30517578125,-2.288818359375
14.8474999,0.3842693865299225,-0.25258827209472656,9.999382972717285,4.638671875,0.579833984375,0.274658203125
14.8524999,0.284311443567276,-0.23523031175136566,9.624092102050781,-5.950927734375,0.030517578125,1.190185546875
14.8574999,0.46627077460289,-0.21188685297966003,9.668983459472656,2.25830078125,-0.18310546875,-2.685546875
14.8624999,0.375291109085083,-0.2406172752380371,9.99100399017334,3.631591796875,0.091552734375,0.762939453125
14.8674999,0.31184476613998413,-0.24480712413787842,9.61331844329834,-6.683349609375,-0.48828125,0.946044921875
14.872499900000001,0.5500678420066833,-0.3130418658256531,9.725846290588379,3.47900390625,0.244140625,-2.716064453125
14.8774999,0.40462008118629456,-0.30226796865463257,9.985017776489258,2.62451171875,-0.06103515625,1.0986328125
14.882499900000001,0.38546648621559143,-0.30705636739730835,9.591172218322754,-6.195068359375,-0.18310546875,0.54931640625
14.8874999,0.5710170865058899,-0.3130418658256531,9.788095474243164,4.7607421875,0.396728515625,-2.50244140625
14.8924999,0.35673606395721436,-0.2513911724090576,10.013748168945312,1.3427734375,-0.152587890625,1.46484375
14.8974999,0.5764040350914001,-0.3082534670829773,9.833584785461426,5.55419921875,0.701904296875,-2.13623046875
14.9024999,0.35733461380004883,-0.27712884545326233,9.911396026611328,-0.18310546875,0.18310546875,1.922607421875
14.907499900000001,0.4638765752315521,-0.2885012924671173,9.501988410949707,-5.218505859375,-0.701904296875,-1.007080078125
14.9124999,0.5740098357200623,-0.3315969407558441,9.864110946655273,6.591796875,0.67138671875,-1.77001953125
14.917499900000001,0.30945056676864624,-0.24181437492370605,9.877877235412598,-1.46484375,0.67138671875,2.288818359375
14.9224999,0.46327802538871765,-0.27712884545326233,9.52353572845459,-4.39453125,-0.48828125,-1.434326171875
14.9274999,0.5237316489219666,-0.31184476613998413,9.961674690246582,6.40869140625,0.06103515625,-1.556396484375
14.9324999,0.284311443567276,-0.27054479718208313,9.850942611694336,-2.99072265625,0.18310546875,2.288818359375
14.9374999,0.5297171473503113,-0.3321954905986786,9.609726905822754,-2.777099609375,0.1220703125,-1.64794921875
14.9424999,0.49978959560394287,-0.33758243918418884,10.026318550109863,6.591796875,0.091552734375,-1.190185546875
14.9474999,0.3106476664543152,-0.2801215946674347,9.819818496704102,-3.90625,0.1220703125,2.288818359375
14.952499900000001,0.5410895943641663,-0.3100491166114807,9.633668899536133,-1.312255859375,0.6103515625,-2.0751953125
14.9574999,0.30466216802597046,-0.25079262256622314,9.75397777557373,-5.0048828125,-0.213623046875,2.044677734375
14.962499900000001,0.5327098965644836,-0.29867666959762573,9.605537414550781,0.152587890625,0.54931640625,-2.197265625
14.9674999,0.43694180250167847,-0.2645592987537384,9.984419822692871,5.584716796875,0.457763671875,-0.152587890625
14.9724999,0.3357867896556854,-0.2968810200691223,9.64803409576416,-5.645751953125,-0.06103515625,1.8310546875
14.9774999,0.5171475410461426,-0.2735375463962555,9.628880500793457,1.983642578125,0.946044921875,-2.410888671875
14.9824999,0.3860650360584259,-0.2190694510936737,9.988609313964844,4.5166015625,0.06103515625,0.396728515625
14.9874999,0.29388827085494995,-0.23582886159420013,9.630077362060547,-6.439208984375,-0.1220703125,1.007080078125
14.9924999,0.4842272996902466,-0.24660277366638184,9.676764488220215,2.5634765625,-0.30517578125,-2.471923828125
14.997499900000001,0.3860650360584259,-0.25258827209472656,9.986215591430664,3.47900390625,0.091552734375,0.91552734375
15.0024999,0.3315969407558441,-0.3130418658256531,9.572616577148438,-6.04248046875,-0.213623046875,0.579833984375
15.007499900000001,0.545877993106842,-0.31364041566848755,9.710283279418945,3.692626953125,0.152587890625,-2.349853515625
15.0124999,0.5626373887062073,-0.27653029561042786,9.832986831665039,4.69970703125,0.335693359375,-2.227783203125
15.0174999,0.3555389642715454,-0.27054479718208313,10.023324966430664,1.068115234375,0.030517578125,1.89208984375
15.0224999,0.4297592043876648,-0.28371289372444153,9.592369079589844,-5.615234375,0.091552734375,-0.396728515625
15.0274999,0.5991489887237549,-0.3345896899700165,9.883264541625977,5.7373046875,0.3662109375,-2.227783203125
15.032499900000001,0.3621230125427246,-0.3100491166114807,9.896432876586914,-0.396728515625,0.030517578125,1.953125
15.0374999,0.45010992884635925,-0.29628247022628784,9.494206428527832,-4.7607421875,0,-0.8544921875
15.042499900000001,0.5351040959358215,-0.3292027413845062,9.853337287902832,6.2255859375,0.48828125,-1.617431640625
15.0474999,0.2579752206802368,-0.23702596127986908,9.862914085388184,-1.46484375,0.091552734375,2.3193359375
15.0524999,0.43514615297317505,-0.25079262256622314,9.544485092163086,-3.72314453125,-0.18310546875,-1.46484375
15.0574999,0.5039794445037842,-0.31842881441116333,9.99459457397461,6.378173828125,0.1220703125,-1.678466796875
15.0624999,0.28730419278144836,-0.26815059781074524,9.855133056640625,-3.326416015625,-0.213623046875,2.166748046875
15.0674999,0.5099649429321289,-0.34177228808403015,10.005967140197754,6.103515625,0.30517578125,-0.8544921875
15.0724999,0.33099839091300964,-0.26755204796791077,9.784503936767578,-4.302978515625,0.244140625,2.105712890625
15.077499900000001,0.5656301379203796,-0.2902969419956207,9.632472038269043,-1.3427734375,0,-2.197265625
15.0824999,0.4578910768032074,-0.2825157940387726,10.007762908935547,5.859375,0.1220703125,-0.54931640625
15.087499900000001,0.3280056416988373,-0.2513911724090576,9.788095474243164,-5.06591796875,0.030517578125,1.8310546875
15.0924999,0.5428852438926697,-0.27473464608192444,9.670180320739746,-0.213623046875,-0.30517578125,-2.38037109375
15.0974999,0.4231751561164856,-0.29149407148361206,10.04427433013916,5.126953125,-0.1220703125,-0.06103515625
15.1024999,0.3196259140968323,-0.262763649225235,9.721057891845703,-5.7373046875,-0.030517578125,1.5869140625
15.1074999,0.3196259140968323,-0.262763649225235,9.721057891845703,-5.7373046875,-0.030517578125,1.5869140625
15.1124999,0.4926069974899292,-0.24480712413787842,9.68933391571045,1.8310546875,0.79345703125,-2.349853515625
15.1174999,0.36810851097106934,-0.24001872539520264,10.055646896362305,4.39453125,-0.3662109375,0.48828125
15.122499900000001,0.3345896899700165,-0.2759317457675934,9.583989143371582,-6.04248046875,0.152587890625,0.518798828125
15.1274999,0.3345896899700165,-0.2759317457675934,9.583989143371582,-6.04248046875,0.152587890625,0.518798828125
15.132499900000001,0.5452794432640076,-0.33698388934135437,9.724050521850586,3.662109375,-0.1220703125,-2.593994140625
15.1374999,0.3728969097137451,-0.30526071786880493,9.996989250183105,2.197265625,-0.274658203125,1.40380859375
15.1424999,0.3711012601852417,-0.28311434388160706,9.606135368347168,-5.92041015625,-0.274658203125,0.030517578125
15.1474999,0.5710170865058899,-0.3100491166114807,9.845556259155273,4.608154296875,-0.1220703125,-2.38037109375
15.1524999,0.35434186458587646,-0.25977087020874023,10.007762908935547,0.54931640625,-0.152587890625,1.77001953125
15.157499900000001,0.43035775423049927,-0.2669534981250763,9.558850288391113,-5.615234375,0.091552734375,-0.42724609375
15.1624999,0.5793967843055725,-0.345363587141037,9.853337287902832,5.67626953125,0.152587890625,-2.105712890625
15.167499900000001,0.33758243918418884,-0.26815059781074524,9.904213905334473,-0.732421875,-0.274658203125,1.800537109375
15.1724999,0.44412440061569214,-0.26755204796791077,9.537900924682617,-4.486083984375,0.152587890625,-1.03759765625
15.1774999,0.52552729845047,-0.31842881441116333,9.961075782775879,6.561279296875,0.79345703125,-1.800537109375
15.1824999,0.5135562419891357,-0.3274070918560028,10.034697532653809,6.439208984375,-0.1220703125,-1.312255859375
15.1874999,0.5135562419891357,-0.3274070918560028,10.034697532653809,6.439208984375,-0.1220703125,-1.312255859375
15.1924999,0.30226796865463257,-0.27473464608192444,9.865906715393066,-3.509521484375,0.091552734375,2.105712890625
15.1974999,0.5554547905921936,-0.3172317147254944,9.613917350769043,-2.227783203125,0.152587890625,-2.01416015625
15.202499900000001,0.30286651849746704,-0.24839842319488525,9.793481826782227,-4.119873046875,0.396728515625,2.0751953125
15.2074999,0.30286651849746704,-0.24839842319488525,9.793481826782227,-4.119873046875,0.396728515625,2.0751953125
15.212499900000001,0.5422866940498352,-0.2819172441959381,9.649829864501953,-1.129150390625,0.396728515625,-2.3193359375
15.2174999,0.44412440061569214,-0.2885012924671173,10.02691650390625,5.828857421875,-0.152587890625,-0.244140625
15.2224999,0.33758243918418884,-0.2651578485965729,9.783307075500488,-5.31005859375,-0.091552734375,1.953125
15.2274999,0.5476736426353455,-0.3130418658256531,9.68274974822998,0.06103515625,-0.274658203125,-2.86865234375
15.2324999,0.4273650050163269,-0.30226796865463257,10.022727012634277,5.218505859375,-0.06103515625,0.091552734375
15.2374999,0.3106476664543152,-0.2687491476535797,9.657610893249512,-5.615234375,0.030517578125,1.800537109375
15.2424999,0.35015198588371277,-0.29209262132644653,9.5624418258667,-6.500244140625,-0.640869140625,0.6103515625
15.247499900000001,0.5518634915351868,-0.33698388934135437,9.739013671875,4.730224609375,0.244140625,-2.685546875
15.2524999,0.35254621505737305,-0.27473464608192444,10.005967140197754,1.678466796875,-0.06103515625,1.46484375
15.257499900000001,0.3669114112854004,-0.2735375463962555,9.61331844329834,-6.16455078125,-0.762939453125,0.213623046875
15.2624999,0.5596446394920349,-0.3058592677116394,9.873088836669922,5.096435546875,0.152587890625,-2.13623046875
15.2674999,0.34416648745536804,-0.25079262256622314,10.006566047668457,0.48828125,0.244140625,1.64794921875
15.2724999,0.4405331015586853,-0.27054479718208313,9.565434455871582,-5.340576171875,0.18310546875,-0.54931640625
15.2774999,0.5781996846199036,-0.34656068682670593,9.8784761428833,5.889892578125,0.213623046875,-2.01416015625
15.282499900000001,0.44771572947502136,-0.28311434388160706,9.536704063415527,-4.730224609375,-0.244140625,-1.129150390625
15.2874999,0.5231330990791321,-0.3321954905986786,9.961674690246582,5.889892578125,-0.18310546875,-1.617431640625
15.292499900000001,0.26815059781074524,-0.2364274114370346,9.936535835266113,-2.227783203125,-0.274658203125,2.227783203125
15.2974999,0.4991910457611084,-0.28730419278144836,9.641449928283691,-3.2958984375,0.457763671875,-1.678466796875
15.3024999,0.5201402902603149,-0.3315969407558441,10.062231063842773,6.134033203125,0.152587890625,-1.220703125
15.3074999,0.32022446393966675,-0.2735375463962555,9.890447616577148,-3.814697265625,-0.335693359375,2.197265625
15.3124999,0.5590460896492004,-0.32441434264183044,9.666589736938477,-2.349853515625,-0.732421875,-2.105712890625
15.3174999,0.4692635238170624,-0.3232172429561615,10.049661636352539,6.561279296875,0,-0.885009765625
15.3224999,0.30526071786880493,-0.243011474609375,9.803058624267578,-4.7607421875,-0.274658203125,2.227783203125
15.327499900000001,0.5363011956214905,-0.28730419278144836,9.61571216583252,-1.312255859375,-0.48828125,-2.349853515625
15.3324999,0.43993455171585083,-0.24899697303771973,9.960477828979492,5.7373046875,-0.1220703125,-0.335693359375
15.337499900000001,0.3274070918560028,-0.25977087020874023,9.667786598205566,-5.31005859375,-0.152587890625,1.922607421875
15.3424999,0.3842693865299225,-0.2172738015651703,10.00955867767334,3.90625,0.6103515625,0.762939453125
15.3474999,0.3196259140968323,-0.2406172752380371,9.610325813293457,-5.7373046875,0.335693359375,0.946044921875
15.3524999,0.536899745464325,-0.31842881441116333,9.695918083190918,3.936767578125,0.701904296875,-2.74658203125
15.3574999,0.3968389332294464,-0.2861070930957794,9.943717956542969,2.86865234375,0.30517578125,1.28173828125
15.3624999,0.36332011222839355,-0.3214215636253357,9.536704063415527,-6.2255859375,0.06103515625,0.579833984375
15.3674999,0.5566518902778625,-0.304063618183136,9.736021041870117,4.5166015625,-0.335693359375,-2.532958984375
15.372499900000001,0.3429693877696991,-0.2322375625371933,9.967659950256348,1.40380859375,0.06103515625,1.64794921875
15.3774999,0.39145198464393616,-0.25258827209472656,9.545083999633789,-5.37109375,0.762939453125,0
15.382499900000001,0.579995334148407,-0.28550854325294495,9.831789016723633,5.706787109375,0.946044921875,-2.105712890625
15.3874999,0.5147533416748047,-0.34177228808403015,9.645041465759277,-3.143310546875,-0.8544921875,-1.89208984375
15.3924999,0.49320554733276367,-0.3100491166114807,10.039485931396484,6.378173828125,-0.274658203125,-1.251220703125
15.3974999,0.31783026456832886,-0.29807811975479126,9.858125686645508,-4.058837890625,-0.152587890625,2.0751953125
15.4024999,0.5590460896492004,-0.2902969419956207,9.654019355773926,-1.556396484375,-0.1220703125,-2.197265625
15.407499900000001,0.46806642413139343,-0.2519897222518921,10.031704902648926,5.92041015625,0.396728515625,-0.67138671875
15.4124999,0.3315969407558441,-0.2663549482822418,9.788095474243164,-4.608154296875,-0.3662109375,1.739501953125
15.417499900000001,0.4429273009300232,-0.28311434388160706,10.010157585144043,5.37109375,0.54931640625,0.030517578125
15.4224999,0.3405751883983612,-0.28371289372444153,9.668384552001953,-5.67626953125,0.152587890625,1.617431640625
15.4274999,0.5069721937179565,-0.2579752206802368,9.634267807006836,1.190185546875,-0.457763671875,-2.685546875
15.4324999,0.37648820877075195,-0.2298433631658554,9.998785018920898,4.425048828125,0.152587890625,0.6103515625
15.4374999,0.28131869435310364,-0.2064998894929886,9.623494148254395,-6.4697265625,0.1220703125,1.15966796875
15.4424999,0.5452794432640076,-0.322618693113327,9.68155288696289,3.5400390625,0.335693359375,-2.960205078125
15.4474999,0.3758896589279175,-0.2711433470249176,9.95209789276123,2.50244140625,0.213623046875,1.52587890625
15.452499900000001,0.37648820877075195,-0.2932897210121155,9.552865028381348,-5.889892578125,0.3662109375,0.30517578125
15.4574999,0.5716156363487244,-0.27653029561042786,9.805453300476074,5.126953125,0.9765625,-2.50244140625
15.462499900000001,0.3597288131713867,-0.23702596127986908,9.985616683959961,0.91552734375,0.213623046875,1.8310546875
15.4674999,0.424970805644989,-0.28072014451026917,9.549872398376465,-5.79833984375,-0.54931640625,-0.152587890625
15.4724999,0.5889736413955688,-0.314238965511322,9.856329917907715,5.859375,0.518798828125,-2.227783203125
15.4774999,0.3471592366695404,-0.2861070930957794,9.8970308303833,-0.48828125,0.244140625,1.983642578125
15.4824999,0.45010992884635925,-0.3034650683403015,9.527127265930176,-4.180908203125,0.6103515625,-0.79345703125
15.487499900000001,0.5404910445213318,-0.29209262132644653,9.930550575256348,6.072998046875,0.152587890625,-1.861572265625
15.4924999,0.27473464608192444,-0.2388216257095337,9.924564361572266,-2.13623046875,0.18310546875,2.197265625
15.497499900000001,0.45908817648887634,-0.2825157940387726,9.598953247070312,-3.570556640625,0.213623046875,-1.28173828125
15.5024999,0.5117605924606323,-0.2902969419956207,10.023324966430664,6.77490234375,0.274658203125,-1.64794921875
15.507499900000001,0.2950853705406189,-0.31184476613998413,9.86111831665039,-3.2958984375,0.030517578125,2.197265625
15.5124999,0.547075092792511,-0.32202014327049255,9.615114212036133,-2.899169921875,-0.579833984375,-1.800537109375
15.5174999,0.497395396232605,-0.32022446393966675,10.002974510192871,6.256103515625,0.213623046875,-0.91552734375
15.5224999,0.4908113479614258,-0.2472013235092163,9.648633003234863,1.434326171875,0.18310546875,-2.38037109375
15.5274999,0.36092591285705566,-0.23822307586669922,9.989208221435547,3.936767578125,0.244140625,0.6103515625
15.532499900000001,0.2753331959247589,-0.2190694510936737,9.620500564575195,-6.103515625,-0.457763671875,1.007080078125
15.5374999,0.47465047240257263,-0.2663549482822418,9.654019355773926,2.5634765625,-0.30517578125,-2.62451171875
15.542499900000001,0.375291109085083,-0.2777273952960968,9.9401273727417,2.899169921875,0,1.0986328125
15.5474999,0.3298012912273407,-0.2908954918384552,9.52114200592041,-6.77490234375,-0.946044921875,0.54931640625
15.5524999,0.3471592366695404,-0.23822307586669922,9.988011360168457,0.48828125,0.213623046875,1.77001953125
15.5574999,0.43275195360183716,-0.25079262256622314,9.554061889648438,-5.4931640625,0.152587890625,-0.457763671875
15.5624999,0.5811924338340759,-0.3196259140968323,9.87967300415039,6.011962890625,0.42724609375,-2.01416015625
15.5674999,0.33339259028434753,-0.2513911724090576,9.880870819091797,-1.007080078125,0.3662109375,2.044677734375
15.5724999,0.44173020124435425,-0.2950853705406189,9.506776809692383,-4.608154296875,-0.06103515625,-1.15966796875
15.577499900000001,0.524330198764801,-0.3315969407558441,9.904213905334473,6.500244140625,0.396728515625,-1.983642578125
15.5824999,0.2651578485965729,-0.25019407272338867,9.882067680358887,-1.861572265625,0.091552734375,2.197265625
15.587499900000001,0.47824180126190186,-0.3064578175544739,9.59835433959961,-3.7841796875,-0.18310546875,-1.434326171875
15.5924999,0.5159504413604736,-0.32441434264183044,10.02811336517334,6.256103515625,-0.213623046875,-1.495361328125
15.5974999,0.47165772318840027,-0.30945056676864624,10.012551307678223,6.378173828125,0.42724609375,-0.8544921875
15.6024999,0.2950853705406189,-0.2669534981250763,9.779715538024902,-4.180908203125,-0.1220703125,1.8310546875
15.6074999,0.5303156971931458,-0.30466216802597046,9.603741645812988,-0.762939453125,0.18310546875,-2.44140625
15.612499900000001,0.4357447028160095,-0.24361002445220947,9.96945571899414,5.92041015625,0.701904296875,-0.152587890625
15.6174999,0.32381579279899597,-0.2783259451389313,9.710882186889648,-5.218505859375,0.244140625,1.861572265625
15.622499900000001,0.5303156971931458,-0.2932897210121155,9.628880500793457,0.213623046875,-0.091552734375,-2.5634765625
15.6274999,0.41778820753097534,-0.25737667083740234,10.002974510192871,4.7607421875,0.457763671875,0.3662109375
15.632499900000001,0.30945056676864624,-0.28131869435310364,9.660603523254395,-5.79833984375,-0.091552734375,1.220703125
15.6374999,0.4878185987472534,-0.2454056739807129,9.655815124511719,1.64794921875,-0.213623046875,-2.685546875
15.6424999,0.3687070608139038,-0.21966800093650818,10.016142845153809,3.7841796875,0,0.823974609375
15.6474999,0.2974795699119568,-0.23044191300868988,9.636661529541016,-6.65283203125,-0.732421875,0.823974609375
15.6524999,0.3621230125427246,-0.30885201692581177,9.543288230895996,-6.072998046875,-0.762939453125,0.48828125
15.657499900000001,0.5680243372917175,-0.32202014327049255,9.696516990661621,3.936767578125,0,-2.8076171875
15.6624999,0.36750996112823486,-0.2693476974964142,9.949105262756348,1.739501953125,0.244140625,1.5869140625
15.667499900000001,0.3758896589279175,-0.26815059781074524,9.53969669342041,-6.103515625,-0.244140625,0.3662109375
15.6724999,0.5662286877632141,-0.2849099934101105,9.822811126708984,5.2490234375,0.42724609375,-2.471923828125
15.6774999,0.3471592366695404,-0.2555810213088989,9.967659950256348,0.30517578125,0.18310546875,1.678466796875
15.6824999,0.44412440061569214,-0.28371289372444153,9.55825138092041,-5.31005859375,-0.3662109375,-0.30517578125
15.6874999,0.5793967843055725,-0.3345896899700165,9.894038200378418,5.889892578125,0,-2.227783203125
15.6924999,0.3232172429561615,-0.26575639843940735,9.913191795349121,-1.03759765625,0.091552734375,1.8310546875
15.6974999,0.4387374520301819,-0.28550854325294495,9.546280860900879,-4.608154296875,-0.152587890625,-0.79345703125
15.702499900000001,0.2579752206802368,-0.24420857429504395,9.893440246582031,-2.532958984375,-0.091552734375,1.953125
15.7074999,0.4866214990615845,-0.2992752194404602,9.601346969604492,-3.96728515625,-0.762939453125,-1.64794921875
15.712499900000001,0.5093663930892944,-0.31603461503982544,10.014347076416016,6.195068359375,-0.30517578125,-1.312255859375
15.7174999,0.3064578175544739,-0.292691171169281,9.861717224121094,-3.47900390625,-0.06103515625,2.13623046875
15.7224999,0.5440823435783386,-0.32680854201316833,9.65222454071045,-1.953125,0.42724609375,-1.861572265625
15.7274999,0.46327802538871765,-0.28550854325294495,10.034099578857422,6.103515625,-0.030517578125,-0.885009765625
15.7324999,0.29388827085494995,-0.26156654953956604,9.816825866699219,-4.82177734375,-0.457763671875,1.983642578125
15.737499900000001,0.5333084464073181,-0.30705636739730835,9.634267807006836,-1.007080078125,-0.274658203125,-2.38037109375
15.7424999,0.4357447028160095,-0.25318682193756104,9.99100399017334,5.645751953125,0.091552734375,-0.3662109375
15.747499900000001,0.32860419154167175,-0.30526071786880493,9.692327499389648,-5.523681640625,-0.1220703125,1.8310546875
15.7524999,0.5261258482933044,-0.29867666959762573,9.600150108337402,0.762939453125,0.213623046875,-2.44140625
15.757499900000001,0.4106055796146393,-0.2364274114370346,9.961075782775879,4.913330078125,0.335693359375,0.213623046875
15.7624999,0.37648820877075195,-0.21847090125083923,9.999382972717285,3.662109375,-0.213623046875,0.79345703125
15.7674999,0.3064578175544739,-0.2777273952960968,9.619902610778809,-6.28662109375,-0.42724609375,0.9765625
15.7724999,0.5057750940322876,-0.27413609623908997,9.699509620666504,3.448486328125,0.030517578125,-2.777099609375
15.7774999,0.3842693865299225,-0.2867056429386139,9.985616683959961,2.471923828125,0.091552734375,1.251220703125
15.782499900000001,0.34656068682670593,-0.3010708689689636,9.57321548461914,-6.134033203125,-0.335693359375,0.48828125
15.7874999,0.5512649416923523,-0.3124433159828186,9.747393608093262,4.669189453125,0.67138671875,-2.62451171875
15.792499900000001,0.35494041442871094,-0.28730419278144836,9.983820915222168,1.8310546875,0.244140625,1.678466796875
15.7974999,0.3884592354297638,-0.28790274262428284,9.561842918395996,-5.645751953125,0.091552734375,-0.030517578125
15.8024999,0.5776011347770691,-0.32202014327049255,9.818621635437012,5.279541015625,0.54931640625,-2.349853515625
15.8074999,0.36092591285705566,-0.2693476974964142,9.934141159057617,0.48828125,0.3662109375,1.89208984375
15.8124999,0.4537012279033661,-0.2717418968677521,9.519944190979004,-5.2490234375,-0.244140625,-0.42724609375
15.8174999,0.3106476664543152,-0.243011474609375,9.885659217834473,-0.9765625,0.396728515625,1.953125
15.8224999,0.4297592043876648,-0.2561795711517334,9.561244010925293,-3.509521484375,0.3662109375,-1.15966796875
15.827499900000001,0.497395396232605,-0.3148375153541565,9.971850395202637,5.859375,-0.244140625,-1.739501953125
15.8324999,0.25079262256622314,-0.23942017555236816,9.931747436523438,-2.685546875,-0.48828125,1.8310546875
15.837499900000001,0.48243165016174316,-0.28072014451026917,9.621698379516602,-3.692626953125,-0.244140625,-1.556396484375
15.8424999,0.5045779943466187,-0.3429693877696991,10.018536567687988,6.591796875,0.457763671875,-1.190185546875
15.8474999,0.3166331648826599,-0.2867056429386139,9.831789016723633,-3.631591796875,0.091552734375,1.922607421875
15.8524999,0.557250440120697,-0.3208230137825012,9.612719535827637,-1.89208984375,-0.274658203125,-1.953125
15.8574999,0.47165772318840027,-0.32441434264183044,9.996390342712402,6.439208984375,0.762939453125,-0.6103515625
15.862499900000001,0.3076549172401428,-0.24121582508087158,9.765350341796875,-4.2724609375,0.06103515625,1.64794921875
15.8674999,0.5297171473503113,-0.272938996553421,9.602544784545898,-0.6103515625,0.3662109375,-2.3193359375
15.872499900000001,0.4297592043876648,-0.26396074891090393,9.965266227722168,5.43212890625,0,-0.06103515625
15.8774999,0.30466216802597046,-0.2388216257095337,9.68694019317627,-5.79833984375,-0.213623046875,1.28173828125
15.882499900000001,0.4686649739742279,-0.21607670187950134,9.724648475646973,2.105712890625,0.1220703125,-2.838134765625
15.8874999,0.3603273630142212,-0.22206220030784607,10.05923843383789,3.84521484375,0.030517578125,0.8544921875
15.8924999,0.28072014451026917,-0.21128830313682556,9.649829864501953,-6.2255859375,-0.518798828125,0.91552734375
15.8974999,0.4985924959182739,-0.2861070930957794,9.698312759399414,3.60107421875,0.640869140625,-2.593994140625
15.9024999,0.3734954595565796,-0.29209262132644653,9.944915771484375,3.0517578125,0.67138671875,1.28173828125
15.907499900000001,0.34416648745536804,-0.3034650683403015,9.541492462158203,-6.072998046875,-0.30517578125,0.3662109375
15.9124999,0.5506663918495178,-0.33698388934135437,9.718064308166504,3.662109375,-0.732421875,-2.685546875
15.917499900000001,0.3597288131713867,-0.2759317457675934,9.971251487731934,1.15966796875,0.152587890625,1.678466796875
15.9224999,0.3214215636253357,-0.24241292476654053,9.929951667785645,-1.434326171875,-0.18310546875,1.983642578125
15.9274999,0.44412440061569214,-0.26336219906806946,9.589376449584961,-4.730224609375,-0.30517578125,-1.03759765625
15.9324999,0.5099649429321289,-0.314238965511322,10.004171371459961,6.591796875,0.457763671875,-1.708984375
15.9374999,0.2645592987537384,-0.243011474609375,9.928754806518555,-2.166748046875,0.30517578125,2.0751953125
15.9424999,0.5021837949752808,-0.29807811975479126,9.633070945739746,-3.0517578125,0.732421875,-1.3427734375
15.9474999,0.5201402902603149,-0.3381809890270233,10.020332336425781,6.500244140625,0.091552734375,-1.312255859375
15.952499900000001,0.3256114423274994,-0.2777273952960968,9.810839653015137,-3.814697265625,-0.030517578125,1.983642578125
15.9574999,0.5590460896492004,-0.30945056676864624,9.595361709594727,-1.89208984375,0.732421875,-1.861572265625
15.962499900000001,0.45908817648887634,-0.30226796865463257,9.9586820602417,6.40869140625,-0.030517578125,-0.67138671875
15.9674999,0.29149407148361206,-0.2495955228805542,9.747393608093262,-4.45556640625,-0.152587890625,1.861572265625
15.9724999,0.5225345492362976,-0.2825157940387726,9.588777542114258,-0.3662109375,0.213623046875,-2.410888671875
15.9774999,0.42856210470199585,-0.2777273952960968,9.982624053955078,5.828857421875,0.244140625,-0.06103515625
15.9824999,0.3345896899700165,-0.2711433470249176,9.707290649414062,-5.4931640625,0.1220703125,1.739501953125
15.987499900000001,0.536899745464325,-0.28790274262428284,9.64923095703125,0.030517578125,-0.579833984375,-2.685546875
15.9924999,0.4141969084739685,-0.26575639843940735,10.015543937683105,4.8828125,-0.030517578125,0.18310546875
15.997499900000001,0.31783026456832886,-0.2298433631658554,9.672574996948242,-5.79833984375,-0.06103515625,1.3427734375
16.0024999,0.48961424827575684,-0.22505496442317963,9.668384552001953,2.3193359375,0.6103515625,-2.532958984375
16.0074999,0.38067805767059326,-0.2190694510936737,9.998186111450195,3.90625,0.18310546875,1.007080078125
16.0124999,0.31184476613998413,-0.22026655077934265,9.600749015808105,-6.256103515625,-0.18310546875,1.220703125
16.0174999,0.5135562419891357,-0.29807811975479126,9.657012939453125,3.11279296875,-0.1220703125,-2.5634765625
16.0224999,0.37828385829925537,-0.2759317457675934,9.928155899047852,2.62451171875,-0.18310546875,1.220703125
16.0274999,0.4836287498474121,-0.28790274262428284,9.551069259643555,-4.852294921875,0.335693359375,-0.3662109375
16.0324999,0.5913678407669067,-0.3477577865123749,9.915586471557617,5.950927734375,-0.274658203125,-2.0751953125
16.0374999,0.3106476664543152,-0.2579752206802368,9.936535835266113,-1.434326171875,0.091552734375,1.922607421875
16.0424999,0.4387374520301819,-0.2992752194404602,9.585186958312988,-3.997802734375,0.091552734375,-1.129150390625
16.047499900000002,0.5039794445037842,-0.32441434264183044,10.029909133911133,6.439208984375,0,-1.5869140625
16.0524999,0.25977087020874023,-0.26815059781074524,9.922170639038086,-2.960205078125,-0.152587890625,2.0751953125
16.0574999,0.5123591423034668,-0.3232172429561615,9.662399291992188,-2.86865234375,0.091552734375,-1.5869140625
16.0624999,0.3250128924846649,-0.2795230448246002,9.84495735168457,-3.814697265625,-0.579833984375,1.8310546875
16.0674999,0.5632359385490417,-0.3148375153541565,9.627683639526367,-2.197265625,-0.1220703125,-1.922607421875
16.0724999,0.46986207365989685,-0.2603694200515747,9.99339771270752,6.134033203125,0.42724609375,-0.42724609375
16.0774999,0.32680854201316833,-0.25498247146606445,9.75397777557373,-4.852294921875,-0.42724609375,1.739501953125
16.082499900000002,0.2932897210121155,-0.2406172752380371,9.668384552001953,-6.072998046875,0.1220703125,1.28173828125
16.0874999,0.4812345504760742,-0.21966800093650818,9.713874816894531,2.5634765625,0.457763671875,-2.655029296875
16.0924999,0.383670836687088,-0.24480712413787842,10.006566047668457,3.47900390625,0.274658203125,1.007080078125
16.0974999,0.5380968451499939,-0.32202014327049255,9.706093788146973,3.662109375,0.54931640625,-2.74658203125
16.1024999,0.3794809579849243,-0.30526071786880493,9.942521095275879,2.62451171875,-0.1220703125,1.3427734375
16.1074999,0.3621230125427246,-0.3076549172401428,9.556455612182617,-6.16455078125,0.091552734375,0.274658203125
16.1124999,0.5578489899635315,-0.2992752194404602,9.75637149810791,4.638671875,0.518798828125,-2.532958984375
16.117499900000002,0.34656068682670593,-0.2513911724090576,9.96825885772705,1.220703125,0.06103515625,1.556396484375
16.1224999,0.40880993008613586,-0.26096799969673157,9.536704063415527,-5.523681640625,-0.091552734375,-0.335693359375
16.1274999,0.5770025849342346,-0.314238965511322,9.82879638671875,5.2490234375,-0.18310546875,-2.38037109375
16.1324999,0.3531447649002075,-0.27473464608192444,9.894637107849121,-0.6103515625,-0.18310546875,1.800537109375
16.1374999,0.4513070285320282,-0.28072014451026917,9.519346237182617,-4.974365234375,-0.67138671875,-0.67138671875
16.1424999,0.5578489899635315,-0.322618693113327,9.91977596282959,6.072998046875,0,-2.044677734375
16.1474999,0.292691171169281,-0.22625206410884857,9.939528465270996,-1.922607421875,0.030517578125,1.922607421875
16.1524999,0.46806642413139343,-0.2759317457675934,9.618705749511719,-4.2724609375,-0.701904296875,-1.28173828125
16.1574999,0.5315127968788147,-0.2944868206977844,9.555258750915527,-1.40380859375,0.274658203125,-2.105712890625
16.1624999,0.4387374520301819,-0.24181437492370605,9.922170639038086,5.767822265625,0.06103515625,-0.42724609375
16.1674999,0.3172317147254944,-0.2621650993824005,9.689932823181152,-5.218505859375,-0.335693359375,1.708984375
16.172499900000002,0.5422866940498352,-0.30286651849746704,9.567230224609375,-0.213623046875,-0.213623046875,-2.410888671875
16.1774999,0.44412440061569214,-0.25977087020874023,9.956886291503906,5.43212890625,0.335693359375,-0.152587890625
16.1824999,0.33518823981285095,-0.2908954918384552,9.636063575744629,-5.7373046875,-0.1220703125,1.5869140625
16.1874999,0.5051765441894531,-0.2603694200515747,9.61212158203125,0.9765625,-0.42724609375,-2.5634765625
16.1924999,0.3776853084564209,-0.20949265360832214,10.001178741455078,4.364013671875,0.30517578125,0.579833984375
16.1974999,0.4800374507904053,-0.2346317619085312,9.688735961914062,3.082275390625,0.30517578125,-2.8076171875
16.2024999,0.3794809579849243,-0.24779987335205078,9.983820915222168,3.23486328125,0.06103515625,0.8544921875
16.207499900000002,0.3274070918560028,-0.30526071786880493,9.557653427124023,-6.256103515625,-0.701904296875,0.640869140625
16.2124999,0.5434837937355042,-0.30885201692581177,9.695918083190918,4.39453125,0.1220703125,-2.655029296875
16.2174999,0.3728969097137451,-0.2819172441959381,9.960477828979492,1.8310546875,0,1.373291015625
16.2224999,0.37169981002807617,-0.2932897210121155,9.561842918395996,-5.950927734375,0.06103515625,0.396728515625
16.2274999,0.5764040350914001,-0.2801215946674347,9.822811126708984,4.94384765625,0.457763671875,-2.5634765625
16.2324999,0.3669114112854004,-0.2663549482822418,10.002376556396484,0.579833984375,0.54931640625,1.708984375
16.2374999,0.4465186297893524,-0.28550854325294495,9.573814392089844,-5.584716796875,0,-0.3662109375
16.242499900000002,0.4465186297893524,-0.28550854325294495,9.573814392089844,-5.584716796875,0,-0.3662109375
16.2474999,0.6057330369949341,-0.33518823981285095,9.886856079101562,5.55419921875,0.091552734375,-2.288818359375
16.2524999,0.3561375141143799,-0.29628247022628784,9.941922187805176,-0.640869140625,-0.18310546875,2.01416015625
16.2574999,0.5285200476646423,-0.32202014327049255,9.97364616394043,6.2255859375,-0.213623046875,-1.922607421875
16.2624999,0.2603694200515747,-0.2388216257095337,9.95329475402832,-2.01416015625,-0.30517578125,2.0751953125
16.2674999,0.4471171796321869,-0.2825157940387726,9.609128952026367,-3.662109375,-0.18310546875,-1.3427734375
16.2724999,0.5003881454467773,-0.32381579279899597,10.017938613891602,6.2255859375,-0.030517578125,-1.46484375
16.2774999,0.2819172441959381,-0.30226796865463257,9.849146842956543,-3.11279296875,0.030517578125,2.410888671875
16.2824999,0.5398924946784973,-0.3298012912273407,9.613917350769043,-2.471923828125,0.274658203125,-1.800537109375
16.2874999,0.4812345504760742,-0.33339259028434753,9.996989250183105,6.28662109375,0.3662109375,-0.91552734375
16.2924999,0.30526071786880493,-0.26994624733924866,9.782708168029785,-4.180908203125,0.030517578125,2.166748046875
16.297499900000002,0.5416881442070007,-0.29209262132644653,9.604938507080078,-1.03759765625,0.579833984375,-2.227783203125
16.3024999,0.4357447028160095,-0.26994624733924866,9.964667320251465,5.828857421875,-0.030517578125,-0.579833984375
16.3074999,0.3166331648826599,-0.25677812099456787,9.731831550598145,-5.157470703125,-0.42724609375,1.953125
16.3124999,0.5267243981361389,-0.28730419278144836,9.617507934570312,0.152587890625,0.18310546875,-2.227783203125
16.3174999,0.3166331648826599,-0.27473464608192444,9.68813705444336,-5.67626953125,-0.091552734375,1.5869140625
16.3224999,0.38486793637275696,-0.23403321206569672,10.064026832580566,4.241943359375,0.030517578125,0.54931640625
16.3274999,0.38486793637275696,-0.23403321206569672,10.064026832580566,4.241943359375,0.030517578125,0.54931640625
16.332499900000002,0.31184476613998413,-0.20769700407981873,9.690531730651855,-6.317138671875,-0.42724609375,1.129150390625
16.3374999,0.5123591423034668,-0.25438392162323,9.734824180603027,2.838134765625,-0.18310546875,-2.5634765625
16.3424999,0.40880993008613586,-0.25737667083740234,10.001777648925781,3.0517578125,0.152587890625,1.28173828125
16.3474999,0.3585317134857178,-0.3034650683403015,9.582792282104492,-6.072998046875,-0.274658203125,0.457763671875
16.3524999,0.5650315880775452,-0.3381809890270233,9.72165584564209,4.241943359375,0.579833984375,-2.62451171875
16.3574999,0.3758896589279175,-0.28311434388160706,9.970054626464844,1.922607421875,0.152587890625,1.617431640625
16.3624999,0.37648820877075195,-0.2944868206977844,9.564237594604492,-6.195068359375,-0.30517578125,0.091552734375
16.367499900000002,0.5656301379203796,-0.2890998423099518,9.800664901733398,4.8828125,0.18310546875,-2.410888671875
16.3724999,0.35015198588371277,-0.24361002445220947,9.952696800231934,0.42724609375,0.396728515625,1.922607421875
16.3774999,0.2585737705230713,-0.24001872539520264,9.938331604003906,-1.922607421875,0.152587890625,2.197265625
16.3824999,0.456095427274704,-0.29628247022628784,9.634865760803223,-3.509521484375,-0.18310546875,-1.40380859375
16.3874999,0.5033808946609497,-0.30226796865463257,10.04846477508545,6.195068359375,-0.396728515625,-1.434326171875
16.3924999,0.30286651849746704,-0.31364041566848755,9.880870819091797,-3.570556640625,-0.3662109375,2.01416015625
16.3974999,0.5506663918495178,-0.3292027413845062,9.624691009521484,-1.983642578125,0.42724609375,-1.52587890625
16.4024999,0.5015852451324463,-0.314238965511322,9.976638793945312,6.103515625,0.030517578125,-0.946044921875
16.4074999,0.32441434264183044,-0.284311443567276,9.750386238098145,-4.302978515625,-0.457763671875,2.044677734375
16.4124999,0.5650315880775452,-0.29149407148361206,9.567828178405762,-0.701904296875,0.579833984375,-2.13623046875
16.4174999,0.48602294921875,-0.25318682193756104,9.710882186889648,1.64794921875,0,-2.593994140625
16.422499900000002,0.48602294921875,-0.25318682193756104,9.710882186889648,1.64794921875,0,-2.593994140625
16.4274999,0.365115761756897,-0.25258827209472656,10.08437728881836,4.39453125,0.457763671875,0.91552734375
16.4324999,0.2950853705406189,-0.2256535142660141,9.703699111938477,-6.2255859375,-0.244140625,0.91552734375
16.4374999,0.5069721937179565,-0.26755204796791077,9.744999885559082,2.685546875,-0.6103515625,-2.9296875
16.4424999,0.41120412945747375,-0.2555810213088989,10.006566047668457,2.899169921875,0.18310546875,1.3427734375
16.4474999,0.3621230125427246,-0.292691171169281,9.581595420837402,-6.53076171875,-0.457763671875,0.640869140625
16.4524999,0.5662286877632141,-0.3208230137825012,9.734225273132324,3.84521484375,-0.274658203125,-2.960205078125
16.457499900000002,0.363918662071228,-0.2753331959247589,9.991601943969727,2.044677734375,0.30517578125,1.64794921875
16.4624999,0.3579331636428833,-0.2867056429386139,9.588777542114258,-5.889892578125,-0.152587890625,0.1220703125
16.4674999,0.5404910445213318,-0.29807811975479126,9.852140426635742,4.8828125,-0.48828125,-2.777099609375
16.4724999,0.33039984107017517,-0.2495955228805542,9.998785018920898,0.48828125,0.274658203125,1.800537109375
16.4774999,0.4207809567451477,-0.27653029561042786,9.560646057128906,-5.218505859375,0.213623046875,-0.30517578125
16.4824999,0.5841852426528931,-0.32620999217033386,9.868300437927246,5.615234375,-0.396728515625,-2.288818359375
16.4874999,0.3489548861980438,-0.26575639843940735,9.88625717163086,-1.03759765625,0.18310546875,2.044677734375
16.492499900000002,0.4626794755458832,-0.2867056429386139,9.518747329711914,-4.119873046875,0.396728515625,-0.79345703125
16.4974999,0.5452794432640076,-0.3076549172401428,9.929951667785645,6.561279296875,0.67138671875,-1.89208984375
16.5024999,0.28131869435310364,-0.2495955228805542,9.924564361572266,-2.01416015625,0.579833984375,2.166748046875
16.5074999,0.4794389009475708,-0.3124433159828186,9.618106842041016,-3.11279296875,0.48828125,-1.007080078125
16.5124999,0.5111620426177979,-0.322618693113327,10.035296440124512,6.53076171875,0.06103515625,-1.3427734375
16.5174999,0.29807811975479126,-0.3124433159828186,9.874286651611328,-3.60107421875,-0.091552734375,1.922607421875
16.5224999,0.2992752194404602,-0.27712884545326233,9.834183692932129,-4.69970703125,0.091552734375,1.861572265625
16.5274999,0.547075092792511,-0.29209262132644653,9.64564037322998,-0.9765625,-0.152587890625,-1.983642578125
16.5324999,0.4572925269603729,-0.23163901269435883,10.012551307678223,6.072998046875,0.54931640625,-0.3662109375
16.5374999,0.35434186458587646,-0.28131869435310364,9.72165584564209,-5.2490234375,0.213623046875,1.46484375
16.5424999,0.5608417391777039,-0.29807811975479126,9.616909980773926,0.3662109375,-0.213623046875,-2.50244140625
16.547499900000002,0.43754035234451294,-0.26336219906806946,9.995193481445312,5.31005859375,0.18310546875,0.396728515625
16.5524999,0.32680854201316833,-0.29388827085494995,9.678560256958008,-5.67626953125,0.091552734375,1.3427734375
16.5574999,0.4902127981185913,-0.24420857429504395,9.697713851928711,1.434326171875,-0.30517578125,-2.685546875
16.5624999,0.29388827085494995,-0.22445641458034515,9.667187690734863,-6.4697265625,-0.274658203125,1.129150390625
16.5674999,0.5015852451324463,-0.25917232036590576,9.715670585632324,3.173828125,0.213623046875,-2.685546875
16.5724999,0.3405751883983612,-0.3196259140968323,9.55466079711914,-6.378173828125,-0.518798828125,0.518798828125
16.5774999,0.5440823435783386,-0.3010708689689636,9.745597839355469,3.936767578125,-0.091552734375,-2.716064453125
16.582499900000002,0.3495534360408783,-0.26994624733924866,10.014945983886719,1.617431640625,0.091552734375,1.678466796875
16.5874999,0.3645172119140625,-0.2717418968677521,9.606734275817871,-5.706787109375,-0.18310546875,0.030517578125
16.5924999,0.5638344883918762,-0.28072014451026917,9.886856079101562,4.913330078125,0.213623046875,-2.44140625
16.5974999,0.35434186458587646,-0.27234044671058655,9.999382972717285,0.457763671875,0,2.01416015625
16.6024999,0.4405331015586853,-0.28969839215278625,9.564835548400879,-5.340576171875,-0.213623046875,-0.3662109375
16.6074999,0.5925649404525757,-0.3292027413845062,9.879075050354004,5.706787109375,0.06103515625,-2.25830078125
16.6124999,0.3363853394985199,-0.27413609623908997,9.91738224029541,-1.251220703125,0.091552734375,2.166748046875
16.617499900000002,0.4554968774318695,-0.2687491476535797,9.565434455871582,-4.364013671875,-0.1220703125,-0.885009765625
16.6224999,0.5339069962501526,-0.3076549172401428,10.002974510192871,5.859375,0.1220703125,-2.01416015625
16.6274999,0.2777273952960968,-0.2513911724090576,9.982025146484375,-2.105712890625,-0.244140625,1.861572265625
16.6324999,0.5297171473503113,-0.3280056416988373,10.086173057556152,6.591796875,0.579833984375,-1.251220703125
16.6374999,0.3315969407558441,-0.29388827085494995,9.909002304077148,-3.41796875,0.1220703125,1.922607421875
16.6424999,0.5674257874488831,-0.3082534670829773,9.66958236694336,-2.44140625,0.274658203125,-1.8310546875
16.6474999,0.48482584953308105,-0.2998737692832947,10.037092208862305,6.439208984375,0.335693359375,-0.579833984375
16.6524999,0.30705636739730835,-0.2472013235092163,9.799467086791992,-4.425048828125,-0.091552734375,2.01416015625
16.6574999,0.5404910445213318,-0.292691171169281,9.612719535827637,-0.762939453125,0.030517578125,-2.38037109375
16.6624999,0.4423287510871887,-0.2663549482822418,9.963470458984375,6.378173828125,0.6103515625,-0.18310546875
16.6674999,0.3411737382411957,-0.28131869435310364,9.697115898132324,-4.974365234375,0.335693359375,1.861572265625
16.672499900000002,0.5506663918495178,-0.3058592677116394,9.606734275817871,0.48828125,-0.1220703125,-2.593994140625
16.6774999,0.42616790533065796,-0.2777273952960968,9.99220085144043,5.2490234375,-0.06103515625,0.213623046875
16.6824999,0.32680854201316833,-0.28131869435310364,9.673172950744629,-6.04248046875,0.244140625,1.52587890625
16.6874999,0.48722004890441895,-0.2472013235092163,9.694721221923828,1.617431640625,0.030517578125,-2.716064453125
16.6924999,0.49978959560394287,-0.2825157940387726,9.694122314453125,3.082275390625,0.48828125,-2.74658203125
16.6974999,0.3800795078277588,-0.27712884545326233,9.963470458984375,3.11279296875,0.030517578125,0.9765625
16.7024999,0.3321954905986786,-0.3100491166114807,9.540295600891113,-6.317138671875,-0.030517578125,0.732421875
16.707499900000002,0.5339069962501526,-0.3232172429561615,9.697115898132324,4.119873046875,0.244140625,-2.655029296875
16.7124999,0.33937808871269226,-0.2561795711517334,9.93593692779541,1.8310546875,-0.06103515625,1.373291015625
16.7174999,0.3669114112854004,-0.26994624733924866,9.504382133483887,-5.92041015625,0.030517578125,0.152587890625
16.7224999,0.5746083855628967,-0.2950853705406189,9.782109260559082,5.035400390625,0.457763671875,-2.50244140625
16.7274999,0.36810851097106934,-0.25737667083740234,9.92097282409668,0.335693359375,-0.06103515625,1.708984375
16.7324999,0.4704606235027313,-0.2974795699119568,9.52473258972168,-5.340576171875,-0.18310546875,-0.396728515625
16.7374999,0.5985504388809204,-0.34835633635520935,9.891644477844238,5.859375,0.091552734375,-2.25830078125
16.742499900000002,0.33937808871269226,-0.27473464608192444,9.922170639038086,-1.15966796875,-0.30517578125,2.044677734375
16.7474999,0.5015852451324463,-0.3034650683403015,9.627683639526367,-3.082275390625,0.42724609375,-1.64794921875
16.7524999,0.5201402902603149,-0.30705636739730835,10.014945983886719,6.4697265625,0.3662109375,-1.28173828125
16.7574999,0.3256114423274994,-0.2998737692832947,9.834183692932129,-3.41796875,0.030517578125,2.0751953125
16.7624999,0.5542576909065247,-0.3387795388698578,9.600749015808105,-1.678466796875,0.518798828125,-1.8310546875
16.7674999,0.4734533727169037,-0.27234044671058655,9.990405082702637,5.889892578125,0.213623046875,-0.8544921875
16.7724999,0.3016694188117981,-0.2669534981250763,9.761159896850586,-4.7607421875,-0.244140625,1.708984375
16.7774999,0.5333084464073181,-0.2783259451389313,9.601945877075195,-0.42724609375,0.091552734375,-2.25830078125
16.7824999,0.43694180250167847,-0.23702596127986908,9.959280967712402,5.67626953125,0.091552734375,-0.1220703125
16.7874999,0.3315969407558441,-0.29149407148361206,9.675567626953125,-5.4931640625,-0.396728515625,1.495361328125
16.7924999,0.5345055460929871,-0.2717418968677521,9.604938507080078,0.3662109375,-0.152587890625,-2.38037109375
16.797499900000002,0.31783026456832886,-0.243011474609375,9.622296333312988,-5.828857421875,-0.06103515625,1.190185546875
16.8024999,0.48901569843292236,-0.20290859043598175,9.636063575744629,1.89208984375,-0.152587890625,-2.62451171875
16.8074999,0.38067805767059326,-0.2214636504650116,9.975440979003906,3.7841796875,0.396728515625,0.91552734375
16.8124999,0.30705636739730835,-0.21607670187950134,9.598953247070312,-6.134033203125,0.213623046875,0.8544921875
16.8174999,0.5051765441894531,-0.28371289372444153,9.673771858215332,3.448486328125,0.396728515625,-2.62451171875
16.8224999,0.37648820877075195,-0.2974795699119568,9.947309494018555,3.082275390625,0.274658203125,1.220703125
16.8274999,0.3298012912273407,-0.3196259140968323,9.557653427124023,-5.889892578125,-0.244140625,0.274658203125
16.832499900000002,0.5327098965644836,-0.322618693113327,9.753378868103027,4.33349609375,0.06103515625,-2.5634765625
16.8374999,0.33698388934135437,-0.2663549482822418,10.006566047668457,1.556396484375,0,1.556396484375
16.8424999,0.3794809579849243,-0.2687491476535797,9.586383819580078,-5.9814453125,-0.42724609375,-0.091552734375
16.8474999,0.5847837924957275,-0.29867666959762573,9.86650562286377,5.0048828125,-0.1220703125,-2.44140625
16.8524999,0.3794809579849243,-0.2735375463962555,9.970054626464844,0.30517578125,-0.1220703125,1.800537109375
16.8574999,0.5991489887237549,-0.3411737382411957,9.922768592834473,5.859375,0.244140625,-1.983642578125
16.8624999,0.3280056416988373,-0.2555810213088989,9.940725326538086,-1.28173828125,0.091552734375,2.01416015625
16.867499900000002,0.3280056416988373,-0.2555810213088989,9.940725326538086,-1.28173828125,0.091552734375,2.01416015625
16.8724999,0.43514615297317505,-0.2783259451389313,9.604340553283691,-4.150390625,0.396728515625,-0.946044921875
16.8774999,0.49799394607543945,-0.3130418658256531,10.019135475158691,6.2255859375,-0.091552734375,-1.64794921875
16.8824999,0.547075092792511,-0.3315969407558441,9.595361709594727,-1.983642578125,0.1220703125,-1.953125
16.8874999,0.46806642413139343,-0.28311434388160706,9.962273597717285,6.011962890625,0.335693359375,-0.579833984375
16.8924999,0.3250128924846649,-0.23343466222286224,9.75517463684082,-4.730224609375,-0.152587890625,1.89208984375
16.8974999,0.46627077460289,-0.2495955228805542,9.964069366455078,5.706787109375,0.823974609375,-0.06103515625
16.9024999,0.34835633635520935,-0.2867056429386139,9.679757118225098,-5.279541015625,0.091552734375,1.64794921875
16.9074999,0.536899745464325,-0.3010708689689636,9.624092102050781,1.0986328125,0.54931640625,-2.5634765625
16.9124999,0.38905778527259827,-0.27054479718208313,10.016741752624512,4.82177734375,0.152587890625,0.396728515625
16.9174999,0.2861070930957794,-0.25079262256622314,9.667187690734863,-6.34765625,-0.48828125,1.40380859375
16.922499900000002,0.4620809257030487,-0.2495955228805542,9.70549488067627,2.197265625,0.244140625,-2.8076171875
16.9274999,0.36571431159973145,-0.2406172752380371,10.032303810119629,3.72314453125,0.1220703125,0.8544921875
16.9324999,0.30885201692581177,-0.27054479718208313,9.626486778259277,-6.16455078125,-0.091552734375,1.0986328125
16.9374999,0.5315127968788147,-0.3280056416988373,9.707889556884766,3.753662109375,0.6103515625,-2.62451171875
16.9424999,0.3974374830722809,-0.292691171169281,9.972448348999023,2.960205078125,0.335693359375,1.220703125
16.9474999,0.375291109085083,-0.30526071786880493,9.5624418258667,-6.28662109375,-0.30517578125,0.518798828125
16.9524999,0.568622887134552,-0.2908954918384552,9.767146110534668,4.180908203125,0,-2.62451171875
16.957499900000002,0.3944447338581085,-0.25498247146606445,9.560646057128906,-5.645751953125,0.3662109375,0.213623046875
16.9624999,0.5710170865058899,-0.30047231912612915,9.834781646728516,5.37109375,0.335693359375,-2.227783203125
16.9674999,0.33997663855552673,-0.2759317457675934,9.913790702819824,0,-0.335693359375,1.64794921875
16.9724999,0.4411316514015198,-0.3058592677116394,9.50737476348877,-4.791259765625,-0.091552734375,-0.54931640625
16.9774999,0.5464765429496765,-0.33279404044151306,9.888052940368652,6.072998046875,0.335693359375,-1.77001953125
16.9824999,0.28131869435310364,-0.24600422382354736,9.909601211547852,-1.3427734375,-0.030517578125,2.01416015625
16.9874999,0.43694180250167847,-0.28550854325294495,9.578003883361816,-3.997802734375,0.244140625,-1.190185546875
16.992499900000002,0.5039794445037842,-0.31543606519699097,10.023923873901367,6.28662109375,0.152587890625,-1.556396484375
16.9974999,0.27892449498176575,-0.28371289372444153,9.914389610290527,-2.960205078125,-0.18310546875,2.227783203125
17.0024999,0.5237316489219666,-0.35434186458587646,9.659406661987305,-2.593994140625,0.48828125,-1.5869140625
17.0074999,0.5051765441894531,-0.34177228808403015,10.040084838867188,6.28662109375,0,-1.15966796875
17.0124999,0.31364041566848755,-0.3034650683403015,9.852738380432129,-4.39453125,0.06103515625,2.166748046875
17.0174999,0.4531026780605316,-0.26096799969673157,10.018536567687988,6.011962890625,-0.152587890625,-0.54931640625
17.0224999,0.31603461503982544,-0.25438392162323,9.793481826782227,-5.18798828125,0.091552734375,1.922607421875
17.0274999,0.5452794432640076,-0.29867666959762573,9.619902610778809,-0.762939453125,-0.79345703125,-2.593994140625
17.0324999,0.4465186297893524,-0.25977087020874023,9.985616683959961,5.828857421875,-0.091552734375,-0.3662109375
17.0374999,0.33339259028434753,-0.304063618183136,9.659406661987305,-5.706787109375,0.18310546875,1.708984375
17.0424999,0.3519476354122162,-0.25977087020874023,9.982025146484375,0.457763671875,0.06103515625,1.678466796875
17.047499900000002,0.4189853072166443,-0.2735375463962555,9.543886184692383,-5.462646484375,-0.152587890625,-0.18310546875
17.0524999,0.5883750915527344,-0.3280056416988373,9.835979461669922,5.767822265625,0,-2.105712890625
17.0574999,0.3603273630142212,-0.2992752194404602,9.884461402893066,-0.48828125,0.335693359375,2.044677734375
17.0624999,0.45848962664604187,-0.28311434388160706,9.512762069702148,-4.486083984375,0.579833984375,-0.823974609375
17.0674999,0.5530605912208557,-0.31783026456832886,9.885659217834473,5.828857421875,0,-1.8310546875
17.0724999,0.28371289372444153,-0.21847090125083923,9.909601211547852,-1.922607421875,-0.1220703125,1.983642578125
17.0774999,0.4471171796321869,-0.2561795711517334,9.576208114624023,-4.547119140625,-0.396728515625,-1.15966796875
17.082499900000002,0.50876784324646,-0.31842881441116333,10.000580787658691,6.256103515625,0.18310546875,-1.434326171875
17.0874999,0.5063736438751221,-0.34356793761253357,10.00716495513916,6.04248046875,-0.06103515625,-1.007080078125
17.0924999,0.3280056416988373,-0.2579752206802368,9.808445930480957,-4.364013671875,-0.640869140625,1.953125
17.0974999,0.558447539806366,-0.2849099934101105,9.646238327026367,-1.495361328125,-0.396728515625,-2.44140625
17.1024999,0.44592007994651794,-0.27653029561042786,10.020931243896484,5.889892578125,0.30517578125,-0.3662109375
17.1074999,0.31364041566848755,-0.2585737705230713,9.791088104248047,-5.035400390625,-0.335693359375,1.77001953125
17.1124999,0.5321113467216492,-0.2908954918384552,9.64564037322998,-0.091552734375,0.244140625,-2.349853515625
17.117499900000002,0.41359832882881165,-0.30226796865463257,10.004171371459961,5.462646484375,0.457763671875,0.152587890625
17.1224999,0.31603461503982544,-0.2759317457675934,9.67077922821045,-5.67626953125,-0.091552734375,1.64794921875
17.1274999,0.4884171485900879,-0.25019407272338867,9.647436141967773,1.220703125,-0.244140625,-2.777099609375
17.1324999,0.3645172119140625,-0.24181437492370605,10.014945983886719,4.45556640625,0,0.54931640625
17.1374999,0.2867056429386139,-0.19393034279346466,9.653421401977539,-6.072998046875,-0.06103515625,1.190185546875
17.1424999,0.38726213574409485,-0.2669534981250763,9.970054626464844,3.326416015625,-0.274658203125,0.91552734375
17.1474999,0.3357867896556854,-0.2819172441959381,9.561244010925293,-6.439208984375,-0.091552734375,0.79345703125
17.152499900000002,0.5476736426353455,-0.3363853394985199,9.692925453186035,3.936767578125,0.335693359375,-2.532958984375
17.1574999,0.36750996112823486,-0.292691171169281,9.949105262756348,2.166748046875,-0.1220703125,1.52587890625
17.1624999,0.37169981002807617,-0.28790274262428284,9.55705451965332,-5.859375,0.06103515625,0.18310546875
17.1674999,0.5632359385490417,-0.3100491166114807,9.801861763000488,4.852294921875,0.244140625,-2.25830078125
17.172499900000002,0.3519476354122162,-0.26096799969673157,9.97603988647461,0.640869140625,0.030517578125,1.89208984375
17.1774999,0.436343252658844,-0.27712884545326233,9.542689323425293,-5.584716796875,-0.48828125,-0.54931640625
17.1824999,0.5823895931243896,-0.3495534360408783,9.852140426635742,5.859375,0.244140625,-2.044677734375
17.1874999,0.3363853394985199,-0.26815059781074524,9.895236015319824,-0.762939453125,0.274658203125,2.166748046875
17.1924999,0.4429273009300232,-0.2795230448246002,9.537302017211914,-4.364013671875,0.1220703125,-1.0986328125
17.1974999,0.517746090888977,-0.3148375153541565,9.966463088989258,6.134033203125,0.244140625,-1.708984375
17.2024999,0.46986207365989685,-0.27234044671058655,9.655217170715332,-3.47900390625,0.213623046875,-1.495361328125
17.207499900000002,0.5093663930892944,-0.3363853394985199,10.062231063842773,6.134033203125,-0.1220703125,-1.28173828125
17.2124999,0.3034650683403015,-0.2902969419956207,9.871294021606445,-3.204345703125,-0.30517578125,2.227783203125
17.2174999,0.5494692921638489,-0.33039984107017517,9.640253067016602,-2.38037109375,-0.091552734375,-1.8310546875
17.2224999,0.4800374507904053,-0.3298012912273407,9.993996620178223,6.2255859375,0.48828125,-0.8544921875
17.2274999,0.304063618183136,-0.25019407272338867,9.764153480529785,-4.180908203125,-0.1220703125,2.01416015625
17.2324999,0.5446808934211731,-0.28072014451026917,9.576807022094727,-0.9765625,0.1220703125,-2.13623046875
17.2374999,0.43933600187301636,-0.2651578485965729,9.93474006652832,5.889892578125,0.42724609375,-0.3662109375
17.242499900000002,0.33039984107017517,-0.2687491476535797,9.670180320739746,-5.18798828125,-0.091552734375,1.739501953125
17.2474999,0.5273229479789734,-0.3034650683403015,9.589975357055664,0.67138671875,-0.244140625,-2.5634765625
17.2524999,0.41120412945747375,-0.2890998423099518,9.970054626464844,5.462646484375,0.457763671875,0.396728515625
17.2574999,0.30466216802597046,-0.26575639843940735,9.655217170715332,-5.67626953125,0.579833984375,1.46484375
17.2624999,0.36810851097106934,-0.23044191300868988,10.039485931396484,3.84521484375,-0.244140625,0.823974609375
17.2674999,0.30226796865463257,-0.21428105235099792,9.64564037322998,-6.439208984375,-0.244140625,1.190185546875
17.2724999,0.5123591423034668,-0.292691171169281,9.706692695617676,3.204345703125,0.274658203125,-2.593994140625
17.277499900000002,0.40462008118629456,-0.2867056429386139,9.981427192687988,2.960205078125,-0.18310546875,0.946044921875
17.2824999,0.3621230125427246,-0.31184476613998413,9.564237594604492,-6.256103515625,-0.823974609375,0.457763671875
17.2874999,0.5716156363487244,-0.33039984107017517,9.75517463684082,4.241943359375,-0.06103515625,-2.655029296875
17.2924999,0.36092591285705566,-0.25498247146606445,10.005369186401367,1.373291015625,0.06103515625,1.678466796875
17.297499900000002,0.3908534348011017,-0.2711433470249176,9.57860279083252,-5.79833984375,-0.6103515625,-0.18310546875
17.3024999,0.5781996846199036,-0.30526071786880493,9.8599214553833,4.974365234375,-0.3662109375,-2.532958984375
17.3074999,0.36332011222839355,-0.262763649225235,9.956287384033203,0.030517578125,0.213623046875,1.953125
17.3124999,0.4644751250743866,-0.2867056429386139,9.54209041595459,-5.157470703125,-0.152587890625,-0.6103515625
17.3174999,0.5883750915527344,-0.3363853394985199,9.889848709106445,5.92041015625,-0.1220703125,-2.105712890625
17.3224999,0.4411316514015198,-0.27653029561042786,9.560047149658203,-4.241943359375,0.54931640625,-1.129150390625
17.3274999,0.5015852451324463,-0.30286651849746704,9.978434562683105,6.011962890625,0.030517578125,-1.861572265625
17.332499900000002,0.2561795711517334,-0.2495955228805542,9.90361499786377,-2.471923828125,-0.244140625,2.166748046875
17.3374999,0.49320554733276367,-0.3124433159828186,9.630077362060547,-2.655029296875,0.42724609375,-1.46484375
17.3424999,0.5099649429321289,-0.33039984107017517,10.031704902648926,6.2255859375,0.091552734375,-1.373291015625
17.3474999,0.3166331648826599,-0.2890998423099518,9.84376049041748,-3.936767578125,-0.640869140625,2.01416015625
17.3524999,0.5614402890205383,-0.3214215636253357,9.62947940826416,-1.922607421875,0.274658203125,-1.922607421875
17.3574999,0.4710591733455658,-0.2651578485965729,9.996989250183105,5.645751953125,-0.030517578125,-0.701904296875
17.3624999,0.4471171796321869,-0.243011474609375,9.984419822692871,5.645751953125,0.48828125,0
17.367499900000002,0.3298012912273407,-0.2992752194404602,9.688735961914062,-5.37109375,0.030517578125,1.64794921875
17.3724999,0.3800795078277588,-0.23762452602386475,10.034099578857422,5.0048828125,0.274658203125,0.48828125
17.3774999,0.28131869435310364,-0.24121582508087158,9.672574996948242,-6.16455078125,0.213623046875,1.312255859375
17.3824999,0.46986207365989685,-0.21368250250816345,9.716867446899414,1.678466796875,-0.579833984375,-2.5634765625
17.3874999,0.383670836687088,-0.2172738015651703,10.037690162658691,4.0283203125,0.213623046875,0.91552734375
17.3924999,0.3292027413845062,-0.27054479718208313,9.627683639526367,-5.859375,0.54931640625,0.762939453125
17.3974999,0.5512649416923523,-0.3064578175544739,9.70310115814209,3.326416015625,0.213623046875,-2.716064453125
17.402499900000002,0.4076128304004669,-0.2998737692832947,9.962273597717285,2.62451171875,-0.1220703125,1.251220703125
17.4074999,0.3734954595565796,-0.3076549172401428,9.552865028381348,-6.53076171875,-0.335693359375,0.54931640625
17.4124999,0.5566518902778625,-0.2825157940387726,9.744999885559082,4.425048828125,0.244140625,-2.410888671875
17.4174999,0.34356793761253357,-0.24001872539520264,9.980229377746582,1.220703125,-0.335693359375,1.556396484375
17.422499900000002,0.3866635859012604,-0.2645592987537384,9.547477722167969,-5.79833984375,-0.457763671875,-0.213623046875
17.4274999,0.5716156363487244,-0.3010708689689636,9.822212219238281,5.706787109375,0.8544921875,-2.25830078125
17.4324999,0.4644751250743866,-0.2992752194404602,9.502586364746094,-5.18798828125,0.42724609375,-0.48828125
17.4374999,0.5758054852485657,-0.3381809890270233,9.88625717163086,5.859375,0.274658203125,-1.922607421875
17.4424999,0.31124621629714966,-0.2579752206802368,9.927556991577148,-1.28173828125,-0.152587890625,2.166748046875
17.4474999,0.44532153010368347,-0.27473464608192444,9.61212158203125,-3.84521484375,0.48828125,-0.91552734375
17.4524999,0.5105634927749634,-0.31842881441116333,10.061633110046387,6.378173828125,0.457763671875,-1.434326171875
17.457499900000002,0.26156654953956604,-0.27712884545326233,9.953893661499023,-2.44140625,-0.030517578125,2.105712890625
17.4624999,0.5153518915176392,-0.31184476613998413,9.683348655700684,-2.5634765625,0.640869140625,-1.617431640625
17.4674999,0.5033808946609497,-0.3345896899700165,10.056245803833008,5.950927734375,-0.18310546875,-0.9765625
17.4724999,0.3232172429561615,-0.27712884545326233,9.837775230407715,-4.241943359375,-0.3662109375,2.166748046875
17.4774999,0.3232172429561615,-0.27712884545326233,9.837775230407715,-4.241943359375,-0.3662109375,2.166748046875
17.4824999,0.5638344883918762,-0.28072014451026917,9.613917350769043,-1.556396484375,0.579833984375,-1.953125
17.4874999,0.4644751250743866,-0.2825157940387726,9.99100399017334,6.195068359375,0.30517578125,-0.579833984375
17.492499900000002,0.5464765429496765,-0.27892449498176575,9.617507934570312,-0.67138671875,-0.396728515625,-2.44140625
17.4974999,0.5464765429496765,-0.27892449498176575,9.617507934570312,-0.67138671875,-0.396728515625,-2.44140625
17.5024999,0.4321534037590027,-0.292691171169281,10.007762908935547,5.4931640625,0.396728515625,-0.18310546875
17.5074999,0.3298012912273407,-0.2885012924671173,9.701305389404297,-5.523681640625,-0.18310546875,1.77001953125
17.5124999,0.5057750940322876,-0.2621650993824005,9.64564037322998,0.79345703125,-0.213623046875,-2.593994140625
17.5174999,0.37229835987091064,-0.2669534981250763,10.031704902648926,4.57763671875,-0.48828125,0.42724609375
17.5224999,0.28072014451026917,-0.20769700407981873,9.653421401977539,-6.378173828125,-0.152587890625,1.5869140625
17.527499900000002,0.4704606235027313,-0.2172738015651703,9.698312759399414,2.410888671875,0.030517578125,-2.593994140625
17.5324999,0.37469255924224854,-0.25917232036590576,9.995193481445312,3.662109375,-0.030517578125,0.91552734375
17.5374999,0.3190273642539978,-0.24480712413787842,9.59476375579834,-5.950927734375,0.1220703125,0.79345703125
17.5424999,0.5351040959358215,-0.30047231912612915,9.697115898132324,3.448486328125,0.42724609375,-2.471923828125
17.547499900000002,0.3866635859012604,-0.30047231912612915,9.967061996459961,2.838134765625,0,1.28173828125
17.5524999,0.3705027103424072,-0.2801215946674347,9.585784912109375,-6.16455078125,0.335693359375,0.457763671875
17.5574999,0.3603273630142212,-0.2777273952960968,10.016142845153809,1.434326171875,0.030517578125,1.708984375
17.5624999,0.4165911078453064,-0.27234044671058655,9.583989143371582,-5.37109375,0.42724609375,-0.1220703125
17.5674999,0.5907692909240723,-0.34416648745536804,9.85034465789795,5.06591796875,0,-2.38037109375
17.5724999,0.3585317134857178,-0.28730419278144836,9.919178009033203,-0.48828125,-0.335693359375,1.983642578125
17.5774999,0.46088382601737976,-0.28072014451026917,9.52473258972168,-4.94384765625,-0.42724609375,-0.701904296875
17.582499900000002,0.5614402890205383,-0.34416648745536804,9.9185791015625,5.767822265625,-0.18310546875,-2.13623046875
17.5874999,0.292691171169281,-0.22445641458034515,9.9371337890625,-1.77001953125,0.213623046875,1.953125
17.5924999,0.4638765752315521,-0.243011474609375,9.627683639526367,-3.814697265625,0.274658203125,-1.312255859375
17.5974999,0.5201402902603149,-0.31783026456832886,10.052056312561035,6.378173828125,-0.1220703125,-1.3427734375
17.6024999,0.545877993106842,-0.2717418968677521,9.617507934570312,-0.335693359375,-0.213623046875,-2.410888671875
17.6074999,0.545877993106842,-0.2717418968677521,9.617507934570312,-0.335693359375,-0.213623046875,-2.410888671875
17.6124999,0.42676645517349243,-0.31543606519699097,9.982624053955078,5.340576171875,0.274658203125,0.244140625
17.617499900000002,0.33039984107017517,-0.27473464608192444,9.676764488220215,-5.340576171875,-0.396728515625,1.373291015625
17.6224999,0.5021837949752808,-0.26755204796791077,9.670180320739746,1.190185546875,0.1220703125,-2.532958984375
17.6274999,0.37169981002807617,-0.2902969419956207,10.05923843383789,4.608154296875,0.244140625,0.701904296875
17.6324999,0.29807811975479126,-0.19812019169330597,9.70429801940918,-6.16455078125,-0.18310546875,1.007080078125
17.6374999,0.49559974670410156,-0.24779987335205078,9.739612579345703,2.532958984375,-0.030517578125,-2.655029296875
17.6424999,0.395043283700943,-0.27054479718208313,9.999382972717285,3.35693359375,-0.091552734375,1.0986328125
17.6474999,0.3645172119140625,-0.29867666959762573,9.935338973999023,2.716064453125,0.244140625,1.739501953125
17.652499900000002,0.3705027103424072,-0.2663549482822418,9.554061889648438,-5.706787109375,0.518798828125,0.244140625
17.6574999,0.5740098357200623,-0.33698388934135437,9.806051254272461,5.035400390625,0.732421875,-2.777099609375
17.6624999,0.35913026332855225,-0.26755204796791077,9.977835655212402,0.8544921875,0.18310546875,2.044677734375
17.6674999,0.4405331015586853,-0.28371289372444153,9.551667213439941,-5.55419921875,-0.54931640625,-0.42724609375
17.672499900000002,0.5961562395095825,-0.37169981002807617,9.853337287902832,5.615234375,0.274658203125,-2.532958984375
17.6774999,0.34416648745536804,-0.26156654953956604,9.909002304077148,-0.762939453125,0.274658203125,2.25830078125
17.6824999,0.45848962664604187,-0.25498247146606445,9.546280860900879,-4.486083984375,-0.335693359375,-0.8544921875
17.6874999,0.5374982953071594,-0.3208230137825012,9.959280967712402,6.04248046875,-0.152587890625,-1.983642578125
17.6924999,0.272938996553421,-0.19572599232196808,9.951498985290527,-2.044677734375,0.06103515625,2.044677734375
17.6974999,0.4818331003189087,-0.24779987335205078,9.625288963317871,-3.814697265625,-0.274658203125,-1.373291015625
17.7024999,0.30286651849746704,-0.262763649225235,9.840767860412598,-3.11279296875,-0.213623046875,2.197265625
17.707499900000002,0.5476736426353455,-0.314238965511322,9.595361709594727,-2.593994140625,0.18310546875,-1.739501953125
17.7124999,0.4728548228740692,-0.35434186458587646,9.99220085144043,6.103515625,0.579833984375,-0.885009765625
17.7174999,0.304063618183136,-0.24121582508087158,9.792284965515137,-4.2724609375,-0.18310546875,2.0751953125
17.7224999,0.5416881442070007,-0.29568392038345337,9.625288963317871,-1.0986328125,0.152587890625,-2.0751953125
17.7274999,0.44173020124435425,-0.3058592677116394,10.00955867767334,5.9814453125,0.3662109375,-0.244140625
17.7324999,0.33698388934135437,-0.2603694200515747,9.73542308807373,-5.584716796875,0.244140625,2.01416015625
17.7374999,0.5410895943641663,-0.3106476664543152,9.635464668273926,0.701904296875,0.457763671875,-2.471923828125
17.742499900000002,0.4225766062736511,-0.2944868206977844,10.004770278930664,5.37109375,0.18310546875,0.091552734375
17.7474999,0.32022446393966675,-0.24241292476654053,9.664793968200684,-6.103515625,0.42724609375,1.373291015625
17.7524999,0.49320554733276367,-0.24001872539520264,9.673771858215332,1.861572265625,0.48828125,-2.593994140625
17.7574999,0.37648820877075195,-0.23044191300868988,10.016142845153809,4.241943359375,0.213623046875,0.518798828125
17.7624999,0.34835633635520935,-0.3058592677116394,9.539097785949707,-5.92041015625,0.213623046875,0.701904296875
17.7674999,0.5494692921638489,-0.35015198588371277,9.716269493103027,4.119873046875,-0.152587890625,-2.532958984375
17.7724999,0.3447650372982025,-0.25977087020874023,9.967061996459961,1.5869140625,-0.18310546875,1.46484375
17.777499900000002,0.3842693865299225,-0.28371289372444153,9.530119895935059,-6.16455078125,-0.54931640625,0.06103515625
17.7824999,0.5823895931243896,-0.3106476664543152,9.814431190490723,5.157470703125,0.18310546875,-2.288818359375
17.7874999,0.3687070608139038,-0.25917232036590576,9.92097282409668,0,-0.42724609375,1.8310546875
17.7924999,0.47824180126190186,-0.2801215946674347,9.510367393493652,-5.31005859375,-0.457763671875,-0.79345703125
17.797499900000002,0.5943605899810791,-0.3250128924846649,9.862914085388184,6.16455078125,0.701904296875,-2.0751953125
17.8024999,0.32680854201316833,-0.22924481332302094,9.877279281616211,-1.373291015625,0.732421875,2.227783203125
17.8074999,0.4626794755458832,-0.2621650993824005,9.52114200592041,-4.119873046875,-0.030517578125,-1.28173828125
17.8124999,0.26815059781074524,-0.24839842319488525,9.88386344909668,-2.777099609375,-0.030517578125,2.227783203125
17.8174999,0.507570743560791,-0.3082534670829773,9.63067626953125,-3.082275390625,-0.1220703125,-1.678466796875
17.8224999,0.4985924959182739,-0.33039984107017517,10.039485931396484,6.256103515625,0.18310546875,-1.220703125
17.8274999,0.3166331648826599,-0.2867056429386139,9.853337287902832,-3.60107421875,-0.18310546875,2.105712890625
17.832499900000002,0.5554547905921936,-0.3214215636253357,9.640253067016602,-1.434326171875,0,-1.861572265625
17.8374999,0.46627077460289,-0.2932897210121155,10.022727012634277,6.16455078125,0.48828125,-0.579833984375
17.8424999,0.32202014327049255,-0.26575639843940735,9.782109260559082,-4.852294921875,0.274658203125,1.983642578125
17.8474999,0.5518634915351868,-0.3190273642539978,9.618705749511719,-0.48828125,-0.244140625,-2.25830078125
17.8524999,0.44831427931785583,-0.2759317457675934,9.987412452697754,5.67626953125,-0.152587890625,-0.152587890625
17.8574999,0.3471592366695404,-0.2932897210121155,9.660603523254395,-6.072998046875,-0.091552734375,1.46484375
17.8624999,0.5183446407318115,-0.2693476974964142,9.625887870788574,1.678466796875,0.732421875,-2.471923828125
17.867499900000002,0.3902548849582672,-0.21308395266532898,10.007762908935547,4.638671875,0.091552734375,0.457763671875
17.8724999,0.4728548228740692,-0.2364274114370346,9.694721221923828,2.349853515625,-0.54931640625,-2.50244140625
17.8774999,0.3687070608139038,-0.2256535142660141,10.002376556396484,3.35693359375,0.06103515625,0.9765625
17.8824999,0.3172317147254944,-0.28790274262428284,9.588777542114258,-6.40869140625,-0.335693359375,0.640869140625
17.8874999,0.5404910445213318,-0.31783026456832886,9.713275909423828,3.936767578125,-0.1220703125,-2.685546875
17.8924999,0.3824737071990967,-0.26336219906806946,9.968857765197754,2.288818359375,-0.1220703125,1.40380859375
17.8974999,0.3824737071990967,-0.28790274262428284,9.55585765838623,-6.256103515625,-0.42724609375,0.274658203125
17.902499900000002,0.5764040350914001,-0.2783259451389313,9.792284965515137,4.8828125,0.152587890625,-2.532958984375
17.9074999,0.363918662071228,-0.23163901269435883,9.984419822692871,1.129150390625,0.091552734375,1.708984375
17.9124999,0.43035775423049927,-0.27413609623908997,9.545681953430176,-5.279541015625,-0.091552734375,-0.335693359375
17.9174999,0.5877765417098999,-0.29628247022628784,9.86889934539795,6.011962890625,0.244140625,-2.197265625
17.922499900000002,0.4531026780605316,-0.292691171169281,9.537900924682617,-4.45556640625,-0.48828125,-0.8544921875
17.9274999,0.27892449498176575,-0.2753331959247589,9.925761222839355,-1.678466796875,0.335693359375,2.044677734375
17.9324999,0.47225627303123474,-0.2861070930957794,9.599552154541016,-3.753662109375,0.152587890625,-1.15966796875
17.9374999,0.5129576921463013,-0.33099839091300964,10.012551307678223,6.28662109375,0.335693359375,-1.46484375
17.9424999,0.30286651849746704,-0.28371289372444153,9.851541519165039,-3.23486328125,0,2.13623046875
17.9474999,0.5434837937355042,-0.31124621629714966,9.609726905822754,-2.50244140625,0.30517578125,-1.556396484375
17.9524999,0.48482584953308105,-0.30705636739730835,9.995193481445312,6.103515625,0.457763671875,-0.9765625
17.957499900000002,0.30885201692581177,-0.2561795711517334,9.785700798034668,-4.5166015625,0.091552734375,2.044677734375
17.9624999,0.545877993106842,-0.292691171169281,9.610325813293457,-1.0986328125,-0.30517578125,-2.044677734375
17.9674999,0.4513070285320282,-0.27234044671058655,9.995792388916016,6.103515625,-0.213623046875,-0.457763671875
17.9724999,0.3423708379268646,-0.284311443567276,9.744400978088379,-5.43212890625,-0.18310546875,1.495361328125
17.9774999,0.5548562407493591,-0.30047231912612915,9.65222454071045,0.18310546875,0,-2.13623046875
17.9824999,0.43933600187301636,-0.2801215946674347,10.033500671386719,5.06591796875,0.06103515625,0.518798828125
17.9874999,0.4902127981185913,-0.2555810213088989,9.691728591918945,1.739501953125,-0.030517578125,-2.716064453125
17.992499900000002,0.3705027103424072,-0.2322375625371933,10.032303810119629,3.997802734375,0,0.946044921875
17.9974999,0.2819172441959381,-0.23523031175136566,9.653421401977539,-6.500244140625,-0.54931640625,0.9765625
18.0024999,0.49380409717559814,-0.28790274262428284,9.713275909423828,2.99072265625,0.396728515625,-2.593994140625
18.0074999,0.3800795078277588,-0.262763649225235,9.99220085144043,3.173828125,0,1.03759765625
18.0124999,0.34416648745536804,-0.2998737692832947,9.576807022094727,-6.378173828125,-0.3662109375,0.3662109375
18.0174999,0.557250440120697,-0.29807811975479126,9.753378868103027,4.2724609375,0.42724609375,-2.532958984375
18.0224999,0.35673606395721436,-0.23942017555236816,9.985017776489258,1.64794921875,-0.18310546875,1.40380859375
18.027499900000002,0.3866635859012604,-0.2711433470249176,9.551667213439941,-6.16455078125,-0.518798828125,0
18.0324999,0.5793967843055725,-0.29867666959762573,9.824606895446777,5.31005859375,-0.030517578125,-2.593994140625
18.0374999,0.3579331636428833,-0.2801215946674347,9.929951667785645,0.030517578125,0,1.8310546875
18.0424999,0.4554968774318695,-0.3124433159828186,9.527127265930176,-5.06591796875,-0.274658203125,-0.67138671875
18.047499900000002,0.3076549172401428,-0.26815059781074524,9.9185791015625,-1.312255859375,-0.244140625,1.983642578125
18.0524999,0.4357447028160095,-0.3130418658256531,9.570222854614258,-3.997802734375,-0.1220703125,-1.220703125
18.0574999,0.5051765441894531,-0.30705636739730835,10.010157585144043,6.4697265625,0.579833984375,-1.556396484375
18.0624999,0.26156654953956604,-0.2890998423099518,9.917980194091797,-2.685546875,0.152587890625,2.349853515625
18.0674999,0.5063736438751221,-0.3447650372982025,9.640253067016602,-2.960205078125,-0.30517578125,-2.01416015625
18.0724999,0.517746090888977,-0.3106476664543152,10.02691650390625,6.439208984375,0.213623046875,-1.0986328125
18.0774999,0.333991140127182,-0.2992752194404602,9.838972091674805,-4.0283203125,0.3662109375,2.227783203125
18.082499900000002,0.5704185366630554,-0.31364041566848755,9.618106842041016,-2.25830078125,-0.457763671875,-2.0751953125
18.0874999,0.4776432514190674,-0.23762452602386475,10.001777648925781,6.378173828125,0.244140625,-0.640869140625
18.0924999,0.31783026456832886,-0.25258827209472656,9.77791976928711,-4.69970703125,0.3662109375,2.01416015625
18.0974999,0.5386953949928284,-0.2819172441959381,9.618705749511719,-0.091552734375,0.518798828125,-2.349853515625
18.1024999,0.4345476031303406,-0.2256535142660141,10.001178741455078,5.218505859375,-0.1220703125,-0.213623046875
18.1074999,0.5093663930892944,-0.23044191300868988,9.634267807006836,0.885009765625,-0.3662109375,-2.655029296875
18.1124999,0.3770867586135864,-0.23044191300868988,9.987412452697754,4.486083984375,0.06103515625,0.54931640625
18.117499900000002,0.2795230448246002,-0.20769700407981873,9.622895240783691,-5.615234375,-0.091552734375,1.3427734375
18.1224999,0.2795230448246002,-0.20769700407981873,9.622895240783691,-5.615234375,-0.091552734375,1.3427734375
18.1274999,0.4704606235027313,-0.20111294090747833,9.670180320739746,2.410888671875,0.091552734375,-2.8076171875
18.1324999,0.37469255924224854,-0.26396074891090393,9.979032516479492,3.662109375,-0.152587890625,1.03759765625
18.1374999,0.3208230137825012,-0.2561795711517334,9.587580680847168,-6.622314453125,-0.152587890625,1.03759765625
18.1424999,0.5476736426353455,-0.32381579279899597,9.687539100646973,3.5400390625,0.54931640625,-2.716064453125
18.1474999,0.3992331326007843,-0.3064578175544739,9.958083152770996,2.593994140625,0.274658203125,1.3427734375
18.152499900000002,0.3866635859012604,-0.28550854325294495,9.57321548461914,-5.9814453125,0.42724609375,0.335693359375
18.1574999,0.5793967843055725,-0.31783026456832886,9.807847023010254,4.730224609375,0.67138671875,-2.5634765625
18.1624999,0.5811924338340759,-0.333991140127182,9.858125686645508,5.279541015625,-0.244140625,-2.349853515625
18.1674999,0.3579331636428833,-0.27234044671058655,9.91977596282959,-0.48828125,0.213623046875,2.044677734375
18.172499900000002,0.46088382601737976,-0.25498247146606445,9.522936820983887,-4.974365234375,-0.06103515625,-0.79345703125
18.1774999,0.5620388388633728,-0.3130418658256531,9.92097282409668,6.011962890625,0.1220703125,-2.13623046875
18.1824999,0.2908954918384552,-0.21368250250816345,9.929352760314941,-1.46484375,-0.396728515625,2.197265625
18.1874999,0.46627077460289,-0.2561795711517334,9.616311073303223,-3.753662109375,0.3662109375,-1.28173828125
18.1924999,0.5219359993934631,-0.3423708379268646,10.038289070129395,6.134033203125,0.244140625,-1.708984375
18.1974999,0.29628247022628784,-0.28311434388160706,9.90241813659668,-2.8076171875,-0.274658203125,2.13623046875
18.2024999,0.5500678420066833,-0.3166331648826599,9.633668899536133,-2.288818359375,0.274658203125,-1.64794921875
18.207499900000002,0.497395396232605,-0.345363587141037,10.014347076416016,6.195068359375,0.18310546875,-1.03759765625
18.2124999,0.31783026456832886,-0.25498247146606445,9.78869342803955,-4.425048828125,-0.030517578125,2.01416015625
18.2174999,0.3250128924846649,-0.2663549482822418,9.725846290588379,-5.31005859375,-0.06103515625,1.739501953125
18.2224999,0.3250128924846649,-0.2663549482822418,9.725846290588379,-5.31005859375,-0.06103515625,1.739501953125
18.2274999,0.5392939448356628,-0.2950853705406189,9.616311073303223,-0.091552734375,0.091552734375,-2.197265625
18.2324999,0.42018240690231323,-0.2968810200691223,10.008959770202637,5.401611328125,0.396728515625,0.091552734375
18.2374999,0.31842881441116333,-0.25977087020874023,9.700108528137207,-5.706787109375,-0.152587890625,1.3427734375
18.242499900000002,0.4854243993759155,-0.2364274114370346,9.701904296875,1.46484375,0.091552734375,-2.471923828125
18.2474999,0.3645172119140625,-0.24839842319488525,10.063427925109863,4.0283203125,0.091552734375,0.762939453125
18.2524999,0.2867056429386139,-0.1999158412218094,9.68155288696289,-6.4697265625,-0.30517578125,0.885009765625
18.2574999,0.49559974670410156,-0.2645592987537384,9.719860076904297,2.838134765625,0.274658203125,-2.655029296875
18.2624999,0.3926490843296051,-0.2663549482822418,9.983222961425781,3.5400390625,0.18310546875,1.373291015625
18.2674999,0.3447650372982025,-0.2687491476535797,9.57321548461914,-6.439208984375,0.030517578125,0.823974609375
18.2724999,0.5602431893348694,-0.30226796865463257,9.736021041870117,3.72314453125,0.030517578125,-2.899169921875
18.277499900000002,0.3758896589279175,-0.2585737705230713,9.596558570861816,-5.615234375,-0.30517578125,0.091552734375
18.2824999,0.5644330382347107,-0.3148375153541565,9.844358444213867,4.974365234375,-0.030517578125,-2.593994140625
18.2874999,0.35015198588371277,-0.2753331959247589,9.979032516479492,0.274658203125,0.152587890625,1.678466796875
18.2924999,0.4423287510871887,-0.2777273952960968,9.537900924682617,-5.218505859375,0.152587890625,-0.579833984375
18.297499900000002,0.579995334148407,-0.3513490855693817,9.86231517791748,5.37109375,0.1220703125,-2.0751953125
18.3024999,0.32680854201316833,-0.24839842319488525,9.889848709106445,-0.946044921875,0.030517578125,2.105712890625
18.3074999,0.4471171796321869,-0.2645592987537384,9.55825138092041,-4.730224609375,-0.457763671875,-0.91552734375
18.3124999,0.52552729845047,-0.33279404044151306,9.996390342712402,6.40869140625,0.335693359375,-1.617431640625
18.3174999,0.2687491476535797,-0.24241292476654053,9.965266227722168,-2.288818359375,0.274658203125,2.13623046875
18.3224999,0.5003881454467773,-0.2968810200691223,9.673172950744629,-3.082275390625,-0.091552734375,-1.739501953125
18.3274999,0.5141547918319702,-0.34356793761253357,10.07779312133789,6.805419921875,0.42724609375,-1.251220703125
18.332499900000002,0.31783026456832886,-0.2693476974964142,9.876082420349121,-3.509521484375,0.18310546875,2.01416015625
18.3374999,0.47465047240257263,-0.3034650683403015,10.029311180114746,5.859375,0.030517578125,-0.67138671875
18.3424999,0.3196259140968323,-0.2346317619085312,9.80904483795166,-4.486083984375,-0.48828125,2.0751953125
18.3474999,0.5512649416923523,-0.2783259451389313,9.646238327026367,-0.579833984375,0.213623046875,-2.349853515625
18.3524999,0.4489128291606903,-0.29628247022628784,10.022727012634277,5.584716796875,0.48828125,-0.091552734375
18.3574999,0.3411737382411957,-0.26815059781074524,9.717466354370117,-5.37109375,0.18310546875,1.89208984375
18.3624999,0.5273229479789734,-0.27892449498176575,9.641449928283691,0.18310546875,-1.007080078125,-2.62451171875
18.367499900000002,0.3926490843296051,-0.26755204796791077,9.986215591430664,5.06591796875,-0.213623046875,0.213623046875
18.3724999,0.29568392038345337,-0.22086510062217712,9.63067626953125,-5.67626953125,0.1220703125,1.52587890625
18.3774999,0.4776432514190674,-0.23104046285152435,9.640851974487305,2.62451171875,0.946044921875,-2.410888671875
18.3824999,0.3776853084564209,-0.2519897222518921,9.954492568969727,3.662109375,0,0.640869140625
18.3874999,0.3190273642539978,-0.23942017555236816,9.565434455871582,-6.4697265625,-1.007080078125,0.701904296875
18.3924999,0.5351040959358215,-0.3016694188117981,9.6618013381958,3.631591796875,-0.244140625,-2.685546875
18.3974999,0.36750996112823486,-0.2801215946674347,9.566033363342285,-6.591796875,-0.42724609375,0.335693359375
18.402499900000002,0.5752069354057312,-0.3471592366695404,9.86111831665039,5.7373046875,0.396728515625,-2.197265625
18.4074999,0.34835633635520935,-0.2861070930957794,9.922768592834473,-0.30517578125,-0.1220703125,1.861572265625
18.4124999,0.4554968774318695,-0.27234044671058655,9.516353607177734,-5.035400390625,-0.823974609375,-0.885009765625
18.4174999,0.5530605912208557,-0.32680854201316833,9.906009674072266,6.2255859375,0.30517578125,-1.64794921875
18.422499900000002,0.284311443567276,-0.21128830313682556,9.90122127532959,-1.8310546875,0.30517578125,2.227783203125
18.4274999,0.4489128291606903,-0.25677812099456787,9.575011253356934,-4.0283203125,-0.67138671875,-1.28173828125
18.4324999,0.5057750940322876,-0.3280056416988373,9.992799758911133,6.2255859375,0.18310546875,-1.373291015625
18.4374999,0.27234044671058655,-0.27234044671058655,9.852140426635742,-2.960205078125,-0.30517578125,2.166748046875
18.4424999,0.4794389009475708,-0.3477577865123749,9.989208221435547,6.16455078125,0.213623046875,-0.8544921875
18.4474999,0.3082534670829773,-0.25258827209472656,9.78989028930664,-4.150390625,-0.1220703125,2.105712890625
18.4524999,0.5452794432640076,-0.28550854325294495,9.61451530456543,-0.79345703125,0.244140625,-2.25830078125
18.457499900000002,0.444722980260849,-0.28131869435310364,10.001777648925781,5.889892578125,-0.18310546875,-0.3662109375
18.4624999,0.3298012912273407,-0.25079262256622314,9.765350341796875,-5.2490234375,-0.06103515625,1.983642578125
18.4674999,0.5476736426353455,-0.29149407148361206,9.637859344482422,0.54931640625,0.9765625,-2.50244140625
18.4724999,0.43933600187301636,-0.29807811975479126,10.007762908935547,5.401611328125,0.274658203125,0.030517578125
18.4774999,0.333991140127182,-0.27234044671058655,9.676764488220215,-5.645751953125,-0.3662109375,1.64794921875
18.4824999,0.4854243993759155,-0.26336219906806946,9.710882186889648,2.62451171875,-0.18310546875,-2.716064453125
18.4874999,0.33698388934135437,-0.2861070930957794,9.551069259643555,-6.134033203125,0.1220703125,0.8544921875
18.492499900000002,0.5560533404350281,-0.33279404044151306,9.700706481933594,3.631591796875,-0.152587890625,-2.593994140625
18.4974999,0.37169981002807617,-0.2783259451389313,9.965864181518555,1.373291015625,-0.1220703125,1.251220703125
18.5024999,0.39205053448677063,-0.2801215946674347,9.564835548400879,-5.9814453125,-0.67138671875,-0.06103515625
18.5074999,0.5877765417098999,-0.3292027413845062,9.844358444213867,4.974365234375,-0.18310546875,-2.105712890625
18.5124999,0.36750996112823486,-0.2693476974964142,9.977835655212402,0.274658203125,0.091552734375,1.8310546875
18.5174999,0.44831427931785583,-0.28371289372444153,9.552865028381348,-5.523681640625,-0.274658203125,-0.640869140625
18.5224999,0.5638344883918762,-0.3477577865123749,9.88386344909668,5.767822265625,0.030517578125,-1.800537109375
18.527499900000002,0.2932897210121155,-0.24600422382354736,9.912593841552734,-1.068115234375,-0.091552734375,2.0751953125
18.5324999,0.4165911078453064,-0.2693476974964142,9.569623947143555,-4.302978515625,0.30517578125,-1.15966796875
18.5374999,0.49320554733276367,-0.33039984107017517,9.998186111450195,6.072998046875,-0.06103515625,-1.52587890625
18.5424999,0.2561795711517334,-0.24121582508087158,9.95209789276123,-2.532958984375,0.091552734375,2.44140625
18.547499900000002,0.5333084464073181,-0.3489548861980438,10.055646896362305,6.439208984375,0.213623046875,-1.251220703125
18.5524999,0.34356793761253357,-0.2711433470249176,9.868300437927246,-3.47900390625,0.244140625,2.471923828125
18.5574999,0.5847837924957275,-0.3016694188117981,9.633070945739746,-1.8310546875,0.579833984375,-2.01416015625
18.5624999,0.517746090888977,-0.29149407148361206,9.633070945739746,0.91552734375,-0.06103515625,-2.62451171875
18.5674999,0.3884592354297638,-0.27473464608192444,9.993996620178223,5.06591796875,0.244140625,0.213623046875
18.5724999,0.2968810200691223,-0.21966800093650818,9.648633003234863,-5.9814453125,0.030517578125,1.190185546875
18.5774999,0.48243165016174316,-0.2172738015651703,9.667187690734863,1.983642578125,0.030517578125,-2.50244140625
18.582499900000002,0.31543606519699097,-0.23343466222286224,9.568427085876465,-5.9814453125,-0.274658203125,0.701904296875
18.5874999,0.5452794432640076,-0.3166331648826599,9.658209800720215,3.509521484375,-0.457763671875,-2.593994140625
18.5924999,0.3992331326007843,-0.2974795699119568,9.940725326538086,2.685546875,-0.030517578125,1.312255859375
18.5974999,0.3944447338581085,-0.30286651849746704,9.555258750915527,-6.256103515625,-0.091552734375,0.335693359375
18.6024999,0.5997475385665894,-0.3345896899700165,9.804854393005371,4.2724609375,-0.213623046875,-2.471923828125
18.6074999,0.37888240814208984,-0.26755204796791077,10.02811336517334,0.946044921875,-0.396728515625,1.77001953125
18.6124999,0.43095630407333374,-0.2849099934101105,9.594164848327637,-5.706787109375,0.152587890625,-0.30517578125
18.617499900000002,0.5925649404525757,-0.33997663855552673,9.876082420349121,5.43212890625,0.030517578125,-2.50244140625
18.6224999,0.35254621505737305,-0.2759317457675934,9.944915771484375,-0.518798828125,0.213623046875,2.0751953125
18.6274999,0.45010992884635925,-0.27234044671058655,9.552865028381348,-4.791259765625,0.396728515625,-0.640869140625
18.6324999,0.5446808934211731,-0.32860419154167175,9.962273597717285,6.2255859375,0.396728515625,-2.044677734375
18.6374999,0.2735375463962555,-0.21847090125083923,9.982624053955078,-1.556396484375,-0.3662109375,1.983642578125
18.6424999,0.3274070918560028,-0.26336219906806946,9.82640266418457,-4.5166015625,-0.030517578125,2.0751953125
18.6474999,0.5632359385490417,-0.29568392038345337,9.642048835754395,-1.77001953125,-0.579833984375,-2.0751953125
18.652499900000002,0.45250412821769714,-0.2885012924671173,10.007762908935547,5.706787109375,-0.091552734375,-0.3662109375
18.6574999,0.33099839091300964,-0.25917232036590576,9.750985145568848,-5.18798828125,-0.244140625,1.800537109375
18.6624999,0.5351040959358215,-0.3100491166114807,9.633070945739746,0.3662109375,0.213623046875,-2.410888671875
18.6674999,0.4106055796146393,-0.3016694188117981,10.011953353881836,5.4931640625,0.6103515625,0.06103515625
18.672499900000002,0.3082534670829773,-0.27892449498176575,9.689932823181152,-5.55419921875,0.18310546875,1.495361328125
18.6774999,0.4800374507904053,-0.26096799969673157,9.704896926879883,1.861572265625,0.701904296875,-2.5634765625
18.6824999,0.36152446269989014,-0.24779987335205078,10.06701946258545,4.39453125,0.18310546875,0.732421875
18.6874999,0.29209262132644653,-0.21009120345115662,9.676166534423828,-5.950927734375,-0.30517578125,0.946044921875
18.6924999,0.5063736438751221,-0.2759317457675934,9.727641105651855,2.9296875,0.30517578125,-2.685546875
18.6974999,0.40462008118629456,-0.272938996553421,9.974244117736816,2.99072265625,0.579833984375,1.373291015625
18.7024999,0.3603273630142212,-0.2950853705406189,9.551667213439941,-5.92041015625,0.396728515625,0.67138671875
18.707499900000002,0.5722141861915588,-0.33698388934135437,9.727043151855469,4.150390625,-0.213623046875,-2.838134765625
18.7124999,0.3663128614425659,-0.28072014451026917,9.986215591430664,1.77001953125,-0.42724609375,1.495361328125
18.7174999,0.38486793637275696,-0.2801215946674347,9.591172218322754,-5.889892578125,-0.6103515625,0.18310546875
18.7224999,0.3531447649002075,-0.28072014451026917,9.985017776489258,0,0.152587890625,1.77001953125
18.7274999,0.4513070285320282,-0.2932897210121155,9.551667213439941,-5.157470703125,-0.42724609375,-0.518798828125
18.7324999,0.4513070285320282,-0.2932897210121155,9.551667213439941,-5.157470703125,-0.42724609375,-0.518798828125
18.7374999,0.5793967843055725,-0.3585317134857178,9.889848709106445,6.16455078125,0.335693359375,-2.105712890625
18.742499900000002,0.4644751250743866,-0.25677812099456787,9.551069259643555,-4.33349609375,0.213623046875,-1.0986328125
18.7474999,0.5339069962501526,-0.31124621629714966,9.97603988647461,6.2255859375,0.335693359375,-1.495361328125
18.7524999,0.2890998423099518,-0.23343466222286224,9.889848709106445,-2.838134765625,0.091552734375,2.166748046875
18.7574999,0.5261258482933044,-0.2932897210121155,9.62828254699707,-3.509521484375,-0.42724609375,-1.739501953125
18.7624999,0.5129576921463013,-0.34835633635520935,10.019734382629395,6.40869140625,-0.030517578125,-1.007080078125
18.7674999,0.3166331648826599,-0.27054479718208313,9.847352027893066,-4.08935546875,-0.30517578125,2.227783203125
18.7724999,0.5602431893348694,-0.304063618183136,9.638457298278809,-1.983642578125,-0.54931640625,-2.3193359375
18.777499900000002,0.4578910768032074,-0.29568392038345337,10.022128105163574,6.256103515625,0.335693359375,-0.6103515625
18.7824999,0.3280056416988373,-0.24181437492370605,9.786299705505371,-5.035400390625,0.42724609375,2.0751953125
18.7874999,0.5548562407493591,-0.2974795699119568,9.626486778259277,-0.091552734375,0.6103515625,-2.532958984375
18.7924999,0.4531026780605316,-0.3016694188117981,9.99220085144043,5.523681640625,0.091552734375,0
18.797499900000002,0.3794809579849243,-0.25318682193756104,10.039485931396484,4.547119140625,0.030517578125,0.579833984375
18.8024999,0.36990416049957275,-0.2406172752380371,9.99220085144043,3.35693359375,0.274658203125,1.251220703125
18.8074999,0.36990416049957275,-0.2406172752380371,9.99220085144043,3.35693359375,0.274658203125,1.251220703125
18.8124999,0.3280056416988373,-0.25677812099456787,9.582792282104492,-5.950927734375,0.152587890625,0.67138671875
18.8174999,0.5440823435783386,-0.3298012912273407,9.693524360656738,3.509521484375,-0.67138671875,-2.62451171875
18.8224999,0.37888240814208984,-0.2783259451389313,9.953893661499023,2.166748046875,-0.335693359375,1.52587890625
18.8274999,0.38546648621559143,-0.28072014451026917,9.52114200592041,-6.2255859375,-0.457763671875,0.18310546875
18.832499900000002,0.585382342338562,-0.3124433159828186,9.78989028930664,4.791259765625,0.30517578125,-2.349853515625
18.8374999,0.3669114112854004,-0.26396074891090393,9.946710586547852,0.48828125,0.213623046875,2.044677734375
18.8424999,0.4489128291606903,-0.27892449498176575,9.536105155944824,-5.55419921875,-0.18310546875,-0.518798828125
18.8474999,0.46088382601737976,-0.26156654953956604,9.53969669342041,-4.0283203125,0.48828125,-1.007080078125
18.8524999,0.46088382601737976,-0.26156654953956604,9.53969669342041,-4.0283203125,0.48828125,-1.007080078125
18.8574999,0.5351040959358215,-0.3064578175544739,9.975440979003906,6.195068359375,-0.18310546875,-1.739501953125
18.8624999,0.2735375463962555,-0.22026655077934265,9.943120002746582,-2.288818359375,-0.091552734375,2.288818359375
18.867499900000002,0.4944026470184326,-0.284311443567276,9.650428771972656,-3.173828125,0.18310546875,-1.52587890625
18.8724999,0.5069721937179565,-0.3411737382411957,10.04427433013916,6.591796875,0.518798828125,-1.251220703125
18.8774999,0.3058592677116394,-0.2801215946674347,9.838373184204102,-3.60107421875,0.091552734375,2.166748046875
18.8824999,0.5500678420066833,-0.30286651849746704,9.601945877075195,-2.62451171875,-0.48828125,-1.89208984375
18.8874999,0.4602852761745453,-0.3064578175544739,9.979631423950195,6.28662109375,0.396728515625,-0.6103515625
18.8924999,0.3058592677116394,-0.23762452602386475,9.761758804321289,-4.425048828125,-0.030517578125,1.983642578125
18.8974999,0.5339069962501526,-0.28371289372444153,9.609128952026367,-0.9765625,-0.54931640625,-2.288818359375
18.902499900000002,0.43275195360183716,-0.28730419278144836,9.992799758911133,5.7373046875,-0.030517578125,-0.213623046875
18.9074999,0.5039794445037842,-0.2759317457675934,9.6618013381958,1.068115234375,0.518798828125,-2.471923828125
18.9124999,0.375291109085083,-0.2513911724090576,10.022128105163574,4.852294921875,0.579833984375,0.3662109375
18.9174999,0.27473464608192444,-0.2041056901216507,9.649829864501953,-5.828857421875,-0.1220703125,1.220703125
18.922499900000002,0.46507367491722107,-0.22685061395168304,9.661202430725098,2.410888671875,0.091552734375,-2.62451171875
18.9274999,0.3693056106567383,-0.23343466222286224,9.94970417022705,4.21142578125,0.06103515625,1.03759765625
18.9324999,0.3166331648826599,-0.24600422382354736,9.557653427124023,-5.889892578125,-0.274658203125,0.701904296875
18.9374999,0.5374982953071594,-0.32202014327049255,9.67077922821045,3.082275390625,-0.335693359375,-2.5634765625
18.9424999,0.3776853084564209,-0.28371289372444153,9.9371337890625,2.13623046875,0.3662109375,1.52587890625
18.9474999,0.3669114112854004,-0.2998737692832947,9.545083999633789,-5.828857421875,0.42724609375,0.213623046875
18.9524999,0.5620388388633728,-0.31603461503982544,9.77013874053955,4.82177734375,0.42724609375,-2.5634765625
18.957499900000002,0.35015198588371277,-0.25677812099456787,9.97065258026123,0.79345703125,0.091552734375,1.861572265625
18.9624999,0.34416648745536804,-0.2711433470249176,9.903017044067383,-0.30517578125,-0.030517578125,1.89208984375
18.9674999,0.45429977774620056,-0.292691171169281,9.536704063415527,-4.364013671875,0.335693359375,-0.762939453125
18.9724999,0.535702645778656,-0.3513490855693817,9.96825885772705,6.378173828125,0.48828125,-1.800537109375
18.9774999,0.2711433470249176,-0.24779987335205078,9.95748519897461,-2.288818359375,0.244140625,2.227783203125
18.9824999,0.4794389009475708,-0.30526071786880493,9.645041465759277,-4.08935546875,-0.335693359375,-1.40380859375
18.9874999,0.5135562419891357,-0.35494041442871094,10.04846477508545,6.28662109375,0.3662109375,-1.373291015625
18.992499900000002,0.3082534670829773,-0.29807811975479126,9.848548889160156,-3.35693359375,-0.06103515625,2.105712890625
18.9974999,0.5506663918495178,-0.32620999217033386,9.606135368347168,-2.471923828125,-0.244140625,-1.983642578125
19.0024999,0.46986207365989685,-0.32620999217033386,9.968857765197754,6.4697265625,-0.18310546875,-0.91552734375
19.0074999,0.2998737692832947,-0.24001872539520264,9.73542308807373,-4.39453125,-0.396728515625,2.166748046875
19.0124999,0.5339069962501526,-0.2861070930957794,9.571419715881348,-1.007080078125,-0.3662109375,-2.25830078125
19.0174999,0.4405331015586853,-0.2717418968677521,9.95209789276123,5.706787109375,0.244140625,-0.30517578125
19.0224999,0.5297171473503113,-0.28371289372444153,9.636661529541016,0.9765625,0.823974609375,-2.471923828125
19.027499900000002,0.40282443165779114,-0.26755204796791077,9.999981880187988,4.791259765625,0.396728515625,0.30517578125
19.0324999,0.2998737692832947,-0.228047713637352,9.644442558288574,-5.9814453125,-0.213623046875,1.190185546875
19.0374999,0.48303020000457764,-0.23104046285152435,9.655217170715332,1.953125,-0.335693359375,-2.716064453125
19.0424999,0.37828385829925537,-0.24001872539520264,9.9772367477417,3.7841796875,-0.3662109375,0.823974609375
19.047499900000002,0.3166331648826599,-0.2388216257095337,9.585186958312988,-6.40869140625,-0.244140625,0.79345703125
19.0524999,0.5267243981361389,-0.3172317147254944,9.677363395690918,3.5400390625,0.42724609375,-2.593994140625
19.0574999,0.38307225704193115,-0.2950853705406189,9.950302124023438,2.44140625,0.396728515625,1.495361328125
19.0624999,0.3603273630142212,-0.2992752194404602,9.561244010925293,-6.011962890625,-0.030517578125,0.3662109375
19.0674999,0.557250440120697,-0.33339259028434753,9.781511306762695,4.33349609375,-0.1220703125,-2.50244140625
19.0724999,0.34596213698387146,-0.26096799969673157,10.000580787658691,1.15966796875,0.06103515625,1.556396484375
19.0774999,0.4076128304004669,-0.2753331959247589,9.551667213439941,-5.43212890625,-0.640869140625,-0.244140625
19.082499900000002,0.3531447649002075,-0.27413609623908997,9.910798072814941,-0.213623046875,0.18310546875,1.922607421875
19.0874999,0.45848962664604187,-0.28730419278144836,9.537900924682617,-4.302978515625,0.67138671875,-0.579833984375
19.0924999,0.5464765429496765,-0.3429693877696991,9.942521095275879,6.072998046875,-0.1220703125,-1.89208984375
19.0974999,0.27054479718208313,-0.24001872539520264,9.93474006652832,-2.197265625,-0.1220703125,2.105712890625
19.1024999,0.4554968774318695,-0.28790274262428284,9.59596061706543,-3.47900390625,0.091552734375,-1.251220703125
19.1074999,0.4991910457611084,-0.3429693877696991,10.004171371459961,6.16455078125,-0.18310546875,-1.3427734375
19.1124999,0.28550854325294495,-0.2849099934101105,9.84256362915039,-3.387451171875,-0.244140625,2.0751953125
19.117499900000002,0.5410895943641663,-0.31543606519699097,9.61571216583252,-2.685546875,-0.701904296875,-1.708984375
19.1224999,0.3130418658256531,-0.2454056739807129,9.809642791748047,-4.08935546875,0.274658203125,1.983642578125
19.1274999,0.5482721924781799,-0.28550854325294495,9.640851974487305,-0.762939453125,0.518798828125,-2.01416015625
19.1324999,0.45250412821769714,-0.27054479718208313,10.015543937683105,5.859375,0.18310546875,-0.18310546875
19.1374999,0.5374982953071594,-0.26575639843940735,9.658209800720215,0.3662109375,0.48828125,-2.3193359375
19.1424999,0.4076128304004669,-0.24121582508087158,10.026318550109863,4.730224609375,0.091552734375,0.30517578125
19.1474999,0.30466216802597046,-0.21847090125083923,9.690531730651855,-6.34765625,-0.335693359375,1.190185546875
19.152499900000002,0.47824180126190186,-0.21368250250816345,9.696516990661621,1.800537109375,-0.244140625,-2.62451171875
19.1574999,0.36750996112823486,-0.22445641458034515,10.033500671386719,4.08935546875,-0.18310546875,0.823974609375
19.1624999,0.3058592677116394,-0.2214636504650116,9.623494148254395,-6.439208984375,-0.518798828125,0.732421875
19.1674999,0.5219359993934631,-0.2992752194404602,9.696516990661621,3.265380859375,0.30517578125,-2.50244140625
19.172499900000002,0.3902548849582672,-0.2902969419956207,9.938929557800293,2.777099609375,0.42724609375,1.40380859375
19.1774999,0.36092591285705566,-0.29867666959762573,9.5408935546875,-6.2255859375,-0.030517578125,0.152587890625
19.1824999,0.5524620413780212,-0.322618693113327,9.740809440612793,4.180908203125,-0.1220703125,-2.410888671875
19.1874999,0.3363853394985199,-0.26096799969673157,9.965266227722168,1.03759765625,0.152587890625,1.8310546875
19.1924999,0.3770867586135864,-0.26815059781074524,9.532513618469238,-5.92041015625,-0.30517578125,-0.213623046875
19.1974999,0.4279635548591614,-0.29209262132644653,9.509769439697266,-4.7607421875,0.18310546875,-0.67138671875
19.2024999,0.5291185975074768,-0.34416648745536804,9.90241813659668,6.683349609375,0.54931640625,-1.861572265625
19.207499900000002,0.26575639843940735,-0.2364274114370346,9.92097282409668,-1.495361328125,0.030517578125,2.044677734375
19.2124999,0.4489128291606903,-0.2795230448246002,9.598953247070312,-4.302978515625,-0.54931640625,-1.190185546875
19.2174999,0.5159504413604736,-0.3292027413845062,10.041281700134277,6.683349609375,0.732421875,-1.46484375
19.2224999,0.30047231912612915,-0.27712884545326233,9.901819229125977,-3.326416015625,0.244140625,2.0751953125
19.2274999,0.5680243372917175,-0.3214215636253357,9.670180320739746,-2.655029296875,0.457763671875,-1.739501953125
19.2324999,0.50876784324646,-0.3345896899700165,10.070611000061035,6.317138671875,0.18310546875,-0.762939453125
19.2374999,0.3315969407558441,-0.2519897222518921,9.834183692932129,-4.2724609375,-0.274658203125,1.89208984375
19.242499900000002,0.5566518902778625,-0.2885012924671173,9.658209800720215,-1.312255859375,-0.091552734375,-2.288818359375
19.2474999,0.43993455171585083,-0.2759317457675934,10.003573417663574,5.828857421875,-0.091552734375,-0.213623046875
19.2524999,0.5219359993934631,-0.29807811975479126,9.617507934570312,0.091552734375,-0.579833984375,-2.74658203125
19.2574999,0.3998316824436188,-0.28730419278144836,9.992799758911133,5.2490234375,0,0.152587890625
19.2624999,0.3058592677116394,-0.2537853717803955,9.642647743225098,-5.7373046875,0.091552734375,1.46484375
19.2674999,0.4812345504760742,-0.24361002445220947,9.667786598205566,2.227783203125,0.244140625,-2.685546875
19.2724999,0.3705027103424072,-0.23403321206569672,10.013150215148926,3.96728515625,0.396728515625,0.946044921875
19.277499900000002,0.29628247022628784,-0.2232593148946762,9.615114212036133,-6.195068359375,0.152587890625,0.946044921875
19.2824999,0.35913026332855225,-0.28131869435310364,9.560646057128906,-6.317138671875,-0.30517578125,0.244140625
19.2874999,0.5566518902778625,-0.30286651849746704,9.77672290802002,4.5166015625,0.457763671875,-2.410888671875
19.2924999,0.34656068682670593,-0.22924481332302094,10.02452278137207,1.373291015625,0.396728515625,1.77001953125
19.297499900000002,0.3968389332294464,-0.24899697303771973,9.57860279083252,-5.7373046875,-0.18310546875,-0.30517578125
19.3024999,0.5734112858772278,-0.32202014327049255,9.864110946655273,5.31005859375,-0.1220703125,-2.197265625
19.3074999,0.34596213698387146,-0.2717418968677521,9.931747436523438,-0.244140625,-0.1220703125,1.89208984375
19.3124999,0.4423287510871887,-0.2908954918384552,9.533112525939941,-4.791259765625,-0.48828125,-0.8544921875
19.3174999,0.5392939448356628,-0.345363587141037,9.911994934082031,5.950927734375,-0.335693359375,-1.8310546875
19.3224999,0.27054479718208313,-0.22864626348018646,9.922768592834473,-1.800537109375,-0.244140625,2.01416015625
19.3274999,0.45669397711753845,-0.2651578485965729,9.573814392089844,-3.96728515625,0.06103515625,-1.40380859375
19.332499900000002,0.5201402902603149,-0.32022446393966675,10.003573417663574,6.500244140625,0.30517578125,-1.312255859375
19.3374999,0.3016694188117981,-0.2603694200515747,9.847949981689453,-3.2958984375,0.335693359375,2.166748046875
19.3424999,0.5614402890205383,-0.3148375153541565,9.61571216583252,-2.44140625,0.3662109375,-2.044677734375
19.3474999,0.49559974670410156,-0.33339259028434753,9.99220085144043,6.04248046875,0.30517578125,-0.885009765625
19.3524999,0.32202014327049255,-0.25258827209472656,9.786299705505371,-4.69970703125,0.213623046875,2.105712890625
19.3574999,0.5554547905921936,-0.28550854325294495,9.5809965133667,-1.190185546875,0,-2.13623046875
19.3624999,0.3345896899700165,-0.24779987335205078,9.697115898132324,-5.035400390625,0.091552734375,1.708984375
19.367499900000002,0.5303156971931458,-0.2801215946674347,9.59715747833252,0,-0.48828125,-2.288818359375
19.3724999,0.4058171808719635,-0.26396074891090393,9.99339771270752,5.218505859375,-0.030517578125,0.335693359375
19.3774999,0.3100491166114807,-0.2454056739807129,9.66419506072998,-5.645751953125,-0.3662109375,1.28173828125
19.3824999,0.4884171485900879,-0.24480712413787842,9.699509620666504,2.593994140625,0.762939453125,-2.655029296875
19.3874999,0.4884171485900879,-0.24480712413787842,9.699509620666504,2.593994140625,0.762939453125,-2.655029296875
19.3924999,0.3842693865299225,-0.23822307586669922,10.053851127624512,3.96728515625,-0.274658203125,0.732421875
19.3974999,0.3130418658256531,-0.24121582508087158,9.661202430725098,-6.591796875,-0.762939453125,0.885009765625
19.402499900000002,0.5219359993934631,-0.3100491166114807,9.728838920593262,3.662109375,0.54931640625,-2.38037109375
19.4074999,0.38307225704193115,-0.28311434388160706,9.983820915222168,2.716064453125,-0.06103515625,1.312255859375
19.4124999,0.353743314743042,-0.30047231912612915,9.564237594604492,-6.378173828125,-0.48828125,0
19.4174999,0.5548562407493591,-0.3166331648826599,9.758766174316406,4.82177734375,0.48828125,-2.3193359375
19.422499900000002,0.5781996846199036,-0.33039984107017517,9.81024169921875,5.340576171875,0.274658203125,-2.349853515625
19.4274999,0.35075053572654724,-0.272938996553421,9.86351203918457,-0.48828125,0.48828125,2.13623046875
19.4324999,0.45250412821769714,-0.2783259451389313,9.476250648498535,-5.035400390625,0.48828125,-0.67138671875
19.4374999,0.5494692921638489,-0.3280056416988373,9.885659217834473,6.2255859375,0.3662109375,-1.89208984375
19.4424999,0.2711433470249176,-0.21428105235099792,9.910798072814941,-1.953125,-0.091552734375,2.25830078125
19.4474999,0.46327802538871765,-0.26815059781074524,9.61331844329834,-4.302978515625,-0.579833984375,-1.556396484375
19.4524999,0.5069721937179565,-0.3232172429561615,10.04427433013916,6.500244140625,0.42724609375,-1.64794921875
19.457499900000002,0.2950853705406189,-0.27234044671058655,9.886856079101562,-3.173828125,0.030517578125,2.25830078125
19.4624999,0.5476736426353455,-0.32860419154167175,9.646238327026367,-2.685546875,-0.1220703125,-1.739501953125
19.4674999,0.4908113479614258,-0.3250128924846649,10.039485931396484,6.103515625,0.06103515625,-1.0986328125
19.4724999,0.3190273642539978,-0.25677812099456787,9.820416450500488,-4.57763671875,-0.457763671875,2.044677734375
19.4774999,0.5273229479789734,-0.29209262132644653,9.619303703308105,0.91552734375,0.42724609375,-2.410888671875
19.4824999,0.40282443165779114,-0.2579752206802368,9.988609313964844,5.31005859375,0.274658203125,0.335693359375
19.4874999,0.30047231912612915,-0.23104046285152435,9.607931137084961,-5.889892578125,0,1.15966796875
19.492499900000002,0.4854243993759155,-0.22864626348018646,9.640851974487305,2.38037109375,-0.213623046875,-2.685546875
19.4974999,0.38307225704193115,-0.22924481332302094,9.962871551513672,3.7841796875,-0.396728515625,1.007080078125
19.5024999,0.32202014327049255,-0.24420857429504395,9.584588050842285,-6.591796875,-1.03759765625,0.54931640625
19.5074999,0.5440823435783386,-0.32441434264183044,9.6803560256958,3.570556640625,-0.274658203125,-2.74658203125
19.5124999,0.3884592354297638,-0.2944868206977844,9.936535835266113,2.74658203125,0.152587890625,1.556396484375
19.5174999,0.375291109085083,-0.314238965511322,9.534908294677734,-6.16455078125,-0.06103515625,0.335693359375
19.5224999,0.35673606395721436,-0.2861070930957794,9.881468772888184,-0.274658203125,0.274658203125,2.0751953125
19.527499900000002,0.4513070285320282,-0.3082534670829773,9.489418029785156,-4.425048828125,0.396728515625,-1.007080078125
19.5324999,0.5386953949928284,-0.3363853394985199,9.889249801635742,6.53076171875,0.640869140625,-1.800537109375
19.5374999,0.2603694200515747,-0.22685061395168304,9.889848709106445,-2.01416015625,0.1220703125,2.38037109375
19.5424999,0.48303020000457764,-0.25677812099456787,9.59596061706543,-3.936767578125,-0.030517578125,-1.434326171875
19.547499900000002,0.5081692934036255,-0.304063618183136,10.045472145080566,6.65283203125,0.54931640625,-1.373291015625
19.5524999,0.30226796865463257,-0.26575639843940735,9.858723640441895,-3.23486328125,0.30517578125,2.44140625
19.5574999,0.5476736426353455,-0.32022446393966675,9.634267807006836,-1.861572265625,0.732421875,-1.983642578125
19.5624999,0.46148237586021423,-0.3208230137825012,10.001777648925781,6.195068359375,0.1220703125,-0.946044921875
19.5674999,0.3064578175544739,-0.25498247146606445,9.779715538024902,-5.096435546875,-0.18310546875,2.288818359375
19.5724999,0.44412440061569214,-0.2621650993824005,9.971251487731934,5.401611328125,-0.091552734375,-0.457763671875
19.5774999,0.3447650372982025,-0.26096799969673157,9.66958236694336,-5.889892578125,-0.244140625,1.800537109375
19.582499900000002,0.5123591423034668,-0.2795230448246002,9.593565940856934,0.67138671875,-0.244140625,-2.655029296875
19.5874999,0.3860650360584259,-0.26396074891090393,9.965266227722168,4.82177734375,0.274658203125,0.18310546875
19.5924999,0.27712884545326233,-0.23822307586669922,9.596558570861816,-6.195068359375,0.030517578125,1.3427734375
19.5974999,0.4734533727169037,-0.25917232036590576,9.634267807006836,2.105712890625,0.213623046875,-2.532958984375
19.6024999,0.5339069962501526,-0.3208230137825012,9.70310115814209,3.47900390625,0.030517578125,-2.716064453125
19.6074999,0.36332011222839355,-0.2717418968677521,9.961075782775879,2.0751953125,0.335693359375,1.373291015625
19.6124999,0.363918662071228,-0.3034650683403015,9.569025993347168,-6.011962890625,-0.06103515625,0.213623046875
19.617499900000002,0.5650315880775452,-0.3034650683403015,9.815628051757812,5.0048828125,0.274658203125,-2.349853515625
19.6224999,0.44173020124435425,-0.23942017555236816,9.532513618469238,-5.7373046875,-0.18310546875,-0.48828125
19.6274999,0.5889736413955688,-0.2974795699119568,9.864110946655273,5.859375,0.335693359375,-1.983642578125
19.6324999,0.3387795388698578,-0.22744916379451752,9.86650562286377,-0.9765625,0.091552734375,2.0751953125
19.6374999,0.4572925269603729,-0.27892449498176575,9.501389503479004,-4.241943359375,0.42724609375,-1.220703125
19.6424999,0.5351040959358215,-0.3100491166114807,9.916184425354004,6.561279296875,0.67138671875,-1.64794921875
19.6474999,0.2753331959247589,-0.2454056739807129,9.86111831665039,-2.44140625,0.1220703125,2.13623046875
19.652499900000002,0.50876784324646,-0.3076549172401428,9.604340553283691,-3.570556640625,0.396728515625,-1.52587890625
19.6574999,0.5153518915176392,-0.3196259140968323,10.022727012634277,6.2255859375,-0.213623046875,-1.28173828125
19.6624999,0.3196259140968323,-0.29628247022628784,9.86889934539795,-4.2724609375,-0.396728515625,2.288818359375
19.6674999,0.5596446394920349,-0.35015198588371277,9.66299819946289,-1.77001953125,-0.1220703125,-2.105712890625
19.672499900000002,0.4668693244457245,-0.292691171169281,10.051457405090332,6.28662109375,0.030517578125,-0.762939453125
19.6774999,0.31783026456832886,-0.2735375463962555,9.814431190490723,-4.913330078125,-0.518798828125,1.800537109375
19.6824999,0.5093663930892944,-0.2711433470249176,9.594164848327637,1.28173828125,-0.244140625,-2.50244140625
19.6874999,0.3794809579849243,-0.2124854028224945,9.958083152770996,4.45556640625,-0.091552734375,0.54931640625
19.6924999,0.284311443567276,-0.243011474609375,9.59596061706543,-6.40869140625,-0.335693359375,1.251220703125
19.6974999,0.4800374507904053,-0.2364274114370346,9.66539192199707,3.173828125,0.762939453125,-2.593994140625
19.7024999,0.37409400939941406,-0.2454056739807129,9.991601943969727,3.265380859375,0.213623046875,1.068115234375
19.707499900000002,0.32441434264183044,-0.2950853705406189,9.584588050842285,-6.103515625,0.091552734375,0.732421875
19.7124999,0.5386953949928284,-0.3016694188117981,9.757569313049316,3.90625,-0.48828125,-2.532958984375
19.7174999,0.35075053572654724,-0.29149407148361206,10.013748168945312,1.800537109375,0,1.46484375
19.7224999,0.37229835987091064,-0.292691171169281,9.591172218322754,-5.43212890625,0.30517578125,-0.1220703125
19.7274999,0.5752069354057312,-0.3196259140968323,9.855731010437012,5.035400390625,-0.396728515625,-2.3193359375
19.7324999,0.3621230125427246,-0.28371289372444153,9.966463088989258,0.244140625,-0.335693359375,1.8310546875
19.7374999,0.4620809257030487,-0.27712884545326233,9.534309387207031,-5.279541015625,0.1220703125,-0.579833984375
19.742499900000002,0.5829881429672241,-0.32860419154167175,9.86351203918457,5.950927734375,0.762939453125,-1.89208984375
19.7474999,0.3148375153541565,-0.243011474609375,9.867103576660156,-1.28173828125,0.274658203125,1.983642578125
19.7524999,0.45010992884635925,-0.272938996553421,9.50857162475586,-4.180908203125,-0.48828125,-1.220703125
19.7574999,0.5111620426177979,-0.32381579279899597,9.944915771484375,6.744384765625,0.091552734375,-1.617431640625
19.7624999,0.26994624733924866,-0.25677812099456787,9.864709854125977,-2.349853515625,-0.335693359375,2.13623046875
19.7674999,0.518943190574646,-0.30466216802597046,9.621099472045898,-2.86865234375,0.091552734375,-1.46484375
19.7724999,0.49320554733276367,-0.31603461503982544,10.041281700134277,6.2255859375,-0.152587890625,-1.15966796875
19.777499900000002,0.3076549172401428,-0.2561795711517334,9.824606895446777,-4.241943359375,-0.48828125,1.953125
19.7824999,0.5446808934211731,-0.3106476664543152,9.651625633239746,-1.5869140625,-0.30517578125,-2.3193359375
19.7874999,0.44592007994651794,-0.284311443567276,10.001777648925781,6.28662109375,-0.091552734375,-0.579833984375
19.7924999,0.3232172429561615,-0.2735375463962555,9.785700798034668,-4.913330078125,-0.274658203125,1.953125
19.797499900000002,0.4878185987472534,-0.24480712413787842,9.610923767089844,1.46484375,-0.396728515625,-2.777099609375
19.8024999,0.3669114112854004,-0.21368250250816345,9.964069366455078,4.608154296875,0.3662109375,0.640869140625
19.8074999,0.28550854325294495,-0.22505496442317963,9.600749015808105,-5.950927734375,0.30517578125,1.28173828125
19.8124999,0.5033808946609497,-0.2825157940387726,9.676764488220215,3.326416015625,0.518798828125,-2.838134765625
19.8174999,0.38546648621559143,-0.24839842319488525,9.975440979003906,3.143310546875,0.274658203125,1.15966796875
19.8224999,0.3447650372982025,-0.2950853705406189,9.565434455871582,-6.28662109375,-0.030517578125,0.701904296875
19.8274999,0.5512649416923523,-0.28730419278144836,9.756970405578613,4.486083984375,0.335693359375,-2.471923828125
19.832499900000002,0.345363587141037,-0.2388216257095337,10.008959770202637,1.40380859375,0.152587890625,1.556396484375
19.8374999,0.3860650360584259,-0.2753331959247589,9.570821762084961,-5.889892578125,0.18310546875,0.213623046875
19.8424999,0.46507367491722107,-0.30047231912612915,9.557653427124023,-4.058837890625,-0.30517578125,-1.251220703125
19.8474999,0.5195417404174805,-0.3010708689689636,10.00716495513916,6.683349609375,0.6103515625,-1.434326171875
19.8524999,0.28311434388160706,-0.3214215636253357,9.891045570373535,-2.9296875,0.335693359375,2.166748046875
19.8574999,0.5297171473503113,-0.34656068682670593,9.66299819946289,-2.197265625,0.42724609375,-1.708984375
19.8624999,0.4926069974899292,-0.31124621629714966,10.046070098876953,6.256103515625,-0.1220703125,-0.732421875
19.867499900000002,0.3082534670829773,-0.28730419278144836,9.813833236694336,-4.57763671875,-0.48828125,2.13623046875
19.8724999,0.5542576909065247,-0.27413609623908997,9.596558570861816,-1.220703125,0.213623046875,-2.166748046875
19.8774999,0.44771572947502136,-0.2651578485965729,9.944915771484375,5.950927734375,-0.1220703125,-0.30517578125
19.8824999,0.5416881442070007,-0.30226796865463257,9.59835433959961,0.640869140625,0.396728515625,-2.593994140625
19.8874999,0.4207809567451477,-0.29209262132644653,9.983222961425781,5.401611328125,0,0.152587890625
19.8924999,0.322618693113327,-0.27473464608192444,9.679757118225098,-6.16455078125,-0.48828125,1.495361328125
19.8974999,0.4908113479614258,-0.22685061395168304,9.691129684448242,1.5869140625,0.06103515625,-2.685546875
19.902499900000002,0.37169981002807617,-0.23283611238002777,10.056844711303711,4.180908203125,0.48828125,0.762939453125
19.9074999,0.29807811975479126,-0.21308395266532898,9.668983459472656,-6.103515625,0.457763671875,0.91552734375
19.9124999,0.5051765441894531,-0.284311443567276,9.697115898132324,3.387451171875,0.18310546875,-2.99072265625
19.9174999,0.38726213574409485,-0.284311443567276,9.9586820602417,3.0517578125,0.213623046875,1.312255859375
19.922499900000002,0.353743314743042,-0.25019407272338867,9.992799758911133,1.434326171875,0.213623046875,1.5869140625
19.9274999,0.3968389332294464,-0.27653029561042786,9.560646057128906,-6.04248046875,-0.18310546875,-0.030517578125
19.9324999,0.4668693244457245,-0.2932897210121155,9.526528358459473,-4.7607421875,0.244140625,-0.48828125
19.9374999,0.5752069354057312,-0.33758243918418884,9.910199165344238,6.011962890625,0.335693359375,-1.983642578125
19.9424999,0.29807811975479126,-0.23044191300868988,9.90361499786377,-1.46484375,0.213623046875,2.01416015625
19.9474999,0.45669397711753845,-0.2687491476535797,9.568427085876465,-3.753662109375,0.457763671875,-1.03759765625
19.9524999,0.50876784324646,-0.3034650683403015,9.986215591430664,6.53076171875,0.18310546875,-1.495361328125
19.957499900000002,0.27892449498176575,-0.2663549482822418,9.855731010437012,-2.86865234375,0,2.044677734375
19.9624999,0.5321113467216492,-0.30705636739730835,9.605537414550781,-2.44140625,0.244140625,-1.708984375
19.9674999,0.48961424827575684,-0.3190273642539978,9.987412452697754,6.4697265625,0.579833984375,-0.946044921875
19.9724999,0.31184476613998413,-0.2579752206802368,9.774927139282227,-4.364013671875,0.152587890625,1.89208984375
19.9774999,0.5512649416923523,-0.2968810200691223,9.5809965133667,-1.64794921875,0,-1.953125
19.9824999,0.44771572947502136,-0.27054479718208313,9.955689430236816,5.92041015625,0.18310546875,-0.335693359375
19.9874999,0.314238965511322,-0.26156654953956604,9.661202430725098,-6.072998046875,-0.6103515625,1.190185546875
19.992499900000002,0.314238965511322,-0.26156654953956604,9.661202430725098,-6.072998046875,-0.6103515625,1.190185546875
19.9974999,0.47465047240257263,-0.24420857429504395,9.674968719482422,1.861572265625,0.42724609375,-2.62451171875
20.0024999,0.3603273630142212,-0.22206220030784607,10.023923873901367,4.2724609375,0.244140625,0.6103515625
20.0074999,0.2801215946674347,-0.2232593148946762,9.619902610778809,-6.103515625,-0.18310546875,0.823974609375
20.0124999,0.4967968463897705,-0.28311434388160706,9.689932823181152,3.021240234375,0,-2.685546875
20.0174999,0.38067805767059326,-0.27473464608192444,9.95329475402832,2.62451171875,0.396728515625,1.15966796875
20.0224999,0.3471592366695404,-0.30226796865463257,9.556455612182617,-6.28662109375,0,0.48828125
20.027499900000002,0.5560533404350281,-0.3232172429561615,9.746794700622559,4.0283203125,-0.18310546875,-2.288818359375
20.0324999,0.3495534360408783,-0.26396074891090393,10.010157585144043,1.220703125,0.152587890625,1.678466796875
20.0374999,0.45489832758903503,-0.27892449498176575,9.609726905822754,-4.150390625,0.091552734375,-1.007080078125
20.0424999,0.5123591423034668,-0.31603461503982544,10.051457405090332,6.40869140625,0.18310546875,-1.739501953125
20.047499900000002,0.28072014451026917,-0.2783259451389313,9.927556991577148,-3.143310546875,-0.30517578125,1.953125
20.0524999,0.536899745464325,-0.333991140127182,9.685144424438477,-3.23486328125,-0.640869140625,-1.64794921875
20.0574999,0.4944026470184326,-0.33518823981285095,10.086771965026855,6.34765625,0.18310546875,-0.946044921875
20.0624999,0.31543606519699097,-0.2825157940387726,9.851541519165039,-3.96728515625,0.030517578125,1.922607421875
20.0674999,0.5482721924781799,-0.3076549172401428,9.66539192199707,-1.03759765625,-0.213623046875,-2.3193359375
20.0724999,0.3214215636253357,-0.26815059781074524,9.7605619430542,-5.37109375,-0.213623046875,1.77001953125
20.0774999,0.5297171473503113,-0.29807811975479126,9.628880500793457,0,-0.152587890625,-2.227783203125
20.082499900000002,0.4644751250743866,-0.2579752206802368,9.676166534423828,1.3427734375,-0.42724609375,-2.471923828125
20.0874999,0.35494041442871094,-0.22505496442317963,10.026318550109863,4.08935546875,-0.030517578125,0.762939453125
20.0924999,0.28072014451026917,-0.22864626348018646,9.642647743225098,-6.317138671875,-0.640869140625,0.946044921875
20.0974999,0.5093663930892944,-0.28790274262428284,9.696516990661621,2.99072265625,-0.42724609375,-2.8076171875
20.1024999,0.39205053448677063,-0.26755204796791077,9.972448348999023,2.899169921875,0.152587890625,1.220703125
20.1074999,0.363918662071228,-0.3082534670829773,9.55825138092041,-6.134033203125,0.152587890625,0.518798828125
20.1124999,0.5590460896492004,-0.32022446393966675,9.746196746826172,4.791259765625,0.79345703125,-2.50244140625
20.117499900000002,0.3513490855693817,-0.25438392162323,9.995193481445312,1.800537109375,0.152587890625,1.495361328125
20.1224999,0.569819986820221,-0.3064578175544739,9.831191062927246,5.218505859375,-0.244140625,-2.44140625
20.1274999,0.35015198588371277,-0.2663549482822418,9.924564361572266,-0.30517578125,-0.18310546875,1.89208984375
20.1324999,0.4644751250743866,-0.2968810200691223,9.511565208435059,-4.913330078125,0.1220703125,-0.762939453125
20.1374999,0.5859808921813965,-0.33339259028434753,9.894038200378418,6.195068359375,0,-2.166748046875
20.1424999,0.3256114423274994,-0.2495955228805542,9.903017044067383,-1.28173828125,-0.091552734375,2.044677734375
20.1474999,0.4818331003189087,-0.30526071786880493,9.571419715881348,-3.662109375,0.67138671875,-1.03759765625
20.152499900000002,0.5374982953071594,-0.31184476613998413,10.003573417663574,6.622314453125,0.732421875,-1.617431640625
20.1574999,0.29149407148361206,-0.29867666959762573,9.877877235412598,-2.9296875,0.30517578125,2.197265625
20.1624999,0.5261258482933044,-0.3196259140968323,9.621698379516602,-1.312255859375,0.06103515625,-1.922607421875
20.1674999,0.3148375153541565,-0.2753331959247589,9.744999885559082,-5.0048828125,-0.06103515625,1.5869140625
20.172499900000002,0.536899745464325,-0.29388827085494995,9.606734275817871,-0.30517578125,-0.54931640625,-2.197265625
20.1774999,0.4297592043876648,-0.26336219906806946,9.980828285217285,5.4931640625,0.54931640625,0.18310546875
20.1824999,0.33279404044151306,-0.3034650683403015,9.627683639526367,-5.55419921875,0.42724609375,1.46484375
20.1874999,0.4985924959182739,-0.25079262256622314,9.625887870788574,1.861572265625,0.3662109375,-2.532958984375
20.1924999,0.3705027103424072,-0.2454056739807129,9.986215591430664,4.39453125,0.396728515625,0.6103515625
20.1974999,0.28072014451026917,-0.2406172752380371,9.619303703308105,-6.28662109375,-0.213623046875,0.9765625
20.2024999,0.4734533727169037,-0.2603694200515747,9.677363395690918,2.86865234375,-0.152587890625,-2.593994140625
20.207499900000002,0.3603273630142212,-0.2902969419956207,9.958083152770996,2.9296875,-0.152587890625,1.28173828125
20.2124999,0.32680854201316833,-0.29388827085494995,9.536704063415527,-6.256103515625,-0.732421875,0.457763671875
20.2174999,0.5416881442070007,-0.3208230137825012,9.686341285705566,4.2724609375,0.1220703125,-2.655029296875
20.2224999,0.3561375141143799,-0.2819172441959381,9.931747436523438,1.983642578125,0.335693359375,1.556396484375
20.2274999,0.3477577865123749,-0.28311434388160706,9.909002304077148,0.1220703125,0.3662109375,2.0751953125
20.2324999,0.4429273009300232,-0.2825157940387726,9.505578994750977,-5.55419921875,-0.18310546875,-0.67138671875
20.2374999,0.5680243372917175,-0.34356793761253357,9.857526779174805,5.645751953125,-0.091552734375,-2.13623046875
20.242499900000002,0.507570743560791,-0.32441434264183044,9.983820915222168,6.40869140625,0.06103515625,-1.64794921875
20.2474999,0.2603694200515747,-0.25977087020874023,9.900622367858887,-2.471923828125,0.18310546875,2.38037109375
20.2524999,0.5093663930892944,-0.30286651849746704,9.638457298278809,-2.960205078125,0.152587890625,-1.5869140625
20.2574999,0.5051765441894531,-0.34596213698387146,10.04307746887207,6.2255859375,0.18310546875,-1.0986328125
20.2624999,0.3130418658256531,-0.26815059781074524,9.82640266418457,-4.119873046875,-0.091552734375,2.0751953125
20.2674999,0.5578489899635315,-0.2932897210121155,9.624092102050781,-1.52587890625,0.06103515625,-2.13623046875
20.2724999,0.3208230137825012,-0.24001872539520264,9.761758804321289,-4.8828125,-0.457763671875,2.105712890625
20.277499900000002,0.5476736426353455,-0.27653029561042786,9.61451530456543,-0.244140625,-0.030517578125,-2.532958984375
20.2824999,0.4423287510871887,-0.2801215946674347,10.000580787658691,5.55419921875,0.244140625,-0.091552734375
20.2874999,0.34416648745536804,-0.2603694200515747,9.657610893249512,-5.767822265625,0.1220703125,1.556396484375
20.2924999,0.5135562419891357,-0.24779987335205078,9.623494148254395,0.79345703125,-0.396728515625,-2.62451171875
20.297499900000002,0.3860650360584259,-0.24361002445220947,9.983820915222168,4.241943359375,-0.18310546875,0.762939453125
20.3024999,0.2885012924671173,-0.21368250250816345,9.608530044555664,-6.195068359375,-0.579833984375,1.0986328125
20.3074999,0.4884171485900879,-0.25019407272338867,9.68155288696289,2.960205078125,0.3662109375,-2.74658203125
20.3124999,0.3902548849582672,-0.272938996553421,9.971850395202637,3.509521484375,-0.152587890625,1.007080078125
20.3174999,0.3429693877696991,-0.27653029561042786,9.57860279083252,-6.622314453125,-0.3662109375,0.579833984375
20.3224999,0.3734954595565796,-0.28072014451026917,9.999981880187988,1.617431640625,0.3662109375,1.556396484375
20.3274999,0.4321534037590027,-0.2711433470249176,9.552865028381348,-5.0048828125,0.1220703125,-0.48828125
20.332499900000002,0.5770025849342346,-0.33758243918418884,9.868300437927246,5.615234375,0.030517578125,-2.166748046875
20.3374999,0.32620999217033386,-0.243011474609375,9.906607627868652,-1.0986328125,0.3662109375,2.01416015625
20.3424999,0.444722980260849,-0.2561795711517334,9.551667213439941,-3.997802734375,0.67138671875,-1.007080078125
20.3474999,0.5261258482933044,-0.3106476664543152,9.985017776489258,6.011962890625,0.30517578125,-1.52587890625
20.3524999,0.26815059781074524,-0.2346317619085312,9.941324234008789,-2.410888671875,-0.213623046875,2.0751953125
20.3574999,0.49799394607543945,-0.28730419278144836,9.633668899536133,-3.41796875,-0.67138671875,-1.77001953125
20.3624999,0.5141547918319702,-0.34596213698387146,10.036493301391602,6.500244140625,-0.1220703125,-1.220703125
20.367499900000002,0.31364041566848755,-0.2825157940387726,9.84495735168457,-3.7841796875,0.1220703125,1.922607421875
20.3724999,0.5608417391777039,-0.3130418658256531,9.638457298278809,-1.800537109375,0.762939453125,-2.0751953125
20.3774999,0.46088382601737976,-0.3130418658256531,10.032901763916016,6.256103515625,0.79345703125,-0.457763671875
20.3824999,0.3058592677116394,-0.24600422382354736,9.807847023010254,-4.57763671875,-0.030517578125,1.983642578125
20.3874999,0.5374982953071594,-0.28311434388160706,9.640851974487305,-0.54931640625,-0.1220703125,-2.349853515625
20.3924999,0.43335050344467163,-0.28790274262428284,10.011354446411133,5.9814453125,0.396728515625,-0.213623046875
20.3974999,0.33997663855552673,-0.28371289372444153,9.711481094360352,-5.279541015625,0,1.556396484375
20.402499900000002,0.5279214978218079,-0.2902969419956207,9.668983459472656,0.885009765625,-0.18310546875,-2.44140625
20.4074999,0.40043023228645325,-0.28371289372444153,10.031704902648926,4.730224609375,0.42724609375,0.42724609375
20.4124999,0.30885201692581177,-0.2298433631658554,9.671378135681152,-5.859375,0,1.129150390625
20.4174999,0.49320554733276367,-0.243011474609375,9.691129684448242,2.349853515625,0.457763671875,-2.593994140625
20.422499900000002,0.3878606855869293,-0.24839842319488525,9.983820915222168,3.631591796875,0,0.823974609375
20.4274999,0.3274070918560028,-0.2454056739807129,9.57860279083252,-6.439208984375,-0.67138671875,0.701904296875
20.4324999,0.5351040959358215,-0.314238965511322,9.68694019317627,3.509521484375,0.091552734375,-2.532958984375
20.4374999,0.3519476354122162,-0.28371289372444153,9.543288230895996,-6.2255859375,0.48828125,0.42724609375
20.4424999,0.5476736426353455,-0.314238965511322,9.770736694335938,5.096435546875,0.640869140625,-2.50244140625
20.4474999,0.33279404044151306,-0.25019407272338867,9.96825885772705,0.8544921875,0.1220703125,1.800537109375
20.4524999,0.4213795065879822,-0.2561795711517334,9.53849983215332,-5.37109375,-0.244140625,-0.3662109375
20.457499900000002,0.5889736413955688,-0.33039984107017517,9.838972091674805,5.279541015625,-0.3662109375,-2.105712890625
20.4624999,0.3621230125427246,-0.2687491476535797,9.904213905334473,-0.54931640625,-0.06103515625,1.983642578125
20.4674999,0.47465047240257263,-0.28730419278144836,9.525331497192383,-4.638671875,0.213623046875,-0.762939453125
20.4724999,0.5590460896492004,-0.35075053572654724,9.954492568969727,6.072998046875,0.06103515625,-1.89208984375
20.4774999,0.2861070930957794,-0.243011474609375,9.948506355285645,-2.166748046875,-0.18310546875,2.25830078125
20.4824999,0.3405751883983612,-0.25917232036590576,9.706093788146973,-5.096435546875,-0.3662109375,1.678466796875
20.4874999,0.5434837937355042,-0.2819172441959381,9.622895240783691,0.885009765625,0.579833984375,-2.685546875
20.492499900000002,0.4159925580024719,-0.28969839215278625,10.013748168945312,5.18798828125,0.06103515625,0.18310546875
20.4974999,0.314238965511322,-0.2537853717803955,9.6803560256958,-6.04248046875,0.274658203125,1.46484375
20.5024999,0.4854243993759155,-0.2495955228805542,9.712079048156738,1.922607421875,-0.06103515625,-2.593994140625
20.5074999,0.375291109085083,-0.2472013235092163,10.047266960144043,3.96728515625,0.274658203125,0.91552734375
20.5124999,0.304063618183136,-0.2322375625371933,9.64803409576416,-5.9814453125,-0.18310546875,0.762939453125
20.5174999,0.5207388401031494,-0.3100491166114807,9.711481094360352,3.60107421875,0.30517578125,-2.74658203125
20.5224999,0.35913026332855225,-0.30226796865463257,9.543288230895996,-6.622314453125,-0.244140625,0.42724609375
20.527499900000002,0.5566518902778625,-0.31603461503982544,9.745597839355469,4.33349609375,0.06103515625,-2.349853515625
20.5324999,0.3495534360408783,-0.25079262256622314,9.97603988647461,0.9765625,-0.06103515625,1.617431640625
20.5374999,0.3992331326007843,-0.25677812099456787,9.552266120910645,-5.950927734375,-0.396728515625,-0.274658203125
20.5424999,0.5805938839912415,-0.3250128924846649,9.852738380432129,5.2490234375,-0.396728515625,-2.349853515625
20.547499900000002,0.5805938839912415,-0.3250128924846649,9.852738380432129,5.2490234375,-0.396728515625,-2.349853515625
20.5524999,0.3555389642715454,-0.2711433470249176,9.938331604003906,-0.244140625,-0.42724609375,1.739501953125
20.5574999,0.4578910768032074,-0.28131869435310364,9.547477722167969,-5.2490234375,-0.579833984375,-0.823974609375
20.5624999,0.2885012924671173,-0.22385786473751068,9.952696800231934,-1.8310546875,-0.06103515625,2.0751953125
20.5674999,0.456095427274704,-0.2687491476535797,9.61212158203125,-3.936767578125,-0.030517578125,-1.251220703125
20.5724999,0.5147533416748047,-0.33039984107017517,10.032901763916016,6.65283203125,0.457763671875,-1.3427734375
20.5774999,0.5524620413780212,-0.3190273642539978,9.634267807006836,-2.471923828125,-0.274658203125,-2.044677734375
20.582499900000002,0.5027823448181152,-0.3513490855693817,10.041281700134277,6.134033203125,0.18310546875,-1.03759765625
20.5874999,0.32441434264183044,-0.25977087020874023,9.831789016723633,-4.486083984375,0.18310546875,2.410888671875
20.5924999,0.5536591410636902,-0.31124621629714966,9.661202430725098,-1.220703125,-0.091552734375,-2.410888671875
20.5974999,0.43993455171585083,-0.30466216802597046,10.026318550109863,5.828857421875,0.274658203125,-0.6103515625
20.6024999,0.31364041566848755,-0.2825157940387726,9.77133560180664,-4.7607421875,-0.48828125,1.708984375
20.6074999,0.5171475410461426,-0.31184476613998413,9.637859344482422,0.213623046875,-0.18310546875,-2.532958984375
20.6124999,0.39863458275794983,-0.29209262132644653,10.013748168945312,5.218505859375,0.1220703125,0.091552734375
20.617499900000002,0.2950853705406189,-0.26156654953956604,9.679159164428711,-6.256103515625,-0.1220703125,1.556396484375
20.6224999,0.4728548228740692,-0.24361002445220947,9.701305389404297,2.044677734375,0.518798828125,-2.593994140625
20.6274999,0.3645172119140625,-0.2346317619085312,10.066421508789062,4.180908203125,0.518798828125,0.79345703125
20.6324999,0.29867666959762573,-0.20290859043598175,9.678560256958008,-5.92041015625,0.1220703125,1.03759765625
20.6374999,0.4124012291431427,-0.27234044671058655,9.978434562683105,3.204345703125,-0.06103515625,1.007080078125
20.6424999,0.36571431159973145,-0.29209262132644653,9.5624418258667,-6.134033203125,-0.274658203125,0.54931640625
20.6474999,0.5674257874488831,-0.3381809890270233,9.741408348083496,3.7841796875,-0.030517578125,-2.62451171875
20.652499900000002,0.35254621505737305,-0.2717418968677521,9.997588157653809,1.190185546875,0.3662109375,1.678466796875
20.6574999,0.37409400939941406,-0.2867056429386139,9.5809965133667,-5.7373046875,0.396728515625,0
20.6624999,0.5614402890205383,-0.3345896899700165,9.853935241699219,5.462646484375,0.3662109375,-2.471923828125
20.6674999,0.3411737382411957,-0.28730419278144836,9.961075782775879,0.67138671875,-0.244140625,1.708984375
20.672499900000002,0.44173020124435425,-0.29568392038345337,9.551069259643555,-5.157470703125,-0.213623046875,-0.3662109375
20.6774999,0.5680243372917175,-0.34416648745536804,9.900622367858887,6.011962890625,0.091552734375,-2.044677734375
20.6824999,0.3016694188117981,-0.22744916379451752,9.926959037780762,-1.46484375,-0.06103515625,1.922607421875
20.6874999,0.45489832758903503,-0.25019407272338867,9.585186958312988,-4.45556640625,-0.213623046875,-1.03759765625
20.6924999,0.5165489912033081,-0.2950853705406189,10.00716495513916,6.04248046875,0.06103515625,-1.52587890625
20.6974999,0.43754035234451294,-0.2974795699119568,10.046669006347656,5.645751953125,0.030517578125,-0.42724609375
20.7024999,0.31124621629714966,-0.25498247146606445,9.807249069213867,-5.279541015625,-0.457763671875,1.708984375
20.707499900000002,0.5363011956214905,-0.30885201692581177,9.642048835754395,-0.091552734375,-0.18310546875,-2.288818359375
20.7124999,0.43095630407333374,-0.28311434388160706,10.00836181640625,5.67626953125,0.457763671875,-0.091552734375
20.7174999,0.3345896899700165,-0.272938996553421,9.68155288696289,-5.4931640625,0.030517578125,1.556396484375
20.7224999,0.29628247022628784,-0.19931729137897491,9.661202430725098,-5.92041015625,0.3662109375,1.190185546875
20.7274999,0.3645172119140625,-0.27892449498176575,9.553462982177734,-6.378173828125,-0.18310546875,0.762939453125
20.7324999,0.5740098357200623,-0.3148375153541565,9.685144424438477,3.84521484375,0.152587890625,-2.685546875
20.7374999,0.3776853084564209,-0.24480712413787842,9.946112632751465,1.953125,0.091552734375,1.5869140625
20.742499900000002,0.3878606855869293,-0.26156654953956604,9.504382133483887,-5.92041015625,-0.244140625,0.030517578125
20.7474999,0.5758054852485657,-0.30526071786880493,9.79288387298584,5.279541015625,0.274658203125,-2.471923828125
20.7524999,0.35673606395721436,-0.23762452602386475,9.928155899047852,0.54931640625,0.091552734375,2.01416015625
20.7574999,0.44532153010368347,-0.26815059781074524,9.525930404663086,-5.31005859375,0.030517578125,-0.48828125
20.7624999,0.5758054852485657,-0.32381579279899597,9.888052940368652,5.79833984375,0.06103515625,-2.166748046875
20.7674999,0.30945056676864624,-0.2322375625371933,9.9185791015625,-1.3427734375,-0.091552734375,2.044677734375
20.7724999,0.43993455171585083,-0.27712884545326233,9.57441234588623,-4.119873046875,0.42724609375,-1.007080078125
20.777499900000002,0.5105634927749634,-0.3190273642539978,10.005967140197754,6.40869140625,0.213623046875,-1.861572265625
20.7824999,0.3292027413845062,-0.27892449498176575,9.77133560180664,-5.157470703125,0.18310546875,1.89208984375
20.7874999,0.5416881442070007,-0.3250128924846649,9.61571216583252,-0.274658203125,-0.030517578125,-2.44140625
20.7924999,0.4315548539161682,-0.2603694200515747,9.976638793945312,5.401611328125,0.244140625,0.06103515625
20.797499900000002,0.3250128924846649,-0.29209262132644653,9.661202430725098,-5.79833984375,-0.6103515625,1.495361328125
20.8024999,0.5039794445037842,-0.262763649225235,9.625288963317871,1.0986328125,-0.518798828125,-2.86865234375
20.8074999,0.3758896589279175,-0.21368250250816345,10.022128105163574,4.82177734375,0,0.48828125
20.8124999,0.292691171169281,-0.22026655077934265,9.657610893249512,-5.950927734375,-0.30517578125,1.03759765625
20.8174999,0.5003881454467773,-0.2519897222518921,9.70549488067627,2.777099609375,-0.152587890625,-2.8076171875
20.8224999,0.39624038338661194,-0.23523031175136566,9.999382972717285,3.265380859375,0.06103515625,1.0986328125
20.8274999,0.3471592366695404,-0.3034650683403015,9.564835548400879,-6.561279296875,-0.091552734375,0.885009765625
20.832499900000002,0.5524620413780212,-0.3010708689689636,9.713275909423828,4.08935546875,0.091552734375,-2.899169921875
20.8374999,0.3627215623855591,-0.2645592987537384,9.980828285217285,1.64794921875,0.091552734375,1.52587890625
20.8424999,0.3621230125427246,-0.28371289372444153,9.571419715881348,-6.134033203125,-0.335693359375,0.48828125
20.8474999,0.5554547905921936,-0.27234044671058655,9.858125686645508,4.730224609375,-0.42724609375,-2.50244140625
20.8524999,0.33997663855552673,-0.26396074891090393,9.991601943969727,0.30517578125,-0.6103515625,1.5869140625
20.8574999,0.42856210470199585,-0.2968810200691223,9.553462982177734,-5.43212890625,-0.823974609375,-0.48828125
20.8624999,0.5758054852485657,-0.3058592677116394,9.881468772888184,6.2255859375,0.18310546875,-1.983642578125
20.867499900000002,0.3274070918560028,-0.26994624733924866,9.891045570373535,-1.312255859375,0.091552734375,2.044677734375
20.8724999,0.45489832758903503,-0.2890998423099518,9.540295600891113,-4.69970703125,-0.396728515625,-1.129150390625
20.8774999,0.5315127968788147,-0.2783259451389313,9.973047256469727,6.500244140625,0.732421875,-1.46484375
20.8824999,0.5135562419891357,-0.29628247022628784,9.653421401977539,-2.960205078125,0.152587890625,-1.556396484375
20.8874999,0.5285200476646423,-0.32202014327049255,10.058639526367188,6.439208984375,0.18310546875,-1.220703125
20.8924999,0.3274070918560028,-0.2890998423099518,9.844358444213867,-3.662109375,-0.091552734375,2.25830078125
20.8974999,0.5596446394920349,-0.29388827085494995,9.611522674560547,-2.044677734375,-0.091552734375,-2.0751953125
20.902499900000002,0.46088382601737976,-0.27413609623908997,9.956287384033203,5.9814453125,0.06103515625,-1.068115234375
20.9074999,0.30466216802597046,-0.24660277366638184,9.728240013122559,-5.218505859375,-0.030517578125,2.01416015625
20.9124999,0.5351040959358215,-0.29568392038345337,9.571419715881348,-0.274658203125,0.213623046875,-2.25830078125
20.9174999,0.4321534037590027,-0.2867056429386139,9.962871551513672,5.43212890625,0.030517578125,-0.213623046875
20.922499900000002,0.3315969407558441,-0.31543606519699097,9.67077922821045,-5.523681640625,-0.48828125,1.708984375
20.9274999,0.5051765441894531,-0.30705636739730835,9.624092102050781,1.220703125,-0.274658203125,-2.410888671875
20.9324999,0.383670836687088,-0.25079262256622314,10.010157585144043,4.94384765625,-0.030517578125,0.091552734375
20.9374999,0.4812345504760742,-0.24121582508087158,9.666589736938477,2.38037109375,0.091552734375,-2.5634765625
20.9424999,0.37648820877075195,-0.22086510062217712,9.97364616394043,3.265380859375,0.30517578125,0.823974609375
20.9474999,0.31184476613998413,-0.2783259451389313,9.563638687133789,-6.34765625,-0.457763671875,0.396728515625
20.9524999,0.5195417404174805,-0.30226796865463257,9.70310115814209,3.936767578125,-0.18310546875,-2.655029296875
20.957499900000002,0.3597288131713867,-0.25677812099456787,9.996390342712402,2.25830078125,-0.030517578125,1.46484375
20.9624999,0.3561375141143799,-0.2908954918384552,9.591172218322754,-6.28662109375,-0.1220703125,0.213623046875
20.9674999,0.558447539806366,-0.27473464608192444,9.86650562286377,4.974365234375,0.06103515625,-2.44140625
20.9724999,0.35434186458587646,-0.23762452602386475,10.037092208862305,0.640869140625,0.213623046875,2.01416015625
20.9774999,0.4321534037590027,-0.28790274262428284,9.585784912109375,-5.37109375,0.18310546875,-0.48828125
20.9824999,0.5919663906097412,-0.30466216802597046,9.895236015319824,5.645751953125,0.091552734375,-2.166748046875
20.9874999,0.35434186458587646,-0.29149407148361206,9.894038200378418,-0.579833984375,0.030517578125,2.166748046875
20.992499900000002,0.456095427274704,-0.30466216802597046,9.511565208435059,-4.058837890625,0.091552734375,-1.0986328125
20.9974999,0.26815059781074524,-0.25917232036590576,9.891644477844238,-2.227783203125,0.54931640625,2.3193359375
21.0024999,0.4728548228740692,-0.2693476974964142,9.598953247070312,-3.875732421875,-0.091552734375,-1.190185546875
21.0074999,0.507570743560791,-0.30526071786880493,10.02452278137207,6.134033203125,0.457763671875,-1.5869140625
21.0124999,0.29628247022628784,-0.28730419278144836,9.856329917907715,-3.204345703125,-0.18310546875,1.983642578125
21.0174999,0.5351040959358215,-0.3232172429561615,9.635464668273926,-2.105712890625,-0.030517578125,-1.495361328125
21.0224999,0.45489832758903503,-0.32620999217033386,10.018536567687988,6.256103515625,0.335693359375,-0.9765625
21.027499900000002,0.28311434388160706,-0.26755204796791077,9.801262855529785,-4.364013671875,-0.335693359375,1.922607421875
21.0324999,0.5171475410461426,-0.3076549172401428,9.638457298278809,-0.79345703125,-0.152587890625,-1.983642578125
21.0374999,0.43035775423049927,-0.2555810213088989,10.005967140197754,5.92041015625,0.30517578125,-0.244140625
21.0424999,0.43754035234451294,-0.2495955228805542,9.996989250183105,4.94384765625,0.67138671875,0.213623046875
21.047499900000002,0.5135562419891357,-0.23523031175136566,9.676166534423828,2.13623046875,0.457763671875,-2.166748046875
21.0524999,0.39803603291511536,-0.20470423996448517,10.02691650390625,4.08935546875,0.518798828125,0.946044921875
21.0574999,0.314238965511322,-0.24001872539520264,9.652822494506836,-6.4697265625,0,0.8544921875
21.0624999,0.5171475410461426,-0.2968810200691223,9.752182006835938,3.41796875,-0.06103515625,-2.685546875
21.0674999,0.3705027103424072,-0.26396074891090393,10.010157585144043,2.62451171875,0.18310546875,1.3427734375
21.0724999,0.3381809890270233,-0.3148375153541565,9.609726905822754,-6.2255859375,-0.79345703125,0.274658203125
21.0774999,0.5363011956214905,-0.28730419278144836,9.800664901733398,4.302978515625,-0.54931640625,-2.593994140625
21.082499900000002,0.3357867896556854,-0.21428105235099792,10.019135475158691,1.312255859375,0.030517578125,1.678466796875
21.0874999,0.39145198464393616,-0.2472013235092163,9.576807022094727,-5.9814453125,0.152587890625,0.030517578125
21.0924999,0.5829881429672241,-0.28730419278144836,9.861717224121094,5.340576171875,0.091552734375,-2.44140625
21.0974999,0.365115761756897,-0.2645592987537384,9.924564361572266,-0.06103515625,0.152587890625,1.89208984375
21.1024999,0.4710591733455658,-0.32441434264183044,9.537900924682617,-4.364013671875,0.06103515625,-0.762939453125
21.1074999,0.304063618183136,-0.25677812099456787,9.946710586547852,-1.89208984375,0.091552734375,2.0751953125
21.1124999,0.44592007994651794,-0.31364041566848755,9.625887870788574,-4.2724609375,-0.274658203125,-1.0986328125
21.117499900000002,0.5057750940322876,-0.3034650683403015,10.067618370056152,6.40869140625,0.1220703125,-1.64794921875
21.1224999,0.2621650993824005,-0.29867666959762573,9.932345390319824,-2.838134765625,-0.18310546875,2.227783203125
21.1274999,0.5183446407318115,-0.36571431159973145,9.6803560256958,-2.716064453125,0.18310546875,-1.556396484375
21.1324999,0.4950011968612671,-0.32860419154167175,10.065223693847656,6.256103515625,0.030517578125,-1.03759765625
21.1374999,0.31783026456832886,-0.30226796865463257,9.856329917907715,-4.241943359375,-0.396728515625,2.0751953125
21.1424999,0.5602431893348694,-0.3208230137825012,9.667786598205566,-1.495361328125,-0.030517578125,-2.13623046875
21.1474999,0.4626794755458832,-0.22864626348018646,10.029311180114746,6.134033203125,0.274658203125,-0.42724609375
21.152499900000002,0.3292027413845062,-0.25258827209472656,9.766547203063965,-5.43212890625,-0.06103515625,1.89208984375
21.1574999,0.5524620413780212,-0.30466216802597046,9.616909980773926,-0.213623046875,-0.579833984375,-2.44140625
21.1624999,0.4411316514015198,-0.243011474609375,9.985017776489258,5.31005859375,-0.213623046875,0.030517578125
21.1674999,0.33937808871269226,-0.32202014327049255,9.661202430725098,-5.767822265625,-0.42724609375,1.46484375
21.172499900000002,0.5105634927749634,-0.29149407148361206,9.64564037322998,1.434326171875,-0.1220703125,-2.62451171875
21.1774999,0.37409400939941406,-0.21667525172233582,10.020931243896484,4.241943359375,0.18310546875,0.54931640625
21.1824999,0.29388827085494995,-0.243011474609375,9.639056205749512,-6.4697265625,-0.457763671875,1.068115234375
21.1874999,0.48303020000457764,-0.22625206410884857,9.702502250671387,3.082275390625,0.396728515625,-2.44140625
21.1924999,0.38546648621559143,-0.21547815203666687,9.989208221435547,3.11279296875,0.701904296875,1.190185546875
21.1974999,0.33937808871269226,-0.30466216802597046,9.585784912109375,-6.134033203125,0.213623046875,0.457763671875
21.2024999,0.3423708379268646,-0.2717418968677521,9.972448348999023,0.732421875,0.213623046875,1.617431640625
21.207499900000002,0.3423708379268646,-0.2717418968677521,9.972448348999023,0.732421875,0.213623046875,1.617431640625
21.2124999,0.5931634902954102,-0.3429693877696991,9.841365814208984,5.615234375,0.213623046875,-2.166748046875
21.2174999,0.3555389642715454,-0.2801215946674347,9.849146842956543,-0.396728515625,0.244140625,1.861572265625
21.2224999,0.4692635238170624,-0.2902969419956207,9.500192642211914,-4.547119140625,0.335693359375,-0.762939453125
21.2274999,0.5446808934211731,-0.30885201692581177,9.909601211547852,6.072998046875,0.244140625,-1.861572265625
21.2324999,0.28072014451026917,-0.23942017555236816,9.892841339111328,-2.227783203125,0.244140625,2.105712890625
21.2374999,0.4704606235027313,-0.28969839215278625,9.607333183288574,-3.41796875,-0.213623046875,-1.312255859375
21.242499900000002,0.5069721937179565,-0.33518823981285095,10.027515411376953,6.53076171875,0.335693359375,-1.3427734375
21.2474999,0.2992752194404602,-0.30286651849746704,9.870096206665039,-3.23486328125,0.244140625,1.89208984375
21.2524999,0.5428852438926697,-0.33099839091300964,9.64923095703125,-2.44140625,-0.1220703125,-1.64794921875
21.2574999,0.4800374507904053,-0.32860419154167175,10.040084838867188,6.40869140625,0.1220703125,-0.48828125
21.2624999,0.3058592677116394,-0.26096799969673157,9.798869132995605,-4.364013671875,-0.18310546875,1.708984375
21.2674999,0.545877993106842,-0.30526071786880493,9.642647743225098,-1.15966796875,-0.274658203125,-2.166748046875
21.2724999,0.34177228808403015,-0.2777273952960968,9.742605209350586,-4.852294921875,0.244140625,1.739501953125
21.277499900000002,0.5536591410636902,-0.2974795699119568,9.645041465759277,-0.18310546875,-0.6103515625,-2.44140625
21.2824999,0.32620999217033386,-0.25917232036590576,9.634865760803223,-5.7373046875,-0.42724609375,1.220703125
21.2874999,0.4878185987472534,-0.24361002445220947,9.651026725769043,2.13623046875,0.396728515625,-2.5634765625
21.2924999,0.353743314743042,-0.21966800093650818,9.990405082702637,4.119873046875,0.48828125,0.701904296875
21.297499900000002,0.2795230448246002,-0.2298433631658554,9.644442558288574,-6.072998046875,-0.1220703125,1.03759765625
21.3024999,0.48063600063323975,-0.2819172441959381,9.712677955627441,2.716064453125,-0.457763671875,-2.5634765625
21.3074999,0.3758896589279175,-0.2651578485965729,9.97364616394043,2.86865234375,0.48828125,1.068115234375
21.3124999,0.3423708379268646,-0.31124621629714966,9.564835548400879,-5.889892578125,0.06103515625,0.579833984375
21.3174999,0.545877993106842,-0.32620999217033386,9.724050521850586,4.150390625,0.030517578125,-2.410888671875
21.3224999,0.3519476354122162,-0.25977087020874023,9.963470458984375,1.89208984375,0.274658203125,1.52587890625
21.3274999,0.45429977774620056,-0.2902969419956207,9.540295600891113,-5.767822265625,-0.91552734375,-0.54931640625
21.332499900000002,0.5859808921813965,-0.34356793761253357,9.892242431640625,5.889892578125,0.732421875,-1.617431640625
21.3374999,0.32860419154167175,-0.2717418968677521,9.909601211547852,-1.251220703125,0,1.861572265625
21.3424999,0.44173020124435425,-0.32202014327049255,9.576208114624023,-4.57763671875,-0.48828125,-1.03759765625
21.3474999,0.5069721937179565,-0.3232172429561615,10.00716495513916,6.256103515625,0.30517578125,-1.46484375
21.3524999,0.2603694200515747,-0.2579752206802368,9.93593692779541,-2.593994140625,-0.518798828125,1.77001953125
21.3574999,0.48722004890441895,-0.3256114423274994,9.651625633239746,-3.326416015625,-0.18310546875,-1.64794921875
21.3624999,0.5069721937179565,-0.3166331648826599,10.037092208862305,6.65283203125,0.42724609375,-0.946044921875
21.367499900000002,0.31364041566848755,-0.30945056676864624,9.856928825378418,-3.692626953125,-0.335693359375,1.983642578125
21.3724999,0.5542576909065247,-0.36092591285705566,9.644442558288574,-2.105712890625,-0.579833984375,-2.105712890625
21.3774999,0.3130418658256531,-0.2717418968677521,9.794678688049316,-4.730224609375,-0.152587890625,1.953125
21.3824999,0.5464765429496765,-0.3208230137825012,9.643245697021484,-0.762939453125,0.213623046875,-2.25830078125
21.3874999,0.44412440061569214,-0.23702596127986908,9.979631423950195,5.584716796875,0.30517578125,0
21.3924999,0.33937808871269226,-0.3100491166114807,9.698312759399414,-5.706787109375,0,1.708984375
21.3974999,0.535702645778656,-0.32022446393966675,9.633070945739746,0.91552734375,0.30517578125,-2.593994140625
21.402499900000002,0.4034229815006256,-0.2472013235092163,9.996390342712402,5.096435546875,0.213623046875,0.3662109375
21.4074999,0.31543606519699097,-0.26815059781074524,9.661202430725098,-6.16455078125,0.06103515625,1.64794921875
21.4124999,0.4884171485900879,-0.24779987335205078,9.685144424438477,2.13623046875,0.244140625,-2.8076171875
21.4174999,0.383670836687088,-0.19871874153614044,10.008959770202637,3.84521484375,0.213623046875,0.732421875
21.422499900000002,0.3172317147254944,-0.2579752206802368,9.608530044555664,-6.16455078125,-0.091552734375,1.03759765625
21.4274999,0.5213374495506287,-0.2968810200691223,9.6803560256958,3.082275390625,-0.18310546875,-2.716064453125
21.4324999,0.39205053448677063,-0.2645592987537384,9.959280967712402,2.685546875,0.213623046875,1.0986328125
21.4374999,0.5554547905921936,-0.29388827085494995,9.77253246307373,4.69970703125,-0.1220703125,-2.532958984375
21.4424999,0.35494041442871094,-0.243011474609375,10.008959770202637,1.312255859375,0.1220703125,1.52587890625
21.4474999,0.395043283700943,-0.27413609623908997,9.5809965133667,-5.615234375,0.152587890625,-0.1220703125
21.4524999,0.5758054852485657,-0.27892449498176575,9.860519409179688,5.37109375,0.30517578125,-2.0751953125
21.457499900000002,0.3585317134857178,-0.2777273952960968,9.929352760314941,-0.396728515625,0.274658203125,1.922607421875
21.4624999,0.4554968774318695,-0.333991140127182,9.52114200592041,-5.096435546875,-0.06103515625,-0.67138671875
21.4674999,0.5602431893348694,-0.3274070918560028,9.864709854125977,5.950927734375,0.335693359375,-1.708984375
21.4724999,0.2974795699119568,-0.2861070930957794,9.873088836669922,-1.5869140625,0.48828125,2.13623046875
21.4774999,0.43514615297317505,-0.2890998423099518,9.530718803405762,-3.814697265625,-0.030517578125,-1.3427734375
21.4824999,0.50876784324646,-0.29388827085494995,9.979631423950195,6.439208984375,-0.030517578125,-1.3427734375
21.4874999,0.28072014451026917,-0.2669534981250763,9.88386344909668,-2.838134765625,0.06103515625,2.105712890625
21.492499900000002,0.5327098965644836,-0.3196259140968323,10.034697532653809,6.53076171875,0.67138671875,-0.8544921875
21.4974999,0.34177228808403015,-0.292691171169281,9.816825866699219,-3.72314453125,0.67138671875,2.13623046875
21.5024999,0.5781996846199036,-0.3172317147254944,9.618106842041016,-1.953125,-0.8544921875,-2.3193359375
21.5074999,0.47465047240257263,-0.2932897210121155,9.99220085144043,6.04248046875,0,-0.6103515625
21.5124999,0.32680854201316833,-0.25498247146606445,9.770736694335938,-4.7607421875,0.1220703125,1.8310546875
21.5174999,0.5494692921638489,-0.3130418658256531,9.632472038269043,-0.396728515625,-0.213623046875,-2.349853515625
21.5224999,0.37648820877075195,-0.2388216257095337,9.978434562683105,4.913330078125,0.457763671875,0.396728515625
21.527499900000002,0.28730419278144836,-0.21547815203666687,9.61451530456543,-5.79833984375,-0.091552734375,1.220703125
21.5324999,0.47165772318840027,-0.2232593148946762,9.653421401977539,2.44140625,0.091552734375,-2.5634765625
21.5374999,0.3908534348011017,-0.2861070930957794,9.954492568969727,2.349853515625,0.30517578125,1.3427734375
21.5424999,0.3603273630142212,-0.32860419154167175,9.578003883361816,-5.9814453125,-0.823974609375,-0.06103515625
21.547499900000002,0.5464765429496765,-0.31124621629714966,9.827000617980957,4.669189453125,-0.3662109375,-2.410888671875
21.5524999,0.3381809890270233,-0.2364274114370346,10.02571964263916,1.007080078125,0.42724609375,1.861572265625
21.5574999,0.3968389332294464,-0.27234044671058655,9.57321548461914,-5.401611328125,0.152587890625,-0.48828125
21.5624999,0.5758054852485657,-0.2974795699119568,9.827000617980957,5.340576171875,-0.091552734375,-2.166748046875
21.5674999,0.3555389642715454,-0.25737667083740234,9.868300437927246,-0.3662109375,0.30517578125,2.105712890625
21.5724999,0.45848962664604187,-0.3016694188117981,9.475052833557129,-5.37109375,-0.6103515625,-0.732421875
21.5774999,0.5548562407493591,-0.33279404044151306,9.880870819091797,6.40869140625,0.42724609375,-1.89208984375
21.582499900000002,0.28131869435310364,-0.2472013235092163,9.905410766601562,-1.46484375,0.335693359375,2.13623046875
21.5874999,0.507570743560791,-0.30705636739730835,10.061633110046387,6.439208984375,0.6103515625,-1.495361328125
21.5924999,0.2819172441959381,-0.27234044671058655,9.917980194091797,-2.86865234375,0.335693359375,2.227783203125
21.5974999,0.5327098965644836,-0.3447650372982025,9.667786598205566,-3.021240234375,0.244140625,-1.64794921875
21.6024999,0.43933600187301636,-0.2495955228805542,10.013150215148926,6.103515625,0.6103515625,-0.457763671875
21.6074999,0.30705636739730835,-0.24001872539520264,9.761159896850586,-4.730224609375,-0.091552734375,1.556396484375
21.6124999,0.5392939448356628,-0.3130418658256531,9.616311073303223,0,0.06103515625,-2.288818359375
21.617499900000002,0.43933600187301636,-0.24241292476654053,9.993996620178223,5.279541015625,0.48828125,0.091552734375
21.6224999,0.3363853394985199,-0.31124621629714966,9.671976089477539,-5.767822265625,-0.579833984375,1.434326171875
21.6274999,0.5207388401031494,-0.2932897210121155,9.668384552001953,1.220703125,-0.396728515625,-2.593994140625
21.6324999,0.29867666959762573,-0.2214636504650116,9.676764488220215,-6.04248046875,-0.244140625,1.220703125
21.6374999,0.48063600063323975,-0.23523031175136566,9.725247383117676,2.50244140625,-0.54931640625,-2.777099609375
21.6424999,0.3842693865299225,-0.2041056901216507,9.990405082702637,3.47900390625,0.335693359375,1.068115234375
21.6474999,0.33039984107017517,-0.2849099934101105,9.566033363342285,-6.2255859375,-0.30517578125,0.946044921875
21.652499900000002,0.5374982953071594,-0.3250128924846649,9.687539100646973,3.692626953125,-0.3662109375,-2.5634765625
21.6574999,0.37648820877075195,-0.2585737705230713,9.952696800231934,1.89208984375,0.579833984375,1.52587890625
21.6624999,0.365115761756897,-0.3124433159828186,9.566631317138672,-5.950927734375,-0.274658203125,0.274658203125
21.6674999,0.5506663918495178,-0.29149407148361206,9.823410034179688,5.06591796875,-0.030517578125,-2.471923828125
21.672499900000002,0.3477577865123749,-0.2388216257095337,10.014945983886719,0.885009765625,0.640869140625,1.678466796875
21.6774999,0.4058171808719635,-0.28730419278144836,9.576208114624023,-5.523681640625,-0.06103515625,-0.3662109375
21.6824999,0.5746083855628967,-0.3058592677116394,9.883264541625977,5.584716796875,0.091552734375,-2.01416015625
21.6874999,0.34356793761253357,-0.25498247146606445,9.927556991577148,-0.67138671875,0.335693359375,1.953125
21.6924999,0.5464765429496765,-0.34835633635520935,9.653421401977539,-2.777099609375,-0.30517578125,-1.983642578125
21.6974999,0.5093663930892944,-0.292691171169281,10.019135475158691,6.4697265625,0.640869140625,-1.190185546875
21.7024999,0.31543606519699097,-0.2992752194404602,9.788095474243164,-4.0283203125,0.18310546875,2.166748046875
21.707499900000002,0.5434837937355042,-0.28550854325294495,9.617507934570312,-1.28173828125,0,-1.953125
21.7124999,0.43514615297317505,-0.24241292476654053,9.979032516479492,5.584716796875,0.213623046875,-0.67138671875
21.7174999,0.30047231912612915,-0.25737667083740234,9.743204116821289,-5.0048828125,-0.152587890625,1.922607421875
21.7224999,0.5327098965644836,-0.28730419278144836,9.616909980773926,0.18310546875,-0.1220703125,-2.25830078125
21.7274999,0.3842693865299225,-0.23582886159420013,9.960477828979492,4.33349609375,0.091552734375,0.457763671875
21.7324999,0.2801215946674347,-0.21428105235099792,9.609128952026367,-6.256103515625,-0.48828125,0.79345703125
21.7374999,0.4596867263317108,-0.2579752206802368,9.683947563171387,2.838134765625,0.457763671875,-2.5634765625
21.742499900000002,0.35733461380004883,-0.262763649225235,9.971850395202637,3.875732421875,0.762939453125,0.946044921875
21.7474999,0.3064578175544739,-0.2974795699119568,9.560646057128906,-5.828857421875,0.18310546875,0.6103515625
21.7524999,0.3064578175544739,-0.2974795699119568,9.560646057128906,-5.828857421875,0.18310546875,0.6103515625
21.7574999,0.5273229479789734,-0.33698388934135437,9.689932823181152,3.814697265625,0.30517578125,-2.5634765625
21.7624999,0.3627215623855591,-0.292691171169281,9.553462982177734,-6.256103515625,-0.48828125,0.152587890625
21.7674999,0.3627215623855591,-0.292691171169281,9.553462982177734,-6.256103515625,-0.48828125,0.152587890625
21.7724999,0.5536591410636902,-0.2890998423099518,9.810839653015137,4.69970703125,-0.274658203125,-2.5634765625
21.777499900000002,0.4165911078453064,-0.29209262132644653,9.57441234588623,-5.31005859375,-0.091552734375,-0.274658203125
21.7824999,0.5877765417098999,-0.3381809890270233,9.865906715393066,5.523681640625,-0.42724609375,-2.105712890625
21.7874999,0.35673606395721436,-0.28311434388160706,9.906009674072266,-0.518798828125,0.3662109375,1.77001953125
21.7924999,0.45429977774620056,-0.30286651849746704,9.520543098449707,-4.730224609375,0.48828125,-0.79345703125
21.797499900000002,0.5386953949928284,-0.31543606519699097,9.895236015319824,5.859375,0.3662109375,-1.64794921875
21.8024999,0.2651578485965729,-0.21547815203666687,9.877877235412598,-1.922607421875,0.3662109375,1.953125
21.8074999,0.43933600187301636,-0.2687491476535797,9.546280860900879,-4.0283203125,-0.79345703125,-1.495361328125
21.8124999,0.5057750940322876,-0.28311434388160706,9.973047256469727,6.40869140625,-0.091552734375,-1.312255859375
21.8174999,0.29388827085494995,-0.24660277366638184,9.84376049041748,-3.11279296875,0.213623046875,2.0751953125
21.8224999,0.5554547905921936,-0.31364041566848755,9.63187313079834,-2.8076171875,-0.213623046875,-1.64794921875
21.8274999,0.5153518915176392,-0.3010708689689636,10.050858497619629,6.34765625,-0.06103515625,-0.885009765625
21.832499900000002,0.3256114423274994,-0.26575639843940735,9.846753120422363,-4.241943359375,0.030517578125,1.953125
21.8374999,0.44352585077285767,-0.25258827209472656,10.02811336517334,6.134033203125,0.18310546875,-0.457763671875
21.8424999,0.33698388934135437,-0.31543606519699097,9.650428771972656,-5.767822265625,0,1.556396484375
21.8474999,0.5081692934036255,-0.3064578175544739,9.637260437011719,1.495361328125,0.06103515625,-2.685546875
21.8524999,0.3770867586135864,-0.22505496442317963,10.018536567687988,4.638671875,0.1220703125,0.518798828125
21.8574999,0.2968810200691223,-0.22685061395168304,9.660603523254395,-6.256103515625,-0.091552734375,1.190185546875
21.8624999,0.4884171485900879,-0.23283611238002777,9.709685325622559,2.471923828125,-0.18310546875,-2.8076171875
21.867499900000002,0.3878606855869293,-0.1867477297782898,9.99100399017334,3.448486328125,0.030517578125,1.068115234375
21.8724999,0.33279404044151306,-0.27413609623908997,9.572616577148438,-6.34765625,-0.244140625,0.946044921875
21.8774999,0.5386953949928284,-0.3100491166114807,9.712079048156738,3.753662109375,-0.1220703125,-2.593994140625
21.8824999,0.35673606395721436,-0.32202014327049255,9.569623947143555,-5.92041015625,-0.030517578125,0.091552734375
21.8874999,0.35673606395721436,-0.32202014327049255,9.569623947143555,-5.92041015625,-0.030517578125,0.091552734375
21.8924999,0.5452794432640076,-0.2867056429386139,9.820416450500488,5.035400390625,0,-2.38037109375
21.8974999,0.3387795388698578,-0.2495955228805542,9.988011360168457,0.91552734375,0,1.5869140625
21.902499900000002,0.4129997789859772,-0.3058592677116394,9.55466079711914,-5.279541015625,-0.1220703125,-0.30517578125
21.9074999,0.5805938839912415,-0.30945056676864624,9.864110946655273,5.7373046875,0.18310546875,-1.861572265625
21.9124999,0.3555389642715454,-0.2944868206977844,9.889848709106445,-0.457763671875,0.30517578125,2.01416015625
21.9174999,0.46148237586021423,-0.3214215636253357,9.518747329711914,-4.486083984375,0.213623046875,-1.007080078125
21.922499900000002,0.5452794432640076,-0.30526071786880493,9.901819229125977,5.9814453125,-0.030517578125,-1.739501953125
21.9274999,0.27653029561042786,-0.2621650993824005,9.882067680358887,-1.800537109375,0.030517578125,2.13623046875
21.9324999,0.4495113790035248,-0.2645592987537384,9.55705451965332,-3.47900390625,-0.3662109375,-1.556396484375
21.9374999,0.5027823448181152,-0.3010708689689636,9.982624053955078,6.072998046875,0.1220703125,-1.40380859375
21.9424999,0.2867056429386139,-0.27413609623908997,9.844358444213867,-2.899169921875,-0.1220703125,2.13623046875
21.9474999,0.4944026470184326,-0.333991140127182,9.985017776489258,5.706787109375,0.06103515625,-1.0986328125
21.9524999,0.3130418658256531,-0.27413609623908997,9.75936508178711,-4.150390625,-0.030517578125,1.953125
21.957499900000002,0.5434837937355042,-0.3076549172401428,9.588777542114258,-1.220703125,0.18310546875,-1.983642578125
21.9624999,0.4423287510871887,-0.2801215946674347,9.970054626464844,5.767822265625,0.457763671875,-0.457763671875
21.9674999,0.3250128924846649,-0.26815059781074524,9.750985145568848,-5.126953125,-0.06103515625,1.52587890625
21.9724999,0.558447539806366,-0.2974795699119568,9.642048835754395,0.06103515625,-0.457763671875,-2.38037109375
21.9774999,0.444722980260849,-0.28371289372444153,10.011354446411133,4.974365234375,0.152587890625,0.18310546875
21.9824999,0.34356793761253357,-0.28730419278144836,9.660603523254395,-5.828857421875,-0.42724609375,1.251220703125
21.9874999,0.5039794445037842,-0.2795230448246002,9.649829864501953,1.007080078125,-0.030517578125,-2.50244140625
21.992499900000002,0.36332011222839355,-0.24241292476654053,10.008959770202637,4.547119140625,0.48828125,0.6103515625
21.9974999,0.2795230448246002,-0.2322375625371933,9.653421401977539,-5.92041015625,-0.244140625,0.762939453125
22.0024999,0.3292027413845062,-0.2950853705406189,9.575610160827637,-6.16455078125,-0.3662109375,0.518798828125
22.0074999,0.535702645778656,-0.3423708379268646,9.70310115814209,3.84521484375,0.335693359375,-2.3193359375
22.0124999,0.36990416049957275,-0.28371289372444153,9.946112632751465,1.953125,0.18310546875,1.52587890625
22.0174999,0.3603273630142212,-0.30945056676864624,9.556455612182617,-6.011962890625,-1.03759765625,0.152587890625
22.0224999,0.5602431893348694,-0.30466216802597046,9.816825866699219,5.096435546875,0.396728515625,-2.44140625
22.027499900000002,0.35494041442871094,-0.23163901269435883,9.990405082702637,0.701904296875,0.18310546875,1.556396484375
22.0324999,0.43933600187301636,-0.27413609623908997,9.57201862335205,-5.645751953125,-0.67138671875,-0.274658203125
22.0374999,0.5991489887237549,-0.31543606519699097,9.880271911621094,5.37109375,0,-1.922607421875
22.0424999,0.3687070608139038,-0.25498247146606445,9.906607627868652,-0.6103515625,0.396728515625,1.800537109375
22.047499900000002,0.4626794755458832,-0.29628247022628784,9.551069259643555,-4.852294921875,0.06103515625,-0.67138671875
22.0524999,0.5440823435783386,-0.3100491166114807,9.945513725280762,5.859375,0.152587890625,-1.64794921875
22.0574999,0.5135562419891357,-0.2998737692832947,10.032901763916016,6.2255859375,0.152587890625,-1.03759765625
22.0624999,0.2932897210121155,-0.27054479718208313,9.873687744140625,-3.2958984375,-0.18310546875,1.983642578125
22.0674999,0.5398924946784973,-0.3387795388698578,9.641449928283691,-2.8076171875,-0.54931640625,-1.8310546875
22.0724999,0.4866214990615845,-0.3232172429561615,10.022727012634277,6.40869140625,0.244140625,-0.79345703125
22.0774999,0.30705636739730835,-0.28371289372444153,9.797672271728516,-4.08935546875,-0.335693359375,1.77001953125
22.082499900000002,0.5512649416923523,-0.3274070918560028,9.627084732055664,-1.312255859375,-0.3662109375,-2.410888671875
22.0874999,0.4537012279033661,-0.2537853717803955,9.982624053955078,5.828857421875,0.48828125,-0.274658203125
22.0924999,0.3429693877696991,-0.2585737705230713,9.728838920593262,-5.157470703125,-0.091552734375,1.89208984375
22.0974999,0.5674257874488831,-0.31124621629714966,9.621698379516602,-0.06103515625,-0.3662109375,-2.532958984375
22.1024999,0.4537012279033661,-0.25977087020874023,10.000580787658691,5.279541015625,0.518798828125,0.06103515625
22.1074999,0.34835633635520935,-0.30885201692581177,9.671378135681152,-5.462646484375,-0.213623046875,1.434326171875
22.1124999,0.3794809579849243,-0.2214636504650116,9.96945571899414,3.23486328125,0.457763671875,1.007080078125
22.117499900000002,0.33039984107017517,-0.30047231912612915,9.555258750915527,-6.16455078125,-0.54931640625,0.579833984375
22.1224999,0.5434837937355042,-0.3292027413845062,9.707290649414062,4.0283203125,0,-2.410888671875
22.1274999,0.36990416049957275,-0.2513911724090576,9.970054626464844,1.922607421875,0.579833984375,1.373291015625
22.1324999,0.3687070608139038,-0.2944868206977844,9.587580680847168,-6.04248046875,-0.213623046875,-0.1220703125
22.1374999,0.5638344883918762,-0.2711433470249176,9.86650562286377,5.0048828125,0.274658203125,-2.25830078125
22.1424999,0.3561375141143799,-0.21607670187950134,10.008959770202637,0.762939453125,0.67138671875,1.983642578125
22.1474999,0.4411316514015198,-0.27234044671058655,9.576208114624023,-5.43212890625,-0.274658203125,-0.48828125
22.152499900000002,0.5949591398239136,-0.3076549172401428,9.867103576660156,5.79833984375,0.091552734375,-2.044677734375
22.1574999,0.2992752194404602,-0.2801215946674347,9.88745403289795,-3.326416015625,0.48828125,2.01416015625
22.1624999,0.4884171485900879,-0.28969839215278625,10.035296440124512,6.34765625,0.396728515625,-0.823974609375
22.1674999,0.30526071786880493,-0.28730419278144836,9.800664901733398,-4.45556640625,0.18310546875,1.861572265625
22.172499900000002,0.5386953949928284,-0.31184476613998413,9.634267807006836,-1.190185546875,-0.640869140625,-2.105712890625
22.1774999,0.4339490532875061,-0.22685061395168304,9.985017776489258,5.9814453125,0.579833984375,-0.30517578125
22.1824999,0.3208230137825012,-0.28371289372444153,9.726444244384766,-5.157470703125,0.091552734375,1.5869140625
22.1874999,0.5051765441894531,-0.24600422382354736,9.710283279418945,2.471923828125,0,-2.62451171875
22.1924999,0.4034229815006256,-0.25019407272338867,9.984419822692871,2.99072265625,0.640869140625,1.220703125
22.1974999,0.3495534360408783,-0.30047231912612915,9.559449195861816,-6.34765625,-0.274658203125,0.6103515625
22.2024999,0.5351040959358215,-0.33339259028434753,9.683947563171387,3.692626953125,-0.640869140625,-2.8076171875
22.207499900000002,0.35254621505737305,-0.28072014451026917,9.926959037780762,1.89208984375,0.244140625,1.3427734375
22.2124999,0.333991140127182,-0.3058592677116394,9.533112525939941,-5.79833984375,-0.701904296875,0.1220703125
22.2174999,0.52552729845047,-0.28311434388160706,9.801861763000488,4.638671875,-0.518798828125,-2.38037109375
22.2224999,0.42197805643081665,-0.27054479718208313,9.55825138092041,-5.92041015625,-0.640869140625,-0.30517578125
22.2274999,0.5943605899810791,-0.3190273642539978,9.883264541625977,5.79833984375,0.3662109375,-1.861572265625
22.2324999,0.36990416049957275,-0.27234044671058655,9.90122127532959,-0.48828125,0.701904296875,1.861572265625
22.2374999,0.47165772318840027,-0.3214215636253357,9.553462982177734,-4.486083984375,0.274658203125,-0.9765625
22.242499900000002,0.2711433470249176,-0.23343466222286224,9.925761222839355,-1.953125,0.274658203125,2.105712890625
22.2474999,0.44831427931785583,-0.2908954918384552,9.604938507080078,-3.936767578125,-0.18310546875,-1.251220703125
22.2524999,0.4800374507904053,-0.2867056429386139,10.005967140197754,6.561279296875,0.640869140625,-1.40380859375
22.2574999,0.2561795711517334,-0.28131869435310364,9.834781646728516,-3.387451171875,0.30517578125,2.0751953125
22.2624999,0.5015852451324463,-0.34356793761253357,9.59835433959961,-2.5634765625,-0.579833984375,-1.708984375
22.2674999,0.46088382601737976,-0.3106476664543152,9.971850395202637,6.2255859375,-0.152587890625,-1.007080078125
22.2724999,0.29568392038345337,-0.28311434388160706,9.762357711791992,-4.241943359375,-0.54931640625,1.953125
22.277499900000002,0.46746787428855896,-0.24001872539520264,9.978434562683105,5.645751953125,0.396728515625,-0.42724609375
22.2824999,0.3477577865123749,-0.27234044671058655,9.766547203063965,-5.096435546875,-0.152587890625,1.52587890625
22.2874999,0.5662286877632141,-0.322618693113327,9.660603523254395,-0.1220703125,-0.213623046875,-2.227783203125
22.2924999,0.4471171796321869,-0.26994624733924866,10.030508041381836,5.18798828125,0.518798828125,0
22.297499900000002,0.3363853394985199,-0.31783026456832886,9.685144424438477,-5.706787109375,-0.579833984375,1.03759765625
22.3024999,0.4985924959182739,-0.30286651849746704,9.664793968200684,1.007080078125,-0.335693359375,-2.44140625
22.3074999,0.3669114112854004,-0.21368250250816345,10.013150215148926,4.2724609375,0.396728515625,0.79345703125
22.3124999,0.2783259451389313,-0.24420857429504395,9.66299819946289,-6.16455078125,-0.3662109375,0.91552734375
22.3174999,0.4638765752315521,-0.24181437492370605,9.72165584564209,2.44140625,-0.3662109375,-2.777099609375
22.3224999,0.36092591285705566,-0.2190694510936737,10.01075553894043,3.631591796875,0.42724609375,1.312255859375
22.3274999,0.30705636739730835,-0.2944868206977844,9.59596061706543,-5.9814453125,0.1220703125,0.640869140625
22.332499900000002,0.5117605924606323,-0.3076549172401428,9.716269493103027,3.5400390625,-0.213623046875,-2.685546875
22.3374999,0.34835633635520935,-0.2932897210121155,9.563039779663086,-6.2255859375,-0.762939453125,0.396728515625
22.3424999,0.5548562407493591,-0.2693476974964142,9.823410034179688,4.7607421875,0.091552734375,-2.593994140625
22.3474999,0.5548562407493591,-0.2693476974964142,9.823410034179688,4.7607421875,0.091552734375,-2.593994140625
22.3524999,0.3627215623855591,-0.22505496442317963,9.995193481445312,0.885009765625,0.152587890625,1.617431640625
22.3574999,0.43754035234451294,-0.2974795699119568,9.5809965133667,-5.401611328125,0.274658203125,-0.030517578125
22.3624999,0.5973533391952515,-0.30526071786880493,9.873687744140625,5.67626953125,0.54931640625,-2.166748046875
22.367499900000002,0.3687070608139038,-0.292691171169281,9.898228645324707,-0.701904296875,0.30517578125,1.800537109375
22.3724999,0.4495113790035248,-0.333991140127182,9.53849983215332,-4.364013671875,-0.213623046875,-0.701904296875
22.3774999,0.5392939448356628,-0.304063618183136,9.922170639038086,6.072998046875,0.030517578125,-1.861572265625
22.3824999,0.27892449498176575,-0.26755204796791077,9.944316864013672,-2.166748046875,-0.152587890625,1.922607421875
22.3874999,0.4411316514015198,-0.2968810200691223,9.625887870788574,-3.84521484375,-0.244140625,-1.373291015625
22.3924999,0.5159504413604736,-0.27234044671058655,10.032901763916016,6.134033203125,0.396728515625,-1.373291015625
22.3974999,0.5392939448356628,-0.2735375463962555,9.547477722167969,-1.983642578125,-0.6103515625,-2.166748046875
22.402499900000002,0.4357447028160095,-0.284311443567276,9.932944297790527,5.7373046875,0.518798828125,-0.732421875
22.4074999,0.4357447028160095,-0.284311443567276,9.932944297790527,5.7373046875,0.518798828125,-0.732421875
22.4124999,0.31124621629714966,-0.228047713637352,9.727043151855469,-4.608154296875,0.030517578125,1.861572265625
22.4174999,0.5536591410636902,-0.292691171169281,9.627683639526367,-0.30517578125,-0.1220703125,-2.3193359375
22.422499900000002,0.45429977774620056,-0.3196259140968323,10.00836181640625,5.401611328125,0.3662109375,-0.18310546875
22.4274999,0.36092591285705566,-0.30945056676864624,9.701305389404297,-5.37109375,-0.3662109375,1.678466796875
22.4324999,0.5321113467216492,-0.29867666959762573,9.652822494506836,1.0986328125,-0.06103515625,-2.44140625
22.4374999,0.3860650360584259,-0.27653029561042786,10.006566047668457,4.82177734375,0.335693359375,0.396728515625
22.4424999,0.284311443567276,-0.2124854028224945,9.64803409576416,-6.195068359375,0.1220703125,1.312255859375
22.4474999,0.3597288131713867,-0.24420857429504395,9.989208221435547,3.509521484375,-0.06103515625,0.946044921875
22.4524999,0.3064578175544739,-0.24779987335205078,9.593565940856934,-6.317138671875,-0.701904296875,0.640869140625
22.457499900000002,0.5273229479789734,-0.3280056416988373,9.691129684448242,3.509521484375,-0.091552734375,-2.50244140625
22.4624999,0.38486793637275696,-0.28730419278144836,9.9371337890625,2.50244140625,-0.30517578125,1.28173828125
22.4674999,0.37169981002807617,-0.28969839215278625,9.564237594604492,-6.500244140625,-0.79345703125,0.244140625
22.4724999,0.5578489899635315,-0.30526071786880493,9.77672290802002,4.364013671875,-0.1220703125,-2.288818359375
22.4774999,0.3561375141143799,-0.23822307586669922,9.998785018920898,1.15966796875,0.152587890625,1.46484375
22.4824999,0.406415730714798,-0.27473464608192444,9.59057331085205,-5.401611328125,-0.457763671875,-0.30517578125
22.4874999,0.586579442024231,-0.3315969407558441,9.864709854125977,5.06591796875,-0.213623046875,-2.044677734375
22.492499900000002,0.3669114112854004,-0.2783259451389313,9.944915771484375,-0.274658203125,0.091552734375,2.044677734375
22.4974999,0.46986207365989685,-0.28790274262428284,9.551069259643555,-4.852294921875,-0.244140625,-0.762939453125
22.5024999,0.4950011968612671,-0.314238965511322,9.985017776489258,6.317138671875,0,-1.77001953125
22.5074999,0.2579752206802368,-0.25677812099456787,9.892841339111328,-2.716064453125,-0.579833984375,2.166748046875
22.5124999,0.5003881454467773,-0.31783026456832886,9.624691009521484,-3.0517578125,-0.152587890625,-1.495361328125
22.5174999,0.5015852451324463,-0.3405751883983612,10.039485931396484,6.591796875,0.54931640625,-1.3427734375
22.5224999,0.3232172429561615,-0.27892449498176575,9.852140426635742,-3.814697265625,-0.244140625,2.044677734375
22.527499900000002,0.5656301379203796,-0.314238965511322,9.666589736938477,-1.708984375,-0.457763671875,-1.983642578125
22.5324999,0.4800374507904053,-0.2849099934101105,10.039485931396484,6.011962890625,0.091552734375,-0.8544921875
22.5374999,0.33339259028434753,-0.24660277366638184,9.812037467956543,-4.69970703125,-0.54931640625,1.8310546875
22.5424999,0.5602431893348694,-0.29628247022628784,9.636661529541016,-0.30517578125,-0.030517578125,-2.13623046875
22.547499900000002,0.456095427274704,-0.26396074891090393,10.005369186401367,5.67626953125,0.457763671875,0.06103515625
22.5524999,0.5171475410461426,-0.2902969419956207,9.640851974487305,0.48828125,-0.42724609375,-2.716064453125
22.5574999,0.38546648621559143,-0.23523031175136566,10.022128105163574,4.69970703125,0.06103515625,0.30517578125
22.5624999,0.2908954918384552,-0.22445641458034515,9.668384552001953,-6.134033203125,-0.42724609375,1.129150390625
22.5674999,0.48063600063323975,-0.23283611238002777,9.701305389404297,2.62451171875,0.67138671875,-2.50244140625
22.5724999,0.3926490843296051,-0.2041056901216507,10.022128105163574,3.692626953125,0.152587890625,0.762939453125
22.5774999,0.333991140127182,-0.2555810213088989,9.612719535827637,-6.988525390625,-0.42724609375,0.42724609375
22.582499900000002,0.5518634915351868,-0.30047231912612915,9.714473724365234,3.7841796875,1.28173828125,-2.9296875
22.5874999,0.4016273319721222,-0.27413609623908997,9.982624053955078,2.8076171875,0.762939453125,1.434326171875
22.5924999,0.36810851097106934,-0.33698388934135437,9.588179588317871,-6.103515625,0.06103515625,0.518798828125
22.5974999,0.545877993106842,-0.30466216802597046,9.79647445678711,4.7607421875,0.396728515625,-2.44140625
22.6024999,0.3321954905986786,-0.2621650993824005,10.002376556396484,1.190185546875,-0.274658203125,1.495361328125
22.6074999,0.3693056106567383,-0.2759317457675934,9.567230224609375,-6.16455078125,-1.068115234375,-0.518798828125
22.6124999,0.5817909836769104,-0.3280056416988373,9.890447616577148,5.645751953125,-0.091552734375,-2.3193359375
22.617499900000002,0.33997663855552673,-0.2777273952960968,9.914389610290527,-1.434326171875,0.1220703125,1.922607421875
22.6224999,0.4752490520477295,-0.26575639843940735,9.579200744628906,-4.302978515625,-0.274658203125,-1.251220703125
22.6274999,0.5524620413780212,-0.31603461503982544,10.026318550109863,6.072998046875,0.274658203125,-1.953125
22.6324999,0.29388827085494995,-0.25258827209472656,9.909002304077148,-2.99072265625,0.18310546875,2.105712890625
22.6374999,0.5183446407318115,-0.27413609623908997,9.64923095703125,-3.2958984375,-0.18310546875,-1.46484375
22.6424999,0.5003881454467773,-0.32860419154167175,10.021530151367188,5.9814453125,0.030517578125,-1.129150390625
22.6474999,0.2932897210121155,-0.2663549482822418,9.79408073425293,-3.90625,-0.18310546875,1.922607421875
22.652499900000002,0.5213374495506287,-0.29149407148361206,9.605537414550781,-1.77001953125,-0.48828125,-2.25830078125
22.6574999,0.43335050344467163,-0.3064578175544739,9.962273597717285,6.134033203125,-0.152587890625,-0.67138671875
22.6624999,0.37888240814208984,-0.2849099934101105,9.70310115814209,-5.523681640625,-0.06103515625,1.312255859375
22.6674999,0.557250440120697,-0.30226796865463257,9.637859344482422,0.640869140625,0.18310546875,-2.960205078125
22.672499900000002,0.4279635548591614,-0.2759317457675934,9.996390342712402,5.157470703125,1.190185546875,0.457763671875
22.6774999,0.304063618183136,-0.2256535142660141,9.649829864501953,-5.706787109375,-0.18310546875,1.40380859375
22.6824999,0.46327802538871765,-0.21667525172233582,9.68694019317627,1.953125,0.091552734375,-2.8076171875
22.6874999,0.35254621505737305,-0.22026655077934265,10.013748168945312,3.814697265625,0.457763671875,0.9765625
22.6924999,0.2885012924671173,-0.22924481332302094,9.631275177001953,-6.134033203125,-0.518798828125,0.79345703125
22.6974999,0.5039794445037842,-0.3148375153541565,9.706692695617676,3.204345703125,-0.152587890625,-2.838134765625
22.7024999,0.3884592354297638,-0.29867666959762573,9.961674690246582,2.777099609375,0.518798828125,1.3427734375
22.707499900000002,0.36810851097106934,-0.30885201692581177,9.569025993347168,-5.859375,-0.396728515625,0.213623046875
22.7124999,0.37229835987091064,-0.24779987335205078,9.997588157653809,1.5869140625,0.54931640625,1.64794921875
22.7174999,0.4010287821292877,-0.26396074891090393,9.567828178405762,-5.92041015625,-0.152587890625,-0.091552734375
22.7224999,0.3645172119140625,-0.25977087020874023,9.906607627868652,0.274658203125,0.213623046875,1.983642578125
22.7274999,0.45250412821769714,-0.2777273952960968,9.493608474731445,-5.340576171875,0.06103515625,-0.396728515625
22.7324999,0.5626373887062073,-0.3345896899700165,9.830592155456543,6.011962890625,0.274658203125,-2.227783203125
22.7374999,0.292691171169281,-0.24480712413787842,9.837775230407715,-1.0986328125,-0.42724609375,2.13623046875
22.742499900000002,0.4165911078453064,-0.292691171169281,9.503185272216797,-4.119873046875,-0.091552734375,-1.068115234375
22.7474999,0.497395396232605,-0.30945056676864624,9.936535835266113,6.103515625,0.213623046875,-1.64794921875
22.7524999,0.2663549482822418,-0.2717418968677521,9.884461402893066,-2.44140625,0.06103515625,2.25830078125
22.7574999,0.5093663930892944,-0.3250128924846649,9.638457298278809,-3.387451171875,-0.518798828125,-1.617431640625
22.7624999,0.5339069962501526,-0.32860419154167175,10.044873237609863,6.256103515625,0.274658203125,-1.28173828125
22.7674999,0.5722141861915588,-0.3321954905986786,9.64803409576416,-1.77001953125,0.3662109375,-2.01416015625
22.7724999,0.47644615173339844,-0.2669534981250763,10.008959770202637,6.317138671875,0.3662109375,-0.3662109375
22.777499900000002,0.29807811975479126,-0.25737667083740234,9.785101890563965,-4.852294921875,0.18310546875,1.800537109375
22.7824999,0.5165489912033081,-0.284311443567276,9.621099472045898,-1.068115234375,-0.579833984375,-2.62451171875
22.7874999,0.4165911078453064,-0.23762452602386475,9.985017776489258,5.4931640625,-0.30517578125,-0.18310546875
22.7924999,0.3148375153541565,-0.30466216802597046,9.690531730651855,-5.828857421875,-0.274658203125,2.105712890625
22.797499900000002,0.5213374495506287,-0.30286651849746704,9.615114212036133,0.79345703125,0.06103515625,-2.5634765625
22.8024999,0.4058171808719635,-0.2495955228805542,9.985616683959961,4.82177734375,-0.30517578125,0.091552734375
22.8074999,0.32441434264183044,-0.28311434388160706,9.640851974487305,-6.16455078125,-0.3662109375,1.556396484375
22.8124999,0.5063736438751221,-0.22924481332302094,9.67077922821045,2.25830078125,0.42724609375,-2.716064453125
22.8174999,0.4076128304004669,-0.22864626348018646,10.017339706420898,4.0283203125,0.91552734375,0.823974609375
22.8224999,0.333991140127182,-0.2561795711517334,9.634267807006836,-5.889892578125,0.457763671875,0.79345703125
22.8274999,0.38905778527259827,-0.30047231912612915,9.989208221435547,2.655029296875,0.091552734375,1.46484375
22.832499900000002,0.3363853394985199,-0.30047231912612915,9.578003883361816,-5.889892578125,-0.457763671875,0.335693359375
22.8374999,0.5207388401031494,-0.314238965511322,9.73661994934082,4.180908203125,-0.06103515625,-2.62451171875
22.8424999,0.32381579279899597,-0.26994624733924866,9.967659950256348,1.40380859375,0.1220703125,1.5869140625
22.8474999,0.3477577865123749,-0.2621650993824005,9.531316757202148,-5.92041015625,-0.30517578125,-0.030517578125
22.8524999,0.5476736426353455,-0.31124621629714966,9.79288387298584,5.2490234375,0.152587890625,-2.44140625
22.8574999,0.3447650372982025,-0.28969839215278625,9.90122127532959,0.30517578125,0.30517578125,1.8310546875
22.8624999,0.4513070285320282,-0.30526071786880493,9.494805335998535,-5.035400390625,0.06103515625,-0.640869140625
22.867499900000002,0.5823895931243896,-0.3705027103424072,9.840168952941895,5.79833984375,0.30517578125,-2.105712890625
22.8724999,0.33279404044151306,-0.2795230448246002,9.874286651611328,-0.823974609375,0.42724609375,2.0751953125
22.8774999,0.44831427931785583,-0.2753331959247589,9.545681953430176,-4.669189453125,-0.3662109375,-1.220703125
22.8824999,0.517746090888977,-0.322618693113327,9.977835655212402,6.011962890625,0.274658203125,-1.5869140625
22.8874999,0.314238965511322,-0.3064578175544739,9.852738380432129,-3.692626953125,-0.457763671875,2.0751953125
22.8924999,0.545877993106842,-0.33698388934135437,9.639056205749512,-2.13623046875,0.244140625,-1.800537109375
22.8974999,0.4638765752315521,-0.3256114423274994,10.016142845153809,6.16455078125,0.518798828125,-0.762939453125
22.902499900000002,0.29628247022628784,-0.2585737705230713,9.785700798034668,-4.2724609375,-0.091552734375,1.861572265625
22.9074999,0.5315127968788147,-0.3010708689689636,9.623494148254395,-0.579833984375,0.30517578125,-2.166748046875
22.9124999,0.4423287510871887,-0.26755204796791077,9.978434562683105,5.401611328125,0.1220703125,-0.335693359375
22.9174999,0.34356793761253357,-0.28790274262428284,9.709086418151855,-5.615234375,-0.213623046875,1.8310546875
22.922499900000002,0.5446808934211731,-0.3034650683403015,9.63067626953125,0.946044921875,0.518798828125,-2.410888671875
22.9274999,0.4231751561164856,-0.2663549482822418,9.990405082702637,5.126953125,0.579833984375,0.396728515625
22.9324999,0.3130418658256531,-0.2585737705230713,9.657610893249512,-5.7373046875,-0.213623046875,1.678466796875
22.9374999,0.3621230125427246,-0.20889410376548767,10.00955867767334,4.39453125,0.030517578125,0.8544921875
22.9424999,0.2890998423099518,-0.22864626348018646,9.634865760803223,-6.28662109375,-0.823974609375,1.0986328125
22.9474999,0.5057750940322876,-0.2711433470249176,9.691728591918945,3.326416015625,0,-2.62451171875
22.9524999,0.4082113802433014,-0.25258827209472656,9.936535835266113,2.8076171875,0.1220703125,1.15966796875
22.957499900000002,0.37229835987091064,-0.3256114423274994,9.53969669342041,-6.16455078125,-0.3662109375,0.6103515625
22.9624999,0.5770025849342346,-0.31124621629714966,9.717466354370117,4.180908203125,0.48828125,-2.44140625
22.9674999,0.3824737071990967,-0.2902969419956207,9.96945571899414,1.678466796875,0.244140625,1.617431640625
22.9724999,0.39564183354377747,-0.29867666959762573,9.585784912109375,-5.828857421875,-0.48828125,-0.030517578125
22.9774999,0.5805938839912415,-0.2890998423099518,9.859322547912598,4.913330078125,0.213623046875,-2.3193359375
22.9824999,0.365115761756897,-0.2759317457675934,9.965864181518555,0.18310546875,-0.152587890625,1.983642578125
22.9874999,0.365115761756897,-0.2759317457675934,9.965864181518555,0.18310546875,-0.152587890625,1.983642578125
22.992499900000002,0.43993455171585083,-0.27892449498176575,9.5624418258667,-5.584716796875,-0.67138671875,-0.396728515625
22.9974999,0.3076549172401428,-0.27653029561042786,9.9000244140625,-0.732421875,0.06103515625,1.983642578125
23.0024999,0.3076549172401428,-0.27653029561042786,9.9000244140625,-0.732421875,0.06103515625,1.983642578125
23.0074999,0.41718965768814087,-0.28969839215278625,9.564835548400879,-4.119873046875,-0.54931640625,-1.007080078125
23.0124999,0.5051765441894531,-0.32860419154167175,9.965266227722168,6.34765625,0.030517578125,-1.556396484375
23.0174999,0.2645592987537384,-0.26575639843940735,9.907206535339355,-2.349853515625,0.213623046875,2.288818359375
23.0224999,0.4950011968612671,-0.30945056676864624,9.617507934570312,-3.2958984375,-0.1220703125,-1.678466796875
23.027499900000002,0.5333084464073181,-0.33518823981285095,9.995193481445312,6.40869140625,0.244140625,-1.220703125
23.0324999,0.3345896899700165,-0.2992752194404602,9.822811126708984,-3.570556640625,0.030517578125,2.166748046875
23.0374999,0.558447539806366,-0.3345896899700165,9.608530044555664,-2.532958984375,-0.274658203125,-1.89208984375
23.0424999,0.48063600063323975,-0.3208230137825012,9.9772367477417,6.561279296875,0.579833984375,-0.79345703125
23.047499900000002,0.2974795699119568,-0.26755204796791077,9.777320861816406,-4.33349609375,-0.1220703125,1.983642578125
23.0524999,0.5297171473503113,-0.2998737692832947,9.616909980773926,-1.190185546875,-0.335693359375,-2.105712890625
23.0574999,0.4423287510871887,-0.24779987335205078,9.97065258026123,5.645751953125,0.213623046875,-0.30517578125
23.0624999,0.547075092792511,-0.3064578175544739,9.63067626953125,0.54931640625,0.091552734375,-2.410888671875
23.0674999,0.43275195360183716,-0.2663549482822418,10.002376556396484,5.06591796875,0.640869140625,0.396728515625
23.0724999,0.3250128924846649,-0.29388827085494995,9.6803560256958,-5.828857421875,-0.457763671875,1.5869140625
23.0774999,0.4908113479614258,-0.2621650993824005,9.678560256958008,2.13623046875,0.457763671875,-2.685546875
23.082499900000002,0.3776853084564209,-0.21966800093650818,10.032303810119629,4.08935546875,0.274658203125,0.701904296875
23.0874999,0.2950853705406189,-0.2346317619085312,9.651625633239746,-6.4697265625,-0.762939453125,1.0986328125
23.0924999,0.5015852451324463,-0.26336219906806946,9.701904296875,2.44140625,-0.3662109375,-2.655029296875
23.0974999,0.3944447338581085,-0.25498247146606445,9.97065258026123,2.899169921875,-0.06103515625,1.190185546875
23.1024999,0.3429693877696991,-0.31364041566848755,9.558850288391113,-6.40869140625,-0.79345703125,0.67138671875
23.1074999,0.545877993106842,-0.30047231912612915,9.719860076904297,4.5166015625,0.42724609375,-2.655029296875
23.1124999,0.3531447649002075,-0.2513911724090576,9.96945571899414,2.01416015625,0.152587890625,1.312255859375
23.117499900000002,0.3531447649002075,-0.2555810213088989,9.982624053955078,0.518798828125,-0.091552734375,1.922607421875
23.1224999,0.363918662071228,-0.3100491166114807,9.90361499786377,-0.946044921875,0.244140625,2.166748046875
23.1274999,0.46986207365989685,-0.3034650683403015,9.551069259643555,-4.57763671875,0.152587890625,-1.190185546875
23.1324999,0.5452794432640076,-0.2861070930957794,9.967061996459961,6.04248046875,-0.152587890625,-1.953125
23.1374999,0.27653029561042786,-0.25438392162323,9.93474006652832,-2.410888671875,-0.030517578125,2.227783203125
23.1424999,0.46806642413139343,-0.25438392162323,9.612719535827637,-3.60107421875,-0.091552734375,-1.15966796875
23.1474999,0.5033808946609497,-0.32680854201316833,10.015543937683105,6.134033203125,0.457763671875,-1.3427734375
23.152499900000002,0.29388827085494995,-0.3034650683403015,9.839570045471191,-2.777099609375,0.1220703125,2.13623046875
23.1574999,0.5327098965644836,-0.3148375153541565,9.601346969604492,-2.349853515625,-0.152587890625,-1.800537109375
23.1624999,0.2974795699119568,-0.25079262256622314,9.791686058044434,-4.08935546875,-0.274658203125,2.044677734375
23.1674999,0.5422866940498352,-0.2902969419956207,9.667187690734863,-1.3427734375,-0.48828125,-2.044677734375
23.172499900000002,0.43993455171585083,-0.29149407148361206,10.022727012634277,5.889892578125,0.213623046875,-0.30517578125
23.1774999,0.333991140127182,-0.284311443567276,9.782109260559082,-4.730224609375,0.1220703125,1.8310546875
23.1824999,0.5620388388633728,-0.30945056676864624,9.655217170715332,0.244140625,0.213623046875,-2.471923828125
23.1874999,0.4537012279033661,-0.3034650683403015,9.999981880187988,5.67626953125,0.54931640625,-0.213623046875
23.1924999,0.3645172119140625,-0.2663549482822418,9.657012939453125,-5.67626953125,0.396728515625,1.52587890625
23.1974999,0.524330198764801,-0.2322375625371933,9.633070945739746,1.007080078125,0.091552734375,-2.50244140625
23.2024999,0.36750996112823486,-0.26336219906806946,9.983222961425781,3.509521484375,0.6103515625,1.0986328125
23.207499900000002,0.36750996112823486,-0.26336219906806946,9.983222961425781,3.509521484375,0.6103515625,1.0986328125
23.2124999,0.3423708379268646,-0.28072014451026917,9.956886291503906,2.105712890625,0.18310546875,1.3427734375
23.2174999,0.3405751883983612,-0.29149407148361206,9.567230224609375,-5.889892578125,-0.030517578125,0.335693359375
23.2224999,0.5530605912208557,-0.32860419154167175,9.81263542175293,5.0048828125,0.1220703125,-2.349853515625
23.2274999,0.3603273630142212,-0.27712884545326233,9.982624053955078,1.312255859375,0.30517578125,1.556396484375
23.2324999,0.4531026780605316,-0.3124433159828186,9.567230224609375,-5.43212890625,0.54931640625,-0.3662109375
23.2374999,0.6165069341659546,-0.35733461380004883,9.856928825378418,5.4931640625,0.67138671875,-1.922607421875
23.242499900000002,0.3908534348011017,-0.284311443567276,9.871294021606445,-0.152587890625,0.54931640625,2.044677734375
23.2474999,0.47405192255973816,-0.29807811975479126,9.496601104736328,-5.0048828125,-0.30517578125,-1.03759765625
23.2524999,0.547075092792511,-0.3315969407558441,9.874884605407715,6.134033203125,0.335693359375,-1.8310546875
23.2574999,0.26156654953956604,-0.2190694510936737,9.898228645324707,-1.77001953125,0.457763671875,2.197265625
23.2624999,0.42197805643081665,-0.2585737705230713,9.61451530456543,-3.662109375,-0.244140625,-1.28173828125
23.2674999,0.518943190574646,-0.29209262132644653,9.652822494506836,-2.655029296875,-0.274658203125,-1.708984375
23.2724999,0.4950011968612671,-0.3196259140968323,10.017339706420898,6.103515625,0.030517578125,-1.03759765625
23.277499900000002,0.31842881441116333,-0.2555810213088989,9.773131370544434,-4.08935546875,0.091552734375,2.166748046875
23.2824999,0.5590460896492004,-0.3130418658256531,9.59835433959961,-1.52587890625,-0.30517578125,-2.01416015625
23.2874999,0.45429977774620056,-0.3082534670829773,9.965266227722168,5.7373046875,0.274658203125,-0.579833984375
23.2924999,0.3214215636253357,-0.2753331959247589,9.738415718078613,-4.7607421875,-0.213623046875,1.708984375
23.297499900000002,0.5506663918495178,-0.3298012912273407,9.613917350769043,0.152587890625,0.457763671875,-2.13623046875
23.3024999,0.44532153010368347,-0.3058592677116394,9.979032516479492,5.2490234375,0.54931640625,0.091552734375
23.3074999,0.35254621505737305,-0.29388827085494995,9.64923095703125,-5.401611328125,-0.030517578125,1.28173828125
23.3124999,0.5279214978218079,-0.28730419278144836,9.611522674560547,0.91552734375,-0.396728515625,-2.5634765625
23.3174999,0.3794809579849243,-0.2495955228805542,9.971251487731934,4.425048828125,0.091552734375,0.6103515625
23.3224999,0.44532153010368347,-0.2232593148946762,9.696516990661621,2.0751953125,-0.640869140625,-2.716064453125
23.3274999,0.345363587141037,-0.21787235140800476,10.001777648925781,3.692626953125,0.06103515625,0.732421875
23.332499900000002,0.3082534670829773,-0.23283611238002777,9.586981773376465,-6.378173828125,0.274658203125,0.8544921875
23.3374999,0.5339069962501526,-0.3064578175544739,9.698312759399414,3.265380859375,-0.1220703125,-2.532958984375
23.3424999,0.39564183354377747,-0.2801215946674347,9.910798072814941,2.44140625,0.18310546875,1.220703125
23.3474999,0.38486793637275696,-0.31184476613998413,9.531915664672852,-6.134033203125,0.091552734375,0.213623046875
23.3524999,0.5740098357200623,-0.32860419154167175,9.757569313049316,4.669189453125,0.457763671875,-2.288818359375
23.3574999,0.353743314743042,-0.25677812099456787,9.984419822692871,1.251220703125,0.457763671875,1.64794921875
23.3624999,0.5578489899635315,-0.3292027413845062,9.864709854125977,5.462646484375,0.30517578125,-2.227783203125
23.367499900000002,0.33698388934135437,-0.2717418968677521,9.911994934082031,0,0.213623046875,1.89208984375
23.3724999,0.43993455171585083,-0.2867056429386139,9.517550468444824,-4.94384765625,-0.244140625,-0.8544921875
23.3774999,0.28969839215278625,-0.20709845423698425,9.895236015319824,-1.556396484375,0.6103515625,2.25830078125
23.3824999,0.4465186297893524,-0.2513911724090576,9.564835548400879,-3.96728515625,-0.762939453125,-1.40380859375
23.3874999,0.5135562419891357,-0.3034650683403015,10.016741752624512,6.2255859375,-0.1220703125,-1.46484375
23.3924999,0.27712884545326233,-0.24181437492370605,9.889848709106445,-2.9296875,0.457763671875,2.13623046875
23.3974999,0.5273229479789734,-0.31184476613998413,9.639056205749512,-2.62451171875,0.213623046875,-1.678466796875
23.402499900000002,0.5003881454467773,-0.35015198588371277,10.014945983886719,6.378173828125,0.274658203125,-0.91552734375
23.4074999,0.304063618183136,-0.2801215946674347,9.79527759552002,-3.936767578125,0.244140625,1.953125
23.4124999,0.5410895943641663,-0.33039984107017517,9.61212158203125,-1.953125,-0.396728515625,-2.044677734375
23.4174999,0.4357447028160095,-0.30945056676864624,9.985616683959961,6.2255859375,0.48828125,-0.3662109375
23.422499900000002,0.29867666959762573,-0.25737667083740234,9.765948295593262,-4.57763671875,0.274658203125,1.8310546875
23.4274999,0.535702645778656,-0.3100491166114807,9.639056205749512,-0.30517578125,0.06103515625,-2.25830078125
23.4324999,0.43993455171585083,-0.2885012924671173,9.999382972717285,5.584716796875,0.42724609375,-0.152587890625
23.4374999,0.35494041442871094,-0.2783259451389313,9.662399291992188,-5.584716796875,-0.152587890625,1.373291015625
23.4424999,0.406415730714798,-0.24241292476654053,9.948506355285645,4.638671875,0.48828125,0.54931640625
23.4474999,0.2974795699119568,-0.21607670187950134,9.599552154541016,-5.859375,-0.30517578125,0.91552734375
23.4524999,0.4704606235027313,-0.24241292476654053,9.671976089477539,2.410888671875,0.152587890625,-2.685546875
23.457499900000002,0.3627215623855591,-0.25079262256622314,9.990405082702637,3.662109375,0.48828125,1.068115234375
23.4624999,0.3166331648826599,-0.2621650993824005,9.600150108337402,-6.103515625,-0.3662109375,0.6103515625
23.4674999,0.5363011956214905,-0.32441434264183044,9.68155288696289,3.72314453125,0.42724609375,-2.471923828125
23.4724999,0.4040215313434601,-0.28131869435310364,9.932345390319824,2.50244140625,0.42724609375,1.46484375
23.4774999,0.3866635859012604,-0.29568392038345337,9.537900924682617,-6.04248046875,-0.518798828125,0.091552734375
23.4824999,0.5746083855628967,-0.32202014327049255,9.750985145568848,4.364013671875,-0.1220703125,-2.197265625
23.4874999,0.353743314743042,-0.25019407272338867,9.986215591430664,1.068115234375,0.48828125,1.77001953125
23.492499900000002,0.39564183354377747,-0.28969839215278625,9.547477722167969,-5.615234375,-0.6103515625,-0.48828125
23.4974999,0.44412440061569214,-0.2908954918384552,9.503783226013184,-4.730224609375,-0.396728515625,-0.823974609375
23.5024999,0.5578489899635315,-0.34177228808403015,9.876082420349121,6.011962890625,0.091552734375,-1.739501953125
23.5074999,0.2968810200691223,-0.22505496442317963,9.894637107849121,-1.617431640625,0.3662109375,2.01416015625
23.5124999,0.44831427931785583,-0.27473464608192444,9.5624418258667,-4.241943359375,-0.701904296875,-1.312255859375
23.5174999,0.518943190574646,-0.3190273642539978,10.014945983886719,6.4697265625,0,-1.28173828125
23.5224999,0.2825157940387726,-0.24899697303771973,9.907805442810059,-2.86865234375,0.152587890625,2.166748046875
23.527499900000002,0.535702645778656,-0.3100491166114807,9.655217170715332,-2.960205078125,-0.091552734375,-1.800537109375
23.5324999,0.517746090888977,-0.3315969407558441,10.04846477508545,6.4697265625,0.30517578125,-0.79345703125
23.5374999,0.322618693113327,-0.2537853717803955,9.810839653015137,-4.058837890625,0.42724609375,2.105712890625
23.5424999,0.5560533404350281,-0.304063618183136,9.627084732055664,-2.01416015625,-0.48828125,-2.197265625
23.547499900000002,0.43933600187301636,-0.292691171169281,9.982025146484375,6.103515625,0.30517578125,-0.274658203125
23.5524999,0.5321113467216492,-0.3214215636253357,9.636063575744629,-0.06103515625,0.244140625,-2.5634765625
23.5574999,0.4255693554878235,-0.31184476613998413,10.019734382629395,5.67626953125,0.3662109375,0.18310546875
23.5624999,0.3405751883983612,-0.3016694188117981,9.702502250671387,-5.4931640625,-0.1220703125,1.8310546875
23.5674999,0.5285200476646423,-0.30047231912612915,9.651625633239746,0.762939453125,-0.3662109375,-2.593994140625
23.5724999,0.38905778527259827,-0.2579752206802368,10.004171371459961,4.730224609375,0.213623046875,0.640869140625
23.5774999,0.29209262132644653,-0.21667525172233582,9.625887870788574,-6.011962890625,0,1.3427734375
23.582499900000002,0.4728548228740692,-0.23762452602386475,9.667187690734863,2.166748046875,-0.42724609375,-2.593994140625
23.5874999,0.3758896589279175,-0.23702596127986908,9.967659950256348,3.7841796875,0.3662109375,0.885009765625
23.5924999,0.32202014327049255,-0.262763649225235,9.576807022094727,-5.7373046875,-0.091552734375,0.701904296875
23.5974999,0.5500678420066833,-0.3315969407558441,9.687539100646973,3.570556640625,0.1220703125,-2.410888671875
23.6024999,0.3902548849582672,-0.28730419278144836,9.597756385803223,-6.011962890625,-0.762939453125,-0.579833984375
23.6074999,0.558447539806366,-0.3381809890270233,9.892242431640625,5.157470703125,-0.30517578125,-2.0751953125
23.6124999,0.34356793761253357,-0.27473464608192444,9.943120002746582,-0.335693359375,0.335693359375,2.0751953125
23.617499900000002,0.4495113790035248,-0.292691171169281,9.537900924682617,-5.218505859375,-0.54931640625,-0.946044921875
23.6224999,0.4495113790035248,-0.292691171169281,9.537900924682617,-5.218505859375,-0.54931640625,-0.946044921875
23.6274999,0.5524620413780212,-0.3405751883983612,9.898826599121094,5.950927734375,-0.1220703125,-1.89208984375
23.6324999,0.2819172441959381,-0.22266076505184174,9.889249801635742,-1.46484375,0.1220703125,2.01416015625
23.6374999,0.4381389021873474,-0.28072014451026917,9.55825138092041,-3.96728515625,0.1220703125,-1.129150390625
23.6424999,0.49380409717559814,-0.32680854201316833,9.984419822692871,6.500244140625,0.3662109375,-1.40380859375
23.6474999,0.262763649225235,-0.2693476974964142,9.860519409179688,-2.532958984375,0.274658203125,1.983642578125
23.652499900000002,0.32381579279899597,-0.2711433470249176,9.797672271728516,-3.997802734375,0.18310546875,2.13623046875
23.6574999,0.32381579279899597,-0.2711433470249176,9.797672271728516,-3.997802734375,0.18310546875,2.13623046875
23.6624999,0.5656301379203796,-0.3190273642539978,9.623494148254395,-1.708984375,-0.030517578125,-2.01416015625
23.6674999,0.4638765752315521,-0.30226796865463257,9.998186111450195,6.011962890625,0.42724609375,-0.42724609375
23.672499900000002,0.3256114423274994,-0.2579752206802368,9.77672290802002,-4.608154296875,-0.18310546875,1.77001953125
23.6774999,0.558447539806366,-0.31842881441116333,9.64803409576416,-0.152587890625,-0.18310546875,-2.5634765625
23.6824999,0.3531447649002075,-0.2885012924671173,9.679159164428711,-5.584716796875,-0.244140625,1.373291015625
23.6874999,0.3531447649002075,-0.2885012924671173,9.679159164428711,-5.584716796875,-0.244140625,1.373291015625
23.6924999,0.5333084464073181,-0.2885012924671173,9.654618263244629,1.40380859375,-0.030517578125,-2.62451171875
23.6974999,0.39205053448677063,-0.24899697303771973,10.007762908935547,4.669189453125,0.640869140625,0.640869140625
23.7024999,0.2944868206977844,-0.22206220030784607,9.64923095703125,-5.615234375,-0.30517578125,1.190185546875
23.707499900000002,0.47225627303123474,-0.24480712413787842,9.713275909423828,2.50244140625,-0.213623046875,-2.50244140625
23.7124999,0.3794809579849243,-0.31184476613998413,9.549273490905762,-5.950927734375,-0.30517578125,-0.091552734375
23.7174999,0.5644330382347107,-0.33039984107017517,9.769539833068848,4.39453125,-0.091552734375,-2.25830078125
23.7224999,0.3513490855693817,-0.2585737705230713,9.977835655212402,0.8544921875,0.3662109375,1.89208984375
23.7274999,0.4213795065879822,-0.27892449498176575,9.561244010925293,-5.859375,-0.6103515625,-0.67138671875
23.7324999,0.5811924338340759,-0.3232172429561615,9.859322547912598,5.37109375,0.1220703125,-2.166748046875
23.7374999,0.3495534360408783,-0.25677812099456787,9.895236015319824,-0.213623046875,0.3662109375,1.983642578125
23.742499900000002,0.4495113790035248,-0.28072014451026917,9.50857162475586,-4.791259765625,-0.06103515625,-1.251220703125
23.7474999,0.5333084464073181,-0.3345896899700165,9.87967300415039,5.645751953125,-0.457763671875,-1.861572265625
23.7524999,0.26156654953956604,-0.22625206410884857,9.889848709106445,-1.5869140625,-0.091552734375,2.38037109375
23.7574999,0.5333084464073181,-0.32441434264183044,9.622895240783691,-2.716064453125,0.244140625,-1.678466796875
23.7624999,0.40282443165779114,-0.28790274262428284,10.029311180114746,5.706787109375,-0.6103515625,-0.640869140625
23.7674999,0.2890998423099518,-0.25917232036590576,9.813833236694336,-5.126953125,-1.15966796875,1.5869140625
23.7724999,0.5195417404174805,-0.2932897210121155,9.668983459472656,-0.42724609375,-0.885009765625,-2.349853515625
23.777499900000002,0.43694180250167847,-0.2908954918384552,10.01075553894043,5.462646484375,0.244140625,0.152587890625
23.7824999,0.35434186458587646,-0.27473464608192444,9.642647743225098,-5.584716796875,-0.701904296875,1.3427734375
23.7874999,0.524330198764801,-0.262763649225235,9.59596061706543,1.15966796875,-0.396728515625,-2.86865234375
23.7924999,0.41359832882881165,-0.27473464608192444,9.941922187805176,3.41796875,0.9765625,1.220703125
23.797499900000002,0.3585317134857178,-0.30226796865463257,9.542689323425293,-6.134033203125,0.06103515625,1.220703125
23.8024999,0.5644330382347107,-0.36810851097106934,9.676764488220215,3.72314453125,0.79345703125,-2.410888671875
23.8074999,0.3645172119140625,-0.2998737692832947,9.954492568969727,2.13623046875,0.48828125,1.373291015625
23.8124999,0.3387795388698578,-0.2890998423099518,9.57441234588623,-6.317138671875,-0.3662109375,0.030517578125
23.8174999,0.518943190574646,-0.28550854325294495,9.814431190490723,4.547119140625,-0.06103515625,-2.655029296875
23.8224999,0.3106476664543152,-0.2148796021938324,9.996390342712402,0.518798828125,-0.06103515625,1.800537109375
23.8274999,0.3878606855869293,-0.24420857429504395,9.552266120910645,-5.615234375,-0.579833984375,-0.152587890625
23.832499900000002,0.5566518902778625,-0.32202014327049255,9.84615421295166,5.7373046875,0.091552734375,-2.410888671875
23.8374999,0.3298012912273407,-0.2579752206802368,9.880870819091797,-0.457763671875,-0.54931640625,1.708984375
23.8424999,0.5500678420066833,-0.31842881441116333,9.912593841552734,6.103515625,0.335693359375,-1.556396484375
23.8474999,0.29867666959762573,-0.21368250250816345,9.923966407775879,-1.77001953125,-0.274658203125,2.227783203125
23.8524999,0.5111620426177979,-0.26994624733924866,9.616909980773926,-3.173828125,0.457763671875,-1.556396484375
23.8574999,0.5596446394920349,-0.31364041566848755,10.034099578857422,6.317138671875,0.823974609375,-1.52587890625
23.8624999,0.363918662071228,-0.2759317457675934,9.873088836669922,-2.9296875,0.54931640625,2.777099609375
23.867499900000002,0.6117185354232788,-0.34177228808403015,9.627084732055664,-2.3193359375,1.64794921875,-1.8310546875
23.8724999,0.5446808934211731,-0.32381579279899597,9.999382972717285,6.072998046875,1.8310546875,-1.0986328125
23.8774999,0.3321954905986786,-0.2651578485965729,9.773730278015137,-4.21142578125,1.556396484375,2.44140625
23.8824999,0.5291185975074768,-0.3130418658256531,9.611522674560547,-1.0986328125,-0.06103515625,-2.044677734375
23.8874999,0.37828385829925537,-0.24181437492370605,9.988011360168457,5.859375,-0.732421875,-0.9765625
23.8924999,0.22864626348018646,-0.2561795711517334,9.73661994934082,-5.767822265625,-1.220703125,1.678466796875
23.8974999,0.43993455171585083,-0.2885012924671173,9.64803409576416,0.762939453125,-1.068115234375,-1.922607421875
23.902499900000002,0.2950853705406189,-0.2777273952960968,9.68274974822998,-6.256103515625,-0.79345703125,1.129150390625
23.9074999,0.507570743560791,-0.2783259451389313,9.696516990661621,1.617431640625,-0.335693359375,-2.197265625
23.9124999,0.4213795065879822,-0.2256535142660141,10.053851127624512,4.5166015625,0.518798828125,0.946044921875
23.9174999,0.3693056106567383,-0.2495955228805542,9.651625633239746,-6.28662109375,0.79345703125,0.67138671875
23.922499900000002,0.3734954595565796,-0.3076549172401428,9.537302017211914,-6.195068359375,0.244140625,0.396728515625
23.9274999,0.5279214978218079,-0.30885201692581177,9.719860076904297,4.241943359375,0.3662109375,-2.716064453125
23.9324999,0.2974795699119568,-0.23702596127986908,9.966463088989258,1.8310546875,0.274658203125,1.739501953125
23.937499900000002,0.29867666959762573,-0.2753331959247589,9.557653427124023,-5.767822265625,-0.54931640625,-0.18310546875
23.9424999,0.4991910457611084,-0.27054479718208313,9.839570045471191,5.18798828125,-1.068115234375,-2.44140625
23.9474999,0.30526071786880493,-0.22445641458034515,9.944915771484375,0.06103515625,-0.640869140625,1.983642578125
23.9524999,0.5925649404525757,-0.32381579279899597,9.867103576660156,5.92041015625,-0.06103515625,-1.861572265625
23.957499900000002,0.3663128614425659,-0.2579752206802368,9.876680374145508,-1.251220703125,0.701904296875,1.953125
23.9624999,0.49380409717559814,-0.32022446393966675,9.546280860900879,-4.730224609375,0.396728515625,-1.129150390625
23.9674999,0.5638344883918762,-0.2998737692832947,9.976638793945312,6.561279296875,1.312255859375,-1.5869140625
23.9724999,0.2998737692832947,-0.25737667083740234,9.946112632751465,-2.25830078125,0.762939453125,1.983642578125
23.9774999,0.5015852451324463,-0.32202014327049255,9.652822494506836,-3.41796875,0.091552734375,-1.617431640625
23.9824999,0.5063736438751221,-0.30526071786880493,10.059837341308594,6.317138671875,0.1220703125,-1.007080078125
23.9874999,0.29149407148361206,-0.29867666959762573,9.879075050354004,-3.72314453125,-0.67138671875,2.13623046875
23.992499900000002,0.5225345492362976,-0.345363587141037,9.655217170715332,-2.288818359375,-0.6103515625,-1.861572265625
23.9974999,0.43754035234451294,-0.2717418968677521,10.032303810119629,6.439208984375,0.518798828125,-0.54931640625
