# Time (seconds),Accel_X,Accel_Y,Accel_Z,Gyro_X,Gyro_Y,Gyro_Z
0.0024999,0.872686505317688,-0.5632359385490417,9.769539833068848,0,0.091552734375,-0.213623046875
0.0074999,0.8744821548461914,-0.5662286877632141,9.773730278015137,0.06103515625,0.091552734375,-0.213623046875
0.012499900000000001,0.8744821548461914,-0.5662286877632141,9.773730278015137,0.06103515625,0.091552734375,-0.213623046875
0.0174999,0.8756792545318604,-0.5692214369773865,9.77672290802002,0.091552734375,-0.06103515625,-0.274658203125
0.0224999,0.8786720037460327,-0.5728127360343933,9.777320861816406,0.030517578125,0.030517578125,-0.30517578125
0.0274999,0.8744821548461914,-0.5716156363487244,9.765350341796875,0.06103515625,-0.030517578125,-0.152587890625
0.0324999,0.8792705535888672,-0.5680243372917175,9.768941879272461,0.06103515625,0,-0.152587890625
0.0374999,0.8774749040603638,-0.5626373887062073,9.758766174316406,-0.030517578125,0.030517578125,-0.18310546875
0.0424999,0.8738836050033569,-0.557250440120697,9.759963035583496,0.06103515625,0.152587890625,-0.152587890625
0.0474999,0.8643068075180054,-0.5542576909065247,9.765948295593262,0.030517578125,0.06103515625,-0.274658203125
0.0524999,0.8631097078323364,-0.5566518902778625,9.775525093078613,0.06103515625,0.06103515625,-0.30517578125
0.0574999,0.861314058303833,-0.5596446394920349,9.773730278015137,0.030517578125,0.213623046875,-0.30517578125
0.0624999,0.8589198589324951,-0.5620388388633728,9.77013874053955,0.030517578125,0,-0.213623046875
0.0674999,0.8619126081466675,-0.5662286877632141,9.773131370544434,-0.06103515625,0.030517578125,-0.244140625
0.0724999,0.8583213090896606,-0.5644330382347107,9.763554573059082,-0.030517578125,-0.091552734375,-0.18310546875
0.0774999,0.8643068075180054,-0.5638344883918762,9.771934509277344,0.030517578125,-0.091552734375,-0.1220703125
0.0824999,0.8864531517028809,-0.5590460896492004,9.777320861816406,0.06103515625,0,-0.274658203125
0.0874999,0.8864531517028809,-0.5590460896492004,9.777320861816406,0.06103515625,0,-0.274658203125
0.0924999,0.8864531517028809,-0.558447539806366,9.767744064331055,-0.030517578125,0.152587890625,-0.152587890625
0.0974999,0.8876502513885498,-0.5590460896492004,9.776124000549316,0.030517578125,0.030517578125,-0.213623046875
0.1024999,0.872686505317688,-0.5596446394920349,9.77253246307373,0.06103515625,0.030517578125,-0.213623046875
0.1074999,0.8696937561035156,-0.5632359385490417,9.780313491821289,0.1220703125,-0.030517578125,-0.30517578125
0.1124999,0.8601169586181641,-0.5656301379203796,9.774328231811523,0.030517578125,0,-0.1220703125
0.1174999,0.8583213090896606,-0.5680243372917175,9.77791976928711,0.06103515625,0.091552734375,-0.152587890625
0.1224999,0.8601169586181641,-0.5668272376060486,9.777320861816406,0.030517578125,0.06103515625,-0.18310546875
0.1274999,0.8601169586181641,-0.5668272376060486,9.770736694335938,0.030517578125,-0.152587890625,-0.152587890625
0.1324999,0.8720879554748535,-0.5656301379203796,9.774328231811523,0.091552734375,-0.030517578125,-0.244140625
0.1374999,0.871489405632019,-0.5650315880775452,9.764751434326172,0.06103515625,0.030517578125,-0.213623046875
0.1424999,0.882861852645874,-0.5650315880775452,9.766547203063965,0.1220703125,-0.030517578125,-0.274658203125
0.1474999,0.8852560520172119,-0.5614402890205383,9.767146110534668,-0.091552734375,0.152587890625,-0.30517578125
0.1524999,0.8846575021743774,-0.5560533404350281,9.766547203063965,-0.030517578125,0.06103515625,-0.274658203125
0.1574999,0.8870517015457153,-0.5530605912208557,9.77672290802002,-0.06103515625,0.1220703125,-0.42724609375
0.1624999,0.8744821548461914,-0.5578489899635315,9.77133560180664,0.091552734375,0.091552734375,-0.274658203125
0.1674999,0.8744821548461914,-0.5578489899635315,9.77133560180664,0.091552734375,0.091552734375,-0.274658203125
0.1724999,0.8631097078323364,-0.5638344883918762,9.764751434326172,-0.06103515625,0,-0.244140625
0.17749990000000002,0.8667010068893433,-0.5704185366630554,9.773131370544434,0,0.06103515625,-0.244140625
0.1824999,0.8619126081466675,-0.5704185366630554,9.767146110534668,0.1220703125,0.244140625,-0.30517578125
0.1874999,0.8667010068893433,-0.568622887134552,9.77133560180664,0.030517578125,0.244140625,-0.30517578125
0.1924999,0.871489405632019,-0.5656301379203796,9.774927139282227,0.1220703125,0.30517578125,-0.3662109375
0.1974999,0.8678981065750122,-0.5614402890205383,9.771934509277344,0,0.091552734375,-0.152587890625
0.2024999,0.8696937561035156,-0.5608417391777039,9.783307075500488,-0.091552734375,0.1220703125,-0.274658203125
0.20749990000000001,0.8655039072036743,-0.558447539806366,9.779715538024902,-0.06103515625,-0.06103515625,-0.244140625
0.2124999,0.8637082576751709,-0.5590460896492004,9.782708168029785,0.030517578125,-0.091552734375,-0.213623046875
0.2174999,0.8667010068893433,-0.5566518902778625,9.782708168029785,0.030517578125,0.06103515625,-0.244140625
0.2224999,0.8655039072036743,-0.558447539806366,9.77791976928711,-0.091552734375,-0.030517578125,-0.18310546875
0.2274999,0.8649053573608398,-0.5596446394920349,9.77253246307373,0.091552734375,-0.091552734375,-0.213623046875
0.2324999,0.8661024570465088,-0.5614402890205383,9.77253246307373,0,-0.091552734375,-0.213623046875
0.2374999,0.8720879554748535,-0.5638344883918762,9.774328231811523,0,0.06103515625,-0.274658203125
0.2424999,0.871489405632019,-0.5704185366630554,9.768941879272461,0,0.1220703125,-0.213623046875
0.2474999,0.8696937561035156,-0.5710170865058899,9.773131370544434,0.091552734375,0.091552734375,-0.152587890625
0.2524999,0.861314058303833,-0.5674257874488831,9.764751434326172,-0.06103515625,-0.030517578125,-0.244140625
0.2574999,0.8637082576751709,-0.5668272376060486,9.773730278015137,0.06103515625,0,-0.335693359375
0.2624999,0.8643068075180054,-0.5650315880775452,9.766547203063965,-0.1220703125,-0.030517578125,-0.274658203125
0.2674999,0.8690952062606812,-0.5638344883918762,9.774328231811523,-0.1220703125,0.06103515625,-0.30517578125
0.2724999,0.8655039072036743,-0.5626373887062073,9.767146110534668,0.030517578125,0,-0.244140625
0.2774999,0.8667010068893433,-0.5608417391777039,9.774328231811523,0,0,-0.274658203125
0.2824999,0.8643068075180054,-0.5614402890205383,9.77133560180664,-0.030517578125,0.030517578125,-0.335693359375
0.28749990000000003,0.8601169586181641,-0.5602431893348694,9.767146110534668,-0.06103515625,-0.152587890625,-0.335693359375
0.2924999,0.8649053573608398,-0.5620388388633728,9.767146110534668,-0.1220703125,0,-0.335693359375
0.2974999,0.8619126081466675,-0.5602431893348694,9.759963035583496,-0.06103515625,-0.1220703125,-0.213623046875
0.3024999,0.8684966564178467,-0.558447539806366,9.765350341796875,0.06103515625,-0.06103515625,-0.244140625
0.3074999,0.871489405632019,-0.558447539806366,9.765948295593262,0.1220703125,-0.030517578125,-0.213623046875
0.3124999,0.8684966564178467,-0.557250440120697,9.767744064331055,-0.06103515625,0.091552734375,-0.18310546875
0.3174999,0.8750807046890259,-0.558447539806366,9.77672290802002,-0.030517578125,0.18310546875,-0.244140625
0.3224999,0.872686505317688,-0.5632359385490417,9.77672290802002,0.030517578125,0.091552734375,-0.213623046875
0.3274999,0.8744821548461914,-0.5638344883918762,9.776124000549316,0.152587890625,0.030517578125,-0.213623046875
0.3324999,0.8690952062606812,-0.5674257874488831,9.77133560180664,0,-0.030517578125,-0.18310546875
0.3374999,0.872686505317688,-0.5668272376060486,9.777320861816406,0.06103515625,0.06103515625,-0.213623046875
0.3424999,0.8631097078323364,-0.5656301379203796,9.775525093078613,-0.06103515625,-0.06103515625,-0.274658203125
0.34749990000000003,0.861314058303833,-0.5638344883918762,9.781511306762695,-0.1220703125,-0.152587890625,-0.30517578125
0.35249990000000003,0.8637082576751709,-0.5644330382347107,9.786897659301758,0,-0.06103515625,-0.30517578125
0.3574999,0.8643068075180054,-0.5638344883918762,9.782708168029785,0.030517578125,-0.1220703125,-0.274658203125
0.3624999,0.8774749040603638,-0.5638344883918762,9.784503936767578,0,0,-0.213623046875
0.3674999,0.8810662031173706,-0.5632359385490417,9.773131370544434,-0.030517578125,0.030517578125,-0.091552734375
0.3724999,0.8870517015457153,-0.5614402890205383,9.77133560180664,0,0.18310546875,-0.18310546875
0.3774999,0.8924387097358704,-0.5608417391777039,9.773131370544434,0,0.274658203125,-0.30517578125
0.3824999,0.8858546018600464,-0.558447539806366,9.778518676757812,0.091552734375,0.06103515625,-0.030517578125
0.3874999,0.8786720037460327,-0.558447539806366,9.777320861816406,0.06103515625,0.091552734375,-0.091552734375
0.3924999,0.8774749040603638,-0.5596446394920349,9.777320861816406,0.06103515625,0.06103515625,-0.152587890625
0.3974999,0.8804676532745361,-0.5638344883918762,9.782708168029785,0.091552734375,0.091552734375,-0.213623046875
0.4024999,0.8792705535888672,-0.5662286877632141,9.771934509277344,0.06103515625,-0.030517578125,-0.152587890625
0.4074999,0.8816647529602051,-0.5680243372917175,9.77253246307373,0.1220703125,-0.091552734375,-0.213623046875
0.41249990000000003,0.8804676532745361,-0.5668272376060486,9.768342971801758,-0.06103515625,0.030517578125,-0.244140625
0.41749990000000003,0.8768763542175293,-0.5650315880775452,9.770736694335938,0,0.091552734375,-0.244140625
0.4224999,0.8744821548461914,-0.5638344883918762,9.77253246307373,0.1220703125,0.030517578125,-0.244140625
0.4274999,0.8684966564178467,-0.5626373887062073,9.774927139282227,0.1220703125,0.030517578125,-0.244140625
0.4324999,0.8684966564178467,-0.5644330382347107,9.784503936767578,0.06103515625,0.18310546875,-0.152587890625
0.4374999,0.8661024570465088,-0.5644330382347107,9.780912399291992,0,-0.030517578125,-0.1220703125
0.4424999,0.8732850551605225,-0.568622887134552,9.788095474243164,-0.06103515625,0.152587890625,-0.396728515625
0.4474999,0.871489405632019,-0.568622887134552,9.77253246307373,0.030517578125,-0.152587890625,-0.274658203125
0.4524999,0.8774749040603638,-0.5674257874488831,9.775525093078613,0.030517578125,-0.06103515625,-0.396728515625
0.4574999,0.8780734539031982,-0.5632359385490417,9.763554573059082,0,0.152587890625,-0.1220703125
0.4624999,0.8792705535888672,-0.5578489899635315,9.756970405578613,0.06103515625,0.06103515625,-0.18310546875
0.4674999,0.8876502513885498,-0.557250440120697,9.763554573059082,0.152587890625,0.274658203125,-0.335693359375
0.47249990000000003,0.8816647529602051,-0.5566518902778625,9.757569313049316,0.152587890625,0.091552734375,-0.152587890625
0.47749990000000003,0.8852560520172119,-0.5578489899635315,9.767744064331055,0.1220703125,0.06103515625,-0.18310546875
0.4824999,0.8696937561035156,-0.5590460896492004,9.773131370544434,0.06103515625,-0.091552734375,-0.152587890625
0.4874999,0.8643068075180054,-0.5602431893348694,9.7791166305542,0,-0.030517578125,-0.30517578125
0.4924999,0.8577227592468262,-0.5626373887062073,9.773131370544434,0.06103515625,0.1220703125,-0.274658203125
0.4974999,0.8619126081466675,-0.5662286877632141,9.767146110534668,-0.06103515625,-0.030517578125,-0.30517578125
0.5024999,0.8661024570465088,-0.5650315880775452,9.766547203063965,-0.06103515625,0.06103515625,-0.274658203125
0.5074999,0.8708908557891846,-0.5626373887062073,9.768941879272461,-0.030517578125,0.06103515625,-0.274658203125
0.5124999,0.8667010068893433,-0.5596446394920349,9.762357711791992,0.030517578125,0.06103515625,-0.152587890625
0.5174999,0.8708908557891846,-0.5602431893348694,9.768941879272461,0.030517578125,0.030517578125,-0.213623046875
0.5224999,0.8702923059463501,-0.5602431893348694,9.765350341796875,0,-0.152587890625,-0.213623046875
0.5274999,0.8702923059463501,-0.5596446394920349,9.766547203063965,-0.030517578125,-0.244140625,-0.213623046875
0.5324999,0.8768763542175293,-0.5620388388633728,9.77791976928711,0.091552734375,0,-0.30517578125
0.5374999,0.8756792545318604,-0.5602431893348694,9.773730278015137,0.091552734375,-0.152587890625,-0.152587890625
0.5424999,0.8792705535888672,-0.5614402890205383,9.782708168029785,-0.030517578125,0.030517578125,-0.244140625
0.5474999,0.8792705535888672,-0.5632359385490417,9.780313491821289,0.030517578125,0.18310546875,-0.274658203125
0.5524999,0.8738836050033569,-0.5632359385490417,9.774927139282227,0.030517578125,0.091552734375,-0.213623046875
0.5574999,0.8678981065750122,-0.5656301379203796,9.77253246307373,-0.091552734375,0.1220703125,-0.274658203125
0.5624999,0.8678981065750122,-0.5680243372917175,9.777320861816406,0.06103515625,0,-0.213623046875
0.5674999000000001,0.862511157989502,-0.5668272376060486,9.777320861816406,-0.030517578125,0.030517578125,-0.213623046875
0.5724999000000001,0.8583213090896606,-0.5668272376060486,9.773730278015137,0.030517578125,-0.030517578125,-0.213623046875
0.5774999000000001,0.8583213090896606,-0.5674257874488831,9.777320861816406,-0.06103515625,0.06103515625,-0.244140625
0.5824999,0.8517372608184814,-0.5626373887062073,9.767744064331055,0.030517578125,-0.244140625,-0.18310546875
0.5874999,0.8565256595611572,-0.5620388388633728,9.769539833068848,0.030517578125,-0.091552734375,-0.30517578125
0.5924999,0.861314058303833,-0.5596446394920349,9.765948295593262,0,0,-0.274658203125
0.5974999,0.8655039072036743,-0.5560533404350281,9.764751434326172,0.030517578125,-0.1220703125,-0.1220703125
0.6024999,0.8786720037460327,-0.5596446394920349,9.773131370544434,-0.06103515625,0.18310546875,-0.244140625
0.6074999,0.8780734539031982,-0.557250440120697,9.773131370544434,0,0.030517578125,-0.152587890625
0.6124999,0.8822633028030396,-0.558447539806366,9.782109260559082,0,0.091552734375,-0.244140625
0.6174999,0.8804676532745361,-0.5542576909065247,9.78869342803955,-0.091552734375,0.030517578125,-0.30517578125
0.6224999,0.8780734539031982,-0.5548562407493591,9.77791976928711,0,-0.091552734375,-0.244140625
0.6274999,0.8804676532745361,-0.5566518902778625,9.780912399291992,0,0,-0.152587890625
0.6324999,0.8798691034317017,-0.5596446394920349,9.777320861816406,-0.091552734375,0.06103515625,-0.244140625
0.6374999,0.8756792545318604,-0.557250440120697,9.773131370544434,-0.06103515625,0.030517578125,-0.213623046875
0.6424999,0.8750807046890259,-0.5560533404350281,9.777320861816406,0.091552734375,0.1220703125,-0.213623046875
0.6474999,0.8684966564178467,-0.5548562407493591,9.773131370544434,0.1220703125,-0.06103515625,-0.274658203125
0.6524999,0.8672995567321777,-0.5524620413780212,9.77791976928711,0,0.030517578125,-0.244140625
0.6574999,0.8678981065750122,-0.5548562407493591,9.777320861816406,0,0.06103515625,-0.30517578125
0.6624999,0.8649053573608398,-0.5560533404350281,9.776124000549316,0.030517578125,-0.152587890625,-0.244140625
0.6674999,0.8696937561035156,-0.5614402890205383,9.782109260559082,0.030517578125,0.091552734375,-0.274658203125
0.6724999,0.8678981065750122,-0.5704185366630554,9.777320861816406,-0.030517578125,0.06103515625,-0.3662109375
0.6774999,0.8643068075180054,-0.5704185366630554,9.77133560180664,0.030517578125,0.030517578125,-0.274658203125
0.6824999,0.8672995567321777,-0.5728127360343933,9.775525093078613,0.18310546875,0.244140625,-0.152587890625
0.6874999,0.8637082576751709,-0.5722141861915588,9.765948295593262,0.1220703125,0.091552734375,-0.1220703125
0.6924999000000001,0.8637082576751709,-0.5740098357200623,9.768941879272461,0,0.1220703125,-0.244140625
0.6974999000000001,0.8655039072036743,-0.5740098357200623,9.766547203063965,0.030517578125,0.06103515625,-0.18310546875
0.7024999000000001,0.8631097078323364,-0.5716156363487244,9.761758804321289,0.030517578125,-0.091552734375,-0.152587890625
0.7074999,0.8672995567321777,-0.569819986820221,9.766547203063965,0.091552734375,-0.091552734375,-0.335693359375
0.7124999,0.8667010068893433,-0.5662286877632141,9.759963035583496,0.030517578125,-0.091552734375,-0.244140625
0.7174999,0.8720879554748535,-0.5644330382347107,9.764153480529785,0,0.030517578125,-0.244140625
0.7224999,0.8762778043746948,-0.5668272376060486,9.77672290802002,0.06103515625,0.091552734375,-0.335693359375
0.7274999,0.8672995567321777,-0.5632359385490417,9.77133560180664,-0.030517578125,0.1220703125,-0.152587890625
0.7324999,0.8661024570465088,-0.5608417391777039,9.777320861816406,-0.030517578125,0.06103515625,-0.244140625
0.7374999,0.8619126081466675,-0.5566518902778625,9.776124000549316,0.06103515625,0.091552734375,-0.274658203125
0.7424999,0.8619126081466675,-0.5566518902778625,9.782708168029785,-0.06103515625,-0.030517578125,-0.213623046875
0.7474999,0.8631097078323364,-0.5566518902778625,9.78989028930664,-0.030517578125,0.152587890625,-0.30517578125
0.7524999,0.8607155084609985,-0.5590460896492004,9.785700798034668,-0.030517578125,-0.030517578125,-0.152587890625
0.7574999,0.8720879554748535,-0.5608417391777039,9.777320861816406,0.030517578125,-0.06103515625,-0.244140625
0.7624999,0.8720879554748535,-0.5608417391777039,9.777320861816406,0.030517578125,-0.06103515625,-0.244140625
0.7674999,0.8774749040603638,-0.5644330382347107,9.77672290802002,-0.06103515625,-0.030517578125,-0.335693359375
0.7724999,0.8732850551605225,-0.5656301379203796,9.768941879272461,0.030517578125,-0.091552734375,-0.274658203125
0.7774999,0.8762778043746948,-0.5680243372917175,9.776124000549316,0,0.1220703125,-0.3662109375
0.7824999,0.8702923059463501,-0.5674257874488831,9.77253246307373,0,-0.06103515625,-0.213623046875
0.7874999,0.8702923059463501,-0.5674257874488831,9.77672290802002,0,-0.030517578125,-0.152587890625
0.7924999,0.8756792545318604,-0.5668272376060486,9.782109260559082,0,-0.06103515625,-0.213623046875
0.7974999,0.8756792545318604,-0.5650315880775452,9.775525093078613,0.030517578125,0,-0.152587890625
0.8024999,0.8816647529602051,-0.569819986820221,9.768941879272461,-0.030517578125,0.1220703125,-0.152587890625
0.8074999,0.8487445116043091,-0.558447539806366,9.767146110534668,0.030517578125,0,-0.18310546875
0.8124999,0.8487445116043091,-0.5560533404350281,9.77013874053955,0.06103515625,-0.18310546875,-0.091552734375
0.8174999000000001,0.8577227592468262,-0.557250440120697,9.776124000549316,0.091552734375,-0.06103515625,-0.244140625
0.8224999000000001,0.8589198589324951,-0.558447539806366,9.773131370544434,0.091552734375,-0.152587890625,-0.1220703125
0.8274999000000001,0.8750807046890259,-0.5620388388633728,9.783307075500488,0.06103515625,-0.152587890625,-0.18310546875
0.8324999000000001,0.8804676532745361,-0.5656301379203796,9.780313491821289,0.030517578125,-0.030517578125,-0.244140625
0.8374999,0.8876502513885498,-0.5674257874488831,9.7791166305542,0,-0.1220703125,-0.213623046875
0.8424999,0.8954314589500427,-0.569819986820221,9.77791976928711,0.091552734375,0.152587890625,-0.335693359375
0.8474999,0.889445960521698,-0.568622887134552,9.768342971801758,0.1220703125,0.030517578125,-0.213623046875
0.8524999,0.8882488012313843,-0.5662286877632141,9.773730278015137,0.091552734375,0.18310546875,-0.244140625
0.8574999,0.8702923059463501,-0.5578489899635315,9.774927139282227,0.18310546875,0,-0.213623046875
0.8624999,0.8684966564178467,-0.5536591410636902,9.781511306762695,0.06103515625,0.1220703125,-0.30517578125
0.8674999,0.8619126081466675,-0.5506663918495178,9.77791976928711,-0.030517578125,-0.06103515625,-0.152587890625
0.8724999,0.8661024570465088,-0.5524620413780212,9.780912399291992,0,-0.06103515625,-0.152587890625
0.8774999,0.8678981065750122,-0.5554547905921936,9.775525093078613,-0.06103515625,0.091552734375,-0.274658203125
0.8824999,0.8774749040603638,-0.5722141861915588,9.763554573059082,0.1220703125,-0.030517578125,-0.091552734375
0.8874999,0.8798691034317017,-0.5770025849342346,9.770736694335938,0.06103515625,0.030517578125,-0.244140625
0.8924999,0.8792705535888672,-0.5776011347770691,9.767744064331055,-0.06103515625,0.06103515625,-0.274658203125
0.8974999,0.8762778043746948,-0.5764040350914001,9.765350341796875,0,0.091552734375,-0.244140625
0.9024999,0.8804676532745361,-0.5734112858772278,9.765948295593262,0.030517578125,0.244140625,-0.244140625
0.9074999,0.8756792545318604,-0.5656301379203796,9.764751434326172,0.06103515625,0.091552734375,-0.18310546875
0.9124999,0.8738836050033569,-0.5650315880775452,9.765948295593262,0.1220703125,0.091552734375,-0.244140625
0.9174999,0.8655039072036743,-0.5632359385490417,9.77013874053955,0.06103515625,0.030517578125,-0.18310546875
0.9224999,0.8672995567321777,-0.5650315880775452,9.780912399291992,0.091552734375,0.18310546875,-0.18310546875
0.9274999,0.8619126081466675,-0.5614402890205383,9.77791976928711,0,-0.030517578125,-0.152587890625
0.9324999,0.8607155084609985,-0.5590460896492004,9.787496566772461,-0.1220703125,0.030517578125,-0.274658203125
0.9374999,0.8595184087753296,-0.5620388388633728,9.788095474243164,0,0.091552734375,-0.274658203125
0.9424999000000001,0.8547300100326538,-0.5614402890205383,9.78869342803955,0.1220703125,0,-0.18310546875
0.9474999000000001,0.861314058303833,-0.5704185366630554,9.79408073425293,-0.06103515625,-0.030517578125,-0.335693359375
0.9524999000000001,0.8637082576751709,-0.5710170865058899,9.783905029296875,0.091552734375,-0.18310546875,-0.18310546875
0.9574999000000001,0.8738836050033569,-0.5746083855628967,9.783905029296875,0.091552734375,-0.152587890625,-0.152587890625
0.9624999,0.8804676532745361,-0.5716156363487244,9.774927139282227,-0.06103515625,-0.091552734375,-0.30517578125
0.9674999,0.8888474106788635,-0.5614402890205383,9.771934509277344,0.030517578125,0.091552734375,-0.213623046875
0.9724999,0.8876502513885498,-0.5560533404350281,9.767146110534668,0.1220703125,0.152587890625,-0.30517578125
0.9774999,0.8888474106788635,-0.557250440120697,9.774328231811523,0.030517578125,0.274658203125,-0.30517578125
0.9824999,0.8876502513885498,-0.557250440120697,9.773730278015137,0.030517578125,0.244140625,-0.335693359375
0.9874999,0.8810662031173706,-0.5614402890205383,9.770736694335938,-0.030517578125,0.06103515625,-0.274658203125
0.9924999,0.8780734539031982,-0.5638344883918762,9.778518676757812,0.030517578125,0.152587890625,-0.213623046875
0.9974999,0.8690952062606812,-0.5656301379203796,9.77133560180664,0.091552734375,0.06103515625,-0.213623046875
1.0024999,0.8684966564178467,-0.5656301379203796,9.77791976928711,-0.030517578125,0.091552734375,-0.30517578125
1.0074999000000002,0.8696937561035156,-0.5656301379203796,9.776124000549316,0.06103515625,0.06103515625,-0.244140625
1.0124999000000001,0.8708908557891846,-0.5608417391777039,9.77013874053955,-0.06103515625,-0.091552734375,-0.244140625
1.0174999000000002,0.8798691034317017,-0.5602431893348694,9.776124000549316,-0.091552734375,0.06103515625,-0.213623046875
1.0224999000000001,0.8786720037460327,-0.558447539806366,9.765948295593262,0,-0.030517578125,-0.244140625
1.0274999,0.8834604024887085,-0.5590460896492004,9.77013874053955,0,0.06103515625,-0.244140625
1.0324999000000001,0.8798691034317017,-0.5566518902778625,9.765350341796875,0,0,-0.152587890625
1.0374999,0.8774749040603638,-0.5590460896492004,9.774328231811523,-0.06103515625,0.213623046875,-0.30517578125
1.0424999000000001,0.8678981065750122,-0.5638344883918762,9.77253246307373,0,0.091552734375,-0.18310546875
1.0474999,0.8661024570465088,-0.568622887134552,9.77013874053955,-0.030517578125,0.091552734375,-0.3662109375
1.0524999000000002,0.8631097078323364,-0.5692214369773865,9.761758804321289,-0.030517578125,0.1220703125,-0.18310546875
1.0574999,0.8655039072036743,-0.5710170865058899,9.763554573059082,-0.030517578125,0.030517578125,-0.244140625
1.0624999000000002,0.8619126081466675,-0.569819986820221,9.75637149810791,0.06103515625,-0.1220703125,-0.335693359375
1.0674999,0.8637082576751709,-0.5710170865058899,9.764153480529785,0.06103515625,0.091552734375,-0.244140625
1.0724999000000002,0.8684966564178467,-0.569819986820221,9.769539833068848,-0.06103515625,0.152587890625,-0.42724609375
1.0774999,0.8696937561035156,-0.5692214369773865,9.767744064331055,-0.1220703125,0.030517578125,-0.244140625
1.0824999000000002,0.8810662031173706,-0.5656301379203796,9.774927139282227,0.030517578125,-0.030517578125,-0.274658203125
1.0874999,0.8822633028030396,-0.5626373887062073,9.782109260559082,0.091552734375,-0.1220703125,-0.274658203125
1.0924999000000002,0.882861852645874,-0.5632359385490417,9.791686058044434,0.1220703125,0.213623046875,-0.335693359375
1.0974999,0.872686505317688,-0.5596446394920349,9.786897659301758,0.06103515625,0.06103515625,-0.244140625
1.1024999000000002,0.8684966564178467,-0.5620388388633728,9.79527759552002,0.06103515625,0.030517578125,-0.274658203125
1.1074999,0.8583213090896606,-0.5590460896492004,9.785700798034668,0.091552734375,0.06103515625,-0.213623046875
1.1124999000000002,0.8523358106613159,-0.5590460896492004,9.785101890563965,-0.030517578125,-0.06103515625,-0.152587890625
1.1174999,0.8547300100326538,-0.557250440120697,9.782708168029785,0.030517578125,0,-0.18310546875
1.1224999000000002,0.8577227592468262,-0.557250440120697,9.775525093078613,0.091552734375,-0.030517578125,-0.18310546875
1.1274999,0.8696937561035156,-0.5608417391777039,9.773730278015137,0.213623046875,0,-0.18310546875
1.1324999000000002,0.8780734539031982,-0.5638344883918762,9.768342971801758,0.06103515625,-0.030517578125,-0.244140625
1.1374999000000001,0.8852560520172119,-0.5674257874488831,9.765948295593262,0,0.06103515625,-0.244140625
1.1424999000000002,0.8876502513885498,-0.5680243372917175,9.771934509277344,-0.06103515625,0.06103515625,-0.274658203125
1.1474999000000001,0.8870517015457153,-0.5656301379203796,9.782708168029785,-0.030517578125,0.06103515625,-0.213623046875
1.1524999000000002,0.8774749040603638,-0.5614402890205383,9.77791976928711,0,0.213623046875,-0.244140625
1.1574999000000001,0.8690952062606812,-0.558447539806366,9.77672290802002,0.06103515625,0.1220703125,-0.213623046875
1.1624999,0.8667010068893433,-0.5560533404350281,9.777320861816406,-0.06103515625,0.091552734375,-0.244140625
1.1674999000000001,0.8595184087753296,-0.5554547905921936,9.769539833068848,0,-0.06103515625,-0.213623046875
1.1724999,0.861314058303833,-0.5566518902778625,9.777320861816406,-0.06103515625,-0.091552734375,-0.213623046875
1.1774999000000002,0.861314058303833,-0.557250440120697,9.7791166305542,-0.06103515625,0.030517578125,-0.091552734375
1.1824999,0.8619126081466675,-0.557250440120697,9.782109260559082,0,0.030517578125,-0.18310546875
1.1874999000000002,0.8684966564178467,-0.5596446394920349,9.790489196777344,-0.030517578125,0.030517578125,-0.30517578125
1.1924999,0.8678981065750122,-0.5602431893348694,9.782109260559082,0.091552734375,0,-0.1220703125
1.1974999000000002,0.8744821548461914,-0.5638344883918762,9.774328231811523,0,-0.030517578125,-0.091552734375
1.2024999,0.8774749040603638,-0.5680243372917175,9.782109260559082,0.030517578125,0.06103515625,-0.213623046875
1.2074999000000002,0.8744821548461914,-0.5674257874488831,9.778518676757812,0,0.030517578125,-0.30517578125
1.2124999,0.8768763542175293,-0.5674257874488831,9.787496566772461,0.091552734375,0.06103515625,-0.335693359375
1.2174999000000002,0.8750807046890259,-0.5668272376060486,9.7791166305542,0,0.1220703125,-0.335693359375
1.2224999,0.8702923059463501,-0.5662286877632141,9.778518676757812,0.091552734375,0.1220703125,-0.152587890625
1.2274999000000002,0.8720879554748535,-0.568622887134552,9.77791976928711,0.1220703125,0.213623046875,-0.18310546875
1.2324999,0.8649053573608398,-0.5692214369773865,9.768342971801758,-0.030517578125,-0.06103515625,-0.1220703125
1.2374999000000002,0.8696937561035156,-0.5704185366630554,9.776124000549316,-0.18310546875,0.030517578125,-0.244140625
1.2424999,0.8690952062606812,-0.5710170865058899,9.767744064331055,-0.1220703125,-0.091552734375,-0.244140625
1.2474999000000002,0.8702923059463501,-0.5704185366630554,9.762955665588379,-0.030517578125,-0.18310546875,-0.274658203125
1.2524999,0.8738836050033569,-0.5734112858772278,9.75936508178711,0.030517578125,-0.18310546875,-0.152587890625
1.2574999000000002,0.8786720037460327,-0.5734112858772278,9.773131370544434,0,0.030517578125,-0.30517578125
1.2624999000000001,0.8768763542175293,-0.5704185366630554,9.77133560180664,0.091552734375,0.06103515625,-0.274658203125
1.2674999000000002,0.872686505317688,-0.5650315880775452,9.77133560180664,0.06103515625,0.152587890625,-0.1220703125
1.2724999000000001,0.8720879554748535,-0.5626373887062073,9.7791166305542,-0.06103515625,0.48828125,-0.213623046875
1.2774999000000002,0.8553285598754883,-0.5596446394920349,9.768342971801758,0,0.244140625,-0.244140625
1.2824999000000001,0.8469488620758057,-0.558447539806366,9.77672290802002,-0.091552734375,0.06103515625,-0.48828125
1.2874999,0.8361749649047852,-0.5566518902778625,9.777320861816406,-0.030517578125,-0.06103515625,-0.274658203125
1.2924999000000001,0.8313865661621094,-0.5536591410636902,9.771934509277344,0.030517578125,-0.152587890625,-0.213623046875
1.2974999,0.8457517623901367,-0.5566518902778625,9.777320861816406,-0.1220703125,-0.152587890625,-0.3662109375
1.3024999000000002,0.8457517623901367,-0.5566518902778625,9.777320861816406,-0.1220703125,-0.152587890625,-0.3662109375
1.3074999,0.8583213090896606,-0.5566518902778625,9.764751434326172,-0.091552734375,-0.244140625,-0.213623046875
1.3124999000000002,0.8972271084785461,-0.5638344883918762,9.761159896850586,0.06103515625,0.1220703125,-0.152587890625
1.3174999,0.9002198576927185,-0.5644330382347107,9.77253246307373,0.030517578125,0.335693359375,-0.152587890625
1.3224999000000002,0.8888474106788635,-0.5626373887062073,9.768342971801758,-0.030517578125,0.335693359375,-0.244140625
1.3274999,0.8792705535888672,-0.5650315880775452,9.77672290802002,0.091552734375,0.274658203125,-0.244140625
1.3324999000000002,0.8672995567321777,-0.5638344883918762,9.781511306762695,0.1220703125,0.335693359375,-0.274658203125
1.3374999,0.8577227592468262,-0.5602431893348694,9.782708168029785,0.06103515625,-0.06103515625,-0.274658203125
1.3424999000000002,0.8589198589324951,-0.558447539806366,9.798270225524902,0.091552734375,-0.06103515625,-0.18310546875
1.3474999,0.8553285598754883,-0.557250440120697,9.791686058044434,-0.091552734375,-0.1220703125,-0.213623046875
1.3524999000000002,0.8601169586181641,-0.5644330382347107,9.795876502990723,0,-0.244140625,-0.335693359375
1.3574999,0.8661024570465088,-0.5704185366630554,9.792284965515137,-0.091552734375,0,-0.274658203125
1.3624999000000002,0.8786720037460327,-0.5728127360343933,9.783307075500488,0.06103515625,0.1220703125,-0.3662109375
1.3674999,0.8786720037460327,-0.5650315880775452,9.770736694335938,0,0.213623046875,-0.274658203125
1.3724999000000002,0.8786720037460327,-0.5644330382347107,9.77133560180664,-0.152587890625,0.18310546875,-0.213623046875
1.3774999,0.8690952062606812,-0.5668272376060486,9.77253246307373,-0.06103515625,0.091552734375,-0.396728515625
1.3824999000000002,0.8559271097183228,-0.5716156363487244,9.77013874053955,0.06103515625,-0.06103515625,-0.244140625
1.3874999000000001,0.849941611289978,-0.5752069354057312,9.787496566772461,0.06103515625,0,-0.213623046875
1.3924999000000002,0.8409633636474609,-0.5728127360343933,9.783307075500488,0.030517578125,-0.152587890625,-0.213623046875
1.3974999000000001,0.8481459617614746,-0.5668272376060486,9.791088104248047,0.030517578125,-0.274658203125,-0.244140625
1.4024999000000002,0.8553285598754883,-0.5608417391777039,9.79527759552002,-0.06103515625,-0.030517578125,-0.244140625
1.4074999000000001,0.862511157989502,-0.5596446394920349,9.784503936767578,-0.1220703125,-0.091552734375,-0.274658203125
1.4124999,0.8768763542175293,-0.5590460896492004,9.78869342803955,-0.06103515625,0.091552734375,-0.30517578125
1.4174999000000001,0.8846575021743774,-0.557250440120697,9.780313491821289,0.1220703125,0.18310546875,-0.152587890625
1.4224999,0.8918401598930359,-0.5566518902778625,9.777320861816406,0.06103515625,0,-0.152587890625
1.4274999000000002,0.884058952331543,-0.557250440120697,9.774328231811523,0,0.06103515625,-0.18310546875
1.4324999,0.8744821548461914,-0.5620388388633728,9.778518676757812,0.091552734375,0.030517578125,-0.1220703125
1.4374999000000002,0.8601169586181641,-0.5668272376060486,9.773131370544434,0,0.1220703125,-0.213623046875
1.4424999,0.851138710975647,-0.5662286877632141,9.765948295593262,0,-0.091552734375,-0.213623046875
1.4474999000000002,0.851138710975647,-0.5662286877632141,9.765948295593262,0,-0.091552734375,-0.213623046875
1.4524999,0.8619126081466675,-0.5704185366630554,9.773131370544434,0.030517578125,-0.18310546875,-0.244140625
1.4574999000000002,0.8637082576751709,-0.5728127360343933,9.765350341796875,-0.030517578125,-0.030517578125,-0.274658203125
1.4624999,0.8702923059463501,-0.5722141861915588,9.766547203063965,0.030517578125,0,-0.18310546875
1.4674999000000002,0.8780734539031982,-0.5692214369773865,9.769539833068848,0.06103515625,0.1220703125,-0.274658203125
1.4724999,0.8786720037460327,-0.5626373887062073,9.761758804321289,-0.06103515625,-0.030517578125,-0.244140625
1.4774999000000002,0.8864531517028809,-0.5608417391777039,9.766547203063965,-0.06103515625,0.091552734375,-0.274658203125
1.4824999,0.8684966564178467,-0.5620388388633728,9.775525093078613,-0.030517578125,-0.030517578125,-0.274658203125
1.4874999000000002,0.8643068075180054,-0.5614402890205383,9.785700798034668,0,0.06103515625,-0.274658203125
1.4924999,0.8577227592468262,-0.5614402890205383,9.783905029296875,0.091552734375,0.030517578125,-0.152587890625
1.4974999000000002,0.8541314601898193,-0.5650315880775452,9.783905029296875,-0.030517578125,0.06103515625,-0.1220703125
1.5024999,0.8601169586181641,-0.5668272376060486,9.786299705505371,0.06103515625,0.213623046875,-0.1220703125
1.5074999000000002,0.8583213090896606,-0.5632359385490417,9.780912399291992,-0.06103515625,0.091552734375,-0.213623046875
1.5124999000000001,0.8643068075180054,-0.5590460896492004,9.786299705505371,0.030517578125,0.18310546875,-0.152587890625
1.5174999000000002,0.8631097078323364,-0.5554547905921936,9.783307075500488,0,-0.06103515625,-0.244140625
1.5224999000000001,0.8619126081466675,-0.5512649416923523,9.782109260559082,0.030517578125,-0.213623046875,-0.274658203125
1.5274999000000002,0.8637082576751709,-0.5536591410636902,9.782708168029785,0,0.091552734375,-0.18310546875
1.5324999000000001,0.8690952062606812,-0.557250440120697,9.776124000549316,-0.152587890625,-0.06103515625,-0.274658203125
1.5374999000000003,0.8738836050033569,-0.5566518902778625,9.769539833068848,0.06103515625,-0.091552734375,-0.274658203125
1.5424999000000001,0.8816647529602051,-0.5602431893348694,9.767744064331055,0.091552734375,-0.06103515625,-0.244140625
1.5474999,0.8906430602073669,-0.5614402890205383,9.770736694335938,0.06103515625,0.1220703125,-0.335693359375
1.5524999000000002,0.8900445103645325,-0.5638344883918762,9.762955665588379,-0.06103515625,0.06103515625,-0.18310546875
1.5574999,0.8936358094215393,-0.5662286877632141,9.767146110534668,0.030517578125,0.244140625,-0.396728515625
1.5624999000000002,0.8864531517028809,-0.5638344883918762,9.764751434326172,0.030517578125,0.30517578125,-0.335693359375
1.5674999,0.8792705535888672,-0.5614402890205383,9.762357711791992,0.030517578125,0.152587890625,-0.30517578125
1.5724999000000002,0.8756792545318604,-0.5590460896492004,9.768342971801758,-0.030517578125,0.213623046875,-0.244140625
1.5774999,0.8637082576751709,-0.5590460896492004,9.763554573059082,-0.030517578125,-0.030517578125,-0.18310546875
1.5824999000000002,0.8661024570465088,-0.5602431893348694,9.773131370544434,0.1220703125,0.030517578125,-0.213623046875
1.5874999,0.8649053573608398,-0.5638344883918762,9.777320861816406,0.091552734375,-0.030517578125,-0.30517578125
1.5924999000000002,0.8774749040603638,-0.5590460896492004,9.788095474243164,0.06103515625,-0.091552734375,-0.091552734375
1.5974999,0.8858546018600464,-0.5578489899635315,9.791088104248047,0.030517578125,0,-0.1220703125
1.6024999000000002,0.8834604024887085,-0.5590460896492004,9.778518676757812,0.06103515625,0.030517578125,-0.30517578125
1.6074999,0.8732850551605225,-0.5590460896492004,9.770736694335938,0.091552734375,-0.030517578125,-0.152587890625
1.6124999000000002,0.8738836050033569,-0.5602431893348694,9.776124000549316,0.06103515625,0.152587890625,-0.274658203125
1.6174999,0.8678981065750122,-0.5608417391777039,9.770736694335938,0.030517578125,0.1220703125,-0.3662109375
1.6224999000000002,0.8655039072036743,-0.5602431893348694,9.768342971801758,0.1220703125,0.030517578125,-0.213623046875
1.6274999,0.8678981065750122,-0.5602431893348694,9.774927139282227,0.1220703125,0.18310546875,-0.457763671875
1.6324999000000002,0.8475474119186401,-0.5530605912208557,9.777320861816406,0,0,-0.18310546875
1.6374999000000001,0.8403648138046265,-0.5536591410636902,9.77253246307373,0.06103515625,-0.152587890625,-0.274658203125
1.6424999000000002,0.8475474119186401,-0.5530605912208557,9.779715538024902,-0.030517578125,-0.030517578125,-0.3662109375
1.6474999000000001,0.849941611289978,-0.5536591410636902,9.771934509277344,0,-0.091552734375,-0.1220703125
1.6524999000000002,0.8643068075180054,-0.5548562407493591,9.77791976928711,0.030517578125,-0.18310546875,-0.18310546875
1.6574999000000001,0.872686505317688,-0.557250440120697,9.777320861816406,-0.030517578125,-0.030517578125,-0.30517578125
1.6624999000000003,0.8810662031173706,-0.5608417391777039,9.773730278015137,0.030517578125,-0.18310546875,-0.244140625
1.6674999000000001,0.8882488012313843,-0.5668272376060486,9.777320861816406,-0.06103515625,-0.06103515625,-0.3662109375
1.6724999,0.8900445103645325,-0.5692214369773865,9.766547203063965,0.030517578125,0,-0.30517578125
1.6774999000000002,0.8918401598930359,-0.5704185366630554,9.770736694335938,0.091552734375,0.06103515625,-0.152587890625
1.6824999,0.8649053573608398,-0.5626373887062073,9.773131370544434,0.06103515625,-0.06103515625,-0.18310546875
1.6874999000000002,0.861314058303833,-0.5626373887062073,9.777320861816406,0.1220703125,0,-0.274658203125
1.6924999,0.8595184087753296,-0.5644330382347107,9.780313491821289,-0.091552734375,0.091552734375,-0.274658203125
1.6974999000000002,0.8583213090896606,-0.5638344883918762,9.775525093078613,-0.06103515625,-0.1220703125,-0.274658203125
1.7024999,0.8672995567321777,-0.5602431893348694,9.785700798034668,-0.030517578125,-0.1220703125,-0.335693359375
1.7074999000000002,0.8696937561035156,-0.558447539806366,9.77672290802002,0.030517578125,-0.030517578125,-0.152587890625
1.7124999,0.8774749040603638,-0.5518634915351868,9.783905029296875,-0.030517578125,-0.030517578125,-0.213623046875
1.7174999000000002,0.8834604024887085,-0.5524620413780212,9.785101890563965,-0.06103515625,-0.030517578125,-0.213623046875
1.7224999,0.8822633028030396,-0.5512649416923523,9.782109260559082,0.06103515625,0,-0.274658203125
1.7274999000000002,0.8864531517028809,-0.557250440120697,9.78989028930664,0.091552734375,-0.030517578125,-0.18310546875
1.7324999,0.8834604024887085,-0.5638344883918762,9.780912399291992,0.152587890625,-0.091552734375,-0.152587890625
1.7374999000000002,0.8744821548461914,-0.5704185366630554,9.769539833068848,0.091552734375,0.06103515625,-0.213623046875
1.7424999,0.8750807046890259,-0.5692214369773865,9.773730278015137,0,0.152587890625,-0.457763671875
1.7474999000000002,0.871489405632019,-0.5662286877632141,9.770736694335938,0.091552734375,0.06103515625,-0.396728515625
1.7524999,0.871489405632019,-0.5668272376060486,9.773131370544434,0.06103515625,0,-0.18310546875
1.7574999000000002,0.8738836050033569,-0.5638344883918762,9.781511306762695,-0.06103515625,0.030517578125,-0.244140625
1.7624999000000001,0.8696937561035156,-0.5626373887062073,9.778518676757812,0.06103515625,-0.1220703125,-0.18310546875
1.7674999000000002,0.872686505317688,-0.5620388388633728,9.786299705505371,0.030517578125,0.06103515625,-0.18310546875
1.7724999000000001,0.8690952062606812,-0.5644330382347107,9.780912399291992,0.06103515625,-0.030517578125,-0.244140625
1.7774999000000002,0.8678981065750122,-0.5650315880775452,9.780313491821289,0.030517578125,-0.244140625,-0.152587890625
1.7824999000000001,0.871489405632019,-0.5668272376060486,9.783307075500488,0,0.030517578125,-0.244140625
1.7874999000000003,0.8708908557891846,-0.5650315880775452,9.776124000549316,0,-0.091552734375,-0.213623046875
1.7924999000000001,0.8816647529602051,-0.5626373887062073,9.775525093078613,0.06103515625,0.091552734375,-0.274658203125
1.7974999,0.871489405632019,-0.5638344883918762,9.773131370544434,-0.06103515625,0.030517578125,-0.18310546875
1.8024999000000002,0.8702923059463501,-0.5680243372917175,9.781511306762695,0,0.1220703125,-0.244140625
1.8074999,0.8631097078323364,-0.5692214369773865,9.7791166305542,-0.06103515625,0.091552734375,-0.152587890625
1.8124999000000002,0.8595184087753296,-0.568622887134552,9.783905029296875,0.030517578125,-0.06103515625,-0.244140625
1.8174999,0.862511157989502,-0.5674257874488831,9.787496566772461,-0.030517578125,0.091552734375,-0.244140625
1.8224999000000002,0.8619126081466675,-0.5632359385490417,9.77791976928711,-0.030517578125,-0.030517578125,-0.18310546875
1.8274999,0.8678981065750122,-0.5608417391777039,9.785700798034668,-0.030517578125,0.06103515625,-0.335693359375
1.8324999000000002,0.8684966564178467,-0.557250440120697,9.778518676757812,-0.030517578125,-0.030517578125,-0.244140625
1.8374999,0.871489405632019,-0.5560533404350281,9.77672290802002,-0.030517578125,-0.152587890625,-0.1220703125
1.8424999000000002,0.8738836050033569,-0.5608417391777039,9.764751434326172,-0.030517578125,-0.06103515625,-0.274658203125
1.8474999,0.8804676532745361,-0.5656301379203796,9.764751434326172,-0.030517578125,0,-0.30517578125
1.8524999000000002,0.8786720037460327,-0.5680243372917175,9.75936508178711,0,0.091552734375,-0.213623046875
1.8574999,0.8786720037460327,-0.5662286877632141,9.762955665588379,0,0.06103515625,-0.30517578125
1.8624999000000002,0.8792705535888672,-0.5662286877632141,9.770736694335938,0,0.18310546875,-0.244140625
1.8674999,0.8732850551605225,-0.5626373887062073,9.768342971801758,-0.06103515625,0,-0.244140625
1.8724999000000002,0.8768763542175293,-0.5620388388633728,9.7791166305542,-0.06103515625,0.18310546875,-0.30517578125
1.8774999,0.8762778043746948,-0.5608417391777039,9.776124000549316,0.06103515625,0.091552734375,-0.274658203125
1.8824999000000002,0.8756792545318604,-0.5602431893348694,9.774328231811523,0.06103515625,-0.06103515625,-0.30517578125
1.8874999000000001,0.8804676532745361,-0.5626373887062073,9.7791166305542,-0.06103515625,0.152587890625,-0.274658203125
1.8924999000000002,0.8744821548461914,-0.5620388388633728,9.771934509277344,0,0.1220703125,-0.091552734375
1.8974999000000001,0.8774749040603638,-0.5632359385490417,9.7791166305542,0.06103515625,0.091552734375,-0.152587890625
1.9024999000000002,0.8684966564178467,-0.5608417391777039,9.77672290802002,0.091552734375,-0.152587890625,-0.18310546875
1.9074999000000001,0.8720879554748535,-0.5590460896492004,9.780313491821289,0.030517578125,0.030517578125,-0.213623046875
1.9124999000000003,0.8690952062606812,-0.5566518902778625,9.773730278015137,-0.06103515625,-0.06103515625,-0.18310546875
1.9174999000000001,0.8786720037460327,-0.5554547905921936,9.781511306762695,0.091552734375,0,-0.244140625
1.9224999,0.8870517015457153,-0.5644330382347107,9.776124000549316,-0.091552734375,-0.06103515625,-0.152587890625
1.9274999000000002,0.8954314589500427,-0.5692214369773865,9.779715538024902,-0.06103515625,0.1220703125,-0.274658203125
1.9324999,0.8912416100502014,-0.5716156363487244,9.769539833068848,0.091552734375,0.030517578125,-0.18310546875
1.9374999000000002,0.8912416100502014,-0.5716156363487244,9.769539833068848,0.091552734375,0.030517578125,-0.18310546875
1.9424999,0.8936358094215393,-0.5722141861915588,9.774328231811523,0.091552734375,0.18310546875,-0.274658203125
1.9474999000000002,0.8846575021743774,-0.5704185366630554,9.774328231811523,0.091552734375,0.152587890625,-0.335693359375
1.9524999,0.8750807046890259,-0.5662286877632141,9.773131370544434,0.1220703125,0.152587890625,-0.30517578125
1.9574999000000002,0.8631097078323364,-0.5626373887062073,9.775525093078613,-0.06103515625,0.06103515625,-0.18310546875
1.9624999,0.8631097078323364,-0.5626373887062073,9.775525093078613,-0.06103515625,0.06103515625,-0.18310546875
1.9674999000000002,0.8643068075180054,-0.5644330382347107,9.780313491821289,-0.030517578125,-0.1220703125,-0.18310546875
1.9724999,0.861314058303833,-0.5650315880775452,9.782109260559082,0,-0.152587890625,-0.30517578125
1.9774999000000002,0.8631097078323364,-0.5644330382347107,9.77791976928711,0,-0.06103515625,-0.30517578125
1.9824999,0.8672995567321777,-0.5662286877632141,9.785101890563965,0,0.1220703125,-0.3662109375
1.9874999000000002,0.8661024570465088,-0.5638344883918762,9.776124000549316,0,0,-0.18310546875
1.9924999,0.872686505317688,-0.5680243372917175,9.782109260559082,-0.06103515625,0.091552734375,-0.274658203125
1.9974999000000002,0.8738836050033569,-0.5668272376060486,9.776124000549316,0.091552734375,0,-0.335693359375
2.0024999,0.8720879554748535,-0.5560533404350281,9.7791166305542,-0.06103515625,0,-0.152587890625
2.0074999,0.8720879554748535,-0.5560533404350281,9.7791166305542,-0.06103515625,0,-0.152587890625
2.0124999000000003,0.8637082576751709,-0.5542576909065247,9.777320861816406,0.030517578125,-0.091552734375,-0.213623046875
2.0174999000000002,0.8601169586181641,-0.5560533404350281,9.786299705505371,0.091552734375,-0.06103515625,-0.30517578125
2.0224999,0.8583213090896606,-0.5620388388633728,9.785700798034668,0.1220703125,-0.030517578125,-0.244140625
2.0274999,0.8565256595611572,-0.5674257874488831,9.782708168029785,0.06103515625,-0.1220703125,-0.091552734375
2.0324999000000004,0.8637082576751709,-0.5758054852485657,9.787496566772461,0.030517578125,0.1220703125,-0.244140625
2.0374999000000003,0.8655039072036743,-0.5793967843055725,9.777320861816406,0.091552734375,0.030517578125,-0.244140625
2.0424999,0.8756792545318604,-0.5817909836769104,9.782708168029785,-0.091552734375,-0.091552734375,-0.18310546875
2.0474999,0.8804676532745361,-0.5817909836769104,9.7791166305542,-0.030517578125,0,-0.244140625
2.0524999,0.8852560520172119,-0.5776011347770691,9.77791976928711,0,-0.06103515625,-0.244140625
2.0574999000000003,0.8690952062606812,-0.5650315880775452,9.774927139282227,0,0,-0.42724609375
2.0624999,0.8649053573608398,-0.5602431893348694,9.766547203063965,0.1220703125,-0.030517578125,-0.244140625
2.0674999,0.871489405632019,-0.5578489899635315,9.767744064331055,0.06103515625,0.18310546875,-0.274658203125
2.0724999,0.8708908557891846,-0.557250440120697,9.757569313049316,0,0.030517578125,-0.18310546875
2.0774999000000003,0.8762778043746948,-0.5590460896492004,9.761758804321289,0.091552734375,0.030517578125,-0.3662109375
2.0824999,0.8768763542175293,-0.5620388388633728,9.759963035583496,-0.06103515625,0,-0.213623046875
2.0874999,0.8798691034317017,-0.5626373887062073,9.773730278015137,-0.030517578125,0.091552734375,-0.18310546875
2.0924999,0.8750807046890259,-0.5614402890205383,9.768342971801758,0.06103515625,-0.06103515625,-0.274658203125
2.0974999000000003,0.8720879554748535,-0.5602431893348694,9.7791166305542,0.06103515625,0.030517578125,-0.244140625
2.1024999,0.8762778043746948,-0.5674257874488831,9.79527759552002,0,0.152587890625,-0.244140625
2.1074999,0.8762778043746948,-0.5674257874488831,9.79527759552002,0,0.152587890625,-0.244140625
2.1124999,0.8768763542175293,-0.5656301379203796,9.785101890563965,-0.091552734375,0.06103515625,-0.244140625
2.1174999000000003,0.8810662031173706,-0.5680243372917175,9.787496566772461,0.06103515625,0.091552734375,-0.30517578125
2.1224999,0.8822633028030396,-0.5680243372917175,9.780912399291992,0.030517578125,0.152587890625,-0.335693359375
2.1274999,0.8774749040603638,-0.568622887134552,9.770736694335938,0.091552734375,0.06103515625,-0.152587890625
2.1324999,0.8810662031173706,-0.5710170865058899,9.7791166305542,0,0.06103515625,-0.30517578125
2.1374999000000003,0.8738836050033569,-0.568622887134552,9.77133560180664,0.091552734375,-0.1220703125,-0.335693359375
2.1424999000000002,0.8744821548461914,-0.5668272376060486,9.77791976928711,-0.030517578125,0.030517578125,-0.18310546875
2.1474999,0.8750807046890259,-0.5644330382347107,9.7791166305542,-0.152587890625,0.06103515625,-0.335693359375
2.1524999,0.8750807046890259,-0.5626373887062073,9.776124000549316,0.030517578125,-0.06103515625,-0.244140625
2.1574999000000004,0.8792705535888672,-0.5632359385490417,9.77791976928711,0.030517578125,0.091552734375,-0.335693359375
2.1624999000000003,0.8541314601898193,-0.5608417391777039,9.771934509277344,-0.06103515625,0,-0.274658203125
2.1674999,0.8517372608184814,-0.5620388388633728,9.762357711791992,-0.030517578125,-0.030517578125,-0.244140625
2.1724999,0.8541314601898193,-0.5626373887062073,9.766547203063965,0.030517578125,-0.091552734375,-0.18310546875
2.1774999000000004,0.8607155084609985,-0.5650315880775452,9.77253246307373,0.030517578125,-0.030517578125,-0.18310546875
2.1824999000000003,0.8637082576751709,-0.5668272376060486,9.771934509277344,0.06103515625,-0.091552734375,-0.30517578125
2.1874999,0.8750807046890259,-0.5674257874488831,9.782109260559082,-0.030517578125,0,-0.274658203125
2.1924999,0.8780734539031982,-0.5668272376060486,9.777320861816406,0.06103515625,0.030517578125,-0.18310546875
2.1974999,0.8870517015457153,-0.5608417391777039,9.767744064331055,-0.06103515625,0.18310546875,-0.152587890625
2.2024999000000003,0.8804676532745361,-0.5566518902778625,9.75637149810791,-0.091552734375,0.091552734375,-0.213623046875
2.2074999,0.8780734539031982,-0.5602431893348694,9.7605619430542,-0.1220703125,0.06103515625,-0.30517578125
2.2124999,0.8672995567321777,-0.5608417391777039,9.759963035583496,0,0.152587890625,-0.213623046875
2.2174999,0.8601169586181641,-0.5620388388633728,9.7605619430542,0.030517578125,0.1220703125,-0.152587890625
2.2224999000000003,0.8589198589324951,-0.5614402890205383,9.764751434326172,0.06103515625,0.152587890625,-0.30517578125
2.2274999,0.8571242094039917,-0.5608417391777039,9.75936508178711,0.030517578125,0.091552734375,-0.18310546875
2.2324999,0.862511157989502,-0.5602431893348694,9.766547203063965,0.06103515625,0.091552734375,-0.18310546875
2.2374999,0.8661024570465088,-0.5626373887062073,9.766547203063965,0.030517578125,-0.030517578125,-0.3662109375
2.2424999000000003,0.8678981065750122,-0.5662286877632141,9.767744064331055,-0.091552734375,0.06103515625,-0.335693359375
2.2474999,0.8744821548461914,-0.569819986820221,9.77253246307373,-0.030517578125,0.030517578125,-0.274658203125
2.2524999,0.872686505317688,-0.5710170865058899,9.766547203063965,0.213623046875,-0.1220703125,-0.244140625
2.2574999,0.8750807046890259,-0.5674257874488831,9.774328231811523,-0.030517578125,-0.091552734375,-0.244140625
2.2624999000000003,0.8708908557891846,-0.5626373887062073,9.775525093078613,-0.091552734375,-0.1220703125,-0.335693359375
2.2674999000000002,0.8732850551605225,-0.5602431893348694,9.783307075500488,-0.091552734375,0.152587890625,-0.335693359375
2.2724999,0.8690952062606812,-0.5590460896492004,9.77133560180664,0.06103515625,0.152587890625,-0.244140625
2.2774999,0.8696937561035156,-0.558447539806366,9.774927139282227,0.152587890625,0,-0.213623046875
2.2824999000000004,0.8702923059463501,-0.558447539806366,9.77133560180664,0.091552734375,0.18310546875,-0.213623046875
2.2874999000000003,0.8672995567321777,-0.557250440120697,9.77013874053955,0,0.213623046875,-0.152587890625
2.2924999,0.8708908557891846,-0.5596446394920349,9.77791976928711,-0.030517578125,0.274658203125,-0.274658203125
2.2974999,0.8667010068893433,-0.5596446394920349,9.773730278015137,0,0.18310546875,-0.30517578125
2.3024999000000004,0.8661024570465088,-0.5614402890205383,9.77791976928711,0.06103515625,0,-0.152587890625
2.3074999000000003,0.8655039072036743,-0.5632359385490417,9.780313491821289,0.030517578125,0.030517578125,-0.244140625
2.3124999,0.8619126081466675,-0.5590460896492004,9.775525093078613,-0.1220703125,-0.1220703125,-0.244140625
2.3174999,0.8667010068893433,-0.5554547905921936,9.77133560180664,0.06103515625,-0.091552734375,-0.213623046875
2.3224999,0.8750807046890259,-0.5566518902778625,9.770736694335938,-0.06103515625,-0.091552734375,-0.335693359375
2.3274999000000003,0.8780734539031982,-0.5542576909065247,9.765948295593262,0.030517578125,-0.152587890625,-0.244140625
2.3324999,0.8810662031173706,-0.5548562407493591,9.776124000549316,0.152587890625,0.152587890625,-0.091552734375
2.3374999,0.8816647529602051,-0.5524620413780212,9.77253246307373,0.1220703125,0.213623046875,-0.1220703125
2.3424999,0.8810662031173706,-0.5524620413780212,9.780313491821289,-0.091552734375,0.213623046875,-0.213623046875
2.3474999000000003,0.8786720037460327,-0.5524620413780212,9.777320861816406,-0.030517578125,0.396728515625,-0.30517578125
2.3524999,0.8678981065750122,-0.5542576909065247,9.774328231811523,-0.1220703125,0.244140625,-0.30517578125
2.3574999,0.8649053573608398,-0.5560533404350281,9.77791976928711,0.030517578125,0.18310546875,-0.30517578125
2.3624999,0.8517372608184814,-0.5554547905921936,9.768941879272461,0.030517578125,0.091552734375,-0.18310546875
2.3674999000000003,0.8505401611328125,-0.5530605912208557,9.777320861816406,0.091552734375,0.1220703125,-0.18310546875
2.3724999,0.8415619134902954,-0.5482721924781799,9.7791166305542,0.091552734375,-0.1220703125,-0.1220703125
2.3774999,0.8457517623901367,-0.5536591410636902,9.788095474243164,0,0.030517578125,-0.18310546875
2.3824999,0.8445546627044678,-0.5596446394920349,9.785101890563965,-0.091552734375,0.030517578125,-0.213623046875
2.3874999000000003,0.8541314601898193,-0.5692214369773865,9.78869342803955,-0.030517578125,-0.1220703125,-0.152587890625
2.3924999000000002,0.8601169586181641,-0.5746083855628967,9.781511306762695,0,-0.030517578125,-0.18310546875
2.3974999,0.8690952062606812,-0.5770025849342346,9.77253246307373,-0.030517578125,-0.1220703125,-0.213623046875
2.4024999,0.8888474106788635,-0.5578489899635315,9.765948295593262,-0.091552734375,0.152587890625,-0.244140625
2.4074999000000004,0.882861852645874,-0.5530605912208557,9.765350341796875,0.091552734375,0.1220703125,-0.274658203125
2.4124999000000003,0.8816647529602051,-0.5542576909065247,9.774927139282227,0,0.335693359375,-0.213623046875
2.4174999,0.8649053573608398,-0.5542576909065247,9.781511306762695,0,0.1220703125,-0.18310546875
2.4224999,0.8541314601898193,-0.5578489899635315,9.782109260559082,-0.06103515625,0.152587890625,-0.18310546875
2.4274999000000004,0.8439561128616333,-0.5596446394920349,9.779715538024902,0.030517578125,-0.152587890625,-0.152587890625
2.4324999000000003,0.8451532125473022,-0.5650315880775452,9.781511306762695,0.06103515625,-0.091552734375,-0.152587890625
2.4374999,0.8439561128616333,-0.5632359385490417,9.773730278015137,0.030517578125,-0.06103515625,-0.06103515625
2.4424999,0.8547300100326538,-0.5644330382347107,9.773131370544434,-0.030517578125,-0.213623046875,-0.244140625
2.4474999,0.8637082576751709,-0.5632359385490417,9.769539833068848,-0.030517578125,-0.1220703125,-0.335693359375
2.4524999000000003,0.8702923059463501,-0.5638344883918762,9.764153480529785,0.1220703125,-0.3662109375,-0.213623046875
2.4574999,0.8804676532745361,-0.5662286877632141,9.769539833068848,0.06103515625,-0.091552734375,-0.18310546875
2.4624999,0.8792705535888672,-0.5668272376060486,9.767744064331055,-0.030517578125,0,-0.06103515625
2.4674999,0.8810662031173706,-0.5650315880775452,9.773730278015137,0.030517578125,-0.1220703125,-0.030517578125
2.4724999000000003,0.8661024570465088,-0.5596446394920349,9.770736694335938,0.030517578125,0.18310546875,-0.244140625
2.4774999,0.8631097078323364,-0.5620388388633728,9.77013874053955,-0.030517578125,0.152587890625,-0.18310546875
2.4824999,0.8487445116043091,-0.5638344883918762,9.759963035583496,0,0.030517578125,-0.152587890625
2.4874999,0.8505401611328125,-0.5638344883918762,9.767146110534668,0.030517578125,0.06103515625,-0.244140625
2.4924999000000003,0.8523358106613159,-0.5626373887062073,9.764751434326172,0.06103515625,-0.1220703125,-0.18310546875
2.4974999,0.862511157989502,-0.5626373887062073,9.773730278015137,-0.030517578125,-0.1220703125,-0.1220703125
2.5024999,0.8702923059463501,-0.5638344883918762,9.77013874053955,-0.1220703125,-0.030517578125,-0.213623046875
2.5074999,0.8768763542175293,-0.5650315880775452,9.767146110534668,0.030517578125,-0.152587890625,-0.213623046875
2.5124999000000003,0.8870517015457153,-0.5656301379203796,9.77133560180664,0.030517578125,-0.030517578125,-0.274658203125
2.5174999000000002,0.884058952331543,-0.5620388388633728,9.768342971801758,0.030517578125,-0.06103515625,-0.244140625
2.5224999,0.8804676532745361,-0.5632359385490417,9.773131370544434,0.030517578125,0.213623046875,-0.335693359375
2.5274999,0.8732850551605225,-0.5632359385490417,9.77013874053955,0.030517578125,0.274658203125,-0.213623046875
2.5324999000000004,0.8708908557891846,-0.5674257874488831,9.773730278015137,0,0.06103515625,-0.213623046875
2.5374999000000003,0.8708908557891846,-0.5674257874488831,9.773730278015137,0,0.06103515625,-0.213623046875
2.5424999,0.8667010068893433,-0.5644330382347107,9.770736694335938,-0.06103515625,0.152587890625,-0.335693359375
2.5474999,0.8649053573608398,-0.5638344883918762,9.77013874053955,0.030517578125,0,-0.335693359375
2.5524999000000004,0.8672995567321777,-0.5590460896492004,9.771934509277344,-0.030517578125,0.06103515625,-0.335693359375
2.5574999000000003,0.8637082576751709,-0.5566518902778625,9.764153480529785,-0.091552734375,-0.1220703125,-0.1220703125
2.5624999,0.862511157989502,-0.5578489899635315,9.767744064331055,-0.06103515625,-0.091552734375,-0.213623046875
2.5674999,0.8696937561035156,-0.5590460896492004,9.774927139282227,-0.06103515625,-0.091552734375,-0.091552734375
2.5724999,0.8762778043746948,-0.5614402890205383,9.779715538024902,-0.091552734375,0.06103515625,-0.18310546875
2.5774999000000003,0.8762778043746948,-0.5590460896492004,9.774328231811523,0.06103515625,0.091552734375,-0.30517578125
2.5824999,0.8774749040603638,-0.558447539806366,9.7791166305542,0.06103515625,0,-0.244140625
2.5874999,0.8792705535888672,-0.5566518902778625,9.7791166305542,0,0.244140625,-0.335693359375
2.5924999,0.8762778043746948,-0.5566518902778625,9.774927139282227,0.06103515625,0.091552734375,-0.244140625
2.5974999000000003,0.8780734539031982,-0.5566518902778625,9.77791976928711,0.06103515625,0.091552734375,-0.213623046875
2.6024999,0.872686505317688,-0.557250440120697,9.767744064331055,0.1220703125,-0.030517578125,-0.18310546875
2.6074999,0.871489405632019,-0.5590460896492004,9.768941879272461,0.152587890625,0.091552734375,-0.152587890625
2.6124999,0.8690952062606812,-0.5596446394920349,9.767146110534668,0,0.244140625,-0.244140625
2.6174999000000003,0.8696937561035156,-0.5644330382347107,9.770736694335938,-0.030517578125,0.06103515625,-0.18310546875
2.6224999,0.8643068075180054,-0.5656301379203796,9.767744064331055,0,-0.030517578125,-0.244140625
2.6274999,0.8678981065750122,-0.5668272376060486,9.778518676757812,0.030517578125,0,-0.3662109375
2.6324999,0.8690952062606812,-0.5662286877632141,9.778518676757812,-0.030517578125,0.030517578125,-0.3662109375
2.6374999000000003,0.8708908557891846,-0.5656301379203796,9.778518676757812,0,0.1220703125,-0.274658203125
2.6424999000000002,0.8786720037460327,-0.5668272376060486,9.7791166305542,-0.1220703125,0.18310546875,-0.3662109375
2.6474999,0.8792705535888672,-0.5680243372917175,9.768342971801758,0.030517578125,-0.18310546875,-0.274658203125
2.6524999,0.8834604024887085,-0.5644330382347107,9.773131370544434,0.1220703125,0.1220703125,-0.213623046875
2.6574999000000004,0.882861852645874,-0.5644330382347107,9.770736694335938,-0.06103515625,0.244140625,-0.42724609375
2.6624999000000003,0.8792705535888672,-0.5596446394920349,9.776124000549316,0,0.091552734375,-0.152587890625
2.6674999,0.8810662031173706,-0.5596446394920349,9.777320861816406,0.030517578125,0.06103515625,-0.1220703125
2.6724999,0.8720879554748535,-0.5596446394920349,9.770736694335938,0.030517578125,0.030517578125,-0.091552734375
2.6774999000000004,0.8678981065750122,-0.5644330382347107,9.762955665588379,0.030517578125,-0.091552734375,-0.30517578125
2.6824999000000003,0.8667010068893433,-0.5668272376060486,9.758766174316406,0.030517578125,-0.06103515625,-0.18310546875
2.6874999,0.8661024570465088,-0.568622887134552,9.764153480529785,0.06103515625,0.091552734375,-0.244140625
2.6924999,0.8619126081466675,-0.5680243372917175,9.761159896850586,0.06103515625,-0.091552734375,-0.274658203125
2.6974999,0.8649053573608398,-0.5650315880775452,9.773730278015137,-0.06103515625,0,-0.274658203125
2.7024999000000003,0.8637082576751709,-0.5626373887062073,9.77672290802002,0.1220703125,0.091552734375,-0.213623046875
2.7074999,0.8672995567321777,-0.5608417391777039,9.782109260559082,0.06103515625,-0.06103515625,-0.213623046875
2.7124999,0.8738836050033569,-0.5596446394920349,9.786897659301758,-0.06103515625,0.030517578125,-0.274658203125
2.7174999,0.8738836050033569,-0.5626373887062073,9.777320861816406,0.091552734375,0,-0.18310546875
2.7224999000000003,0.8834604024887085,-0.5644330382347107,9.782708168029785,0.152587890625,0.1220703125,-0.152587890625
2.7274999,0.8792705535888672,-0.5668272376060486,9.774328231811523,0.030517578125,0.091552734375,-0.244140625
2.7324999,0.8774749040603638,-0.5674257874488831,9.77672290802002,0.06103515625,0.091552734375,-0.274658203125
2.7374999,0.8678981065750122,-0.5662286877632141,9.77253246307373,0.030517578125,0.06103515625,-0.06103515625
2.7424999000000003,0.8684966564178467,-0.5650315880775452,9.77672290802002,0.030517578125,0.091552734375,-0.213623046875
2.7474999,0.862511157989502,-0.5626373887062073,9.769539833068848,-0.030517578125,0,-0.30517578125
2.7524999,0.862511157989502,-0.5608417391777039,9.77133560180664,0.06103515625,-0.091552734375,-0.30517578125
2.7574999,0.8661024570465088,-0.558447539806366,9.767146110534668,0.091552734375,0.030517578125,-0.244140625
2.7624999000000003,0.8649053573608398,-0.5578489899635315,9.762357711791992,0.06103515625,-0.152587890625,-0.152587890625
2.7674999000000002,0.872686505317688,-0.5620388388633728,9.767744064331055,0,-0.030517578125,-0.244140625
2.7724999,0.8684966564178467,-0.5632359385490417,9.764153480529785,0.091552734375,0,-0.274658203125
2.7774999,0.8684966564178467,-0.5668272376060486,9.768342971801758,-0.06103515625,-0.1220703125,-0.335693359375
2.7824999000000004,0.8696937561035156,-0.5692214369773865,9.773131370544434,-0.030517578125,0,-0.213623046875
2.7874999000000003,0.8684966564178467,-0.568622887134552,9.765350341796875,0,-0.030517578125,-0.030517578125
2.7924999,0.872686505317688,-0.5674257874488831,9.771934509277344,0.152587890625,0.06103515625,-0.213623046875
2.7974999,0.8702923059463501,-0.5644330382347107,9.768941879272461,0,0.030517578125,-0.18310546875
2.8024999000000004,0.8589198589324951,-0.5644330382347107,9.771934509277344,0.091552734375,-0.030517578125,-0.213623046875
2.8074999000000003,0.8553285598754883,-0.5638344883918762,9.766547203063965,-0.1220703125,-0.06103515625,-0.1220703125
2.8124999,0.8559271097183228,-0.5602431893348694,9.768342971801758,0.030517578125,-0.213623046875,-0.152587890625
2.8174999,0.862511157989502,-0.5602431893348694,9.776124000549316,0.030517578125,0.030517578125,-0.30517578125
2.8224999,0.8649053573608398,-0.557250440120697,9.768941879272461,0,0,-0.213623046875
2.8274999000000003,0.8750807046890259,-0.5566518902778625,9.77791976928711,-0.030517578125,0,-0.274658203125
2.8324999,0.8762778043746948,-0.5548562407493591,9.77253246307373,0.030517578125,-0.091552734375,-0.274658203125
2.8374999,0.8768763542175293,-0.5542576909065247,9.77133560180664,0.1220703125,0.06103515625,-0.152587890625
2.8424999,0.8786720037460327,-0.558447539806366,9.777320861816406,-0.030517578125,0.30517578125,-0.42724609375
2.8474999000000003,0.8744821548461914,-0.5596446394920349,9.7791166305542,-0.030517578125,0.06103515625,-0.152587890625
2.8524999,0.8732850551605225,-0.5578489899635315,9.777320861816406,-0.030517578125,0.091552734375,-0.213623046875
2.8574999,0.8762778043746948,-0.5596446394920349,9.781511306762695,-0.030517578125,0.152587890625,-0.30517578125
2.8624999,0.8690952062606812,-0.5578489899635315,9.775525093078613,0.06103515625,0.06103515625,-0.18310546875
2.8674999000000003,0.8720879554748535,-0.5590460896492004,9.781511306762695,0.06103515625,-0.030517578125,-0.244140625
2.8724999,0.8702923059463501,-0.5596446394920349,9.774328231811523,0.06103515625,-0.030517578125,-0.244140625
2.8774999,0.8690952062606812,-0.5608417391777039,9.77253246307373,-0.1220703125,-0.1220703125,-0.213623046875
2.8824999,0.8750807046890259,-0.5644330382347107,9.774927139282227,-0.06103515625,0.091552734375,-0.244140625
2.8874999000000003,0.8702923059463501,-0.5662286877632141,9.767146110534668,-0.030517578125,-0.030517578125,-0.274658203125
2.8924999000000002,0.8762778043746948,-0.5680243372917175,9.773131370544434,0,0.030517578125,-0.274658203125
2.8974999,0.8762778043746948,-0.5662286877632141,9.77133560180664,0.030517578125,-0.030517578125,-0.213623046875
2.9024999,0.884058952331543,-0.5626373887062073,9.77672290802002,-0.091552734375,0.1220703125,-0.152587890625
2.9074999000000004,0.8816647529602051,-0.5638344883918762,9.770736694335938,0.152587890625,0,-0.06103515625
2.9124999000000003,0.8804676532745361,-0.5644330382347107,9.782109260559082,-0.030517578125,0.152587890625,-0.274658203125
2.9174999,0.8744821548461914,-0.5668272376060486,9.778518676757812,0,0.091552734375,-0.274658203125
2.9224999,0.8678981065750122,-0.5680243372917175,9.780313491821289,-0.030517578125,0,-0.244140625
2.9274999000000004,0.8667010068893433,-0.568622887134552,9.781511306762695,0.06103515625,0.213623046875,-0.30517578125
2.9324999000000003,0.8571242094039917,-0.5668272376060486,9.77253246307373,0.091552734375,0.030517578125,-0.274658203125
2.9374999,0.8589198589324951,-0.5650315880775452,9.77791976928711,-0.091552734375,0.030517578125,-0.18310546875
2.9424999,0.8583213090896606,-0.5608417391777039,9.773730278015137,0,0.06103515625,-0.244140625
2.9474999,0.861314058303833,-0.5560533404350281,9.77253246307373,0.030517578125,0.06103515625,-0.244140625
2.9524999000000003,0.8708908557891846,-0.5542576909065247,9.778518676757812,0.18310546875,-0.06103515625,-0.213623046875
2.9574999,0.8768763542175293,-0.5644330382347107,9.77133560180664,-0.030517578125,-0.030517578125,-0.274658203125
2.9624999,0.8810662031173706,-0.5662286877632141,9.769539833068848,0.06103515625,0,-0.152587890625
2.9674999,0.8852560520172119,-0.5668272376060486,9.774927139282227,-0.030517578125,0.1220703125,-0.274658203125
2.9724999000000003,0.8834604024887085,-0.5644330382347107,9.765948295593262,0.091552734375,-0.06103515625,-0.30517578125
2.9774999,0.884058952331543,-0.5620388388633728,9.774328231811523,0.1220703125,0.213623046875,-0.335693359375
2.9824999,0.8774749040603638,-0.5620388388633728,9.770736694335938,0,0.18310546875,-0.18310546875
2.9874999,0.8702923059463501,-0.5614402890205383,9.774328231811523,0.030517578125,0.244140625,-0.213623046875
2.9924999000000003,0.8649053573608398,-0.5620388388633728,9.780313491821289,0.06103515625,0.396728515625,-0.335693359375
2.9974999,0.8547300100326538,-0.5608417391777039,9.773730278015137,0,-0.030517578125,-0.244140625
3.0024999,0.8553285598754883,-0.5602431893348694,9.784503936767578,0.030517578125,0.030517578125,-0.30517578125
3.0074999,0.8529343605041504,-0.5608417391777039,9.779715538024902,0.06103515625,-0.030517578125,-0.244140625
3.0124999000000003,0.8643068075180054,-0.5650315880775452,9.785700798034668,0.030517578125,0.213623046875,-0.30517578125
3.0174999000000002,0.8655039072036743,-0.5662286877632141,9.777320861816406,-0.030517578125,-0.091552734375,-0.244140625
3.0224999,0.8744821548461914,-0.5662286877632141,9.779715538024902,0.06103515625,-0.1220703125,-0.1220703125
3.0274999,0.8774749040603638,-0.5668272376060486,9.770736694335938,-0.1220703125,0.030517578125,-0.152587890625
3.0324999000000004,0.8834604024887085,-0.5674257874488831,9.765948295593262,0.030517578125,-0.030517578125,-0.274658203125
3.0374999000000003,0.889445960521698,-0.568622887134552,9.768941879272461,-0.06103515625,0.244140625,-0.213623046875
3.0424999,0.8870517015457153,-0.5692214369773865,9.762955665588379,-0.06103515625,-0.06103515625,-0.18310546875
3.0474999,0.8858546018600464,-0.5692214369773865,9.77672290802002,-0.06103515625,0.152587890625,-0.244140625
3.0524999000000004,0.8750807046890259,-0.5668272376060486,9.776124000549316,0,0.213623046875,-0.244140625
3.0574999000000003,0.8702923059463501,-0.5662286877632141,9.781511306762695,-0.06103515625,0.091552734375,-0.3662109375
3.0624999,0.8637082576751709,-0.5656301379203796,9.784503936767578,-0.030517578125,0.152587890625,-0.457763671875
3.0674999,0.8559271097183228,-0.5668272376060486,9.77791976928711,0,0.091552734375,-0.1220703125
3.0724999000000004,0.8535329103469849,-0.5680243372917175,9.777320861816406,0.030517578125,-0.030517578125,-0.335693359375
3.0774999000000003,0.8535329103469849,-0.5680243372917175,9.782708168029785,0.06103515625,-0.091552734375,-0.244140625
3.0824999,0.8589198589324951,-0.5674257874488831,9.782109260559082,0.030517578125,-0.06103515625,-0.42724609375
3.0874999,0.8589198589324951,-0.5668272376060486,9.77791976928711,-0.030517578125,-0.1220703125,-0.274658203125
3.0924999,0.8720879554748535,-0.5656301379203796,9.783905029296875,-0.1220703125,0,-0.18310546875
3.0974999000000003,0.8762778043746948,-0.5638344883918762,9.776124000549316,-0.091552734375,0.030517578125,-0.18310546875
3.1024999,0.882861852645874,-0.5608417391777039,9.779715538024902,0,-0.1220703125,-0.152587890625
3.1074999,0.884058952331543,-0.5596446394920349,9.778518676757812,-0.06103515625,0,-0.335693359375
3.1124999,0.8798691034317017,-0.5596446394920349,9.776124000549316,0,0.06103515625,-0.274658203125
3.1174999000000003,0.882861852645874,-0.5602431893348694,9.777320861816406,0,0.274658203125,-0.335693359375
3.1224999,0.8768763542175293,-0.5614402890205383,9.769539833068848,0.030517578125,0.1220703125,-0.244140625
3.1274999,0.8792705535888672,-0.5638344883918762,9.77253246307373,-0.030517578125,0.213623046875,-0.213623046875
3.1324999,0.8553285598754883,-0.5548562407493591,9.765948295593262,0.091552734375,-0.06103515625,-0.274658203125
3.1374999000000003,0.8607155084609985,-0.5536591410636902,9.768342971801758,0.030517578125,0.030517578125,-0.335693359375
3.1424999000000002,0.8619126081466675,-0.5518634915351868,9.764153480529785,-0.030517578125,0,-0.213623046875
3.1474999,0.8690952062606812,-0.5524620413780212,9.758766174316406,-0.030517578125,-0.091552734375,-0.244140625
3.1524999,0.8792705535888672,-0.5566518902778625,9.764153480529785,0.06103515625,0,-0.18310546875
3.1574999000000004,0.882861852645874,-0.5560533404350281,9.757569313049316,0.06103515625,-0.091552734375,-0.1220703125
3.1624999000000003,0.8876502513885498,-0.5608417391777039,9.765948295593262,0.030517578125,-0.06103515625,-0.1220703125
3.1674999,0.889445960521698,-0.5626373887062073,9.762357711791992,0.1220703125,-0.1220703125,-0.274658203125
3.1724999,0.8876502513885498,-0.5632359385490417,9.766547203063965,0,-0.030517578125,-0.274658203125
3.1774999000000004,0.8864531517028809,-0.5656301379203796,9.765948295593262,0.030517578125,0.152587890625,-0.213623046875
3.1824999000000003,0.8810662031173706,-0.5662286877632141,9.775525093078613,-0.030517578125,0.091552734375,-0.18310546875
3.1874999,0.8756792545318604,-0.5662286877632141,9.776124000549316,0,0.1220703125,-0.213623046875
3.1924999,0.8756792545318604,-0.5620388388633728,9.782708168029785,0.091552734375,0.152587890625,-0.274658203125
3.1974999000000004,0.8756792545318604,-0.5620388388633728,9.782708168029785,0.091552734375,0.152587890625,-0.274658203125
3.2024999000000003,0.8649053573608398,-0.5608417391777039,9.774328231811523,-0.030517578125,0.06103515625,-0.274658203125
3.2074999,0.8649053573608398,-0.5608417391777039,9.774328231811523,-0.030517578125,0.06103515625,-0.274658203125
3.2124999,0.8577227592468262,-0.5620388388633728,9.768342971801758,-0.091552734375,-0.06103515625,-0.152587890625
3.2174999,0.8583213090896606,-0.568622887134552,9.769539833068848,-0.030517578125,0,-0.244140625
3.2224999000000003,0.8553285598754883,-0.5692214369773865,9.768342971801758,-0.06103515625,0.152587890625,-0.213623046875
3.2274999,0.8595184087753296,-0.5674257874488831,9.768342971801758,0.091552734375,-0.030517578125,-0.213623046875
3.2324999,0.8643068075180054,-0.5668272376060486,9.773131370544434,0.06103515625,-0.030517578125,-0.335693359375
3.2374999,0.8798691034317017,-0.5650315880775452,9.77791976928711,0.06103515625,0.091552734375,-0.244140625
3.2424999000000003,0.8846575021743774,-0.5662286877632141,9.775525093078613,0.030517578125,0.18310546875,-0.274658203125
3.2474999,0.8804676532745361,-0.5650315880775452,9.77672290802002,0.091552734375,0.091552734375,-0.213623046875
3.2524999,0.8792705535888672,-0.5650315880775452,9.778518676757812,-0.030517578125,0.18310546875,-0.244140625
3.2574999,0.8708908557891846,-0.5644330382347107,9.774927139282227,0.152587890625,0.06103515625,-0.18310546875
3.2624999000000003,0.8702923059463501,-0.5656301379203796,9.780313491821289,0.030517578125,0.030517578125,-0.213623046875
3.2674999000000002,0.8696937561035156,-0.5662286877632141,9.7791166305542,0.030517578125,0.1220703125,-0.30517578125
3.2724999,0.8696937561035156,-0.5680243372917175,9.77791976928711,0.030517578125,-0.06103515625,-0.18310546875
3.2774999,0.8732850551605225,-0.5662286877632141,9.779715538024902,-0.06103515625,-0.152587890625,0.091552734375
3.2824999000000004,0.8684966564178467,-0.5668272376060486,9.770736694335938,0,0,-0.18310546875
3.2874999000000003,0.8678981065750122,-0.5644330382347107,9.769539833068848,-0.091552734375,-0.06103515625,-0.30517578125
3.2924999,0.8678981065750122,-0.5644330382347107,9.769539833068848,-0.091552734375,-0.06103515625,-0.30517578125
3.2974999,0.8702923059463501,-0.5656301379203796,9.773730278015137,-0.06103515625,-0.091552734375,-0.213623046875
3.3024999000000004,0.8756792545318604,-0.5662286877632141,9.780313491821289,0,0.06103515625,-0.152587890625
3.3074999000000003,0.8768763542175293,-0.5668272376060486,9.778518676757812,0.06103515625,-0.091552734375,-0.18310546875
3.3124999,0.8816647529602051,-0.5668272376060486,9.786299705505371,0.1220703125,0,-0.335693359375
3.3174999,0.8816647529602051,-0.5650315880775452,9.77791976928711,-0.030517578125,0.091552734375,-0.30517578125
3.3224999000000004,0.8822633028030396,-0.5602431893348694,9.77672290802002,-0.030517578125,-0.152587890625,-0.274658203125
3.3274999000000003,0.8816647529602051,-0.5554547905921936,9.771934509277344,-0.1220703125,0.152587890625,-0.335693359375
3.3324999,0.8750807046890259,-0.5506663918495178,9.764153480529785,0.030517578125,0.152587890625,-0.244140625
3.3374999,0.8720879554748535,-0.5506663918495178,9.767146110534668,0,0.18310546875,-0.244140625
3.3424999,0.8637082576751709,-0.5494692921638489,9.763554573059082,-0.06103515625,0.06103515625,-0.18310546875
3.3474999000000003,0.862511157989502,-0.5530605912208557,9.767146110534668,0,0.18310546875,-0.30517578125
3.3524999,0.8619126081466675,-0.5512649416923523,9.771934509277344,0.030517578125,-0.030517578125,-0.244140625
3.3574999,0.8619126081466675,-0.5512649416923523,9.771934509277344,0.030517578125,-0.030517578125,-0.244140625
3.3624999,0.8655039072036743,-0.5506663918495178,9.773730278015137,0.152587890625,-0.06103515625,-0.152587890625
3.3674999000000003,0.8720879554748535,-0.5524620413780212,9.77013874053955,0.152587890625,0.030517578125,-0.152587890625
3.3724999,0.8732850551605225,-0.5530605912208557,9.767146110534668,0,-0.06103515625,-0.213623046875
3.3774999,0.882861852645874,-0.5566518902778625,9.773131370544434,0.030517578125,0,-0.30517578125
3.3824999,0.8804676532745361,-0.557250440120697,9.769539833068848,0,0.1220703125,-0.152587890625
3.3874999000000003,0.884058952331543,-0.5590460896492004,9.776124000549316,-0.06103515625,0.213623046875,-0.274658203125
3.3924999000000002,0.8810662031173706,-0.5608417391777039,9.77013874053955,-0.06103515625,0.244140625,-0.30517578125
3.3974999,0.8786720037460327,-0.5620388388633728,9.765350341796875,0.06103515625,0.06103515625,-0.244140625
3.4024999,0.8720879554748535,-0.5614402890205383,9.757569313049316,0.06103515625,-0.06103515625,-0.213623046875
3.4074999000000004,0.8720879554748535,-0.5620388388633728,9.77013874053955,0.030517578125,-0.030517578125,-0.18310546875
3.4124999000000003,0.8684966564178467,-0.5602431893348694,9.767146110534668,-0.030517578125,0.030517578125,-0.30517578125
3.4174999,0.8684966564178467,-0.5596446394920349,9.774927139282227,0.06103515625,-0.030517578125,-0.3662109375
3.4224999,0.8696937561035156,-0.5566518902778625,9.786897659301758,0,-0.030517578125,-0.274658203125
3.4274999000000004,0.8637082576751709,-0.5524620413780212,9.785700798034668,0.030517578125,-0.18310546875,-0.152587890625
3.4324999000000003,0.8690952062606812,-0.5512649416923523,9.79408073425293,0.030517578125,-0.030517578125,-0.274658203125
3.4374999,0.8661024570465088,-0.5518634915351868,9.788095474243164,0.030517578125,0.06103515625,-0.335693359375
3.4424999,0.8702923059463501,-0.5566518902778625,9.780912399291992,0.06103515625,0,-0.30517578125
3.4474999000000004,0.8744821548461914,-0.5614402890205383,9.775525093078613,-0.030517578125,0.244140625,-0.244140625
3.4524999000000003,0.872686505317688,-0.5656301379203796,9.764751434326172,0.091552734375,0.06103515625,-0.18310546875
3.4574999,0.8738836050033569,-0.568622887134552,9.766547203063965,0,0.213623046875,-0.244140625
3.4624999,0.8523358106613159,-0.5740098357200623,9.75517463684082,-0.030517578125,0.152587890625,-0.274658203125
3.4674999,0.851138710975647,-0.5710170865058899,9.762357711791992,0,0.06103515625,-0.213623046875
3.4724999000000003,0.849941611289978,-0.5656301379203796,9.758766174316406,0,-0.06103515625,-0.213623046875
3.4774999,0.8535329103469849,-0.5644330382347107,9.768941879272461,0.030517578125,0.030517578125,-0.1220703125
3.4824999,0.8583213090896606,-0.5638344883918762,9.773131370544434,0.091552734375,0.1220703125,-0.18310546875
3.4874999,0.8595184087753296,-0.5626373887062073,9.771934509277344,0.1220703125,-0.091552734375,-0.213623046875
3.4924999000000003,0.8649053573608398,-0.5656301379203796,9.77791976928711,0,0,-0.3662109375
3.4974999,0.8631097078323364,-0.5632359385490417,9.769539833068848,0.06103515625,0.06103515625,-0.244140625
3.5024999,0.8643068075180054,-0.5638344883918762,9.77253246307373,0.06103515625,0.030517578125,-0.213623046875
3.5074999,0.8643068075180054,-0.5614402890205383,9.767146110534668,-0.030517578125,0.152587890625,-0.396728515625
3.5124999000000003,0.871489405632019,-0.5566518902778625,9.769539833068848,0,0,-0.3662109375
3.5174999000000002,0.871489405632019,-0.5548562407493591,9.764153480529785,-0.06103515625,-0.030517578125,-0.3662109375
3.5224999,0.8768763542175293,-0.557250440120697,9.768941879272461,-0.091552734375,0.030517578125,-0.18310546875
3.5274999,0.8774749040603638,-0.5578489899635315,9.768941879272461,-0.06103515625,0.06103515625,-0.244140625
3.5324999000000004,0.8756792545318604,-0.5608417391777039,9.767744064331055,-0.030517578125,0,-0.18310546875
3.5374999000000003,0.8804676532745361,-0.5644330382347107,9.774328231811523,0.06103515625,0.091552734375,-0.396728515625
3.5424999,0.8780734539031982,-0.5662286877632141,9.770736694335938,0.091552734375,-0.06103515625,-0.3662109375
3.5474999,0.8822633028030396,-0.5668272376060486,9.774927139282227,0,0,-0.18310546875
3.5524999000000004,0.8810662031173706,-0.5662286877632141,9.769539833068848,0,0,-0.30517578125
3.5574999000000003,0.8792705535888672,-0.5608417391777039,9.767146110534668,0.091552734375,0.06103515625,-0.213623046875
3.5624999,0.8774749040603638,-0.5608417391777039,9.77013874053955,0.1220703125,0.091552734375,-0.30517578125
3.5674999,0.8720879554748535,-0.558447539806366,9.767146110534668,0.06103515625,-0.1220703125,-0.244140625
3.5724999000000004,0.8732850551605225,-0.5626373887062073,9.77253246307373,0.06103515625,0,-0.18310546875
3.5774999000000003,0.8762778043746948,-0.5614402890205383,9.77253246307373,0,0.030517578125,-0.274658203125
3.5824999,0.8822633028030396,-0.5602431893348694,9.768342971801758,-0.030517578125,0.244140625,-0.335693359375
3.5874999,0.8774749040603638,-0.5548562407493591,9.765948295593262,-0.030517578125,0.152587890625,-0.18310546875
3.5924999,0.8780734539031982,-0.5536591410636902,9.77253246307373,0.091552734375,0.06103515625,-0.30517578125
3.5974999000000003,0.8702923059463501,-0.5488707423210144,9.774927139282227,0.091552734375,0.06103515625,-0.213623046875
3.6024999,0.8643068075180054,-0.5488707423210144,9.785101890563965,0.152587890625,-0.1220703125,-0.244140625
3.6074999,0.862511157989502,-0.5494692921638489,9.786299705505371,0.030517578125,0.06103515625,-0.335693359375
3.6124999,0.8577227592468262,-0.5506663918495178,9.785700798034668,0.06103515625,-0.06103515625,-0.42724609375
3.6174999000000003,0.8619126081466675,-0.5554547905921936,9.787496566772461,0.06103515625,-0.152587890625,-0.335693359375
3.6224999,0.8619126081466675,-0.557250440120697,9.774927139282227,0.06103515625,-0.06103515625,-0.06103515625
3.6274999,0.8702923059463501,-0.5614402890205383,9.773131370544434,0,-0.030517578125,-0.244140625
3.6324999,0.8888474106788635,-0.5668272376060486,9.775525093078613,-0.06103515625,0.1220703125,-0.335693359375
3.6374999000000003,0.8888474106788635,-0.5680243372917175,9.77013874053955,-0.030517578125,0.06103515625,-0.18310546875
3.6424999000000002,0.8906430602073669,-0.5662286877632141,9.774328231811523,-0.06103515625,0.213623046875,-0.274658203125
3.6474999,0.8864531517028809,-0.5644330382347107,9.770736694335938,-0.1220703125,0.213623046875,-0.244140625
3.6524999,0.8756792545318604,-0.5632359385490417,9.765350341796875,0.1220703125,0,-0.18310546875
3.6574999000000004,0.8690952062606812,-0.5626373887062073,9.770736694335938,-0.030517578125,0.1220703125,-0.213623046875
3.6624999000000003,0.8559271097183228,-0.5608417391777039,9.764153480529785,-0.030517578125,-0.091552734375,-0.213623046875
3.6674999,0.8553285598754883,-0.5620388388633728,9.773730278015137,0,-0.030517578125,-0.30517578125
3.6724999,0.8547300100326538,-0.5614402890205383,9.773131370544434,0.030517578125,0.152587890625,-0.213623046875
3.6774999000000004,0.8565256595611572,-0.5596446394920349,9.779715538024902,0.06103515625,-0.091552734375,-0.152587890625
3.6824999000000003,0.8649053573608398,-0.5626373887062073,9.782708168029785,-0.091552734375,0,-0.18310546875
3.6874999,0.8655039072036743,-0.5614402890205383,9.777320861816406,-0.06103515625,0,-0.244140625
3.6924999,0.8702923059463501,-0.5650315880775452,9.779715538024902,0.030517578125,0,-0.213623046875
3.6974999000000004,0.8678981065750122,-0.5692214369773865,9.770736694335938,0,0,-0.244140625
3.7024999000000003,0.8672995567321777,-0.5710170865058899,9.768342971801758,0.06103515625,0,-0.18310546875
3.7074999,0.8690952062606812,-0.5728127360343933,9.77013874053955,0.06103515625,0.152587890625,-0.152587890625
3.7124999,0.8667010068893433,-0.568622887134552,9.764751434326172,0.06103515625,0.18310546875,-0.30517578125
3.7174999,0.8702923059463501,-0.5662286877632141,9.775525093078613,-0.06103515625,0.244140625,-0.335693359375
3.7224999000000003,0.8684966564178467,-0.5602431893348694,9.774328231811523,0,0.152587890625,-0.244140625
3.7274999,0.8684966564178467,-0.5578489899635315,9.777320861816406,0,0.1220703125,-0.213623046875
3.7324999,0.8708908557891846,-0.558447539806366,9.776124000549316,-0.030517578125,0.06103515625,-0.213623046875
3.7374999,0.8667010068893433,-0.5590460896492004,9.769539833068848,-0.030517578125,0.030517578125,-0.06103515625
3.7424999000000003,0.8732850551605225,-0.5632359385490417,9.77133560180664,0,-0.06103515625,-0.213623046875
3.7474999,0.8678981065750122,-0.5668272376060486,9.764751434326172,0.06103515625,-0.091552734375,-0.3662109375
3.7524999,0.871489405632019,-0.568622887134552,9.767744064331055,0.06103515625,0,-0.274658203125
3.7574999,0.8702923059463501,-0.5704185366630554,9.77013874053955,0.06103515625,-0.030517578125,-0.18310546875
3.7624999000000003,0.8708908557891846,-0.5728127360343933,9.777320861816406,0,0.06103515625,-0.335693359375
3.7674999000000002,0.8720879554748535,-0.5722141861915588,9.774328231811523,0.030517578125,0.06103515625,-0.244140625
3.7724999,0.8774749040603638,-0.5722141861915588,9.779715538024902,0.091552734375,0.091552734375,-0.213623046875
3.7774999,0.8804676532745361,-0.5692214369773865,9.777320861816406,-0.06103515625,0.06103515625,-0.30517578125
3.7824999000000004,0.8786720037460327,-0.5644330382347107,9.776124000549316,-0.06103515625,0,-0.06103515625
3.7874999000000003,0.8798691034317017,-0.5608417391777039,9.781511306762695,0,0.18310546875,-0.18310546875
3.7924999,0.8738836050033569,-0.5542576909065247,9.77253246307373,0.1220703125,0.06103515625,-0.213623046875
3.7974999,0.8750807046890259,-0.5512649416923523,9.776124000549316,0.091552734375,0.030517578125,-0.30517578125
3.8024999000000004,0.8738836050033569,-0.5524620413780212,9.768342971801758,0,0.152587890625,-0.244140625
3.8074999000000003,0.8684966564178467,-0.5548562407493591,9.765350341796875,-0.06103515625,0.030517578125,-0.1220703125
3.8124999,0.8667010068893433,-0.5620388388633728,9.765350341796875,0.030517578125,0.030517578125,-0.091552734375
3.8174999,0.871489405632019,-0.5614402890205383,9.773730278015137,-0.030517578125,0.091552734375,-0.30517578125
3.8224999000000004,0.8774749040603638,-0.5662286877632141,9.77013874053955,0.030517578125,-0.06103515625,-0.274658203125
3.8274999000000003,0.8816647529602051,-0.568622887134552,9.77253246307373,0.030517578125,-0.1220703125,-0.274658203125
3.8324999,0.8876502513885498,-0.5692214369773865,9.773730278015137,0.030517578125,0.152587890625,-0.3662109375
3.8374999,0.8870517015457153,-0.5692214369773865,9.767744064331055,0.030517578125,-0.091552734375,-0.274658203125
3.8424999,0.8888474106788635,-0.5644330382347107,9.77133560180664,-0.030517578125,0.152587890625,-0.152587890625
3.8474999000000003,0.8846575021743774,-0.5614402890205383,9.763554573059082,0,0.152587890625,-0.18310546875
3.8524999,0.8804676532745361,-0.5590460896492004,9.768342971801758,-0.06103515625,-0.030517578125,-0.213623046875
3.8574999,0.8744821548461914,-0.5608417391777039,9.769539833068848,-0.030517578125,0.091552734375,-0.274658203125
3.8624999,0.8661024570465088,-0.5620388388633728,9.767744064331055,0.091552734375,0.06103515625,-0.18310546875
3.8674999000000003,0.8643068075180054,-0.5692214369773865,9.769539833068848,0.030517578125,-0.1220703125,-0.213623046875
3.8724999,0.8690952062606812,-0.569819986820221,9.767146110534668,0.030517578125,0.06103515625,-0.274658203125
3.8774999,0.8667010068893433,-0.569819986820221,9.765350341796875,-0.06103515625,-0.06103515625,-0.274658203125
3.8824999,0.8732850551605225,-0.5680243372917175,9.770736694335938,0.030517578125,0.1220703125,-0.30517578125
3.8874999000000003,0.8667010068893433,-0.5650315880775452,9.765350341796875,0,0.030517578125,-0.213623046875
3.8924999000000002,0.8672995567321777,-0.5638344883918762,9.77133560180664,0.06103515625,-0.06103515625,-0.1220703125
3.8974999,0.8667010068893433,-0.5638344883918762,9.768342971801758,0.091552734375,-0.091552734375,-0.244140625
3.9024999,0.8661024570465088,-0.5644330382347107,9.764751434326172,-0.030517578125,-0.152587890625,-0.244140625
3.9074999000000004,0.871489405632019,-0.5680243372917175,9.770736694335938,0.091552734375,0.06103515625,-0.152587890625
3.9124999000000003,0.8696937561035156,-0.5680243372917175,9.764153480529785,-0.030517578125,-0.1220703125,-0.18310546875
3.9174999,0.8750807046890259,-0.5656301379203796,9.773131370544434,0,0.030517578125,-0.335693359375
3.9224999,0.8762778043746948,-0.5632359385490417,9.773131370544434,0,0.030517578125,-0.213623046875
3.9274999000000004,0.8792705535888672,-0.5626373887062073,9.77672290802002,0.091552734375,0.18310546875,-0.213623046875
3.9324999000000003,0.8732850551605225,-0.5614402890205383,9.768941879272461,-0.06103515625,-0.030517578125,-0.18310546875
3.9374999,0.8774749040603638,-0.5644330382347107,9.773730278015137,0.030517578125,0.06103515625,-0.18310546875
3.9424999,0.8708908557891846,-0.5632359385490417,9.77013874053955,-0.030517578125,-0.030517578125,-0.30517578125
3.9474999000000004,0.871489405632019,-0.5620388388633728,9.77253246307373,0.030517578125,0.091552734375,-0.244140625
3.9524999000000003,0.872686505317688,-0.5596446394920349,9.777320861816406,-0.030517578125,0,-0.3662109375
3.9574999,0.8655039072036743,-0.5548562407493591,9.776124000549316,0.030517578125,-0.091552734375,-0.244140625
3.9624999,0.8667010068893433,-0.5524620413780212,9.783905029296875,0.152587890625,0.091552734375,-0.274658203125
3.9674999000000004,0.8637082576751709,-0.5506663918495178,9.777320861816406,-0.06103515625,-0.06103515625,-0.274658203125
3.9724999000000003,0.8672995567321777,-0.5512649416923523,9.774927139282227,-0.091552734375,-0.06103515625,-0.335693359375
3.9774999,0.8810662031173706,-0.5560533404350281,9.762955665588379,0.030517578125,-0.091552734375,-0.152587890625
3.9824999,0.8906430602073669,-0.5560533404350281,9.767744064331055,-0.06103515625,0.18310546875,-0.244140625
3.9874999,0.8882488012313843,-0.5548562407493591,9.761758804321289,-0.06103515625,0.274658203125,-0.30517578125
3.9924999000000003,0.8888474106788635,-0.5530605912208557,9.762357711791992,0.030517578125,0.213623046875,-0.244140625
3.9974999,0.8834604024887085,-0.5530605912208557,9.762357711791992,0,0.1220703125,-0.18310546875
4.0024999,0.8768763542175293,-0.5554547905921936,9.761159896850586,-0.091552734375,0.030517578125,-0.213623046875
4.0074999,0.8768763542175293,-0.5578489899635315,9.768342971801758,-0.030517578125,0.244140625,-0.30517578125
4.0124999,0.8702923059463501,-0.5614402890205383,9.765948295593262,0,0.091552734375,-0.244140625
4.0174999,0.871489405632019,-0.5614402890205383,9.770736694335938,0.091552734375,-0.152587890625,-0.1220703125
4.022499900000001,0.8684966564178467,-0.5632359385490417,9.77013874053955,0.152587890625,0.06103515625,-0.244140625
4.0274999000000005,0.8667010068893433,-0.5626373887062073,9.768342971801758,0.091552734375,0.18310546875,-0.152587890625
4.0324999,0.8708908557891846,-0.5650315880775452,9.77133560180664,0.030517578125,0.1220703125,-0.18310546875
4.0374999,0.8774749040603638,-0.5692214369773865,9.773730278015137,-0.091552734375,-0.06103515625,-0.30517578125
4.0424999,0.8786720037460327,-0.568622887134552,9.775525093078613,-0.06103515625,-0.030517578125,-0.3662109375
4.0474999,0.8822633028030396,-0.568622887134552,9.768941879272461,0.030517578125,-0.030517578125,-0.244140625
4.0524999,0.8870517015457153,-0.569819986820221,9.777320861816406,0.1220703125,0.06103515625,-0.18310546875
4.0574999,0.8846575021743774,-0.5674257874488831,9.768941879272461,0.030517578125,0,-0.213623046875
4.062499900000001,0.8852560520172119,-0.5650315880775452,9.778518676757812,0.18310546875,0.1220703125,-0.152587890625
4.0674999000000005,0.8852560520172119,-0.5662286877632141,9.77791976928711,0.091552734375,0.1220703125,-0.152587890625
4.0724999,0.8810662031173706,-0.5650315880775452,9.779715538024902,-0.06103515625,0.030517578125,-0.06103515625
4.0774999,0.8816647529602051,-0.5692214369773865,9.782708168029785,0,0.152587890625,-0.30517578125
4.0824999,0.8720879554748535,-0.5614402890205383,9.768342971801758,0.091552734375,0.030517578125,-0.274658203125
4.0874999,0.8756792545318604,-0.5614402890205383,9.776124000549316,0.030517578125,0.091552734375,-0.30517578125
4.0924999,0.871489405632019,-0.5602431893348694,9.77013874053955,0.152587890625,0.152587890625,-0.274658203125
4.0974999,0.8696937561035156,-0.557250440120697,9.775525093078613,0.030517578125,0.091552734375,-0.213623046875
4.1024999,0.8696937561035156,-0.5566518902778625,9.77672290802002,0.06103515625,0.335693359375,-0.244140625
4.1074999000000005,0.862511157989502,-0.5560533404350281,9.773131370544434,0.152587890625,0.1220703125,-0.213623046875
4.1124999,0.8643068075180054,-0.558447539806366,9.779715538024902,0.030517578125,0.1220703125,-0.244140625
4.1174999,0.8607155084609985,-0.558447539806366,9.775525093078613,-0.091552734375,0.1220703125,-0.1220703125
4.1224999,0.8607155084609985,-0.5602431893348694,9.780912399291992,-0.091552734375,0.1220703125,-0.152587890625
4.1274999,0.8631097078323364,-0.5602431893348694,9.782708168029785,-0.030517578125,-0.06103515625,-0.18310546875
4.1324999,0.8607155084609985,-0.558447539806366,9.780912399291992,0,-0.18310546875,-0.213623046875
4.1374999,0.871489405632019,-0.5602431893348694,9.773730278015137,0.06103515625,-0.18310546875,-0.1220703125
4.1424999,0.8810662031173706,-0.5650315880775452,9.774328231811523,-0.030517578125,-0.091552734375,-0.274658203125
4.147499900000001,0.8852560520172119,-0.5650315880775452,9.767146110534668,0,0.06103515625,-0.244140625
4.1524999000000005,0.884058952331543,-0.5650315880775452,9.765948295593262,0.06103515625,0,-0.244140625
4.1574999,0.8864531517028809,-0.5638344883918762,9.77253246307373,-0.030517578125,0.30517578125,-0.213623046875
4.1624999,0.8786720037460327,-0.5608417391777039,9.768342971801758,0.030517578125,0.152587890625,-0.213623046875
4.1674999,0.8780734539031982,-0.5620388388633728,9.777320861816406,0.091552734375,0.091552734375,-0.335693359375
4.1724999,0.8672995567321777,-0.5632359385490417,9.77253246307373,0.06103515625,0.244140625,-0.244140625
4.1774999,0.8595184087753296,-0.5626373887062073,9.77253246307373,-0.030517578125,0.213623046875,-0.1220703125
4.1824999,0.8523358106613159,-0.5656301379203796,9.776124000549316,-0.152587890625,0.091552734375,-0.152587890625
4.187499900000001,0.8433575630187988,-0.5632359385490417,9.77253246307373,-0.030517578125,-0.06103515625,-0.274658203125
4.1924999000000005,0.8475474119186401,-0.5644330382347107,9.781511306762695,0.06103515625,-0.091552734375,-0.152587890625
4.1974999,0.8661024570465088,-0.5680243372917175,9.777320861816406,-0.030517578125,-0.244140625,-0.244140625
4.2024999,0.8822633028030396,-0.5716156363487244,9.778518676757812,0,-0.152587890625,-0.152587890625
4.2074999,0.8876502513885498,-0.568622887134552,9.773730278015137,-0.06103515625,-0.1220703125,-0.06103515625
4.2124999,0.8966285586357117,-0.5674257874488831,9.7791166305542,0.18310546875,-0.030517578125,-0.091552734375
4.2174999,0.8930372595787048,-0.5602431893348694,9.774328231811523,0.091552734375,0.06103515625,-0.274658203125
4.2224999,0.8918401598930359,-0.557250440120697,9.77672290802002,0,0.030517578125,-0.30517578125
4.2274999,0.8900445103645325,-0.5548562407493591,9.775525093078613,-0.030517578125,0.213623046875,-0.274658203125
4.2324999000000005,0.882861852645874,-0.5548562407493591,9.773131370544434,0,0.06103515625,-0.30517578125
4.2374999,0.8810662031173706,-0.5566518902778625,9.7791166305542,0.091552734375,0.18310546875,-0.30517578125
4.2424999,0.8643068075180054,-0.557250440120697,9.780313491821289,-0.030517578125,0.18310546875,-0.06103515625
4.2474999,0.8565256595611572,-0.5590460896492004,9.77791976928711,0.091552734375,0.335693359375,-0.335693359375
4.2524999,0.8535329103469849,-0.5638344883918762,9.771934509277344,0,-0.1220703125,-0.244140625
4.2574999,0.8607155084609985,-0.5650315880775452,9.774328231811523,-0.030517578125,-0.1220703125,-0.457763671875
4.2624999,0.862511157989502,-0.5650315880775452,9.77133560180664,0,-0.1220703125,-0.213623046875
4.2674999,0.8649053573608398,-0.5650315880775452,9.77013874053955,-0.030517578125,-0.274658203125,-0.030517578125
4.272499900000001,0.872686505317688,-0.5656301379203796,9.773730278015137,-0.06103515625,-0.091552734375,-0.18310546875
4.2774999000000005,0.8762778043746948,-0.5656301379203796,9.77253246307373,-0.030517578125,-0.152587890625,-0.244140625
4.2824999,0.8834604024887085,-0.5656301379203796,9.77791976928711,0.091552734375,0.030517578125,-0.18310546875
4.2874999,0.8858546018600464,-0.5650315880775452,9.779715538024902,0.030517578125,0.091552734375,-0.18310546875
4.2924999,0.8864531517028809,-0.5638344883918762,9.779715538024902,-0.1220703125,0.152587890625,-0.335693359375
4.2974999,0.8870517015457153,-0.5614402890205383,9.779715538024902,0,0.42724609375,-0.42724609375
4.3024999,0.8804676532745361,-0.558447539806366,9.773131370544434,0.06103515625,0.213623046875,-0.30517578125
4.3074999,0.8732850551605225,-0.557250440120697,9.768941879272461,0.091552734375,0.18310546875,-0.152587890625
4.312499900000001,0.8672995567321777,-0.5602431893348694,9.773730278015137,0.030517578125,0.1220703125,-0.213623046875
4.3174999000000005,0.8637082576751709,-0.5620388388633728,9.780912399291992,0,0.091552734375,-0.213623046875
4.3224999,0.8553285598754883,-0.5632359385490417,9.779715538024902,0,-0.06103515625,-0.213623046875
4.3274999,0.8583213090896606,-0.5662286877632141,9.788095474243164,0.030517578125,0.06103515625,-0.30517578125
4.3324999,0.8565256595611572,-0.568622887134552,9.781511306762695,0.06103515625,0.030517578125,-0.152587890625
4.3374999,0.8601169586181641,-0.5710170865058899,9.781511306762695,-0.06103515625,-0.06103515625,-0.091552734375
4.3424999,0.8684966564178467,-0.5722141861915588,9.774328231811523,-0.091552734375,0,-0.30517578125
4.3474999,0.8708908557891846,-0.5692214369773865,9.765350341796875,-0.030517578125,-0.091552734375,-0.274658203125
4.352499900000001,0.8810662031173706,-0.5650315880775452,9.764153480529785,0,-0.06103515625,-0.18310546875
4.3574999000000005,0.8816647529602051,-0.5614402890205383,9.75397777557373,0,0,-0.213623046875
4.3624999,0.8834604024887085,-0.5566518902778625,9.75397777557373,-0.06103515625,0.152587890625,-0.30517578125
4.3674999,0.8762778043746948,-0.5554547905921936,9.75397777557373,0.091552734375,0.1220703125,-0.274658203125
4.3724999,0.8762778043746948,-0.557250440120697,9.763554573059082,0.030517578125,0.335693359375,-0.274658203125
4.3774999,0.871489405632019,-0.5578489899635315,9.762955665588379,0.091552734375,0.274658203125,-0.213623046875
4.3824999,0.8744821548461914,-0.5590460896492004,9.77013874053955,0.06103515625,0.152587890625,-0.213623046875
4.3874999,0.8756792545318604,-0.5602431893348694,9.77253246307373,-0.06103515625,0.152587890625,-0.213623046875
4.3924999,0.8750807046890259,-0.558447539806366,9.774328231811523,0,0,-0.18310546875
4.397499900000001,0.8780734539031982,-0.5578489899635315,9.780912399291992,0,0.030517578125,-0.30517578125
4.4024999000000005,0.872686505317688,-0.557250440120697,9.775525093078613,0,0,-0.396728515625
4.4074999,0.8774749040603638,-0.5548562407493591,9.780912399291992,0.030517578125,-0.18310546875,-0.30517578125
4.4124999,0.8774749040603638,-0.5560533404350281,9.773131370544434,-0.06103515625,-0.152587890625,-0.244140625
4.4174999,0.8822633028030396,-0.5554547905921936,9.77253246307373,-0.06103515625,-0.18310546875,-0.30517578125
4.4224999,0.8942343592643738,-0.5596446394920349,9.77013874053955,-0.030517578125,0,-0.244140625
4.4274999,0.900818407535553,-0.5608417391777039,9.780313491821289,0,0.1220703125,-0.244140625
4.4324999,0.8978256583213806,-0.5608417391777039,9.77253246307373,0.091552734375,0.1220703125,-0.213623046875
4.437499900000001,0.889445960521698,-0.5596446394920349,9.776124000549316,0.091552734375,0.152587890625,-0.244140625
4.4424999000000005,0.882861852645874,-0.5602431893348694,9.77791976928711,-0.030517578125,0.274658203125,-0.42724609375
4.4474999,0.8708908557891846,-0.5614402890205383,9.77672290802002,-0.06103515625,0.091552734375,-0.213623046875
4.4524999,0.8649053573608398,-0.5650315880775452,9.783307075500488,0,0.18310546875,-0.18310546875
4.4574999,0.8601169586181641,-0.5662286877632141,9.7791166305542,0.18310546875,0.152587890625,-0.244140625
4.4624999,0.8601169586181641,-0.5662286877632141,9.783307075500488,0.091552734375,0.152587890625,-0.18310546875
4.4674999,0.8637082576751709,-0.5650315880775452,9.779715538024902,0.1220703125,0.030517578125,-0.213623046875
4.4724999,0.8637082576751709,-0.5608417391777039,9.77672290802002,0.030517578125,-0.1220703125,-0.091552734375
4.477499900000001,0.8696937561035156,-0.5614402890205383,9.782708168029785,-0.030517578125,-0.06103515625,-0.244140625
4.4824999000000005,0.8738836050033569,-0.5638344883918762,9.780313491821289,-0.030517578125,-0.1220703125,-0.244140625
4.4874999,0.8792705535888672,-0.5662286877632141,9.780912399291992,-0.06103515625,0.06103515625,-0.274658203125
4.4924999,0.8822633028030396,-0.5662286877632141,9.773730278015137,-0.152587890625,-0.091552734375,-0.213623046875
4.4974999,0.8912416100502014,-0.5650315880775452,9.780313491821289,-0.030517578125,0.1220703125,-0.30517578125
4.5024999,0.8906430602073669,-0.5656301379203796,9.77133560180664,0.06103515625,0.091552734375,-0.18310546875
4.5074999,0.8888474106788635,-0.5650315880775452,9.776124000549316,0,0.152587890625,-0.244140625
4.5124999,0.8846575021743774,-0.5668272376060486,9.780313491821289,-0.06103515625,0.3662109375,-0.244140625
4.5174999,0.8744821548461914,-0.5692214369773865,9.783307075500488,0.06103515625,0.091552734375,-0.091552734375
4.522499900000001,0.872686505317688,-0.5722141861915588,9.79527759552002,-0.030517578125,0.18310546875,-0.30517578125
4.5274999000000005,0.872686505317688,-0.5722141861915588,9.79527759552002,-0.030517578125,0.18310546875,-0.30517578125
4.5324999,0.8672995567321777,-0.5716156363487244,9.789292335510254,0,0.152587890625,-0.335693359375
4.5374999,0.8690952062606812,-0.5710170865058899,9.791686058044434,0,0.06103515625,-0.152587890625
4.5424999,0.871489405632019,-0.5596446394920349,9.776124000549316,0.030517578125,-0.091552734375,-0.1220703125
4.5474999,0.8756792545318604,-0.5542576909065247,9.775525093078613,-0.06103515625,-0.091552734375,-0.18310546875
4.5524999,0.8708908557891846,-0.5530605912208557,9.771934509277344,0.18310546875,-0.152587890625,-0.244140625
4.5574999,0.8738836050033569,-0.5542576909065247,9.780912399291992,0.06103515625,0.091552734375,-0.18310546875
4.562499900000001,0.8684966564178467,-0.5608417391777039,9.778518676757812,0.06103515625,0.091552734375,-0.152587890625
4.5674999000000005,0.8684966564178467,-0.5608417391777039,9.778518676757812,0.06103515625,0.091552734375,-0.152587890625
4.5724999,0.8678981065750122,-0.5626373887062073,9.778518676757812,0,0.213623046875,-0.1220703125
4.5774999,0.8672995567321777,-0.5620388388633728,9.77013874053955,-0.030517578125,0.18310546875,-0.152587890625
4.5824999,0.8696937561035156,-0.5614402890205383,9.775525093078613,0.06103515625,0.1220703125,-0.18310546875
4.5874999,0.8655039072036743,-0.5602431893348694,9.767744064331055,0,-0.091552734375,-0.213623046875
4.5924999,0.8661024570465088,-0.5590460896492004,9.77133560180664,-0.06103515625,0.030517578125,-0.244140625
4.5974999,0.8649053573608398,-0.5554547905921936,9.770736694335938,0.06103515625,0.152587890625,-0.274658203125
4.602499900000001,0.8690952062606812,-0.5530605912208557,9.780313491821289,-0.06103515625,0,-0.213623046875
4.6074999000000005,0.8667010068893433,-0.5548562407493591,9.776124000549316,-0.06103515625,-0.030517578125,-0.18310546875
4.6124999,0.8684966564178467,-0.5590460896492004,9.780313491821289,-0.06103515625,0.06103515625,-0.18310546875
4.6174999,0.8696937561035156,-0.5632359385490417,9.773730278015137,0,0.091552734375,-0.396728515625
4.6224999,0.8678981065750122,-0.5638344883918762,9.767146110534668,-0.1220703125,-0.06103515625,-0.274658203125
4.6274999,0.8756792545318604,-0.5638344883918762,9.77013874053955,0.030517578125,0.030517578125,-0.244140625
4.6324999,0.8738836050033569,-0.5626373887062073,9.766547203063965,0.152587890625,0.030517578125,-0.244140625
4.6374999,0.8780734539031982,-0.5590460896492004,9.773730278015137,-0.030517578125,0.091552734375,-0.244140625
4.6424999,0.8732850551605225,-0.5578489899635315,9.773730278015137,0.091552734375,0.030517578125,-0.274658203125
4.647499900000001,0.8661024570465088,-0.5560533404350281,9.773131370544434,0.030517578125,-0.06103515625,-0.152587890625
4.6524999000000005,0.8643068075180054,-0.557250440120697,9.775525093078613,0.030517578125,0.1220703125,-0.1220703125
4.6574999,0.8565256595611572,-0.5578489899635315,9.767744064331055,-0.152587890625,-0.152587890625,-0.1220703125
4.6624999,0.8696937561035156,-0.5644330382347107,9.767146110534668,-0.06103515625,-0.06103515625,-0.244140625
4.6674999,0.8780734539031982,-0.5704185366630554,9.77133560180664,-0.091552734375,0.06103515625,-0.244140625
4.6724999,0.8804676532745361,-0.5716156363487244,9.768941879272461,0,0.1220703125,-0.18310546875
4.6774999,0.8834604024887085,-0.5728127360343933,9.776124000549316,0.030517578125,0.152587890625,-0.244140625
4.6824999,0.8786720037460327,-0.5716156363487244,9.77672290802002,0.213623046875,0.091552734375,-0.213623046875
4.687499900000001,0.872686505317688,-0.5650315880775452,9.77672290802002,0,-0.1220703125,-0.1220703125
4.6924999000000005,0.8702923059463501,-0.5614402890205383,9.780912399291992,0.091552734375,0.06103515625,-0.1220703125
4.6974999,0.8643068075180054,-0.5554547905921936,9.774328231811523,0.030517578125,0.030517578125,-0.274658203125
4.7024999,0.8684966564178467,-0.557250440120697,9.779715538024902,-0.06103515625,0.213623046875,-0.3662109375
4.7074999,0.8667010068893433,-0.5578489899635315,9.773730278015137,-0.1220703125,0.06103515625,-0.213623046875
4.7124999,0.8690952062606812,-0.558447539806366,9.77672290802002,0,-0.030517578125,-0.213623046875
4.7174999,0.8744821548461914,-0.5590460896492004,9.779715538024902,0,0.091552734375,-0.244140625
4.7224999,0.8822633028030396,-0.5620388388633728,9.767744064331055,0.030517578125,0.030517578125,-0.30517578125
4.727499900000001,0.8846575021743774,-0.5626373887062073,9.768941879272461,0,-0.030517578125,-0.1220703125
4.7324999000000005,0.8852560520172119,-0.5662286877632141,9.776124000549316,0.030517578125,0.152587890625,-0.152587890625
4.7374999,0.884058952331543,-0.5668272376060486,9.778518676757812,0.030517578125,-0.030517578125,-0.30517578125
4.7424999,0.8792705535888672,-0.5680243372917175,9.785700798034668,0.030517578125,0.152587890625,-0.244140625
4.7474999,0.8762778043746948,-0.5680243372917175,9.788095474243164,0.06103515625,0.18310546875,-0.30517578125
4.7524999,0.8661024570465088,-0.5650315880775452,9.786299705505371,0.06103515625,0.18310546875,-0.213623046875
4.7574999,0.8690952062606812,-0.5638344883918762,9.773730278015137,0.091552734375,-0.091552734375,-0.244140625
4.7624999,0.8738836050033569,-0.5650315880775452,9.773131370544434,-0.091552734375,0.091552734375,-0.274658203125
4.7674999,0.8720879554748535,-0.5644330382347107,9.762955665588379,-0.030517578125,-0.244140625,-0.091552734375
4.772499900000001,0.871489405632019,-0.5620388388633728,9.768941879272461,-0.06103515625,-0.030517578125,-0.30517578125
4.7774999000000005,0.8684966564178467,-0.5608417391777039,9.765350341796875,-0.030517578125,0.091552734375,-0.30517578125
4.7824999,0.8690952062606812,-0.5590460896492004,9.767146110534668,0.030517578125,-0.1220703125,-0.213623046875
4.7874999,0.8732850551605225,-0.5590460896492004,9.771934509277344,0,0.06103515625,-0.30517578125
4.7924999,0.872686505317688,-0.5596446394920349,9.767744064331055,0.030517578125,0.030517578125,-0.30517578125
4.7974999,0.8780734539031982,-0.5596446394920349,9.777320861816406,-0.06103515625,0.213623046875,-0.335693359375
4.8024999,0.872686505317688,-0.5620388388633728,9.77672290802002,0.030517578125,0.1220703125,-0.18310546875
4.8074999,0.8672995567321777,-0.5632359385490417,9.769539833068848,-0.091552734375,0,-0.152587890625
4.812499900000001,0.8690952062606812,-0.5638344883918762,9.776124000549316,-0.1220703125,0.030517578125,-0.396728515625
4.8174999000000005,0.8619126081466675,-0.5650315880775452,9.769539833068848,-0.213623046875,0.030517578125,-0.3662109375
4.8224999,0.8631097078323364,-0.5626373887062073,9.774927139282227,0.030517578125,-0.030517578125,-0.152587890625
4.8274999,0.862511157989502,-0.5650315880775452,9.774927139282227,-0.030517578125,0.1220703125,-0.152587890625
4.8324999,0.862511157989502,-0.5644330382347107,9.774927139282227,0.030517578125,-0.030517578125,-0.152587890625
4.8374999,0.8696937561035156,-0.5644330382347107,9.781511306762695,-0.1220703125,0.091552734375,-0.244140625
4.8424999,0.872686505317688,-0.5650315880775452,9.776124000549316,-0.06103515625,-0.06103515625,-0.30517578125
4.8474999,0.8804676532745361,-0.5626373887062073,9.784503936767578,0.030517578125,-0.1220703125,-0.274658203125
4.852499900000001,0.8846575021743774,-0.5602431893348694,9.779715538024902,-0.091552734375,0.030517578125,-0.3662109375
4.8574999000000005,0.8876502513885498,-0.5554547905921936,9.785700798034668,0.030517578125,0.152587890625,-0.18310546875
4.8624999,0.882861852645874,-0.5524620413780212,9.781511306762695,0.030517578125,0.152587890625,-0.152587890625
4.8674999,0.882861852645874,-0.5542576909065247,9.788095474243164,-0.030517578125,0.274658203125,-0.274658203125
4.8724999,0.8756792545318604,-0.5548562407493591,9.784503936767578,0,0.152587890625,-0.335693359375
4.8774999,0.8702923059463501,-0.5578489899635315,9.78869342803955,0.152587890625,0.030517578125,-0.152587890625
4.8824999,0.8672995567321777,-0.5626373887062073,9.789292335510254,0.1220703125,0.18310546875,-0.244140625
4.8874999,0.8589198589324951,-0.5656301379203796,9.782109260559082,0,0.06103515625,-0.18310546875
4.8924999,0.862511157989502,-0.5674257874488831,9.783307075500488,0,0.1220703125,-0.396728515625
4.897499900000001,0.8607155084609985,-0.5662286877632141,9.77013874053955,0.030517578125,0,-0.30517578125
4.9024999000000005,0.8655039072036743,-0.5638344883918762,9.768941879272461,0.030517578125,-0.091552734375,-0.18310546875
4.9074999,0.8708908557891846,-0.5632359385490417,9.769539833068848,-0.091552734375,0.030517578125,-0.213623046875
4.9124999,0.872686505317688,-0.5614402890205383,9.768342971801758,-0.030517578125,-0.030517578125,-0.213623046875
4.9174999,0.8822633028030396,-0.5668272376060486,9.782109260559082,0.091552734375,-0.030517578125,-0.213623046875
4.9224999,0.882861852645874,-0.5680243372917175,9.779715538024902,0.06103515625,0.06103515625,-0.244140625
4.9274999,0.8822633028030396,-0.5656301379203796,9.777320861816406,0,0,-0.244140625
4.9324999,0.8852560520172119,-0.5692214369773865,9.779715538024902,-0.091552734375,0.18310546875,-0.1220703125
4.937499900000001,0.8762778043746948,-0.568622887134552,9.77133560180664,0.091552734375,0.1220703125,-0.152587890625
4.9424999000000005,0.8750807046890259,-0.5722141861915588,9.783307075500488,0.030517578125,0.18310546875,-0.335693359375
4.9474999,0.8667010068893433,-0.5704185366630554,9.778518676757812,0.1220703125,0.244140625,-0.244140625
4.9524999,0.861314058303833,-0.569819986820221,9.783307075500488,0.06103515625,-0.030517578125,-0.3662109375
4.9574999,0.8607155084609985,-0.5674257874488831,9.780912399291992,-0.030517578125,-0.06103515625,-0.396728515625
4.9624999,0.8553285598754883,-0.5644330382347107,9.770736694335938,-0.091552734375,-0.18310546875,-0.30517578125
4.9674999,0.862511157989502,-0.5638344883918762,9.773730278015137,0,-0.030517578125,-0.213623046875
4.9724999,0.8684966564178467,-0.5656301379203796,9.77133560180664,-0.06103515625,0,-0.30517578125
4.977499900000001,0.8744821548461914,-0.5680243372917175,9.77133560180664,-0.091552734375,0,-0.30517578125
4.9824999000000005,0.8708908557891846,-0.5668272376060486,9.765948295593262,0.030517578125,-0.030517578125,-0.213623046875
4.9874999,0.8732850551605225,-0.568622887134552,9.766547203063965,0.091552734375,0,-0.213623046875
4.9924999,0.8750807046890259,-0.5668272376060486,9.763554573059082,0,0.213623046875,-0.335693359375
4.9974999,0.8684966564178467,-0.5662286877632141,9.765350341796875,0,0.030517578125,-0.30517578125
5.0024999,0.8696937561035156,-0.5674257874488831,9.771934509277344,0.030517578125,0.091552734375,-0.30517578125
5.0074999,0.8637082576751709,-0.5650315880775452,9.77013874053955,-0.030517578125,-0.06103515625,-0.152587890625
5.0124999,0.8661024570465088,-0.5662286877632141,9.774927139282227,0,0.06103515625,-0.30517578125
5.0174999,0.8667010068893433,-0.5638344883918762,9.773730278015137,0.030517578125,0.091552734375,-0.244140625
5.022499900000001,0.8756792545318604,-0.5620388388633728,9.777320861816406,0,-0.06103515625,-0.1220703125
5.0274999000000005,0.8756792545318604,-0.5596446394920349,9.774927139282227,-0.091552734375,-0.030517578125,-0.18310546875
5.0324999,0.8804676532745361,-0.5596446394920349,9.775525093078613,-0.06103515625,0.06103515625,-0.274658203125
5.0374999,0.8756792545318604,-0.5632359385490417,9.77013874053955,0.1220703125,0,-0.213623046875
5.0424999,0.8774749040603638,-0.5632359385490417,9.773131370544434,-0.06103515625,0.091552734375,-0.30517578125
5.0474999,0.8732850551605225,-0.5650315880775452,9.77133560180664,-0.06103515625,0,-0.30517578125
5.0524999,0.8702923059463501,-0.5656301379203796,9.77253246307373,-0.030517578125,0.091552734375,-0.244140625
5.0574999,0.871489405632019,-0.5632359385490417,9.7791166305542,0.06103515625,0.18310546875,-0.18310546875
5.062499900000001,0.8720879554748535,-0.5626373887062073,9.777320861816406,0.06103515625,-0.030517578125,-0.18310546875
5.0674999000000005,0.8756792545318604,-0.5614402890205383,9.786897659301758,0.06103515625,0.030517578125,-0.213623046875
5.0724999,0.8750807046890259,-0.5638344883918762,9.786897659301758,-0.06103515625,0.152587890625,-0.274658203125
5.0774999,0.871489405632019,-0.5644330382347107,9.786299705505371,-0.030517578125,0.06103515625,-0.213623046875
5.0824999,0.8607155084609985,-0.5614402890205383,9.783905029296875,-0.030517578125,-0.030517578125,-0.335693359375
5.0874999,0.861314058303833,-0.558447539806366,9.778518676757812,-0.06103515625,0.030517578125,-0.152587890625
5.0924999,0.8678981065750122,-0.5590460896492004,9.779715538024902,0,-0.030517578125,-0.244140625
5.0974999,0.8756792545318604,-0.5620388388633728,9.780912399291992,0.091552734375,0,-0.335693359375
5.102499900000001,0.8792705535888672,-0.5632359385490417,9.777320861816406,0.06103515625,0,-0.30517578125
5.1074999000000005,0.8858546018600464,-0.5680243372917175,9.7791166305542,-0.030517578125,0.1220703125,-0.244140625
5.1124999,0.8810662031173706,-0.568622887134552,9.769539833068848,-0.06103515625,-0.030517578125,-0.1220703125
5.1174999,0.8804676532745361,-0.5722141861915588,9.77253246307373,0,-0.06103515625,-0.091552734375
5.1224999,0.8762778043746948,-0.5728127360343933,9.77013874053955,0,0.18310546875,-0.213623046875
5.1274999,0.8732850551605225,-0.5746083855628967,9.767744064331055,0.1220703125,0.091552734375,-0.1220703125
5.1324999,0.8738836050033569,-0.5752069354057312,9.77133560180664,0,0.152587890625,-0.18310546875
5.1374999,0.8732850551605225,-0.5662286877632141,9.771934509277344,-0.06103515625,0.06103515625,-0.213623046875
5.1424999,0.871489405632019,-0.5650315880775452,9.77672290802002,-0.030517578125,-0.06103515625,-0.274658203125
5.147499900000001,0.871489405632019,-0.5650315880775452,9.776124000549316,0.030517578125,0.06103515625,-0.3662109375
5.1524999000000005,0.8684966564178467,-0.5632359385490417,9.771934509277344,0.213623046875,-0.091552734375,-0.244140625
5.1574999,0.871489405632019,-0.5650315880775452,9.77253246307373,0.06103515625,-0.091552734375,-0.213623046875
5.1624999,0.871489405632019,-0.5650315880775452,9.77253246307373,0.06103515625,-0.091552734375,-0.213623046875
5.1674999,0.871489405632019,-0.5626373887062073,9.77013874053955,-0.091552734375,-0.091552734375,-0.152587890625
5.1724999,0.8756792545318604,-0.5602431893348694,9.776124000549316,0.06103515625,0.1220703125,-0.42724609375
5.1774999,0.8774749040603638,-0.558447539806366,9.776124000549316,0.06103515625,0.091552734375,-0.244140625
5.1824999,0.8762778043746948,-0.5566518902778625,9.77672290802002,0,0.06103515625,-0.152587890625
5.187499900000001,0.8798691034317017,-0.5566518902778625,9.774927139282227,0.06103515625,0.18310546875,-0.152587890625
5.1924999000000005,0.871489405632019,-0.5614402890205383,9.773131370544434,0.06103515625,0.06103515625,-0.18310546875
5.1974999,0.871489405632019,-0.5614402890205383,9.773131370544434,0.06103515625,0.06103515625,-0.18310546875
5.2024999,0.8762778043746948,-0.5650315880775452,9.771934509277344,-0.091552734375,0,-0.30517578125
5.2074999,0.8762778043746948,-0.5650315880775452,9.771934509277344,-0.091552734375,0,-0.30517578125
5.2124999,0.8882488012313843,-0.5668272376060486,9.7791166305542,-0.06103515625,0.030517578125,-0.274658203125
5.2174999,0.8876502513885498,-0.5674257874488831,9.773131370544434,0,-0.030517578125,-0.152587890625
5.2224999,0.8918401598930359,-0.5680243372917175,9.780313491821289,0.06103515625,-0.030517578125,-0.091552734375
5.227499900000001,0.8906430602073669,-0.5680243372917175,9.774927139282227,0.030517578125,0,-0.213623046875
5.2324999000000005,0.8876502513885498,-0.5674257874488831,9.773730278015137,0.06103515625,0.030517578125,-0.274658203125
5.2374999,0.8870517015457153,-0.5674257874488831,9.776124000549316,-0.1220703125,0.152587890625,-0.213623046875
5.2424999,0.8780734539031982,-0.5668272376060486,9.775525093078613,0.1220703125,0,-0.213623046875
5.2474999,0.8732850551605225,-0.5620388388633728,9.768342971801758,0.06103515625,-0.030517578125,-0.18310546875
5.2524999,0.872686505317688,-0.5608417391777039,9.771934509277344,0.06103515625,0,-0.18310546875
5.2574999,0.8750807046890259,-0.5578489899635315,9.771934509277344,-0.030517578125,0.213623046875,-0.244140625
5.2624999,0.871489405632019,-0.5554547905921936,9.77133560180664,-0.06103515625,0.091552734375,-0.152587890625
5.2674999,0.8756792545318604,-0.558447539806366,9.7791166305542,-0.06103515625,0.1220703125,-0.244140625
5.272499900000001,0.8708908557891846,-0.5560533404350281,9.774927139282227,0.1220703125,-0.1220703125,-0.18310546875
5.2774999000000005,0.872686505317688,-0.5578489899635315,9.781511306762695,0.06103515625,0.06103515625,-0.18310546875
5.2824999,0.8720879554748535,-0.5542576909065247,9.780912399291992,0,0.030517578125,-0.244140625
5.2874999,0.8702923059463501,-0.5512649416923523,9.781511306762695,-0.091552734375,-0.152587890625,-0.244140625
5.2924999,0.872686505317688,-0.5512649416923523,9.783307075500488,0.091552734375,-0.18310546875,-0.274658203125
5.2974999,0.8690952062606812,-0.5512649416923523,9.77791976928711,0.213623046875,-0.152587890625,-0.30517578125
5.3024999,0.8744821548461914,-0.5578489899635315,9.776124000549316,0.06103515625,0.030517578125,-0.335693359375
5.3074999,0.8756792545318604,-0.5578489899635315,9.779715538024902,0.091552734375,-0.030517578125,-0.274658203125
5.312499900000001,0.8750807046890259,-0.5602431893348694,9.778518676757812,0.030517578125,0.06103515625,-0.30517578125
5.3174999000000005,0.871489405632019,-0.5590460896492004,9.77791976928711,0,0.030517578125,-0.274658203125
5.3224999,0.8744821548461914,-0.5590460896492004,9.782708168029785,-0.06103515625,0.213623046875,-0.18310546875
5.3274999,0.872686505317688,-0.5602431893348694,9.77791976928711,0.1220703125,0.030517578125,-0.18310546875
5.3324999,0.8768763542175293,-0.5620388388633728,9.785700798034668,0.091552734375,0.030517578125,-0.244140625
5.3374999,0.8744821548461914,-0.5626373887062073,9.782109260559082,0.030517578125,0.030517578125,-0.152587890625
5.3424999,0.8690952062606812,-0.5626373887062073,9.780313491821289,0.152587890625,-0.091552734375,-0.244140625
5.3474999,0.8672995567321777,-0.5602431893348694,9.779715538024902,-0.06103515625,0.091552734375,-0.30517578125
5.352499900000001,0.8607155084609985,-0.5602431893348694,9.774927139282227,0,-0.06103515625,-0.1220703125
5.3574999000000005,0.8631097078323364,-0.5614402890205383,9.780313491821289,0.091552734375,0.06103515625,-0.091552734375
5.3624999,0.8768763542175293,-0.558447539806366,9.780912399291992,0.030517578125,-0.030517578125,-0.213623046875
5.3674999,0.8792705535888672,-0.557250440120697,9.780313491821289,-0.091552734375,0.244140625,-0.274658203125
5.3724999,0.8732850551605225,-0.5542576909065247,9.774328231811523,-0.06103515625,0.091552734375,-0.213623046875
5.3774999,0.8768763542175293,-0.5524620413780212,9.775525093078613,-0.06103515625,0.091552734375,-0.18310546875
5.3824999,0.8732850551605225,-0.5518634915351868,9.769539833068848,0.091552734375,0.091552734375,-0.1220703125
5.3874999,0.8720879554748535,-0.5506663918495178,9.767744064331055,0.06103515625,0.152587890625,-0.244140625
5.3924999,0.8708908557891846,-0.5524620413780212,9.764751434326172,0,0.06103515625,-0.274658203125
5.397499900000001,0.8643068075180054,-0.5560533404350281,9.761159896850586,-0.030517578125,0,-0.274658203125
5.4024999000000005,0.8607155084609985,-0.5602431893348694,9.762357711791992,0.06103515625,0,-0.274658203125
5.4074999,0.8541314601898193,-0.5626373887062073,9.7605619430542,0,-0.030517578125,-0.274658203125
5.4124999,0.8553285598754883,-0.5608417391777039,9.765948295593262,-0.06103515625,-0.1220703125,-0.335693359375
5.4174999,0.8607155084609985,-0.5590460896492004,9.768342971801758,-0.152587890625,-0.244140625,-0.18310546875
5.4224999,0.871489405632019,-0.5596446394920349,9.771934509277344,-0.091552734375,-0.1220703125,-0.274658203125
5.4274999,0.8774749040603638,-0.5608417391777039,9.768941879272461,-0.06103515625,-0.091552734375,-0.3662109375
5.4324999,0.8906430602073669,-0.5626373887062073,9.773131370544434,-0.06103515625,0.030517578125,-0.213623046875
5.437499900000001,0.8936358094215393,-0.5650315880775452,9.77013874053955,0.030517578125,-0.06103515625,-0.18310546875
5.4424999000000005,0.8960300087928772,-0.5638344883918762,9.769539833068848,0,-0.030517578125,-0.152587890625
5.4474999,0.8942343592643738,-0.5656301379203796,9.767744064331055,0.030517578125,0.30517578125,-0.244140625
5.4524999,0.8846575021743774,-0.5644330382347107,9.763554573059082,0.030517578125,0.152587890625,-0.244140625
5.4574999,0.8780734539031982,-0.5656301379203796,9.77013874053955,0,0.274658203125,-0.18310546875
5.4624999,0.8631097078323364,-0.5650315880775452,9.768941879272461,-0.06103515625,0.244140625,-0.335693359375
5.4674999,0.8577227592468262,-0.5620388388633728,9.781511306762695,-0.030517578125,0.152587890625,-0.244140625
5.4724999,0.8559271097183228,-0.5590460896492004,9.784503936767578,0.030517578125,-0.152587890625,-0.335693359375
5.477499900000001,0.8672995567321777,-0.5638344883918762,9.785700798034668,0,-0.1220703125,-0.30517578125
5.4824999000000005,0.8738836050033569,-0.5668272376060486,9.776124000549316,0.030517578125,-0.06103515625,-0.274658203125
5.4874999,0.8834604024887085,-0.5668272376060486,9.776124000549316,0.1220703125,-0.1220703125,-0.244140625
5.4924999,0.8900445103645325,-0.5656301379203796,9.769539833068848,0.030517578125,-0.1220703125,-0.244140625
5.4974999,0.8912416100502014,-0.5620388388633728,9.762955665588379,-0.030517578125,0,-0.213623046875
5.5024999,0.8924387097358704,-0.5596446394920349,9.766547203063965,-0.06103515625,0.213623046875,-0.152587890625
5.5074999,0.8852560520172119,-0.5548562407493591,9.762955665588379,0,0.06103515625,-0.152587890625
5.5124999,0.8804676532745361,-0.5524620413780212,9.773131370544434,0.091552734375,0.152587890625,-0.244140625
5.5174999,0.8750807046890259,-0.5506663918495178,9.77672290802002,0.030517578125,0.244140625,-0.274658203125
5.522499900000001,0.8672995567321777,-0.557250440120697,9.781511306762695,0.030517578125,0.18310546875,-0.18310546875
5.5274999000000005,0.8607155084609985,-0.5626373887062073,9.777320861816406,0.030517578125,0.030517578125,-0.1220703125
5.5324999,0.8619126081466675,-0.5668272376060486,9.780912399291992,0.030517578125,0.091552734375,-0.274658203125
5.5374999,0.8619126081466675,-0.5674257874488831,9.776124000549316,-0.030517578125,0.06103515625,-0.244140625
5.5424999,0.8655039072036743,-0.5668272376060486,9.785101890563965,0.091552734375,-0.1220703125,-0.18310546875
5.5474999,0.8702923059463501,-0.5650315880775452,9.783905029296875,0.091552734375,-0.1220703125,-0.152587890625
5.5524999,0.8702923059463501,-0.5596446394920349,9.7791166305542,0.1220703125,-0.152587890625,-0.213623046875
5.5574999,0.8774749040603638,-0.5590460896492004,9.779715538024902,0.06103515625,-0.091552734375,-0.091552734375
5.562499900000001,0.8768763542175293,-0.5554547905921936,9.767744064331055,0.06103515625,-0.18310546875,-0.091552734375
5.5674999000000005,0.8816647529602051,-0.558447539806366,9.770736694335938,0.06103515625,0,-0.274658203125
5.5724999,0.8858546018600464,-0.5614402890205383,9.768342971801758,0.06103515625,0.152587890625,-0.213623046875
5.5774999,0.8852560520172119,-0.5662286877632141,9.770736694335938,0,0.1220703125,-0.213623046875
5.5824999,0.8780734539031982,-0.5716156363487244,9.780912399291992,0.030517578125,0.274658203125,-0.30517578125
5.5874999,0.8690952062606812,-0.5692214369773865,9.780313491821289,0.1220703125,0.18310546875,-0.274658203125
5.5924999,0.8690952062606812,-0.5644330382347107,9.783307075500488,0.1220703125,0.1220703125,-0.213623046875
5.5974999,0.8649053573608398,-0.5620388388633728,9.779715538024902,0.030517578125,0.06103515625,-0.18310546875
5.602499900000001,0.8649053573608398,-0.558447539806366,9.776124000549316,-0.030517578125,-0.1220703125,-0.213623046875
5.6074999000000005,0.8702923059463501,-0.5590460896492004,9.777320861816406,-0.1220703125,-0.1220703125,-0.335693359375
5.6124999,0.8696937561035156,-0.5596446394920349,9.769539833068848,0,-0.244140625,-0.18310546875
5.6174999,0.8762778043746948,-0.5620388388633728,9.77672290802002,0.06103515625,-0.06103515625,-0.213623046875
5.6224999,0.8756792545318604,-0.5668272376060486,9.775525093078613,-0.1220703125,0.1220703125,-0.274658203125
5.6274999,0.8744821548461914,-0.5710170865058899,9.782708168029785,-0.06103515625,0.030517578125,-0.213623046875
5.6324999,0.8696937561035156,-0.5740098357200623,9.786897659301758,0.091552734375,0.152587890625,-0.152587890625
5.6374999,0.8631097078323364,-0.5740098357200623,9.784503936767578,-0.030517578125,0.152587890625,-0.1220703125
5.6424999,0.861314058303833,-0.5710170865058899,9.787496566772461,0,0.152587890625,-0.244140625
5.647499900000001,0.8559271097183228,-0.5674257874488831,9.77791976928711,0,0.06103515625,-0.274658203125
5.6524999000000005,0.861314058303833,-0.5644330382347107,9.77672290802002,-0.091552734375,0.030517578125,-0.244140625
5.6574999,0.8619126081466675,-0.5650315880775452,9.770736694335938,-0.091552734375,0,-0.396728515625
5.6624999,0.8672995567321777,-0.5644330382347107,9.769539833068848,0.1220703125,-0.091552734375,-0.274658203125
5.6674999,0.8756792545318604,-0.5644330382347107,9.769539833068848,0.091552734375,-0.18310546875,-0.30517578125
5.6724999,0.8798691034317017,-0.5614402890205383,9.767146110534668,0.06103515625,-0.1220703125,-0.244140625
5.6774999,0.8888474106788635,-0.5590460896492004,9.77013874053955,0.1220703125,0.06103515625,-0.244140625
5.6824999,0.8876502513885498,-0.5560533404350281,9.767744064331055,0.030517578125,0.1220703125,-0.213623046875
5.687499900000001,0.8900445103645325,-0.5530605912208557,9.773730278015137,-0.06103515625,0.091552734375,-0.244140625
5.6924999000000005,0.8846575021743774,-0.5518634915351868,9.77253246307373,-0.091552734375,0.091552734375,-0.213623046875
5.6974999,0.8583213090896606,-0.5620388388633728,9.770736694335938,-0.06103515625,0.06103515625,-0.213623046875
5.7024999,0.8505401611328125,-0.5608417391777039,9.77013874053955,-0.030517578125,-0.030517578125,-0.30517578125
5.7074999,0.851138710975647,-0.558447539806366,9.77133560180664,-0.06103515625,-0.030517578125,-0.3662109375
5.7124999,0.8559271097183228,-0.5578489899635315,9.77253246307373,-0.06103515625,0.091552734375,-0.335693359375
5.7174999,0.8595184087753296,-0.5566518902778625,9.767744064331055,0.030517578125,0.030517578125,-0.30517578125
5.7224999,0.8702923059463501,-0.5590460896492004,9.771934509277344,0.06103515625,0,-0.18310546875
5.727499900000001,0.8762778043746948,-0.5614402890205383,9.766547203063965,0.030517578125,-0.152587890625,-0.213623046875
5.7324999000000005,0.8846575021743774,-0.5650315880775452,9.77253246307373,0.06103515625,0,-0.396728515625
5.7374999,0.8888474106788635,-0.5680243372917175,9.77253246307373,0.091552734375,0.274658203125,-0.396728515625
5.7424999,0.8882488012313843,-0.5680243372917175,9.776124000549316,-0.06103515625,0.1220703125,-0.18310546875
5.7474999,0.8816647529602051,-0.5650315880775452,9.775525093078613,0.030517578125,0.091552734375,-0.274658203125
5.7524999,0.8774749040603638,-0.5620388388633728,9.776124000549316,0.091552734375,0.152587890625,-0.274658203125
5.7574999,0.8667010068893433,-0.5608417391777039,9.77253246307373,-0.06103515625,0.18310546875,-0.335693359375
5.7624999,0.851138710975647,-0.5626373887062073,9.77253246307373,0.1220703125,0.091552734375,-0.335693359375
5.7674999,0.8517372608184814,-0.5656301379203796,9.782109260559082,0,-0.030517578125,-0.213623046875
5.772499900000001,0.8481459617614746,-0.5662286877632141,9.776124000549316,0.1220703125,-0.18310546875,-0.18310546875
5.7774999000000005,0.8559271097183228,-0.5692214369773865,9.785101890563965,0,-0.030517578125,-0.244140625
5.7824999,0.861314058303833,-0.569819986820221,9.779715538024902,0.030517578125,-0.06103515625,-0.152587890625
5.7874999,0.8708908557891846,-0.5668272376060486,9.77791976928711,0.1220703125,-0.152587890625,-0.244140625
5.7924999,0.884058952331543,-0.5662286877632141,9.778518676757812,-0.091552734375,0,-0.335693359375
5.7974999,0.8924387097358704,-0.5578489899635315,9.777320861816406,0.030517578125,0.06103515625,-0.274658203125
5.8024999,0.8858546018600464,-0.5596446394920349,9.773131370544434,0,0.091552734375,-0.274658203125
5.8074999,0.8792705535888672,-0.5596446394920349,9.776124000549316,-0.1220703125,0.213623046875,-0.30517578125
5.812499900000001,0.8792705535888672,-0.5596446394920349,9.776124000549316,-0.1220703125,0.213623046875,-0.30517578125
5.8174999000000005,0.8690952062606812,-0.5632359385490417,9.775525093078613,0.030517578125,0.244140625,-0.30517578125
5.8224999,0.8619126081466675,-0.5632359385490417,9.777320861816406,-0.06103515625,0.213623046875,-0.3662109375
5.8274999,0.8589198589324951,-0.5662286877632141,9.782109260559082,-0.091552734375,0.213623046875,-0.335693359375
5.8324999,0.8547300100326538,-0.5662286877632141,9.780912399291992,0.030517578125,0.06103515625,-0.274658203125
5.8374999,0.8589198589324951,-0.568622887134552,9.784503936767578,0.06103515625,0.091552734375,-0.335693359375
5.8424999,0.861314058303833,-0.5668272376060486,9.775525093078613,-0.06103515625,0.06103515625,-0.274658203125
5.8474999,0.8643068075180054,-0.5656301379203796,9.773730278015137,0.030517578125,-0.091552734375,-0.274658203125
5.852499900000001,0.871489405632019,-0.5602431893348694,9.769539833068848,0,-0.091552734375,-0.335693359375
5.8574999000000005,0.8768763542175293,-0.5596446394920349,9.775525093078613,0.030517578125,0.06103515625,-0.213623046875
5.8624999,0.8768763542175293,-0.5620388388633728,9.776124000549316,0.030517578125,-0.1220703125,-0.30517578125
5.8674999,0.8822633028030396,-0.5668272376060486,9.782708168029785,-0.030517578125,-0.1220703125,-0.18310546875
5.8724999,0.8810662031173706,-0.5692214369773865,9.7791166305542,0.091552734375,-0.1220703125,-0.213623046875
5.8774999,0.882861852645874,-0.5710170865058899,9.77791976928711,-0.030517578125,-0.030517578125,-0.213623046875
5.8824999,0.8804676532745361,-0.5716156363487244,9.774927139282227,-0.1220703125,0.091552734375,-0.213623046875
5.8874999,0.8750807046890259,-0.5680243372917175,9.770736694335938,-0.1220703125,0,-0.213623046875
5.8924999,0.8732850551605225,-0.5704185366630554,9.775525093078613,0.030517578125,0.152587890625,-0.30517578125
5.897499900000001,0.8690952062606812,-0.5668272376060486,9.77253246307373,0.091552734375,0.244140625,-0.335693359375
5.9024999000000005,0.8678981065750122,-0.5668272376060486,9.77791976928711,0,0.1220703125,-0.213623046875
5.9074999,0.8684966564178467,-0.5644330382347107,9.778518676757812,0.06103515625,0.152587890625,-0.244140625
5.9124999,0.8661024570465088,-0.5608417391777039,9.77791976928711,0,0.18310546875,-0.244140625
5.9174999,0.862511157989502,-0.5554547905921936,9.782708168029785,0,-0.06103515625,-0.244140625
5.9224999,0.8559271097183228,-0.5542576909065247,9.774927139282227,0.091552734375,-0.18310546875,-0.152587890625
5.9274999,0.861314058303833,-0.5542576909065247,9.780912399291992,-0.06103515625,-0.213623046875,-0.213623046875
5.9324999,0.8672995567321777,-0.557250440120697,9.780313491821289,0.06103515625,-0.152587890625,-0.274658203125
5.937499900000001,0.8738836050033569,-0.5614402890205383,9.776124000549316,0,-0.152587890625,-0.244140625
5.9424999000000005,0.8834604024887085,-0.5674257874488831,9.781511306762695,-0.091552734375,-0.030517578125,-0.42724609375
5.9474999,0.882861852645874,-0.568622887134552,9.769539833068848,-0.030517578125,0,-0.244140625
5.9524999,0.8852560520172119,-0.569819986820221,9.770736694335938,0.030517578125,0.06103515625,-0.18310546875
5.9574999,0.882861852645874,-0.5680243372917175,9.765948295593262,-0.06103515625,0.152587890625,-0.335693359375
5.9624999,0.8798691034317017,-0.5668272376060486,9.767744064331055,0.091552734375,0.152587890625,-0.244140625
5.9674999,0.8780734539031982,-0.5674257874488831,9.774328231811523,0.06103515625,0.274658203125,-0.3662109375
5.9724999,0.8678981065750122,-0.5710170865058899,9.781511306762695,0.030517578125,0.091552734375,-0.18310546875
5.977499900000001,0.8678981065750122,-0.5710170865058899,9.781511306762695,0.030517578125,0.091552734375,-0.18310546875
5.9824999000000005,0.8601169586181641,-0.5704185366630554,9.7791166305542,0,0.152587890625,-0.274658203125
5.9874999,0.8577227592468262,-0.568622887134552,9.782708168029785,0.030517578125,0.030517578125,-0.335693359375
5.9924999,0.8571242094039917,-0.5638344883918762,9.783905029296875,-0.030517578125,-0.06103515625,-0.244140625
5.9974999,0.8541314601898193,-0.5590460896492004,9.787496566772461,-0.091552734375,-0.18310546875,-0.244140625
6.0024999,0.8577227592468262,-0.5566518902778625,9.791686058044434,0.091552734375,-0.030517578125,-0.30517578125
6.0074999,0.8577227592468262,-0.5542576909065247,9.786897659301758,0.06103515625,-0.1220703125,-0.335693359375
6.0124999,0.8619126081466675,-0.5554547905921936,9.789292335510254,-0.030517578125,-0.091552734375,-0.244140625
6.017499900000001,0.8637082576751709,-0.5530605912208557,9.780313491821289,0.030517578125,0.06103515625,-0.244140625
6.022499900000001,0.8684966564178467,-0.5542576909065247,9.77791976928711,0.06103515625,-0.030517578125,-0.335693359375
6.0274999000000005,0.872686505317688,-0.5566518902778625,9.777320861816406,0.030517578125,0.06103515625,-0.091552734375
6.0324999,0.8798691034317017,-0.5620388388633728,9.77253246307373,0.06103515625,0,-0.18310546875
6.0374999,0.8978256583213806,-0.5734112858772278,9.77253246307373,0.030517578125,0.091552734375,-0.30517578125
6.0424999,0.8978256583213806,-0.5734112858772278,9.77253246307373,0.030517578125,0.091552734375,-0.30517578125
6.0474999,0.9062053561210632,-0.5758054852485657,9.775525093078613,0,0.18310546875,-0.274658203125
6.0524999,0.9038111567497253,-0.5716156363487244,9.771934509277344,0.091552734375,0.152587890625,-0.335693359375
6.0574999,0.8966285586357117,-0.5650315880775452,9.771934509277344,0.091552734375,0.18310546875,-0.274658203125
6.062499900000001,0.8876502513885498,-0.5596446394920349,9.773730278015137,-0.030517578125,0.244140625,-0.274658203125
6.0674999000000005,0.8720879554748535,-0.5548562407493591,9.773730278015137,0,0,-0.213623046875
6.0724999,0.8661024570465088,-0.5590460896492004,9.7791166305542,-0.091552734375,0.091552734375,-0.244140625
6.0774999,0.8565256595611572,-0.5614402890205383,9.774927139282227,-0.1220703125,-0.06103515625,-0.244140625
6.0824999,0.8541314601898193,-0.5674257874488831,9.77791976928711,-0.091552734375,-0.091552734375,-0.18310546875
6.0874999,0.8547300100326538,-0.5710170865058899,9.774328231811523,0.1220703125,-0.091552734375,-0.091552734375
6.0924999,0.8547300100326538,-0.5692214369773865,9.774927139282227,0,-0.1220703125,-0.274658203125
6.0974999,0.8637082576751709,-0.569819986820221,9.77791976928711,-0.030517578125,0.152587890625,-0.213623046875
6.102499900000001,0.8816647529602051,-0.5668272376060486,9.77672290802002,0.06103515625,-0.030517578125,-0.244140625
6.1074999000000005,0.8870517015457153,-0.5650315880775452,9.770736694335938,0.06103515625,-0.1220703125,-0.274658203125
6.1124999,0.8900445103645325,-0.5644330382347107,9.77013874053955,0.091552734375,-0.18310546875,-0.152587890625
6.1174999,0.8882488012313843,-0.5638344883918762,9.770736694335938,0.091552734375,0.1220703125,-0.213623046875
6.1224999,0.8834604024887085,-0.5620388388633728,9.77253246307373,0.030517578125,-0.030517578125,-0.30517578125
6.1274999,0.8804676532745361,-0.5626373887062073,9.780912399291992,-0.030517578125,0.1220703125,-0.1220703125
6.1324999,0.8744821548461914,-0.5620388388633728,9.777320861816406,0.030517578125,-0.030517578125,-0.091552734375
6.1374999,0.872686505317688,-0.5632359385490417,9.787496566772461,0.091552734375,0.091552734375,-0.335693359375
6.142499900000001,0.8696937561035156,-0.5602431893348694,9.782109260559082,0.06103515625,0.030517578125,-0.3662109375
6.147499900000001,0.8667010068893433,-0.5620388388633728,9.789292335510254,0.030517578125,0.091552734375,-0.30517578125
6.1524999000000005,0.8643068075180054,-0.558447539806366,9.78869342803955,0.091552734375,0.244140625,-0.213623046875
6.1574999,0.8535329103469849,-0.5554547905921936,9.791686058044434,0.030517578125,-0.1220703125,-0.244140625
6.1624999,0.8481459617614746,-0.5542576909065247,9.788095474243164,-0.030517578125,-0.152587890625,-0.3662109375
6.1674999,0.8487445116043091,-0.5536591410636902,9.791088104248047,0.1220703125,-0.1220703125,-0.152587890625
6.1724999,0.8559271097183228,-0.5548562407493591,9.789292335510254,0.030517578125,-0.091552734375,-0.274658203125
6.1774999,0.8589198589324951,-0.5548562407493591,9.784503936767578,0,-0.091552734375,-0.274658203125
6.1824999,0.871489405632019,-0.5590460896492004,9.785101890563965,-0.030517578125,-0.1220703125,-0.335693359375
6.187499900000001,0.8750807046890259,-0.5602431893348694,9.774328231811523,0,-0.1220703125,-0.30517578125
6.1924999000000005,0.8858546018600464,-0.5632359385490417,9.775525093078613,0.1220703125,0.152587890625,-0.3662109375
6.1974999,0.8900445103645325,-0.5638344883918762,9.767744064331055,0.030517578125,0.18310546875,-0.30517578125
6.2024999,0.8936358094215393,-0.5608417391777039,9.770736694335938,0.030517578125,0.06103515625,-0.152587890625
6.2074999,0.8948329091072083,-0.5596446394920349,9.768342971801758,-0.030517578125,0.274658203125,-0.244140625
6.2124999,0.8912416100502014,-0.5560533404350281,9.77013874053955,0,0.030517578125,-0.1220703125
6.2174999,0.8816647529602051,-0.5560533404350281,9.769539833068848,0.091552734375,0.06103515625,-0.244140625
6.2224999,0.8780734539031982,-0.5566518902778625,9.778518676757812,0.152587890625,0.030517578125,-0.213623046875
6.227499900000001,0.8690952062606812,-0.5566518902778625,9.774328231811523,0.091552734375,0.091552734375,-0.18310546875
6.2324999000000005,0.8637082576751709,-0.5548562407493591,9.774927139282227,-0.06103515625,-0.030517578125,-0.213623046875
6.2374999,0.8655039072036743,-0.5566518902778625,9.780912399291992,0,0.152587890625,-0.274658203125
6.2424999,0.8720879554748535,-0.5590460896492004,9.774927139282227,-0.1220703125,0.030517578125,-0.213623046875
6.2474999,0.8738836050033569,-0.5638344883918762,9.774328231811523,-0.06103515625,0.213623046875,-0.244140625
6.2524999,0.8744821548461914,-0.5656301379203796,9.77013874053955,0.030517578125,0.1220703125,-0.3662109375
6.2574999,0.8810662031173706,-0.5668272376060486,9.777320861816406,0,0,-0.335693359375
6.2624999,0.8846575021743774,-0.5602431893348694,9.7791166305542,-0.030517578125,0.1220703125,-0.274658203125
6.267499900000001,0.8816647529602051,-0.557250440120697,9.776124000549316,-0.1220703125,0.152587890625,-0.18310546875
6.272499900000001,0.8780734539031982,-0.5566518902778625,9.773131370544434,-0.06103515625,-0.06103515625,-0.213623046875
6.2774999000000005,0.8738836050033569,-0.5596446394920349,9.77253246307373,0,0.091552734375,-0.274658203125
6.2824999,0.8678981065750122,-0.5632359385490417,9.767744064331055,0.06103515625,0.030517578125,-0.274658203125
6.2874999,0.861314058303833,-0.5668272376060486,9.748590469360352,0.091552734375,0.06103515625,-0.30517578125
6.2924999,0.861314058303833,-0.5626373887062073,9.7605619430542,0.091552734375,-0.213623046875,-0.3662109375
6.2974999,0.8900445103645325,-0.5596446394920349,9.813234329223633,0.06103515625,0.48828125,-0.244140625
6.3024999,0.8696937561035156,-0.5482721924781799,9.77133560180664,-0.152587890625,-0.06103515625,-0.213623046875
6.3074999,0.8750807046890259,-0.5464765429496765,9.77133560180664,-0.213623046875,-0.3662109375,-0.48828125
6.312499900000001,0.8792705535888672,-0.5560533404350281,9.77791976928711,0.030517578125,0.1220703125,-0.213623046875
6.3174999000000005,0.8601169586181641,-0.5692214369773865,9.73661994934082,0.091552734375,-0.54931640625,0.274658203125
6.3224999,0.8864531517028809,-0.5919663906097412,9.780912399291992,0.091552734375,0.42724609375,-0.48828125
6.3274999,0.8864531517028809,-0.5770025849342346,9.77253246307373,0.335693359375,0.335693359375,0.42724609375
6.3324999,0.8864531517028809,-0.5566518902778625,9.765350341796875,-0.152587890625,0.274658203125,-0.3662109375
6.3374999,0.8834604024887085,-0.536899745464325,9.780912399291992,-0.244140625,0.335693359375,-0.457763671875
6.3424999,0.8750807046890259,-0.5339069962501526,9.790489196777344,-0.06103515625,0.42724609375,0.30517578125
6.3474999,0.851138710975647,-0.545877993106842,9.768342971801758,-0.1220703125,-0.091552734375,-0.244140625
6.352499900000001,0.8481459617614746,-0.5662286877632141,9.774927139282227,0.030517578125,-0.335693359375,-0.518798828125
6.3574999000000005,0.8463503122329712,-0.579995334148407,9.774927139282227,0.152587890625,-0.213623046875,-0.06103515625
6.3624999,0.8547300100326538,-0.5847837924957275,9.758167266845703,0.1220703125,-0.42724609375,-0.1220703125
6.3674999,0.8834604024887085,-0.5817909836769104,9.770736694335938,-0.030517578125,-0.274658203125,-0.640869140625
6.3724999,0.8990227580070496,-0.5704185366630554,9.761758804321289,0.030517578125,-0.1220703125,0
6.3774999,0.9151836037635803,-0.5626373887062073,9.757569313049316,0,0.030517578125,-0.06103515625
6.3824999,0.8936358094215393,-0.5716156363487244,9.7605619430542,0.1220703125,0.54931640625,0
6.3874999,0.8750807046890259,-0.5770025849342346,9.773131370544434,0.091552734375,0.396728515625,-0.48828125
6.392499900000001,0.8415619134902954,-0.5746083855628967,9.766547203063965,0,0.3662109375,-0.213623046875
6.397499900000001,0.8200140595436096,-0.569819986820221,9.771934509277344,0.030517578125,0.091552734375,-0.091552734375
6.4024999000000005,0.8140285611152649,-0.5656301379203796,9.78989028930664,0,-0.18310546875,-0.3662109375
6.4074999,0.8086416125297546,-0.5602431893348694,9.778518676757812,-0.030517578125,-0.3662109375,-0.06103515625
6.4124999,0.8277952671051025,-0.5578489899635315,9.785700798034668,0,-0.244140625,-0.274658203125
6.4174999,0.8535329103469849,-0.5608417391777039,9.782109260559082,-0.06103515625,-0.213623046875,-0.3662109375
6.4224999,0.8732850551605225,-0.5644330382347107,9.77013874053955,-0.091552734375,-0.30517578125,-0.06103515625
6.4274999,0.8984242081642151,-0.569819986820221,9.773131370544434,0.030517578125,-0.06103515625,-0.1220703125
6.4324999,0.9091981053352356,-0.5722141861915588,9.770736694335938,0.030517578125,-0.06103515625,-0.30517578125
6.437499900000001,0.8792705535888672,-0.5578489899635315,9.777320861816406,0.030517578125,0.18310546875,-0.18310546875
6.4424999000000005,0.8661024570465088,-0.558447539806366,9.780313491821289,0.030517578125,0.091552734375,-0.244140625
6.4474999,0.8577227592468262,-0.558447539806366,9.784503936767578,0.030517578125,0.244140625,-0.42724609375
6.4524999,0.8475474119186401,-0.557250440120697,9.777320861816406,0.091552734375,0.091552734375,-0.152587890625
6.4574999,0.8451532125473022,-0.5554547905921936,9.783905029296875,0.030517578125,0.152587890625,-0.152587890625
6.4624999,0.8451532125473022,-0.5536591410636902,9.7791166305542,0,0.30517578125,-0.335693359375
6.4674999,0.8427590131759644,-0.5542576909065247,9.776124000549316,0.030517578125,-0.030517578125,-0.213623046875
6.4724999,0.8481459617614746,-0.5578489899635315,9.77672290802002,-0.06103515625,-0.030517578125,-0.274658203125
6.477499900000001,0.8505401611328125,-0.5614402890205383,9.77133560180664,0,0,-0.30517578125
6.4824999000000005,0.8816647529602051,-0.5662286877632141,9.770736694335938,-0.1220703125,-0.42724609375,-0.213623046875
6.4874999,0.8816647529602051,-0.5662286877632141,9.770736694335938,-0.1220703125,-0.42724609375,-0.213623046875
6.4924999,0.8876502513885498,-0.5650315880775452,9.766547203063965,-0.06103515625,-0.30517578125,-0.274658203125
6.4974999,0.8906430602073669,-0.5674257874488831,9.766547203063965,0.030517578125,-0.213623046875,-0.30517578125
6.5024999,0.8936358094215393,-0.5662286877632141,9.765948295593262,-0.030517578125,0.244140625,-0.3662109375
6.5074999,0.8882488012313843,-0.5650315880775452,9.762955665588379,-0.1220703125,0.335693359375,-0.30517578125
6.5124999,0.889445960521698,-0.5638344883918762,9.768342971801758,-0.06103515625,0.42724609375,-0.213623046875
6.517499900000001,0.8822633028030396,-0.5638344883918762,9.770736694335938,0,0.396728515625,-0.18310546875
6.522499900000001,0.8744821548461914,-0.5650315880775452,9.777320861816406,0.030517578125,0.274658203125,-0.213623046875
6.5274999000000005,0.8655039072036743,-0.5656301379203796,9.784503936767578,0.030517578125,0.274658203125,-0.152587890625
6.5324999,0.8535329103469849,-0.5638344883918762,9.787496566772461,0.06103515625,0.030517578125,-0.18310546875
6.5374999,0.8487445116043091,-0.5608417391777039,9.790489196777344,-0.030517578125,-0.030517578125,-0.274658203125
6.5424999,0.851138710975647,-0.5542576909065247,9.7791166305542,0.030517578125,-0.213623046875,-0.213623046875
6.5474999,0.8595184087753296,-0.5554547905921936,9.77133560180664,-0.030517578125,-0.30517578125,-0.244140625
6.5524999,0.8732850551605225,-0.5590460896492004,9.768941879272461,-0.1220703125,-0.1220703125,-0.244140625
6.5574999,0.8882488012313843,-0.5644330382347107,9.766547203063965,0.091552734375,-0.091552734375,-0.213623046875
6.562499900000001,0.899621307849884,-0.5692214369773865,9.762357711791992,0.091552734375,0.152587890625,-0.152587890625
6.5674999000000005,0.8978256583213806,-0.569819986820221,9.770736694335938,0.091552734375,0.06103515625,-0.274658203125
6.5724999,0.8846575021743774,-0.5710170865058899,9.768342971801758,-0.091552734375,0.152587890625,-0.18310546875
6.5774999,0.8744821548461914,-0.5704185366630554,9.775525093078613,-0.091552734375,0.335693359375,-0.152587890625
6.5824999,0.8643068075180054,-0.569819986820221,9.776124000549316,0.030517578125,0.335693359375,-0.335693359375
6.5874999,0.851138710975647,-0.5644330382347107,9.782109260559082,-0.06103515625,-0.06103515625,-0.3662109375
6.5924999,0.8547300100326538,-0.568622887134552,9.786897659301758,-0.1220703125,-0.152587890625,-0.18310546875
6.5974999,0.8577227592468262,-0.5656301379203796,9.780313491821289,-0.030517578125,-0.244140625,-0.152587890625
6.602499900000001,0.8649053573608398,-0.5644330382347107,9.778518676757812,0,-0.213623046875,-0.213623046875
6.6074999000000005,0.8738836050033569,-0.5602431893348694,9.774328231811523,0.030517578125,-0.1220703125,-0.244140625
6.6124999,0.8798691034317017,-0.5596446394920349,9.767744064331055,0,-0.091552734375,-0.18310546875
6.6174999,0.8918401598930359,-0.5596446394920349,9.771934509277344,0,0.213623046875,-0.18310546875
6.6224999,0.8936358094215393,-0.5590460896492004,9.77013874053955,0.1220703125,0.274658203125,-0.06103515625
6.6274999,0.8942343592643738,-0.5626373887062073,9.77672290802002,0.06103515625,0.244140625,-0.213623046875
6.6324999,0.8810662031173706,-0.558447539806366,9.779715538024902,0.152587890625,0.244140625,-0.244140625
6.6374999,0.8762778043746948,-0.558447539806366,9.782708168029785,-0.030517578125,0.18310546875,-0.30517578125
6.642499900000001,0.8523358106613159,-0.5632359385490417,9.774927139282227,0.06103515625,-0.030517578125,-0.30517578125
6.647499900000001,0.8553285598754883,-0.5626373887062073,9.767146110534668,0,-0.1220703125,-0.213623046875
6.6524999000000005,0.8565256595611572,-0.5608417391777039,9.764153480529785,0.06103515625,-0.274658203125,-0.152587890625
6.6574999,0.8631097078323364,-0.5608417391777039,9.759963035583496,0.06103515625,-0.213623046875,-0.244140625
6.6624999,0.8661024570465088,-0.5596446394920349,9.756970405578613,0.030517578125,-0.213623046875,-0.244140625
6.6674999,0.8732850551605225,-0.5608417391777039,9.761159896850586,0,-0.1220703125,-0.335693359375
6.6724999,0.8756792545318604,-0.5614402890205383,9.757569313049316,0.152587890625,-0.030517578125,-0.30517578125
6.6774999,0.8732850551605225,-0.5548562407493591,9.773131370544434,-0.030517578125,0.244140625,-0.335693359375
6.6824999,0.8672995567321777,-0.5560533404350281,9.774328231811523,0.1220703125,0.18310546875,-0.213623046875
6.687499900000001,0.8643068075180054,-0.5590460896492004,9.780912399291992,-0.030517578125,0.213623046875,-0.244140625
6.6924999000000005,0.8619126081466675,-0.5602431893348694,9.780313491821289,-0.091552734375,0.213623046875,-0.274658203125
6.6974999,0.8601169586181641,-0.5620388388633728,9.782708168029785,-0.152587890625,0.244140625,-0.335693359375
6.7024999,0.8565256595611572,-0.5608417391777039,9.779715538024902,-0.1220703125,0,-0.213623046875
6.7074999,0.8547300100326538,-0.5578489899635315,9.776124000549316,-0.152587890625,-0.091552734375,-0.18310546875
6.7124999,0.8571242094039917,-0.5548562407493591,9.776124000549316,0.06103515625,-0.18310546875,-0.152587890625
6.7174999,0.8595184087753296,-0.5488707423210144,9.77133560180664,0.030517578125,-0.30517578125,-0.274658203125
6.7224999,0.8696937561035156,-0.5494692921638489,9.77672290802002,-0.06103515625,-0.030517578125,-0.274658203125
6.727499900000001,0.8852560520172119,-0.5560533404350281,9.77791976928711,-0.091552734375,-0.06103515625,-0.274658203125
6.7324999000000005,0.8912416100502014,-0.5596446394920349,9.77791976928711,-0.06103515625,0.06103515625,-0.30517578125
6.7374999,0.8936358094215393,-0.5608417391777039,9.776124000549316,-0.030517578125,0.152587890625,-0.30517578125
6.7424999,0.8972271084785461,-0.5602431893348694,9.775525093078613,0.06103515625,0.396728515625,-0.274658203125
6.7474999,0.8912416100502014,-0.5566518902778625,9.769539833068848,0.06103515625,0.335693359375,-0.244140625
6.7524999,0.8876502513885498,-0.5554547905921936,9.77013874053955,0.030517578125,0.213623046875,-0.091552734375
6.7574999,0.8780734539031982,-0.5542576909065247,9.764153480529785,-0.06103515625,0.152587890625,-0.152587890625
6.7624999,0.8708908557891846,-0.5536591410636902,9.764751434326172,0,0.18310546875,-0.274658203125
6.767499900000001,0.8667010068893433,-0.557250440120697,9.765350341796875,0.06103515625,0.030517578125,-0.396728515625
6.772499900000001,0.8607155084609985,-0.5590460896492004,9.765948295593262,0.244140625,-0.030517578125,-0.244140625
6.7774999000000005,0.8601169586181641,-0.5632359385490417,9.77013874053955,0.06103515625,0.1220703125,-0.213623046875
6.7824999,0.8547300100326538,-0.5656301379203796,9.771934509277344,0.030517578125,-0.06103515625,-0.30517578125
6.7874999,0.862511157989502,-0.5692214369773865,9.779715538024902,0.030517578125,-0.335693359375,-0.213623046875
6.7924999,0.8708908557891846,-0.568622887134552,9.778518676757812,-0.06103515625,0.091552734375,-0.213623046875
6.7974999,0.8750807046890259,-0.5674257874488831,9.77672290802002,0,0.030517578125,-0.335693359375
6.8024999,0.8792705535888672,-0.5608417391777039,9.776124000549316,-0.030517578125,0,-0.244140625
6.8074999,0.8810662031173706,-0.5608417391777039,9.784503936767578,-0.030517578125,0.091552734375,-0.213623046875
6.812499900000001,0.8774749040603638,-0.5596446394920349,9.782708168029785,0.030517578125,0.091552734375,-0.152587890625
6.8174999000000005,0.8720879554748535,-0.5596446394920349,9.781511306762695,-0.030517578125,0.091552734375,-0.274658203125
6.8224999,0.8732850551605225,-0.5620388388633728,9.780912399291992,0.06103515625,0.152587890625,-0.213623046875
6.8274999,0.8684966564178467,-0.5626373887062073,9.77791976928711,0.030517578125,0.030517578125,-0.244140625
6.8324999,0.8708908557891846,-0.5656301379203796,9.77791976928711,0.030517578125,0.06103515625,-0.274658203125
6.8374999,0.8738836050033569,-0.5764040350914001,9.775525093078613,-0.06103515625,0.030517578125,-0.244140625
6.8424999,0.8732850551605225,-0.5734112858772278,9.77672290802002,0.030517578125,0,-0.244140625
6.8474999,0.8756792545318604,-0.5692214369773865,9.780912399291992,0,0.06103515625,-0.244140625
6.852499900000001,0.871489405632019,-0.5608417391777039,9.780313491821289,-0.030517578125,0.030517578125,-0.30517578125
6.8574999000000005,0.8750807046890259,-0.5548562407493591,9.784503936767578,-0.06103515625,0.18310546875,-0.335693359375
6.8624999,0.8702923059463501,-0.5524620413780212,9.779715538024902,-0.030517578125,0.091552734375,-0.18310546875
6.8674999,0.8738836050033569,-0.5536591410636902,9.781511306762695,0.06103515625,-0.030517578125,-0.152587890625
6.8724999,0.8738836050033569,-0.5596446394920349,9.777320861816406,-0.030517578125,0.152587890625,-0.213623046875
6.8774999,0.8756792545318604,-0.5656301379203796,9.7791166305542,0.030517578125,0.091552734375,-0.30517578125
6.8824999,0.8792705535888672,-0.569819986820221,9.780912399291992,0.1220703125,0.091552734375,-0.274658203125
6.8874999,0.8744821548461914,-0.5716156363487244,9.778518676757812,0.091552734375,0.030517578125,-0.335693359375
6.892499900000001,0.8744821548461914,-0.5650315880775452,9.780912399291992,0.030517578125,0.1220703125,-0.30517578125
6.897499900000001,0.8720879554748535,-0.5650315880775452,9.774927139282227,0.06103515625,0.18310546875,-0.18310546875
6.9024999000000005,0.8684966564178467,-0.5632359385490417,9.77672290802002,-0.030517578125,0.06103515625,-0.244140625
6.9074999,0.8678981065750122,-0.5620388388633728,9.775525093078613,0.06103515625,0,-0.274658203125
6.9124999,0.862511157989502,-0.5614402890205383,9.771934509277344,0.091552734375,-0.030517578125,-0.213623046875
6.9174999,0.8661024570465088,-0.5626373887062073,9.774328231811523,0.152587890625,0.091552734375,-0.3662109375
6.9224999,0.8637082576751709,-0.5632359385490417,9.77013874053955,0.06103515625,0.06103515625,-0.18310546875
6.9274999,0.8672995567321777,-0.5662286877632141,9.775525093078613,0.030517578125,0.06103515625,-0.18310546875
6.9324999,0.8702923059463501,-0.5668272376060486,9.77672290802002,-0.030517578125,0.030517578125,-0.30517578125
6.937499900000001,0.8720879554748535,-0.5650315880775452,9.782708168029785,0,-0.152587890625,-0.274658203125
6.9424999000000005,0.8804676532745361,-0.5662286877632141,9.78989028930664,0,0,-0.396728515625
6.9474999,0.8798691034317017,-0.5704185366630554,9.77253246307373,-0.06103515625,0.213623046875,-0.18310546875
6.9524999,0.8738836050033569,-0.5692214369773865,9.765948295593262,0.030517578125,0.030517578125,-0.244140625
6.9574999,0.872686505317688,-0.5722141861915588,9.77133560180664,0.18310546875,0.091552734375,-0.152587890625
6.9624999,0.8672995567321777,-0.5692214369773865,9.766547203063965,0.091552734375,0.030517578125,-0.3662109375
6.9674999,0.862511157989502,-0.5710170865058899,9.77013874053955,-0.091552734375,0.152587890625,-0.335693359375
6.9724999,0.8571242094039917,-0.5722141861915588,9.767146110534668,-0.030517578125,0.152587890625,-0.244140625
6.977499900000001,0.8571242094039917,-0.5716156363487244,9.768342971801758,0.1220703125,-0.030517578125,-0.152587890625
6.9824999000000005,0.8595184087753296,-0.5734112858772278,9.77013874053955,0,-0.091552734375,-0.06103515625
6.9874999,0.8774749040603638,-0.5668272376060486,9.77791976928711,-0.06103515625,0.030517578125,-0.091552734375
6.9924999,0.8792705535888672,-0.5632359385490417,9.776124000549316,0.18310546875,-0.06103515625,-0.152587890625
6.9974999,0.8804676532745361,-0.5614402890205383,9.782109260559082,0.152587890625,-0.06103515625,-0.335693359375
7.0024999,0.8732850551605225,-0.5632359385490417,9.779715538024902,0,-0.06103515625,-0.274658203125
7.0074999,0.8678981065750122,-0.5638344883918762,9.782708168029785,0.152587890625,-0.030517578125,-0.06103515625
7.0124999,0.8672995567321777,-0.5656301379203796,9.785700798034668,0.030517578125,-0.091552734375,-0.244140625
7.017499900000001,0.8637082576751709,-0.5674257874488831,9.783307075500488,0.1220703125,-0.06103515625,-0.30517578125
7.022499900000001,0.8696937561035156,-0.568622887134552,9.787496566772461,0.030517578125,0.152587890625,-0.213623046875
7.0274999000000005,0.8684966564178467,-0.5704185366630554,9.780313491821289,0,0.030517578125,-0.335693359375
7.0324999,0.8720879554748535,-0.5704185366630554,9.7791166305542,0.1220703125,0.244140625,-0.18310546875
7.0374999,0.8732850551605225,-0.5716156363487244,9.77253246307373,0.1220703125,0.1220703125,-0.274658203125
7.0424999,0.871489405632019,-0.5704185366630554,9.768941879272461,-0.030517578125,0.06103515625,-0.213623046875
7.0474999,0.871489405632019,-0.5680243372917175,9.777320861816406,0.030517578125,0.06103515625,-0.30517578125
7.0524999,0.871489405632019,-0.5680243372917175,9.777320861816406,0.030517578125,0.06103515625,-0.30517578125
7.0574999,0.8756792545318604,-0.5704185366630554,9.771934509277344,-0.030517578125,-0.030517578125,-0.274658203125
7.062499900000001,0.8834604024887085,-0.5722141861915588,9.775525093078613,0.06103515625,0,-0.18310546875
7.0674999000000005,0.8876502513885498,-0.5668272376060486,9.77672290802002,0.244140625,0.030517578125,-0.152587890625
7.0724999,0.8846575021743774,-0.5650315880775452,9.77672290802002,0.1220703125,-0.030517578125,-0.274658203125
7.0774999,0.871489405632019,-0.5620388388633728,9.775525093078613,-0.030517578125,0.06103515625,-0.30517578125
7.0824999,0.871489405632019,-0.5656301379203796,9.780313491821289,-0.030517578125,0,-0.396728515625
7.0874999,0.871489405632019,-0.5656301379203796,9.780313491821289,-0.030517578125,0.1220703125,-0.30517578125
7.0924999,0.8696937561035156,-0.5662286877632141,9.7791166305542,0.091552734375,-0.152587890625,-0.152587890625
7.0974999,0.8756792545318604,-0.5662286877632141,9.782708168029785,0,0,-0.213623046875
7.102499900000001,0.8744821548461914,-0.5650315880775452,9.773730278015137,-0.1220703125,0.030517578125,-0.335693359375
7.1074999000000005,0.882861852645874,-0.5668272376060486,9.77672290802002,-0.06103515625,0.030517578125,-0.244140625
7.1124999,0.8846575021743774,-0.5650315880775452,9.773131370544434,0,0.18310546875,-0.274658203125
7.1174999,0.8864531517028809,-0.5644330382347107,9.77133560180664,0.06103515625,0.1220703125,-0.18310546875
7.1224999,0.8858546018600464,-0.5632359385490417,9.774328231811523,-0.091552734375,0.1220703125,-0.152587890625
7.1274999,0.8684966564178467,-0.5602431893348694,9.778518676757812,-0.06103515625,-0.030517578125,-0.244140625
7.1324999,0.8678981065750122,-0.558447539806366,9.776124000549316,-0.030517578125,0.213623046875,-0.274658203125
7.1374999,0.8637082576751709,-0.5602431893348694,9.774927139282227,-0.1220703125,-0.06103515625,-0.213623046875
7.142499900000001,0.8678981065750122,-0.5638344883918762,9.776124000549316,-0.06103515625,-0.091552734375,-0.244140625
7.147499900000001,0.8661024570465088,-0.5638344883918762,9.768342971801758,0,-0.1220703125,-0.213623046875
7.1524999000000005,0.8732850551605225,-0.5626373887062073,9.771934509277344,-0.1220703125,-0.06103515625,-0.213623046875
7.1574999,0.8786720037460327,-0.558447539806366,9.762955665588379,0.030517578125,0.091552734375,-0.244140625
7.1624999,0.882861852645874,-0.5542576909065247,9.764751434326172,0.06103515625,0.152587890625,-0.30517578125
7.1674999,0.8876502513885498,-0.5548562407493591,9.766547203063965,0.06103515625,0.091552734375,-0.152587890625
7.1724999,0.8846575021743774,-0.5560533404350281,9.766547203063965,-0.030517578125,0.18310546875,-0.274658203125
7.1774999,0.8780734539031982,-0.5596446394920349,9.77791976928711,0.06103515625,0.091552734375,-0.152587890625
7.1824999,0.872686505317688,-0.5596446394920349,9.77791976928711,0.030517578125,0.213623046875,-0.213623046875
7.187499900000001,0.8655039072036743,-0.5602431893348694,9.77791976928711,0.06103515625,0.213623046875,-0.396728515625
7.1924999000000005,0.8595184087753296,-0.5614402890205383,9.778518676757812,0.030517578125,0.30517578125,-0.18310546875
7.1974999,0.8523358106613159,-0.5590460896492004,9.779715538024902,0.030517578125,0.091552734375,-0.244140625
7.2024999,0.8469488620758057,-0.5542576909065247,9.783905029296875,-0.091552734375,-0.091552734375,-0.274658203125
7.2074999,0.8469488620758057,-0.5500678420066833,9.789292335510254,-0.06103515625,0.030517578125,-0.274658203125
7.2124999,0.8427590131759644,-0.5524620413780212,9.785700798034668,0,-0.18310546875,-0.213623046875
7.2174999,0.8529343605041504,-0.5590460896492004,9.792284965515137,0,-0.335693359375,-0.18310546875
7.2224999,0.861314058303833,-0.5704185366630554,9.78869342803955,0.152587890625,-0.18310546875,-0.274658203125
7.227499900000001,0.8762778043746948,-0.5740098357200623,9.784503936767578,0.06103515625,-0.244140625,-0.152587890625
7.2324999000000005,0.8918401598930359,-0.5710170865058899,9.785101890563965,-0.1220703125,0,-0.335693359375
7.2374999,0.9074024558067322,-0.557250440120697,9.775525093078613,-0.091552734375,0.213623046875,-0.152587890625
7.2424999,0.900818407535553,-0.5590460896492004,9.77013874053955,-0.030517578125,0.274658203125,-0.244140625
7.2474999,0.8906430602073669,-0.5644330382347107,9.769539833068848,0.030517578125,0.274658203125,-0.244140625
7.2524999,0.8750807046890259,-0.5674257874488831,9.769539833068848,-0.030517578125,0.30517578125,-0.274658203125
7.2574999,0.8577227592468262,-0.5680243372917175,9.77133560180664,0,0.152587890625,-0.213623046875
7.2624999,0.8481459617614746,-0.5644330382347107,9.77791976928711,-0.091552734375,0.152587890625,-0.18310546875
7.267499900000001,0.839766263961792,-0.5626373887062073,9.775525093078613,-0.030517578125,0,-0.274658203125
7.272499900000001,0.8463503122329712,-0.5656301379203796,9.784503936767578,-0.06103515625,0.06103515625,-0.244140625
7.2774999000000005,0.8487445116043091,-0.5674257874488831,9.777320861816406,-0.030517578125,0.091552734375,-0.274658203125
7.2824999,0.8690952062606812,-0.5680243372917175,9.7791166305542,-0.152587890625,0.06103515625,-0.30517578125
7.2874999,0.8732850551605225,-0.5680243372917175,9.776124000549316,-0.091552734375,-0.18310546875,-0.244140625
7.2924999,0.882861852645874,-0.5704185366630554,9.769539833068848,0.030517578125,-0.18310546875,-0.274658203125
7.2974999,0.8888474106788635,-0.5692214369773865,9.775525093078613,0.030517578125,0.030517578125,-0.213623046875
7.3024999,0.8882488012313843,-0.5632359385490417,9.771934509277344,0,-0.06103515625,-0.335693359375
7.3074999,0.889445960521698,-0.558447539806366,9.774927139282227,-0.091552734375,0.030517578125,-0.457763671875
7.312499900000001,0.8900445103645325,-0.5566518902778625,9.775525093078613,-0.06103515625,0.213623046875,-0.42724609375
7.3174999000000005,0.8852560520172119,-0.5596446394920349,9.769539833068848,0,0.213623046875,-0.152587890625
7.3224999,0.8822633028030396,-0.5644330382347107,9.769539833068848,0,0.396728515625,-0.274658203125
7.3274999,0.8702923059463501,-0.5626373887062073,9.762357711791992,0.091552734375,0.30517578125,-0.244140625
7.3324999,0.861314058303833,-0.5614402890205383,9.767744064331055,0.091552734375,0.213623046875,-0.213623046875
7.3374999,0.849941611289978,-0.5578489899635315,9.77133560180664,0,0.1220703125,-0.18310546875
7.3424999,0.8445546627044678,-0.5590460896492004,9.779715538024902,-0.091552734375,-0.06103515625,-0.18310546875
7.3474999,0.8421604633331299,-0.5638344883918762,9.788095474243164,0.030517578125,-0.152587890625,-0.30517578125
7.352499900000001,0.8451532125473022,-0.5644330382347107,9.78869342803955,0.030517578125,-0.396728515625,-0.18310546875
7.3574999000000005,0.8565256595611572,-0.5644330382347107,9.791088104248047,0,-0.42724609375,-0.1220703125
7.3624999,0.8684966564178467,-0.5620388388633728,9.783905029296875,-0.030517578125,-0.30517578125,-0.18310546875
7.3674999,0.8858546018600464,-0.5620388388633728,9.778518676757812,0.030517578125,-0.091552734375,-0.335693359375
7.3724999,0.8990227580070496,-0.5644330382347107,9.767744064331055,0,0.030517578125,-0.3662109375
7.3774999,0.9068039059638977,-0.5656301379203796,9.761758804321289,0.06103515625,0.030517578125,-0.274658203125
7.3824999,0.9091981053352356,-0.5680243372917175,9.75637149810791,0.06103515625,0.457763671875,-0.274658203125
7.3874999,0.9002198576927185,-0.5650315880775452,9.753378868103027,0.06103515625,0.213623046875,-0.30517578125
7.392499900000001,0.8906430602073669,-0.5632359385490417,9.7605619430542,0.030517578125,0.244140625,-0.1220703125
7.397499900000001,0.871489405632019,-0.5590460896492004,9.764751434326172,0.091552734375,0.274658203125,-0.213623046875
7.4024999000000005,0.8589198589324951,-0.557250440120697,9.77253246307373,0.06103515625,0.1220703125,-0.244140625
7.4074999,0.8475474119186401,-0.5578489899635315,9.780313491821289,0,0.274658203125,-0.274658203125
7.4124999,0.8439561128616333,-0.5608417391777039,9.7791166305542,0.030517578125,-0.1220703125,-0.274658203125
7.4174999,0.8481459617614746,-0.5644330382347107,9.782109260559082,-0.091552734375,-0.06103515625,-0.274658203125
7.4224999,0.8517372608184814,-0.5650315880775452,9.773730278015137,0,-0.1220703125,-0.213623046875
7.4274999,0.8607155084609985,-0.5644330382347107,9.776124000549316,0.06103515625,-0.18310546875,-0.213623046875
7.4324999,0.8678981065750122,-0.5614402890205383,9.770736694335938,-0.06103515625,-0.06103515625,-0.30517578125
7.437499900000001,0.8738836050033569,-0.5566518902778625,9.771934509277344,0,-0.152587890625,-0.3662109375
7.4424999000000005,0.882861852645874,-0.5548562407493591,9.773131370544434,-0.030517578125,-0.091552734375,-0.30517578125
7.4474999,0.882861852645874,-0.5530605912208557,9.768941879272461,-0.030517578125,-0.030517578125,-0.18310546875
7.4524999,0.8870517015457153,-0.5536591410636902,9.77253246307373,0.030517578125,0.030517578125,-0.06103515625
7.4574999,0.8846575021743774,-0.558447539806366,9.766547203063965,0,0.091552734375,-0.1220703125
7.4624999,0.8864531517028809,-0.5608417391777039,9.768342971801758,-0.06103515625,0.091552734375,-0.274658203125
7.4674999,0.8870517015457153,-0.5644330382347107,9.768342971801758,-0.091552734375,0.30517578125,-0.1220703125
7.4724999,0.8834604024887085,-0.5620388388633728,9.768941879272461,-0.06103515625,0.18310546875,-0.244140625
7.477499900000001,0.8684966564178467,-0.557250440120697,9.773131370544434,-0.091552734375,0.244140625,-0.244140625
7.4824999000000005,0.8631097078323364,-0.557250440120697,9.781511306762695,-0.091552734375,0.274658203125,-0.18310546875
7.4874999,0.8529343605041504,-0.558447539806366,9.776124000549316,-0.030517578125,0.1220703125,-0.335693359375
7.4924999,0.8475474119186401,-0.5638344883918762,9.777320861816406,0.030517578125,0,-0.244140625
7.4974999,0.8493430614471436,-0.5680243372917175,9.773730278015137,0.030517578125,0,-0.091552734375
7.5024999,0.8517372608184814,-0.5716156363487244,9.771934509277344,0,-0.18310546875,-0.152587890625
7.5074999,0.862511157989502,-0.5716156363487244,9.773730278015137,0.030517578125,-0.030517578125,-0.30517578125
7.5124999,0.872686505317688,-0.569819986820221,9.768342971801758,0.091552734375,-0.3662109375,-0.152587890625
7.517499900000001,0.8834604024887085,-0.5668272376060486,9.768941879272461,-0.091552734375,-0.091552734375,-0.274658203125
7.522499900000001,0.8912416100502014,-0.5626373887062073,9.762357711791992,-0.06103515625,0,-0.244140625
7.5274999000000005,0.8942343592643738,-0.5590460896492004,9.762357711791992,0.06103515625,0.030517578125,-0.18310546875
7.5324999,0.8942343592643738,-0.5590460896492004,9.761159896850586,0,0.152587890625,-0.18310546875
7.5374999,0.8690952062606812,-0.5632359385490417,9.771934509277344,0.030517578125,0.18310546875,-0.18310546875
7.5424999,0.8577227592468262,-0.5608417391777039,9.771934509277344,-0.091552734375,0.152587890625,-0.244140625
7.5474999,0.8535329103469849,-0.558447539806366,9.77791976928711,-0.030517578125,0.030517578125,-0.274658203125
7.5524999,0.8487445116043091,-0.5560533404350281,9.778518676757812,0.030517578125,0.030517578125,-0.213623046875
7.5574999,0.8469488620758057,-0.5548562407493591,9.783905029296875,-0.06103515625,-0.18310546875,-0.274658203125
7.562499900000001,0.8529343605041504,-0.5596446394920349,9.785101890563965,-0.030517578125,-0.152587890625,-0.244140625
7.5674999000000005,0.8535329103469849,-0.5620388388633728,9.781511306762695,0.06103515625,-0.06103515625,-0.18310546875
7.5724999,0.8607155084609985,-0.5692214369773865,9.783905029296875,-0.06103515625,0.06103515625,-0.152587890625
7.5774999,0.8631097078323364,-0.5680243372917175,9.7791166305542,-0.030517578125,0.06103515625,-0.152587890625
7.5824999,0.8672995567321777,-0.5680243372917175,9.782708168029785,0,0.06103515625,-0.274658203125
7.5874999,0.8780734539031982,-0.5656301379203796,9.774927139282227,-0.030517578125,0.152587890625,-0.213623046875
7.5924999,0.8774749040603638,-0.5650315880775452,9.768342971801758,0.06103515625,0.244140625,-0.091552734375
7.5974999,0.8792705535888672,-0.5668272376060486,9.773730278015137,0.06103515625,0.18310546875,-0.18310546875
7.602499900000001,0.8690952062606812,-0.5656301379203796,9.780313491821289,-0.091552734375,0,-0.18310546875
7.6074999000000005,0.8649053573608398,-0.5614402890205383,9.775525093078613,-0.030517578125,-0.18310546875,-0.091552734375
7.6124999,0.8696937561035156,-0.5596446394920349,9.778518676757812,0.06103515625,-0.1220703125,-0.274658203125
7.6174999,0.8732850551605225,-0.557250440120697,9.773131370544434,0.06103515625,-0.213623046875,-0.18310546875
7.6224999,0.8906430602073669,-0.5560533404350281,9.768941879272461,-0.030517578125,-0.091552734375,-0.274658203125
7.6274999,0.8918401598930359,-0.5578489899635315,9.768342971801758,0.030517578125,0.030517578125,-0.152587890625
7.6324999,0.8900445103645325,-0.5560533404350281,9.762357711791992,0.152587890625,0.18310546875,-0.18310546875
7.6374999,0.8864531517028809,-0.558447539806366,9.766547203063965,0.06103515625,0.244140625,-0.244140625
7.642499900000001,0.8786720037460327,-0.5560533404350281,9.764153480529785,-0.06103515625,0.244140625,-0.18310546875
7.647499900000001,0.872686505317688,-0.557250440120697,9.768342971801758,0.030517578125,0.274658203125,-0.18310546875
7.6524999000000005,0.8667010068893433,-0.5566518902778625,9.77133560180664,0,0.18310546875,-0.18310546875
7.6574999,0.8637082576751709,-0.5554547905921936,9.768941879272461,-0.06103515625,0,-0.213623046875
7.6624999,0.862511157989502,-0.5608417391777039,9.770736694335938,-0.091552734375,0.152587890625,-0.335693359375
7.6674999,0.8601169586181641,-0.5626373887062073,9.764751434326172,0.030517578125,-0.1220703125,-0.274658203125
7.6724999,0.8619126081466675,-0.5644330382347107,9.770736694335938,-0.06103515625,0.030517578125,-0.244140625
7.6774999,0.8720879554748535,-0.5656301379203796,9.780912399291992,0.091552734375,-0.06103515625,-0.18310546875
7.6824999,0.8720879554748535,-0.5656301379203796,9.780912399291992,0.091552734375,-0.06103515625,-0.18310546875
7.687499900000001,0.8762778043746948,-0.5680243372917175,9.783905029296875,0.030517578125,0.1220703125,-0.335693359375
7.6924999000000005,0.8738836050033569,-0.5668272376060486,9.774927139282227,0.030517578125,0,-0.1220703125
7.6974999,0.871489405632019,-0.5668272376060486,9.77791976928711,0,0.1220703125,-0.213623046875
7.7024999,0.8667010068893433,-0.5650315880775452,9.77133560180664,0,0.091552734375,-0.30517578125
7.7074999,0.862511157989502,-0.5632359385490417,9.770736694335938,0.06103515625,0.06103515625,-0.244140625
7.7124999,0.8637082576751709,-0.5596446394920349,9.771934509277344,-0.06103515625,0.152587890625,-0.213623046875
7.7174999,0.8601169586181641,-0.557250440120697,9.770736694335938,-0.030517578125,0.030517578125,-0.30517578125
7.7224999,0.8672995567321777,-0.5554547905921936,9.776124000549316,0.06103515625,0.091552734375,-0.335693359375
7.727499900000001,0.872686505317688,-0.5674257874488831,9.782109260559082,0.06103515625,0.030517578125,-0.335693359375
7.7324999000000005,0.8744821548461914,-0.5638344883918762,9.77672290802002,0.030517578125,-0.06103515625,-0.213623046875
7.7374999,0.8792705535888672,-0.5608417391777039,9.779715538024902,0,-0.091552734375,-0.274658203125
7.7424999,0.8822633028030396,-0.5626373887062073,9.773131370544434,0.1220703125,0,-0.152587890625
7.7474999,0.8792705535888672,-0.5632359385490417,9.773730278015137,0.030517578125,0.06103515625,-0.152587890625
7.7524999,0.8786720037460327,-0.5650315880775452,9.773131370544434,0,0.213623046875,-0.244140625
7.7574999,0.8708908557891846,-0.5650315880775452,9.768941879272461,-0.030517578125,0.213623046875,-0.213623046875
7.7624999,0.8786720037460327,-0.5662286877632141,9.77253246307373,0.152587890625,-0.030517578125,-0.213623046875
7.767499900000001,0.8786720037460327,-0.5662286877632141,9.77253246307373,0.152587890625,-0.030517578125,-0.213623046875
7.772499900000001,0.8750807046890259,-0.5704185366630554,9.771934509277344,0.091552734375,0.06103515625,-0.152587890625
7.7774999000000005,0.8780734539031982,-0.5734112858772278,9.774328231811523,0.06103515625,0.1220703125,-0.213623046875
7.7824999,0.8774749040603638,-0.5746083855628967,9.776124000549316,-0.030517578125,0.30517578125,-0.213623046875
7.7874999,0.8750807046890259,-0.5740098357200623,9.771934509277344,-0.030517578125,0.18310546875,-0.152587890625
7.7924999,0.8762778043746948,-0.5692214369773865,9.773131370544434,-0.030517578125,0.18310546875,-0.091552734375
7.7974999,0.8690952062606812,-0.5650315880775452,9.77133560180664,0,0.06103515625,-0.30517578125
7.8024999,0.8690952062606812,-0.5650315880775452,9.77133560180664,0,0.06103515625,-0.30517578125
7.807499900000001,0.8637082576751709,-0.568622887134552,9.768941879272461,0,0,-0.244140625
7.812499900000001,0.8601169586181641,-0.5710170865058899,9.775525093078613,-0.091552734375,-0.06103515625,-0.18310546875
7.8174999000000005,0.8583213090896606,-0.5734112858772278,9.776124000549316,-0.152587890625,0.18310546875,-0.213623046875
7.8224999,0.8607155084609985,-0.5710170865058899,9.775525093078613,-0.06103515625,-0.1220703125,-0.335693359375
7.8274999,0.8678981065750122,-0.5674257874488831,9.7791166305542,0.06103515625,-0.030517578125,-0.244140625
7.8324999,0.872686505317688,-0.5620388388633728,9.77013874053955,-0.091552734375,-0.030517578125,-0.213623046875
7.8374999,0.8816647529602051,-0.5608417391777039,9.773730278015137,-0.213623046875,-0.152587890625,-0.244140625
7.8424999,0.8816647529602051,-0.5608417391777039,9.77133560180664,0,0.030517578125,-0.18310546875
7.8474999,0.8822633028030396,-0.5620388388633728,9.77133560180664,0.06103515625,0.18310546875,-0.244140625
7.852499900000001,0.8798691034317017,-0.5626373887062073,9.774927139282227,0.06103515625,0.335693359375,-0.244140625
7.8574999000000005,0.8756792545318604,-0.5554547905921936,9.780912399291992,0.091552734375,0.091552734375,-0.18310546875
7.8624999,0.8696937561035156,-0.5530605912208557,9.781511306762695,0.030517578125,0.091552734375,-0.244140625
7.8674999,0.871489405632019,-0.5530605912208557,9.787496566772461,0.091552734375,0.091552734375,-0.18310546875
7.8724999,0.8720879554748535,-0.5578489899635315,9.783905029296875,-0.091552734375,0,-0.213623046875
7.8774999,0.872686505317688,-0.5596446394920349,9.781511306762695,0.030517578125,0.030517578125,-0.335693359375
7.8824999,0.8732850551605225,-0.5638344883918762,9.777320861816406,0,0.1220703125,-0.213623046875
7.8874999,0.8678981065750122,-0.5626373887062073,9.77133560180664,-0.06103515625,-0.06103515625,-0.1220703125
7.892499900000001,0.8661024570465088,-0.5656301379203796,9.774328231811523,-0.1220703125,-0.091552734375,-0.1220703125
7.897499900000001,0.8607155084609985,-0.5644330382347107,9.769539833068848,0.030517578125,-0.030517578125,-0.152587890625
7.9024999000000005,0.8643068075180054,-0.5656301379203796,9.774328231811523,-0.030517578125,0,-0.244140625
7.9074999,0.8672995567321777,-0.5632359385490417,9.774328231811523,0.091552734375,-0.030517578125,-0.1220703125
7.9124999,0.8744821548461914,-0.5614402890205383,9.774328231811523,0,-0.030517578125,-0.30517578125
7.9174999,0.8804676532745361,-0.5620388388633728,9.770736694335938,0.030517578125,0,-0.213623046875
7.9224999,0.8804676532745361,-0.5650315880775452,9.770736694335938,0,0.18310546875,-0.30517578125
7.9274999,0.8744821548461914,-0.5662286877632141,9.769539833068848,0,0.18310546875,-0.274658203125
7.932499900000001,0.8708908557891846,-0.5674257874488831,9.77253246307373,0.152587890625,0.152587890625,-0.274658203125
7.937499900000001,0.8678981065750122,-0.5662286877632141,9.770736694335938,-0.091552734375,0.213623046875,-0.274658203125
7.9424999000000005,0.8637082576751709,-0.5656301379203796,9.77013874053955,0.030517578125,0.18310546875,-0.274658203125
7.9474999,0.8637082576751709,-0.5644330382347107,9.771934509277344,0.091552734375,0.152587890625,-0.244140625
7.9524999,0.8589198589324951,-0.5632359385490417,9.77253246307373,-0.030517578125,-0.18310546875,-0.18310546875
7.9574999,0.8649053573608398,-0.5608417391777039,9.7791166305542,-0.091552734375,-0.18310546875,-0.274658203125
7.9624999,0.8667010068893433,-0.558447539806366,9.778518676757812,0,-0.1220703125,-0.213623046875
7.9674999,0.8744821548461914,-0.557250440120697,9.784503936767578,0,-0.152587890625,-0.335693359375
7.9724999,0.8780734539031982,-0.5542576909065247,9.782109260559082,-0.1220703125,0,-0.335693359375
7.977499900000001,0.8774749040603638,-0.5536591410636902,9.783307075500488,-0.091552734375,0.1220703125,-0.213623046875
7.9824999000000005,0.8732850551605225,-0.5536591410636902,9.7791166305542,-0.06103515625,0.152587890625,-0.213623046875
7.9874999,0.871489405632019,-0.558447539806366,9.777320861816406,0,0.091552734375,-0.18310546875
7.9924999,0.8655039072036743,-0.5626373887062073,9.770736694335938,0.1220703125,0,-0.152587890625
7.9974999,0.8643068075180054,-0.5674257874488831,9.77253246307373,0.1220703125,0.152587890625,-0.213623046875
8.0024999,0.8649053573608398,-0.5710170865058899,9.77672290802002,0.06103515625,0.091552734375,-0.213623046875
8.007499900000001,0.8667010068893433,-0.5710170865058899,9.774328231811523,0.030517578125,0,-0.3662109375
8.0124999,0.8702923059463501,-0.5722141861915588,9.785101890563965,0,-0.030517578125,-0.244140625
8.0174999,0.8690952062606812,-0.5710170865058899,9.780313491821289,0.06103515625,-0.06103515625,-0.213623046875
8.0224999,0.8696937561035156,-0.5734112858772278,9.783905029296875,0.06103515625,-0.06103515625,-0.152587890625
8.0274999,0.872686505317688,-0.558447539806366,9.775525093078613,-0.030517578125,-0.091552734375,-0.335693359375
8.0324999,0.8780734539031982,-0.557250440120697,9.77791976928711,-0.06103515625,0.152587890625,-0.30517578125
8.0374999,0.8792705535888672,-0.5554547905921936,9.771934509277344,-0.030517578125,0.213623046875,-0.30517578125
8.042499900000001,0.8804676532745361,-0.5548562407493591,9.77013874053955,-0.091552734375,0.06103515625,-0.30517578125
8.0474999,0.8810662031173706,-0.5554547905921936,9.768342971801758,-0.030517578125,0.18310546875,-0.30517578125
8.0524999,0.8750807046890259,-0.5542576909065247,9.767744064331055,-0.030517578125,0.1220703125,-0.274658203125
8.0574999,0.8738836050033569,-0.5554547905921936,9.773730278015137,0.091552734375,0.18310546875,-0.213623046875
8.0624999,0.8643068075180054,-0.5530605912208557,9.773730278015137,0.030517578125,0.091552734375,-0.244140625
8.0674999,0.861314058303833,-0.5554547905921936,9.778518676757812,0,-0.030517578125,-0.18310546875
8.0724999,0.8565256595611572,-0.5560533404350281,9.773730278015137,0,-0.091552734375,-0.274658203125
8.0774999,0.8643068075180054,-0.5608417391777039,9.773730278015137,0.030517578125,-0.091552734375,-0.335693359375
8.0824999,0.8822633028030396,-0.5662286877632141,9.780912399291992,-0.152587890625,0.091552734375,-0.274658203125
8.087499900000001,0.8822633028030396,-0.5704185366630554,9.77672290802002,-0.091552734375,0.1220703125,-0.244140625
8.0924999,0.8834604024887085,-0.5746083855628967,9.775525093078613,-0.030517578125,0,-0.244140625
8.0974999,0.8834604024887085,-0.5764040350914001,9.775525093078613,0.06103515625,0.213623046875,-0.091552734375
8.1024999,0.8792705535888672,-0.5770025849342346,9.773131370544434,0.030517578125,-0.030517578125,-0.152587890625
8.1074999,0.8780734539031982,-0.5770025849342346,9.777320861816406,0,0.18310546875,-0.30517578125
8.1124999,0.8690952062606812,-0.5728127360343933,9.77253246307373,-0.06103515625,0.1220703125,-0.274658203125
8.1174999,0.8702923059463501,-0.5710170865058899,9.778518676757812,0.152587890625,0.1220703125,-0.213623046875
8.122499900000001,0.8649053573608398,-0.5608417391777039,9.776124000549316,0.1220703125,-0.091552734375,-0.213623046875
8.1274999,0.8661024570465088,-0.5566518902778625,9.777320861816406,0.030517578125,0.1220703125,-0.274658203125
8.132499900000001,0.8637082576751709,-0.5542576909065247,9.773131370544434,-0.030517578125,-0.06103515625,-0.244140625
8.1374999,0.8690952062606812,-0.5554547905921936,9.773730278015137,-0.1220703125,0.030517578125,-0.30517578125
8.1424999,0.8678981065750122,-0.557250440120697,9.765350341796875,0,0.030517578125,-0.335693359375
8.1474999,0.8762778043746948,-0.5620388388633728,9.765948295593262,0.06103515625,0.091552734375,-0.213623046875
8.1524999,0.8774749040603638,-0.5656301379203796,9.758167266845703,0.030517578125,0.18310546875,-0.244140625
8.1574999,0.8804676532745361,-0.5662286877632141,9.758167266845703,0.06103515625,0,-0.1220703125
8.1624999,0.8792705535888672,-0.5674257874488831,9.75936508178711,-0.06103515625,0.152587890625,-0.274658203125
8.167499900000001,0.8762778043746948,-0.5692214369773865,9.762955665588379,0.091552734375,0.030517578125,-0.18310546875
8.1724999,0.8756792545318604,-0.569819986820221,9.767146110534668,0.152587890625,0.152587890625,-0.1220703125
8.1774999,0.871489405632019,-0.5746083855628967,9.765948295593262,-0.091552734375,0.152587890625,-0.30517578125
8.1824999,0.8684966564178467,-0.5740098357200623,9.77013874053955,0,0.1220703125,-0.30517578125
8.1874999,0.8672995567321777,-0.568622887134552,9.77253246307373,0.030517578125,0.030517578125,-0.152587890625
8.1924999,0.8690952062606812,-0.5674257874488831,9.7791166305542,0.091552734375,0.06103515625,-0.18310546875
8.1974999,0.8661024570465088,-0.5656301379203796,9.774328231811523,0.030517578125,-0.030517578125,-0.244140625
8.2024999,0.8655039072036743,-0.5650315880775452,9.775525093078613,-0.06103515625,0.06103515625,-0.30517578125
8.2074999,0.8631097078323364,-0.5638344883918762,9.767146110534668,0.030517578125,-0.152587890625,-0.30517578125
8.212499900000001,0.861314058303833,-0.5662286877632141,9.769539833068848,0.06103515625,-0.091552734375,-0.244140625
8.2174999,0.8607155084609985,-0.5656301379203796,9.750985145568848,-0.06103515625,0.091552734375,-0.30517578125
8.2224999,0.8619126081466675,-0.5668272376060486,9.773730278015137,0.06103515625,-0.091552734375,-0.274658203125
8.2274999,0.871489405632019,-0.5704185366630554,9.779715538024902,0.030517578125,0.42724609375,0
8.2324999,0.8589198589324951,-0.568622887134552,9.77013874053955,-0.06103515625,-0.1220703125,-0.213623046875
8.2374999,0.8595184087753296,-0.569819986820221,9.771934509277344,0,-0.030517578125,-0.244140625
8.2424999,0.862511157989502,-0.5554547905921936,9.763554573059082,0.152587890625,0.091552734375,0.30517578125
8.247499900000001,0.861314058303833,-0.5578489899635315,9.770736694335938,0.18310546875,-0.213623046875,-0.457763671875
8.2524999,0.871489405632019,-0.558447539806366,9.785700798034668,-0.1220703125,0.244140625,-0.579833984375
8.257499900000001,0.8601169586181641,-0.5560533404350281,9.77133560180664,0.1220703125,0.1220703125,0.244140625
8.2624999,0.8637082576751709,-0.5608417391777039,9.77791976928711,-0.1220703125,-0.030517578125,-0.396728515625
8.2674999,0.8601169586181641,-0.5626373887062073,9.775525093078613,0.1220703125,0.152587890625,0.213623046875
8.2724999,0.8601169586181641,-0.5626373887062073,9.775525093078613,0.1220703125,0.152587890625,0.213623046875
8.2774999,0.8667010068893433,-0.5638344883918762,9.773131370544434,0.030517578125,0.091552734375,-0.518798828125
8.2824999,0.8762778043746948,-0.5650315880775452,9.789292335510254,0.030517578125,0.18310546875,-0.640869140625
8.2874999,0.8667010068893433,-0.5596446394920349,9.768342971801758,-0.06103515625,0.030517578125,0.1220703125
8.292499900000001,0.8732850551605225,-0.5626373887062073,9.77672290802002,0,-0.152587890625,-0.274658203125
8.2974999,0.8762778043746948,-0.5626373887062073,9.788095474243164,0.06103515625,0.244140625,-0.54931640625
8.3024999,0.8655039072036743,-0.5596446394920349,9.77253246307373,0.1220703125,-0.06103515625,0.06103515625
8.3074999,0.8750807046890259,-0.5620388388633728,9.787496566772461,0.274658203125,-0.1220703125,-0.152587890625
8.3124999,0.8738836050033569,-0.5632359385490417,9.784503936767578,-0.030517578125,0.091552734375,-0.3662109375
8.3174999,0.8720879554748535,-0.5626373887062073,9.7791166305542,0.030517578125,0.030517578125,-0.091552734375
8.3224999,0.8607155084609985,-0.5680243372917175,9.769539833068848,0.030517578125,0.030517578125,-0.244140625
8.3274999,0.8607155084609985,-0.5680243372917175,9.769539833068848,0.030517578125,0.030517578125,-0.244140625
8.3324999,0.8637082576751709,-0.5668272376060486,9.773730278015137,0,0.030517578125,-0.396728515625
8.337499900000001,0.8607155084609985,-0.5638344883918762,9.766547203063965,0.091552734375,0.091552734375,-0.06103515625
8.3424999,0.8702923059463501,-0.5668272376060486,9.774927139282227,0.091552734375,-0.06103515625,-0.1220703125
8.3474999,0.8768763542175293,-0.5674257874488831,9.773730278015137,-0.091552734375,-0.06103515625,-0.3662109375
8.3524999,0.8768763542175293,-0.568622887134552,9.773131370544434,-0.030517578125,-0.030517578125,-0.152587890625
8.3574999,0.8804676532745361,-0.568622887134552,9.781511306762695,-0.030517578125,0.152587890625,-0.18310546875
8.3624999,0.8744821548461914,-0.5638344883918762,9.777320861816406,-0.091552734375,0.030517578125,-0.244140625
8.3674999,0.871489405632019,-0.5638344883918762,9.780912399291992,-0.030517578125,0.091552734375,-0.1220703125
8.372499900000001,0.871489405632019,-0.5626373887062073,9.781511306762695,0.1220703125,0.06103515625,-0.274658203125
8.3774999,0.8684966564178467,-0.5632359385490417,9.783307075500488,0.030517578125,-0.030517578125,-0.274658203125
8.382499900000001,0.8672995567321777,-0.5662286877632141,9.7791166305542,0.06103515625,0.1220703125,-0.1220703125
8.3874999,0.8684966564178467,-0.568622887134552,9.77672290802002,0,0.18310546875,-0.30517578125
8.3924999,0.8667010068893433,-0.5656301379203796,9.77013874053955,0.030517578125,0.030517578125,-0.274658203125
8.3974999,0.8738836050033569,-0.5680243372917175,9.778518676757812,-0.091552734375,0,-0.274658203125
8.4024999,0.871489405632019,-0.5710170865058899,9.77672290802002,0.06103515625,0.1220703125,-0.3662109375
8.4074999,0.8684966564178467,-0.5674257874488831,9.768941879272461,-0.030517578125,-0.18310546875,-0.18310546875
8.4124999,0.872686505317688,-0.5656301379203796,9.773730278015137,0,0,-0.18310546875
8.417499900000001,0.8750807046890259,-0.5620388388633728,9.770736694335938,0.091552734375,-0.06103515625,-0.244140625
8.4224999,0.8792705535888672,-0.5614402890205383,9.774927139282227,0.030517578125,-0.06103515625,-0.152587890625
8.4274999,0.8792705535888672,-0.5602431893348694,9.773131370544434,0.06103515625,0,-0.30517578125
8.4324999,0.8774749040603638,-0.5656301379203796,9.775525093078613,0.091552734375,0.030517578125,-0.06103515625
8.4374999,0.8720879554748535,-0.5692214369773865,9.773131370544434,0.152587890625,0.091552734375,-0.30517578125
8.4424999,0.8702923059463501,-0.569819986820221,9.778518676757812,0.091552734375,0.091552734375,-0.30517578125
8.4474999,0.8619126081466675,-0.569819986820221,9.773730278015137,0.030517578125,-0.091552734375,-0.18310546875
8.4524999,0.8601169586181641,-0.5710170865058899,9.782109260559082,0.030517578125,0.030517578125,-0.213623046875
8.4574999,0.8595184087753296,-0.5692214369773865,9.781511306762695,0,0.030517578125,-0.1220703125
8.462499900000001,0.8619126081466675,-0.5680243372917175,9.784503936767578,0.030517578125,0.06103515625,-0.152587890625
8.4674999,0.8655039072036743,-0.5662286877632141,9.783307075500488,-0.06103515625,0,-0.30517578125
8.4724999,0.8643068075180054,-0.5638344883918762,9.775525093078613,0.06103515625,-0.091552734375,-0.274658203125
8.4774999,0.8661024570465088,-0.5620388388633728,9.775525093078613,0.06103515625,0.030517578125,-0.244140625
8.4824999,0.8607155084609985,-0.5608417391777039,9.764153480529785,0,0,-0.244140625
8.4874999,0.8631097078323364,-0.5602431893348694,9.77013874053955,0.06103515625,-0.06103515625,-0.213623046875
8.4924999,0.8649053573608398,-0.5596446394920349,9.775525093078613,0.030517578125,-0.06103515625,-0.274658203125
8.497499900000001,0.8678981065750122,-0.5602431893348694,9.783905029296875,0.091552734375,0.06103515625,-0.335693359375
8.5024999,0.8684966564178467,-0.558447539806366,9.784503936767578,0.06103515625,-0.091552734375,-0.244140625
8.507499900000001,0.871489405632019,-0.5602431893348694,9.78989028930664,0.091552734375,-0.030517578125,-0.213623046875
8.5124999,0.8684966564178467,-0.5602431893348694,9.781511306762695,-0.030517578125,0,-0.30517578125
8.5174999,0.8702923059463501,-0.5596446394920349,9.779715538024902,0.06103515625,-0.06103515625,-0.152587890625
8.5224999,0.871489405632019,-0.5578489899635315,9.775525093078613,0.030517578125,0.06103515625,-0.213623046875
8.5274999,0.8708908557891846,-0.5554547905921936,9.777320861816406,-0.030517578125,-0.091552734375,-0.244140625
8.5324999,0.8762778043746948,-0.5536591410636902,9.783307075500488,0.152587890625,-0.030517578125,-0.18310546875
8.5374999,0.8738836050033569,-0.5548562407493591,9.786897659301758,0.18310546875,-0.091552734375,-0.18310546875
8.542499900000001,0.8792705535888672,-0.557250440120697,9.791686058044434,0.030517578125,0.091552734375,-0.213623046875
8.5474999,0.8768763542175293,-0.5596446394920349,9.786299705505371,-0.030517578125,0.030517578125,-0.18310546875
8.5524999,0.8798691034317017,-0.5626373887062073,9.773131370544434,0.030517578125,0.091552734375,-0.213623046875
8.5574999,0.8756792545318604,-0.5638344883918762,9.765948295593262,0.030517578125,0.06103515625,-0.18310546875
8.5624999,0.8631097078323364,-0.5674257874488831,9.767744064331055,0.030517578125,0.18310546875,-0.091552734375
8.5674999,0.8667010068893433,-0.5644330382347107,9.770736694335938,0,0.152587890625,-0.18310546875
8.5724999,0.8678981065750122,-0.5608417391777039,9.775525093078613,0,-0.152587890625,-0.18310546875
8.577499900000001,0.8750807046890259,-0.558447539806366,9.779715538024902,0.091552734375,-0.06103515625,-0.274658203125
8.5824999,0.8732850551605225,-0.5620388388633728,9.777320861816406,0.030517578125,-0.06103515625,-0.274658203125
8.587499900000001,0.8756792545318604,-0.5620388388633728,9.778518676757812,0.06103515625,0,-0.213623046875
8.5924999,0.8738836050033569,-0.5644330382347107,9.774927139282227,-0.091552734375,0.030517578125,-0.30517578125
8.5974999,0.872686505317688,-0.5644330382347107,9.774927139282227,-0.091552734375,0.213623046875,-0.213623046875
8.6024999,0.872686505317688,-0.5626373887062073,9.773730278015137,-0.091552734375,0,-0.152587890625
8.6074999,0.871489405632019,-0.5632359385490417,9.779715538024902,0.030517578125,-0.030517578125,-0.18310546875
8.6124999,0.8667010068893433,-0.5620388388633728,9.77791976928711,0.06103515625,0.06103515625,-0.213623046875
8.6174999,0.8667010068893433,-0.5608417391777039,9.782708168029785,0.1220703125,0.18310546875,-0.30517578125
8.622499900000001,0.862511157989502,-0.5578489899635315,9.77791976928711,0,0.06103515625,-0.152587890625
8.6274999,0.8649053573608398,-0.5548562407493591,9.775525093078613,0.030517578125,-0.091552734375,-0.18310546875
8.632499900000001,0.8696937561035156,-0.5536591410636902,9.770736694335938,-0.091552734375,-0.06103515625,-0.18310546875
8.6374999,0.8720879554748535,-0.5548562407493591,9.768342971801758,-0.06103515625,-0.06103515625,-0.274658203125
8.6424999,0.8852560520172119,-0.5740098357200623,9.774328231811523,-0.091552734375,0.1220703125,-0.213623046875
8.6474999,0.8864531517028809,-0.5704185366630554,9.774328231811523,-0.091552734375,0,-0.18310546875
8.6524999,0.8870517015457153,-0.5674257874488831,9.77133560180664,0.06103515625,0.18310546875,-0.244140625
8.6574999,0.8822633028030396,-0.5650315880775452,9.766547203063965,0.091552734375,-0.06103515625,-0.244140625
8.6624999,0.8798691034317017,-0.5656301379203796,9.765948295593262,-0.030517578125,-0.030517578125,-0.213623046875
8.667499900000001,0.8708908557891846,-0.5662286877632141,9.764153480529785,-0.030517578125,0,-0.274658203125
8.6724999,0.8655039072036743,-0.5650315880775452,9.774328231811523,-0.06103515625,0.18310546875,-0.274658203125
8.6774999,0.8589198589324951,-0.5662286877632141,9.774328231811523,-0.091552734375,0.152587890625,-0.244140625
8.6824999,0.8571242094039917,-0.5644330382347107,9.780912399291992,0.091552734375,0.06103515625,-0.244140625
8.6874999,0.8607155084609985,-0.5620388388633728,9.784503936767578,0.1220703125,0.091552734375,-0.30517578125
8.6924999,0.8619126081466675,-0.5560533404350281,9.7791166305542,0.030517578125,-0.1220703125,-0.244140625
8.6974999,0.8672995567321777,-0.5512649416923523,9.781511306762695,0.06103515625,0.1220703125,-0.091552734375
8.702499900000001,0.8684966564178467,-0.547075092792511,9.774328231811523,0,0.06103515625,-0.213623046875
8.7074999,0.872686505317688,-0.5488707423210144,9.773730278015137,-0.06103515625,-0.06103515625,-0.244140625
8.712499900000001,0.8720879554748535,-0.5554547905921936,9.769539833068848,-0.030517578125,0,-0.335693359375
8.7174999,0.8732850551605225,-0.5620388388633728,9.767744064331055,0.06103515625,-0.06103515625,-0.274658203125
8.7224999,0.8720879554748535,-0.5680243372917175,9.766547203063965,0.1220703125,0.030517578125,-0.18310546875
8.7274999,0.8702923059463501,-0.5680243372917175,9.767146110534668,0,-0.152587890625,-0.18310546875
8.7324999,0.8750807046890259,-0.569819986820221,9.77253246307373,0,-0.06103515625,-0.3662109375
8.7374999,0.8732850551605225,-0.5680243372917175,9.77013874053955,-0.030517578125,0.030517578125,-0.152587890625
8.7424999,0.8774749040603638,-0.569819986820221,9.774328231811523,0.030517578125,0.030517578125,-0.1220703125
8.747499900000001,0.8738836050033569,-0.5692214369773865,9.765948295593262,0.06103515625,0.152587890625,-0.30517578125
8.7524999,0.8702923059463501,-0.568622887134552,9.764751434326172,0.06103515625,0,-0.274658203125
8.757499900000001,0.8667010068893433,-0.5656301379203796,9.762955665588379,0.1220703125,0.152587890625,-0.152587890625
8.7624999,0.8696937561035156,-0.557250440120697,9.7791166305542,-0.030517578125,0.030517578125,-0.213623046875
8.7674999,0.8732850551605225,-0.5620388388633728,9.777320861816406,0.030517578125,0.030517578125,-0.152587890625
8.7724999,0.8762778043746948,-0.5638344883918762,9.777320861816406,0,0.091552734375,-0.274658203125
8.7774999,0.8750807046890259,-0.5668272376060486,9.774328231811523,0,0.06103515625,-0.18310546875
8.7824999,0.8786720037460327,-0.5656301379203796,9.77672290802002,0.06103515625,0.091552734375,-0.30517578125
8.7874999,0.8750807046890259,-0.5602431893348694,9.773730278015137,0.091552734375,0.244140625,-0.3662109375
8.792499900000001,0.8780734539031982,-0.5524620413780212,9.779715538024902,-0.030517578125,0.1220703125,-0.30517578125
8.7974999,0.8780734539031982,-0.5464765429496765,9.782109260559082,-0.18310546875,0.152587890625,-0.3662109375
8.8024999,0.8750807046890259,-0.545877993106842,9.782708168029785,-0.1220703125,-0.1220703125,-0.274658203125
8.8074999,0.8672995567321777,-0.5608417391777039,9.780912399291992,0.06103515625,-0.1220703125,-0.335693359375
8.8124999,0.8649053573608398,-0.5668272376060486,9.780912399291992,0,0,-0.30517578125
8.8174999,0.8649053573608398,-0.5662286877632141,9.77672290802002,-0.030517578125,0.06103515625,-0.06103515625
8.8224999,0.8690952062606812,-0.5608417391777039,9.778518676757812,-0.06103515625,0.06103515625,-0.18310546875
8.827499900000001,0.8756792545318604,-0.5548562407493591,9.779715538024902,-0.1220703125,-0.030517578125,-0.213623046875
8.8324999,0.8798691034317017,-0.5542576909065247,9.782109260559082,-0.06103515625,-0.030517578125,-0.30517578125
8.837499900000001,0.8834604024887085,-0.5590460896492004,9.783307075500488,0.030517578125,0,-0.335693359375
8.8424999,0.8798691034317017,-0.5650315880775452,9.7791166305542,0.091552734375,0.06103515625,-0.335693359375
8.8474999,0.8810662031173706,-0.5680243372917175,9.782109260559082,-0.030517578125,0.244140625,-0.30517578125
8.8524999,0.872686505317688,-0.5668272376060486,9.774927139282227,0.030517578125,0.274658203125,-0.213623046875
8.8574999,0.8661024570465088,-0.5602431893348694,9.777320861816406,0.030517578125,0.091552734375,-0.213623046875
8.8624999,0.8595184087753296,-0.5542576909065247,9.780912399291992,-0.06103515625,0.1220703125,-0.30517578125
8.8674999,0.8559271097183228,-0.545877993106842,9.793481826782227,0.1220703125,-0.030517578125,-0.244140625
8.872499900000001,0.8571242094039917,-0.5500678420066833,9.787496566772461,-0.030517578125,-0.06103515625,-0.274658203125
8.8774999,0.8607155084609985,-0.5632359385490417,9.787496566772461,-0.091552734375,0,-0.30517578125
8.882499900000001,0.8756792545318604,-0.5835866928100586,9.773131370544434,0.091552734375,-0.030517578125,-0.30517578125
8.8874999,0.8798691034317017,-0.5692214369773865,9.776124000549316,-0.06103515625,0.030517578125,-0.213623046875
8.8924999,0.889445960521698,-0.5626373887062073,9.782708168029785,-0.030517578125,0.1220703125,-0.274658203125
8.8974999,0.889445960521698,-0.5626373887062073,9.782708168029785,-0.030517578125,0.1220703125,-0.274658203125
8.9024999,0.8846575021743774,-0.5608417391777039,9.777320861816406,-0.030517578125,0.1220703125,-0.274658203125
8.9074999,0.884058952331543,-0.569819986820221,9.77672290802002,0.213623046875,0.091552734375,-0.244140625
8.9124999,0.8756792545318604,-0.5752069354057312,9.773131370544434,0.1220703125,0.1220703125,-0.335693359375
8.917499900000001,0.8541314601898193,-0.5518634915351868,9.775525093078613,0,-0.091552734375,-0.3662109375
8.9224999,0.8541314601898193,-0.5518634915351868,9.775525093078613,0,-0.091552734375,-0.3662109375
8.9274999,0.8553285598754883,-0.5512649416923523,9.784503936767578,0.030517578125,0.030517578125,-0.213623046875
8.9324999,0.8559271097183228,-0.5542576909065247,9.782109260559082,-0.06103515625,0.091552734375,-0.335693359375
8.9374999,0.8637082576751709,-0.558447539806366,9.785101890563965,0.06103515625,0.18310546875,-0.274658203125
8.9424999,0.8708908557891846,-0.5596446394920349,9.782109260559082,-0.030517578125,0.18310546875,-0.335693359375
8.9474999,0.8750807046890259,-0.5608417391777039,9.779715538024902,-0.091552734375,-0.030517578125,-0.091552734375
8.952499900000001,0.8780734539031982,-0.5638344883918762,9.780313491821289,-0.1220703125,-0.030517578125,-0.152587890625
8.9574999,0.8738836050033569,-0.5650315880775452,9.773131370544434,0.030517578125,0.06103515625,-0.3662109375
8.962499900000001,0.8756792545318604,-0.5668272376060486,9.77672290802002,0.1220703125,0.091552734375,-0.18310546875
8.9674999,0.871489405632019,-0.5596446394920349,9.768941879272461,0.1220703125,0.030517578125,-0.244140625
8.9724999,0.8744821548461914,-0.5560533404350281,9.77133560180664,0.030517578125,-0.030517578125,-0.30517578125
8.9774999,0.872686505317688,-0.5554547905921936,9.77013874053955,-0.1220703125,-0.030517578125,-0.18310546875
8.9824999,0.8744821548461914,-0.5632359385490417,9.774927139282227,-0.091552734375,0.213623046875,-0.30517578125
8.9874999,0.8708908557891846,-0.568622887134552,9.77253246307373,0.06103515625,0.06103515625,-0.335693359375
8.9924999,0.8702923059463501,-0.5728127360343933,9.779715538024902,0.030517578125,0.091552734375,-0.30517578125
8.997499900000001,0.8637082576751709,-0.5704185366630554,9.777320861816406,0,0.1220703125,-0.457763671875
9.0024999,0.8595184087753296,-0.5668272376060486,9.779715538024902,0.030517578125,-0.06103515625,-0.335693359375
9.007499900000001,0.8601169586181641,-0.5644330382347107,9.779715538024902,-0.06103515625,-0.030517578125,-0.18310546875
9.0124999,0.8601169586181641,-0.5644330382347107,9.777320861816406,0,-0.18310546875,-0.1220703125
9.0174999,0.8690952062606812,-0.5674257874488831,9.785101890563965,0.030517578125,-0.030517578125,-0.244140625
9.0224999,0.8720879554748535,-0.568622887134552,9.778518676757812,0.030517578125,-0.030517578125,-0.213623046875
9.0274999,0.8774749040603638,-0.5692214369773865,9.782109260559082,0.06103515625,-0.091552734375,-0.213623046875
9.0324999,0.8780734539031982,-0.568622887134552,9.77672290802002,0.030517578125,0.18310546875,-0.274658203125
9.0374999,0.8780734539031982,-0.5710170865058899,9.774927139282227,0.030517578125,0.152587890625,-0.274658203125
9.042499900000001,0.8720879554748535,-0.5638344883918762,9.774328231811523,0.091552734375,0.030517578125,-0.244140625
9.0474999,0.8702923059463501,-0.5632359385490417,9.778518676757812,0.1220703125,0.030517578125,-0.18310546875
9.0524999,0.8661024570465088,-0.5674257874488831,9.780313491821289,0,0.152587890625,-0.30517578125
9.0574999,0.8619126081466675,-0.568622887134552,9.77791976928711,0.030517578125,-0.1220703125,-0.18310546875
9.0624999,0.8643068075180054,-0.5674257874488831,9.783905029296875,0,-0.1220703125,-0.213623046875
9.0674999,0.8631097078323364,-0.5608417391777039,9.780912399291992,0,0,-0.18310546875
9.0724999,0.8672995567321777,-0.5560533404350281,9.785101890563965,-0.091552734375,0.06103515625,-0.396728515625
9.077499900000001,0.8672995567321777,-0.5536591410636902,9.783307075500488,0.030517578125,0,-0.457763671875
9.0824999,0.8678981065750122,-0.5578489899635315,9.7791166305542,0.030517578125,0.06103515625,-0.213623046875
9.087499900000001,0.8708908557891846,-0.5656301379203796,9.768342971801758,0,-0.030517578125,-0.244140625
9.0924999,0.8708908557891846,-0.5656301379203796,9.768342971801758,0,-0.030517578125,-0.244140625
9.0974999,0.8768763542175293,-0.5656301379203796,9.770736694335938,-0.030517578125,0.06103515625,-0.1220703125
9.1024999,0.8738836050033569,-0.5638344883918762,9.766547203063965,-0.030517578125,0.030517578125,-0.152587890625
9.1074999,0.872686505317688,-0.5638344883918762,9.769539833068848,0.06103515625,0.152587890625,-0.30517578125
9.1124999,0.8678981065750122,-0.5650315880775452,9.773730278015137,0.091552734375,0.213623046875,-0.244140625
9.1174999,0.8619126081466675,-0.5668272376060486,9.777320861816406,0.030517578125,0,-0.335693359375
9.122499900000001,0.8583213090896606,-0.5644330382347107,9.780912399291992,-0.030517578125,0.06103515625,-0.244140625
9.1274999,0.8637082576751709,-0.5608417391777039,9.785101890563965,0.152587890625,0.152587890625,-0.152587890625
9.132499900000001,0.8649053573608398,-0.5608417391777039,9.777320861816406,0.18310546875,0.091552734375,-0.1220703125
9.1374999,0.8684966564178467,-0.5608417391777039,9.776124000549316,-0.030517578125,-0.152587890625,-0.152587890625
9.1424999,0.8708908557891846,-0.5638344883918762,9.775525093078613,-0.030517578125,0.030517578125,-0.152587890625
9.1474999,0.8702923059463501,-0.5644330382347107,9.771934509277344,0.1220703125,0.030517578125,-0.30517578125
9.1524999,0.8768763542175293,-0.5668272376060486,9.776124000549316,0.030517578125,-0.030517578125,-0.396728515625
9.1574999,0.8750807046890259,-0.5638344883918762,9.774927139282227,-0.091552734375,-0.030517578125,-0.30517578125
9.1624999,0.8756792545318604,-0.5656301379203796,9.77791976928711,-0.030517578125,-0.06103515625,-0.1220703125
9.167499900000001,0.8738836050033569,-0.5662286877632141,9.776124000549316,0,0.152587890625,-0.213623046875
9.1724999,0.8690952062606812,-0.5692214369773865,9.77672290802002,-0.030517578125,0.1220703125,-0.274658203125
9.1774999,0.8667010068893433,-0.5716156363487244,9.774328231811523,-0.030517578125,0.06103515625,-0.213623046875
9.1824999,0.8619126081466675,-0.568622887134552,9.773131370544434,0.06103515625,0,-0.213623046875
9.1874999,0.861314058303833,-0.5656301379203796,9.77253246307373,-0.030517578125,0.152587890625,-0.396728515625
9.1924999,0.8547300100326538,-0.5644330382347107,9.767744064331055,0.1220703125,0.06103515625,-0.244140625
9.1974999,0.8571242094039917,-0.5650315880775452,9.774927139282227,-0.030517578125,-0.030517578125,-0.213623046875
9.202499900000001,0.8553285598754883,-0.5674257874488831,9.770736694335938,0,0.091552734375,-0.244140625
9.2074999,0.8762778043746948,-0.5662286877632141,9.783905029296875,-0.030517578125,0,-0.18310546875
9.212499900000001,0.8750807046890259,-0.5674257874488831,9.773730278015137,-0.06103515625,0.06103515625,-0.244140625
9.2174999,0.8804676532745361,-0.569819986820221,9.77253246307373,0.030517578125,0,-0.244140625
9.2224999,0.8822633028030396,-0.568622887134552,9.767744064331055,0.06103515625,0.152587890625,-0.213623046875
9.2274999,0.8834604024887085,-0.5626373887062073,9.765350341796875,0.1220703125,0.1220703125,-0.274658203125
9.2324999,0.8876502513885498,-0.5608417391777039,9.770736694335938,0,0.1220703125,-0.335693359375
9.2374999,0.882861852645874,-0.558447539806366,9.767744064331055,0,0.152587890625,-0.30517578125
9.2424999,0.8852560520172119,-0.5578489899635315,9.773131370544434,-0.030517578125,0.1220703125,-0.274658203125
9.247499900000001,0.8649053573608398,-0.5578489899635315,9.77133560180664,0.06103515625,0,-0.18310546875
9.2524999,0.8637082576751709,-0.5566518902778625,9.774927139282227,-0.030517578125,-0.152587890625,-0.213623046875
9.257499900000001,0.8649053573608398,-0.5590460896492004,9.778518676757812,0,0.030517578125,-0.274658203125
9.2624999,0.8643068075180054,-0.558447539806366,9.773131370544434,-0.030517578125,-0.1220703125,-0.335693359375
9.2674999,0.8696937561035156,-0.5632359385490417,9.774328231811523,0.1220703125,-0.1220703125,-0.18310546875
9.2724999,0.8720879554748535,-0.5668272376060486,9.766547203063965,0.091552734375,0.06103515625,-0.1220703125
9.2774999,0.8762778043746948,-0.568622887134552,9.769539833068848,-0.06103515625,0.1220703125,-0.213623046875
9.2824999,0.8774749040603638,-0.5656301379203796,9.77253246307373,0,0.18310546875,-0.152587890625
9.2874999,0.872686505317688,-0.558447539806366,9.77253246307373,0.152587890625,0.030517578125,-0.274658203125
9.292499900000001,0.8738836050033569,-0.5560533404350281,9.773730278015137,0.152587890625,0.091552734375,-0.152587890625
9.2974999,0.872686505317688,-0.5548562407493591,9.770736694335938,-0.06103515625,0.1220703125,-0.244140625
9.3024999,0.872686505317688,-0.5530605912208557,9.770736694335938,-0.030517578125,-0.030517578125,-0.152587890625
9.3074999,0.8750807046890259,-0.5566518902778625,9.770736694335938,-0.06103515625,0.091552734375,-0.244140625
9.3124999,0.872686505317688,-0.557250440120697,9.767744064331055,-0.1220703125,0,-0.1220703125
9.3174999,0.8750807046890259,-0.5650315880775452,9.770736694335938,0.030517578125,0,-0.213623046875
9.3224999,0.8720879554748535,-0.5674257874488831,9.767146110534668,0.030517578125,0.06103515625,-0.244140625
9.327499900000001,0.8708908557891846,-0.5716156363487244,9.770736694335938,0.030517578125,-0.030517578125,-0.30517578125
9.3324999,0.8690952062606812,-0.5716156363487244,9.768941879272461,0.030517578125,0.030517578125,-0.18310546875
9.337499900000001,0.8672995567321777,-0.5722141861915588,9.767146110534668,0.06103515625,0,-0.030517578125
9.3424999,0.8684966564178467,-0.5722141861915588,9.768941879272461,-0.18310546875,0.18310546875,-0.18310546875
9.3474999,0.8684966564178467,-0.557250440120697,9.762955665588379,0.091552734375,0,-0.30517578125
9.3524999,0.8684966564178467,-0.5542576909065247,9.765948295593262,0,0,-0.274658203125
9.3574999,0.8684966564178467,-0.5560533404350281,9.766547203063965,-0.030517578125,0.030517578125,-0.18310546875
9.3624999,0.8690952062606812,-0.5590460896492004,9.765350341796875,0.091552734375,0,-0.213623046875
9.3674999,0.872686505317688,-0.5632359385490417,9.767744064331055,-0.06103515625,0.091552734375,-0.274658203125
9.372499900000001,0.8702923059463501,-0.5656301379203796,9.765350341796875,0,-0.152587890625,-0.244140625
9.3774999,0.871489405632019,-0.5680243372917175,9.773730278015137,0.030517578125,-0.06103515625,-0.274658203125
9.382499900000001,0.8696937561035156,-0.5668272376060486,9.77672290802002,0.06103515625,0.091552734375,-0.1220703125
9.3874999,0.8702923059463501,-0.5650315880775452,9.782708168029785,0.091552734375,-0.1220703125,-0.152587890625
9.3924999,0.8702923059463501,-0.5638344883918762,9.786299705505371,0.06103515625,-0.030517578125,-0.18310546875
9.3974999,0.8696937561035156,-0.5578489899635315,9.780313491821289,0.091552734375,-0.091552734375,-0.18310546875
9.4024999,0.8702923059463501,-0.5590460896492004,9.773131370544434,0.06103515625,0.18310546875,-0.18310546875
9.4074999,0.8702923059463501,-0.5620388388633728,9.773730278015137,0,0.1220703125,-0.274658203125
9.4124999,0.8672995567321777,-0.5644330382347107,9.774927139282227,0.030517578125,0.06103515625,-0.18310546875
9.417499900000001,0.8684966564178467,-0.5662286877632141,9.777320861816406,0.1220703125,0.091552734375,-0.30517578125
9.4224999,0.8667010068893433,-0.5668272376060486,9.773730278015137,0.1220703125,-0.030517578125,-0.18310546875
9.4274999,0.872686505317688,-0.5632359385490417,9.779715538024902,0.06103515625,0.091552734375,-0.030517578125
9.4324999,0.8720879554748535,-0.5602431893348694,9.77672290802002,0,0.030517578125,-0.396728515625
9.4374999,0.8768763542175293,-0.5590460896492004,9.782708168029785,-0.152587890625,0,-0.30517578125
9.4424999,0.8762778043746948,-0.5608417391777039,9.785101890563965,-0.030517578125,0.152587890625,-0.091552734375
9.4474999,0.8744821548461914,-0.5662286877632141,9.783905029296875,0.091552734375,-0.06103515625,-0.18310546875
9.452499900000001,0.8762778043746948,-0.5710170865058899,9.785700798034668,0.18310546875,0,-0.335693359375
9.4574999,0.8667010068893433,-0.5590460896492004,9.77253246307373,-0.06103515625,0,-0.3662109375
9.462499900000001,0.8643068075180054,-0.5560533404350281,9.771934509277344,-0.030517578125,-0.091552734375,-0.213623046875
9.4674999,0.8631097078323364,-0.5566518902778625,9.77133560180664,0,0.091552734375,-0.244140625
9.4724999,0.862511157989502,-0.558447539806366,9.769539833068848,0.030517578125,0.091552734375,-0.30517578125
9.4774999,0.8672995567321777,-0.5626373887062073,9.775525093078613,-0.06103515625,0.1220703125,-0.396728515625
9.4824999,0.8690952062606812,-0.5638344883918762,9.77253246307373,-0.030517578125,0.06103515625,-0.30517578125
9.4874999,0.8732850551605225,-0.5656301379203796,9.774927139282227,-0.06103515625,0,-0.3662109375
9.4924999,0.8750807046890259,-0.5614402890205383,9.773730278015137,0.091552734375,0,-0.213623046875
9.497499900000001,0.872686505317688,-0.5578489899635315,9.77133560180664,0.06103515625,0,-0.244140625
9.5024999,0.871489405632019,-0.5578489899635315,9.773131370544434,-0.06103515625,0.091552734375,-0.30517578125
9.507499900000001,0.8678981065750122,-0.5596446394920349,9.77133560180664,-0.091552734375,-0.06103515625,-0.274658203125
9.5124999,0.8643068075180054,-0.5722141861915588,9.77013874053955,0.030517578125,0.091552734375,-0.30517578125
9.5174999,0.8637082576751709,-0.568622887134552,9.777320861816406,0.091552734375,0.030517578125,-0.152587890625
9.5224999,0.8655039072036743,-0.5722141861915588,9.7791166305542,0.030517578125,0.1220703125,-0.396728515625
9.5274999,0.8655039072036743,-0.5722141861915588,9.7791166305542,0.030517578125,0.1220703125,-0.396728515625
9.5324999,0.8655039072036743,-0.5728127360343933,9.77791976928711,-0.1220703125,0.213623046875,-0.42724609375
9.5374999,0.871489405632019,-0.5776011347770691,9.7791166305542,-0.030517578125,0,-0.274658203125
9.542499900000001,0.8702923059463501,-0.5746083855628967,9.77013874053955,0.030517578125,-0.1220703125,-0.244140625
9.5474999,0.8720879554748535,-0.5734112858772278,9.773730278015137,-0.030517578125,-0.030517578125,-0.244140625
9.5524999,0.8690952062606812,-0.5668272376060486,9.771934509277344,0.091552734375,0.18310546875,-0.152587890625
9.5574999,0.871489405632019,-0.5632359385490417,9.77791976928711,0.152587890625,0.091552734375,-0.1220703125
9.5624999,0.8732850551605225,-0.5656301379203796,9.77013874053955,0.1220703125,0.030517578125,-0.152587890625
9.5674999,0.8732850551605225,-0.5656301379203796,9.77013874053955,0.1220703125,0.030517578125,-0.152587890625
9.5724999,0.8774749040603638,-0.5644330382347107,9.768342971801758,0.091552734375,-0.06103515625,-0.1220703125
9.577499900000001,0.8774749040603638,-0.5656301379203796,9.762955665588379,-0.06103515625,0.091552734375,-0.244140625
9.5824999,0.8738836050033569,-0.5632359385490417,9.762955665588379,0.030517578125,0.18310546875,-0.274658203125
9.587499900000001,0.8738836050033569,-0.5632359385490417,9.764751434326172,-0.091552734375,0.18310546875,-0.244140625
9.5924999,0.8655039072036743,-0.5614402890205383,9.762955665588379,0.06103515625,0,-0.244140625
9.5974999,0.8672995567321777,-0.5602431893348694,9.768941879272461,0.06103515625,0.06103515625,-0.274658203125
9.6024999,0.8655039072036743,-0.5614402890205383,9.768342971801758,0.091552734375,0.091552734375,-0.335693359375
9.6074999,0.8672995567321777,-0.5614402890205383,9.775525093078613,-0.030517578125,0.091552734375,-0.244140625
9.6124999,0.8690952062606812,-0.5716156363487244,9.782708168029785,-0.06103515625,-0.091552734375,-0.30517578125
9.6174999,0.8690952062606812,-0.5716156363487244,9.782708168029785,-0.06103515625,-0.091552734375,-0.30517578125
9.622499900000001,0.8690952062606812,-0.568622887134552,9.777320861816406,0,-0.091552734375,-0.274658203125
9.6274999,0.8756792545318604,-0.5650315880775452,9.782109260559082,0,0.06103515625,-0.213623046875
9.632499900000001,0.8768763542175293,-0.5590460896492004,9.774328231811523,0,0.06103515625,-0.091552734375
9.6374999,0.8762778043746948,-0.5554547905921936,9.7791166305542,0.030517578125,-0.030517578125,-0.244140625
9.6424999,0.8744821548461914,-0.5590460896492004,9.773730278015137,0.1220703125,0.1220703125,-0.244140625
9.6474999,0.8696937561035156,-0.5644330382347107,9.77013874053955,0,0.030517578125,-0.244140625
9.6524999,0.8684966564178467,-0.5734112858772278,9.77133560180664,0.091552734375,0.152587890625,-0.274658203125
9.6574999,0.8649053573608398,-0.5728127360343933,9.768941879272461,0.06103515625,0.091552734375,-0.244140625
9.6624999,0.8655039072036743,-0.5692214369773865,9.775525093078613,-0.06103515625,0.030517578125,-0.3662109375
9.667499900000001,0.8667010068893433,-0.5620388388633728,9.774927139282227,0,0,-0.152587890625
9.6724999,0.8774749040603638,-0.5650315880775452,9.775525093078613,0.091552734375,0.030517578125,-0.213623046875
9.6774999,0.8834604024887085,-0.568622887134552,9.780313491821289,0.06103515625,-0.030517578125,-0.18310546875
9.6824999,0.8750807046890259,-0.5680243372917175,9.771934509277344,-0.06103515625,0.06103515625,-0.274658203125
9.6874999,0.8678981065750122,-0.5710170865058899,9.770736694335938,-0.06103515625,-0.030517578125,-0.213623046875
9.6924999,0.8661024570465088,-0.5716156363487244,9.77133560180664,0.1220703125,0.030517578125,-0.213623046875
9.6974999,0.8631097078323364,-0.569819986820221,9.771934509277344,0.06103515625,-0.030517578125,-0.274658203125
9.702499900000001,0.8696937561035156,-0.5674257874488831,9.773131370544434,-0.091552734375,0.091552734375,-0.244140625
9.7074999,0.871489405632019,-0.5662286877632141,9.77253246307373,-0.030517578125,0.030517578125,-0.152587890625
9.712499900000001,0.8780734539031982,-0.5662286877632141,9.774927139282227,-0.030517578125,0,-0.152587890625
9.7174999,0.8798691034317017,-0.5650315880775452,9.773131370544434,0.06103515625,-0.030517578125,-0.30517578125
9.7224999,0.882861852645874,-0.5620388388633728,9.773730278015137,0.091552734375,0.274658203125,-0.335693359375
9.7274999,0.8786720037460327,-0.5614402890205383,9.770736694335938,0.030517578125,0.091552734375,-0.244140625
9.7324999,0.8798691034317017,-0.5638344883918762,9.773730278015137,-0.091552734375,0.030517578125,-0.18310546875
9.7374999,0.8768763542175293,-0.5650315880775452,9.77013874053955,-0.06103515625,-0.030517578125,-0.213623046875
9.7424999,0.8774749040603638,-0.5656301379203796,9.774927139282227,0.06103515625,-0.030517578125,-0.1220703125
9.747499900000001,0.8756792545318604,-0.5638344883918762,9.777320861816406,0.091552734375,0.152587890625,-0.213623046875
9.7524999,0.872686505317688,-0.5590460896492004,9.7791166305542,0,0.091552734375,-0.30517578125
9.757499900000001,0.8738836050033569,-0.5590460896492004,9.779715538024902,0.06103515625,0.091552734375,-0.18310546875
9.7624999,0.8643068075180054,-0.568622887134552,9.762955665588379,0.152587890625,0.06103515625,-0.244140625
9.7674999,0.861314058303833,-0.5680243372917175,9.762955665588379,0.152587890625,-0.1220703125,-0.244140625
9.7724999,0.8643068075180054,-0.5674257874488831,9.768941879272461,-0.030517578125,0.06103515625,-0.18310546875
9.7774999,0.8649053573608398,-0.5656301379203796,9.767744064331055,-0.091552734375,0,-0.244140625
9.7824999,0.872686505317688,-0.5644330382347107,9.774328231811523,-0.06103515625,0.030517578125,-0.30517578125
9.7874999,0.8756792545318604,-0.5632359385490417,9.773730278015137,-0.091552734375,0.030517578125,-0.274658203125
9.792499900000001,0.8810662031173706,-0.5638344883918762,9.781511306762695,0,0,-0.091552734375
9.7974999,0.8834604024887085,-0.5680243372917175,9.780313491821289,0.030517578125,-0.06103515625,-0.18310546875
9.8024999,0.8834604024887085,-0.5704185366630554,9.782708168029785,0,0,-0.1220703125
9.8074999,0.8858546018600464,-0.5722141861915588,9.784503936767578,0,0.152587890625,-0.091552734375
9.8124999,0.8834604024887085,-0.569819986820221,9.7791166305542,0.030517578125,0,-0.30517578125
9.8174999,0.882861852645874,-0.5674257874488831,9.783307075500488,0.06103515625,-0.06103515625,-0.274658203125
9.8224999,0.8744821548461914,-0.5638344883918762,9.782708168029785,0.030517578125,-0.1220703125,-0.1220703125
9.827499900000001,0.872686505317688,-0.5626373887062073,9.783307075500488,0.030517578125,0.1220703125,-0.1220703125
9.8324999,0.8690952062606812,-0.5608417391777039,9.782109260559082,0.091552734375,-0.030517578125,-0.091552734375
9.837499900000001,0.8744821548461914,-0.5596446394920349,9.782708168029785,-0.091552734375,0.030517578125,-0.213623046875
9.8424999,0.8786720037460327,-0.5578489899635315,9.77133560180664,0,0,-0.152587890625
9.8474999,0.8792705535888672,-0.558447539806366,9.773131370544434,-0.06103515625,0.091552734375,-0.244140625
9.8524999,0.8774749040603638,-0.5626373887062073,9.780313491821289,0,0.030517578125,-0.274658203125
9.8574999,0.8810662031173706,-0.568622887134552,9.786897659301758,0.06103515625,0.18310546875,-0.274658203125
9.8624999,0.8768763542175293,-0.5710170865058899,9.788095474243164,0.06103515625,0.152587890625,-0.274658203125
9.8674999,0.8690952062606812,-0.5602431893348694,9.778518676757812,-0.091552734375,0.091552734375,-0.244140625
9.872499900000001,0.8661024570465088,-0.5548562407493591,9.773131370544434,-0.06103515625,0.152587890625,-0.30517578125
9.8774999,0.8583213090896606,-0.5566518902778625,9.768342971801758,0.1220703125,0.152587890625,-0.244140625
9.882499900000001,0.8601169586181641,-0.5602431893348694,9.77133560180664,0.091552734375,0,-0.152587890625
9.8874999,0.8601169586181641,-0.5650315880775452,9.77013874053955,0.030517578125,-0.091552734375,-0.213623046875
9.8924999,0.8655039072036743,-0.5692214369773865,9.77133560180664,-0.030517578125,0.091552734375,-0.30517578125
9.8974999,0.8720879554748535,-0.568622887134552,9.768342971801758,-0.030517578125,0.091552734375,-0.274658203125
9.9024999,0.8792705535888672,-0.5668272376060486,9.766547203063965,0,0.06103515625,-0.335693359375
9.9074999,0.8852560520172119,-0.5656301379203796,9.767744064331055,-0.030517578125,0.1220703125,-0.244140625
9.9124999,0.889445960521698,-0.5590460896492004,9.765948295593262,0.091552734375,-0.152587890625,-0.152587890625
9.917499900000001,0.8900445103645325,-0.558447539806366,9.771934509277344,0.091552734375,0.152587890625,-0.213623046875
9.9224999,0.8804676532745361,-0.5542576909065247,9.773730278015137,-0.1220703125,0.1220703125,-0.244140625
9.9274999,0.8732850551605225,-0.5578489899635315,9.769539833068848,0.030517578125,0.152587890625,-0.274658203125
9.9324999,0.8708908557891846,-0.5608417391777039,9.773730278015137,0.06103515625,0,-0.152587890625
9.9374999,0.871489405632019,-0.5620388388633728,9.774328231811523,0.06103515625,0.152587890625,-0.152587890625
9.9424999,0.8690952062606812,-0.5602431893348694,9.771934509277344,0,-0.091552734375,-0.213623046875
9.9474999,0.8738836050033569,-0.5590460896492004,9.7791166305542,0.06103515625,0.1220703125,-0.30517578125
9.952499900000001,0.8696937561035156,-0.5560533404350281,9.775525093078613,0.091552734375,-0.030517578125,-0.18310546875
9.9574999,0.871489405632019,-0.5566518902778625,9.782109260559082,0.1220703125,-0.030517578125,-0.213623046875
9.962499900000001,0.8696937561035156,-0.5596446394920349,9.780912399291992,0.1220703125,0,-0.30517578125
9.9674999,0.8667010068893433,-0.5596446394920349,9.780912399291992,0.1220703125,0,-0.30517578125
9.9724999,0.8655039072036743,-0.5644330382347107,9.782109260559082,0.06103515625,0.091552734375,-0.152587890625
9.9774999,0.8607155084609985,-0.5650315880775452,9.77672290802002,-0.06103515625,-0.091552734375,-0.152587890625
9.9824999,0.8678981065750122,-0.557250440120697,9.775525093078613,0.091552734375,-0.030517578125,-0.30517578125
9.9874999,0.8696937561035156,-0.5596446394920349,9.7791166305542,-0.030517578125,0.152587890625,-0.244140625
9.9924999,0.8631097078323364,-0.5614402890205383,9.773730278015137,-0.06103515625,0.06103515625,-0.335693359375
9.997499900000001,0.8589198589324951,-0.5656301379203796,9.778518676757812,0.030517578125,0.030517578125,-0.244140625
10.0024999,0.8541314601898193,-0.5704185366630554,9.775525093078613,0.091552734375,0.06103515625,-0.213623046875
10.007499900000001,0.8529343605041504,-0.5728127360343933,9.775525093078613,-0.030517578125,-0.091552734375,-0.213623046875
10.0124999,0.8559271097183228,-0.5758054852485657,9.777320861816406,-0.030517578125,0,-0.3662109375
10.0174999,0.8589198589324951,-0.569819986820221,9.770736694335938,-0.030517578125,-0.1220703125,-0.274658203125
10.0224999,0.8690952062606812,-0.5632359385490417,9.773131370544434,0,-0.030517578125,-0.244140625
10.0274999,0.872686505317688,-0.5578489899635315,9.766547203063965,0,-0.030517578125,-0.244140625
10.0324999,0.884058952331543,-0.5524620413780212,9.767744064331055,0,0.030517578125,-0.213623046875
10.0374999,0.8882488012313843,-0.5536591410636902,9.767744064331055,0,0.1220703125,-0.244140625
10.042499900000001,0.8912416100502014,-0.5548562407493591,9.768342971801758,-0.030517578125,0,-0.274658203125
10.0474999,0.8942343592643738,-0.5578489899635315,9.776124000549316,0.1220703125,0,-0.18310546875
10.0524999,0.8858546018600464,-0.5614402890205383,9.773131370544434,0.152587890625,0.06103515625,-0.274658203125
10.0574999,0.8858546018600464,-0.5668272376060486,9.778518676757812,0.1220703125,0.030517578125,-0.274658203125
10.0624999,0.8774749040603638,-0.5716156363487244,9.771934509277344,0.06103515625,0.030517578125,-0.274658203125
10.0674999,0.8762778043746948,-0.5746083855628967,9.77133560180664,-0.091552734375,0,-0.244140625
10.0724999,0.8708908557891846,-0.5770025849342346,9.77013874053955,0,0.152587890625,-0.30517578125
10.077499900000001,0.862511157989502,-0.5758054852485657,9.770736694335938,-0.06103515625,0.091552734375,-0.274658203125
10.0824999,0.8583213090896606,-0.5710170865058899,9.764153480529785,0.030517578125,-0.030517578125,-0.244140625
10.087499900000001,0.8595184087753296,-0.5692214369773865,9.764153480529785,-0.091552734375,0,-0.274658203125
10.0924999,0.8601169586181641,-0.5656301379203796,9.757569313049316,0.030517578125,-0.030517578125,-0.18310546875
10.0974999,0.8655039072036743,-0.5638344883918762,9.75936508178711,0.06103515625,0.06103515625,-0.18310546875
10.1024999,0.8678981065750122,-0.5644330382347107,9.764751434326172,0,0.152587890625,-0.213623046875
10.1074999,0.8708908557891846,-0.5614402890205383,9.77013874053955,0.030517578125,0.030517578125,-0.244140625
10.1124999,0.8756792545318604,-0.5602431893348694,9.778518676757812,0.091552734375,0.152587890625,-0.274658203125
10.1174999,0.872686505317688,-0.557250440120697,9.7791166305542,-0.06103515625,-0.030517578125,-0.244140625
10.122499900000001,0.8744821548461914,-0.557250440120697,9.783905029296875,0.030517578125,-0.091552734375,-0.18310546875
10.1274999,0.8708908557891846,-0.5554547905921936,9.779715538024902,0,0,-0.244140625
10.132499900000001,0.8696937561035156,-0.5560533404350281,9.776124000549316,0.030517578125,0.06103515625,-0.213623046875
10.1374999,0.872686505317688,-0.557250440120697,9.773131370544434,0.030517578125,-0.152587890625,-0.18310546875
10.1424999,0.8768763542175293,-0.557250440120697,9.7791166305542,0,-0.06103515625,-0.335693359375
10.1474999,0.8768763542175293,-0.557250440120697,9.7791166305542,0,-0.06103515625,-0.335693359375
10.1524999,0.8762778043746948,-0.5602431893348694,9.77672290802002,0,-0.030517578125,-0.244140625
10.1574999,0.8786720037460327,-0.5614402890205383,9.782109260559082,0.1220703125,-0.030517578125,-0.1220703125
10.1624999,0.8792705535888672,-0.5680243372917175,9.785700798034668,-0.030517578125,0.152587890625,-0.274658203125
10.167499900000001,0.8792705535888672,-0.5680243372917175,9.785700798034668,-0.030517578125,0.152587890625,-0.274658203125
10.1724999,0.872686505317688,-0.5692214369773865,9.780912399291992,-0.030517578125,-0.030517578125,-0.244140625
10.1774999,0.8750807046890259,-0.5674257874488831,9.786897659301758,0.06103515625,0,-0.18310546875
10.1824999,0.8696937561035156,-0.557250440120697,9.780313491821289,-0.06103515625,0.06103515625,-0.30517578125
10.1874999,0.8702923059463501,-0.5542576909065247,9.775525093078613,-0.030517578125,0.030517578125,-0.244140625
10.1924999,0.8667010068893433,-0.5536591410636902,9.768342971801758,0.030517578125,-0.06103515625,-0.274658203125
10.1974999,0.8690952062606812,-0.5560533404350281,9.767744064331055,-0.030517578125,0.1220703125,-0.396728515625
10.202499900000001,0.8637082576751709,-0.5602431893348694,9.75936508178711,-0.091552734375,-0.030517578125,-0.274658203125
10.2074999,0.8678981065750122,-0.5638344883918762,9.763554573059082,0.030517578125,0,-0.1220703125
10.212499900000001,0.8696937561035156,-0.5668272376060486,9.765350341796875,-0.06103515625,0.1220703125,-0.213623046875
10.2174999,0.8732850551605225,-0.5692214369773865,9.769539833068848,0.06103515625,0,-0.18310546875
10.2224999,0.8774749040603638,-0.5692214369773865,9.774927139282227,0.030517578125,0.091552734375,-0.274658203125
10.2274999,0.8744821548461914,-0.5710170865058899,9.773131370544434,-0.030517578125,0.06103515625,-0.3662109375
10.2324999,0.8744821548461914,-0.5716156363487244,9.777320861816406,0,0.06103515625,-0.213623046875
10.2374999,0.8678981065750122,-0.569819986820221,9.771934509277344,-0.030517578125,0.030517578125,-0.244140625
10.2424999,0.8595184087753296,-0.558447539806366,9.782109260559082,-0.091552734375,-0.030517578125,-0.213623046875
10.247499900000001,0.8595184087753296,-0.558447539806366,9.782109260559082,-0.091552734375,-0.030517578125,-0.213623046875
10.2524999,0.8643068075180054,-0.5608417391777039,9.79288387298584,0,0.1220703125,-0.30517578125
10.257499900000001,0.8637082576751709,-0.5650315880775452,9.789292335510254,-0.06103515625,0.06103515625,-0.335693359375
10.2624999,0.8690952062606812,-0.569819986820221,9.795876502990723,0.06103515625,0,-0.244140625
10.2674999,0.8744821548461914,-0.5728127360343933,9.794678688049316,0.06103515625,0.030517578125,-0.335693359375
10.2724999,0.8786720037460327,-0.569819986820221,9.795876502990723,0.030517578125,-0.06103515625,-0.274658203125
10.2774999,0.8852560520172119,-0.5662286877632141,9.797073364257812,0,0.06103515625,-0.244140625
10.2824999,0.8864531517028809,-0.5596446394920349,9.790489196777344,0.06103515625,0.06103515625,-0.152587890625
10.2874999,0.889445960521698,-0.5590460896492004,9.785700798034668,0.091552734375,0.06103515625,-0.244140625
10.292499900000001,0.8804676532745361,-0.5734112858772278,9.768342971801758,0.244140625,-0.06103515625,-0.18310546875
10.2974999,0.8750807046890259,-0.5770025849342346,9.764153480529785,0.213623046875,0.1220703125,-0.18310546875
10.3024999,0.8696937561035156,-0.5716156363487244,9.764153480529785,-0.030517578125,0,-0.244140625
10.3074999,0.8696937561035156,-0.5638344883918762,9.77013874053955,-0.18310546875,0.18310546875,-0.274658203125
10.3124999,0.8661024570465088,-0.557250440120697,9.77013874053955,-0.06103515625,0.030517578125,-0.1220703125
10.3174999,0.8696937561035156,-0.5578489899635315,9.777320861816406,0.030517578125,-0.06103515625,-0.030517578125
10.3224999,0.8720879554748535,-0.5674257874488831,9.780313491821289,0,0.091552734375,-0.335693359375
10.327499900000001,0.8708908557891846,-0.5668272376060486,9.780912399291992,0.091552734375,-0.06103515625,-0.274658203125
10.3324999,0.8756792545318604,-0.5692214369773865,9.782708168029785,0.1220703125,0.091552734375,-0.213623046875
10.337499900000001,0.8738836050033569,-0.5668272376060486,9.774927139282227,0.1220703125,-0.091552734375,-0.244140625
10.3424999,0.8798691034317017,-0.5668272376060486,9.768941879272461,0,-0.06103515625,-0.213623046875
10.3474999,0.8798691034317017,-0.5644330382347107,9.771934509277344,0.091552734375,0.030517578125,-0.274658203125
10.3524999,0.8756792545318604,-0.5620388388633728,9.77133560180664,0.06103515625,0.1220703125,-0.244140625
10.3574999,0.8672995567321777,-0.5608417391777039,9.773131370544434,0.06103515625,-0.030517578125,-0.213623046875
10.3624999,0.8637082576751709,-0.5608417391777039,9.7791166305542,-0.152587890625,0.030517578125,-0.396728515625
10.3674999,0.8565256595611572,-0.5608417391777039,9.77672290802002,0.030517578125,-0.030517578125,-0.30517578125
10.372499900000001,0.8565256595611572,-0.5602431893348694,9.781511306762695,0.152587890625,-0.030517578125,-0.244140625
10.3774999,0.8571242094039917,-0.5608417391777039,9.775525093078613,0.030517578125,0.1220703125,-0.213623046875
10.382499900000001,0.8607155084609985,-0.558447539806366,9.773730278015137,-0.030517578125,-0.091552734375,-0.18310546875
10.3874999,0.8690952062606812,-0.557250440120697,9.773131370544434,0,-0.06103515625,-0.274658203125
10.3924999,0.8720879554748535,-0.5560533404350281,9.77013874053955,0.06103515625,-0.1220703125,-0.274658203125
10.3974999,0.8792705535888672,-0.5560533404350281,9.7791166305542,0.030517578125,0.1220703125,-0.244140625
10.4024999,0.8792705535888672,-0.5596446394920349,9.77013874053955,0,0.06103515625,-0.274658203125
10.4074999,0.8876502513885498,-0.5560533404350281,9.77133560180664,-0.030517578125,0.1220703125,-0.274658203125
10.4124999,0.8858546018600464,-0.5542576909065247,9.761159896850586,0,0,-0.18310546875
10.417499900000001,0.8822633028030396,-0.5560533404350281,9.7605619430542,0.030517578125,0.152587890625,-0.244140625
10.4224999,0.872686505317688,-0.558447539806366,9.754576683044434,0.030517578125,0.152587890625,-0.3662109375
10.4274999,0.8649053573608398,-0.5632359385490417,9.75517463684082,-0.030517578125,-0.091552734375,-0.274658203125
10.4324999,0.8601169586181641,-0.5632359385490417,9.7605619430542,-0.06103515625,-0.030517578125,-0.274658203125
10.4374999,0.8559271097183228,-0.5638344883918762,9.762357711791992,0.030517578125,-0.091552734375,-0.244140625
10.4424999,0.8786720037460327,-0.5626373887062073,9.773730278015137,0.030517578125,0.091552734375,-0.152587890625
10.4474999,0.8822633028030396,-0.5614402890205383,9.780313491821289,0,0.274658203125,-0.152587890625
10.452499900000001,0.8798691034317017,-0.5614402890205383,9.776124000549316,-0.1220703125,0.18310546875,-0.244140625
10.4574999,0.8804676532745361,-0.5608417391777039,9.779715538024902,0,0.091552734375,-0.30517578125
10.462499900000001,0.8786720037460327,-0.5656301379203796,9.77672290802002,-0.030517578125,0.091552734375,-0.274658203125
10.4674999,0.8744821548461914,-0.5692214369773865,9.774328231811523,-0.091552734375,0.030517578125,-0.274658203125
10.4724999,0.871489405632019,-0.5626373887062073,9.77013874053955,0.091552734375,0.06103515625,-0.244140625
10.4774999,0.8738836050033569,-0.5632359385490417,9.776124000549316,0.06103515625,-0.06103515625,0
10.4824999,0.8762778043746948,-0.5674257874488831,9.773730278015137,-0.06103515625,0,-0.274658203125
10.4874999,0.8780734539031982,-0.5674257874488831,9.776124000549316,0,-0.06103515625,-0.091552734375
10.4924999,0.8750807046890259,-0.5662286877632141,9.771934509277344,-0.030517578125,-0.030517578125,-0.213623046875
10.497499900000001,0.8720879554748535,-0.5644330382347107,9.780313491821289,-0.030517578125,0.244140625,-0.335693359375
10.5024999,0.8649053573608398,-0.5614402890205383,9.777320861816406,-0.091552734375,0.274658203125,-0.213623046875
10.507499900000001,0.8607155084609985,-0.5632359385490417,9.785101890563965,-0.06103515625,0.152587890625,-0.213623046875
10.5124999,0.8595184087753296,-0.5656301379203796,9.782109260559082,0.091552734375,0.244140625,-0.244140625
10.5174999,0.8643068075180054,-0.5728127360343933,9.779715538024902,-0.06103515625,0.1220703125,-0.213623046875
10.5224999,0.8631097078323364,-0.5716156363487244,9.773131370544434,0.030517578125,0.030517578125,-0.152587890625
10.5274999,0.8672995567321777,-0.568622887134552,9.774927139282227,0,0,-0.274658203125
10.5324999,0.8661024570465088,-0.5626373887062073,9.773730278015137,0.030517578125,0.091552734375,-0.152587890625
10.5374999,0.8684966564178467,-0.558447539806366,9.775525093078613,-0.06103515625,-0.06103515625,-0.18310546875
10.542499900000001,0.8672995567321777,-0.5566518902778625,9.777320861816406,-0.030517578125,-0.030517578125,-0.213623046875
10.5474999,0.8643068075180054,-0.5554547905921936,9.773730278015137,-0.030517578125,-0.1220703125,-0.213623046875
10.5524999,0.8649053573608398,-0.5578489899635315,9.774328231811523,-0.06103515625,0.030517578125,-0.3662109375
10.5574999,0.8607155084609985,-0.5566518902778625,9.765350341796875,0.091552734375,0,-0.18310546875
10.5624999,0.8678981065750122,-0.5566518902778625,9.764751434326172,0.030517578125,0.091552734375,-0.18310546875
10.5674999,0.8696937561035156,-0.5560533404350281,9.77013874053955,-0.06103515625,0.06103515625,-0.18310546875
10.5724999,0.8732850551605225,-0.5722141861915588,9.782708168029785,0.030517578125,0.1220703125,-0.244140625
10.577499900000001,0.872686505317688,-0.5746083855628967,9.786897659301758,0.06103515625,0.152587890625,-0.213623046875
10.5824999,0.8708908557891846,-0.5716156363487244,9.782708168029785,0.06103515625,0,-0.18310546875
10.587499900000001,0.8667010068893433,-0.5662286877632141,9.783307075500488,0.1220703125,-0.06103515625,-0.18310546875
10.5924999,0.8672995567321777,-0.5614402890205383,9.785101890563965,0.152587890625,-0.1220703125,-0.1220703125
10.5974999,0.8661024570465088,-0.5590460896492004,9.785101890563965,0.06103515625,-0.030517578125,-0.244140625
10.6024999,0.8690952062606812,-0.558447539806366,9.791686058044434,-0.152587890625,0.1220703125,-0.30517578125
10.6074999,0.8678981065750122,-0.558447539806366,9.785700798034668,-0.030517578125,-0.06103515625,-0.213623046875
10.6124999,0.871489405632019,-0.5614402890205383,9.792284965515137,0.030517578125,0.06103515625,-0.274658203125
10.6174999,0.871489405632019,-0.5602431893348694,9.788095474243164,0.06103515625,0.152587890625,-0.244140625
10.622499900000001,0.8780734539031982,-0.5620388388633728,9.789292335510254,0,0.030517578125,-0.152587890625
10.6274999,0.8762778043746948,-0.5614402890205383,9.784503936767578,0,-0.1220703125,-0.152587890625
10.632499900000001,0.8804676532745361,-0.5590460896492004,9.786897659301758,-0.06103515625,0.06103515625,-0.213623046875
10.6374999,0.8798691034317017,-0.5578489899635315,9.781511306762695,0,0.030517578125,-0.152587890625
10.6424999,0.8816647529602051,-0.558447539806366,9.785101890563965,-0.06103515625,0.091552734375,-0.213623046875
10.6474999,0.8822633028030396,-0.5596446394920349,9.784503936767578,0,0.152587890625,-0.18310546875
10.6524999,0.8786720037460327,-0.5638344883918762,9.783307075500488,0.030517578125,0.152587890625,-0.213623046875
10.6574999,0.8762778043746948,-0.5638344883918762,9.781511306762695,-0.030517578125,0.152587890625,-0.274658203125
10.6624999,0.8684966564178467,-0.5626373887062073,9.77791976928711,0.06103515625,-0.091552734375,-0.30517578125
10.667499900000001,0.8708908557891846,-0.5578489899635315,9.778518676757812,0,0,-0.335693359375
10.6724999,0.8672995567321777,-0.5524620413780212,9.774927139282227,-0.030517578125,-0.06103515625,-0.213623046875
10.6774999,0.8732850551605225,-0.5500678420066833,9.779715538024902,0.06103515625,-0.06103515625,-0.152587890625
10.6824999,0.8780734539031982,-0.5512649416923523,9.782109260559082,-0.030517578125,0.1220703125,-0.213623046875
10.6874999,0.8816647529602051,-0.5554547905921936,9.784503936767578,-0.06103515625,0.152587890625,-0.213623046875
10.6924999,0.8774749040603638,-0.5602431893348694,9.783905029296875,0.06103515625,-0.030517578125,-0.244140625
10.6974999,0.8768763542175293,-0.5668272376060486,9.788095474243164,0.06103515625,0.06103515625,-0.152587890625
10.702499900000001,0.8690952062606812,-0.5704185366630554,9.783905029296875,0.030517578125,0.152587890625,-0.274658203125
10.7074999,0.8655039072036743,-0.5722141861915588,9.786299705505371,0.091552734375,0.06103515625,-0.213623046875
10.712499900000001,0.8631097078323364,-0.5710170865058899,9.785101890563965,0.030517578125,0.152587890625,-0.152587890625
10.7174999,0.861314058303833,-0.5644330382347107,9.780313491821289,0,0.030517578125,-0.244140625
10.7224999,0.8649053573608398,-0.5614402890205383,9.782708168029785,-0.030517578125,0.030517578125,-0.213623046875
10.7274999,0.8619126081466675,-0.5578489899635315,9.774927139282227,0.030517578125,-0.1220703125,-0.1220703125
10.7324999,0.8631097078323364,-0.5566518902778625,9.777320861816406,0.06103515625,-0.06103515625,-0.30517578125
10.7374999,0.861314058303833,-0.5590460896492004,9.773131370544434,-0.06103515625,0.06103515625,-0.213623046875
10.7424999,0.8643068075180054,-0.5602431893348694,9.774328231811523,-0.06103515625,-0.030517578125,-0.213623046875
10.747499900000001,0.8702923059463501,-0.5614402890205383,9.77672290802002,-0.152587890625,0.06103515625,-0.335693359375
10.7524999,0.8732850551605225,-0.5626373887062073,9.776124000549316,-0.06103515625,0.06103515625,-0.274658203125
10.757499900000001,0.8798691034317017,-0.5626373887062073,9.7791166305542,0,0.1220703125,-0.213623046875
10.7624999,0.8744821548461914,-0.5608417391777039,9.776124000549316,0.06103515625,0.091552734375,-0.213623046875
10.7674999,0.8756792545318604,-0.5596446394920349,9.7791166305542,-0.030517578125,0.213623046875,-0.274658203125
10.7724999,0.8690952062606812,-0.5596446394920349,9.773730278015137,-0.06103515625,0.06103515625,-0.244140625
10.7774999,0.8667010068893433,-0.5608417391777039,9.77672290802002,0.06103515625,0.030517578125,-0.213623046875
10.7824999,0.8649053573608398,-0.5638344883918762,9.77672290802002,0.091552734375,0.18310546875,-0.213623046875
10.7874999,0.8637082576751709,-0.5650315880775452,9.774328231811523,-0.030517578125,0.1220703125,-0.335693359375
10.792499900000001,0.8672995567321777,-0.5668272376060486,9.777320861816406,0,0.06103515625,-0.335693359375
10.7974999,0.8667010068893433,-0.5650315880775452,9.774328231811523,0.1220703125,-0.06103515625,-0.18310546875
10.8024999,0.8738836050033569,-0.5608417391777039,9.776124000549316,-0.1220703125,-0.030517578125,-0.213623046875
10.8074999,0.8762778043746948,-0.5596446394920349,9.777320861816406,0.091552734375,-0.030517578125,-0.244140625
10.8124999,0.8762778043746948,-0.557250440120697,9.775525093078613,0.030517578125,0,-0.213623046875
10.8174999,0.872686505317688,-0.558447539806366,9.769539833068848,0,0,-0.30517578125
10.8224999,0.8768763542175293,-0.558447539806366,9.771934509277344,0.1220703125,0,-0.30517578125
10.827499900000001,0.8774749040603638,-0.5632359385490417,9.764751434326172,0.06103515625,-0.030517578125,-0.18310546875
10.8324999,0.8846575021743774,-0.5662286877632141,9.768342971801758,0.030517578125,0.030517578125,-0.152587890625
10.837499900000001,0.8876502513885498,-0.5656301379203796,9.765948295593262,0.030517578125,0.1220703125,-0.274658203125
10.8424999,0.8876502513885498,-0.5650315880775452,9.770736694335938,0.091552734375,0.030517578125,-0.18310546875
10.8474999,0.8882488012313843,-0.5596446394920349,9.778518676757812,0,0.06103515625,-0.244140625
10.8524999,0.8834604024887085,-0.5590460896492004,9.780912399291992,-0.06103515625,0,-0.244140625
10.8574999,0.882861852645874,-0.5608417391777039,9.787496566772461,-0.030517578125,0.18310546875,-0.274658203125
10.8624999,0.872686505317688,-0.5722141861915588,9.773730278015137,0.1220703125,-0.091552734375,-0.244140625
10.8674999,0.8690952062606812,-0.568622887134552,9.77672290802002,0.1220703125,0,-0.244140625
10.872499900000001,0.8696937561035156,-0.5644330382347107,9.779715538024902,-0.152587890625,0.030517578125,-0.213623046875
10.8774999,0.8637082576751709,-0.5620388388633728,9.785700798034668,-0.030517578125,-0.091552734375,-0.244140625
10.882499900000001,0.8607155084609985,-0.568622887134552,9.788095474243164,0.030517578125,0.030517578125,-0.213623046875
10.8874999,0.8637082576751709,-0.5656301379203796,9.782109260559082,0.06103515625,0.030517578125,-0.244140625
10.8924999,0.8672995567321777,-0.5638344883918762,9.780313491821289,0.091552734375,-0.06103515625,-0.18310546875
10.8974999,0.8744821548461914,-0.5614402890205383,9.7791166305542,0.091552734375,0.091552734375,-0.274658203125
10.9024999,0.8667010068893433,-0.5650315880775452,9.773730278015137,-0.06103515625,0.1220703125,-0.244140625
10.9074999,0.8667010068893433,-0.5650315880775452,9.773730278015137,-0.06103515625,0.1220703125,-0.244140625
10.9124999,0.8631097078323364,-0.5662286877632141,9.774927139282227,-0.06103515625,0.030517578125,-0.274658203125
10.917499900000001,0.862511157989502,-0.5680243372917175,9.775525093078613,0.091552734375,0.213623046875,-0.3662109375
10.9224999,0.8607155084609985,-0.5674257874488831,9.773730278015137,0.030517578125,0.091552734375,-0.274658203125
10.9274999,0.8661024570465088,-0.5656301379203796,9.780313491821289,0.030517578125,0.091552734375,-0.335693359375
10.9324999,0.8649053573608398,-0.5596446394920349,9.77672290802002,-0.030517578125,-0.152587890625,-0.18310546875
10.9374999,0.871489405632019,-0.5578489899635315,9.77672290802002,0.06103515625,0.06103515625,-0.18310546875
10.9424999,0.871489405632019,-0.5536591410636902,9.77253246307373,0.06103515625,0,-0.274658203125
10.9474999,0.8732850551605225,-0.5554547905921936,9.77253246307373,0.152587890625,-0.030517578125,-0.152587890625
10.952499900000001,0.8768763542175293,-0.5614402890205383,9.779715538024902,-0.030517578125,0.152587890625,-0.244140625
10.9574999,0.8750807046890259,-0.5662286877632141,9.770736694335938,0.030517578125,0.06103515625,-0.152587890625
10.962499900000001,0.8690952062606812,-0.5710170865058899,9.764751434326172,0.1220703125,-0.091552734375,-0.213623046875
10.9674999,0.8684966564178467,-0.569819986820221,9.764751434326172,-0.030517578125,0.1220703125,-0.335693359375
10.9724999,0.8684966564178467,-0.5668272376060486,9.763554573059082,-0.091552734375,-0.030517578125,-0.274658203125
10.9774999,0.8738836050033569,-0.5662286877632141,9.77013874053955,-0.030517578125,-0.030517578125,-0.244140625
10.9824999,0.8762778043746948,-0.5638344883918762,9.77013874053955,0.030517578125,-0.1220703125,-0.1220703125
10.9874999,0.8786720037460327,-0.5614402890205383,9.778518676757812,0,-0.091552734375,-0.152587890625
10.9924999,0.8786720037460327,-0.5602431893348694,9.780313491821289,0.06103515625,0,-0.244140625
10.997499900000001,0.8798691034317017,-0.5638344883918762,9.785700798034668,0.030517578125,-0.06103515625,-0.213623046875
11.0024999,0.8780734539031982,-0.5650315880775452,9.7791166305542,0.1220703125,-0.06103515625,-0.213623046875
11.007499900000001,0.8816647529602051,-0.5656301379203796,9.783307075500488,0.030517578125,0.091552734375,-0.18310546875
11.0124999,0.8786720037460327,-0.5602431893348694,9.778518676757812,-0.091552734375,0.091552734375,-0.18310546875
11.0174999,0.8768763542175293,-0.557250440120697,9.782109260559082,0.030517578125,0.274658203125,-0.152587890625
11.0224999,0.872686505317688,-0.5560533404350281,9.782109260559082,-0.06103515625,0.244140625,-0.213623046875
11.0274999,0.8637082576751709,-0.558447539806366,9.783905029296875,-0.030517578125,0,-0.213623046875
11.0324999,0.8607155084609985,-0.5578489899635315,9.786897659301758,0.1220703125,0.18310546875,-0.152587890625
11.0374999,0.8577227592468262,-0.5578489899635315,9.785101890563965,0.1220703125,-0.091552734375,-0.18310546875
11.042499900000001,0.871489405632019,-0.5590460896492004,9.786299705505371,-0.030517578125,0,-0.244140625
11.0474999,0.8786720037460327,-0.5620388388633728,9.789292335510254,0,-0.06103515625,-0.152587890625
11.0524999,0.8888474106788635,-0.5734112858772278,9.783307075500488,0.091552734375,0.06103515625,-0.274658203125
11.0574999,0.8888474106788635,-0.5740098357200623,9.777320861816406,0.030517578125,-0.091552734375,-0.244140625
11.0624999,0.8870517015457153,-0.5752069354057312,9.778518676757812,-0.030517578125,0.091552734375,-0.30517578125
11.0674999,0.8810662031173706,-0.5728127360343933,9.774927139282227,0.06103515625,0.1220703125,-0.152587890625
11.0724999,0.8756792545318604,-0.5674257874488831,9.773131370544434,-0.030517578125,0.030517578125,-0.18310546875
11.077499900000001,0.8708908557891846,-0.5620388388633728,9.768941879272461,-0.030517578125,0.1220703125,-0.244140625
11.0824999,0.8684966564178467,-0.5548562407493591,9.764153480529785,0.1220703125,-0.18310546875,-0.213623046875
11.087499900000001,0.8702923059463501,-0.5536591410636902,9.764153480529785,0.1220703125,-0.091552734375,-0.244140625
11.0924999,0.8672995567321777,-0.5536591410636902,9.758766174316406,0.06103515625,0.030517578125,-0.274658203125
11.0974999,0.8732850551605225,-0.5554547905921936,9.7605619430542,0.06103515625,0.091552734375,-0.274658203125
11.1024999,0.8720879554748535,-0.558447539806366,9.758766174316406,0.1220703125,0.1220703125,-0.335693359375
11.1074999,0.871489405632019,-0.5554547905921936,9.764153480529785,-0.030517578125,0,-0.335693359375
11.1124999,0.8684966564178467,-0.5536591410636902,9.767146110534668,0.030517578125,-0.030517578125,-0.30517578125
11.1174999,0.8684966564178467,-0.5542576909065247,9.774927139282227,0.06103515625,0.091552734375,-0.244140625
11.122499900000001,0.8672995567321777,-0.5578489899635315,9.770736694335938,-0.091552734375,0.06103515625,-0.18310546875
11.1274999,0.872686505317688,-0.5632359385490417,9.7791166305542,-0.030517578125,-0.06103515625,-0.244140625
11.132499900000001,0.8744821548461914,-0.5656301379203796,9.775525093078613,0.152587890625,-0.06103515625,-0.213623046875
11.1374999,0.8780734539031982,-0.5668272376060486,9.778518676757812,0.091552734375,-0.1220703125,-0.213623046875
11.1424999,0.8792705535888672,-0.5644330382347107,9.780912399291992,-0.030517578125,0.1220703125,-0.18310546875
11.1474999,0.8768763542175293,-0.5620388388633728,9.77791976928711,0,0,-0.06103515625
11.1524999,0.8744821548461914,-0.5620388388633728,9.779715538024902,0.030517578125,0.244140625,-0.244140625
11.1574999,0.8661024570465088,-0.5608417391777039,9.771934509277344,0,0.18310546875,-0.18310546875
11.1624999,0.8649053573608398,-0.5608417391777039,9.768941879272461,0,0.030517578125,-0.06103515625
11.167499900000001,0.8672995567321777,-0.5662286877632141,9.766547203063965,0.091552734375,0.091552734375,-0.274658203125
11.1724999,0.8672995567321777,-0.5644330382347107,9.767744064331055,0.030517578125,-0.152587890625,-0.1220703125
11.1774999,0.8744821548461914,-0.5674257874488831,9.77253246307373,-0.030517578125,-0.030517578125,-0.152587890625
11.1824999,0.8762778043746948,-0.5650315880775452,9.765948295593262,-0.06103515625,0.030517578125,-0.335693359375
11.1874999,0.8834604024887085,-0.5692214369773865,9.764751434326172,-0.091552734375,-0.091552734375,-0.1220703125
11.1924999,0.884058952331543,-0.5704185366630554,9.762357711791992,0.06103515625,0.18310546875,-0.244140625
11.1974999,0.884058952331543,-0.5740098357200623,9.765350341796875,0.091552734375,0.091552734375,-0.42724609375
11.202499900000001,0.8834604024887085,-0.5728127360343933,9.771934509277344,-0.06103515625,0.06103515625,-0.244140625
11.2074999,0.8822633028030396,-0.5680243372917175,9.774927139282227,0.18310546875,0.030517578125,-0.1220703125
11.212499900000001,0.8834604024887085,-0.5626373887062073,9.785101890563965,0.030517578125,0.152587890625,-0.274658203125
11.2174999,0.884058952331543,-0.5566518902778625,9.779715538024902,-0.030517578125,0.030517578125,-0.152587890625
11.2224999,0.8780734539031982,-0.5566518902778625,9.775525093078613,0.030517578125,-0.030517578125,-0.42724609375
11.2274999,0.871489405632019,-0.5614402890205383,9.769539833068848,0.030517578125,0.06103515625,-0.274658203125
11.2324999,0.8672995567321777,-0.5626373887062073,9.77253246307373,-0.06103515625,0.06103515625,-0.3662109375
11.2374999,0.861314058303833,-0.5638344883918762,9.77013874053955,0.030517578125,-0.152587890625,-0.274658203125
11.2424999,0.8661024570465088,-0.5662286877632141,9.778518676757812,0.030517578125,0,-0.18310546875
11.247499900000001,0.8678981065750122,-0.5668272376060486,9.774328231811523,-0.06103515625,-0.06103515625,-0.18310546875
11.2524999,0.8750807046890259,-0.5680243372917175,9.781511306762695,0,0.030517578125,-0.244140625
11.257499900000001,0.8810662031173706,-0.568622887134552,9.775525093078613,0.06103515625,0.030517578125,-0.18310546875
11.2624999,0.8798691034317017,-0.5704185366630554,9.773131370544434,0.06103515625,0,-0.1220703125
11.2674999,0.8810662031173706,-0.5704185366630554,9.770736694335938,0.030517578125,0.18310546875,-0.244140625
11.2724999,0.872686505317688,-0.5710170865058899,9.761758804321289,0.1220703125,-0.030517578125,-0.1220703125
11.2774999,0.8720879554748535,-0.569819986820221,9.764153480529785,-0.091552734375,0,-0.152587890625
11.2824999,0.8798691034317017,-0.5554547905921936,9.778518676757812,-0.091552734375,0.091552734375,-0.335693359375
11.2874999,0.8756792545318604,-0.5578489899635315,9.779715538024902,0,0,-0.30517578125
11.292499900000001,0.8744821548461914,-0.5602431893348694,9.782708168029785,-0.030517578125,0.030517578125,-0.244140625
11.2974999,0.8655039072036743,-0.5620388388633728,9.780912399291992,0.030517578125,-0.06103515625,-0.18310546875
11.3024999,0.8661024570465088,-0.5638344883918762,9.77672290802002,0.06103515625,0.06103515625,-0.152587890625
11.3074999,0.8649053573608398,-0.5620388388633728,9.773131370544434,0.091552734375,0.18310546875,-0.244140625
11.3124999,0.8637082576751709,-0.5614402890205383,9.766547203063965,0.030517578125,-0.091552734375,-0.30517578125
11.3174999,0.8661024570465088,-0.5608417391777039,9.769539833068848,-0.030517578125,0.06103515625,-0.244140625
11.3224999,0.8702923059463501,-0.5614402890205383,9.774328231811523,-0.1220703125,0.030517578125,-0.213623046875
11.327499900000001,0.8738836050033569,-0.5596446394920349,9.77133560180664,0.030517578125,-0.030517578125,-0.1220703125
11.3324999,0.8756792545318604,-0.5596446394920349,9.767744064331055,0.06103515625,-0.152587890625,-0.18310546875
11.337499900000001,0.8834604024887085,-0.5596446394920349,9.774927139282227,0.030517578125,-0.06103515625,-0.213623046875
11.3424999,0.8846575021743774,-0.5596446394920349,9.77672290802002,0.152587890625,-0.030517578125,-0.18310546875
11.3474999,0.8906430602073669,-0.5608417391777039,9.782109260559082,0.091552734375,0,-0.18310546875
11.3524999,0.889445960521698,-0.558447539806366,9.782109260559082,0.091552734375,0.152587890625,-0.152587890625
11.3574999,0.889445960521698,-0.558447539806366,9.782109260559082,0.091552734375,0.152587890625,-0.152587890625
11.3624999,0.8637082576751709,-0.5662286877632141,9.762357711791992,-0.06103515625,0,-0.244140625
11.3674999,0.8637082576751709,-0.5662286877632141,9.762357711791992,-0.06103515625,0,-0.244140625
11.372499900000001,0.8667010068893433,-0.5626373887062073,9.757569313049316,0,0.1220703125,-0.30517578125
11.3774999,0.8661024570465088,-0.5596446394920349,9.75278091430664,0.06103515625,0.06103515625,-0.244140625
11.382499900000001,0.8702923059463501,-0.5608417391777039,9.762955665588379,-0.091552734375,0,-0.213623046875
11.3874999,0.8667010068893433,-0.5614402890205383,9.764751434326172,-0.1220703125,0.030517578125,-0.335693359375
11.3924999,0.8684966564178467,-0.5632359385490417,9.777320861816406,-0.091552734375,0.091552734375,-0.274658203125
11.3974999,0.8690952062606812,-0.5626373887062073,9.776124000549316,-0.030517578125,0.091552734375,-0.244140625
11.4024999,0.8750807046890259,-0.5602431893348694,9.778518676757812,-0.030517578125,-0.091552734375,-0.213623046875
11.4074999,0.8732850551605225,-0.5710170865058899,9.761758804321289,0.091552734375,0.091552734375,-0.213623046875
11.4124999,0.8738836050033569,-0.5656301379203796,9.765948295593262,0.030517578125,-0.06103515625,-0.30517578125
11.417499900000001,0.871489405632019,-0.5608417391777039,9.770736694335938,0.030517578125,0.244140625,-0.244140625
11.4224999,0.8690952062606812,-0.5560533404350281,9.77013874053955,0.091552734375,0.06103515625,-0.213623046875
11.4274999,0.8667010068893433,-0.5530605912208557,9.777320861816406,0,0.06103515625,-0.335693359375
11.4324999,0.8631097078323364,-0.5512649416923523,9.774927139282227,-0.030517578125,0.06103515625,-0.274658203125
11.4374999,0.862511157989502,-0.5500678420066833,9.777320861816406,-0.030517578125,-0.030517578125,-0.213623046875
11.4424999,0.8655039072036743,-0.5548562407493591,9.774328231811523,0.06103515625,-0.030517578125,-0.244140625
11.4474999,0.8684966564178467,-0.5590460896492004,9.77253246307373,-0.030517578125,0.091552734375,-0.213623046875
11.452499900000001,0.8702923059463501,-0.558447539806366,9.773131370544434,0,0,-0.244140625
11.4574999,0.8744821548461914,-0.5608417391777039,9.776124000549316,0.030517578125,0.030517578125,-0.244140625
11.462499900000001,0.872686505317688,-0.5578489899635315,9.773131370544434,-0.06103515625,0.1220703125,-0.18310546875
11.4674999,0.8774749040603638,-0.558447539806366,9.776124000549316,-0.091552734375,0.152587890625,-0.42724609375
11.4724999,0.8762778043746948,-0.558447539806366,9.775525093078613,0,0.091552734375,-0.335693359375
11.4774999,0.8744821548461914,-0.5602431893348694,9.776124000549316,0.1220703125,-0.030517578125,-0.091552734375
11.4824999,0.8738836050033569,-0.5614402890205383,9.77791976928711,0.06103515625,0.030517578125,-0.335693359375
11.4874999,0.8732850551605225,-0.5602431893348694,9.774328231811523,0.213623046875,-0.030517578125,-0.213623046875
11.4924999,0.8750807046890259,-0.5590460896492004,9.776124000549316,0.030517578125,0.213623046875,-0.335693359375
11.497499900000001,0.8738836050033569,-0.5596446394920349,9.769539833068848,-0.1220703125,0.030517578125,-0.18310546875
11.5024999,0.8744821548461914,-0.5638344883918762,9.77253246307373,-0.1220703125,-0.06103515625,-0.1220703125
11.507499900000001,0.871489405632019,-0.5823895931243896,9.773131370544434,-0.06103515625,0.091552734375,-0.244140625
11.5124999,0.871489405632019,-0.5823895931243896,9.773131370544434,-0.06103515625,0.091552734375,-0.244140625
11.5174999,0.8702923059463501,-0.5770025849342346,9.770736694335938,-0.030517578125,-0.06103515625,-0.396728515625
11.5224999,0.8738836050033569,-0.5650315880775452,9.77013874053955,-0.06103515625,-0.091552734375,-0.30517578125
11.5274999,0.8792705535888672,-0.5596446394920349,9.775525093078613,-0.06103515625,0,-0.213623046875
11.5324999,0.8798691034317017,-0.5596446394920349,9.77253246307373,0.18310546875,0.1220703125,-0.213623046875
11.5374999,0.8834604024887085,-0.5560533404350281,9.777320861816406,0.274658203125,-0.030517578125,-0.244140625
11.542499900000001,0.8864531517028809,-0.5566518902778625,9.778518676757812,-0.030517578125,0.152587890625,-0.335693359375
11.5474999,0.8858546018600464,-0.5512649416923523,9.776124000549316,0,0.030517578125,-0.274658203125
11.5524999,0.8834604024887085,-0.5524620413780212,9.7791166305542,0.030517578125,0,-0.30517578125
11.5574999,0.8786720037460327,-0.5530605912208557,9.771934509277344,-0.06103515625,0.1220703125,-0.30517578125
11.5624999,0.8720879554748535,-0.5626373887062073,9.768941879272461,0.030517578125,0.06103515625,-0.3662109375
11.5674999,0.8732850551605225,-0.5638344883918762,9.767146110534668,0.06103515625,-0.091552734375,-0.30517578125
11.5724999,0.8768763542175293,-0.5626373887062073,9.771934509277344,0.213623046875,0.030517578125,-0.18310546875
11.577499900000001,0.8744821548461914,-0.5602431893348694,9.768342971801758,0.152587890625,0,-0.091552734375
11.5824999,0.8780734539031982,-0.5626373887062073,9.77672290802002,0.030517578125,0.06103515625,-0.18310546875
11.587499900000001,0.872686505317688,-0.5656301379203796,9.77253246307373,-0.091552734375,-0.06103515625,-0.244140625
11.5924999,0.8738836050033569,-0.5704185366630554,9.776124000549316,0.1220703125,-0.06103515625,-0.30517578125
11.5974999,0.871489405632019,-0.5716156363487244,9.77013874053955,0.091552734375,0.18310546875,-0.3662109375
11.6024999,0.8696937561035156,-0.5668272376060486,9.767146110534668,0.091552734375,-0.030517578125,-0.1220703125
11.6074999,0.8696937561035156,-0.5608417391777039,9.765948295593262,0.152587890625,0.06103515625,-0.152587890625
11.6124999,0.8672995567321777,-0.557250440120697,9.7605619430542,0.18310546875,0.030517578125,-0.244140625
11.6174999,0.8696937561035156,-0.5566518902778625,9.767744064331055,-0.030517578125,0.1220703125,-0.1220703125
11.622499900000001,0.882861852645874,-0.5656301379203796,9.770736694335938,0.1220703125,0.030517578125,-0.06103515625
11.6274999,0.8834604024887085,-0.5656301379203796,9.77013874053955,-0.091552734375,-0.030517578125,-0.18310546875
11.632499900000001,0.8870517015457153,-0.5656301379203796,9.77013874053955,-0.1220703125,-0.06103515625,-0.213623046875
11.6374999,0.8804676532745361,-0.5620388388633728,9.767744064331055,0.030517578125,-0.030517578125,-0.18310546875
11.6424999,0.8798691034317017,-0.5614402890205383,9.77253246307373,0.030517578125,0.1220703125,-0.244140625
11.6474999,0.8750807046890259,-0.558447539806366,9.769539833068848,-0.091552734375,-0.030517578125,-0.213623046875
11.6524999,0.8732850551605225,-0.5602431893348694,9.77133560180664,-0.1220703125,0.06103515625,-0.18310546875
11.6574999,0.8744821548461914,-0.5590460896492004,9.771934509277344,0.030517578125,0.06103515625,-0.30517578125
11.6624999,0.8720879554748535,-0.5614402890205383,9.771934509277344,0.06103515625,-0.1220703125,-0.30517578125
11.667499900000001,0.8750807046890259,-0.5614402890205383,9.77791976928711,0.091552734375,0.1220703125,-0.244140625
11.6724999,0.871489405632019,-0.5614402890205383,9.774328231811523,0,0,-0.30517578125
11.6774999,0.8750807046890259,-0.5638344883918762,9.77791976928711,0.030517578125,0.18310546875,-0.152587890625
11.6824999,0.8661024570465088,-0.568622887134552,9.790489196777344,0.06103515625,0.213623046875,-0.213623046875
11.6874999,0.8684966564178467,-0.5650315880775452,9.784503936767578,0,-0.091552734375,-0.152587890625
11.6924999,0.8732850551605225,-0.5620388388633728,9.785700798034668,-0.06103515625,0.06103515625,-0.18310546875
11.6974999,0.8738836050033569,-0.5620388388633728,9.77253246307373,-0.030517578125,0.091552734375,-0.213623046875
11.702499900000001,0.8780734539031982,-0.5620388388633728,9.769539833068848,0.152587890625,-0.152587890625,-0.18310546875
11.7074999,0.8774749040603638,-0.5668272376060486,9.767744064331055,-0.030517578125,0.06103515625,-0.274658203125
11.712499900000001,0.8720879554748535,-0.5638344883918762,9.770736694335938,0,-0.030517578125,-0.335693359375
11.7174999,0.861314058303833,-0.5554547905921936,9.771934509277344,0,0,-0.244140625
11.7224999,0.8589198589324951,-0.5560533404350281,9.773131370544434,0,-0.091552734375,-0.18310546875
11.7274999,0.8589198589324951,-0.5554547905921936,9.773131370544434,0,0.091552734375,-0.152587890625
11.7324999,0.8565256595611572,-0.5602431893348694,9.77013874053955,0.030517578125,0,-0.1220703125
11.7374999,0.8583213090896606,-0.5626373887062073,9.77672290802002,0.06103515625,0.1220703125,-0.213623046875
11.7424999,0.8577227592468262,-0.568622887134552,9.767744064331055,0,0.030517578125,-0.18310546875
11.747499900000001,0.8607155084609985,-0.5716156363487244,9.773131370544434,-0.06103515625,0.091552734375,-0.274658203125
11.7524999,0.8637082576751709,-0.5740098357200623,9.77013874053955,0.091552734375,0.06103515625,-0.274658203125
11.757499900000001,0.8667010068893433,-0.5746083855628967,9.773730278015137,0.06103515625,-0.030517578125,-0.274658203125
11.7624999,0.8762778043746948,-0.568622887134552,9.779715538024902,-0.030517578125,0.030517578125,-0.152587890625
11.7674999,0.8720879554748535,-0.5650315880775452,9.77672290802002,0.152587890625,0,-0.213623046875
11.7724999,0.8708908557891846,-0.5638344883918762,9.780313491821289,0.030517578125,-0.06103515625,-0.244140625
11.7774999,0.8678981065750122,-0.5608417391777039,9.77791976928711,0.06103515625,0.030517578125,-0.274658203125
11.7824999,0.8661024570465088,-0.5614402890205383,9.77791976928711,0.06103515625,-0.030517578125,-0.30517578125
11.7874999,0.8678981065750122,-0.5626373887062073,9.7791166305542,0,0,-0.244140625
11.792499900000001,0.8643068075180054,-0.5614402890205383,9.775525093078613,0,-0.06103515625,-0.30517578125
11.7974999,0.8684966564178467,-0.5608417391777039,9.780313491821289,0,0.030517578125,-0.30517578125
11.8024999,0.8672995567321777,-0.5566518902778625,9.776124000549316,0.06103515625,-0.030517578125,-0.3662109375
11.8074999,0.8696937561035156,-0.5548562407493591,9.780313491821289,-0.06103515625,0.1220703125,-0.274658203125
11.8124999,0.8672995567321777,-0.5530605912208557,9.778518676757812,-0.091552734375,0.152587890625,-0.244140625
11.8174999,0.8655039072036743,-0.5536591410636902,9.780313491821289,0.030517578125,-0.06103515625,-0.1220703125
11.8224999,0.8631097078323364,-0.5608417391777039,9.778518676757812,-0.030517578125,0.06103515625,-0.30517578125
11.827499900000001,0.8696937561035156,-0.5668272376060486,9.780912399291992,-0.091552734375,0,-0.335693359375
11.8324999,0.8696937561035156,-0.569819986820221,9.773730278015137,-0.030517578125,0.030517578125,-0.3662109375
11.837499900000001,0.8774749040603638,-0.5716156363487244,9.776124000549316,-0.06103515625,0.030517578125,-0.30517578125
11.8424999,0.8792705535888672,-0.5710170865058899,9.774328231811523,-0.030517578125,0.06103515625,-0.244140625
11.8474999,0.8804676532745361,-0.5692214369773865,9.776124000549316,0.030517578125,0,-0.274658203125
11.8524999,0.884058952331543,-0.5656301379203796,9.781511306762695,0.030517578125,0.1220703125,-0.244140625
11.8574999,0.8804676532745361,-0.5632359385490417,9.780912399291992,-0.030517578125,0.06103515625,-0.30517578125
11.8624999,0.8846575021743774,-0.5596446394920349,9.788095474243164,-0.06103515625,0.244140625,-0.42724609375
11.8674999,0.8834604024887085,-0.5596446394920349,9.784503936767578,0.030517578125,0.213623046875,-0.3662109375
11.872499900000001,0.882861852645874,-0.5644330382347107,9.78989028930664,0.06103515625,0.152587890625,-0.213623046875
11.8774999,0.8786720037460327,-0.569819986820221,9.786897659301758,-0.091552734375,0.152587890625,-0.244140625
11.882499900000001,0.8690952062606812,-0.5752069354057312,9.782708168029785,0.030517578125,0.091552734375,-0.274658203125
11.8874999,0.8643068075180054,-0.5716156363487244,9.77253246307373,-0.030517578125,0,-0.274658203125
11.8924999,0.8667010068893433,-0.5680243372917175,9.775525093078613,0,0,-0.152587890625
11.8974999,0.8672995567321777,-0.5668272376060486,9.771934509277344,-0.06103515625,0,-0.213623046875
11.9024999,0.871489405632019,-0.5638344883918762,9.774328231811523,0.030517578125,0.06103515625,-0.1220703125
11.9074999,0.8756792545318604,-0.5656301379203796,9.774927139282227,-0.06103515625,0.152587890625,-0.244140625
11.9124999,0.8792705535888672,-0.5650315880775452,9.77791976928711,0.030517578125,-0.06103515625,-0.335693359375
11.917499900000001,0.8846575021743774,-0.5656301379203796,9.783905029296875,0.1220703125,0.06103515625,-0.213623046875
11.9224999,0.8810662031173706,-0.5692214369773865,9.783905029296875,0.091552734375,0.1220703125,-0.244140625
11.9274999,0.8798691034317017,-0.5674257874488831,9.780313491821289,-0.06103515625,0.091552734375,-0.244140625
11.9324999,0.8696937561035156,-0.5650315880775452,9.773131370544434,-0.030517578125,0.152587890625,-0.213623046875
11.9374999,0.8696937561035156,-0.5662286877632141,9.774927139282227,0,0.091552734375,-0.274658203125
11.9424999,0.8696937561035156,-0.5662286877632141,9.774927139282227,0,0.091552734375,-0.274658203125
11.9474999,0.8678981065750122,-0.5650315880775452,9.782708168029785,-0.030517578125,0.091552734375,-0.335693359375
11.952499900000001,0.8661024570465088,-0.5638344883918762,9.785700798034668,0,-0.030517578125,-0.244140625
11.9574999,0.8655039072036743,-0.5590460896492004,9.782708168029785,0,-0.1220703125,-0.152587890625
11.962499900000001,0.8678981065750122,-0.5566518902778625,9.785700798034668,-0.030517578125,0.18310546875,-0.213623046875
11.9674999,0.8690952062606812,-0.5566518902778625,9.780313491821289,0.06103515625,0.030517578125,-0.18310546875
11.9724999,0.8750807046890259,-0.557250440120697,9.786299705505371,0.244140625,0.030517578125,-0.274658203125
11.9774999,0.8810662031173706,-0.5626373887062073,9.784503936767578,-0.1220703125,-0.091552734375,-0.213623046875
11.9824999,0.8846575021743774,-0.5656301379203796,9.780912399291992,0.06103515625,-0.091552734375,-0.091552734375
11.9874999,0.8846575021743774,-0.5704185366630554,9.776124000549316,-0.030517578125,0,-0.18310546875
11.9924999,0.8876502513885498,-0.5716156363487244,9.77791976928711,0.030517578125,0.1220703125,-0.244140625
11.997499900000001,0.8792705535888672,-0.5728127360343933,9.773730278015137,0.030517578125,-0.06103515625,-0.244140625
12.0024999,0.8559271097183228,-0.5494692921638489,9.782109260559082,0.030517578125,0.18310546875,-0.244140625
12.007499900000001,0.8541314601898193,-0.5518634915351868,9.780912399291992,-0.030517578125,0.06103515625,-0.18310546875
12.0124999,0.8601169586181641,-0.5542576909065247,9.783905029296875,-0.06103515625,0,-0.244140625
12.0174999,0.862511157989502,-0.5626373887062073,9.77672290802002,-0.06103515625,-0.1220703125,-0.335693359375
12.0224999,0.8696937561035156,-0.5716156363487244,9.774328231811523,0.030517578125,0,-0.213623046875
12.0274999,0.8720879554748535,-0.569819986820221,9.774328231811523,0.1220703125,-0.030517578125,-0.152587890625
12.032499900000001,0.8762778043746948,-0.568622887134552,9.773131370544434,0.030517578125,0.06103515625,-0.1220703125
12.0374999,0.8768763542175293,-0.5650315880775452,9.769539833068848,0.06103515625,0.091552734375,-0.213623046875
12.042499900000001,0.882861852645874,-0.5644330382347107,9.77133560180664,0,0.152587890625,-0.244140625
12.0474999,0.8810662031173706,-0.5632359385490417,9.765948295593262,0.030517578125,-0.06103515625,-0.152587890625
12.0524999,0.8816647529602051,-0.5608417391777039,9.767744064331055,-0.06103515625,0.152587890625,-0.244140625
12.0574999,0.8756792545318604,-0.5596446394920349,9.763554573059082,-0.030517578125,0.152587890625,-0.213623046875
12.0624999,0.8696937561035156,-0.5578489899635315,9.7605619430542,0,-0.030517578125,-0.274658203125
12.0674999,0.8672995567321777,-0.5566518902778625,9.762955665588379,0.06103515625,0.1220703125,-0.30517578125
12.0724999,0.8607155084609985,-0.5542576909065247,9.762955665588379,0,-0.030517578125,-0.244140625
12.077499900000001,0.8661024570465088,-0.5554547905921936,9.77253246307373,0.030517578125,0.18310546875,-0.274658203125
12.0824999,0.8678981065750122,-0.5632359385490417,9.77791976928711,-0.06103515625,0,-0.18310546875
12.087499900000001,0.8678981065750122,-0.5632359385490417,9.77791976928711,-0.06103515625,0,-0.18310546875
12.0924999,0.8672995567321777,-0.5644330382347107,9.775525093078613,0.06103515625,0.06103515625,-0.1220703125
12.0974999,0.8732850551605225,-0.5650315880775452,9.77672290802002,0.18310546875,0.152587890625,-0.152587890625
12.1024999,0.8702923059463501,-0.5656301379203796,9.770736694335938,0.091552734375,-0.1220703125,-0.152587890625
12.1074999,0.8768763542175293,-0.5656301379203796,9.777320861816406,0.18310546875,-0.06103515625,-0.244140625
12.1124999,0.8750807046890259,-0.5656301379203796,9.771934509277344,-0.030517578125,-0.091552734375,-0.213623046875
12.1174999,0.8780734539031982,-0.5662286877632141,9.773730278015137,-0.06103515625,-0.06103515625,-0.18310546875
12.122499900000001,0.8810662031173706,-0.5680243372917175,9.770736694335938,-0.06103515625,0.152587890625,-0.274658203125
12.1274999,0.8786720037460327,-0.5656301379203796,9.767744064331055,0,0.091552734375,-0.42724609375
12.132499900000001,0.8810662031173706,-0.5656301379203796,9.77013874053955,0.1220703125,0.152587890625,-0.30517578125
12.1374999,0.8661024570465088,-0.5662286877632141,9.778518676757812,-0.1220703125,0.06103515625,-0.1220703125
12.1424999,0.8667010068893433,-0.568622887134552,9.773730278015137,-0.091552734375,0.06103515625,-0.213623046875
12.1474999,0.8708908557891846,-0.569819986820221,9.773730278015137,-0.06103515625,0.18310546875,-0.213623046875
12.1524999,0.8690952062606812,-0.5710170865058899,9.768342971801758,-0.06103515625,-0.030517578125,-0.30517578125
12.157499900000001,0.8732850551605225,-0.568622887134552,9.774328231811523,0.091552734375,0.030517578125,-0.274658203125
12.1624999,0.8756792545318604,-0.5638344883918762,9.783905029296875,0,0.1220703125,-0.335693359375
12.167499900000001,0.8774749040603638,-0.5638344883918762,9.778518676757812,0,0.030517578125,-0.30517578125
12.1724999,0.8792705535888672,-0.5668272376060486,9.774328231811523,0.18310546875,0.274658203125,-0.3662109375
12.1774999,0.8792705535888672,-0.5680243372917175,9.780912399291992,0.06103515625,0.213623046875,-0.396728515625
12.1824999,0.8708908557891846,-0.568622887134552,9.783307075500488,0.152587890625,0.030517578125,-0.244140625
12.1874999,0.8655039072036743,-0.5680243372917175,9.788095474243164,-0.030517578125,0.06103515625,-0.274658203125
12.1924999,0.8631097078323364,-0.5680243372917175,9.788095474243164,-0.030517578125,0.091552734375,-0.274658203125
12.1974999,0.8619126081466675,-0.5668272376060486,9.783905029296875,-0.06103515625,-0.030517578125,-0.1220703125
12.202499900000001,0.8655039072036743,-0.5650315880775452,9.784503936767578,0.030517578125,0.06103515625,-0.274658203125
12.2074999,0.8672995567321777,-0.5638344883918762,9.776124000549316,0.030517578125,-0.1220703125,-0.274658203125
12.212499900000001,0.872686505317688,-0.5620388388633728,9.780313491821289,-0.030517578125,-0.152587890625,-0.335693359375
12.2174999,0.8750807046890259,-0.5608417391777039,9.77672290802002,-0.06103515625,0,-0.30517578125
12.2224999,0.8786720037460327,-0.5590460896492004,9.776124000549316,0.030517578125,0,-0.274658203125
12.2274999,0.8822633028030396,-0.5578489899635315,9.77672290802002,0.1220703125,0.091552734375,-0.274658203125
12.2324999,0.8774749040603638,-0.5548562407493591,9.77672290802002,-0.152587890625,0.030517578125,-0.213623046875
12.2374999,0.8756792545318604,-0.5536591410636902,9.780912399291992,-0.06103515625,0.18310546875,-0.244140625
12.2424999,0.8702923059463501,-0.5554547905921936,9.777320861816406,0,0.18310546875,-0.274658203125
12.247499900000001,0.8696937561035156,-0.5590460896492004,9.776124000549316,0,0.091552734375,-0.1220703125
12.2524999,0.8655039072036743,-0.5638344883918762,9.774328231811523,0.030517578125,0.091552734375,-0.18310546875
12.257499900000001,0.8649053573608398,-0.5668272376060486,9.775525093078613,0,-0.091552734375,-0.213623046875
12.2624999,0.8643068075180054,-0.5662286877632141,9.77791976928711,-0.091552734375,0.06103515625,-0.274658203125
12.2674999,0.8589198589324951,-0.5644330382347107,9.777320861816406,-0.06103515625,-0.030517578125,-0.30517578125
12.2724999,0.8601169586181641,-0.5620388388633728,9.784503936767578,0.091552734375,0.213623046875,-0.30517578125
12.2774999,0.8565256595611572,-0.5554547905921936,9.777320861816406,0.06103515625,0.1220703125,-0.30517578125
12.282499900000001,0.8589198589324951,-0.5530605912208557,9.778518676757812,-0.06103515625,-0.06103515625,-0.244140625
12.2874999,0.8798691034317017,-0.558447539806366,9.774927139282227,-0.030517578125,-0.06103515625,-0.244140625
12.292499900000001,0.882861852645874,-0.5614402890205383,9.768941879272461,-0.030517578125,-0.1220703125,-0.274658203125
12.2974999,0.8900445103645325,-0.5626373887062073,9.770736694335938,0.06103515625,0.152587890625,-0.152587890625
12.3024999,0.8882488012313843,-0.5596446394920349,9.767744064331055,-0.030517578125,0.244140625,-0.244140625
12.3074999,0.884058952331543,-0.5578489899635315,9.774328231811523,-0.030517578125,0.152587890625,-0.244140625
12.3124999,0.8774749040603638,-0.5560533404350281,9.776124000549316,-0.030517578125,0.030517578125,-0.274658203125
12.3174999,0.8696937561035156,-0.5602431893348694,9.780313491821289,-0.1220703125,-0.091552734375,-0.335693359375
12.3224999,0.8643068075180054,-0.5644330382347107,9.783307075500488,0.091552734375,0.030517578125,-0.30517578125
12.327499900000001,0.8846575021743774,-0.5674257874488831,9.773131370544434,0,-0.06103515625,-0.396728515625
12.3324999,0.8906430602073669,-0.5680243372917175,9.774927139282227,0,0.06103515625,-0.30517578125
12.337499900000001,0.8936358094215393,-0.5644330382347107,9.77013874053955,-0.030517578125,-0.091552734375,-0.335693359375
12.3424999,0.8942343592643738,-0.5626373887062073,9.774927139282227,0.06103515625,-0.06103515625,-0.3662109375
12.3474999,0.8918401598930359,-0.5626373887062073,9.771934509277344,-0.030517578125,0.1220703125,-0.244140625
12.3524999,0.8876502513885498,-0.5668272376060486,9.774328231811523,0.06103515625,0.030517578125,-0.3662109375
12.3574999,0.8816647529602051,-0.5704185366630554,9.77791976928711,0.1220703125,0.091552734375,-0.213623046875
12.3624999,0.8702923059463501,-0.5704185366630554,9.77672290802002,0.1220703125,0.030517578125,-0.152587890625
12.3674999,0.8667010068893433,-0.569819986820221,9.783905029296875,-0.030517578125,0.18310546875,-0.274658203125
12.372499900000001,0.8595184087753296,-0.5656301379203796,9.7791166305542,0,0.030517578125,-0.152587890625
12.3774999,0.8607155084609985,-0.5662286877632141,9.785101890563965,-0.091552734375,0.030517578125,-0.152587890625
12.382499900000001,0.8702923059463501,-0.5650315880775452,9.781511306762695,0.06103515625,0.030517578125,-0.42724609375
12.3874999,0.8702923059463501,-0.5626373887062073,9.77253246307373,0.06103515625,-0.1220703125,-0.3662109375
12.3924999,0.8750807046890259,-0.5578489899635315,9.774328231811523,-0.030517578125,-0.030517578125,-0.1220703125
12.3974999,0.8750807046890259,-0.5578489899635315,9.765350341796875,0.030517578125,0.091552734375,-0.06103515625
12.4024999,0.8798691034317017,-0.5566518902778625,9.768342971801758,0.030517578125,0.06103515625,-0.18310546875
12.407499900000001,0.8804676532745361,-0.5578489899635315,9.767744064331055,-0.030517578125,0.06103515625,-0.152587890625
12.4124999,0.8792705535888672,-0.557250440120697,9.768342971801758,0.1220703125,0.06103515625,-0.152587890625
12.417499900000001,0.8756792545318604,-0.5578489899635315,9.774328231811523,0.030517578125,0.213623046875,-0.213623046875
12.4224999,0.8720879554748535,-0.5590460896492004,9.77253246307373,-0.06103515625,0.152587890625,-0.213623046875
12.4274999,0.8720879554748535,-0.5602431893348694,9.7791166305542,-0.030517578125,0.18310546875,-0.213623046875
12.4324999,0.8690952062606812,-0.5638344883918762,9.777320861816406,0.030517578125,0.091552734375,-0.274658203125
12.4374999,0.8595184087753296,-0.5644330382347107,9.774328231811523,0.091552734375,-0.030517578125,-0.18310546875
12.4424999,0.8619126081466675,-0.5668272376060486,9.774328231811523,0.030517578125,0.030517578125,-0.244140625
12.4474999,0.8601169586181641,-0.5674257874488831,9.768941879272461,-0.030517578125,-0.06103515625,-0.152587890625
12.452499900000001,0.8655039072036743,-0.5692214369773865,9.774328231811523,0.091552734375,-0.152587890625,-0.030517578125
12.4574999,0.8702923059463501,-0.5692214369773865,9.77253246307373,0.091552734375,-0.18310546875,-0.18310546875
12.462499900000001,0.8774749040603638,-0.5674257874488831,9.775525093078613,0.030517578125,-0.152587890625,-0.213623046875
12.4674999,0.8852560520172119,-0.5650315880775452,9.774927139282227,0.030517578125,-0.06103515625,-0.30517578125
12.4724999,0.8882488012313843,-0.5620388388633728,9.773730278015137,0,-0.06103515625,-0.274658203125
12.4774999,0.8936358094215393,-0.5596446394920349,9.776124000549316,-0.06103515625,0.1220703125,-0.152587890625
12.4824999,0.8792705535888672,-0.5674257874488831,9.783905029296875,0.091552734375,0.152587890625,-0.30517578125
12.4874999,0.8762778043746948,-0.5668272376060486,9.785700798034668,0.091552734375,0.06103515625,-0.213623046875
12.4924999,0.8678981065750122,-0.5656301379203796,9.785101890563965,0.091552734375,0.030517578125,-0.18310546875
12.497499900000001,0.8667010068893433,-0.5656301379203796,9.789292335510254,-0.030517578125,0.030517578125,-0.244140625
12.5024999,0.8571242094039917,-0.5614402890205383,9.784503936767578,-0.1220703125,-0.030517578125,-0.3662109375
12.507499900000001,0.8583213090896606,-0.5614402890205383,9.790489196777344,-0.030517578125,-0.030517578125,-0.274658203125
12.5124999,0.8589198589324951,-0.5632359385490417,9.783905029296875,-0.030517578125,-0.152587890625,-0.30517578125
12.5174999,0.8643068075180054,-0.5644330382347107,9.782109260559082,0.030517578125,-0.091552734375,-0.274658203125
12.5224999,0.8720879554748535,-0.5680243372917175,9.775525093078613,0.030517578125,-0.06103515625,-0.152587890625
12.5274999,0.8756792545318604,-0.5656301379203796,9.767744064331055,0,-0.213623046875,-0.213623046875
12.532499900000001,0.8798691034317017,-0.5632359385490417,9.767744064331055,-0.030517578125,0.091552734375,-0.244140625
12.5374999,0.8768763542175293,-0.5590460896492004,9.765350341796875,-0.030517578125,0.091552734375,-0.30517578125
12.542499900000001,0.8732850551605225,-0.5620388388633728,9.773730278015137,0,0.152587890625,-0.30517578125
12.5474999,0.871489405632019,-0.5662286877632141,9.777320861816406,0.030517578125,0.18310546875,-0.244140625
12.5524999,0.8708908557891846,-0.568622887134552,9.7791166305542,0.091552734375,0.244140625,-0.244140625
12.5574999,0.8661024570465088,-0.5692214369773865,9.775525093078613,-0.030517578125,0.1220703125,-0.396728515625
12.5624999,0.8732850551605225,-0.557250440120697,9.77672290802002,-0.030517578125,0,-0.152587890625
12.5674999,0.8780734539031982,-0.5596446394920349,9.7791166305542,-0.030517578125,0,-0.030517578125
12.5724999,0.8762778043746948,-0.568622887134552,9.77791976928711,0.030517578125,0.091552734375,-0.213623046875
12.577499900000001,0.8762778043746948,-0.568622887134552,9.77791976928711,0.030517578125,0.091552734375,-0.213623046875
12.5824999,0.8768763542175293,-0.5716156363487244,9.783307075500488,0.091552734375,0.06103515625,-0.1220703125
12.587499900000001,0.8744821548461914,-0.5722141861915588,9.782109260559082,0.1220703125,0.1220703125,-0.244140625
12.5924999,0.8720879554748535,-0.5704185366630554,9.781511306762695,-0.030517578125,0.091552734375,-0.335693359375
12.5974999,0.8738836050033569,-0.568622887134552,9.782708168029785,-0.030517578125,0.244140625,-0.30517578125
12.6024999,0.872686505317688,-0.5644330382347107,9.773730278015137,0.06103515625,0.06103515625,-0.213623046875
12.6074999,0.8762778043746948,-0.5632359385490417,9.774927139282227,0.030517578125,0.030517578125,-0.244140625
12.6124999,0.8762778043746948,-0.5620388388633728,9.767146110534668,0.152587890625,-0.030517578125,-0.213623046875
12.6174999,0.8768763542175293,-0.5644330382347107,9.768941879272461,0.1220703125,0.1220703125,-0.244140625
12.622499900000001,0.8768763542175293,-0.5662286877632141,9.768941879272461,-0.030517578125,0,-0.244140625
12.6274999,0.8720879554748535,-0.5644330382347107,9.768941879272461,0,-0.18310546875,-0.244140625
12.632499900000001,0.8756792545318604,-0.5548562407493591,9.777320861816406,0.030517578125,0.091552734375,-0.274658203125
12.6374999,0.8774749040603638,-0.5542576909065247,9.770736694335938,0.06103515625,0.030517578125,-0.1220703125
12.6424999,0.8780734539031982,-0.5560533404350281,9.773131370544434,-0.152587890625,0.091552734375,-0.213623046875
12.6474999,0.8762778043746948,-0.5602431893348694,9.765948295593262,-0.152587890625,0.06103515625,-0.396728515625
12.6524999,0.8738836050033569,-0.5620388388633728,9.765948295593262,0.030517578125,0.06103515625,-0.335693359375
12.657499900000001,0.8732850551605225,-0.5626373887062073,9.766547203063965,0.030517578125,0.274658203125,-0.152587890625
12.6624999,0.8672995567321777,-0.5608417391777039,9.764751434326172,-0.06103515625,0.152587890625,-0.1220703125
12.667499900000001,0.8667010068893433,-0.5608417391777039,9.770736694335938,0.030517578125,0.152587890625,-0.30517578125
12.6724999,0.8631097078323364,-0.5590460896492004,9.765948295593262,-0.06103515625,-0.030517578125,-0.30517578125
12.6774999,0.8607155084609985,-0.5614402890205383,9.770736694335938,0,-0.030517578125,-0.213623046875
12.6824999,0.8601169586181641,-0.5632359385490417,9.768342971801758,0,0.1220703125,-0.152587890625
12.6874999,0.8948329091072083,-0.5632359385490417,9.776124000549316,0.06103515625,0.06103515625,-0.30517578125
12.6924999,0.8972271084785461,-0.5656301379203796,9.773730278015137,-0.030517578125,0.1220703125,-0.3662109375
12.6974999,0.889445960521698,-0.5662286877632141,9.768941879272461,0.030517578125,0.18310546875,-0.18310546875
12.702499900000001,0.8834604024887085,-0.568622887134552,9.765350341796875,0.030517578125,0.335693359375,-0.18310546875
12.7074999,0.8732850551605225,-0.5704185366630554,9.762955665588379,0,0.18310546875,-0.30517578125
12.712499900000001,0.8684966564178467,-0.5704185366630554,9.762357711791992,0,0.06103515625,-0.213623046875
12.7174999,0.8643068075180054,-0.5674257874488831,9.761758804321289,0.091552734375,-0.06103515625,-0.152587890625
12.7224999,0.8655039072036743,-0.5644330382347107,9.766547203063965,-0.06103515625,-0.030517578125,-0.1220703125
12.7274999,0.8637082576751709,-0.5608417391777039,9.768342971801758,0.091552734375,-0.1220703125,-0.244140625
12.7324999,0.8678981065750122,-0.557250440120697,9.780912399291992,0,0.091552734375,-0.152587890625
12.7374999,0.8678981065750122,-0.5560533404350281,9.782109260559082,-0.06103515625,0.06103515625,-0.152587890625
12.7424999,0.8744821548461914,-0.558447539806366,9.791686058044434,0,-0.1220703125,-0.18310546875
12.747499900000001,0.8804676532745361,-0.5602431893348694,9.78989028930664,0.1220703125,-0.030517578125,-0.244140625
12.7524999,0.8858546018600464,-0.5626373887062073,9.78869342803955,0.091552734375,0.091552734375,-0.213623046875
12.757499900000001,0.8912416100502014,-0.5620388388633728,9.78869342803955,0.030517578125,0.30517578125,-0.274658203125
12.7624999,0.8888474106788635,-0.5578489899635315,9.780912399291992,0.1220703125,0.06103515625,-0.30517578125
12.7674999,0.8864531517028809,-0.5566518902778625,9.786897659301758,0.030517578125,0.244140625,-0.30517578125
12.7724999,0.8774749040603638,-0.5566518902778625,9.782708168029785,0.030517578125,0.244140625,-0.152587890625
12.7774999,0.8493430614471436,-0.5644330382347107,9.784503936767578,0.1220703125,0.244140625,-0.244140625
12.782499900000001,0.8481459617614746,-0.5608417391777039,9.776124000549316,0.030517578125,0.06103515625,-0.30517578125
12.7874999,0.8547300100326538,-0.5602431893348694,9.775525093078613,-0.06103515625,0.030517578125,-0.274658203125
12.792499900000001,0.8619126081466675,-0.558447539806366,9.766547203063965,0,-0.030517578125,-0.213623046875
12.7974999,0.8720879554748535,-0.5560533404350281,9.765948295593262,0.06103515625,-0.030517578125,-0.30517578125
12.8024999,0.8798691034317017,-0.557250440120697,9.765948295593262,0.030517578125,0.091552734375,-0.30517578125
12.8074999,0.8852560520172119,-0.5548562407493591,9.767146110534668,-0.030517578125,-0.06103515625,-0.213623046875
12.8124999,0.889445960521698,-0.558447539806366,9.77253246307373,0,0,-0.213623046875
12.8174999,0.8858546018600464,-0.5602431893348694,9.767146110534668,0.06103515625,-0.030517578125,-0.091552734375
12.8224999,0.8852560520172119,-0.5626373887062073,9.766547203063965,0.030517578125,0.152587890625,-0.244140625
12.827499900000001,0.871489405632019,-0.5626373887062073,9.764751434326172,0.030517578125,0.152587890625,-0.18310546875
12.8324999,0.871489405632019,-0.5632359385490417,9.773131370544434,0.030517578125,0.06103515625,-0.1220703125
12.837499900000001,0.8678981065750122,-0.5638344883918762,9.768342971801758,0,0,-0.213623046875
12.8424999,0.8702923059463501,-0.5620388388633728,9.774927139282227,0,0.091552734375,-0.18310546875
12.8474999,0.8678981065750122,-0.5566518902778625,9.768342971801758,-0.091552734375,0,-0.30517578125
12.8524999,0.871489405632019,-0.5506663918495178,9.769539833068848,-0.1220703125,-0.213623046875,-0.244140625
12.8574999,0.871489405632019,-0.5488707423210144,9.77133560180664,-0.152587890625,0.06103515625,-0.18310546875
12.8624999,0.8708908557891846,-0.5512649416923523,9.769539833068848,-0.06103515625,-0.06103515625,-0.030517578125
12.8674999,0.872686505317688,-0.5560533404350281,9.775525093078613,-0.06103515625,0.213623046875,-0.06103515625
12.872499900000001,0.8738836050033569,-0.5608417391777039,9.77133560180664,0.091552734375,0.1220703125,-0.30517578125
12.8774999,0.8774749040603638,-0.5596446394920349,9.768941879272461,0,0.06103515625,-0.244140625
12.882499900000001,0.8792705535888672,-0.558447539806366,9.767744064331055,-0.030517578125,0.06103515625,-0.30517578125
12.8874999,0.8732850551605225,-0.5608417391777039,9.77013874053955,0,0.18310546875,-0.274658203125
12.8924999,0.8678981065750122,-0.5632359385490417,9.767744064331055,0,0,-0.213623046875
12.8974999,0.8661024570465088,-0.5668272376060486,9.77672290802002,-0.06103515625,0.091552734375,-0.244140625
12.9024999,0.8637082576751709,-0.5656301379203796,9.773730278015137,0.030517578125,-0.030517578125,-0.244140625
12.907499900000001,0.8672995567321777,-0.5644330382347107,9.780912399291992,0.06103515625,0.030517578125,-0.244140625
12.9124999,0.8696937561035156,-0.5614402890205383,9.775525093078613,0.030517578125,0.06103515625,-0.274658203125
12.917499900000001,0.8708908557891846,-0.557250440120697,9.775525093078613,-0.030517578125,-0.030517578125,-0.213623046875
12.9224999,0.8786720037460327,-0.5560533404350281,9.77672290802002,0.06103515625,-0.06103515625,-0.244140625
12.9274999,0.8780734539031982,-0.5548562407493591,9.773730278015137,0.06103515625,-0.091552734375,-0.244140625
12.9324999,0.8870517015457153,-0.5536591410636902,9.781511306762695,0.06103515625,0.06103515625,-0.18310546875
12.9374999,0.8834604024887085,-0.557250440120697,9.77791976928711,0.030517578125,0,-0.152587890625
12.9424999,0.882861852645874,-0.5596446394920349,9.782109260559082,0.06103515625,0.06103515625,-0.18310546875
12.9474999,0.8780734539031982,-0.5626373887062073,9.778518676757812,0.1220703125,0.18310546875,-0.213623046875
12.952499900000001,0.8744821548461914,-0.5632359385490417,9.7791166305542,0.18310546875,0.152587890625,-0.30517578125
12.9574999,0.8738836050033569,-0.5656301379203796,9.781511306762695,0,0.06103515625,-0.274658203125
12.962499900000001,0.871489405632019,-0.5620388388633728,9.776124000549316,-0.06103515625,0.152587890625,-0.18310546875
12.9674999,0.8756792545318604,-0.5632359385490417,9.7791166305542,0.030517578125,0.06103515625,-0.091552734375
12.9724999,0.8720879554748535,-0.5596446394920349,9.77013874053955,0,0.18310546875,-0.274658203125
12.9774999,0.872686505317688,-0.5578489899635315,9.768342971801758,-0.06103515625,0.18310546875,-0.3662109375
12.9824999,0.8708908557891846,-0.5590460896492004,9.765350341796875,-0.1220703125,0.030517578125,-0.3662109375
12.9874999,0.8649053573608398,-0.5608417391777039,9.762955665588379,0.030517578125,-0.091552734375,-0.091552734375
12.9924999,0.8684966564178467,-0.5650315880775452,9.767146110534668,-0.06103515625,-0.06103515625,-0.18310546875
12.997499900000001,0.8720879554748535,-0.569819986820221,9.774328231811523,0,-0.091552734375,-0.274658203125
13.0024999,0.8738836050033569,-0.5752069354057312,9.77253246307373,0.030517578125,-0.06103515625,-0.30517578125
13.007499900000001,0.8738836050033569,-0.5746083855628967,9.771934509277344,0,0.06103515625,-0.274658203125
13.0124999,0.8798691034317017,-0.5752069354057312,9.773131370544434,-0.030517578125,0.152587890625,-0.335693359375
13.0174999,0.8786720037460327,-0.5680243372917175,9.77133560180664,0.1220703125,0.030517578125,-0.213623046875
13.0224999,0.8792705535888672,-0.5632359385490417,9.771934509277344,0.030517578125,0.152587890625,-0.18310546875
13.0274999,0.8768763542175293,-0.5626373887062073,9.77013874053955,-0.030517578125,0.1220703125,-0.396728515625
13.032499900000001,0.8702923059463501,-0.5656301379203796,9.768941879272461,-0.091552734375,0.091552734375,-0.18310546875
13.0374999,0.8667010068893433,-0.5728127360343933,9.768342971801758,-0.030517578125,0.091552734375,-0.18310546875
13.042499900000001,0.8619126081466675,-0.5734112858772278,9.768342971801758,-0.091552734375,0,-0.244140625
13.0474999,0.872686505317688,-0.5674257874488831,9.7791166305542,0.06103515625,-0.06103515625,-0.18310546875
13.0524999,0.8732850551605225,-0.5662286877632141,9.779715538024902,0.06103515625,-0.030517578125,-0.3662109375
13.0574999,0.8768763542175293,-0.5632359385490417,9.779715538024902,0.06103515625,-0.06103515625,-0.274658203125
13.0624999,0.8810662031173706,-0.5590460896492004,9.784503936767578,-0.030517578125,0.06103515625,-0.244140625
13.0674999,0.8822633028030396,-0.5530605912208557,9.783307075500488,-0.030517578125,0.06103515625,-0.244140625
13.0724999,0.882861852645874,-0.5482721924781799,9.787496566772461,-0.091552734375,0.18310546875,-0.335693359375
13.077499900000001,0.8768763542175293,-0.5482721924781799,9.782109260559082,-0.030517578125,0.091552734375,-0.244140625
13.0824999,0.8756792545318604,-0.5482721924781799,9.785101890563965,-0.091552734375,0.18310546875,-0.213623046875
13.087499900000001,0.8732850551605225,-0.5530605912208557,9.778518676757812,-0.030517578125,0.213623046875,-0.213623046875
13.0924999,0.8696937561035156,-0.5548562407493591,9.77672290802002,0.091552734375,0.06103515625,-0.244140625
13.0974999,0.872686505317688,-0.5596446394920349,9.773730278015137,0.030517578125,0.18310546875,-0.18310546875
13.1024999,0.871489405632019,-0.568622887134552,9.768342971801758,0.030517578125,0,-0.30517578125
13.1074999,0.871489405632019,-0.5722141861915588,9.762357711791992,0.1220703125,0,-0.244140625
13.1124999,0.8732850551605225,-0.5716156363487244,9.765350341796875,0.06103515625,-0.06103515625,-0.18310546875
13.1174999,0.8744821548461914,-0.5662286877632141,9.764153480529785,0.06103515625,0,-0.274658203125
13.122499900000001,0.8732850551605225,-0.5614402890205383,9.770736694335938,0.030517578125,-0.213623046875,-0.274658203125
13.1274999,0.8756792545318604,-0.557250440120697,9.775525093078613,0.1220703125,0,-0.1220703125
13.132499900000001,0.8744821548461914,-0.5560533404350281,9.777320861816406,-0.030517578125,-0.18310546875,-0.274658203125
13.1374999,0.8780734539031982,-0.5590460896492004,9.782708168029785,-0.030517578125,0,-0.30517578125
13.1424999,0.8816647529602051,-0.5644330382347107,9.780912399291992,-0.030517578125,0.06103515625,-0.152587890625
13.1474999,0.8816647529602051,-0.5644330382347107,9.780912399291992,-0.030517578125,0.06103515625,-0.152587890625
13.1524999,0.884058952331543,-0.5692214369773865,9.781511306762695,0.06103515625,-0.06103515625,-0.1220703125
13.157499900000001,0.8834604024887085,-0.5740098357200623,9.77791976928711,-0.030517578125,0.091552734375,-0.335693359375
13.1624999,0.8738836050033569,-0.5566518902778625,9.7791166305542,0,0.06103515625,-0.1220703125
13.167499900000001,0.8738836050033569,-0.5560533404350281,9.783905029296875,0.091552734375,-0.030517578125,-0.213623046875
13.1724999,0.8702923059463501,-0.5608417391777039,9.780912399291992,0.06103515625,-0.06103515625,-0.30517578125
13.1774999,0.8672995567321777,-0.5626373887062073,9.780313491821289,0.06103515625,-0.152587890625,-0.18310546875
13.1824999,0.871489405632019,-0.5638344883918762,9.780912399291992,0,0.030517578125,-0.244140625
13.1874999,0.8720879554748535,-0.5608417391777039,9.776124000549316,0.030517578125,-0.1220703125,-0.18310546875
13.1924999,0.8816647529602051,-0.5614402890205383,9.780912399291992,0.030517578125,0.030517578125,-0.244140625
13.1974999,0.8822633028030396,-0.5590460896492004,9.775525093078613,-0.1220703125,0.06103515625,-0.213623046875
13.202499900000001,0.8678981065750122,-0.5734112858772278,9.77133560180664,0.06103515625,0.1220703125,-0.244140625
13.2074999,0.8678981065750122,-0.5734112858772278,9.77133560180664,0.06103515625,0.1220703125,-0.244140625
13.212499900000001,0.8690952062606812,-0.5716156363487244,9.77013874053955,0.1220703125,0,-0.213623046875
13.2174999,0.872686505317688,-0.5680243372917175,9.77253246307373,-0.030517578125,0.06103515625,-0.152587890625
13.2224999,0.8690952062606812,-0.5650315880775452,9.771934509277344,-0.06103515625,-0.06103515625,-0.1220703125
13.2274999,0.8768763542175293,-0.5626373887062073,9.7791166305542,-0.06103515625,0.06103515625,-0.30517578125
13.2324999,0.8744821548461914,-0.5620388388633728,9.775525093078613,0,0.06103515625,-0.244140625
13.2374999,0.8672995567321777,-0.5740098357200623,9.766547203063965,-0.030517578125,0.06103515625,-0.274658203125
13.2424999,0.8637082576751709,-0.5758054852485657,9.765948295593262,0,0.091552734375,-0.244140625
13.247499900000001,0.8583213090896606,-0.5746083855628967,9.7605619430542,-0.030517578125,-0.030517578125,-0.213623046875
13.2524999,0.8595184087753296,-0.5728127360343933,9.763554573059082,0.06103515625,0.091552734375,-0.274658203125
13.257499900000001,0.8589198589324951,-0.5674257874488831,9.75936508178711,0,0.152587890625,-0.213623046875
13.2624999,0.8631097078323364,-0.5638344883918762,9.761159896850586,0,0.152587890625,-0.1220703125
13.2674999,0.8643068075180054,-0.5602431893348694,9.761159896850586,0.091552734375,0.06103515625,-0.213623046875
13.2724999,0.8637082576751709,-0.558447539806366,9.759963035583496,0.06103515625,-0.091552734375,-0.18310546875
13.2774999,0.8637082576751709,-0.5632359385490417,9.763554573059082,-0.091552734375,0.030517578125,-0.18310546875
13.282499900000001,0.8577227592468262,-0.5650315880775452,9.762955665588379,0.06103515625,-0.030517578125,-0.244140625
13.2874999,0.8607155084609985,-0.5680243372917175,9.771934509277344,0.091552734375,0.030517578125,-0.18310546875
13.292499900000001,0.8667010068893433,-0.5614402890205383,9.780912399291992,0.030517578125,-0.18310546875,-0.274658203125
13.2974999,0.872686505317688,-0.5602431893348694,9.783905029296875,0.06103515625,0,-0.18310546875
13.3024999,0.8756792545318604,-0.5626373887062073,9.778518676757812,-0.030517578125,-0.06103515625,-0.06103515625
13.3074999,0.8786720037460327,-0.5650315880775452,9.778518676757812,-0.030517578125,0.030517578125,-0.213623046875
13.3124999,0.8780734539031982,-0.5656301379203796,9.767744064331055,0.091552734375,0.1220703125,-0.335693359375
13.3174999,0.8780734539031982,-0.5632359385490417,9.77013874053955,0.1220703125,0.244140625,-0.335693359375
13.3224999,0.8768763542175293,-0.5554547905921936,9.765350341796875,-0.152587890625,0.091552734375,-0.18310546875
13.327499900000001,0.8768763542175293,-0.5530605912208557,9.773131370544434,-0.06103515625,0.06103515625,-0.274658203125
13.3324999,0.8744821548461914,-0.5518634915351868,9.773730278015137,-0.030517578125,-0.030517578125,-0.30517578125
13.337499900000001,0.8720879554748535,-0.5542576909065247,9.776124000549316,-0.06103515625,-0.1220703125,-0.213623046875
13.3424999,0.8738836050033569,-0.5590460896492004,9.7791166305542,0,0,-0.244140625
13.3474999,0.871489405632019,-0.558447539806366,9.779715538024902,-0.030517578125,-0.030517578125,-0.274658203125
13.3524999,0.8702923059463501,-0.557250440120697,9.77253246307373,0.091552734375,-0.030517578125,-0.244140625
13.3574999,0.8744821548461914,-0.5620388388633728,9.77013874053955,-0.18310546875,-0.030517578125,-0.1220703125
13.3624999,0.8750807046890259,-0.5716156363487244,9.764751434326172,0,0.06103515625,-0.18310546875
13.3674999,0.8720879554748535,-0.5716156363487244,9.768941879272461,0.030517578125,0.18310546875,-0.274658203125
13.372499900000001,0.871489405632019,-0.5692214369773865,9.77133560180664,0.091552734375,0.06103515625,-0.335693359375
13.3774999,0.8684966564178467,-0.5632359385490417,9.778518676757812,0.030517578125,-0.091552734375,-0.30517578125
13.382499900000001,0.8637082576751709,-0.5530605912208557,9.780912399291992,-0.091552734375,0,-0.274658203125
13.3874999,0.8661024570465088,-0.5536591410636902,9.782708168029785,-0.030517578125,0,-0.213623046875
13.3924999,0.8601169586181641,-0.558447539806366,9.771934509277344,0.06103515625,0,-0.274658203125
13.3974999,0.8655039072036743,-0.5644330382347107,9.771934509277344,0,0.06103515625,-0.48828125
13.4024999,0.8678981065750122,-0.568622887134552,9.769539833068848,0,0.18310546875,-0.3662109375
13.407499900000001,0.8696937561035156,-0.569819986820221,9.769539833068848,-0.030517578125,-0.1220703125,-0.335693359375
13.4124999,0.871489405632019,-0.5668272376060486,9.775525093078613,-0.06103515625,0.1220703125,-0.213623046875
13.417499900000001,0.8702923059463501,-0.5638344883918762,9.77133560180664,0.030517578125,-0.1220703125,-0.091552734375
13.4224999,0.8720879554748535,-0.5590460896492004,9.775525093078613,0.091552734375,0.06103515625,-0.1220703125
13.4274999,0.8702923059463501,-0.557250440120697,9.771934509277344,0.06103515625,-0.030517578125,-0.274658203125
13.4324999,0.8702923059463501,-0.5578489899635315,9.774927139282227,-0.030517578125,-0.152587890625,-0.244140625
13.4374999,0.8708908557891846,-0.5602431893348694,9.7791166305542,-0.091552734375,0,-0.30517578125
13.4424999,0.8708908557891846,-0.5566518902778625,9.781511306762695,-0.030517578125,-0.091552734375,-0.213623046875
13.4474999,0.8732850551605225,-0.5554547905921936,9.784503936767578,0.030517578125,-0.1220703125,-0.18310546875
13.452499900000001,0.8678981065750122,-0.5548562407493591,9.77791976928711,0.06103515625,0.030517578125,-0.213623046875
13.4574999,0.8720879554748535,-0.5578489899635315,9.778518676757812,0.18310546875,0.030517578125,-0.18310546875
13.462499900000001,0.8732850551605225,-0.5590460896492004,9.771934509277344,-0.091552734375,0.091552734375,-0.244140625
13.4674999,0.8750807046890259,-0.5608417391777039,9.766547203063965,0,-0.030517578125,-0.152587890625
13.4724999,0.8804676532745361,-0.5602431893348694,9.768342971801758,0,0.1220703125,-0.274658203125
13.4774999,0.8774749040603638,-0.5614402890205383,9.765350341796875,0.06103515625,0.1220703125,-0.213623046875
13.4824999,0.8792705535888672,-0.5590460896492004,9.774328231811523,-0.06103515625,0.1220703125,-0.335693359375
13.4874999,0.8750807046890259,-0.5608417391777039,9.773131370544434,-0.091552734375,0.091552734375,-0.244140625
13.4924999,0.8690952062606812,-0.5614402890205383,9.77791976928711,0,0.030517578125,-0.152587890625
13.497499900000001,0.8643068075180054,-0.5608417391777039,9.779715538024902,0,0.030517578125,-0.213623046875
13.5024999,0.8690952062606812,-0.5608417391777039,9.779715538024902,-0.06103515625,0.030517578125,-0.152587890625
13.507499900000001,0.8732850551605225,-0.5596446394920349,9.774328231811523,-0.091552734375,0,-0.213623046875
13.5124999,0.8750807046890259,-0.5596446394920349,9.774328231811523,0,0.091552734375,-0.274658203125
13.5174999,0.8762778043746948,-0.5590460896492004,9.775525093078613,0,0.152587890625,-0.274658203125
13.5224999,0.8756792545318604,-0.5620388388633728,9.785101890563965,0.030517578125,-0.091552734375,-0.244140625
13.5274999,0.8834604024887085,-0.5644330382347107,9.79408073425293,-0.091552734375,0,-0.213623046875
13.532499900000001,0.8822633028030396,-0.5644330382347107,9.78989028930664,-0.06103515625,0.1220703125,-0.244140625
13.5374999,0.8834604024887085,-0.5662286877632141,9.788095474243164,0.1220703125,0.1220703125,-0.244140625
13.542499900000001,0.8816647529602051,-0.5656301379203796,9.787496566772461,0.1220703125,0.030517578125,-0.152587890625
13.5474999,0.8816647529602051,-0.5620388388633728,9.786897659301758,0.030517578125,0.1220703125,-0.18310546875
13.5524999,0.8774749040603638,-0.5596446394920349,9.780912399291992,0.030517578125,-0.06103515625,-0.091552734375
13.5574999,0.8780734539031982,-0.5566518902778625,9.782109260559082,-0.030517578125,0,-0.1220703125
13.5624999,0.8708908557891846,-0.5566518902778625,9.773131370544434,-0.030517578125,0.18310546875,-0.213623046875
13.5674999,0.8720879554748535,-0.5590460896492004,9.768941879272461,-0.06103515625,0.091552734375,-0.213623046875
13.5724999,0.872686505317688,-0.5626373887062073,9.766547203063965,0.091552734375,0.06103515625,-0.274658203125
13.577499900000001,0.8696937561035156,-0.5632359385490417,9.763554573059082,0,0.030517578125,-0.244140625
13.5824999,0.8732850551605225,-0.5656301379203796,9.768342971801758,-0.06103515625,0.152587890625,-0.274658203125
13.587499900000001,0.8672995567321777,-0.5662286877632141,9.765948295593262,-0.030517578125,0.18310546875,-0.30517578125
13.5924999,0.8661024570465088,-0.5668272376060486,9.773730278015137,0.030517578125,0.030517578125,-0.30517578125
13.5974999,0.8631097078323364,-0.5632359385490417,9.776124000549316,0.152587890625,0.030517578125,-0.18310546875
13.6024999,0.8684966564178467,-0.5596446394920349,9.77672290802002,0.091552734375,0.18310546875,-0.30517578125
13.6074999,0.8702923059463501,-0.557250440120697,9.775525093078613,-0.1220703125,0.091552734375,-0.244140625
13.6124999,0.8768763542175293,-0.5578489899635315,9.780912399291992,-0.06103515625,0.030517578125,-0.1220703125
13.6174999,0.8750807046890259,-0.5620388388633728,9.77791976928711,0.1220703125,-0.030517578125,-0.06103515625
13.622499900000001,0.8774749040603638,-0.5632359385490417,9.782109260559082,-0.06103515625,0.030517578125,-0.213623046875
13.6274999,0.8738836050033569,-0.5638344883918762,9.777320861816406,-0.030517578125,0.152587890625,-0.3662109375
13.632499900000001,0.8744821548461914,-0.5608417391777039,9.771934509277344,0,-0.030517578125,-0.244140625
13.6374999,0.8762778043746948,-0.5554547905921936,9.768941879272461,0,0.1220703125,-0.1220703125
13.6424999,0.8744821548461914,-0.5566518902778625,9.762955665588379,-0.030517578125,0.030517578125,-0.1220703125
13.6474999,0.8768763542175293,-0.5554547905921936,9.767146110534668,0.06103515625,0.030517578125,-0.091552734375
13.6524999,0.8720879554748535,-0.557250440120697,9.766547203063965,0.091552734375,0.1220703125,-0.1220703125
13.657499900000001,0.8732850551605225,-0.5590460896492004,9.77253246307373,-0.030517578125,0.030517578125,-0.30517578125
13.6624999,0.8756792545318604,-0.5602431893348694,9.77672290802002,-0.152587890625,-0.1220703125,-0.152587890625
13.667499900000001,0.8816647529602051,-0.5596446394920349,9.779715538024902,0.030517578125,0.030517578125,-0.091552734375
13.6724999,0.8780734539031982,-0.557250440120697,9.77672290802002,0.030517578125,-0.06103515625,-0.18310546875
13.6774999,0.8822633028030396,-0.5554547905921936,9.784503936767578,-0.091552734375,0.06103515625,-0.244140625
13.6824999,0.8768763542175293,-0.5548562407493591,9.779715538024902,-0.06103515625,0.1220703125,-0.244140625
13.6874999,0.8756792545318604,-0.5620388388633728,9.784503936767578,0.030517578125,0.091552734375,-0.213623046875
13.6924999,0.8738836050033569,-0.568622887134552,9.782109260559082,0.091552734375,0.152587890625,-0.274658203125
13.6974999,0.8672995567321777,-0.5710170865058899,9.77791976928711,0.1220703125,0.091552734375,-0.274658203125
13.702499900000001,0.8684966564178467,-0.5674257874488831,9.775525093078613,0.1220703125,0.091552734375,-0.396728515625
13.7074999,0.8655039072036743,-0.558447539806366,9.769539833068848,-0.030517578125,0.18310546875,-0.30517578125
13.712499900000001,0.8696937561035156,-0.5512649416923523,9.773730278015137,-0.06103515625,0.274658203125,-0.244140625
13.7174999,0.8690952062606812,-0.5554547905921936,9.777320861816406,0.06103515625,-0.06103515625,-0.213623046875
13.7224999,0.8661024570465088,-0.5596446394920349,9.7791166305542,0.091552734375,0.152587890625,-0.274658203125
13.7274999,0.8661024570465088,-0.5632359385490417,9.77791976928711,-0.030517578125,-0.06103515625,-0.3662109375
13.7324999,0.8661024570465088,-0.5632359385490417,9.77791976928711,-0.030517578125,-0.06103515625,-0.3662109375
13.7374999,0.871489405632019,-0.5614402890205383,9.780313491821289,-0.152587890625,0.06103515625,-0.335693359375
13.7424999,0.8744821548461914,-0.5608417391777039,9.777320861816406,0,-0.030517578125,-0.213623046875
13.747499900000001,0.8810662031173706,-0.5614402890205383,9.777320861816406,0.091552734375,0.030517578125,-0.244140625
13.7524999,0.8816647529602051,-0.5632359385490417,9.774328231811523,-0.030517578125,0.06103515625,-0.274658203125
13.757499900000001,0.882861852645874,-0.5650315880775452,9.770736694335938,0.030517578125,-0.030517578125,-0.30517578125
13.7624999,0.8810662031173706,-0.5626373887062073,9.767744064331055,0.091552734375,-0.06103515625,-0.30517578125
13.7674999,0.8816647529602051,-0.5638344883918762,9.775525093078613,0.06103515625,0.152587890625,-0.213623046875
13.7724999,0.8661024570465088,-0.5758054852485657,9.773131370544434,0.091552734375,0.091552734375,-0.152587890625
13.7774999,0.8661024570465088,-0.5758054852485657,9.773131370544434,0.091552734375,0.091552734375,-0.152587890625
13.782499900000001,0.861314058303833,-0.5716156363487244,9.77013874053955,0.030517578125,0.030517578125,-0.1220703125
13.7874999,0.862511157989502,-0.5626373887062073,9.774927139282227,0,0.06103515625,-0.213623046875
13.792499900000001,0.8577227592468262,-0.5548562407493591,9.77253246307373,-0.091552734375,-0.1220703125,-0.1220703125
13.7974999,0.8619126081466675,-0.5494692921638489,9.783307075500488,-0.091552734375,0.030517578125,-0.18310546875
13.8024999,0.8619126081466675,-0.5512649416923523,9.782109260559082,0,-0.030517578125,-0.244140625
13.8074999,0.8643068075180054,-0.5542576909065247,9.785101890563965,0.18310546875,-0.091552734375,-0.152587890625
13.8124999,0.8684966564178467,-0.5578489899635315,9.786299705505371,0.1220703125,0.06103515625,-0.06103515625
13.8174999,0.8672995567321777,-0.5560533404350281,9.783307075500488,-0.030517578125,-0.152587890625,-0.06103515625
13.8224999,0.872686505317688,-0.557250440120697,9.78869342803955,-0.152587890625,-0.030517578125,-0.244140625
13.827499900000001,0.8732850551605225,-0.5590460896492004,9.783905029296875,0,0.06103515625,-0.213623046875
13.8324999,0.8780734539031982,-0.5614402890205383,9.771934509277344,0.06103515625,0.030517578125,-0.213623046875
13.837499900000001,0.8780734539031982,-0.5614402890205383,9.771934509277344,0.06103515625,0.030517578125,-0.213623046875
13.8424999,0.8780734539031982,-0.5566518902778625,9.765948295593262,0.06103515625,0.030517578125,-0.213623046875
13.8474999,0.8780734539031982,-0.5566518902778625,9.765948295593262,0.06103515625,0.030517578125,-0.213623046875
13.8524999,0.8750807046890259,-0.5542576909065247,9.764751434326172,0.030517578125,0.091552734375,-0.274658203125
13.8574999,0.872686505317688,-0.557250440120697,9.768342971801758,0.030517578125,0.213623046875,-0.1220703125
13.8624999,0.8672995567321777,-0.5530605912208557,9.763554573059082,0.030517578125,-0.091552734375,-0.18310546875
13.8674999,0.8708908557891846,-0.5512649416923523,9.771934509277344,0.030517578125,-0.091552734375,-0.274658203125
13.872499900000001,0.8708908557891846,-0.5500678420066833,9.774927139282227,0,-0.030517578125,-0.30517578125
13.8774999,0.8738836050033569,-0.5482721924781799,9.782109260559082,0,-0.030517578125,-0.244140625
13.882499900000001,0.8774749040603638,-0.5554547905921936,9.790489196777344,0.030517578125,0.06103515625,-0.30517578125
13.8874999,0.8744821548461914,-0.5620388388633728,9.786897659301758,0.06103515625,-0.213623046875,-0.274658203125
13.8924999,0.8702923059463501,-0.5728127360343933,9.785101890563965,0.030517578125,0.152587890625,-0.30517578125
13.8974999,0.8667010068893433,-0.5710170865058899,9.782109260559082,0,0,-0.274658203125
13.9024999,0.8667010068893433,-0.569819986820221,9.7791166305542,-0.030517578125,-0.06103515625,-0.274658203125
13.907499900000001,0.8649053573608398,-0.569819986820221,9.775525093078613,-0.030517578125,0,-0.213623046875
13.9124999,0.8667010068893433,-0.5716156363487244,9.776124000549316,0,0.091552734375,-0.30517578125
13.917499900000001,0.8661024570465088,-0.5746083855628967,9.771934509277344,0.213623046875,0.1220703125,-0.244140625
13.9224999,0.8684966564178467,-0.5716156363487244,9.779715538024902,0.091552734375,0.1220703125,-0.06103515625
13.9274999,0.8655039072036743,-0.5668272376060486,9.77791976928711,0,0.152587890625,-0.244140625
13.9324999,0.8631097078323364,-0.5614402890205383,9.780313491821289,-0.030517578125,-0.030517578125,-0.274658203125
13.9374999,0.861314058303833,-0.5590460896492004,9.781511306762695,0,0.06103515625,-0.244140625
13.9424999,0.8583213090896606,-0.5596446394920349,9.774328231811523,0.030517578125,-0.152587890625,-0.335693359375
13.9474999,0.8643068075180054,-0.5614402890205383,9.774328231811523,-0.030517578125,-0.091552734375,-0.18310546875
13.952499900000001,0.8816647529602051,-0.5578489899635315,9.780912399291992,0.030517578125,0.18310546875,-0.244140625
13.9574999,0.8780734539031982,-0.5560533404350281,9.773730278015137,-0.06103515625,0.213623046875,-0.18310546875
13.962499900000001,0.8774749040603638,-0.5596446394920349,9.774328231811523,0.06103515625,0.1220703125,-0.213623046875
13.9674999,0.872686505317688,-0.5656301379203796,9.767146110534668,0.06103515625,0.152587890625,-0.335693359375
13.9724999,0.8690952062606812,-0.5692214369773865,9.770736694335938,0.152587890625,0.030517578125,-0.244140625
13.9774999,0.8678981065750122,-0.5692214369773865,9.77253246307373,0.06103515625,0.06103515625,-0.30517578125
13.9824999,0.8637082576751709,-0.5626373887062073,9.775525093078613,0,0,-0.42724609375
13.9874999,0.8864531517028809,-0.5566518902778625,9.77133560180664,0.030517578125,0,-0.274658203125
13.9924999,0.8942343592643738,-0.5578489899635315,9.776124000549316,0.06103515625,0.1220703125,-0.30517578125
13.997499900000001,0.8888474106788635,-0.5602431893348694,9.769539833068848,0.18310546875,0.1220703125,-0.396728515625
14.0024999,0.8846575021743774,-0.5644330382347107,9.77133560180664,0,0.213623046875,-0.244140625
14.007499900000001,0.8762778043746948,-0.5656301379203796,9.771934509277344,-0.06103515625,0.152587890625,-0.274658203125
14.0124999,0.8678981065750122,-0.5638344883918762,9.774328231811523,-0.030517578125,0.06103515625,-0.274658203125
14.0174999,0.8655039072036743,-0.5650315880775452,9.782109260559082,-0.030517578125,0.18310546875,-0.18310546875
14.0224999,0.8708908557891846,-0.5644330382347107,9.786897659301758,0.06103515625,0.06103515625,-0.1220703125
14.0274999,0.8738836050033569,-0.5608417391777039,9.781511306762695,0.030517578125,-0.1220703125,-0.06103515625
14.032499900000001,0.8732850551605225,-0.5614402890205383,9.785101890563965,-0.1220703125,-0.152587890625,-0.274658203125
14.0374999,0.8720879554748535,-0.5602431893348694,9.778518676757812,-0.091552734375,0,-0.396728515625
14.042499900000001,0.8678981065750122,-0.5602431893348694,9.774927139282227,-0.06103515625,0.030517578125,-0.18310546875
14.0474999,0.871489405632019,-0.5632359385490417,9.773730278015137,0,0.06103515625,-0.244140625
14.0524999,0.8732850551605225,-0.5650315880775452,9.767744064331055,0.1220703125,-0.06103515625,-0.152587890625
14.0574999,0.8768763542175293,-0.5656301379203796,9.776124000549316,0.030517578125,0.030517578125,-0.1220703125
14.0624999,0.8750807046890259,-0.5662286877632141,9.77672290802002,-0.06103515625,0.06103515625,-0.3662109375
14.0674999,0.8750807046890259,-0.5692214369773865,9.783307075500488,0.030517578125,-0.152587890625,-0.1220703125
14.0724999,0.8702923059463501,-0.5728127360343933,9.783307075500488,-0.030517578125,0.06103515625,-0.152587890625
14.077499900000001,0.8678981065750122,-0.5776011347770691,9.780912399291992,0.06103515625,0,-0.274658203125
14.0824999,0.8696937561035156,-0.5710170865058899,9.773730278015137,-0.030517578125,0.06103515625,-0.274658203125
14.087499900000001,0.8732850551605225,-0.5662286877632141,9.775525093078613,-0.030517578125,0.1220703125,-0.213623046875
14.0924999,0.872686505317688,-0.5626373887062073,9.773730278015137,-0.030517578125,-0.030517578125,-0.244140625
14.0974999,0.871489405632019,-0.5632359385490417,9.779715538024902,-0.030517578125,0,-0.274658203125
14.1024999,0.8684966564178467,-0.5680243372917175,9.783307075500488,0.06103515625,0.091552734375,-0.274658203125
14.1074999,0.8643068075180054,-0.5644330382347107,9.779715538024902,0.1220703125,0,-0.244140625
14.1124999,0.8631097078323364,-0.5644330382347107,9.781511306762695,0.06103515625,0.091552734375,-0.274658203125
14.1174999,0.862511157989502,-0.5602431893348694,9.771934509277344,0,-0.06103515625,-0.18310546875
14.122499900000001,0.8649053573608398,-0.5608417391777039,9.771934509277344,-0.06103515625,0.06103515625,-0.30517578125
14.1274999,0.8684966564178467,-0.5644330382347107,9.767744064331055,0.091552734375,0.091552734375,-0.213623046875
14.132499900000001,0.8684966564178467,-0.5656301379203796,9.771934509277344,0.152587890625,-0.06103515625,-0.152587890625
14.1374999,0.8744821548461914,-0.5668272376060486,9.776124000549316,0.091552734375,0.091552734375,-0.244140625
14.1424999,0.8762778043746948,-0.5656301379203796,9.786897659301758,0,0.030517578125,-0.3662109375
14.1474999,0.8744821548461914,-0.5692214369773865,9.786897659301758,-0.152587890625,0.091552734375,-0.30517578125
14.1524999,0.8768763542175293,-0.569819986820221,9.791686058044434,-0.030517578125,0.030517578125,-0.213623046875
14.157499900000001,0.8780734539031982,-0.5704185366630554,9.791088104248047,0.213623046875,-0.030517578125,-0.274658203125
14.1624999,0.8816647529602051,-0.5578489899635315,9.78989028930664,0,0.18310546875,-0.30517578125
14.167499900000001,0.8822633028030396,-0.5548562407493591,9.782708168029785,0,-0.091552734375,-0.274658203125
14.1724999,0.8870517015457153,-0.557250440120697,9.782109260559082,0.06103515625,0.152587890625,-0.1220703125
14.1774999,0.8864531517028809,-0.5620388388633728,9.773131370544434,0.152587890625,-0.091552734375,-0.244140625
14.1824999,0.8846575021743774,-0.569819986820221,9.773730278015137,0.06103515625,-0.091552734375,-0.244140625
14.1874999,0.882861852645874,-0.5680243372917175,9.768941879272461,0.06103515625,0.091552734375,-0.30517578125
14.1924999,0.8798691034317017,-0.5650315880775452,9.77013874053955,-0.06103515625,0,-0.274658203125
14.1974999,0.882861852645874,-0.5554547905921936,9.782708168029785,0.030517578125,0.06103515625,-0.213623046875
14.202499900000001,0.8834604024887085,-0.5566518902778625,9.780313491821289,0,0.030517578125,-0.244140625
14.2074999,0.8900445103645325,-0.557250440120697,9.783905029296875,0.091552734375,-0.030517578125,-0.213623046875
14.212499900000001,0.8912416100502014,-0.5620388388633728,9.781511306762695,0.06103515625,-0.030517578125,-0.274658203125
14.2174999,0.8882488012313843,-0.5632359385490417,9.777320861816406,-0.091552734375,0.06103515625,-0.274658203125
14.2224999,0.884058952331543,-0.5662286877632141,9.77672290802002,-0.091552734375,0.152587890625,-0.274658203125
14.2274999,0.8750807046890259,-0.5692214369773865,9.770736694335938,0,0.06103515625,-0.18310546875
14.2324999,0.872686505317688,-0.568622887134552,9.774328231811523,0,0.06103515625,-0.18310546875
14.2374999,0.8667010068893433,-0.5668272376060486,9.773131370544434,-0.06103515625,-0.06103515625,-0.18310546875
14.2424999,0.8690952062606812,-0.5680243372917175,9.780912399291992,-0.030517578125,-0.18310546875,-0.18310546875
14.247499900000001,0.871489405632019,-0.5656301379203796,9.7791166305542,0.030517578125,0.1220703125,-0.335693359375
14.2524999,0.8792705535888672,-0.5614402890205383,9.762357711791992,0.091552734375,-0.030517578125,-0.30517578125
14.257499900000001,0.8816647529602051,-0.5596446394920349,9.766547203063965,-0.030517578125,0.1220703125,-0.3662109375
14.2624999,0.8786720037460327,-0.5590460896492004,9.765350341796875,0.091552734375,0.091552734375,-0.244140625
14.2674999,0.8738836050033569,-0.5626373887062073,9.770736694335938,-0.06103515625,-0.06103515625,-0.18310546875
14.2724999,0.8696937561035156,-0.568622887134552,9.773730278015137,0.030517578125,0.152587890625,-0.18310546875
14.2774999,0.862511157989502,-0.5740098357200623,9.774328231811523,0.213623046875,0,-0.18310546875
14.282499900000001,0.8619126081466675,-0.5722141861915588,9.779715538024902,0.030517578125,0.091552734375,-0.213623046875
14.2874999,0.8637082576751709,-0.5656301379203796,9.777320861816406,0,-0.091552734375,-0.213623046875
14.292499900000001,0.8708908557891846,-0.557250440120697,9.784503936767578,-0.030517578125,-0.06103515625,-0.244140625
14.2974999,0.8738836050033569,-0.5518634915351868,9.780912399291992,0.06103515625,0.06103515625,-0.18310546875
14.3024999,0.8762778043746948,-0.5560533404350281,9.777320861816406,0.091552734375,0.091552734375,-0.335693359375
14.3074999,0.8738836050033569,-0.5596446394920349,9.77013874053955,0.1220703125,0.06103515625,-0.213623046875
14.3124999,0.8768763542175293,-0.5620388388633728,9.768941879272461,0.030517578125,0.06103515625,-0.18310546875
14.3174999,0.8762778043746948,-0.5644330382347107,9.764153480529785,-0.030517578125,0.030517578125,-0.274658203125
14.3224999,0.8780734539031982,-0.5656301379203796,9.767146110534668,-0.030517578125,0.030517578125,-0.213623046875
14.327499900000001,0.8768763542175293,-0.5662286877632141,9.767744064331055,0.06103515625,0.1220703125,-0.213623046875
14.3324999,0.8744821548461914,-0.5638344883918762,9.770736694335938,0.06103515625,-0.030517578125,-0.274658203125
14.337499900000001,0.8750807046890259,-0.5608417391777039,9.775525093078613,0.030517578125,0,-0.30517578125
14.3424999,0.8696937561035156,-0.5542576909065247,9.773730278015137,0,0,-0.335693359375
14.3474999,0.8696937561035156,-0.5530605912208557,9.779715538024902,-0.030517578125,0.1220703125,-0.396728515625
14.3524999,0.8649053573608398,-0.5506663918495178,9.776124000549316,0.030517578125,0.152587890625,-0.18310546875
14.3574999,0.8649053573608398,-0.5506663918495178,9.776124000549316,0.030517578125,0.152587890625,-0.18310546875
14.3624999,0.8661024570465088,-0.5578489899635315,9.782109260559082,0.18310546875,-0.030517578125,-0.244140625
14.3674999,0.8661024570465088,-0.5578489899635315,9.782109260559082,0.18310546875,-0.030517578125,-0.244140625
14.372499900000001,0.8708908557891846,-0.5614402890205383,9.785101890563965,-0.030517578125,0.1220703125,-0.30517578125
14.3774999,0.8720879554748535,-0.5656301379203796,9.7791166305542,-0.030517578125,0,-0.213623046875
14.382499900000001,0.8786720037460327,-0.5692214369773865,9.781511306762695,-0.030517578125,0.06103515625,-0.18310546875
14.3874999,0.8786720037460327,-0.5710170865058899,9.780313491821289,-0.06103515625,0.06103515625,-0.30517578125
14.3924999,0.8780734539031982,-0.5680243372917175,9.783905029296875,0.091552734375,0.06103515625,-0.18310546875
14.3974999,0.8756792545318604,-0.5650315880775452,9.786299705505371,0,0.213623046875,-0.244140625
14.4024999,0.8601169586181641,-0.5644330382347107,9.770736694335938,0.030517578125,-0.091552734375,-0.244140625
14.407499900000001,0.8601169586181641,-0.5644330382347107,9.770736694335938,0.030517578125,-0.091552734375,-0.244140625
14.4124999,0.8607155084609985,-0.5674257874488831,9.77013874053955,-0.06103515625,-0.030517578125,-0.213623046875
14.417499900000001,0.8637082576751709,-0.5644330382347107,9.768941879272461,-0.091552734375,-0.06103515625,-0.335693359375
14.4224999,0.8672995567321777,-0.5638344883918762,9.768342971801758,0.030517578125,-0.06103515625,-0.335693359375
14.4274999,0.8702923059463501,-0.5602431893348694,9.766547203063965,0.06103515625,-0.152587890625,-0.274658203125
14.4324999,0.8792705535888672,-0.5596446394920349,9.77133560180664,0,-0.030517578125,-0.30517578125
14.4374999,0.8816647529602051,-0.557250440120697,9.767146110534668,-0.030517578125,0.091552734375,-0.213623046875
14.4424999,0.8852560520172119,-0.5560533404350281,9.77133560180664,-0.091552734375,0.06103515625,-0.1220703125
14.4474999,0.8864531517028809,-0.557250440120697,9.773730278015137,0,0.091552734375,-0.18310546875
14.452499900000001,0.8792705535888672,-0.5596446394920349,9.773131370544434,0,0.030517578125,-0.18310546875
14.4574999,0.8786720037460327,-0.5644330382347107,9.774328231811523,0.06103515625,0.1220703125,-0.18310546875
14.462499900000001,0.8702923059463501,-0.5644330382347107,9.774328231811523,0.06103515625,-0.030517578125,-0.18310546875
14.4674999,0.872686505317688,-0.5614402890205383,9.776124000549316,0.091552734375,0.091552734375,-0.06103515625
14.4724999,0.8678981065750122,-0.557250440120697,9.771934509277344,-0.030517578125,0.06103515625,-0.1220703125
14.4774999,0.8696937561035156,-0.5536591410636902,9.768342971801758,-0.06103515625,0,-0.244140625
14.4824999,0.8804676532745361,-0.5704185366630554,9.774328231811523,-0.1220703125,0,-0.30517578125
14.4874999,0.8834604024887085,-0.5704185366630554,9.765948295593262,-0.091552734375,0,-0.213623046875
14.4924999,0.8888474106788635,-0.5710170865058899,9.765350341796875,-0.030517578125,0.030517578125,-0.1220703125
14.497499900000001,0.8852560520172119,-0.568622887134552,9.749189376831055,0.091552734375,0.06103515625,-0.274658203125
14.5024999,0.884058952331543,-0.5704185366630554,9.761758804321289,0,-0.06103515625,-0.244140625
14.507499900000001,0.8852560520172119,-0.5710170865058899,9.767146110534668,0,0.3662109375,-0.244140625
14.5124999,0.8720879554748535,-0.5704185366630554,9.758167266845703,0.06103515625,0,-0.335693359375
14.5174999,0.8786720037460327,-0.5716156363487244,9.786897659301758,-0.030517578125,0.244140625,-0.42724609375
14.5224999,0.8637082576751709,-0.558447539806366,9.787496566772461,-0.1220703125,0.18310546875,-0.396728515625
14.5274999,0.8529343605041504,-0.5596446394920349,9.774328231811523,0.091552734375,-0.152587890625,0.030517578125
14.532499900000001,0.8577227592468262,-0.5662286877632141,9.775525093078613,0.091552734375,-0.06103515625,-0.3662109375
14.5374999,0.8547300100326538,-0.5704185366630554,9.77013874053955,0.06103515625,-0.030517578125,-0.48828125
14.542499900000001,0.8571242094039917,-0.5668272376060486,9.767744064331055,0.091552734375,-0.091552734375,-0.152587890625
14.5474999,0.8607155084609985,-0.5632359385490417,9.765350341796875,0,0.030517578125,-0.244140625
14.5524999,0.8667010068893433,-0.5548562407493591,9.767744064331055,-0.152587890625,0.030517578125,-0.3662109375
14.5574999,0.8708908557891846,-0.5524620413780212,9.774328231811523,-0.06103515625,0.091552734375,-0.18310546875
14.5624999,0.8744821548461914,-0.5536591410636902,9.77672290802002,-0.030517578125,-0.06103515625,-0.18310546875
14.5674999,0.8780734539031982,-0.557250440120697,9.782708168029785,0.091552734375,0.1220703125,-0.3662109375
14.5724999,0.8786720037460327,-0.5602431893348694,9.777320861816406,0.1220703125,0.030517578125,-0.30517578125
14.577499900000001,0.8792705535888672,-0.5590460896492004,9.773730278015137,-0.091552734375,0.030517578125,-0.1220703125
14.5824999,0.8720879554748535,-0.557250440120697,9.770736694335938,0.030517578125,0.06103515625,-0.152587890625
14.587499900000001,0.8661024570465088,-0.5578489899635315,9.77672290802002,0.1220703125,0.091552734375,-0.18310546875
14.5924999,0.8643068075180054,-0.5614402890205383,9.780912399291992,0,0.06103515625,-0.1220703125
14.5974999,0.861314058303833,-0.5638344883918762,9.782109260559082,0.06103515625,-0.06103515625,-0.274658203125
14.6024999,0.8720879554748535,-0.569819986820221,9.787496566772461,0.091552734375,0.030517578125,-0.335693359375
14.6074999,0.8768763542175293,-0.5692214369773865,9.779715538024902,0.06103515625,0,-0.274658203125
14.6124999,0.8852560520172119,-0.5668272376060486,9.779715538024902,0.030517578125,-0.30517578125,-0.18310546875
14.6174999,0.8918401598930359,-0.5620388388633728,9.77791976928711,0.030517578125,-0.213623046875,-0.244140625
14.622499900000001,0.8870517015457153,-0.557250440120697,9.774328231811523,-0.030517578125,-0.091552734375,-0.213623046875
14.6274999,0.8864531517028809,-0.5596446394920349,9.778518676757812,-0.06103515625,0.06103515625,-0.244140625
14.632499900000001,0.8702923059463501,-0.5680243372917175,9.775525093078613,0.030517578125,0.091552734375,-0.244140625
14.6374999,0.871489405632019,-0.5692214369773865,9.774328231811523,-0.18310546875,0.091552734375,-0.274658203125
14.6424999,0.8702923059463501,-0.5668272376060486,9.773730278015137,-0.06103515625,0.06103515625,-0.274658203125
14.6474999,0.8702923059463501,-0.5728127360343933,9.77791976928711,0.152587890625,0.091552734375,-0.274658203125
14.6524999,0.862511157989502,-0.5722141861915588,9.770736694335938,0.030517578125,0.091552734375,-0.274658203125
14.657499900000001,0.8619126081466675,-0.569819986820221,9.773131370544434,0.06103515625,-0.1220703125,-0.18310546875
14.6624999,0.8583213090896606,-0.5680243372917175,9.768941879272461,0.030517578125,-0.213623046875,-0.091552734375
14.667499900000001,0.8607155084609985,-0.5656301379203796,9.768941879272461,-0.030517578125,-0.1220703125,-0.18310546875
14.6724999,0.8684966564178467,-0.5656301379203796,9.77133560180664,-0.06103515625,0.030517578125,-0.274658203125
14.6774999,0.8696937561035156,-0.5668272376060486,9.77133560180664,-0.030517578125,-0.06103515625,-0.244140625
14.6824999,0.8786720037460327,-0.5680243372917175,9.776124000549316,-0.06103515625,-0.06103515625,-0.30517578125
14.6874999,0.8786720037460327,-0.5668272376060486,9.776124000549316,-0.030517578125,-0.030517578125,-0.244140625
14.6924999,0.8816647529602051,-0.5650315880775452,9.780313491821289,0,0,-0.152587890625
14.6974999,0.8780734539031982,-0.5644330382347107,9.7791166305542,0.06103515625,0.244140625,-0.30517578125
14.702499900000001,0.872686505317688,-0.5638344883918762,9.7791166305542,0.06103515625,0.030517578125,-0.3662109375
14.7074999,0.8684966564178467,-0.5644330382347107,9.77791976928711,0.091552734375,0.06103515625,-0.274658203125
14.712499900000001,0.862511157989502,-0.5638344883918762,9.773131370544434,0.091552734375,-0.030517578125,-0.244140625
14.7174999,0.8690952062606812,-0.5626373887062073,9.774927139282227,0.06103515625,0.18310546875,-0.18310546875
14.7224999,0.8774749040603638,-0.5638344883918762,9.763554573059082,-0.030517578125,-0.152587890625,-0.244140625
14.7274999,0.884058952331543,-0.5644330382347107,9.765948295593262,-0.091552734375,-0.06103515625,-0.18310546875
14.7324999,0.8852560520172119,-0.5632359385490417,9.7605619430542,0,-0.030517578125,-0.30517578125
14.7374999,0.8852560520172119,-0.5644330382347107,9.764751434326172,0,0.030517578125,-0.06103515625
14.7424999,0.882861852645874,-0.5650315880775452,9.767744064331055,0.030517578125,0.213623046875,-0.274658203125
14.747499900000001,0.8768763542175293,-0.5656301379203796,9.77013874053955,0.091552734375,0.244140625,-0.3662109375
14.7524999,0.8744821548461914,-0.5662286877632141,9.780313491821289,0.091552734375,0.213623046875,-0.30517578125
14.757499900000001,0.8678981065750122,-0.5644330382347107,9.77791976928711,0.091552734375,0.1220703125,-0.274658203125
14.7624999,0.8655039072036743,-0.5614402890205383,9.783307075500488,-0.030517578125,0.152587890625,-0.274658203125
14.7674999,0.861314058303833,-0.5614402890205383,9.774927139282227,-0.06103515625,0.030517578125,-0.274658203125
14.7724999,0.8553285598754883,-0.5614402890205383,9.773730278015137,0.091552734375,-0.06103515625,-0.396728515625
14.7774999,0.8565256595611572,-0.5638344883918762,9.770736694335938,0.06103515625,-0.030517578125,-0.457763671875
14.782499900000001,0.862511157989502,-0.5680243372917175,9.77672290802002,0.06103515625,-0.091552734375,-0.213623046875
14.7874999,0.8678981065750122,-0.568622887134552,9.774328231811523,0,-0.244140625,-0.213623046875
14.792499900000001,0.8774749040603638,-0.5728127360343933,9.777320861816406,0,-0.18310546875,-0.213623046875
14.7974999,0.884058952331543,-0.5764040350914001,9.770736694335938,0.030517578125,0.1220703125,-0.1220703125
14.8024999,0.8852560520172119,-0.5704185366630554,9.761159896850586,0.152587890625,0.091552734375,-0.244140625
14.8074999,0.8792705535888672,-0.5638344883918762,9.761159896850586,0.091552734375,0.213623046875,-0.274658203125
14.8124999,0.8690952062606812,-0.5578489899635315,9.75637149810791,0.091552734375,0.335693359375,-0.244140625
14.8174999,0.862511157989502,-0.5542576909065247,9.761159896850586,0.06103515625,0.213623046875,-0.244140625
14.8224999,0.8583213090896606,-0.5530605912208557,9.764153480529785,0.091552734375,0.244140625,-0.30517578125
14.827499900000001,0.8547300100326538,-0.5530605912208557,9.770736694335938,0.030517578125,0.06103515625,-0.213623046875
14.8324999,0.8553285598754883,-0.5530605912208557,9.778518676757812,-0.06103515625,-0.091552734375,-0.213623046875
14.837499900000001,0.8595184087753296,-0.5554547905921936,9.786299705505371,0,-0.030517578125,-0.152587890625
14.8424999,0.861314058303833,-0.558447539806366,9.783307075500488,0.030517578125,-0.030517578125,-0.274658203125
14.8474999,0.8678981065750122,-0.5626373887062073,9.786897659301758,0,-0.091552734375,-0.152587890625
14.8524999,0.8762778043746948,-0.5656301379203796,9.783307075500488,-0.06103515625,-0.030517578125,-0.213623046875
14.8574999,0.8804676532745361,-0.5680243372917175,9.782109260559082,0,-0.152587890625,-0.213623046875
14.8624999,0.8858546018600464,-0.5704185366630554,9.781511306762695,0,-0.091552734375,-0.152587890625
14.8674999,0.8822633028030396,-0.5710170865058899,9.77791976928711,-0.091552734375,-0.030517578125,-0.274658203125
14.872499900000001,0.8810662031173706,-0.5716156363487244,9.782708168029785,-0.06103515625,0.152587890625,-0.335693359375
14.8774999,0.8732850551605225,-0.5740098357200623,9.77672290802002,0.06103515625,0.152587890625,-0.244140625
14.882499900000001,0.8684966564178467,-0.5662286877632141,9.765948295593262,-0.030517578125,0.091552734375,-0.213623046875
14.8874999,0.8732850551605225,-0.5674257874488831,9.764751434326172,0.18310546875,-0.030517578125,-0.244140625
14.8924999,0.8780734539031982,-0.568622887134552,9.766547203063965,0.1220703125,-0.091552734375,-0.30517578125
14.8974999,0.8858546018600464,-0.5674257874488831,9.77133560180664,0,0.030517578125,-0.18310546875
14.9024999,0.884058952331543,-0.5680243372917175,9.768941879272461,0.06103515625,0.030517578125,-0.274658203125
14.907499900000001,0.8882488012313843,-0.5656301379203796,9.774927139282227,0.06103515625,0.091552734375,-0.213623046875
14.9124999,0.882861852645874,-0.5650315880775452,9.77013874053955,0,0.1220703125,-0.213623046875
14.917499900000001,0.8852560520172119,-0.5632359385490417,9.774927139282227,0.06103515625,0.06103515625,-0.18310546875
14.9224999,0.8786720037460327,-0.558447539806366,9.777320861816406,0.030517578125,-0.1220703125,-0.274658203125
14.9274999,0.8780734539031982,-0.558447539806366,9.783307075500488,-0.06103515625,0.1220703125,-0.244140625
14.9324999,0.8696937561035156,-0.5608417391777039,9.775525093078613,0,0.091552734375,-0.213623046875
14.9374999,0.8667010068893433,-0.5650315880775452,9.7791166305542,-0.091552734375,0.1220703125,-0.274658203125
14.9424999,0.8637082576751709,-0.568622887134552,9.774927139282227,0.030517578125,0.091552734375,-0.30517578125
14.9474999,0.8631097078323364,-0.5722141861915588,9.77791976928711,0.152587890625,0,-0.06103515625
14.952499900000001,0.8631097078323364,-0.5722141861915588,9.77791976928711,0.152587890625,0,-0.06103515625
14.9574999,0.8637082576751709,-0.5704185366630554,9.77791976928711,-0.06103515625,-0.030517578125,-0.152587890625
14.962499900000001,0.882861852645874,-0.5650315880775452,9.778518676757812,0.06103515625,0.06103515625,-0.213623046875
14.9674999,0.882861852645874,-0.5650315880775452,9.778518676757812,0.06103515625,0.06103515625,-0.213623046875
14.9724999,0.8810662031173706,-0.5710170865058899,9.767744064331055,0,0.152587890625,-0.213623046875
14.9774999,0.8786720037460327,-0.5722141861915588,9.767744064331055,-0.1220703125,0.18310546875,-0.274658203125
14.9824999,0.8720879554748535,-0.5704185366630554,9.764751434326172,0.030517578125,0.06103515625,-0.244140625
14.9874999,0.8708908557891846,-0.5662286877632141,9.776124000549316,-0.06103515625,0.152587890625,-0.396728515625
14.9924999,0.8667010068893433,-0.5626373887062073,9.776124000549316,-0.030517578125,0.152587890625,-0.518798828125
14.997499900000001,0.8672995567321777,-0.5578489899635315,9.783905029296875,0.06103515625,0.06103515625,-0.1220703125
15.0024999,0.8672995567321777,-0.5530605912208557,9.780313491821289,0.06103515625,0,-0.091552734375
15.007499900000001,0.8661024570465088,-0.5518634915351868,9.77672290802002,-0.091552734375,-0.030517578125,-0.18310546875
15.0124999,0.8702923059463501,-0.5530605912208557,9.774328231811523,0.030517578125,0.06103515625,-0.30517578125
15.0174999,0.8678981065750122,-0.5548562407493591,9.767744064331055,0.091552734375,-0.30517578125,-0.274658203125
15.0224999,0.871489405632019,-0.5608417391777039,9.77253246307373,0.06103515625,-0.06103515625,-0.152587890625
15.0274999,0.8702923059463501,-0.5614402890205383,9.767146110534668,0,-0.1220703125,-0.244140625
15.032499900000001,0.8744821548461914,-0.5536591410636902,9.77253246307373,-0.152587890625,-0.030517578125,-0.335693359375
15.0374999,0.8744821548461914,-0.5536591410636902,9.77253246307373,-0.152587890625,-0.030517578125,-0.335693359375
15.042499900000001,0.8678981065750122,-0.5632359385490417,9.770736694335938,0.030517578125,0.06103515625,-0.091552734375
15.0474999,0.8672995567321777,-0.5650315880775452,9.771934509277344,0,0.1220703125,-0.18310546875
15.0524999,0.8661024570465088,-0.5668272376060486,9.768342971801758,-0.1220703125,0.1220703125,-0.213623046875
15.0574999,0.8678981065750122,-0.5668272376060486,9.766547203063965,-0.152587890625,-0.06103515625,-0.244140625
15.0624999,0.8738836050033569,-0.5668272376060486,9.77133560180664,-0.06103515625,0,-0.244140625
15.0674999,0.8768763542175293,-0.5668272376060486,9.769539833068848,0,-0.030517578125,-0.152587890625
15.0724999,0.8846575021743774,-0.568622887134552,9.777320861816406,0.152587890625,0.091552734375,-0.274658203125
15.077499900000001,0.8912416100502014,-0.5722141861915588,9.780912399291992,-0.213623046875,0.091552734375,-0.18310546875
15.0824999,0.8912416100502014,-0.5722141861915588,9.780912399291992,-0.213623046875,0.091552734375,-0.18310546875
15.087499900000001,0.8900445103645325,-0.5746083855628967,9.778518676757812,-0.030517578125,0.06103515625,-0.18310546875
15.0924999,0.8882488012313843,-0.5722141861915588,9.776124000549316,0.030517578125,0.030517578125,-0.335693359375
15.0974999,0.8864531517028809,-0.5710170865058899,9.773730278015137,0.1220703125,0.18310546875,-0.30517578125
15.1024999,0.8768763542175293,-0.5662286877632141,9.765948295593262,-0.030517578125,0,-0.30517578125
15.1074999,0.8768763542175293,-0.5626373887062073,9.767744064331055,-0.030517578125,0.18310546875,-0.274658203125
15.1124999,0.872686505317688,-0.5608417391777039,9.766547203063965,0.1220703125,0.091552734375,-0.244140625
15.1174999,0.8732850551605225,-0.5638344883918762,9.770736694335938,0.091552734375,0.244140625,-0.244140625
15.122499900000001,0.8738836050033569,-0.5656301379203796,9.774328231811523,0,0.1220703125,-0.274658203125
15.1274999,0.8732850551605225,-0.568622887134552,9.773131370544434,-0.030517578125,0.030517578125,-0.30517578125
15.132499900000001,0.8792705535888672,-0.569819986820221,9.77791976928711,0,0.091552734375,-0.244140625
15.1374999,0.882861852645874,-0.5662286877632141,9.77672290802002,0,-0.1220703125,-0.30517578125
15.1424999,0.8816647529602051,-0.5632359385490417,9.773730278015137,0.06103515625,-0.030517578125,-0.213623046875
15.1474999,0.8780734539031982,-0.5626373887062073,9.774927139282227,0,-0.06103515625,-0.3662109375
15.1524999,0.8768763542175293,-0.5620388388633728,9.775525093078613,0,0.091552734375,-0.30517578125
15.157499900000001,0.872686505317688,-0.5626373887062073,9.77253246307373,0.06103515625,-0.1220703125,-0.213623046875
15.1624999,0.8738836050033569,-0.5662286877632141,9.776124000549316,0.030517578125,-0.030517578125,-0.244140625
15.167499900000001,0.8690952062606812,-0.5692214369773865,9.768342971801758,0.1220703125,-0.030517578125,-0.244140625
15.1724999,0.8750807046890259,-0.5722141861915588,9.77791976928711,0.1220703125,0.1220703125,-0.213623046875
15.1774999,0.8708908557891846,-0.5710170865058899,9.773131370544434,0.1220703125,0.06103515625,-0.152587890625
15.1824999,0.871489405632019,-0.5668272376060486,9.77672290802002,0.091552734375,0,-0.244140625
15.1874999,0.8678981065750122,-0.5596446394920349,9.777320861816406,0.06103515625,0,-0.30517578125
15.1924999,0.861314058303833,-0.5554547905921936,9.773730278015137,0,-0.213623046875,-0.18310546875
15.1974999,0.8643068075180054,-0.5530605912208557,9.768342971801758,0,-0.213623046875,-0.335693359375
15.202499900000001,0.8684966564178467,-0.5578489899635315,9.77133560180664,0.06103515625,0.091552734375,-0.091552734375
15.2074999,0.8702923059463501,-0.5602431893348694,9.762955665588379,0,-0.030517578125,0
15.212499900000001,0.872686505317688,-0.5680243372917175,9.768342971801758,-0.091552734375,0.091552734375,-0.244140625
15.2174999,0.8744821548461914,-0.5728127360343933,9.767146110534668,0.030517578125,0.274658203125,-0.18310546875
15.2224999,0.8750807046890259,-0.5728127360343933,9.767146110534668,0.18310546875,0.06103515625,-0.335693359375
15.2274999,0.8816647529602051,-0.5728127360343933,9.773131370544434,0.06103515625,0.091552734375,-0.335693359375
15.2324999,0.8810662031173706,-0.5644330382347107,9.77133560180664,0.06103515625,0.06103515625,-0.244140625
15.2374999,0.884058952331543,-0.558447539806366,9.779715538024902,-0.091552734375,0.152587890625,-0.213623046875
15.2424999,0.8816647529602051,-0.557250440120697,9.781511306762695,0.030517578125,0.06103515625,-0.30517578125
15.247499900000001,0.8750807046890259,-0.5566518902778625,9.783905029296875,0.030517578125,-0.06103515625,-0.244140625
15.2524999,0.8690952062606812,-0.5644330382347107,9.786299705505371,0.091552734375,0.091552734375,-0.18310546875
15.257499900000001,0.8643068075180054,-0.5680243372917175,9.783905029296875,-0.030517578125,-0.030517578125,-0.18310546875
15.2624999,0.8678981065750122,-0.5662286877632141,9.777320861816406,-0.1220703125,0.152587890625,-0.213623046875
15.2674999,0.8708908557891846,-0.5638344883918762,9.77253246307373,0,0,-0.244140625
15.2724999,0.8798691034317017,-0.5626373887062073,9.767146110534668,0.030517578125,0.030517578125,-0.18310546875
15.2774999,0.8810662031173706,-0.5608417391777039,9.759963035583496,-0.06103515625,-0.06103515625,-0.457763671875
15.282499900000001,0.8804676532745361,-0.5644330382347107,9.761159896850586,0.091552734375,0.213623046875,-0.18310546875
15.2874999,0.8750807046890259,-0.5626373887062073,9.762955665588379,0.18310546875,0.1220703125,-0.213623046875
15.292499900000001,0.8672995567321777,-0.558447539806366,9.765948295593262,0.030517578125,0.091552734375,-0.18310546875
15.2974999,0.8661024570465088,-0.5590460896492004,9.773131370544434,0,0.1220703125,-0.213623046875
15.3024999,0.8595184087753296,-0.5608417391777039,9.768941879272461,0,0.091552734375,-0.274658203125
15.3074999,0.8577227592468262,-0.5632359385490417,9.774927139282227,0.06103515625,0.06103515625,-0.1220703125
15.3124999,0.8547300100326538,-0.5668272376060486,9.773131370544434,0,0.030517578125,-0.335693359375
15.3174999,0.8571242094039917,-0.5704185366630554,9.776124000549316,0,-0.091552734375,-0.274658203125
15.3224999,0.8619126081466675,-0.5740098357200623,9.780313491821289,0,0.06103515625,-0.335693359375
15.327499900000001,0.8655039072036743,-0.5770025849342346,9.779715538024902,-0.030517578125,-0.152587890625,-0.18310546875
15.3324999,0.8744821548461914,-0.578798234462738,9.786299705505371,0.030517578125,0.06103515625,-0.274658203125
15.337499900000001,0.8768763542175293,-0.5758054852485657,9.780313491821289,0.030517578125,0.030517578125,-0.30517578125
15.3424999,0.8816647529602051,-0.5710170865058899,9.778518676757812,0,-0.06103515625,-0.244140625
15.3474999,0.8834604024887085,-0.5632359385490417,9.77253246307373,0.030517578125,0,-0.335693359375
15.3524999,0.8780734539031982,-0.5536591410636902,9.765948295593262,0.091552734375,0.244140625,-0.1220703125
15.3574999,0.8672995567321777,-0.5530605912208557,9.761159896850586,0.06103515625,0.1220703125,-0.274658203125
15.3624999,0.8637082576751709,-0.5548562407493591,9.762955665588379,-0.06103515625,0.06103515625,-0.1220703125
15.3674999,0.8589198589324951,-0.557250440120697,9.759963035583496,0,-0.06103515625,-0.152587890625
15.372499900000001,0.8595184087753296,-0.5590460896492004,9.759963035583496,-0.030517578125,0.030517578125,-0.18310546875
15.3774999,0.8649053573608398,-0.5596446394920349,9.75936508178711,0,0.06103515625,-0.18310546875
15.382499900000001,0.8678981065750122,-0.5608417391777039,9.757569313049316,0.091552734375,-0.091552734375,-0.213623046875
15.3874999,0.8750807046890259,-0.5638344883918762,9.761159896850586,0.030517578125,0.091552734375,-0.335693359375
15.3924999,0.872686505317688,-0.5644330382347107,9.761159896850586,-0.030517578125,-0.030517578125,-0.274658203125
15.3974999,0.8762778043746948,-0.5674257874488831,9.767744064331055,0,0.091552734375,-0.244140625
15.4024999,0.8744821548461914,-0.5680243372917175,9.770736694335938,0,-0.030517578125,-0.152587890625
15.407499900000001,0.8744821548461914,-0.5692214369773865,9.775525093078613,0,-0.213623046875,-0.213623046875
15.4124999,0.8708908557891846,-0.5692214369773865,9.77672290802002,0.030517578125,0,-0.18310546875
15.417499900000001,0.8720879554748535,-0.5692214369773865,9.778518676757812,-0.1220703125,0.030517578125,-0.244140625
15.4224999,0.8684966564178467,-0.569819986820221,9.773131370544434,0.030517578125,0.030517578125,-0.335693359375
15.4274999,0.8750807046890259,-0.569819986820221,9.776124000549316,0.030517578125,0.06103515625,-0.152587890625
15.4324999,0.8756792545318604,-0.569819986820221,9.773730278015137,-0.06103515625,0.091552734375,-0.30517578125
15.4374999,0.8798691034317017,-0.5692214369773865,9.776124000549316,0,0,-0.244140625
15.4424999,0.8846575021743774,-0.5674257874488831,9.776124000549316,0,0.1220703125,-0.244140625
15.4474999,0.8834604024887085,-0.5674257874488831,9.774328231811523,-0.030517578125,-0.030517578125,-0.274658203125
15.452499900000001,0.884058952331543,-0.5656301379203796,9.778518676757812,0,0.030517578125,-0.335693359375
15.4574999,0.8786720037460327,-0.5674257874488831,9.7791166305542,0.06103515625,-0.091552734375,-0.3662109375
15.462499900000001,0.8756792545318604,-0.5674257874488831,9.781511306762695,0.06103515625,0.030517578125,-0.274658203125
15.4674999,0.8708908557891846,-0.5668272376060486,9.781511306762695,0.030517578125,0.1220703125,-0.244140625
15.4724999,0.8756792545318604,-0.5644330382347107,9.771934509277344,0.030517578125,0,-0.213623046875
15.4774999,0.872686505317688,-0.5614402890205383,9.77253246307373,0.091552734375,-0.030517578125,-0.274658203125
15.4824999,0.8750807046890259,-0.5590460896492004,9.780313491821289,0.18310546875,0.06103515625,-0.213623046875
15.487499900000001,0.8720879554748535,-0.558447539806366,9.7791166305542,-0.030517578125,0.1220703125,-0.244140625
15.4924999,0.871489405632019,-0.5566518902778625,9.778518676757812,0.030517578125,0.091552734375,-0.244140625
15.497499900000001,0.871489405632019,-0.5614402890205383,9.775525093078613,0.030517578125,0.244140625,-0.213623046875
15.5024999,0.8720879554748535,-0.5608417391777039,9.768342971801758,0.091552734375,0.06103515625,-0.1220703125
15.507499900000001,0.8750807046890259,-0.5650315880775452,9.77253246307373,0.152587890625,0.18310546875,-0.30517578125
15.5124999,0.8768763542175293,-0.5650315880775452,9.767744064331055,0.030517578125,0,-0.30517578125
15.5174999,0.8780734539031982,-0.5668272376060486,9.77133560180664,-0.1220703125,0,-0.1220703125
15.5224999,0.8750807046890259,-0.5638344883918762,9.770736694335938,0.152587890625,0.030517578125,-0.1220703125
15.5274999,0.8744821548461914,-0.5620388388633728,9.771934509277344,0.091552734375,0.091552734375,-0.244140625
15.532499900000001,0.8684966564178467,-0.5590460896492004,9.770736694335938,0.030517578125,0.06103515625,-0.30517578125
15.5374999,0.8684966564178467,-0.5590460896492004,9.775525093078613,-0.030517578125,0.06103515625,-0.152587890625
15.542499900000001,0.8649053573608398,-0.5614402890205383,9.773730278015137,0,0,-0.213623046875
15.5474999,0.8672995567321777,-0.5638344883918762,9.780912399291992,-0.06103515625,0.06103515625,-0.18310546875
15.5524999,0.8690952062606812,-0.5662286877632141,9.7791166305542,0,-0.18310546875,-0.152587890625
15.5574999,0.8738836050033569,-0.568622887134552,9.780912399291992,-0.030517578125,0,-0.244140625
15.5624999,0.8822633028030396,-0.5662286877632141,9.782109260559082,0.06103515625,0.18310546875,-0.274658203125
15.5674999,0.8810662031173706,-0.5620388388633728,9.775525093078613,0.030517578125,0.030517578125,-0.18310546875
15.5724999,0.8846575021743774,-0.5608417391777039,9.778518676757812,0,0.1220703125,-0.152587890625
15.577499900000001,0.8780734539031982,-0.558447539806366,9.77013874053955,0,0.244140625,-0.213623046875
15.5824999,0.8732850551605225,-0.5596446394920349,9.767146110534668,0.06103515625,0.091552734375,-0.18310546875
15.587499900000001,0.8732850551605225,-0.5596446394920349,9.767146110534668,0.06103515625,0.091552734375,-0.18310546875
15.5924999,0.8702923059463501,-0.5644330382347107,9.761758804321289,-0.091552734375,0.18310546875,-0.274658203125
15.5974999,0.8655039072036743,-0.5632359385490417,9.758167266845703,-0.1220703125,-0.1220703125,-0.18310546875
15.6024999,0.8655039072036743,-0.5680243372917175,9.761758804321289,0.091552734375,0.091552734375,-0.18310546875
15.6074999,0.8619126081466675,-0.5692214369773865,9.761758804321289,0.091552734375,-0.091552734375,-0.213623046875
15.612499900000001,0.862511157989502,-0.5728127360343933,9.77013874053955,-0.091552734375,-0.091552734375,-0.18310546875
15.6174999,0.8637082576751709,-0.5740098357200623,9.77133560180664,-0.091552734375,0.030517578125,-0.274658203125
15.622499900000001,0.8661024570465088,-0.5734112858772278,9.774927139282227,0.06103515625,0.06103515625,-0.18310546875
15.6274999,0.8708908557891846,-0.569819986820221,9.776124000549316,-0.030517578125,-0.06103515625,-0.18310546875
15.632499900000001,0.8750807046890259,-0.5662286877632141,9.77133560180664,-0.06103515625,-0.091552734375,-0.244140625
15.6374999,0.8810662031173706,-0.5626373887062073,9.774328231811523,-0.06103515625,0.06103515625,-0.244140625
15.6424999,0.8846575021743774,-0.5632359385490417,9.766547203063965,-0.030517578125,0.030517578125,-0.1220703125
15.6474999,0.8846575021743774,-0.5632359385490417,9.766547203063965,-0.030517578125,0.030517578125,-0.1220703125
15.6524999,0.8810662031173706,-0.5650315880775452,9.769539833068848,0,0,-0.213623046875
15.657499900000001,0.8774749040603638,-0.568622887134552,9.767744064331055,-0.030517578125,0.152587890625,-0.1220703125
15.6624999,0.8708908557891846,-0.5692214369773865,9.764153480529785,0,0.030517578125,-0.244140625
15.667499900000001,0.8649053573608398,-0.5692214369773865,9.768941879272461,-0.06103515625,0.18310546875,-0.274658203125
15.6724999,0.8571242094039917,-0.5668272376060486,9.762357711791992,-0.030517578125,0.213623046875,-0.213623046875
15.6774999,0.8547300100326538,-0.5632359385490417,9.770736694335938,0.091552734375,0.091552734375,-0.244140625
15.6824999,0.8649053573608398,-0.568622887134552,9.766547203063965,0.06103515625,-0.091552734375,-0.152587890625
15.6874999,0.8756792545318604,-0.5734112858772278,9.763554573059082,0.091552734375,-0.091552734375,-0.244140625
15.6924999,0.8846575021743774,-0.5710170865058899,9.768342971801758,0.030517578125,0,-0.274658203125
15.6974999,0.8852560520172119,-0.5704185366630554,9.761159896850586,-0.06103515625,0.1220703125,-0.274658203125
15.702499900000001,0.8858546018600464,-0.5656301379203796,9.762357711791992,-0.06103515625,-0.06103515625,-0.274658203125
15.7074999,0.8834604024887085,-0.5638344883918762,9.764153480529785,0.091552734375,0.152587890625,-0.274658203125
15.712499900000001,0.8786720037460327,-0.5638344883918762,9.766547203063965,-0.091552734375,0,-0.213623046875
15.7174999,0.8786720037460327,-0.5650315880775452,9.77791976928711,-0.06103515625,0.091552734375,-0.244140625
15.7224999,0.871489405632019,-0.5680243372917175,9.775525093078613,0.030517578125,0.091552734375,-0.30517578125
15.7274999,0.8690952062606812,-0.5710170865058899,9.780912399291992,0,0.06103515625,-0.1220703125
15.7324999,0.8655039072036743,-0.5710170865058899,9.775525093078613,-0.030517578125,0.152587890625,-0.274658203125
15.737499900000001,0.8607155084609985,-0.5704185366630554,9.77133560180664,0.06103515625,-0.06103515625,-0.152587890625
15.7424999,0.862511157989502,-0.5680243372917175,9.770736694335938,0.030517578125,-0.1220703125,-0.18310546875
15.747499900000001,0.871489405632019,-0.5650315880775452,9.761758804321289,0,-0.18310546875,-0.06103515625
15.7524999,0.8780734539031982,-0.5644330382347107,9.767744064331055,0.06103515625,-0.18310546875,-0.213623046875
15.757499900000001,0.8810662031173706,-0.5620388388633728,9.767744064331055,-0.091552734375,-0.1220703125,-0.457763671875
15.7624999,0.8786720037460327,-0.5596446394920349,9.77253246307373,0.091552734375,-0.030517578125,-0.244140625
15.7674999,0.8774749040603638,-0.5596446394920349,9.776124000549316,0,0.1220703125,-0.274658203125
15.7724999,0.8744821548461914,-0.5590460896492004,9.77253246307373,-0.030517578125,0.152587890625,-0.335693359375
15.7774999,0.871489405632019,-0.5608417391777039,9.773730278015137,-0.030517578125,0.213623046875,-0.244140625
15.782499900000001,0.8720879554748535,-0.5662286877632141,9.767744064331055,0.1220703125,0.030517578125,-0.18310546875
15.7874999,0.8702923059463501,-0.5668272376060486,9.765350341796875,0.152587890625,-0.06103515625,-0.152587890625
15.792499900000001,0.8678981065750122,-0.5734112858772278,9.77013874053955,0,0,-0.213623046875
15.7974999,0.8655039072036743,-0.5746083855628967,9.77013874053955,-0.06103515625,-0.091552734375,-0.335693359375
15.8024999,0.8696937561035156,-0.5752069354057312,9.773131370544434,0,-0.030517578125,-0.30517578125
15.8074999,0.8732850551605225,-0.5734112858772278,9.775525093078613,0.030517578125,0.030517578125,-0.18310546875
15.8124999,0.8780734539031982,-0.569819986820221,9.775525093078613,0,-0.1220703125,-0.18310546875
15.8174999,0.882861852645874,-0.5662286877632141,9.7791166305542,0.06103515625,0.091552734375,-0.244140625
15.8224999,0.884058952331543,-0.5632359385490417,9.778518676757812,0.1220703125,0.091552734375,-0.30517578125
15.827499900000001,0.8858546018600464,-0.5596446394920349,9.781511306762695,0.030517578125,0.030517578125,-0.244140625
15.8324999,0.8846575021743774,-0.5602431893348694,9.779715538024902,0.1220703125,0.091552734375,-0.244140625
15.837499900000001,0.8846575021743774,-0.5602431893348694,9.782708168029785,0.1220703125,0.1220703125,-0.18310546875
15.8424999,0.8631097078323364,-0.5680243372917175,9.769539833068848,-0.06103515625,-0.030517578125,-0.274658203125
15.8474999,0.8589198589324951,-0.5668272376060486,9.762955665588379,0.06103515625,0,-0.213623046875
15.8524999,0.8565256595611572,-0.5644330382347107,9.771934509277344,0.091552734375,-0.030517578125,-0.244140625
15.8574999,0.861314058303833,-0.5626373887062073,9.77253246307373,-0.030517578125,0,-0.244140625
15.862499900000001,0.8649053573608398,-0.557250440120697,9.773131370544434,-0.030517578125,-0.1220703125,-0.152587890625
15.8674999,0.8756792545318604,-0.558447539806366,9.776124000549316,0.030517578125,0.1220703125,-0.152587890625
15.872499900000001,0.8774749040603638,-0.558447539806366,9.770736694335938,0.091552734375,0,-0.244140625
15.8774999,0.8810662031173706,-0.5608417391777039,9.774927139282227,0.030517578125,-0.030517578125,-0.274658203125
15.882499900000001,0.8780734539031982,-0.5656301379203796,9.77253246307373,-0.030517578125,0.1220703125,-0.30517578125
15.8874999,0.8768763542175293,-0.5674257874488831,9.77791976928711,0.030517578125,-0.1220703125,-0.213623046875
15.8924999,0.8756792545318604,-0.5668272376060486,9.780912399291992,0,-0.06103515625,-0.152587890625
15.8974999,0.8750807046890259,-0.5674257874488831,9.784503936767578,0.06103515625,0.091552734375,-0.213623046875
15.9024999,0.871489405632019,-0.5644330382347107,9.780313491821289,0.030517578125,0,-0.18310546875
15.907499900000001,0.8702923059463501,-0.5662286877632141,9.782109260559082,-0.1220703125,-0.06103515625,-0.244140625
15.9124999,0.8631097078323364,-0.5638344883918762,9.77672290802002,-0.06103515625,0.091552734375,-0.274658203125
15.917499900000001,0.8637082576751709,-0.5620388388633728,9.770736694335938,0.1220703125,0.030517578125,-0.213623046875
15.9224999,0.861314058303833,-0.5650315880775452,9.77133560180664,0.06103515625,0.091552734375,-0.274658203125
15.9274999,0.8631097078323364,-0.5620388388633728,9.762357711791992,-0.030517578125,0,-0.213623046875
15.9324999,0.8667010068893433,-0.5644330382347107,9.768342971801758,0.030517578125,0.1220703125,-0.3662109375
15.9374999,0.8672995567321777,-0.5632359385490417,9.764153480529785,-0.06103515625,0.030517578125,-0.30517578125
15.9424999,0.871489405632019,-0.5650315880775452,9.768342971801758,-0.030517578125,0,-0.213623046875
15.9474999,0.8762778043746948,-0.5668272376060486,9.765948295593262,0.030517578125,0.091552734375,-0.213623046875
15.952499900000001,0.8858546018600464,-0.5668272376060486,9.766547203063965,0.06103515625,0.213623046875,-0.30517578125
15.9574999,0.8834604024887085,-0.5638344883918762,9.764751434326172,0.030517578125,0.030517578125,-0.30517578125
15.962499900000001,0.8816647529602051,-0.5596446394920349,9.771934509277344,-0.030517578125,0.1220703125,-0.244140625
15.9674999,0.8738836050033569,-0.557250440120697,9.768342971801758,0,0.06103515625,-0.213623046875
15.9724999,0.8702923059463501,-0.5566518902778625,9.775525093078613,0.06103515625,0,-0.244140625
15.9774999,0.8667010068893433,-0.5578489899635315,9.77672290802002,0,-0.030517578125,-0.18310546875
15.9824999,0.8631097078323364,-0.5602431893348694,9.777320861816406,-0.1220703125,0.030517578125,-0.3662109375
15.987499900000001,0.8702923059463501,-0.5650315880775452,9.778518676757812,-0.030517578125,0.213623046875,-0.213623046875
15.9924999,0.8708908557891846,-0.5662286877632141,9.773131370544434,0.1220703125,0,-0.1220703125
15.997499900000001,0.8822633028030396,-0.569819986820221,9.77253246307373,0.030517578125,0.152587890625,-0.244140625
16.0024999,0.8702923059463501,-0.5710170865058899,9.770736694335938,-0.06103515625,0.091552734375,-0.3662109375
16.0074999,0.871489405632019,-0.5710170865058899,9.774927139282227,0,0.213623046875,-0.244140625
16.0124999,0.8696937561035156,-0.5704185366630554,9.77133560180664,0,-0.06103515625,-0.213623046875
16.0174999,0.8756792545318604,-0.568622887134552,9.77791976928711,0.091552734375,0.091552734375,-0.213623046875
16.0224999,0.872686505317688,-0.5662286877632141,9.774328231811523,-0.030517578125,-0.06103515625,-0.213623046875
16.0274999,0.8720879554748535,-0.5668272376060486,9.776124000549316,-0.06103515625,-0.152587890625,-0.213623046875
16.0324999,0.8732850551605225,-0.568622887134552,9.77672290802002,-0.030517578125,0,-0.18310546875
16.0374999,0.8702923059463501,-0.5704185366630554,9.77013874053955,0.091552734375,-0.06103515625,-0.06103515625
16.0424999,0.8720879554748535,-0.5692214369773865,9.767744064331055,0.06103515625,0.152587890625,-0.152587890625
16.047499900000002,0.8702923059463501,-0.5650315880775452,9.759963035583496,-0.030517578125,0,-0.30517578125
16.0524999,0.8672995567321777,-0.5596446394920349,9.761758804321289,-0.06103515625,0.1220703125,-0.335693359375
16.0574999,0.8649053573608398,-0.5578489899635315,9.768342971801758,0.030517578125,-0.1220703125,-0.152587890625
16.0624999,0.8643068075180054,-0.5620388388633728,9.771934509277344,-0.091552734375,0,-0.18310546875
16.0674999,0.8655039072036743,-0.5638344883918762,9.770736694335938,-0.091552734375,-0.030517578125,-0.213623046875
16.0724999,0.8667010068893433,-0.5632359385490417,9.771934509277344,0,0,-0.152587890625
16.0774999,0.8655039072036743,-0.5602431893348694,9.765948295593262,0.1220703125,-0.06103515625,-0.152587890625
16.082499900000002,0.8768763542175293,-0.5602431893348694,9.783307075500488,0.06103515625,0,-0.152587890625
16.0874999,0.8720879554748535,-0.5602431893348694,9.780313491821289,0.06103515625,0,-0.213623046875
16.0924999,0.8607155084609985,-0.5674257874488831,9.77672290802002,0.1220703125,0,-0.152587890625
16.0974999,0.8601169586181641,-0.5674257874488831,9.77791976928711,0,0.030517578125,-0.213623046875
16.1024999,0.8601169586181641,-0.5656301379203796,9.778518676757812,-0.06103515625,0.030517578125,-0.18310546875
16.1074999,0.8696937561035156,-0.5656301379203796,9.780313491821289,0.1220703125,0,-0.18310546875
16.1124999,0.8720879554748535,-0.5632359385490417,9.774328231811523,0.030517578125,-0.1220703125,-0.244140625
16.117499900000002,0.8792705535888672,-0.5620388388633728,9.775525093078613,-0.06103515625,0.091552734375,-0.244140625
16.1224999,0.8792705535888672,-0.557250440120697,9.770736694335938,0.030517578125,0,-0.1220703125
16.1274999,0.8804676532745361,-0.5542576909065247,9.773131370544434,-0.030517578125,0.091552734375,-0.244140625
16.1324999,0.8798691034317017,-0.5518634915351868,9.771934509277344,-0.030517578125,0,-0.244140625
16.1374999,0.8774749040603638,-0.5560533404350281,9.77013874053955,-0.030517578125,-0.030517578125,-0.152587890625
16.1424999,0.8804676532745361,-0.5590460896492004,9.775525093078613,0.1220703125,0.152587890625,-0.18310546875
16.1474999,0.8774749040603638,-0.5638344883918762,9.776124000549316,-0.06103515625,0.030517578125,-0.30517578125
16.1524999,0.8756792545318604,-0.5662286877632141,9.768941879272461,0,0.06103515625,-0.213623046875
16.1574999,0.8738836050033569,-0.5650315880775452,9.77013874053955,0.091552734375,0.030517578125,-0.244140625
16.1624999,0.8816647529602051,-0.5626373887062073,9.774328231811523,0.06103515625,0.1220703125,-0.3662109375
16.1674999,0.8786720037460327,-0.5596446394920349,9.773730278015137,-0.091552734375,-0.1220703125,-0.274658203125
16.172499900000002,0.8816647529602051,-0.5608417391777039,9.781511306762695,-0.1220703125,-0.091552734375,-0.213623046875
16.1774999,0.8762778043746948,-0.5590460896492004,9.777320861816406,0.030517578125,-0.030517578125,-0.18310546875
16.1824999,0.8762778043746948,-0.5590460896492004,9.777320861816406,0.030517578125,-0.030517578125,-0.18310546875
16.1874999,0.8720879554748535,-0.558447539806366,9.780313491821289,-0.06103515625,-0.18310546875,-0.30517578125
16.1924999,0.8720879554748535,-0.5620388388633728,9.777320861816406,-0.06103515625,0.030517578125,-0.30517578125
16.1974999,0.8768763542175293,-0.5644330382347107,9.771934509277344,-0.091552734375,0.1220703125,-0.1220703125
16.2024999,0.872686505317688,-0.5662286877632141,9.769539833068848,-0.030517578125,0.274658203125,-0.213623046875
16.207499900000002,0.8690952062606812,-0.5674257874488831,9.771934509277344,-0.030517578125,0.06103515625,-0.244140625
16.2124999,0.8649053573608398,-0.569819986820221,9.774328231811523,0.1220703125,0.1220703125,-0.091552734375
16.2174999,0.8589198589324951,-0.5680243372917175,9.770736694335938,0,0.030517578125,-0.244140625
16.2224999,0.8589198589324951,-0.5662286877632141,9.774927139282227,0.18310546875,0.06103515625,-0.30517578125
16.2274999,0.8565256595611572,-0.5614402890205383,9.77013874053955,0.06103515625,-0.030517578125,-0.244140625
16.2324999,0.861314058303833,-0.5590460896492004,9.773730278015137,-0.152587890625,0.091552734375,-0.274658203125
16.2374999,0.8643068075180054,-0.558447539806366,9.773730278015137,0.030517578125,0.030517578125,-0.18310546875
16.242499900000002,0.8756792545318604,-0.5626373887062073,9.776124000549316,0.1220703125,0.091552734375,-0.091552734375
16.2474999,0.8762778043746948,-0.5626373887062073,9.767744064331055,0.030517578125,0.1220703125,-0.091552734375
16.2524999,0.8804676532745361,-0.5662286877632141,9.767744064331055,0,0.213623046875,-0.30517578125
16.2574999,0.8786720037460327,-0.5656301379203796,9.754576683044434,0.091552734375,0.091552734375,-0.213623046875
16.2624999,0.8780734539031982,-0.5638344883918762,9.755773544311523,0.030517578125,0.152587890625,-0.3662109375
16.2674999,0.8762778043746948,-0.5626373887062073,9.750985145568848,0.030517578125,0.18310546875,-0.30517578125
16.2724999,0.8750807046890259,-0.5596446394920349,9.75517463684082,0.030517578125,0.213623046875,-0.244140625
16.2774999,0.8768763542175293,-0.5614402890205383,9.761159896850586,-0.030517578125,0.18310546875,-0.18310546875
16.2824999,0.8738836050033569,-0.5632359385490417,9.7605619430542,0.030517578125,-0.091552734375,-0.244140625
16.2874999,0.8750807046890259,-0.5662286877632141,9.77013874053955,0.030517578125,0,-0.244140625
16.2924999,0.8708908557891846,-0.569819986820221,9.768342971801758,0,0.091552734375,-0.274658203125
16.297499900000002,0.8690952062606812,-0.5716156363487244,9.773131370544434,0.030517578125,-0.18310546875,-0.274658203125
16.3024999,0.8655039072036743,-0.5728127360343933,9.774328231811523,-0.030517578125,-0.030517578125,-0.213623046875
16.3074999,0.8702923059463501,-0.5734112858772278,9.773730278015137,0.030517578125,0.091552734375,-0.274658203125
16.3124999,0.8732850551605225,-0.5692214369773865,9.766547203063965,0.06103515625,-0.030517578125,-0.213623046875
16.3174999,0.8810662031173706,-0.5680243372917175,9.768941879272461,-0.030517578125,-0.06103515625,-0.213623046875
16.3224999,0.8649053573608398,-0.568622887134552,9.761159896850586,0,0,-0.244140625
16.3274999,0.8672995567321777,-0.5704185366630554,9.764751434326172,0,-0.06103515625,-0.213623046875
16.332499900000002,0.8661024570465088,-0.5680243372917175,9.762357711791992,-0.030517578125,0.091552734375,-0.274658203125
16.3374999,0.8696937561035156,-0.5650315880775452,9.766547203063965,0,0,-0.244140625
16.3424999,0.884058952331543,-0.5536591410636902,9.75397777557373,0.06103515625,0.091552734375,-0.213623046875
16.3474999,0.8858546018600464,-0.5560533404350281,9.7605619430542,0.06103515625,0.1220703125,-0.244140625
16.3524999,0.8780734539031982,-0.5590460896492004,9.757569313049316,0.030517578125,0.06103515625,-0.274658203125
16.3574999,0.8762778043746948,-0.5626373887062073,9.764751434326172,-0.030517578125,-0.1220703125,-0.213623046875
16.3624999,0.8720879554748535,-0.5638344883918762,9.770736694335938,0.06103515625,-0.091552734375,-0.335693359375
16.367499900000002,0.8678981065750122,-0.5632359385490417,9.774927139282227,0.030517578125,0.030517578125,-0.244140625
16.3724999,0.8702923059463501,-0.5620388388633728,9.781511306762695,-0.030517578125,0.18310546875,-0.1220703125
16.3774999,0.8655039072036743,-0.5638344883918762,9.777320861816406,-0.091552734375,0.213623046875,-0.213623046875
16.3824999,0.8702923059463501,-0.5662286877632141,9.77791976928711,-0.030517578125,0.244140625,-0.244140625
16.3874999,0.8684966564178467,-0.569819986820221,9.769539833068848,0.030517578125,0.06103515625,-0.244140625
16.3924999,0.8720879554748535,-0.5644330382347107,9.77133560180664,0,0.06103515625,-0.1220703125
16.3974999,0.8744821548461914,-0.558447539806366,9.773131370544434,0.030517578125,-0.152587890625,-0.274658203125
16.4024999,0.8804676532745361,-0.5716156363487244,9.780912399291992,0.1220703125,-0.06103515625,-0.244140625
16.4074999,0.8780734539031982,-0.5805938839912415,9.776124000549316,0.091552734375,-0.030517578125,-0.335693359375
16.4124999,0.8744821548461914,-0.579995334148407,9.779715538024902,0.030517578125,-0.06103515625,-0.213623046875
16.4174999,0.8738836050033569,-0.5758054852485657,9.781511306762695,-0.1220703125,0.18310546875,-0.213623046875
16.422499900000002,0.8696937561035156,-0.5692214369773865,9.7791166305542,-0.030517578125,0.091552734375,-0.18310546875
16.4274999,0.8696937561035156,-0.5656301379203796,9.783307075500488,-0.030517578125,0.213623046875,-0.18310546875
16.4324999,0.8637082576751709,-0.5638344883918762,9.776124000549316,0.06103515625,0.18310546875,-0.213623046875
16.4374999,0.8607155084609985,-0.558447539806366,9.779715538024902,-0.06103515625,0,-0.274658203125
16.4424999,0.862511157989502,-0.557250440120697,9.784503936767578,-0.091552734375,-0.06103515625,-0.244140625
16.4474999,0.8678981065750122,-0.5536591410636902,9.783905029296875,-0.091552734375,0,-0.274658203125
16.4524999,0.8690952062606812,-0.5566518902778625,9.7791166305542,0,-0.152587890625,-0.335693359375
16.457499900000002,0.8756792545318604,-0.558447539806366,9.779715538024902,0.152587890625,0.030517578125,-0.274658203125
16.4624999,0.8786720037460327,-0.5596446394920349,9.771934509277344,0.091552734375,-0.06103515625,-0.396728515625
16.4674999,0.8846575021743774,-0.558447539806366,9.773131370544434,0.091552734375,-0.091552734375,-0.274658203125
16.4724999,0.8888474106788635,-0.557250440120697,9.768941879272461,0.030517578125,0.1220703125,-0.152587890625
16.4774999,0.8906430602073669,-0.5566518902778625,9.77013874053955,-0.030517578125,0.1220703125,-0.1220703125
16.4824999,0.8876502513885498,-0.5590460896492004,9.77253246307373,0.091552734375,0.152587890625,-0.152587890625
16.4874999,0.8822633028030396,-0.5596446394920349,9.771934509277344,0,-0.030517578125,-0.274658203125
16.492499900000002,0.8786720037460327,-0.5626373887062073,9.7791166305542,-0.030517578125,0.06103515625,-0.396728515625
16.4974999,0.872686505317688,-0.5626373887062073,9.780912399291992,-0.06103515625,0.1220703125,-0.18310546875
16.5024999,0.8708908557891846,-0.5644330382347107,9.7791166305542,0,0.091552734375,-0.274658203125
16.5074999,0.8684966564178467,-0.568622887134552,9.776124000549316,0.1220703125,0.030517578125,-0.152587890625
16.5124999,0.8708908557891846,-0.5704185366630554,9.7791166305542,0.06103515625,0.091552734375,-0.274658203125
16.5174999,0.8672995567321777,-0.5704185366630554,9.774328231811523,0.152587890625,0.030517578125,-0.213623046875
16.5224999,0.872686505317688,-0.5668272376060486,9.776124000549316,-0.030517578125,-0.030517578125,-0.274658203125
16.5274999,0.8738836050033569,-0.5638344883918762,9.769539833068848,-0.091552734375,-0.152587890625,-0.18310546875
16.5324999,0.8810662031173706,-0.5620388388633728,9.764751434326172,-0.030517578125,-0.152587890625,-0.244140625
16.5374999,0.884058952331543,-0.5608417391777039,9.7605619430542,0.091552734375,0.06103515625,-0.18310546875
16.5424999,0.8864531517028809,-0.5596446394920349,9.75397777557373,0.06103515625,-0.030517578125,-0.18310546875
16.547499900000002,0.8882488012313843,-0.5620388388633728,9.7605619430542,-0.030517578125,0,-0.244140625
16.5524999,0.8816647529602051,-0.5626373887062073,9.762357711791992,0,-0.030517578125,-0.244140625
16.5574999,0.8643068075180054,-0.5710170865058899,9.767744064331055,0,0.1220703125,-0.335693359375
16.5624999,0.8565256595611572,-0.5674257874488831,9.77013874053955,0.030517578125,0.091552734375,-0.213623046875
16.5674999,0.8577227592468262,-0.5608417391777039,9.776124000549316,-0.06103515625,0.152587890625,-0.274658203125
16.5724999,0.8655039072036743,-0.558447539806366,9.778518676757812,-0.030517578125,0.152587890625,-0.274658203125
16.5774999,0.862511157989502,-0.5578489899635315,9.770736694335938,0,-0.091552734375,-0.1220703125
16.582499900000002,0.8708908557891846,-0.5620388388633728,9.774927139282227,0.06103515625,0,-0.244140625
16.5874999,0.8672995567321777,-0.5638344883918762,9.770736694335938,-0.030517578125,0,-0.30517578125
16.5924999,0.8661024570465088,-0.5674257874488831,9.773131370544434,0.030517578125,-0.030517578125,-0.213623046875
16.5974999,0.8667010068893433,-0.5668272376060486,9.774927139282227,-0.030517578125,0.1220703125,-0.274658203125
16.6024999,0.8631097078323364,-0.568622887134552,9.77253246307373,0.030517578125,-0.06103515625,-0.18310546875
16.6074999,0.8667010068893433,-0.5692214369773865,9.774328231811523,0.06103515625,0.06103515625,-0.274658203125
16.6124999,0.8649053573608398,-0.569819986820221,9.770736694335938,0.06103515625,0.030517578125,-0.274658203125
16.617499900000002,0.8619126081466675,-0.568622887134552,9.765350341796875,-0.030517578125,0.06103515625,-0.30517578125
16.6224999,0.8655039072036743,-0.5650315880775452,9.765948295593262,-0.06103515625,0.1220703125,-0.30517578125
16.6274999,0.8702923059463501,-0.5644330382347107,9.769539833068848,0.030517578125,0.18310546875,-0.152587890625
16.6324999,0.8732850551605225,-0.5644330382347107,9.768941879272461,-0.030517578125,-0.091552734375,-0.152587890625
16.6374999,0.8798691034317017,-0.5674257874488831,9.7791166305542,-0.06103515625,0.152587890625,-0.335693359375
16.6424999,0.8780734539031982,-0.5692214369773865,9.778518676757812,0.091552734375,0,-0.152587890625
16.6474999,0.8774749040603638,-0.5668272376060486,9.784503936767578,0.030517578125,0.091552734375,-0.244140625
16.6524999,0.8750807046890259,-0.5656301379203796,9.776124000549316,0,0,-0.213623046875
16.6574999,0.8720879554748535,-0.5632359385490417,9.77133560180664,0.1220703125,-0.091552734375,-0.18310546875
16.6624999,0.8732850551605225,-0.5602431893348694,9.769539833068848,0.06103515625,0.06103515625,-0.30517578125
16.6674999,0.8708908557891846,-0.5626373887062073,9.764153480529785,0,-0.1220703125,-0.30517578125
16.672499900000002,0.8702923059463501,-0.5692214369773865,9.780912399291992,0.1220703125,0.091552734375,-0.274658203125
16.6774999,0.8684966564178467,-0.5710170865058899,9.774927139282227,0,-0.030517578125,-0.213623046875
16.6824999,0.872686505317688,-0.5674257874488831,9.776124000549316,0,0.091552734375,-0.213623046875
16.6874999,0.871489405632019,-0.5692214369773865,9.768941879272461,0,0.1220703125,-0.213623046875
16.6924999,0.8750807046890259,-0.569819986820221,9.771934509277344,0.030517578125,0,-0.244140625
16.6974999,0.8750807046890259,-0.5710170865058899,9.764751434326172,-0.091552734375,-0.030517578125,-0.274658203125
16.7024999,0.8738836050033569,-0.5710170865058899,9.761159896850586,-0.030517578125,-0.030517578125,-0.457763671875
16.707499900000002,0.8750807046890259,-0.5710170865058899,9.764751434326172,0.06103515625,0.030517578125,-0.30517578125
16.7124999,0.8738836050033569,-0.569819986820221,9.773131370544434,0.030517578125,0.18310546875,-0.244140625
16.7174999,0.8744821548461914,-0.5704185366630554,9.774927139282227,0.18310546875,0,-0.213623046875
16.7224999,0.8750807046890259,-0.5692214369773865,9.7791166305542,0.06103515625,0.06103515625,-0.30517578125
16.7274999,0.8732850551605225,-0.5674257874488831,9.775525093078613,0.06103515625,0.152587890625,-0.213623046875
16.7324999,0.8696937561035156,-0.5650315880775452,9.776124000549316,0.1220703125,-0.091552734375,-0.213623046875
16.7374999,0.8696937561035156,-0.5638344883918762,9.775525093078613,0,0.030517578125,-0.3662109375
16.742499900000002,0.8678981065750122,-0.5650315880775452,9.774328231811523,-0.030517578125,0,-0.213623046875
16.7474999,0.8750807046890259,-0.5674257874488831,9.7791166305542,0.1220703125,0.06103515625,-0.213623046875
16.7524999,0.8774749040603638,-0.5674257874488831,9.777320861816406,0.091552734375,0.06103515625,-0.213623046875
16.7574999,0.8798691034317017,-0.5668272376060486,9.780313491821289,0.091552734375,-0.030517578125,-0.30517578125
16.7624999,0.8798691034317017,-0.5644330382347107,9.776124000549316,0.06103515625,0.030517578125,-0.30517578125
16.7674999,0.8756792545318604,-0.5596446394920349,9.774328231811523,0.06103515625,0,-0.18310546875
16.7724999,0.8667010068893433,-0.5566518902778625,9.773131370544434,0,0.030517578125,-0.213623046875
16.7774999,0.8672995567321777,-0.5560533404350281,9.782109260559082,0.1220703125,0.1220703125,-0.18310546875
16.7824999,0.8643068075180054,-0.557250440120697,9.778518676757812,0.030517578125,-0.18310546875,-0.3662109375
16.7874999,0.8702923059463501,-0.5560533404350281,9.780313491821289,-0.06103515625,-0.152587890625,-0.30517578125
16.7924999,0.8720879554748535,-0.558447539806366,9.774927139282227,-0.06103515625,0,-0.274658203125
16.797499900000002,0.8720879554748535,-0.558447539806366,9.774927139282227,-0.06103515625,0,-0.274658203125
16.8024999,0.8738836050033569,-0.5644330382347107,9.77013874053955,0,0.213623046875,-0.152587890625
16.8074999,0.8696937561035156,-0.5626373887062073,9.765948295593262,0,0.030517578125,-0.152587890625
16.8124999,0.8667010068893433,-0.5626373887062073,9.77133560180664,-0.030517578125,-0.030517578125,-0.244140625
16.8174999,0.8619126081466675,-0.558447539806366,9.771934509277344,0.030517578125,0.06103515625,-0.3662109375
16.8224999,0.8684966564178467,-0.5590460896492004,9.77672290802002,0,0.152587890625,-0.3662109375
16.8274999,0.8708908557891846,-0.558447539806366,9.773131370544434,0,0.06103515625,-0.274658203125
16.832499900000002,0.8744821548461914,-0.5602431893348694,9.77791976928711,0.091552734375,0.213623046875,-0.274658203125
16.8374999,0.8762778043746948,-0.5632359385490417,9.77791976928711,0,0.091552734375,-0.244140625
16.8424999,0.872686505317688,-0.5626373887062073,9.779715538024902,0.030517578125,0.030517578125,-0.18310546875
16.8474999,0.8732850551605225,-0.5650315880775452,9.786299705505371,0.091552734375,0.18310546875,-0.18310546875
16.8524999,0.8702923059463501,-0.5614402890205383,9.784503936767578,0.1220703125,-0.06103515625,-0.18310546875
16.8574999,0.8708908557891846,-0.5626373887062073,9.792284965515137,0.06103515625,-0.06103515625,-0.30517578125
16.8624999,0.8708908557891846,-0.5644330382347107,9.785101890563965,0.06103515625,-0.1220703125,-0.274658203125
16.867499900000002,0.8738836050033569,-0.568622887134552,9.77253246307373,0,0.18310546875,-0.335693359375
16.8724999,0.8738836050033569,-0.568622887134552,9.77253246307373,0,0.18310546875,-0.335693359375
16.8774999,0.8756792545318604,-0.5644330382347107,9.773131370544434,0,0.030517578125,-0.213623046875
16.8824999,0.8619126081466675,-0.5674257874488831,9.770736694335938,0,-0.1220703125,-0.274658203125
16.8874999,0.8661024570465088,-0.5746083855628967,9.774927139282227,-0.030517578125,0.091552734375,-0.030517578125
16.8924999,0.871489405632019,-0.5752069354057312,9.776124000549316,0.091552734375,0,-0.244140625
16.8974999,0.8744821548461914,-0.5740098357200623,9.780912399291992,0.091552734375,0.030517578125,-0.30517578125
16.9024999,0.8762778043746948,-0.5692214369773865,9.779715538024902,0.06103515625,0.030517578125,-0.244140625
16.9074999,0.8774749040603638,-0.5656301379203796,9.783307075500488,0.06103515625,0.152587890625,-0.30517578125
16.9124999,0.8792705535888672,-0.5626373887062073,9.77791976928711,-0.06103515625,0.06103515625,-0.18310546875
16.9174999,0.8810662031173706,-0.5602431893348694,9.780313491821289,-0.030517578125,0.06103515625,-0.244140625
16.922499900000002,0.8810662031173706,-0.5644330382347107,9.773730278015137,-0.06103515625,-0.091552734375,-0.244140625
16.9274999,0.8810662031173706,-0.5656301379203796,9.776124000549316,-0.091552734375,-0.091552734375,-0.1220703125
16.9324999,0.8810662031173706,-0.5692214369773865,9.77672290802002,-0.091552734375,0.091552734375,-0.244140625
16.9374999,0.8768763542175293,-0.5680243372917175,9.774328231811523,0.030517578125,0,-0.274658203125
16.9424999,0.8792705535888672,-0.5680243372917175,9.779715538024902,0,0.091552734375,-0.18310546875
16.9474999,0.8720879554748535,-0.5638344883918762,9.783905029296875,0,-0.06103515625,-0.030517578125
16.9524999,0.8732850551605225,-0.5662286877632141,9.790489196777344,0.091552734375,-0.152587890625,-0.091552734375
16.957499900000002,0.8720879554748535,-0.5662286877632141,9.783307075500488,-0.06103515625,-0.06103515625,-0.244140625
16.9624999,0.8756792545318604,-0.5638344883918762,9.78869342803955,-0.06103515625,-0.030517578125,-0.30517578125
16.9674999,0.8792705535888672,-0.5626373887062073,9.782109260559082,0.030517578125,0.030517578125,-0.244140625
16.9724999,0.882861852645874,-0.5590460896492004,9.780313491821289,-0.06103515625,0.030517578125,-0.244140625
16.9774999,0.8846575021743774,-0.5590460896492004,9.778518676757812,-0.152587890625,0.152587890625,-0.30517578125
16.9824999,0.8798691034317017,-0.5608417391777039,9.774328231811523,-0.030517578125,0,-0.244140625
16.9874999,0.8696937561035156,-0.5656301379203796,9.775525093078613,-0.030517578125,0.06103515625,-0.244140625
16.992499900000002,0.8702923059463501,-0.5632359385490417,9.773131370544434,-0.152587890625,0.091552734375,-0.30517578125
16.9974999,0.8738836050033569,-0.5590460896492004,9.766547203063965,-0.091552734375,0.152587890625,-0.244140625
17.0024999,0.871489405632019,-0.557250440120697,9.761159896850586,0.06103515625,-0.030517578125,-0.152587890625
17.0074999,0.8768763542175293,-0.5560533404350281,9.766547203063965,0.091552734375,0.030517578125,-0.244140625
17.0124999,0.8696937561035156,-0.5542576909065247,9.765350341796875,0.152587890625,0.06103515625,-0.274658203125
17.0174999,0.8768763542175293,-0.5566518902778625,9.774328231811523,0.091552734375,0.030517578125,-0.152587890625
17.0224999,0.8744821548461914,-0.557250440120697,9.773131370544434,0,0.091552734375,-0.091552734375
17.0274999,0.8744821548461914,-0.5602431893348694,9.774927139282227,0.06103515625,0.06103515625,-0.18310546875
17.0324999,0.8750807046890259,-0.5614402890205383,9.774927139282227,0,0.091552734375,-0.244140625
17.0374999,0.8661024570465088,-0.5590460896492004,9.776124000549316,-0.06103515625,-0.1220703125,-0.213623046875
17.0424999,0.8750807046890259,-0.5560533404350281,9.765948295593262,-0.1220703125,0.030517578125,-0.244140625
17.047499900000002,0.8804676532745361,-0.558447539806366,9.767146110534668,0.1220703125,0.213623046875,-0.213623046875
17.0524999,0.8846575021743774,-0.5632359385490417,9.762357711791992,0.1220703125,0.1220703125,-0.244140625
17.0574999,0.8858546018600464,-0.5668272376060486,9.768342971801758,0,0.30517578125,-0.30517578125
17.0624999,0.8834604024887085,-0.5704185366630554,9.764153480529785,0,0.030517578125,-0.3662109375
17.0674999,0.8810662031173706,-0.5704185366630554,9.770736694335938,0.030517578125,-0.091552734375,-0.244140625
17.0724999,0.8756792545318604,-0.5674257874488831,9.774328231811523,0.091552734375,0.18310546875,-0.18310546875
17.0774999,0.8678981065750122,-0.5632359385490417,9.771934509277344,-0.091552734375,-0.06103515625,-0.152587890625
17.082499900000002,0.8583213090896606,-0.5590460896492004,9.77133560180664,0,-0.030517578125,-0.18310546875
17.0874999,0.862511157989502,-0.5608417391777039,9.775525093078613,0.06103515625,0.06103515625,-0.091552734375
17.0924999,0.862511157989502,-0.5602431893348694,9.77253246307373,0.030517578125,0.06103515625,-0.396728515625
17.0974999,0.8690952062606812,-0.5590460896492004,9.773730278015137,0.06103515625,-0.06103515625,-0.244140625
17.1024999,0.8702923059463501,-0.5578489899635315,9.769539833068848,0,0.152587890625,-0.213623046875
17.1074999,0.8702923059463501,-0.5566518902778625,9.764751434326172,0.030517578125,-0.030517578125,-0.30517578125
17.1124999,0.8684966564178467,-0.5614402890205383,9.765948295593262,0.091552734375,0.18310546875,-0.152587890625
17.117499900000002,0.8637082576751709,-0.5656301379203796,9.766547203063965,0,0.18310546875,-0.1220703125
17.1224999,0.8661024570465088,-0.5650315880775452,9.791686058044434,0,0,-0.244140625
17.1274999,0.871489405632019,-0.5620388388633728,9.789292335510254,-0.030517578125,0.274658203125,-0.396728515625
17.1324999,0.8750807046890259,-0.5566518902778625,9.774328231811523,0.06103515625,0.091552734375,-0.244140625
17.1374999,0.8768763542175293,-0.5566518902778625,9.768941879272461,0.030517578125,0,-0.1220703125
17.1424999,0.8804676532745361,-0.5542576909065247,9.773131370544434,0.06103515625,0.1220703125,-0.18310546875
17.1474999,0.8822633028030396,-0.5536591410636902,9.77133560180664,-0.152587890625,0.091552734375,-0.18310546875
17.152499900000002,0.8798691034317017,-0.5530605912208557,9.773131370544434,-0.1220703125,0,-0.1220703125
17.1574999,0.8756792545318604,-0.558447539806366,9.776124000549316,0.1220703125,0.06103515625,-0.06103515625
17.1624999,0.8708908557891846,-0.5620388388633728,9.770736694335938,0.213623046875,-0.06103515625,-0.1220703125
17.1674999,0.8708908557891846,-0.5638344883918762,9.774927139282227,0.091552734375,-0.18310546875,-0.274658203125
17.172499900000002,0.871489405632019,-0.5578489899635315,9.773730278015137,0,-0.152587890625,-0.152587890625
17.1774999,0.8774749040603638,-0.5536591410636902,9.779715538024902,-0.091552734375,-0.030517578125,-0.18310546875
17.1824999,0.8822633028030396,-0.5512649416923523,9.780912399291992,-0.030517578125,0.030517578125,-0.30517578125
17.1874999,0.882861852645874,-0.557250440120697,9.785101890563965,0.06103515625,0.091552734375,-0.213623046875
17.1924999,0.8738836050033569,-0.5674257874488831,9.77133560180664,0.030517578125,-0.030517578125,-0.274658203125
17.1974999,0.872686505317688,-0.5638344883918762,9.77013874053955,0.18310546875,-0.030517578125,-0.213623046875
17.2024999,0.8690952062606812,-0.5560533404350281,9.770736694335938,0.091552734375,0.030517578125,-0.274658203125
17.207499900000002,0.8720879554748535,-0.5482721924781799,9.764153480529785,-0.152587890625,0,-0.244140625
17.2124999,0.8780734539031982,-0.5518634915351868,9.77013874053955,-0.152587890625,0.091552734375,-0.335693359375
17.2174999,0.882861852645874,-0.5578489899635315,9.765948295593262,0,0.06103515625,-0.18310546875
17.2224999,0.882861852645874,-0.5680243372917175,9.758766174316406,0.213623046875,0.1220703125,-0.152587890625
17.2274999,0.8792705535888672,-0.5746083855628967,9.758766174316406,0.091552734375,0.030517578125,-0.30517578125
17.2324999,0.8762778043746948,-0.5740098357200623,9.767146110534668,0,0.152587890625,-0.335693359375
17.2374999,0.8690952062606812,-0.5680243372917175,9.764751434326172,-0.06103515625,0.244140625,-0.244140625
17.242499900000002,0.8655039072036743,-0.5662286877632141,9.77672290802002,-0.1220703125,0.152587890625,-0.30517578125
17.2474999,0.861314058303833,-0.5644330382347107,9.780313491821289,-0.06103515625,0,-0.274658203125
17.2524999,0.8547300100326538,-0.5674257874488831,9.784503936767578,0.06103515625,-0.1220703125,-0.1220703125
17.2574999,0.8571242094039917,-0.5722141861915588,9.78989028930664,-0.06103515625,0.1220703125,-0.274658203125
17.2624999,0.8547300100326538,-0.5710170865058899,9.783307075500488,-0.091552734375,-0.030517578125,-0.274658203125
17.2674999,0.8649053573608398,-0.5710170865058899,9.786299705505371,-0.06103515625,0.091552734375,-0.335693359375
17.2724999,0.8702923059463501,-0.568622887134552,9.778518676757812,0.030517578125,0.06103515625,-0.274658203125
17.277499900000002,0.8804676532745361,-0.5674257874488831,9.783905029296875,0.18310546875,0.152587890625,-0.274658203125
17.2824999,0.8774749040603638,-0.5590460896492004,9.790489196777344,0.030517578125,0.18310546875,-0.396728515625
17.2874999,0.871489405632019,-0.5554547905921936,9.783905029296875,0.030517578125,0.030517578125,-0.213623046875
17.2924999,0.8696937561035156,-0.5530605912208557,9.790489196777344,0.1220703125,0.06103515625,-0.18310546875
17.297499900000002,0.8643068075180054,-0.5518634915351868,9.785700798034668,0.091552734375,0,-0.30517578125
17.3024999,0.8798691034317017,-0.5674257874488831,9.77791976928711,-0.06103515625,0.152587890625,-0.18310546875
17.3074999,0.8768763542175293,-0.569819986820221,9.77253246307373,0.06103515625,0.1220703125,-0.18310546875
17.3124999,0.8750807046890259,-0.5710170865058899,9.77253246307373,-0.06103515625,0.1220703125,-0.274658203125
17.3174999,0.8720879554748535,-0.5710170865058899,9.765350341796875,-0.091552734375,0.091552734375,-0.274658203125
17.3224999,0.8672995567321777,-0.5680243372917175,9.75936508178711,0,0.030517578125,-0.244140625
17.3274999,0.8684966564178467,-0.5674257874488831,9.759963035583496,0.030517578125,0.152587890625,-0.3662109375
17.332499900000002,0.8631097078323364,-0.5638344883918762,9.75936508178711,-0.030517578125,0.06103515625,-0.244140625
17.3374999,0.8655039072036743,-0.5626373887062073,9.765948295593262,0.091552734375,0.091552734375,-0.18310546875
17.3424999,0.8667010068893433,-0.5626373887062073,9.767744064331055,-0.091552734375,-0.1220703125,-0.274658203125
17.3474999,0.8661024570465088,-0.5620388388633728,9.767744064331055,0,0.030517578125,-0.335693359375
17.3524999,0.8661024570465088,-0.5620388388633728,9.767744064331055,0,0.030517578125,-0.335693359375
17.3574999,0.8672995567321777,-0.5602431893348694,9.769539833068848,0.030517578125,-0.030517578125,-0.213623046875
17.3624999,0.8684966564178467,-0.5578489899635315,9.773131370544434,0.030517578125,-0.091552734375,-0.244140625
17.367499900000002,0.8720879554748535,-0.5590460896492004,9.779715538024902,-0.06103515625,-0.06103515625,-0.213623046875
17.3724999,0.872686505317688,-0.5602431893348694,9.773730278015137,0.1220703125,-0.1220703125,-0.274658203125
17.3774999,0.8780734539031982,-0.5590460896492004,9.77672290802002,0.030517578125,-0.06103515625,-0.213623046875
17.3824999,0.882861852645874,-0.5614402890205383,9.773131370544434,0.06103515625,0.1220703125,-0.274658203125
17.3874999,0.884058952331543,-0.5608417391777039,9.769539833068848,0.06103515625,-0.06103515625,-0.18310546875
17.3924999,0.8876502513885498,-0.5608417391777039,9.773730278015137,0.06103515625,0.06103515625,-0.152587890625
17.3974999,0.8667010068893433,-0.5608417391777039,9.77672290802002,0.1220703125,0.030517578125,-0.30517578125
17.402499900000002,0.8667010068893433,-0.5608417391777039,9.77672290802002,0.1220703125,0.030517578125,-0.30517578125
17.4074999,0.8684966564178467,-0.5602431893348694,9.779715538024902,-0.1220703125,0,-0.30517578125
17.4124999,0.8684966564178467,-0.5596446394920349,9.779715538024902,0.030517578125,-0.1220703125,-0.152587890625
17.4174999,0.8684966564178467,-0.5602431893348694,9.780912399291992,0.030517578125,0.1220703125,-0.18310546875
17.422499900000002,0.8643068075180054,-0.5620388388633728,9.774328231811523,0.091552734375,-0.06103515625,-0.30517578125
17.4274999,0.8661024570465088,-0.5674257874488831,9.779715538024902,0.152587890625,-0.06103515625,-0.213623046875
17.4324999,0.8672995567321777,-0.569819986820221,9.773131370544434,0.1220703125,0,-0.274658203125
17.4374999,0.8738836050033569,-0.5722141861915588,9.77253246307373,0,-0.06103515625,-0.244140625
17.4424999,0.8810662031173706,-0.5734112858772278,9.770736694335938,0.06103515625,-0.091552734375,-0.30517578125
17.4474999,0.8834604024887085,-0.5704185366630554,9.765948295593262,0.06103515625,-0.1220703125,-0.091552734375
17.4524999,0.8888474106788635,-0.5632359385490417,9.767146110534668,-0.06103515625,0.06103515625,-0.274658203125
17.457499900000002,0.8900445103645325,-0.558447539806366,9.77253246307373,-0.06103515625,0.18310546875,-0.18310546875
17.4624999,0.8888474106788635,-0.5524620413780212,9.77133560180664,0.06103515625,0.30517578125,-0.244140625
17.4674999,0.8834604024887085,-0.5494692921638489,9.773730278015137,0,0.1220703125,-0.213623046875
17.4724999,0.8822633028030396,-0.5506663918495178,9.773131370544434,0.030517578125,0.244140625,-0.42724609375
17.4774999,0.872686505317688,-0.5548562407493591,9.77133560180664,0.030517578125,0.18310546875,-0.3662109375
17.4824999,0.8720879554748535,-0.5614402890205383,9.774328231811523,0.1220703125,0.091552734375,-0.244140625
17.4874999,0.862511157989502,-0.5662286877632141,9.77133560180664,0.152587890625,-0.152587890625,-0.1220703125
17.492499900000002,0.8631097078323364,-0.5704185366630554,9.7791166305542,-0.030517578125,-0.091552734375,-0.18310546875
17.4974999,0.8589198589324951,-0.5692214369773865,9.777320861816406,-0.030517578125,-0.152587890625,-0.30517578125
17.5024999,0.8607155084609985,-0.5716156363487244,9.77791976928711,0.06103515625,-0.091552734375,-0.18310546875
17.5074999,0.8649053573608398,-0.568622887134552,9.77791976928711,-0.030517578125,0.1220703125,-0.274658203125
17.5124999,0.8834604024887085,-0.5674257874488831,9.765350341796875,-0.06103515625,0,-0.213623046875
17.5174999,0.8792705535888672,-0.5692214369773865,9.764751434326172,0.06103515625,0.091552734375,-0.213623046875
17.5224999,0.8732850551605225,-0.5692214369773865,9.770736694335938,0.030517578125,0,-0.1220703125
17.527499900000002,0.8708908557891846,-0.5662286877632141,9.774328231811523,0.091552734375,0.091552734375,-0.1220703125
17.5324999,0.8661024570465088,-0.5608417391777039,9.774328231811523,0,-0.030517578125,-0.18310546875
17.5374999,0.8720879554748535,-0.5596446394920349,9.778518676757812,-0.091552734375,0,-0.18310546875
17.5424999,0.8756792545318604,-0.5566518902778625,9.768342971801758,-0.030517578125,0,-0.244140625
17.547499900000002,0.8822633028030396,-0.5578489899635315,9.769539833068848,-0.030517578125,-0.030517578125,-0.3662109375
17.5524999,0.8876502513885498,-0.5596446394920349,9.767146110534668,0.091552734375,0.18310546875,-0.335693359375
17.5574999,0.8876502513885498,-0.5608417391777039,9.768342971801758,0.18310546875,0.1220703125,-0.18310546875
17.5624999,0.882861852645874,-0.5638344883918762,9.771934509277344,-0.06103515625,0.091552734375,-0.152587890625
17.5674999,0.8786720037460327,-0.5662286877632141,9.775525093078613,-0.06103515625,0.152587890625,-0.213623046875
17.5724999,0.8738836050033569,-0.5650315880775452,9.769539833068848,-0.091552734375,0.1220703125,-0.213623046875
17.5774999,0.8708908557891846,-0.5656301379203796,9.770736694335938,-0.030517578125,-0.091552734375,-0.18310546875
17.582499900000002,0.8702923059463501,-0.5632359385490417,9.770736694335938,0,0.030517578125,-0.213623046875
17.5874999,0.8696937561035156,-0.5638344883918762,9.769539833068848,0,-0.030517578125,-0.244140625
17.5924999,0.872686505317688,-0.568622887134552,9.774927139282227,0,0.06103515625,-0.213623046875
17.5974999,0.8744821548461914,-0.5722141861915588,9.765350341796875,0.030517578125,-0.06103515625,-0.213623046875
17.6024999,0.8792705535888672,-0.5770025849342346,9.767744064331055,0.030517578125,-0.06103515625,-0.213623046875
17.6074999,0.8816647529602051,-0.5740098357200623,9.764751434326172,0.030517578125,-0.030517578125,-0.274658203125
17.6124999,0.8846575021743774,-0.5674257874488831,9.77133560180664,0.030517578125,0.152587890625,-0.274658203125
17.617499900000002,0.8834604024887085,-0.5614402890205383,9.77672290802002,-0.06103515625,0.091552734375,-0.18310546875
17.6224999,0.8792705535888672,-0.5560533404350281,9.783905029296875,-0.030517578125,-0.1220703125,-0.152587890625
17.6274999,0.8738836050033569,-0.5554547905921936,9.78869342803955,-0.06103515625,0.091552734375,-0.3662109375
17.6324999,0.8661024570465088,-0.5578489899635315,9.783307075500488,0.030517578125,0.06103515625,-0.3662109375
17.6374999,0.8631097078323364,-0.5590460896492004,9.785101890563965,-0.030517578125,0,-0.1220703125
17.6424999,0.8577227592468262,-0.5596446394920349,9.773730278015137,-0.091552734375,0,-0.152587890625
17.6474999,0.8619126081466675,-0.558447539806366,9.770736694335938,0.030517578125,-0.18310546875,-0.244140625
17.652499900000002,0.8667010068893433,-0.5596446394920349,9.767146110534668,0.1220703125,0.091552734375,-0.213623046875
17.6574999,0.872686505317688,-0.558447539806366,9.767744064331055,0.030517578125,-0.030517578125,-0.030517578125
17.6624999,0.8804676532745361,-0.5620388388633728,9.77672290802002,0.1220703125,0.1220703125,-0.18310546875
17.6674999,0.8786720037460327,-0.5626373887062073,9.780313491821289,-0.030517578125,0.030517578125,-0.244140625
17.672499900000002,0.8798691034317017,-0.5656301379203796,9.78869342803955,-0.06103515625,0.030517578125,-0.213623046875
17.6774999,0.8762778043746948,-0.5662286877632141,9.785101890563965,-0.030517578125,0.152587890625,-0.244140625
17.6824999,0.8762778043746948,-0.5680243372917175,9.786897659301758,-0.030517578125,0.06103515625,-0.274658203125
17.6874999,0.8780734539031982,-0.5662286877632141,9.783307075500488,0.06103515625,0.030517578125,-0.244140625
17.6924999,0.8780734539031982,-0.5662286877632141,9.778518676757812,0,0,-0.213623046875
17.6974999,0.8834604024887085,-0.5638344883918762,9.783905029296875,0,0,-0.274658203125
17.7024999,0.8810662031173706,-0.5644330382347107,9.77791976928711,-0.1220703125,-0.030517578125,-0.335693359375
17.707499900000002,0.8852560520172119,-0.5638344883918762,9.785700798034668,-0.030517578125,0.091552734375,-0.152587890625
17.7124999,0.8810662031173706,-0.5662286877632141,9.779715538024902,-0.06103515625,0.18310546875,-0.244140625
17.7174999,0.8780734539031982,-0.5626373887062073,9.778518676757812,0.030517578125,0.091552734375,-0.091552734375
17.7224999,0.8738836050033569,-0.5656301379203796,9.776124000549316,0.06103515625,0.091552734375,-0.091552734375
17.7274999,0.8672995567321777,-0.5644330382347107,9.770736694335938,0.1220703125,0,-0.244140625
17.7324999,0.8667010068893433,-0.5680243372917175,9.773730278015137,-0.06103515625,0.06103515625,-0.274658203125
17.7374999,0.8643068075180054,-0.5716156363487244,9.769539833068848,0,-0.091552734375,-0.30517578125
17.742499900000002,0.8667010068893433,-0.5746083855628967,9.773131370544434,0.06103515625,-0.1220703125,-0.244140625
17.7474999,0.8684966564178467,-0.5746083855628967,9.77013874053955,0.18310546875,-0.030517578125,-0.244140625
17.7524999,0.871489405632019,-0.5728127360343933,9.770736694335938,-0.06103515625,0.1220703125,-0.213623046875
17.7574999,0.8720879554748535,-0.5680243372917175,9.768941879272461,-0.06103515625,-0.030517578125,-0.274658203125
17.7624999,0.8852560520172119,-0.5614402890205383,9.778518676757812,-0.030517578125,0.091552734375,-0.244140625
17.7674999,0.8864531517028809,-0.5614402890205383,9.774927139282227,0.091552734375,0.06103515625,-0.091552734375
17.7724999,0.8858546018600464,-0.5632359385490417,9.773131370544434,0.06103515625,-0.091552734375,-0.244140625
17.777499900000002,0.8822633028030396,-0.5656301379203796,9.773730278015137,0,0.091552734375,-0.335693359375
17.7824999,0.8744821548461914,-0.5674257874488831,9.770736694335938,0.152587890625,0.152587890625,-0.18310546875
17.7874999,0.8678981065750122,-0.5710170865058899,9.77791976928711,0.06103515625,0.18310546875,-0.335693359375
17.7924999,0.8601169586181641,-0.5716156363487244,9.774927139282227,0.091552734375,0.1220703125,-0.274658203125
17.797499900000002,0.8565256595611572,-0.5638344883918762,9.77013874053955,0,0.030517578125,-0.274658203125
17.8024999,0.8607155084609985,-0.5614402890205383,9.765350341796875,-0.030517578125,-0.152587890625,-0.244140625
17.8074999,0.8684966564178467,-0.5632359385490417,9.77133560180664,0.030517578125,-0.030517578125,-0.274658203125
17.8124999,0.871489405632019,-0.5596446394920349,9.766547203063965,-0.06103515625,-0.06103515625,-0.274658203125
17.8174999,0.8810662031173706,-0.5620388388633728,9.776124000549316,-0.06103515625,0.18310546875,-0.213623046875
17.8224999,0.8816647529602051,-0.5596446394920349,9.776124000549316,-0.06103515625,0,-0.213623046875
17.8274999,0.8810662031173706,-0.5608417391777039,9.77133560180664,0,0.06103515625,-0.30517578125
17.832499900000002,0.8834604024887085,-0.5614402890205383,9.770736694335938,0,0.152587890625,-0.335693359375
17.8374999,0.8756792545318604,-0.5632359385490417,9.7605619430542,0,-0.030517578125,-0.244140625
17.8424999,0.8738836050033569,-0.5650315880775452,9.764751434326172,0.030517578125,0.1220703125,-0.3662109375
17.8474999,0.8577227592468262,-0.5632359385490417,9.782708168029785,-0.091552734375,-0.1220703125,-0.244140625
17.8524999,0.862511157989502,-0.569819986820221,9.783307075500488,0,-0.06103515625,-0.18310546875
17.8574999,0.8672995567321777,-0.5722141861915588,9.776124000549316,-0.091552734375,0.030517578125,-0.335693359375
17.8624999,0.8786720037460327,-0.568622887134552,9.776124000549316,0.030517578125,0,-0.335693359375
17.867499900000002,0.8804676532745361,-0.558447539806366,9.766547203063965,0.06103515625,-0.030517578125,-0.30517578125
17.8724999,0.889445960521698,-0.5446808934211731,9.77133560180664,-0.152587890625,0,-0.213623046875
17.8774999,0.8882488012313843,-0.5422866940498352,9.771934509277344,-0.152587890625,0.030517578125,-0.18310546875
17.8824999,0.884058952331543,-0.5476736426353455,9.775525093078613,-0.06103515625,0.030517578125,-0.213623046875
17.8874999,0.8816647529602051,-0.5614402890205383,9.778518676757812,-0.030517578125,0.1220703125,-0.274658203125
17.8924999,0.872686505317688,-0.5728127360343933,9.774328231811523,0.06103515625,-0.030517578125,-0.213623046875
17.8974999,0.8822633028030396,-0.5614402890205383,9.7791166305542,0.030517578125,0.18310546875,-0.091552734375
17.902499900000002,0.8900445103645325,-0.5668272376060486,9.782109260559082,-0.030517578125,0.06103515625,-0.335693359375
17.9074999,0.8942343592643738,-0.5704185366630554,9.783307075500488,0.06103515625,0.091552734375,-0.335693359375
17.9124999,0.8888474106788635,-0.5734112858772278,9.77672290802002,0.06103515625,0.091552734375,-0.18310546875
17.9174999,0.8822633028030396,-0.568622887134552,9.773730278015137,-0.06103515625,0.18310546875,-0.18310546875
17.922499900000002,0.8696937561035156,-0.5644330382347107,9.764751434326172,0.030517578125,0.091552734375,-0.244140625
17.9274999,0.8619126081466675,-0.5608417391777039,9.763554573059082,0.030517578125,0,-0.274658203125
17.9324999,0.8577227592468262,-0.558447539806366,9.763554573059082,-0.091552734375,0.1220703125,-0.274658203125
17.9374999,0.8589198589324951,-0.558447539806366,9.765948295593262,-0.06103515625,-0.091552734375,-0.244140625
17.9424999,0.8637082576751709,-0.5590460896492004,9.77253246307373,0,-0.030517578125,-0.18310546875
17.9474999,0.8858546018600464,-0.5656301379203796,9.77791976928711,0,0.18310546875,-0.244140625
17.9524999,0.8798691034317017,-0.5620388388633728,9.779715538024902,-0.06103515625,0.213623046875,-0.244140625
17.957499900000002,0.871489405632019,-0.5590460896492004,9.782708168029785,-0.1220703125,0.244140625,-0.152587890625
17.9624999,0.8601169586181641,-0.558447539806366,9.77791976928711,0.030517578125,0.030517578125,-0.1220703125
17.9674999,0.8547300100326538,-0.5578489899635315,9.785700798034668,0.152587890625,-0.030517578125,-0.152587890625
17.9724999,0.8493430614471436,-0.557250440120697,9.7791166305542,0.1220703125,0,-0.244140625
17.9774999,0.8559271097183228,-0.5566518902778625,9.783905029296875,0.06103515625,0.091552734375,-0.18310546875
17.9824999,0.8619126081466675,-0.5590460896492004,9.781511306762695,0.06103515625,0.18310546875,-0.18310546875
17.9874999,0.8619126081466675,-0.5590460896492004,9.781511306762695,0.06103515625,0.18310546875,-0.18310546875
17.992499900000002,0.8768763542175293,-0.5680243372917175,9.785700798034668,-0.06103515625,0.06103515625,-0.3662109375
17.9974999,0.8786720037460327,-0.5692214369773865,9.7791166305542,-0.06103515625,0,-0.244140625
18.0024999,0.8798691034317017,-0.558447539806366,9.776124000549316,0.06103515625,0.030517578125,-0.213623046875
18.0074999,0.8804676532745361,-0.5506663918495178,9.780313491821289,0.18310546875,-0.091552734375,-0.1220703125
18.0124999,0.8780734539031982,-0.545877993106842,9.776124000549316,-0.152587890625,0.1220703125,-0.213623046875
18.0174999,0.8780734539031982,-0.5476736426353455,9.774927139282227,0,0,-0.152587890625
18.0224999,0.884058952331543,-0.5554547905921936,9.771934509277344,0.18310546875,0.030517578125,-0.30517578125
18.027499900000002,0.882861852645874,-0.5620388388633728,9.768342971801758,0.06103515625,0.030517578125,-0.213623046875
18.0324999,0.8846575021743774,-0.568622887134552,9.77013874053955,0.030517578125,0.091552734375,-0.274658203125
18.0374999,0.8798691034317017,-0.569819986820221,9.767744064331055,0.030517578125,0.213623046875,-0.244140625
18.0424999,0.8738836050033569,-0.569819986820221,9.774328231811523,0.030517578125,0.213623046875,-0.274658203125
18.047499900000002,0.8637082576751709,-0.5632359385490417,9.774927139282227,0,0.18310546875,-0.274658203125
18.0524999,0.8637082576751709,-0.5632359385490417,9.774927139282227,0,0.18310546875,-0.274658203125
18.0574999,0.8589198589324951,-0.5608417391777039,9.77133560180664,-0.030517578125,0.06103515625,-0.244140625
18.0624999,0.862511157989502,-0.5602431893348694,9.777320861816406,-0.030517578125,0.030517578125,-0.213623046875
18.0674999,0.8607155084609985,-0.5614402890205383,9.779715538024902,0.06103515625,-0.152587890625,-0.30517578125
18.0724999,0.8661024570465088,-0.5632359385490417,9.782708168029785,0.030517578125,-0.244140625,-0.213623046875
18.0774999,0.8702923059463501,-0.5662286877632141,9.782708168029785,0.06103515625,-0.030517578125,-0.30517578125
18.082499900000002,0.8816647529602051,-0.5740098357200623,9.768342971801758,-0.06103515625,0.030517578125,-0.244140625
18.0874999,0.884058952331543,-0.5740098357200623,9.768342971801758,-0.030517578125,0.213623046875,-0.274658203125
18.0924999,0.8774749040603638,-0.5770025849342346,9.761159896850586,-0.091552734375,0.213623046875,-0.274658203125
18.0974999,0.8667010068893433,-0.5740098357200623,9.761159896850586,0.030517578125,0.18310546875,-0.3662109375
18.1024999,0.8619126081466675,-0.5728127360343933,9.766547203063965,0,-0.030517578125,-0.30517578125
18.1074999,0.8583213090896606,-0.5692214369773865,9.773131370544434,0,0.152587890625,-0.244140625
18.1124999,0.8517372608184814,-0.5668272376060486,9.773730278015137,-0.030517578125,-0.091552734375,-0.274658203125
18.117499900000002,0.8541314601898193,-0.5662286877632141,9.778518676757812,-0.030517578125,0.152587890625,-0.274658203125
18.1224999,0.851138710975647,-0.5626373887062073,9.770736694335938,0.1220703125,0.030517578125,-0.213623046875
18.1274999,0.8565256595611572,-0.5626373887062073,9.77253246307373,0.06103515625,0,-0.152587890625
18.1324999,0.862511157989502,-0.5614402890205383,9.767744064331055,-0.030517578125,0,-0.213623046875
18.1374999,0.8667010068893433,-0.5620388388633728,9.768342971801758,-0.030517578125,0,-0.274658203125
18.1424999,0.8738836050033569,-0.5650315880775452,9.770736694335938,-0.06103515625,-0.06103515625,-0.396728515625
18.1474999,0.8732850551605225,-0.5632359385490417,9.767744064331055,-0.030517578125,-0.30517578125,-0.213623046875
18.152499900000002,0.8846575021743774,-0.5536591410636902,9.776124000549316,-0.030517578125,0.244140625,-0.30517578125
18.1574999,0.8858546018600464,-0.558447539806366,9.782109260559082,0.1220703125,-0.030517578125,-0.18310546875
18.1624999,0.8738836050033569,-0.5632359385490417,9.77791976928711,0,0.1220703125,-0.30517578125
18.1674999,0.8661024570465088,-0.5626373887062073,9.780313491821289,0.091552734375,-0.030517578125,-0.244140625
18.172499900000002,0.861314058303833,-0.5602431893348694,9.776124000549316,0.18310546875,-0.091552734375,-0.06103515625
18.1774999,0.8565256595611572,-0.5578489899635315,9.768941879272461,0.1220703125,-0.1220703125,-0.18310546875
18.1824999,0.862511157989502,-0.558447539806366,9.767744064331055,0.18310546875,0.030517578125,-0.244140625
18.1874999,0.8756792545318604,-0.5596446394920349,9.765350341796875,0.152587890625,0,-0.152587890625
18.1924999,0.8756792545318604,-0.5578489899635315,9.767146110534668,0.091552734375,0.152587890625,-0.1220703125
18.1974999,0.8690952062606812,-0.557250440120697,9.766547203063965,0.06103515625,0.06103515625,-0.1220703125
18.2024999,0.8661024570465088,-0.558447539806366,9.774927139282227,0.091552734375,0.091552734375,-0.213623046875
18.207499900000002,0.8577227592468262,-0.5620388388633728,9.773730278015137,0.152587890625,0.030517578125,-0.213623046875
18.2124999,0.8601169586181641,-0.5644330382347107,9.780313491821289,0.152587890625,0.030517578125,-0.18310546875
18.2174999,0.8631097078323364,-0.5656301379203796,9.774328231811523,0,-0.091552734375,-0.30517578125
18.2224999,0.8708908557891846,-0.5650315880775452,9.77253246307373,0,-0.06103515625,-0.3662109375
18.2274999,0.8798691034317017,-0.5626373887062073,9.768342971801758,0.091552734375,0,-0.30517578125
18.2324999,0.882861852645874,-0.5620388388633728,9.767146110534668,-0.030517578125,-0.091552734375,-0.30517578125
18.2374999,0.8816647529602051,-0.5632359385490417,9.77133560180664,0.030517578125,0,-0.396728515625
18.242499900000002,0.8690952062606812,-0.5638344883918762,9.780912399291992,0.030517578125,0.030517578125,-0.244140625
18.2474999,0.8655039072036743,-0.5608417391777039,9.78869342803955,-0.06103515625,0.091552734375,-0.244140625
18.2524999,0.8589198589324951,-0.5608417391777039,9.786299705505371,-0.1220703125,0,-0.42724609375
18.2574999,0.8589198589324951,-0.5602431893348694,9.791088104248047,0.06103515625,0.18310546875,-0.30517578125
18.2624999,0.8589198589324951,-0.5626373887062073,9.782708168029785,0.152587890625,-0.06103515625,-0.18310546875
18.2674999,0.8637082576751709,-0.5650315880775452,9.780313491821289,0.030517578125,-0.06103515625,-0.18310546875
18.2724999,0.8708908557891846,-0.5668272376060486,9.775525093078613,0.06103515625,0,-0.274658203125
18.277499900000002,0.8744821548461914,-0.568622887134552,9.767744064331055,0,-0.06103515625,-0.274658203125
18.2824999,0.882861852645874,-0.5728127360343933,9.768342971801758,0.091552734375,-0.030517578125,-0.244140625
18.2874999,0.8858546018600464,-0.5740098357200623,9.763554573059082,0.030517578125,0,-0.18310546875
18.2924999,0.8810662031173706,-0.5710170865058899,9.7605619430542,-0.1220703125,0.06103515625,-0.213623046875
18.297499900000002,0.8774749040603638,-0.5674257874488831,9.762955665588379,-0.06103515625,0.091552734375,-0.18310546875
18.3024999,0.8750807046890259,-0.5638344883918762,9.769539833068848,0.030517578125,0.152587890625,-0.1220703125
18.3074999,0.8690952062606812,-0.5608417391777039,9.768941879272461,0.091552734375,0.030517578125,-0.213623046875
18.3124999,0.871489405632019,-0.5614402890205383,9.778518676757812,0.152587890625,0.030517578125,-0.18310546875
18.3174999,0.8690952062606812,-0.5602431893348694,9.777320861816406,0,0.030517578125,-0.213623046875
18.3224999,0.8672995567321777,-0.5602431893348694,9.782708168029785,0,0.06103515625,-0.335693359375
18.3274999,0.8672995567321777,-0.5608417391777039,9.782109260559082,0.06103515625,0.06103515625,-0.244140625
18.332499900000002,0.862511157989502,-0.5608417391777039,9.780912399291992,0.06103515625,-0.030517578125,-0.1220703125
18.3374999,0.8672995567321777,-0.5608417391777039,9.783905029296875,0.030517578125,0.091552734375,-0.244140625
18.3424999,0.8672995567321777,-0.5590460896492004,9.777320861816406,0.091552734375,0,-0.1220703125
18.3474999,0.8816647529602051,-0.5518634915351868,9.787496566772461,-0.06103515625,0.213623046875,-0.213623046875
18.3524999,0.8846575021743774,-0.5494692921638489,9.786897659301758,0.06103515625,-0.1220703125,-0.274658203125
18.3574999,0.8870517015457153,-0.5542576909065247,9.786897659301758,0.030517578125,0.091552734375,-0.152587890625
18.3624999,0.882861852645874,-0.5548562407493591,9.780912399291992,0,0.091552734375,-0.244140625
18.367499900000002,0.884058952331543,-0.5614402890205383,9.781511306762695,0.091552734375,0.274658203125,-0.213623046875
18.3724999,0.8762778043746948,-0.5620388388633728,9.773131370544434,0.06103515625,0.335693359375,-0.18310546875
18.3774999,0.8708908557891846,-0.5638344883918762,9.773131370544434,-0.030517578125,0.18310546875,-0.213623046875
18.3824999,0.8643068075180054,-0.5656301379203796,9.774328231811523,-0.06103515625,0.18310546875,-0.244140625
18.3874999,0.8571242094039917,-0.5656301379203796,9.77791976928711,0.06103515625,0,-0.213623046875
18.3924999,0.8577227592468262,-0.5668272376060486,9.786897659301758,0,0.091552734375,-0.152587890625
18.3974999,0.8649053573608398,-0.5620388388633728,9.782708168029785,0.091552734375,-0.152587890625,-0.213623046875
18.402499900000002,0.8720879554748535,-0.5590460896492004,9.782109260559082,0.030517578125,-0.18310546875,-0.244140625
18.4074999,0.8756792545318604,-0.557250440120697,9.777320861816406,-0.030517578125,0.06103515625,-0.30517578125
18.4124999,0.8804676532745361,-0.5518634915351868,9.775525093078613,-0.091552734375,-0.06103515625,-0.152587890625
18.4174999,0.8834604024887085,-0.5530605912208557,9.779715538024902,-0.152587890625,0.091552734375,-0.18310546875
18.422499900000002,0.8780734539031982,-0.5542576909065247,9.775525093078613,0.06103515625,0,-0.152587890625
18.4274999,0.8786720037460327,-0.557250440120697,9.782708168029785,0.091552734375,0.152587890625,-0.18310546875
18.4324999,0.8720879554748535,-0.5602431893348694,9.77791976928711,0.030517578125,0.18310546875,-0.335693359375
18.4374999,0.8720879554748535,-0.5614402890205383,9.777320861816406,0.030517578125,0.1220703125,-0.30517578125
18.4424999,0.8702923059463501,-0.5608417391777039,9.774328231811523,-0.06103515625,0.1220703125,-0.274658203125
18.4474999,0.8684966564178467,-0.5596446394920349,9.768941879272461,-0.091552734375,-0.030517578125,-0.244140625
18.4524999,0.8702923059463501,-0.5596446394920349,9.764153480529785,-0.030517578125,-0.06103515625,-0.213623046875
18.457499900000002,0.8732850551605225,-0.5638344883918762,9.77013874053955,-0.030517578125,-0.091552734375,-0.152587890625
18.4624999,0.8732850551605225,-0.5656301379203796,9.767744064331055,-0.030517578125,0,-0.244140625
18.4674999,0.8738836050033569,-0.5668272376060486,9.770736694335938,0.030517578125,-0.1220703125,-0.274658203125
18.4724999,0.8768763542175293,-0.5656301379203796,9.770736694335938,0,-0.030517578125,-0.213623046875
18.4774999,0.8762778043746948,-0.5620388388633728,9.769539833068848,0.06103515625,-0.06103515625,-0.1220703125
18.4824999,0.8816647529602051,-0.5524620413780212,9.7791166305542,-0.030517578125,0.1220703125,-0.274658203125
18.4874999,0.8744821548461914,-0.5518634915351868,9.780313491821289,-0.06103515625,0.030517578125,-0.1220703125
18.492499900000002,0.8678981065750122,-0.5566518902778625,9.782708168029785,-0.06103515625,0,-0.244140625
18.4974999,0.8643068075180054,-0.5626373887062073,9.789292335510254,-0.06103515625,0.152587890625,-0.244140625
18.5024999,0.862511157989502,-0.5644330382347107,9.798270225524902,0,0.091552734375,-0.30517578125
18.5074999,0.8601169586181641,-0.5638344883918762,9.794678688049316,0.06103515625,-0.030517578125,-0.213623046875
18.5124999,0.8619126081466675,-0.5602431893348694,9.797073364257812,0.030517578125,-0.030517578125,-0.335693359375
18.5174999,0.8607155084609985,-0.5596446394920349,9.788095474243164,0.1220703125,-0.06103515625,-0.244140625
18.5224999,0.8607155084609985,-0.557250440120697,9.782109260559082,0.1220703125,-0.091552734375,-0.244140625
18.527499900000002,0.8637082576751709,-0.557250440120697,9.777320861816406,0,0.091552734375,-0.244140625
18.5324999,0.8655039072036743,-0.5548562407493591,9.767146110534668,-0.030517578125,0.06103515625,-0.091552734375
18.5374999,0.8696937561035156,-0.5560533404350281,9.769539833068848,0.06103515625,0.091552734375,-0.244140625
18.5424999,0.8702923059463501,-0.5548562407493591,9.767146110534668,0,0.06103515625,-0.244140625
18.547499900000002,0.8702923059463501,-0.5578489899635315,9.773730278015137,0,0,-0.244140625
18.5524999,0.871489405632019,-0.5578489899635315,9.774328231811523,-0.030517578125,0.091552734375,-0.274658203125
18.5574999,0.8738836050033569,-0.5596446394920349,9.774927139282227,0,0,-0.335693359375
18.5624999,0.8882488012313843,-0.5704185366630554,9.775525093078613,-0.152587890625,0.18310546875,-0.213623046875
18.5674999,0.8852560520172119,-0.5740098357200623,9.771934509277344,-0.030517578125,0.091552734375,-0.213623046875
18.5724999,0.8852560520172119,-0.5710170865058899,9.77253246307373,0.091552734375,0.091552734375,-0.18310546875
18.5774999,0.8834604024887085,-0.5692214369773865,9.77013874053955,0.1220703125,0.152587890625,-0.213623046875
18.582499900000002,0.8768763542175293,-0.5620388388633728,9.762955665588379,0.18310546875,0.1220703125,-0.152587890625
18.5874999,0.872686505317688,-0.5620388388633728,9.767744064331055,-0.030517578125,0.091552734375,-0.274658203125
18.5924999,0.872686505317688,-0.5620388388633728,9.767744064331055,-0.030517578125,0.091552734375,-0.274658203125
18.5974999,0.8655039072036743,-0.5620388388633728,9.766547203063965,-0.091552734375,-0.152587890625,-0.30517578125
18.6024999,0.8631097078323364,-0.5668272376060486,9.771934509277344,-0.091552734375,-0.213623046875,-0.244140625
18.6074999,0.8589198589324951,-0.5662286877632141,9.775525093078613,0.091552734375,-0.091552734375,-0.18310546875
18.6124999,0.8822633028030396,-0.5602431893348694,9.762955665588379,0.091552734375,0.213623046875,-0.091552734375
18.617499900000002,0.8864531517028809,-0.5602431893348694,9.765350341796875,0.030517578125,0.091552734375,-0.152587890625
18.6224999,0.8804676532745361,-0.557250440120697,9.762955665588379,0.152587890625,0.213623046875,-0.335693359375
18.6274999,0.8684966564178467,-0.5560533404350281,9.766547203063965,0.091552734375,0.091552734375,-0.152587890625
18.6324999,0.8577227592468262,-0.5548562407493591,9.77133560180664,-0.06103515625,0.091552734375,-0.274658203125
18.6374999,0.8445546627044678,-0.5560533404350281,9.770736694335938,-0.091552734375,-0.18310546875,-0.213623046875
18.6424999,0.8421604633331299,-0.5590460896492004,9.77013874053955,-0.091552734375,-0.213623046875,-0.152587890625
18.6474999,0.8421604633331299,-0.5590460896492004,9.77013874053955,-0.091552734375,-0.213623046875,-0.152587890625
18.652499900000002,0.8517372608184814,-0.557250440120697,9.77253246307373,0.030517578125,-0.1220703125,-0.335693359375
18.6574999,0.8762778043746948,-0.5542576909065247,9.765350341796875,0,-0.1220703125,-0.1220703125
18.6624999,0.8888474106788635,-0.557250440120697,9.768941879272461,0,0.091552734375,-0.213623046875
18.6674999,0.8900445103645325,-0.5614402890205383,9.768941879272461,-0.030517578125,0.06103515625,-0.213623046875
18.672499900000002,0.8924387097358704,-0.5662286877632141,9.774927139282227,0.030517578125,0.152587890625,-0.244140625
18.6774999,0.8882488012313843,-0.5656301379203796,9.77133560180664,-0.030517578125,0.091552734375,-0.244140625
18.6824999,0.8846575021743774,-0.5638344883918762,9.773730278015137,-0.06103515625,-0.030517578125,-0.213623046875
18.6874999,0.8816647529602051,-0.5632359385490417,9.768342971801758,-0.06103515625,0.030517578125,-0.18310546875
18.6924999,0.8750807046890259,-0.5614402890205383,9.768941879272461,0,0.091552734375,-0.274658203125
18.6974999,0.8762778043746948,-0.5650315880775452,9.771934509277344,-0.06103515625,0.244140625,-0.335693359375
18.7024999,0.8696937561035156,-0.5662286877632141,9.773131370544434,0.030517578125,0.06103515625,-0.42724609375
18.707499900000002,0.8655039072036743,-0.5668272376060486,9.776124000549316,-0.06103515625,0.18310546875,-0.274658203125
18.7124999,0.8583213090896606,-0.5662286877632141,9.773131370544434,-0.06103515625,0.091552734375,-0.18310546875
18.7174999,0.8708908557891846,-0.5632359385490417,9.780912399291992,-0.091552734375,-0.1220703125,-0.244140625
18.7224999,0.8750807046890259,-0.5590460896492004,9.773131370544434,-0.091552734375,-0.1220703125,-0.091552734375
18.7274999,0.8876502513885498,-0.5602431893348694,9.7791166305542,0.091552734375,-0.152587890625,-0.244140625
18.7324999,0.8888474106788635,-0.5578489899635315,9.77253246307373,0.18310546875,-0.1220703125,-0.30517578125
18.7374999,0.8912416100502014,-0.5602431893348694,9.776124000549316,0.091552734375,0.06103515625,-0.244140625
18.742499900000002,0.8876502513885498,-0.558447539806366,9.771934509277344,0.091552734375,0.152587890625,-0.213623046875
18.7474999,0.8804676532745361,-0.558447539806366,9.768342971801758,0.030517578125,0.18310546875,-0.30517578125
18.7524999,0.8804676532745361,-0.5566518902778625,9.766547203063965,0.06103515625,0.3662109375,-0.213623046875
18.7574999,0.8732850551605225,-0.5578489899635315,9.762357711791992,0,0.18310546875,-0.213623046875
18.7624999,0.8720879554748535,-0.5590460896492004,9.769539833068848,-0.18310546875,0.091552734375,-0.274658203125
18.7674999,0.8529343605041504,-0.5548562407493591,9.788095474243164,-0.06103515625,-0.1220703125,-0.3662109375
18.7724999,0.8529343605041504,-0.5548562407493591,9.788095474243164,-0.06103515625,-0.1220703125,-0.3662109375
18.777499900000002,0.851138710975647,-0.5536591410636902,9.78989028930664,-0.091552734375,-0.213623046875,-0.274658203125
18.7824999,0.8565256595611572,-0.5566518902778625,9.79288387298584,-0.1220703125,-0.1220703125,-0.213623046875
18.7874999,0.8571242094039917,-0.5602431893348694,9.784503936767578,0.06103515625,-0.18310546875,-0.244140625
18.7924999,0.8655039072036743,-0.5644330382347107,9.781511306762695,0.06103515625,-0.091552734375,-0.213623046875
18.797499900000002,0.8696937561035156,-0.5674257874488831,9.773730278015137,0.06103515625,-0.091552734375,-0.213623046875
18.8024999,0.8792705535888672,-0.5680243372917175,9.770736694335938,-0.06103515625,-0.091552734375,-0.274658203125
18.8074999,0.8852560520172119,-0.5692214369773865,9.775525093078613,0.030517578125,0.30517578125,-0.152587890625
18.8124999,0.882861852645874,-0.5674257874488831,9.77133560180664,0.06103515625,0.244140625,-0.274658203125
18.8174999,0.8798691034317017,-0.5650315880775452,9.768941879272461,0.030517578125,0.152587890625,-0.244140625
18.8224999,0.8684966564178467,-0.5602431893348694,9.763554573059082,0.091552734375,0.152587890625,-0.244140625
18.8274999,0.8553285598754883,-0.5554547905921936,9.768342971801758,-0.06103515625,0.091552734375,-0.244140625
18.832499900000002,0.8583213090896606,-0.5614402890205383,9.7791166305542,0.030517578125,-0.06103515625,-0.18310546875
18.8374999,0.8583213090896606,-0.568622887134552,9.774927139282227,0.1220703125,-0.213623046875,-0.18310546875
18.8424999,0.8667010068893433,-0.5728127360343933,9.774328231811523,-0.06103515625,-0.244140625,-0.335693359375
18.8474999,0.884058952331543,-0.5728127360343933,9.780313491821289,-0.152587890625,-0.1220703125,-0.30517578125
18.8524999,0.8924387097358704,-0.5674257874488831,9.77133560180664,-0.030517578125,-0.152587890625,-0.152587890625
18.8574999,0.9080010056495667,-0.5644330382347107,9.776124000549316,-0.091552734375,-0.152587890625,-0.30517578125
18.8624999,0.9080010056495667,-0.5620388388633728,9.771934509277344,0.1220703125,-0.030517578125,-0.335693359375
18.867499900000002,0.9080010056495667,-0.5602431893348694,9.771934509277344,0.030517578125,0.274658203125,-0.152587890625
18.8724999,0.8978256583213806,-0.5578489899635315,9.773730278015137,0.06103515625,0.579833984375,-0.30517578125
18.8774999,0.8900445103645325,-0.5560533404350281,9.77253246307373,-0.030517578125,0.30517578125,-0.30517578125
18.8824999,0.8780734539031982,-0.558447539806366,9.782109260559082,-0.091552734375,0.244140625,-0.152587890625
18.8874999,0.8427590131759644,-0.5716156363487244,9.787496566772461,0.030517578125,0.213623046875,-0.244140625
18.8924999,0.8355764150619507,-0.568622887134552,9.780313491821289,0.091552734375,-0.06103515625,-0.244140625
18.8974999,0.8457517623901367,-0.5638344883918762,9.782109260559082,0.030517578125,0.06103515625,-0.335693359375
18.902499900000002,0.8409633636474609,-0.5590460896492004,9.77253246307373,-0.091552734375,-0.18310546875,-0.213623046875
18.9074999,0.8559271097183228,-0.558447539806366,9.7791166305542,-0.06103515625,-0.213623046875,-0.213623046875
18.9124999,0.8619126081466675,-0.5620388388633728,9.77791976928711,0.030517578125,-0.274658203125,-0.213623046875
18.9174999,0.8738836050033569,-0.5620388388633728,9.77253246307373,-0.06103515625,-0.42724609375,-0.1220703125
18.922499900000002,0.8930372595787048,-0.5644330382347107,9.774927139282227,-0.030517578125,-0.213623046875,-0.152587890625
18.9274999,0.9056068062782288,-0.5644330382347107,9.765350341796875,-0.030517578125,-0.06103515625,-0.30517578125
18.9324999,0.9133879542350769,-0.5614402890205383,9.761758804321289,0,0.152587890625,-0.213623046875
18.9374999,0.912190854549408,-0.5602431893348694,9.764153480529785,-0.1220703125,0.091552734375,-0.213623046875
18.9424999,0.8702923059463501,-0.5506663918495178,9.784503936767578,0.06103515625,0.335693359375,-0.18310546875
18.9474999,0.8571242094039917,-0.5518634915351868,9.780313491821289,0.06103515625,0.457763671875,-0.18310546875
18.9524999,0.8475474119186401,-0.5536591410636902,9.782708168029785,0.1220703125,0.30517578125,-0.30517578125
18.957499900000002,0.8451532125473022,-0.558447539806366,9.785101890563965,0.06103515625,0.152587890625,-0.396728515625
18.9624999,0.8451532125473022,-0.5578489899635315,9.780912399291992,-0.091552734375,-0.213623046875,-0.3662109375
18.9674999,0.8517372608184814,-0.5578489899635315,9.777320861816406,-0.18310546875,-0.3662109375,-0.30517578125
18.9724999,0.8631097078323364,-0.5632359385490417,9.77791976928711,0,-0.579833984375,-0.152587890625
18.9774999,0.8804676532745361,-0.5674257874488831,9.774927139282227,0.06103515625,-0.54931640625,-0.213623046875
18.9824999,0.8930372595787048,-0.5734112858772278,9.771934509277344,0.06103515625,-0.244140625,-0.30517578125
18.9874999,0.9074024558067322,-0.5728127360343933,9.770736694335938,0.091552734375,0.030517578125,-0.213623046875
18.992499900000002,0.9103952050209045,-0.5704185366630554,9.757569313049316,0.1220703125,0.6103515625,-0.274658203125
18.9974999,0.8978256583213806,-0.569819986820221,9.749189376831055,0.091552734375,0.6103515625,-0.152587890625
19.0024999,0.8810662031173706,-0.5674257874488831,9.75278091430664,0,0.518798828125,-0.274658203125
19.0074999,0.8619126081466675,-0.5632359385490417,9.764751434326172,-0.030517578125,0.640869140625,-0.274658203125
19.0124999,0.8409633636474609,-0.5566518902778625,9.769539833068848,0.091552734375,0.1220703125,-0.18310546875
19.0174999,0.8319851160049438,-0.5506663918495178,9.784503936767578,0,-0.152587890625,-0.274658203125
19.0224999,0.8248024582862854,-0.5500678420066833,9.785700798034668,-0.1220703125,-0.396728515625,-0.244140625
19.027499900000002,0.8331822156906128,-0.5530605912208557,9.790489196777344,-0.152587890625,-0.48828125,-0.213623046875
19.0324999,0.8457517623901367,-0.5596446394920349,9.786897659301758,0,-0.457763671875,-0.213623046875
19.0374999,0.8637082576751709,-0.5632359385490417,9.780912399291992,0.06103515625,-0.54931640625,-0.152587890625
19.0424999,0.9080010056495667,-0.5692214369773865,9.77672290802002,0,0.1220703125,-0.274658203125
19.047499900000002,0.9044097065925598,-0.5680243372917175,9.773730278015137,0.030517578125,0.06103515625,-0.335693359375
19.0524999,0.8972271084785461,-0.5674257874488831,9.780313491821289,0.1220703125,0.152587890625,-0.335693359375
19.0574999,0.8858546018600464,-0.5674257874488831,9.782109260559082,0.1220703125,0.18310546875,-0.30517578125
19.0624999,0.8696937561035156,-0.5662286877632141,9.780912399291992,0.06103515625,0.152587890625,-0.213623046875
19.0674999,0.8631097078323364,-0.5632359385490417,9.786299705505371,0.030517578125,0.274658203125,-0.213623046875
19.0724999,0.851138710975647,-0.5590460896492004,9.780912399291992,-0.030517578125,0.1220703125,-0.152587890625
19.0774999,0.8565256595611572,-0.558447539806366,9.784503936767578,0.030517578125,0.18310546875,-0.244140625
19.082499900000002,0.8535329103469849,-0.5602431893348694,9.774927139282227,0.1220703125,-0.030517578125,-0.244140625
19.0874999,0.8583213090896606,-0.5602431893348694,9.77133560180664,0.030517578125,0.06103515625,-0.213623046875
19.0924999,0.861314058303833,-0.5626373887062073,9.764751434326172,0,-0.06103515625,-0.18310546875
19.0974999,0.8607155084609985,-0.5608417391777039,9.761758804321289,-0.152587890625,-0.091552734375,-0.274658203125
19.1024999,0.8672995567321777,-0.5626373887062073,9.766547203063965,0.06103515625,-0.396728515625,-0.244140625
19.1074999,0.8744821548461914,-0.5644330382347107,9.771934509277344,-0.06103515625,-0.244140625,-0.18310546875
19.1124999,0.8798691034317017,-0.5644330382347107,9.769539833068848,-0.091552734375,-0.152587890625,-0.274658203125
19.117499900000002,0.889445960521698,-0.5668272376060486,9.77013874053955,0,-0.091552734375,-0.335693359375
19.1224999,0.889445960521698,-0.5752069354057312,9.769539833068848,0.06103515625,0.396728515625,-0.335693359375
19.1274999,0.8774749040603638,-0.5710170865058899,9.768941879272461,0.152587890625,0.396728515625,-0.213623046875
19.1324999,0.8732850551605225,-0.5644330382347107,9.776124000549316,-0.06103515625,0.42724609375,-0.274658203125
19.1374999,0.8637082576751709,-0.5614402890205383,9.773131370544434,0,0.1220703125,-0.274658203125
19.1424999,0.8559271097183228,-0.5638344883918762,9.774328231811523,0.06103515625,0,-0.274658203125
19.1474999,0.8559271097183228,-0.5674257874488831,9.775525093078613,0.091552734375,-0.091552734375,-0.1220703125
19.152499900000002,0.8690952062606812,-0.5692214369773865,9.7791166305542,-0.152587890625,-0.274658203125,-0.213623046875
19.1574999,0.8774749040603638,-0.568622887134552,9.775525093078613,-0.06103515625,-0.396728515625,-0.18310546875
19.1624999,0.8936358094215393,-0.5692214369773865,9.778518676757812,0,-0.274658203125,-0.1220703125
19.1674999,0.9032126069068909,-0.5728127360343933,9.771934509277344,0.152587890625,-0.06103515625,-0.030517578125
19.172499900000002,0.9050082564353943,-0.5722141861915588,9.770736694335938,-0.030517578125,-0.091552734375,-0.152587890625
19.1774999,0.9026140570640564,-0.569819986820221,9.768342971801758,-0.030517578125,0.152587890625,-0.152587890625
19.1824999,0.8924387097358704,-0.5614402890205383,9.765350341796875,0,0.1220703125,-0.244140625
19.1874999,0.8804676532745361,-0.5578489899635315,9.768941879272461,0.030517578125,0.152587890625,-0.18310546875
19.1924999,0.8720879554748535,-0.557250440120697,9.764751434326172,0,0.152587890625,-0.1220703125
19.1974999,0.8678981065750122,-0.5608417391777039,9.768342971801758,0.030517578125,0.152587890625,-0.3662109375
19.2024999,0.8696937561035156,-0.5638344883918762,9.776124000549316,0.06103515625,0.1220703125,-0.30517578125
19.207499900000002,0.8750807046890259,-0.5638344883918762,9.787496566772461,0.030517578125,0.152587890625,-0.18310546875
19.2124999,0.8786720037460327,-0.569819986820221,9.791686058044434,0.06103515625,0.1220703125,-0.244140625
19.2174999,0.871489405632019,-0.5740098357200623,9.785700798034668,0.030517578125,0.091552734375,-0.30517578125
19.2224999,0.8696937561035156,-0.5776011347770691,9.783307075500488,0.030517578125,-0.030517578125,-0.1220703125
19.2274999,0.8696937561035156,-0.5776011347770691,9.783307075500488,0.030517578125,-0.030517578125,-0.1220703125
19.2324999,0.8619126081466675,-0.5758054852485657,9.77672290802002,0.030517578125,-0.213623046875,-0.213623046875
19.2374999,0.861314058303833,-0.5710170865058899,9.77791976928711,0.030517578125,-0.244140625,-0.244140625
19.242499900000002,0.8661024570465088,-0.5674257874488831,9.777320861816406,-0.030517578125,-0.213623046875,-0.274658203125
19.2474999,0.8708908557891846,-0.5650315880775452,9.776124000549316,-0.091552734375,-0.213623046875,-0.213623046875
19.2524999,0.8804676532745361,-0.5632359385490417,9.779715538024902,-0.030517578125,0,-0.274658203125
19.2574999,0.8900445103645325,-0.5602431893348694,9.77253246307373,0.030517578125,-0.152587890625,-0.1220703125
19.2624999,0.8948329091072083,-0.5578489899635315,9.773131370544434,0,0.091552734375,-0.1220703125
19.2674999,0.8505401611328125,-0.5608417391777039,9.781511306762695,-0.091552734375,-0.152587890625,-0.30517578125
19.2724999,0.849941611289978,-0.5596446394920349,9.791088104248047,-0.030517578125,-0.396728515625,-0.274658203125
19.277499900000002,0.8529343605041504,-0.5644330382347107,9.787496566772461,0.030517578125,-0.30517578125,-0.244140625
19.2824999,0.8792705535888672,-0.5728127360343933,9.780912399291992,0,-0.152587890625,-0.274658203125
19.2874999,0.8792705535888672,-0.5728127360343933,9.780912399291992,0,-0.152587890625,-0.274658203125
19.2924999,0.8912416100502014,-0.5746083855628967,9.769539833068848,-0.030517578125,-0.06103515625,-0.18310546875
19.297499900000002,0.9038111567497253,-0.5728127360343933,9.768342971801758,0.030517578125,0.1220703125,-0.213623046875
19.3024999,0.9014169573783875,-0.569819986820221,9.763554573059082,0.1220703125,0.335693359375,-0.274658203125
19.3074999,0.8409633636474609,-0.5656301379203796,9.77791976928711,0.091552734375,-0.06103515625,-0.274658203125
19.3124999,0.8409633636474609,-0.5656301379203796,9.77791976928711,0.091552734375,-0.06103515625,-0.274658203125
19.3174999,0.8313865661621094,-0.5632359385490417,9.778518676757812,0,-0.244140625,-0.213623046875
19.3224999,0.8373720645904541,-0.5608417391777039,9.785101890563965,-0.1220703125,-0.213623046875,-0.152587890625
19.3274999,0.8463503122329712,-0.557250440120697,9.783307075500488,-0.06103515625,-0.274658203125,-0.18310546875
19.332499900000002,0.8655039072036743,-0.5578489899635315,9.782708168029785,0.030517578125,-0.274658203125,-0.335693359375
19.3374999,0.8846575021743774,-0.5596446394920349,9.774927139282227,0,-0.152587890625,-0.152587890625
19.3424999,0.8984242081642151,-0.5596446394920349,9.769539833068848,0.030517578125,-0.030517578125,-0.152587890625
19.3474999,0.9133879542350769,-0.5614402890205383,9.765948295593262,0.1220703125,0.274658203125,-0.213623046875
19.3524999,0.9103952050209045,-0.5632359385490417,9.761758804321289,0.06103515625,0.091552734375,-0.152587890625
19.3574999,0.9085995554924011,-0.5662286877632141,9.767744064331055,0,0.18310546875,-0.274658203125
19.3624999,0.8541314601898193,-0.5656301379203796,9.780313491821289,-0.1220703125,0.06103515625,-0.152587890625
19.367499900000002,0.8505401611328125,-0.5626373887062073,9.7791166305542,-0.152587890625,0.030517578125,-0.152587890625
19.3724999,0.8505401611328125,-0.5626373887062073,9.770736694335938,-0.091552734375,0,-0.30517578125
19.3774999,0.8577227592468262,-0.5614402890205383,9.771934509277344,0.091552734375,0.091552734375,-0.213623046875
19.3824999,0.8631097078323364,-0.5602431893348694,9.765350341796875,0.1220703125,0,-0.213623046875
19.3874999,0.8756792545318604,-0.5608417391777039,9.767744064331055,-0.030517578125,-0.18310546875,-0.274658203125
19.3924999,0.884058952331543,-0.5614402890205383,9.765948295593262,0.030517578125,0,-0.244140625
19.3974999,0.8858546018600464,-0.5614402890205383,9.762357711791992,0.06103515625,-0.06103515625,-0.213623046875
19.402499900000002,0.8882488012313843,-0.5662286877632141,9.766547203063965,0.06103515625,0.091552734375,-0.213623046875
19.4074999,0.8762778043746948,-0.5656301379203796,9.762357711791992,-0.030517578125,-0.152587890625,-0.244140625
19.4124999,0.8720879554748535,-0.5620388388633728,9.773131370544434,-0.030517578125,0.091552734375,-0.213623046875
19.4174999,0.8780734539031982,-0.5608417391777039,9.775525093078613,0,0.244140625,-0.213623046875
19.422499900000002,0.8780734539031982,-0.5596446394920349,9.77133560180664,0.091552734375,0.1220703125,-0.18310546875
19.4274999,0.8786720037460327,-0.5620388388633728,9.774328231811523,0.152587890625,0.1220703125,-0.244140625
19.4324999,0.8738836050033569,-0.5626373887062073,9.768342971801758,0.091552734375,0.091552734375,-0.274658203125
19.4374999,0.8720879554748535,-0.5668272376060486,9.77133560180664,-0.030517578125,0.152587890625,-0.213623046875
19.4424999,0.871489405632019,-0.5668272376060486,9.768941879272461,0.091552734375,0,-0.18310546875
19.4474999,0.8768763542175293,-0.5656301379203796,9.77133560180664,-0.030517578125,-0.030517578125,-0.244140625
19.4524999,0.8798691034317017,-0.5638344883918762,9.769539833068848,0.06103515625,-0.1220703125,-0.18310546875
19.457499900000002,0.8882488012313843,-0.5626373887062073,9.77253246307373,-0.06103515625,0.091552734375,-0.335693359375
19.4624999,0.889445960521698,-0.5626373887062073,9.776124000549316,-0.030517578125,0.030517578125,-0.244140625
19.4674999,0.8882488012313843,-0.5626373887062073,9.77253246307373,0.030517578125,0.152587890625,-0.335693359375
19.4724999,0.8822633028030396,-0.5626373887062073,9.768941879272461,0.030517578125,0.213623046875,-0.30517578125
19.4774999,0.8780734539031982,-0.5638344883918762,9.770736694335938,0.030517578125,0.30517578125,-0.18310546875
19.4824999,0.8684966564178467,-0.5614402890205383,9.763554573059082,-0.06103515625,0.213623046875,-0.152587890625
19.4874999,0.8649053573608398,-0.5620388388633728,9.774927139282227,0.06103515625,0.152587890625,-0.213623046875
19.492499900000002,0.8595184087753296,-0.5638344883918762,9.770736694335938,0.06103515625,0.1220703125,-0.152587890625
19.4974999,0.8601169586181641,-0.5650315880775452,9.780313491821289,0.030517578125,-0.030517578125,-0.213623046875
19.5024999,0.8649053573608398,-0.5692214369773865,9.780313491821289,-0.030517578125,-0.091552734375,-0.213623046875
19.5074999,0.8678981065750122,-0.5704185366630554,9.782708168029785,-0.06103515625,-0.091552734375,-0.274658203125
19.5124999,0.8774749040603638,-0.5716156363487244,9.78869342803955,0.06103515625,-0.06103515625,-0.274658203125
19.5174999,0.8882488012313843,-0.5662286877632141,9.782109260559082,0.030517578125,-0.091552734375,-0.244140625
19.5224999,0.8900445103645325,-0.5608417391777039,9.77133560180664,-0.030517578125,0.152587890625,-0.244140625
19.527499900000002,0.8930372595787048,-0.5566518902778625,9.765948295593262,-0.091552734375,0.152587890625,-0.152587890625
19.5324999,0.8906430602073669,-0.5560533404350281,9.766547203063965,0,0.213623046875,-0.213623046875
19.5374999,0.882861852645874,-0.5596446394920349,9.769539833068848,0.091552734375,0.274658203125,-0.274658203125
19.5424999,0.8786720037460327,-0.5668272376060486,9.777320861816406,0.030517578125,0.3662109375,-0.274658203125
19.547499900000002,0.8672995567321777,-0.5710170865058899,9.776124000549316,0.030517578125,0.244140625,-0.274658203125
19.5524999,0.8667010068893433,-0.5734112858772278,9.77791976928711,0.030517578125,0.213623046875,-0.396728515625
19.5574999,0.8631097078323364,-0.5716156363487244,9.773131370544434,0.06103515625,0.274658203125,-0.3662109375
19.5624999,0.8643068075180054,-0.5704185366630554,9.77013874053955,-0.030517578125,0.091552734375,-0.213623046875
19.5674999,0.8672995567321777,-0.5692214369773865,9.77133560180664,0.091552734375,0.091552734375,-0.244140625
19.5724999,0.8672995567321777,-0.5692214369773865,9.765948295593262,-0.152587890625,-0.091552734375,-0.30517578125
19.5774999,0.8822633028030396,-0.5602431893348694,9.777320861816406,0.06103515625,-0.06103515625,-0.213623046875
19.582499900000002,0.8822633028030396,-0.5590460896492004,9.779715538024902,0.06103515625,-0.030517578125,-0.18310546875
19.5874999,0.8822633028030396,-0.5614402890205383,9.777320861816406,0,-0.1220703125,-0.213623046875
19.5924999,0.8822633028030396,-0.5632359385490417,9.774328231811523,-0.030517578125,-0.030517578125,-0.30517578125
19.5974999,0.8768763542175293,-0.5620388388633728,9.765948295593262,0.030517578125,0.06103515625,-0.274658203125
19.6024999,0.8762778043746948,-0.5626373887062073,9.763554573059082,0.06103515625,0.30517578125,-0.213623046875
19.6074999,0.8702923059463501,-0.5596446394920349,9.7605619430542,0.030517578125,0.213623046875,-0.274658203125
19.6124999,0.8708908557891846,-0.5602431893348694,9.767744064331055,0.030517578125,0.3662109375,-0.274658203125
19.617499900000002,0.8684966564178467,-0.5590460896492004,9.770736694335938,0,0.244140625,-0.18310546875
19.6224999,0.8667010068893433,-0.5578489899635315,9.776124000549316,0.06103515625,0.152587890625,-0.152587890625
19.6274999,0.8643068075180054,-0.5548562407493591,9.778518676757812,-0.06103515625,0.06103515625,-0.18310546875
19.6324999,0.8607155084609985,-0.5524620413780212,9.77672290802002,-0.1220703125,-0.06103515625,-0.244140625
19.6374999,0.8595184087753296,-0.557250440120697,9.77133560180664,-0.030517578125,-0.274658203125,-0.1220703125
19.6424999,0.8667010068893433,-0.558447539806366,9.774927139282227,0.06103515625,-0.244140625,-0.213623046875
19.6474999,0.8702923059463501,-0.5620388388633728,9.771934509277344,0.1220703125,-0.152587890625,-0.18310546875
19.652499900000002,0.8762778043746948,-0.5602431893348694,9.77791976928711,-0.06103515625,-0.244140625,-0.152587890625
19.6574999,0.8822633028030396,-0.5608417391777039,9.782109260559082,-0.030517578125,-0.030517578125,-0.152587890625
19.6624999,0.8852560520172119,-0.557250440120697,9.783905029296875,0.030517578125,0,-0.18310546875
19.6674999,0.8924387097358704,-0.5596446394920349,9.793481826782227,-0.030517578125,0.152587890625,-0.3662109375
19.672499900000002,0.8918401598930359,-0.5602431893348694,9.785700798034668,0.091552734375,0.30517578125,-0.274658203125
19.6774999,0.8936358094215393,-0.5638344883918762,9.79288387298584,0.030517578125,0.18310546875,-0.18310546875
19.6824999,0.8451532125473022,-0.5674257874488831,9.77013874053955,0.06103515625,-0.030517578125,-0.244140625
19.6874999,0.8475474119186401,-0.5716156363487244,9.77672290802002,0.091552734375,-0.091552734375,-0.213623046875
19.6924999,0.849941611289978,-0.569819986820221,9.77133560180664,0,-0.152587890625,-0.152587890625
19.6974999,0.8583213090896606,-0.5704185366630554,9.775525093078613,0.18310546875,-0.30517578125,-0.1220703125
19.7024999,0.8649053573608398,-0.5692214369773865,9.77791976928711,0,-0.30517578125,-0.274658203125
19.707499900000002,0.8732850551605225,-0.5650315880775452,9.7791166305542,0.06103515625,-0.213623046875,-0.213623046875
19.7124999,0.8846575021743774,-0.5638344883918762,9.785700798034668,0.091552734375,-0.030517578125,-0.213623046875
19.7174999,0.8888474106788635,-0.5608417391777039,9.782708168029785,-0.091552734375,0.06103515625,-0.18310546875
19.7224999,0.899621307849884,-0.5602431893348694,9.783905029296875,-0.030517578125,0.213623046875,-0.244140625
19.7274999,0.8972271084785461,-0.5596446394920349,9.777320861816406,-0.030517578125,0.335693359375,-0.396728515625
19.7324999,0.8661024570465088,-0.5656301379203796,9.758766174316406,-0.091552734375,0.152587890625,-0.335693359375
19.7374999,0.8595184087753296,-0.5644330382347107,9.754576683044434,0.06103515625,0.091552734375,-0.18310546875
19.742499900000002,0.8607155084609985,-0.5632359385490417,9.758766174316406,0.152587890625,-0.1220703125,-0.244140625
19.7474999,0.861314058303833,-0.5644330382347107,9.762357711791992,-0.06103515625,-0.152587890625,-0.30517578125
19.7524999,0.8649053573608398,-0.5632359385490417,9.77253246307373,-0.091552734375,-0.213623046875,-0.213623046875
19.7574999,0.8690952062606812,-0.5602431893348694,9.777320861816406,0.091552734375,-0.091552734375,-0.18310546875
19.7624999,0.8804676532745361,-0.5578489899635315,9.787496566772461,0,0.030517578125,-0.06103515625
19.7674999,0.882861852645874,-0.558447539806366,9.783905029296875,-0.030517578125,-0.030517578125,-0.18310546875
19.7724999,0.8864531517028809,-0.5620388388633728,9.783905029296875,-0.030517578125,0.152587890625,-0.30517578125
19.777499900000002,0.8786720037460327,-0.5692214369773865,9.77013874053955,0.091552734375,0.152587890625,-0.213623046875
19.7824999,0.8732850551605225,-0.569819986820221,9.7605619430542,0.030517578125,0.18310546875,-0.274658203125
19.7874999,0.8696937561035156,-0.5716156363487244,9.75637149810791,-0.06103515625,-0.1220703125,-0.18310546875
19.7924999,0.8696937561035156,-0.568622887134552,9.757569313049316,-0.091552734375,0,-0.30517578125
19.797499900000002,0.8672995567321777,-0.569819986820221,9.755773544311523,-0.030517578125,-0.06103515625,-0.213623046875
19.8024999,0.8732850551605225,-0.5692214369773865,9.764751434326172,0.06103515625,0.1220703125,-0.244140625
19.8074999,0.8750807046890259,-0.568622887134552,9.764751434326172,0,-0.152587890625,-0.18310546875
19.8124999,0.8858546018600464,-0.5680243372917175,9.77133560180664,0.091552734375,-0.213623046875,-0.030517578125
19.8174999,0.889445960521698,-0.5644330382347107,9.767744064331055,0.030517578125,-0.030517578125,-0.457763671875
19.8224999,0.8900445103645325,-0.5590460896492004,9.765948295593262,0.06103515625,-0.06103515625,-0.42724609375
19.8274999,0.8888474106788635,-0.5566518902778625,9.765948295593262,0.06103515625,0.030517578125,-0.244140625
19.832499900000002,0.8798691034317017,-0.5536591410636902,9.761758804321289,-0.091552734375,0.091552734375,-0.18310546875
19.8374999,0.8702923059463501,-0.5548562407493591,9.770736694335938,0,0,-0.244140625
19.8424999,0.8667010068893433,-0.5614402890205383,9.782708168029785,0,0.06103515625,-0.213623046875
19.8474999,0.8667010068893433,-0.5614402890205383,9.782708168029785,0,0.06103515625,-0.213623046875
19.8524999,0.8655039072036743,-0.5668272376060486,9.78869342803955,-0.030517578125,0.06103515625,-0.152587890625
19.8574999,0.8643068075180054,-0.5716156363487244,9.78869342803955,0.030517578125,0.244140625,-0.274658203125
19.8624999,0.8631097078323364,-0.5728127360343933,9.785101890563965,0.1220703125,0.06103515625,-0.213623046875
19.867499900000002,0.8667010068893433,-0.5734112858772278,9.788095474243164,0,0.152587890625,-0.213623046875
19.8724999,0.8690952062606812,-0.5692214369773865,9.777320861816406,0,0,-0.274658203125
19.8774999,0.8780734539031982,-0.5662286877632141,9.7791166305542,-0.06103515625,0.091552734375,-0.335693359375
19.8824999,0.8804676532745361,-0.5626373887062073,9.77133560180664,0,0.030517578125,-0.335693359375
19.8874999,0.8816647529602051,-0.5626373887062073,9.77133560180664,0,-0.152587890625,-0.152587890625
19.8924999,0.8762778043746948,-0.5650315880775452,9.770736694335938,0,0,-0.213623046875
19.8974999,0.8798691034317017,-0.5662286877632141,9.773730278015137,-0.1220703125,0.091552734375,-0.396728515625
19.902499900000002,0.8762778043746948,-0.568622887134552,9.77253246307373,-0.091552734375,0,-0.213623046875
19.9074999,0.8798691034317017,-0.5710170865058899,9.77672290802002,0.091552734375,0.1220703125,-0.18310546875
19.9124999,0.8756792545318604,-0.5734112858772278,9.77672290802002,0,0.18310546875,-0.30517578125
19.9174999,0.8708908557891846,-0.5764040350914001,9.7791166305542,0.030517578125,0.1220703125,-0.274658203125
19.922499900000002,0.8750807046890259,-0.5758054852485657,9.764751434326172,-0.06103515625,-0.244140625,-0.244140625
19.9274999,0.8822633028030396,-0.5746083855628967,9.75936508178711,0.030517578125,-0.06103515625,-0.213623046875
19.9324999,0.889445960521698,-0.5752069354057312,9.761159896850586,0.18310546875,-0.030517578125,-0.274658203125
19.9374999,0.8948329091072083,-0.5728127360343933,9.762357711791992,0.091552734375,0.1220703125,-0.30517578125
19.9424999,0.8912416100502014,-0.568622887134552,9.759963035583496,0.06103515625,0.06103515625,-0.244140625
19.9474999,0.8882488012313843,-0.5650315880775452,9.768941879272461,0,0.1220703125,-0.30517578125
19.9524999,0.8744821548461914,-0.5626373887062073,9.764153480529785,0.06103515625,0.091552734375,-0.152587890625
19.957499900000002,0.8649053573608398,-0.5638344883918762,9.776124000549316,0.091552734375,0.06103515625,-0.1220703125
19.9624999,0.8553285598754883,-0.5650315880775452,9.776124000549316,0,0.18310546875,-0.274658203125
19.9674999,0.8487445116043091,-0.5662286877632141,9.778518676757812,-0.030517578125,0.244140625,-0.152587890625
19.9724999,0.8481459617614746,-0.5662286877632141,9.780912399291992,0.091552734375,0.244140625,-0.213623046875
19.9774999,0.8475474119186401,-0.5650315880775452,9.77253246307373,-0.030517578125,-0.091552734375,-0.213623046875
19.9824999,0.8810662031173706,-0.568622887134552,9.767744064331055,0.030517578125,-0.152587890625,-0.274658203125
19.9874999,0.8912416100502014,-0.569819986820221,9.77013874053955,-0.091552734375,-0.274658203125,-0.335693359375
19.992499900000002,0.900818407535553,-0.569819986820221,9.770736694335938,-0.1220703125,-0.091552734375,-0.244140625
19.9974999,0.900818407535553,-0.5674257874488831,9.767744064331055,0,-0.1220703125,-0.30517578125
20.0024999,0.8882488012313843,-0.5560533404350281,9.778518676757812,0.06103515625,0.30517578125,-0.244140625
20.0074999,0.8882488012313843,-0.5560533404350281,9.778518676757812,0.06103515625,0.30517578125,-0.244140625
20.0124999,0.8762778043746948,-0.5566518902778625,9.778518676757812,0,0.335693359375,-0.30517578125
20.0174999,0.8678981065750122,-0.5596446394920349,9.784503936767578,-0.030517578125,0.18310546875,-0.18310546875
20.0224999,0.8559271097183228,-0.5644330382347107,9.788095474243164,0.030517578125,0.1220703125,-0.091552734375
20.027499900000002,0.8439561128616333,-0.5632359385490417,9.789292335510254,0.06103515625,-0.030517578125,-0.18310546875
20.0324999,0.8409633636474609,-0.5596446394920349,9.781511306762695,0,-0.152587890625,-0.213623046875
20.0374999,0.8475474119186401,-0.5560533404350281,9.781511306762695,0.06103515625,-0.18310546875,-0.30517578125
20.0424999,0.8565256595611572,-0.5548562407493591,9.77253246307373,0.030517578125,-0.244140625,-0.213623046875
20.047499900000002,0.8690952062606812,-0.5590460896492004,9.771934509277344,-0.030517578125,-0.274658203125,-0.274658203125
20.0524999,0.8816647529602051,-0.5638344883918762,9.77013874053955,0,-0.06103515625,-0.152587890625
20.0574999,0.8906430602073669,-0.5656301379203796,9.77133560180664,0.06103515625,-0.091552734375,-0.213623046875
20.0624999,0.8978256583213806,-0.568622887134552,9.778518676757812,-0.030517578125,-0.06103515625,-0.30517578125
20.0674999,0.8960300087928772,-0.5662286877632141,9.780313491821289,-0.06103515625,0.06103515625,-0.396728515625
20.0724999,0.8966285586357117,-0.5650315880775452,9.786299705505371,0.030517578125,0.30517578125,-0.30517578125
20.0774999,0.8864531517028809,-0.5632359385490417,9.780313491821289,0.06103515625,0.30517578125,-0.213623046875
20.082499900000002,0.8463503122329712,-0.5614402890205383,9.779715538024902,-0.06103515625,-0.06103515625,-0.244140625
20.0874999,0.8523358106613159,-0.5626373887062073,9.784503936767578,-0.18310546875,-0.091552734375,-0.274658203125
20.0924999,0.8583213090896606,-0.5638344883918762,9.77791976928711,-0.091552734375,-0.213623046875,-0.244140625
20.0974999,0.8678981065750122,-0.5602431893348694,9.778518676757812,0.091552734375,-0.213623046875,-0.213623046875
20.1024999,0.8786720037460327,-0.5608417391777039,9.77253246307373,0.091552734375,-0.091552734375,-0.18310546875
20.1074999,0.8822633028030396,-0.5566518902778625,9.770736694335938,-0.06103515625,-0.18310546875,-0.3662109375
20.1124999,0.889445960521698,-0.5566518902778625,9.773730278015137,-0.1220703125,-0.06103515625,-0.335693359375
20.117499900000002,0.8876502513885498,-0.557250440120697,9.773131370544434,-0.030517578125,-0.06103515625,-0.18310546875
20.1224999,0.8900445103645325,-0.5578489899635315,9.780912399291992,0,0.06103515625,-0.244140625
20.1274999,0.889445960521698,-0.5614402890205383,9.77672290802002,0.091552734375,0.06103515625,-0.244140625
20.1324999,0.8870517015457153,-0.5674257874488831,9.773131370544434,0.06103515625,0.1220703125,-0.30517578125
20.1374999,0.8810662031173706,-0.5668272376060486,9.77133560180664,0.030517578125,0.1220703125,-0.152587890625
20.1424999,0.8786720037460327,-0.5674257874488831,9.768342971801758,0,0.18310546875,-0.274658203125
20.1474999,0.8702923059463501,-0.5668272376060486,9.766547203063965,0.091552734375,0.213623046875,-0.244140625
20.152499900000002,0.8672995567321777,-0.5668272376060486,9.773730278015137,-0.030517578125,0.18310546875,-0.244140625
20.1574999,0.861314058303833,-0.5680243372917175,9.774927139282227,0,0.1220703125,-0.18310546875
20.1624999,0.8589198589324951,-0.5668272376060486,9.785101890563965,-0.06103515625,-0.06103515625,-0.152587890625
20.1674999,0.8541314601898193,-0.5656301379203796,9.786299705505371,-0.030517578125,-0.030517578125,-0.18310546875
20.172499900000002,0.8523358106613159,-0.5608417391777039,9.785101890563965,0,0,-0.18310546875
20.1774999,0.8535329103469849,-0.5578489899635315,9.783307075500488,-0.030517578125,-0.1220703125,-0.335693359375
20.1824999,0.8547300100326538,-0.5524620413780212,9.774927139282227,0,-0.091552734375,-0.274658203125
20.1874999,0.8631097078323364,-0.5530605912208557,9.773730278015137,-0.06103515625,0,-0.244140625
20.1924999,0.8768763542175293,-0.5560533404350281,9.761758804321289,-0.030517578125,0,-0.244140625
20.1974999,0.8798691034317017,-0.5590460896492004,9.757569313049316,0,0.030517578125,-0.1220703125
20.2024999,0.8816647529602051,-0.5596446394920349,9.761159896850586,0.030517578125,0.091552734375,-0.274658203125
20.207499900000002,0.8816647529602051,-0.5620388388633728,9.767744064331055,-0.091552734375,0.213623046875,-0.274658203125
20.2124999,0.8786720037460327,-0.5620388388633728,9.765350341796875,-0.06103515625,0.18310546875,-0.030517578125
20.2174999,0.8762778043746948,-0.5644330382347107,9.771934509277344,-0.030517578125,0.152587890625,-0.274658203125
20.2224999,0.872686505317688,-0.5626373887062073,9.764751434326172,0.030517578125,-0.030517578125,-0.274658203125
20.2274999,0.8696937561035156,-0.5644330382347107,9.769539833068848,0.030517578125,0.1220703125,-0.152587890625
20.2324999,0.8667010068893433,-0.5626373887062073,9.770736694335938,0,0.06103515625,-0.274658203125
20.2374999,0.861314058303833,-0.5632359385490417,9.77133560180664,-0.06103515625,0,-0.335693359375
20.242499900000002,0.8583213090896606,-0.5632359385490417,9.768342971801758,0.030517578125,-0.213623046875,-0.152587890625
20.2474999,0.8667010068893433,-0.5662286877632141,9.77791976928711,-0.030517578125,0,-0.1220703125
20.2524999,0.8720879554748535,-0.5638344883918762,9.774328231811523,-0.06103515625,0.1220703125,-0.18310546875
20.2574999,0.8762778043746948,-0.5632359385490417,9.777320861816406,0.091552734375,-0.06103515625,-0.213623046875
20.2624999,0.8834604024887085,-0.5638344883918762,9.778518676757812,0,0.091552734375,-0.274658203125
20.2674999,0.8774749040603638,-0.5632359385490417,9.77253246307373,0,0.152587890625,-0.18310546875
20.2724999,0.8810662031173706,-0.5620388388633728,9.778518676757812,0.091552734375,0.18310546875,-0.152587890625
20.277499900000002,0.8738836050033569,-0.5602431893348694,9.774328231811523,0.1220703125,0.18310546875,-0.18310546875
20.2824999,0.871489405632019,-0.557250440120697,9.780912399291992,0,0.06103515625,-0.213623046875
20.2874999,0.8678981065750122,-0.5554547905921936,9.7791166305542,0.030517578125,0.06103515625,-0.18310546875
20.2924999,0.8661024570465088,-0.5536591410636902,9.782708168029785,-0.030517578125,0.06103515625,-0.213623046875
20.297499900000002,0.8750807046890259,-0.558447539806366,9.782109260559082,0.06103515625,0,-0.244140625
20.3024999,0.872686505317688,-0.558447539806366,9.77672290802002,-0.06103515625,0.06103515625,-0.274658203125
20.3074999,0.872686505317688,-0.5620388388633728,9.777320861816406,0.06103515625,-0.091552734375,-0.213623046875
20.3124999,0.8738836050033569,-0.5626373887062073,9.77013874053955,0.030517578125,-0.06103515625,-0.091552734375
20.3174999,0.8780734539031982,-0.5614402890205383,9.773131370544434,-0.1220703125,0.06103515625,-0.091552734375
20.3224999,0.882861852645874,-0.5620388388633728,9.773131370544434,0,0.1220703125,-0.244140625
20.3274999,0.884058952331543,-0.5608417391777039,9.774927139282227,0.06103515625,-0.030517578125,-0.274658203125
20.332499900000002,0.8816647529602051,-0.5626373887062073,9.783905029296875,0.152587890625,-0.030517578125,-0.42724609375
20.3374999,0.8768763542175293,-0.5638344883918762,9.780912399291992,-0.030517578125,-0.152587890625,-0.213623046875
20.3424999,0.8744821548461914,-0.5650315880775452,9.785101890563965,0.06103515625,0,-0.18310546875
20.3474999,0.871489405632019,-0.5638344883918762,9.775525093078613,-0.091552734375,0.06103515625,-0.244140625
20.3524999,0.8774749040603638,-0.5596446394920349,9.77013874053955,0.091552734375,-0.091552734375,-0.18310546875
20.3574999,0.8792705535888672,-0.558447539806366,9.773730278015137,-0.06103515625,-0.18310546875,-0.213623046875
20.3624999,0.8810662031173706,-0.5578489899635315,9.781511306762695,-0.06103515625,-0.030517578125,-0.244140625
20.367499900000002,0.8756792545318604,-0.5566518902778625,9.779715538024902,0.030517578125,-0.030517578125,-0.152587890625
20.3724999,0.872686505317688,-0.558447539806366,9.785700798034668,0.06103515625,0.152587890625,-0.213623046875
20.3774999,0.8690952062606812,-0.558447539806366,9.778518676757812,-0.030517578125,0.213623046875,-0.274658203125
20.3824999,0.8655039072036743,-0.5626373887062073,9.775525093078613,-0.06103515625,0.06103515625,-0.244140625
20.3874999,0.8661024570465088,-0.5644330382347107,9.776124000549316,0.030517578125,0.152587890625,-0.213623046875
20.3924999,0.8619126081466675,-0.5632359385490417,9.774927139282227,0,0,-0.152587890625
20.3974999,0.861314058303833,-0.5626373887062073,9.7791166305542,-0.091552734375,0.18310546875,-0.335693359375
