time,rms,crest_factor,total_fft_energy
0.02624990,0.09084425,2.27422046,1.71234826
0.02874990,0.09084312,2.27424878,1.71343961
0.03124990,0.09416277,2.19407148,1.79854873
0.03374990,0.09307806,2.21964069,1.78078288
0.03624990,0.09618023,2.14804909,1.92077988
0.03874990,0.09555895,2.16201475,1.91697598
0.04124990,0.10286562,2.00844418,2.30393249
0.04374990,0.09885025,2.09002874,2.19833632
0.04624990,0.10125656,2.04036028,2.36093075
0.04874990,0.10021666,2.06153204,2.34848683
0.05124990,0.10067282,2.05219107,2.43507319
0.05374990,0.10063697,2.05292200,2.43206184
0.05624990,0.09696199,2.13073030,2.42065601
0.05874990,0.09650543,2.14081073,2.39605624
0.06124990,0.09355437,2.20834005,2.34062040
0.06374990,0.08242689,2.08479484,1.85844907
0.06624990,0.08377662,2.05120659,1.83574358
0.06874990,0.08285860,2.07393259,1.79019276
0.07124990,0.09009607,1.97280587,1.78959014
0.07374990,0.09016557,1.97128514,1.75603674
0.07624990,0.08803764,2.01893245,1.56325904
0.07874990,0.08919108,1.99282326,1.60057636
0.08124990,0.08687589,2.04593069,1.52864456
0.08374990,0.08876221,2.00245182,1.60187176
0.08624990,0.08526566,2.08456778,1.52791654
0.08874990,0.09087942,1.95580094,1.76572194
0.09124990,0.08342557,2.13054649,1.57656863
0.09374990,0.08597505,2.06736779,1.69256925
0.09624990,0.08307044,2.13965475,1.67922929
0.09874990,0.08914405,1.99387458,1.96550977
0.10124990,0.08846742,2.00912444,1.98935380
0.10374990,0.09004617,1.97389905,2.15197552
0.10624990,0.09012528,1.97216642,2.17080809
0.10874990,0.08799305,2.01995560,2.15880501
0.11124990,0.08825044,2.01406436,2.17240443
0.11374990,0.08828960,2.01317085,2.17247458
0.11624990,0.09053406,1.96326181,2.30228071
0.11874990,0.10054343,1.96366193,2.52021822
0.12124990,0.09239571,2.13682320,2.02016814
0.12374990,0.09416883,2.09658857,1.97642283
0.12624990,0.09137099,2.16078748,1.76955367
0.12874990,0.09228201,2.13945591,1.75965443
0.13124990,0.09256500,2.13291530,1.71888551
0.13374990,0.09075533,2.17544587,1.64786669
0.13624990,0.09438013,2.09189474,1.79267874
0.13874990,0.08907585,2.21646285,1.61558912
0.14124990,0.09135106,2.16125900,1.71034683
0.14374990,0.08848533,2.23125454,1.64034538
0.14624990,0.09795116,2.01562996,2.08753050
0.14874990,0.09261675,2.13172348,1.94407432
0.15124990,0.09434488,2.09267634,2.06973463
0.15374990,0.09250968,2.13419080,2.06413691
0.15624990,0.09246790,2.13515511,2.06720061
0.15874990,0.09468170,2.08523185,2.20641405
0.16124990,0.09219413,2.14149534,2.16584203
0.16374990,0.09538724,2.06980835,2.35172937
0.16624990,0.09796335,2.01537915,2.41608872
0.16874990,0.08769955,2.14229100,1.88040019
0.17124990,0.08859182,2.12071460,1.85422443
0.17374990,0.08557763,2.19540974,1.66324963
0.17624990,0.08809202,2.13274660,1.65576682
0.17874990,0.08989927,2.08987200,1.66562273
0.18124990,0.08727694,2.15266430,1.52938921
0.18374990,0.09079685,2.06921228,1.66009250
0.18624990,0.08790609,2.13725755,1.56230666
0.18874990,0.08954477,2.09814562,1.63343988
0.19124990,0.08634979,2.17577781,1.56508169
0.19374990,0.08983654,2.09133125,1.72651877
0.19624990,0.08010327,1.88243507,1.48127351
0.19874990,0.08214060,1.83574498,1.57395378
0.20124990,0.08036652,1.87626902,1.55963085
0.20374990,0.08453070,1.78383943,1.77983668
0.20624990,0.08453386,1.78377293,1.78033036
0.20874990,0.08217129,1.83505954,1.83271080
0.21124990,0.08245572,1.82872950,1.84924042
0.21374990,0.08003923,1.88394111,1.81229910
0.21624990,0.07684480,1.53256566,1.68027455
0.21874990,0.07964633,1.47865814,1.69254552
0.22124990,0.08161861,1.44292696,1.79042476
0.22374990,0.09327095,2.19312251,2.01004234
0.22624990,0.09084459,2.25169827,1.80746779
0.22874990,0.08763731,2.33410421,1.65970051
0.23124990,0.08900487,2.29824060,1.73128058
0.23374990,0.08725664,2.34428702,1.65729222
0.23624990,0.08796174,2.32549541,1.69443548
0.23874990,0.08883014,2.30276131,1.73163846
0.24124990,0.08869569,2.30625214,1.71589367
0.24374990,0.08948628,2.28587694,1.74886819
0.24624990,0.08933443,2.28976246,1.74747428
0.24874990,0.09096252,2.24877916,1.81846439
0.25124990,0.09123311,2.24210951,1.81888046
0.25374990,0.09857238,2.07517177,2.14557404
0.25624990,0.09905449,2.06507159,2.13175756
0.25874990,0.10051058,2.03515507,2.22156644
0.26124990,0.09998600,2.04583259,2.19016150
0.26374990,0.09863877,2.07377495,2.16669183
0.26624990,0.09978096,2.05003647,2.22117547
0.26874990,0.09888400,2.06863212,2.20236238
0.27124990,0.10115442,2.02220140,2.31445069
0.27374990,0.09687711,2.10524195,2.18704114
0.27624990,0.09639825,2.11569964,2.21817714
0.27874990,0.09670976,2.10888483,2.13878225
0.28124990,0.09537200,2.13846580,2.01221186
0.28374990,0.09647881,2.11393320,1.95529689
0.28624990,0.09856111,2.06927214,1.97835069
0.28874990,0.09655541,2.11225619,1.86972497
0.29124990,0.10043845,2.03059447,2.02537334
0.29374990,0.09714155,2.09951102,1.90824823
0.29624990,0.09879501,2.06437310,1.98291430
0.29874990,0.09534066,2.13916861,1.90650253
0.30124990,0.09820573,2.07676020,2.04053922
0.30374990,0.08734564,1.80664809,1.75651166
0.30624990,0.08881073,1.77684414,1.82529176
0.30874990,0.08678289,1.81836332,1.85491984
0.31124990,0.08829580,1.78720646,1.98096283
0.31374990,0.08806075,1.79197685,1.96271487
0.31624990,0.08319334,1.89682048,1.93165302
0.31874990,0.08168067,1.93194835,1.83593259
0.32124990,0.07636741,2.06636348,1.77202249
0.32374990,0.06979830,1.77430112,1.50660839
0.32624990,0.07034514,1.76050838,1.49636355
0.32874990,0.07042905,1.75841073,1.50029261
0.33124990,0.08085334,2.25123464,1.60500655
0.33374990,0.07877155,2.31073091,1.43110109
0.33624990,0.07714436,2.35947070,1.27148017
0.33874990,0.07850139,2.31868310,1.27215601
0.34124990,0.07561095,2.40732120,1.16220803
0.34374990,0.07832931,2.32377694,1.23016517
0.34624990,0.07568261,2.40504183,1.16575961
0.34874990,0.08105851,2.24553658,1.36696106
0.35124990,0.07720322,2.35767158,1.27790805
0.35374990,0.08027550,2.26743969,1.40444644
0.35624990,0.07810004,2.33059869,1.37078805
0.35874990,0.08704399,2.09112487,1.79727996
0.36124990,0.08515492,2.13751420,1.77397802
0.36374990,0.08578603,2.12178880,1.89510819
0.36624990,0.08640208,2.10666037,1.97677497
0.36874990,0.08668937,2.09967903,1.97315523
0.37124990,0.08955936,2.03239332,2.13594164
0.37374990,0.08872589,2.05148505,2.13139375
0.37624990,0.09165241,1.98597993,2.30790160
0.37874990,0.09493203,1.91737020,2.36294016
0.38124990,0.08578473,2.01322470,1.86518164
0.38374990,0.08523050,2.02631610,1.75206609
0.38624990,0.08326150,2.07423523,1.59553357
0.38874990,0.08653581,1.99575127,1.59344323
0.39124990,0.08764782,1.97043049,1.57228850
0.39374990,0.08576444,2.01370112,1.47665391
0.39624990,0.08829381,1.95601419,1.55959184
0.39874990,0.08414413,2.05247763,1.44944585
0.40124990,0.08582576,2.01226243,1.51179175
0.40374990,0.08305641,2.07935714,1.49194575
0.40624990,0.08738988,1.97624638,1.66630875
0.40874990,0.07884032,1.64280657,1.48873368
0.41124990,0.08206278,1.57829632,1.62978520
0.41374990,0.08107166,1.59759142,1.63437775
0.41624990,0.08580825,1.58535774,1.92693104
0.41874990,0.08523864,1.59595200,1.85365966
0.42124990,0.08316212,1.63580207,1.98004107
0.42374990,0.08248014,1.64932756,1.93124952
0.42624990,0.07916876,1.71831381,1.91475822
0.42874990,0.07797182,1.74469149,1.86434134
0.43124990,0.08017080,1.69683700,1.83384917
0.43374990,0.08317968,1.63545672,1.98662034
0.43624990,0.09441948,2.17023007,2.13550212
0.43874990,0.09009329,2.27444229,1.85532438
0.44124990,0.08981253,2.28155247,1.73603848
0.44374990,0.08986783,2.28014837,1.67693432
0.44624990,0.08949739,2.28958624,1.63235635
0.44874990,0.09156562,2.23787052,1.67703385
0.45124990,0.08983367,2.28101547,1.62073833
0.45374990,0.09408234,2.17800689,1.80196381
0.45624990,0.09019781,2.27180668,1.68319371
0.45874990,0.09254162,2.21426843,1.79252307
0.46124990,0.08959448,2.28710525,1.73068872
0.46374990,0.09499120,2.15716830,1.99737017
0.46624990,0.09008847,2.27456413,1.89437827
0.46874990,0.09159916,2.23705100,1.99665136
0.47124990,0.09021188,2.27145251,2.01210857
0.47374990,0.09015416,2.27290677,2.04194215
0.47624990,0.09163733,2.23611931,2.13628918
0.47874990,0.08859051,2.31302434,2.09766064
0.48124990,0.09068269,2.25965952,2.21155254
0.48374990,0.09163432,2.23619272,2.23110043
0.48624990,0.07980725,1.79183640,1.67045703
0.48874990,0.07964619,1.79545980,1.62156495
0.49124990,0.07688616,1.85991265,1.45716132
0.49374990,0.07990207,1.78971003,1.41907134
0.49624990,0.07978618,1.79230955,1.35609438
0.49874990,0.07965603,1.79523807,1.28147367
0.50124990,0.08038080,1.77905079,1.29863814
0.50374990,0.07823131,1.82793220,1.25298705
0.50624990,0.07931266,1.80301014,1.28534320
0.50874990,0.07621223,1.87635950,1.22259548
0.51124990,0.08148309,1.75498415,1.40345660
0.51374990,0.07848335,1.64327057,1.32815783
0.51624990,0.08231993,1.56668480,1.48302866
0.51874990,0.08065360,1.59905308,1.46745285
0.52124990,0.08794914,1.78432658,1.80932046
0.52374990,0.08787947,1.78574132,1.81561230
0.52624990,0.08673901,1.80922051,1.90559458
0.52874990,0.08654741,1.81322575,1.89150181
0.53124990,0.08319789,1.88622568,1.84903346
0.53374990,0.08245908,1.90312562,1.81748047
0.53624990,0.08391260,1.87016006,1.81916659
0.53874990,0.08762436,1.79094025,2.02150437
0.54124990,0.09736859,1.96758750,2.19278487
0.54374990,0.09381299,2.04216094,1.96359670
0.54624990,0.09320309,2.05552444,1.86377320
0.54874990,0.09130950,2.09815224,1.72018707
0.55124990,0.09309656,2.05787644,1.75693987
0.55374990,0.09300427,2.05991847,1.73364126
0.55624990,0.09210272,2.08008223,1.70325844
0.55874990,0.09538380,2.00853002,1.84504415
0.56124990,0.09091982,2.10714470,1.71158100
0.56374990,0.09090191,2.10755985,1.71083807
0.56624990,0.08734035,2.19350197,1.64017257
0.56874990,0.09299374,2.06015183,1.89884924
0.57124990,0.08619825,2.22256513,1.76071271
0.57374990,0.08752023,2.18899362,1.84617871
0.57624990,0.08670716,2.20952025,1.89840718
0.57874990,0.08707517,2.20018209,1.96425877
0.58124990,0.08659535,2.21237318,1.92931735
0.58374990,0.08295794,2.30937776,1.93855031
0.58624990,0.08184766,2.34070487,1.87405952
0.58874990,0.07869180,2.43457666,1.84259305
0.59124990,0.06786904,2.11364369,1.42319320
0.59374990,0.06811674,2.10595777,1.38809716
0.59624990,0.06717660,2.13543067,1.34743652
0.59874990,0.07494554,2.12933749,1.36573529
0.60124990,0.07264977,2.19662575,1.22214126
0.60374990,0.07430833,2.14759704,1.16185495
0.60624990,0.07515982,2.12326691,1.16013468
0.60874990,0.07383317,2.16141827,1.10798910
0.61124990,0.07712925,2.06905112,1.19512481
0.61374990,0.07357424,2.16902487,1.11081614
0.61624990,0.07794072,2.04750934,1.25370167
0.61874990,0.07148280,2.23248598,1.10836855
0.62124990,0.07489024,2.13091000,1.23283202
0.62374990,0.07368915,2.16564260,1.21803495
0.62624990,0.08491541,2.24056275,1.70089620
0.62874990,0.08472755,2.24553044,1.69948294
0.63124990,0.08567446,2.22071195,1.82963798
0.63374990,0.08597511,2.21294621,1.88544334
0.63624990,0.08590025,2.21487473,1.88551055
0.63874990,0.08890238,2.14008120,2.04176609
0.64124990,0.08874527,2.14386980,2.04037561
0.64374990,0.09147253,2.07995013,2.21173420
0.64624990,0.09503303,2.00202290,2.27092842
0.64874990,0.08816329,2.15802181,1.89117247
0.65124990,0.08811615,2.15917632,1.81804390
0.65374990,0.08385058,2.26901595,1.58531073
0.65624990,0.08893345,2.13933346,1.66046590
0.65874990,0.08953393,2.12498540,1.62637156
0.66124990,0.08856310,2.14827952,1.57164794
0.66374990,0.09122091,2.08568740,1.66767408
0.66624990,0.08897789,2.13826485,1.63454600
0.66874990,0.09083456,2.09455856,1.70923525
0.67124990,0.08796949,2.16277598,1.66077839
0.67374990,0.09231036,2.06107215,1.84624955
0.67624990,0.08345966,1.73452729,1.62557285
0.67874990,0.08617146,1.67994199,1.74810572
0.68124990,0.08493652,1.70436762,1.74894737
0.68374990,0.09157170,1.72846079,2.12748278
0.68624990,0.09102610,1.73882094,2.04639790
0.68874990,0.08896201,1.77916510,2.18783087
0.69124990,0.08801916,1.79822319,2.12747548
0.69374990,0.08562910,1.84841469,2.11984410
0.69624990,0.08587812,1.84305505,2.13099853
0.69874990,0.08729206,1.81320158,2.10503260
0.70124990,0.08820572,1.79441979,2.15927768
0.70374990,0.09262011,1.70889565,2.15038852
0.70624990,0.09554255,1.87097269,2.28981006
0.70874990,0.09269806,1.92838459,2.07873527
0.71124990,0.09271718,1.92798689,2.07983949
0.71374990,0.09084996,1.96761235,1.97725780
0.71624990,0.09122223,1.95958268,1.99890717
0.71874990,0.09346939,1.91247113,2.11031201
0.72124990,0.09347425,1.91237169,2.10777581
0.72374990,0.09377773,1.90618299,2.12253310
0.72624990,0.09246879,1.93316589,2.15940862
0.72874990,0.09192043,1.94469830,2.13111362
0.73124990,0.09181687,1.94689171,2.16366137
0.73374990,0.08881284,2.01274390,2.02664326
0.73624990,0.08917353,2.00460279,2.01519824
0.73874990,0.08900817,2.00832691,2.00662226
0.74124990,0.08872953,2.01463365,1.97153099
0.74374990,0.09012638,1.98340935,2.12971749
0.74624990,0.08562058,2.08778659,1.87188047
0.74874990,0.08433557,2.11959811,1.93386038
0.75124990,0.08302651,2.15301715,1.85469801
0.75374990,0.07918889,2.25735578,1.81016386
0.75624990,0.07094862,1.88181871,1.49981694
0.75874990,0.07192609,1.85624516,1.47402910
0.76124990,0.07308952,1.82669767,1.51888652
0.76374990,0.08304119,2.21553170,1.60314941
0.76624990,0.08109897,2.26859088,1.49139105
0.76874990,0.07911115,2.32559376,1.31570317
0.77124990,0.08046594,2.28643820,1.33632017
0.77374990,0.07605496,2.41904526,1.18451934
0.77624990,0.08067830,2.28041972,1.30616537
0.77874990,0.07820448,2.35255566,1.24050886
0.78124990,0.08304942,2.21531213,1.41034889
0.78374990,0.07880348,2.33467336,1.30798427
0.78624990,0.08047253,2.28625080,1.37310060
0.78874990,0.07887318,2.33261031,1.37128159
0.79124990,0.08343592,2.20505008,1.57912947
0.79374990,0.08124273,2.26457654,1.56316802
0.79624990,0.08182501,2.24846168,1.63082263
0.79874990,0.08168500,2.25231544,1.66658510
0.80124990,0.08148726,2.25778112,1.69143546
0.80374990,0.08112395,2.26789253,1.67041229
0.80624990,0.07887406,2.33258432,1.67803701
0.80874990,0.07891371,2.33141225,1.68028783
0.81124990,0.07671703,2.39816896,1.65742672
0.81374990,0.06547982,1.91563646,1.23522272
0.81624990,0.06552714,1.91425302,1.20788451
0.81874990,0.06183545,2.02853727,1.07415678
0.82124990,0.07001090,2.29882496,1.10891422
0.82374990,0.06900987,2.33217080,1.04792753
0.82624990,0.06869279,2.34293594,0.96004593
0.82874990,0.06891438,2.33540258,0.96386313
0.83124990,0.06561974,2.45265867,0.89933222
0.83374990,0.06866469,2.34389482,0.97062785
0.83624990,0.06608291,2.43546789,0.93625985
0.83874990,0.07178770,2.24192735,1.10334305
0.84124990,0.06683828,2.40794378,1.01729477
0.84374990,0.07097726,2.26752655,1.16271769
0.84624990,0.07052683,2.28200818,1.16032736
0.84874990,0.08048369,2.16777636,1.57841578
0.85124990,0.08073282,2.16108673,1.57373837
0.85374990,0.08153754,2.13975845,1.71386212
0.85624990,0.08186907,2.13109344,1.75022586
0.85874990,0.08109653,2.15139442,1.76006447
0.86124990,0.08263491,2.11134287,1.83708094
0.86374990,0.08243339,2.11650438,1.83992170
0.86624990,0.08543221,2.04221141,2.01704347
0.86874990,0.08869511,1.96708287,2.04019936
0.87124990,0.08144862,2.14209450,1.68654926
0.87374990,0.08186995,2.13107057,1.62541768
0.87624990,0.07755905,2.24951994,1.41201609
0.87874990,0.08421641,2.07169392,1.51628925
0.88124990,0.08416905,2.07285965,1.46392955
0.88374990,0.08439306,2.06735760,1.42979083
0.88624990,0.08575022,2.03463766,1.47084415
0.88874990,0.08352415,2.08886439,1.43672822
0.89124990,0.08556369,2.03907337,1.50864790
0.89374990,0.08217182,2.12324164,1.45525382
0.89624990,0.08727228,1.99915297,1.64936011
0.89874990,0.07932419,1.90349562,1.46819352
0.90124990,0.08354140,1.80740629,1.64182412
0.90374990,0.08218735,1.83718351,1.63780944
0.90624990,0.09010303,1.86936882,2.05029094
0.90874990,0.09000858,1.87133050,2.01429220
0.91124990,0.08876709,1.89750286,2.12788066
0.91374990,0.08883624,1.89602575,2.13329619
0.91624990,0.08646817,1.94795158,2.12131586
0.91874990,0.08588818,1.96110579,2.09289126
0.92124990,0.08691970,1.93783232,2.08504949
0.92374990,0.08843283,1.90467501,2.17243284
0.92624990,0.09290656,1.81295918,2.18348984
0.92874990,0.08656383,1.94579887,1.83981240
0.93124990,0.08523017,1.97624628,1.68637084
0.93374990,0.08288375,2.03219317,1.53730569
0.93624990,0.08758030,1.92321554,1.59142064
0.93874990,0.08774649,1.91957308,1.56080971
0.94124990,0.08762668,1.92219767,1.53677786
0.94374990,0.08936491,1.88480922,1.60529623
0.94624990,0.08598457,1.95890719,1.54828905
0.94874990,0.08658867,1.94524071,1.57183991
0.95124990,0.08226167,2.04756106,1.50771972
0.95374990,0.08635023,1.95061202,1.67268100
0.95624990,0.07904158,1.81742886,1.52051813
0.95874990,0.08165968,1.75916003,1.64155628
0.96124990,0.08053170,1.78379996,1.66059881
0.96374990,0.08677827,1.72367686,2.00696659
0.96624990,0.08633550,1.73251676,1.92405818
0.96874990,0.08569244,1.74551800,2.10820708
0.97124990,0.08440638,1.77211364,1.98756474
0.97374990,0.08219637,1.81976039,2.00278332
0.97624990,0.07979030,1.87463509,1.89906542
0.97874990,0.08204096,1.82320764,1.86466386
0.98124990,0.08608088,1.73764142,2.06157656
0.98374990,0.09543244,1.97286507,2.16585570
0.98624990,0.08998632,2.09226610,1.87464752
0.98874990,0.08946013,2.10457245,1.74259518
0.99124990,0.08753124,2.15094996,1.61748465
0.99374990,0.09006135,2.09052290,1.65732534
0.99624990,0.09145409,2.05868666,1.67329164
0.99874990,0.09042150,2.08219635,1.64582935
1.00124990,0.09397159,2.00353439,1.79290621
1.00374990,0.09068485,2.07614956,1.73513354
1.00624990,0.09153986,2.05675781,1.77199734
1.00874990,0.08922345,2.11015510,1.75809633
1.01124990,0.09301025,2.02424271,1.94139068
1.01374990,0.08753065,2.15096446,1.82820637
1.01624990,0.08946935,2.10435549,1.93391344
1.01874990,0.08733632,2.15575066,1.93892707
1.02124990,0.09189062,2.04890687,2.18411971
1.02374990,0.09174087,2.05225140,2.15115416
1.02624990,0.09039088,2.08290164,2.25651311
1.02874990,0.08859758,2.12506167,2.13640185
1.03124990,0.08470985,2.22259055,2.09886615
1.03374990,0.07765471,1.66706471,1.80307086
1.03624990,0.07805637,1.65848624,1.78932108
1.03874990,0.07943680,1.62966555,1.85138669
1.04124990,0.08711506,1.86541919,1.89822810
1.04374990,0.08264118,1.96640594,1.66042573
1.04624990,0.08179577,1.98672979,1.49126835
1.04874990,0.08158834,1.99178090,1.43894774
1.05124990,0.08016257,2.02720666,1.33308008
1.05374990,0.08352417,1.94561753,1.39943429
1.05624990,0.08131233,1.99854201,1.32653048
1.05874990,0.08606792,1.88811463,1.49148972
1.06124990,0.08197603,1.98236128,1.38047855
1.06374990,0.08411869,1.93186668,1.46260691
1.06624990,0.08198840,1.98206199,1.43655895
1.06874990,0.08675030,1.87326270,1.64368703
1.07124990,0.08265469,1.96608445,1.55157599
1.07374990,0.08491436,1.91376471,1.67829242
1.07624990,0.08441539,1.92507661,1.67293795
1.07874990,0.08819751,1.84252478,1.92659072
1.08124990,0.08756143,1.85590955,1.87207919
1.08374990,0.08437946,1.92589637,1.93449759
1.08624990,0.08555352,1.89946722,1.99712121
1.08874990,0.08449690,1.92321973,1.98500997
1.09124990,0.08247061,1.69938152,1.90224916
1.09374990,0.08404024,1.66764189,1.86976051
1.09624990,0.08562586,1.63676063,1.94061808
1.09874990,0.09446544,1.93600990,2.04463572
1.10124990,0.09217705,1.98407320,1.90480946
1.10374990,0.09158006,1.99700696,1.76836809
1.10624990,0.09191437,1.98974357,1.76531550
1.10874990,0.08997076,2.03272733,1.67839803
1.11124990,0.09202557,1.98733907,1.71769935
1.11374990,0.08953197,2.04268952,1.66103967
1.11624990,0.09164091,1.99568088,1.71997762
1.11874990,0.08729252,2.09509385,1.64760365
1.12124990,0.08763513,2.08690300,1.65907758
1.12374990,0.08559650,2.13660632,1.67732125
1.12624990,0.08745789,2.09113227,1.74211000
1.12874990,0.08352472,2.18960340,1.70477982
1.13124990,0.08461700,2.16133906,1.74849751
1.13374990,0.08420452,2.17192652,1.76380109
1.13624990,0.08467396,2.15988496,1.83373755
1.13874990,0.08239337,2.21966904,1.67933518
1.14124990,0.07642812,2.39291537,1.60036659
1.14374990,0.07580073,2.41272123,1.56653072
1.14624990,0.07151188,2.55742156,1.51187902
1.14874990,0.06096513,1.73607933,1.13663762
1.15124990,0.06097570,1.73577832,1.14734123
1.15374990,0.05671924,1.67807769,0.99705196
1.15624990,0.06180308,1.86579557,0.98828663
1.15874990,0.06130965,1.88081186,0.89419095
1.16124990,0.06817776,2.33561563,1.12839729
1.16374990,0.06870922,2.31754962,1.12932268
1.16624990,0.08623767,2.89272874,1.83507424
1.16874990,0.14773951,3.63498177,4.96134924
1.17124990,0.14764384,3.63733725,4.82635377
1.17374990,0.17386642,3.08875316,7.13628258
1.17624990,0.19514904,2.75189892,9.09874735
1.17874990,0.22645972,2.37141701,11.02249567
1.18124990,0.26742705,2.38948532,14.46888980
1.18374990,0.33747364,2.72811429,23.07118130
1.18624990,0.34273148,2.68626231,23.86243419
1.18874990,0.34586006,2.66196291,24.53446564
1.19124990,0.35080974,2.62440452,25.14430244
1.19374990,0.40422527,2.27760784,32.73532894
1.19624990,0.40452452,2.27592297,32.78650861
1.19874990,0.40489380,2.27384727,32.96289529
1.20124990,0.45120333,2.04046954,41.80090048
1.20374990,0.47750573,1.92807456,46.58057275
1.20624990,0.48966303,1.88020454,50.48255579
1.20874990,0.49217477,1.87060919,51.24908439
1.21124990,0.73233180,3.31871132,108.63934012
1.21374990,0.73259898,3.31750101,108.65803191
1.21624990,0.73118089,3.32393513,109.19998109
1.21874990,0.73986132,3.28493704,111.58274030
1.22124990,0.98832031,2.96570679,197.94968973
1.22374990,0.99293900,2.95191169,199.69400809
1.22624990,0.98960600,2.96185374,196.86122726
1.22874990,1.05568152,2.77647016,225.69920607
1.23124990,1.12742602,2.59978765,256.11290126
1.23374990,1.20433858,2.43375765,296.59253039
1.23624990,1.26574593,2.31568450,330.06913570
1.23874990,1.29463431,2.26401248,351.12054455
1.24124990,1.29894974,2.25649088,354.43102791
1.24374990,1.47869271,2.22196458,501.63448174
1.24624990,1.48687260,2.20974066,503.86364705
1.24874990,1.53322239,2.14293951,509.99845109
1.25124990,1.65471988,1.98559459,596.81907967
1.25374990,1.89515107,2.21113364,730.99237016
1.25624990,1.89227380,2.21449575,726.76900024
1.25874990,1.90324926,2.20172543,733.44905689
1.26124990,1.82412784,2.29722511,695.93805840
1.26374990,1.84471844,2.27158368,712.08944352
1.26624990,1.84458697,2.27174558,712.42402395
1.26874990,1.86518478,2.24665799,727.97557000
1.27124990,1.75640688,2.38579815,621.48824494
1.27374990,1.83352455,2.28545197,692.92667926
1.27624990,1.83307771,2.28600909,693.36992272
1.27874990,1.79684881,2.33210066,658.84791469
1.28124990,1.74706201,2.39855956,635.43539730
1.28374990,1.68294085,2.48994627,582.81474675
1.28624990,1.63734330,2.55928753,542.98537363
1.28874990,1.61505911,2.59459995,528.00468995
1.29124990,1.61070116,2.60161997,522.35002754
1.29374990,1.43503706,2.92008646,425.58238274
1.29624990,1.42728741,2.93594146,423.16276899
1.29874990,1.37804432,3.04085451,386.96394139
1.30124990,1.21451135,3.45030312,297.42448363
1.30374990,0.77274268,3.14043028,128.64144201
1.30624990,0.77191448,3.14379968,128.57091900
1.30874990,0.74368145,3.26315051,125.01051318
1.31124990,0.74453871,3.25939334,125.10106499
1.31374990,0.69159476,3.50891108,120.58864183
1.31624990,0.69127648,3.51052667,120.26626994
1.31874990,0.61177193,3.96674707,87.38891543
1.32124990,0.58224788,4.16788898,79.91006734
1.32374990,0.21425466,2.71037546,10.01145747
1.32624990,0.21682076,2.67829777,10.30893218
1.32874990,0.17509025,1.75709688,6.30186317
1.33124990,0.17555327,1.75246259,6.34458269
1.33374990,0.17089710,1.80020919,6.09073824
1.33624990,0.16052752,1.91649712,5.30663813
1.33874990,0.14897526,2.06511165,4.48330620
1.34124990,0.14701252,2.09268258,4.40953219
1.34374990,0.13135217,1.86675210,3.67829739
1.34624990,0.12253848,2.00101999,3.35239957
1.34874990,0.11983328,2.04619244,3.69256751
1.35124990,0.10846892,1.72768967,3.59316781
1.35374990,0.10811964,1.73327089,3.65670211
1.35624990,0.10727199,1.74696700,3.46362621
1.35874990,0.10646838,1.76015297,2.95840456
1.36124990,0.09869270,1.89882974,2.37580918
1.36374990,0.09925844,1.88800693,2.36421055
1.36624990,0.09871256,1.89844771,2.30783815
1.36874990,0.09869224,1.89883860,2.29728261
1.37124990,0.09717919,1.92840282,2.19911614
1.37374990,0.09007658,2.08045908,1.81314999
1.37624990,0.08443634,2.21943097,1.55508708
1.37874990,0.08138156,2.30274068,1.41584030
1.38124990,0.08002549,2.34176182,1.30095962
1.38374990,0.07969384,2.35150699,1.27270241
1.38624990,0.08193184,2.28727468,1.39875791
1.38874990,0.08148307,2.29987208,1.38334376
1.39124990,0.08126116,2.30615259,1.36263999
1.39374990,0.07894403,2.37384163,1.29698218
1.39624990,0.07791117,2.40531138,1.24317440
1.39874990,0.06996822,2.51990772,1.15012505
1.40124990,0.06705784,2.62927430,1.09735918
1.40374990,0.06743071,2.61473532,1.08932519
1.40624990,0.06744800,2.61406505,1.06356646
1.40874990,0.05494450,2.75928681,0.65254409
1.41124990,0.05490789,2.76112658,0.65148398
1.41374990,0.05399724,2.80769213,0.62281853
1.41624990,0.05498303,2.75735299,0.63434603
1.41874990,0.05630532,2.69259885,0.65155166
1.42124990,0.05582321,2.71585322,0.65250898
1.42374990,0.05810345,2.60927067,0.69825039
1.42624990,0.05951895,2.54721643,0.78965282
1.42874990,0.06513314,2.32765756,0.94693992
1.43124990,0.06098141,2.48612854,0.78642306
1.43374990,0.06076425,2.49501369,0.78267339
1.43624990,0.05042887,2.34609636,0.52770159
1.43874990,0.05874074,2.30422232,0.69026578
1.44124990,0.05898651,2.29462180,0.69616301
1.44374990,0.06080078,2.22615143,0.74335194
1.44624990,0.06129888,2.20806216,0.75726601
1.44874990,0.05800123,2.33360126,0.72813891
1.45124990,0.06559536,2.10303747,0.92607947
1.45374990,0.06545945,2.10740410,0.89845409
1.45624990,0.06527995,2.11319883,0.91248758
1.45874990,0.06606996,2.08793078,0.94387275
1.46124990,0.06591618,2.09280179,0.91699559
1.46374990,0.06668648,2.06862786,0.92638359
1.46624990,0.06597931,2.09079941,0.92347445
1.46874990,0.06508035,2.11967990,0.89061588
1.47124990,0.06580921,2.09620377,0.89547416
1.47374990,0.06392667,2.15793345,0.83531702
1.47624990,0.06261560,2.20311701,0.79368147
1.47874990,0.05705234,2.41794645,0.65505833
1.48124990,0.05951356,2.31795092,0.71974490
1.48374990,0.05872171,2.34920783,0.69840698
1.48624990,0.06175022,2.23399198,0.76290027
1.48874990,0.05392462,2.55819172,0.59986993
1.49124990,0.05912402,2.33322264,0.73370804
1.49374990,0.05864850,2.35214022,0.72013753
1.49624990,0.05814851,2.37236511,0.72142687
1.49874990,0.06076848,2.27008333,0.76911416
1.50124990,0.05355991,2.07460744,0.57527452
1.50374990,0.05500420,2.02013276,0.61035865
1.50624990,0.06182167,2.09535348,0.80030653
1.50874990,0.06243286,2.07484083,0.81379926
1.51124990,0.06177219,2.09703191,0.78392664
1.51374990,0.06128837,2.11358610,0.76947041
1.51624990,0.06480638,1.99885031,0.84365274
1.51874990,0.06496281,1.99403698,0.84815662
1.52124990,0.06458828,2.00560013,0.83725000
1.52374990,0.06433890,2.01337374,0.82977585
1.52624990,0.06343908,2.04193140,0.80519757
1.52874990,0.07146763,2.09159644,1.03427607
1.53124990,0.06946643,2.15185149,0.98565645
1.53374990,0.06958241,2.14826480,0.99207219
1.53624990,0.06717024,2.22541159,0.91865575
1.53874990,0.07057444,2.11806756,0.99845627
1.54124990,0.06896490,2.16750037,0.95506313
1.54374990,0.06777304,2.20561817,0.93009719
1.54624990,0.06779099,2.20503395,0.93035917
1.54874990,0.06406919,2.33312520,0.82304735
1.55124990,0.06619754,2.25811160,0.88342230
1.55374990,0.06733240,2.22005206,0.91349286
1.55624990,0.06078560,2.45915891,0.74146582
1.55874990,0.05909608,2.52946471,0.70500285
1.56124990,0.05947851,2.51320073,0.71187365
1.56374990,0.06237237,2.39659711,0.77839008
1.56624990,0.06107446,2.44752795,0.74608335
1.56874990,0.06066490,2.46405165,0.73765897
1.57124990,0.06027845,2.47984877,0.73004409
1.57374990,0.06032005,2.47813856,0.73047967
1.57624990,0.06231686,2.39873173,0.77777297
1.57874990,0.05962364,2.10661849,0.71111989
1.58124990,0.05954072,2.10955197,0.70923429
1.58374990,0.05986657,2.09806997,0.71748638
1.58624990,0.05961554,2.10690468,0.71136275
1.58874990,0.05989987,2.09690362,0.71801223
1.59124990,0.05653101,2.22186447,0.64717747
1.59374990,0.05736720,2.18947870,0.66629208
1.59624990,0.05772823,2.17578572,0.68359217
1.59874990,0.05766308,2.17824377,0.68180214
1.60124990,0.05433575,2.31163209,0.59477654
1.60374990,0.06135172,2.47864501,0.76005618
1.60624990,0.06150050,2.47264895,0.76181268
1.60874990,0.06149152,2.47300993,0.76227773
1.61124990,0.06111808,2.48812038,0.75120271
1.61374990,0.06625674,2.29514952,0.87834512
1.61624990,0.06418433,2.36925654,0.82899125
1.61874990,0.06491924,2.34243547,0.84935242
1.62124990,0.06500712,2.33926878,0.85061831
1.62374990,0.06645730,2.28822304,0.88855520
1.62624990,0.06433977,2.36353256,0.82923739
1.62874990,0.06294059,2.41607403,0.79278733
1.63124990,0.06291640,2.41700326,0.79215056
1.63374990,0.06264542,2.42745810,0.78614881
1.63624990,0.06342543,2.39760509,0.80970612
1.63874990,0.05929851,2.56446798,0.71019199
1.64124990,0.05939924,2.56011927,0.71532299
1.64374990,0.05939601,2.56025843,0.71525589
1.64624990,0.05981393,2.54236977,0.72322102
1.64874990,0.06191949,2.45591694,0.77163555
1.65124990,0.06179373,2.46091540,0.77634579
1.65374990,0.05684213,2.57163931,0.73205677
1.65624990,0.05964046,2.45097786,0.81557336
1.65874990,0.06077669,2.40515633,0.87467758
1.66124990,0.06077756,2.40512214,0.87438143
1.66374990,0.05810346,2.10856131,0.70879445
1.66624990,0.05796452,2.11361540,0.69309604
1.66874990,0.05837143,2.09888144,0.70120248
1.67124990,0.06121658,2.00133207,0.75216239
1.67374990,0.06257661,1.95783524,0.79546885
1.67624990,0.06338634,1.93282508,0.82103393
1.67874990,0.06162930,1.98792946,0.78229489
1.68124990,0.06291779,1.94721892,0.82273497
1.68374990,0.06275071,1.95240347,0.81241865
1.68624990,0.06335059,1.93391570,0.81330900
1.68874990,0.06400984,1.91399785,0.83731326
1.69124990,0.06432389,1.90465332,0.84615244
1.69374990,0.06426322,1.90645136,0.82920051
1.69624990,0.06354742,1.92792565,0.81737088
1.69874990,0.06203049,1.97507221,0.77717660
1.70124990,0.06300002,1.94467718,0.79420180
1.70374990,0.05833622,2.10014828,0.68840413
1.70624990,0.05562885,2.20235918,0.63527027
1.70874990,0.05451270,2.24745242,0.61813491
1.71124990,0.05451662,2.24729083,0.61731446
1.71374990,0.04883119,1.81112691,0.48808952
1.71624990,0.05050798,1.75100028,0.51364833
1.71874990,0.04952018,1.78592812,0.51021797
1.72124990,0.04618556,1.91487314,0.45615007
1.72374990,0.04734504,2.05385628,0.46005084
1.72624990,0.04625290,2.10235286,0.43261494
1.72874990,0.04418486,2.20075214,0.39372028
1.73124990,0.04378179,2.22101298,0.38704441
1.73374990,0.04508097,2.15700596,0.41107983
1.73624990,0.04389960,2.21505238,0.38833706
1.73874990,0.04485405,2.16791827,0.40673928
1.74124990,0.04512683,2.15481365,0.41224729
1.74374990,0.04711176,2.06402622,0.47422290
1.74624990,0.04799229,2.02615713,0.48877407
1.74874990,0.04995007,1.94674215,0.50252011
1.75124990,0.05667988,2.30740525,0.67751247
1.75374990,0.05949598,2.19818962,0.74035200
1.75624990,0.05978621,2.18751878,0.77427120
1.75874990,0.06024667,2.17079979,0.78452088
1.76124990,0.06545751,1.99798999,0.87240696
1.76374990,0.06511883,2.00838146,0.86378856
1.76624990,0.06703740,1.95090277,0.89995779
1.76874990,0.06734618,1.94195807,0.90797848
1.77124990,0.06721196,1.94583597,0.90485652
1.77374990,0.06373338,2.05204019,0.81900149
1.77624990,0.06520519,2.00572160,0.85626815
1.77874990,0.06419535,2.03727291,0.85542960
1.78124990,0.06346284,2.06078791,0.83837120
1.78374990,0.06321856,2.06875090,0.80883996
1.78624990,0.06263165,2.08813668,0.79186073
1.78874990,0.06301456,2.07544814,0.79594285
1.79124990,0.06311308,2.07220846,0.80363573
1.79374990,0.06181586,2.11569411,0.77417459
1.79624990,0.06132188,2.13273736,0.75676310
1.79874990,0.06366928,2.05410616,0.82106148
1.80124990,0.05878395,1.94791430,0.70567687
1.80374990,0.05679308,2.01619788,0.65358963
1.80624990,0.05676259,2.01728109,0.66813507
1.80874990,0.06207609,1.90697159,0.79049740
1.81124990,0.05836486,2.02822962,0.68963710
1.81374990,0.06326947,1.89039764,0.81629935
1.81624990,0.06047854,1.97763466,0.74064610
1.81874990,0.06081441,1.96671261,0.74119314
1.82124990,0.06174770,1.93698636,0.76262284
1.82374990,0.06435093,1.85862825,0.83296694
1.82624990,0.06294589,1.90011559,0.80005393
1.82874990,0.06266072,1.90876308,0.79450492
1.83124990,0.06249182,1.91392181,0.78736967
1.83374990,0.06190204,1.93215700,0.76928025
1.83624990,0.06209246,1.92623174,0.77444279
1.83874990,0.06078836,1.96755517,0.74186061
1.84124990,0.06017309,1.98767347,0.72863934
1.84374990,0.05979260,2.00032221,0.71854889
1.84624990,0.06168063,1.93909270,0.77110899
1.84874990,0.05714356,2.09305247,0.68710868
1.85124990,0.05539682,2.15904918,0.64222936
1.85374990,0.05611522,2.13140843,0.65362525
1.85624990,0.05565661,2.14897128,0.65252371
1.85874990,0.05015305,2.38478946,0.51599936
1.86124990,0.04862488,2.45973774,0.49356617
1.86374990,0.04412668,1.88391967,0.41391053
1.86624990,0.04316422,1.92592655,0.40761750
1.86874990,0.04180634,1.98848148,0.38110783
1.87124990,0.04033341,2.06109819,0.34584053
1.87374990,0.03589941,2.15064847,0.27899660
1.87624990,0.03606957,2.14050276,0.27260468
1.87874990,0.03831298,2.01516606,0.31029414
1.88124990,0.03923102,1.96800940,0.31518900
1.88374990,0.04269178,1.80847513,0.39485610
1.88624990,0.04453037,1.73380580,0.42756302
1.88874990,0.04579117,1.68606800,0.42699359
1.89124990,0.04577640,1.68661189,0.42665256
1.89374990,0.04664885,1.65506808,0.43738130
1.89624990,0.04428946,1.74323692,0.41369362
1.89874990,0.04629851,1.66759207,0.45092573
1.90124990,0.04647421,1.66128746,0.45292168
1.90374990,0.04727498,1.63314771,0.46733221
1.90624990,0.04836536,1.59632892,0.48035146
1.90874990,0.04857938,1.58929624,0.48434820
1.91124990,0.04806732,1.60622686,0.46636165
1.91374990,0.04559288,1.68779721,0.42914134
1.91624990,0.04557623,1.68841369,0.42711238
1.91874990,0.04546673,1.69248022,0.42213086
1.92124990,0.04644837,1.65671112,0.45004557
1.92374990,0.04636769,1.65959379,0.44662062
1.92624990,0.04651749,1.65424952,0.44103858
1.92874990,0.04465771,1.72314113,0.42739898
1.93124990,0.04409212,1.74524487,0.41375360
1.93374990,0.04068992,1.75567710,0.38056886
1.93624990,0.03966227,1.80116669,0.36469903
1.93874990,0.03810324,1.87486348,0.32957574
1.94124990,0.04038071,1.76912109,0.36480170
1.94374990,0.03864717,1.84847602,0.31619876
1.94624990,0.03974792,1.79728557,0.33719937
1.94874990,0.04105071,1.88802041,0.35453403
1.95124990,0.04020397,1.92778428,0.33810542
1.95374990,0.04290139,2.28226708,0.37230409
1.95624990,0.04446131,2.20219381,0.40521290
1.95874990,0.04301120,2.27644043,0.39180591
1.96124990,0.04354043,2.24877039,0.39800746
1.96374990,0.04303725,2.27506221,0.40667423
1.96624990,0.04356516,2.24749363,0.41332339
1.96874990,0.04516168,2.16804201,0.42474578
1.97124990,0.04714087,2.07701768,0.46644728
1.97374990,0.04875467,2.00826773,0.48663031
1.97624990,0.04842361,2.02199775,0.47765481
1.97874990,0.04945359,1.97988522,0.51451359
1.98124990,0.04958781,1.97452629,0.51298990
1.98374990,0.05037202,1.94378595,0.53799686
1.98624990,0.04962812,1.97292224,0.52358759
1.98874990,0.04919620,1.99024388,0.53507870
1.99124990,0.04753880,2.05963202,0.51446355
1.99374990,0.04948895,1.97847071,0.52455821
1.99624990,0.05087721,1.92448487,0.55782395
1.99874990,0.04803729,2.03825861,0.48172882
2.00124990,0.04828015,2.02800600,0.47792449
2.00374990,0.04320475,1.75392541,0.38594098
2.00624990,0.04090229,1.85265692,0.37878761
2.00874990,0.04104739,1.84610779,0.38720140
2.01124990,0.04068705,1.86245760,0.37711936
2.01374990,0.04049134,1.87145989,0.37594113
2.01624990,0.04031312,1.87973310,0.35463127
2.01874990,0.03909988,1.93806006,0.32418555
2.02124990,0.03703825,1.98045108,0.27504383
2.02374990,0.03825229,1.91759610,0.30281719
2.02624990,0.03873583,1.89365867,0.31126551
2.02874990,0.03816200,1.92213311,0.30065472
2.03124990,0.03760601,1.95055083,0.29145405
2.03374990,0.03660698,2.00378296,0.26947075
2.03624990,0.03713172,1.97546557,0.27879147
2.03874990,0.04092192,1.92268614,0.34046900
2.04124990,0.04291682,1.83331399,0.37859241
2.04374990,0.04057712,1.93902377,0.33584205
2.04624990,0.03767460,2.08840978,0.28435337
2.04874990,0.03787524,2.07734695,0.28986290
2.05124990,0.03879296,2.02820332,0.30520143
2.05374990,0.04014863,1.95971836,0.33772357
2.05624990,0.03968908,1.98240920,0.33862344
2.05874990,0.03944945,1.99445132,0.33772511
2.06124990,0.04312728,1.87864209,0.39017612
2.06374990,0.04503809,1.79893785,0.41067765
2.06624990,0.04501497,1.79986192,0.40868574
2.06874990,0.04474377,1.81077121,0.40280632
2.07124990,0.04362761,1.85709763,0.38427423
2.07374990,0.04145786,1.95429077,0.34521506
2.07624990,0.04181090,1.93778960,0.35053821
2.07874990,0.04119829,1.96660396,0.34020276
2.08124990,0.04174306,1.94093859,0.35507919
2.08374990,0.04515076,1.79444859,0.41844800
2.08624990,0.04569939,1.77290592,0.43047426
2.08874990,0.04219623,1.92009378,0.36481646
2.09124990,0.04097364,1.97738664,0.33605176
2.09374990,0.04552826,1.95029861,0.42384154
2.09624990,0.04525975,1.96186879,0.41985608
2.09874990,0.04695232,1.89114602,0.45907853
2.10124990,0.04631894,1.91700614,0.45770768
2.10374990,0.04611439,1.92550941,0.43813708
2.10624990,0.04585574,1.93637031,0.44060331
2.10874990,0.04620998,1.92152622,0.44618395
2.11124990,0.04297059,2.06638295,0.37669710
2.11374990,0.04099294,2.16607298,0.35148645
2.11624990,0.04083042,2.17469457,0.34335044
2.11874990,0.04237404,2.09547365,0.37642712
2.12124990,0.04278596,2.07529990,0.39213894
2.12374990,0.04484381,1.98006593,0.43803740
2.12624990,0.04421212,2.00835633,0.44105836
2.12874990,0.04449360,1.99565100,0.42953581
2.13124990,0.04603387,1.92887737,0.46705793
2.13374990,0.04303768,2.06316192,0.42563966
2.13624990,0.04183964,2.12223867,0.39467144
2.13874990,0.04193006,2.11766200,0.40213345
2.14124990,0.04080041,2.17629397,0.40282023
2.14374990,0.03566613,1.95023646,0.30220510
2.14624990,0.03545642,1.96177119,0.28914307
2.14874990,0.03345704,2.07900608,0.25836625
2.15124990,0.03428501,2.02879855,0.24831797
2.15374990,0.03355006,2.07324189,0.25075718
2.15624990,0.03548570,1.96015237,0.26827512
2.15874990,0.03497474,1.98878892,0.26664333
2.16124990,0.03684993,1.88758508,0.29755796
2.16374990,0.03681081,1.88959125,0.29633840
2.16624990,0.03816670,1.82246257,0.33216345
2.16874990,0.03798518,1.83117139,0.32869284
2.17124990,0.03736552,1.86153931,0.30585377
2.17374990,0.03606389,1.76182635,0.28279848
2.17624990,0.03801887,1.67123104,0.32044146
2.17874990,0.03892172,1.63246424,0.36323870
2.18124990,0.03788201,1.55729619,0.34377753
2.18374990,0.03796542,1.55387509,0.34416267
2.18624990,0.03779550,1.56086098,0.33890077
2.18874990,0.03768000,1.56564541,0.33295215
2.19124990,0.03763509,1.56751366,0.33130321
2.19374990,0.03762151,1.56807959,0.33197885
2.19624990,0.03838405,1.53692790,0.35369067
2.19874990,0.03901368,1.51212375,0.33879769
2.20124990,0.03802423,1.55147180,0.33066368
2.20374990,0.03751140,1.57268223,0.31941956
2.20624990,0.03626525,1.62672306,0.30894126
2.20874990,0.03633835,1.62345078,0.30879678
2.21124990,0.03695413,1.79149946,0.28664146
2.21374990,0.03750480,1.76519521,0.28833164
2.21624990,0.03648023,1.81477218,0.27115547
2.21874990,0.03459346,1.91375213,0.24116477
2.22124990,0.03478972,1.90295583,0.24990039
2.22374990,0.03262109,2.02946341,0.22359594
2.22624990,0.03037588,2.17946910,0.18763406
2.22874990,0.02942535,2.24987323,0.17776541
2.23124990,0.02880865,2.29803538,0.17044630
2.23374990,0.02982236,2.21992120,0.17800541
2.23624990,0.02980794,2.22099563,0.17781344
2.23874990,0.02980852,2.22095217,0.17772906
2.24124990,0.02980180,2.22145273,0.17774445
2.24374990,0.03307608,2.00154633,0.22406874
2.24624990,0.03224336,2.05323833,0.21421953
2.24874990,0.03108434,2.12979583,0.20305997
2.25124990,0.03074007,2.15364824,0.19773324
2.25374990,0.03202160,2.06745766,0.20619391
2.25624990,0.03144158,2.10559733,0.19993445
2.25874990,0.03137603,2.10999582,0.20077073
2.26124990,0.02976782,2.15873107,0.20226825
2.26374990,0.03136655,2.04870226,0.21994029
2.26624990,0.03065784,2.09606136,0.20273058
2.26874990,0.03104277,2.07007028,0.20996083
2.27124990,0.03125199,2.05621201,0.20244696
2.27374990,0.03242642,1.98173927,0.22304275
2.27624990,0.03630017,2.07944549,0.27253267
2.27874990,0.03521257,2.14367328,0.25070987
2.28124990,0.03450834,2.18742003,0.24094124
2.28374990,0.03292633,2.29251918,0.21692245
2.28624990,0.03537542,2.13380475,0.25285757
2.28874990,0.03604041,2.09443357,0.26292078
2.29124990,0.03603165,2.09494233,0.26306099
2.29374990,0.03488258,2.16395195,0.26531764
2.29624990,0.03688930,2.04623672,0.30067786
2.29874990,0.03653304,2.06619074,0.28800735
2.30124990,0.03656226,2.06453973,0.28609277
2.30374990,0.03571244,2.11366768,0.26360899
2.30624990,0.03589816,2.10273262,0.26190522
2.30874990,0.04226635,2.36766559,0.36285110
2.31124990,0.04084466,2.45007707,0.33656612
2.31374990,0.03959938,2.52712451,0.33257236
2.31624990,0.04119828,2.42904755,0.36128079
2.31874990,0.04089035,2.44733951,0.34998798
2.32124990,0.04047747,2.47230286,0.34192588
2.32374990,0.03989250,2.50855622,0.32935219
2.32624990,0.03620806,2.76382001,0.27243306
2.32874990,0.03645181,2.74533870,0.27312432
2.33124990,0.03785254,2.64374812,0.29611524
2.33374990,0.03828441,2.61392466,0.30797767
2.33624990,0.03603230,2.77730217,0.28428154
2.33874990,0.03537750,2.82870711,0.28129302
2.34124990,0.03609750,2.77228537,0.29950279
2.34374990,0.03487267,2.86965652,0.28868502
2.34624990,0.03300338,3.03219159,0.27394091
2.34874990,0.03336968,2.99890688,0.27039336
2.35124990,0.03371115,2.96853065,0.26497644
2.35374990,0.03456958,2.89481592,0.26376630
2.35624990,0.03600047,2.77975708,0.26854761
2.35874990,0.02835388,1.87336032,0.16946955
2.36124990,0.03038818,1.74795041,0.18794888
2.36374990,0.02995221,1.77339301,0.18394794
2.36624990,0.02785306,1.90704475,0.15965456
2.36874990,0.02784878,1.90733789,0.15941203
2.37124990,0.03156208,2.16545848,0.21383529
2.37374990,0.03116048,2.19336688,0.21365689
2.37624990,0.03332943,2.05063138,0.25868272
2.37874990,0.03548232,1.92620905,0.29704539
2.38124990,0.03560449,1.91959961,0.34631366
2.38374990,0.03515696,1.94403510,0.34915943
2.38624990,0.04214950,2.46698485,0.52585549
2.38874990,0.04604365,2.25833909,0.62615203
2.39124990,0.04835145,2.15054967,0.76087233
2.39374990,0.05195766,2.00128693,0.86690847
2.39624990,0.05243255,1.98316105,0.89317767
2.39874990,0.05220648,1.99174850,0.87923157
2.40124990,0.05258724,1.97732711,0.83131054
2.40374990,0.05188494,2.00409185,0.78465366
2.40624990,0.05518786,1.88414976,0.74717038
2.40874990,0.05893039,1.76449158,0.79591492
2.41124990,0.06140141,1.69348194,0.79197906
2.41374990,0.06698619,1.81077421,0.92152208
2.41624990,0.08287076,2.63735628,1.37646427
2.41874990,0.18438575,3.99500322,7.36896373
2.42124990,0.18763992,3.92571954,7.69247775
2.42374990,0.21730888,3.38974496,11.05549620
2.42624990,0.21983346,3.35081695,11.44380716
2.42874990,0.28644714,2.87419604,16.78781674
2.43124990,0.28818336,2.85687988,17.23677128
2.43374990,0.34122938,2.41276191,24.00742012
2.43624990,0.35629260,2.31075591,27.25099528
2.43874990,0.38954519,2.11350378,33.57998791
2.44124990,0.46651893,2.46578969,51.39381065
2.44374990,0.60546293,2.85445461,89.06752134
2.44624990,0.62043013,2.78559401,90.21030564
2.44874990,0.66630922,2.59379039,109.94803657
2.45124990,0.74000617,2.33547573,127.13679890
2.45374990,0.75689520,2.28336294,126.63026999
2.45624990,0.91813976,2.53362478,187.66734826
2.45874990,1.62879963,3.69436503,544.95610860
2.46124990,1.64902376,3.64905621,553.06383198
2.46374990,2.60139313,3.45913046,1494.52446782
2.46624990,2.63415170,3.41611237,1527.15693479
2.46874990,2.66919266,3.37126590,1506.13429118
2.47124990,2.85054762,3.15678228,1719.37352952
2.47374990,3.32638670,2.70520508,2227.07966900
2.47624990,3.35044853,2.68577718,2273.94280739
2.47874990,3.43656913,2.61847147,2393.70143227
2.48124990,3.53189199,2.54780108,2500.65232439
2.48374990,3.53606163,2.54479677,2503.02587066
2.48624990,3.61751239,2.48749893,2623.07843345
2.48874990,3.61442001,2.48962715,2619.61425844
2.49124990,3.70484237,2.42886398,2800.55156477
2.49374990,3.68464972,2.44217467,2776.89540991
2.49624990,3.72385729,2.41646161,2866.22096141
2.49874990,3.75648114,2.39547541,2909.53960378
2.50124990,3.79672151,2.37008645,2909.29535836
2.50374990,3.91324073,2.29951563,3100.95968141
2.50624990,4.07023496,2.21082033,3330.16956559
2.50874990,3.91358760,2.29931181,3106.95371226
2.51124990,3.90538672,2.30414012,3091.72093851
2.51374990,3.63069677,2.11605802,2719.55159420
2.51624990,3.61243697,2.12675407,2692.41768926
2.51874990,3.59331875,2.13806945,2650.35790250
2.52124990,3.52430591,2.17993705,2553.45268645
2.52374990,3.17188610,1.98325330,2029.52159894
2.52624990,3.17860608,1.97906046,2037.58755395
2.52874990,3.08154696,2.04139468,1900.06780548
2.53124990,2.99457400,2.10068396,1794.60676822
2.53374990,3.02895310,2.07684087,1837.42429483
2.53624990,2.96334829,2.12281952,1763.92456939
2.53874990,2.97622488,2.11363518,1782.69014606
2.54124990,2.85277801,2.20509747,1667.38192563
2.54374990,2.85280626,2.20507564,1667.99499425
2.54624990,2.79835518,2.24798254,1644.57302245
2.54874990,2.74402941,2.29248767,1600.04266799
2.55124990,2.66871699,2.35718273,1477.78636066
2.55374990,2.48965707,2.52671489,1350.97979953
2.55624990,2.16206167,2.90956251,1013.98328081
2.55874990,2.02848571,3.10115746,854.04633723
2.56124990,2.02793498,3.10199965,853.77618614
2.56374990,1.46110062,2.35377904,427.87969766
2.56624990,1.44735251,2.37613711,422.04169910
2.56874990,1.42146723,2.41940717,406.52266397
2.57124990,1.22874443,2.79887985,304.46171891
2.57374990,0.95865924,2.42374625,198.98541839
2.57624990,0.84525415,2.74893267,168.57007895
2.57874990,0.83885410,2.76990570,163.40380429
2.58124990,0.75298393,3.08578531,126.62672704
2.58374990,0.54542200,3.67227015,63.49131026
2.58624990,0.31349350,4.01626637,20.23562585
2.58874990,0.14231135,2.88300980,4.65077342
2.59124990,0.11100973,1.79271380,3.62689198
2.59374990,0.11006402,1.80811749,3.76700937
2.59624990,0.10470416,1.90067600,3.34396338
2.59874990,0.09480084,1.91825119,2.64503378
2.60124990,0.09734253,1.86816402,2.90052618
2.60374990,0.09807059,1.85429508,2.99322897
2.60624990,0.10204530,1.78206944,3.42697749
2.60874990,0.10186508,1.78522234,3.47450734
2.61124990,0.10157348,1.79034748,3.18484795
2.61374990,0.09825864,1.85074633,2.80140196
2.61624990,0.09498962,1.74948434,2.27219951
2.61874990,0.09004142,1.84562678,1.95146565
2.62124990,0.08832929,1.88140156,1.85799211
2.62374990,0.08505965,1.95372130,1.69129306
2.62624990,0.08736793,1.90210372,1.86702880
2.62874990,0.08748447,1.89956988,1.86581436
2.63124990,0.08897890,1.86766582,1.76801907
2.63374990,0.08783466,1.89199647,1.67293746
2.63624990,0.08347821,1.88468431,1.40605116
2.63874990,0.07583428,1.88506565,1.16380191
2.64124990,0.07255104,1.97037277,1.06190371
2.64374990,0.07295508,1.95946047,1.07151692
2.64624990,0.07278019,1.96416911,1.06886909
2.64874990,0.07371414,1.93928337,1.10512438
2.65124990,0.07126404,2.00595706,1.07393680
2.65374990,0.07284848,1.96232793,1.17363442
2.65624990,0.06684886,2.13844496,1.07418026
2.65874990,0.06917922,2.06640963,1.10569307
2.66124990,0.06774032,2.11030300,1.00025516
2.66374990,0.06717974,2.12791223,0.95182991
2.66624990,0.06023231,1.87028968,0.74450190
2.66874990,0.06283154,1.79291890,0.81972347
2.67124990,0.06346923,1.77490521,0.88964155
2.67374990,0.06332876,1.77884188,0.89392550
2.67624990,0.06458989,1.74410967,0.91785508
2.67874990,0.06622073,1.70115692,0.94064496
2.68124990,0.06788193,1.78965020,0.92542939
2.68374990,0.06611073,1.83759737,0.87464008
2.68624990,0.06372019,1.90653703,0.81215189
2.68874990,0.06689463,1.81606360,0.90006214
2.69124990,0.06894539,1.76204536,0.96014120
2.69374990,0.06790494,1.78904382,0.94146282
2.69624990,0.06963754,1.74453185,0.98475305
2.69874990,0.07060949,1.72051814,0.99726188
2.70124990,0.06994204,1.73693688,0.98669229
2.70374990,0.06758860,1.79741716,0.92568397
2.70624990,0.06927116,1.75375882,0.96384592
2.70874990,0.06690930,1.81566557,0.89628971
2.71124990,0.06893294,1.76236356,0.95469471
2.71374990,0.06892262,1.76262744,0.95442144
2.71624990,0.07514738,1.91307625,1.19641013
2.71874990,0.07355054,1.95461059,1.14854667
2.72124990,0.07320020,1.96396555,1.14197917
2.72374990,0.07616750,1.88745412,1.23585049
2.72624990,0.07293020,1.97123648,1.08297236
2.72874990,0.07304250,1.96820556,1.08591723
2.73124990,0.07037202,2.04289526,1.00195538
2.73374990,0.07109420,2.02214336,1.01757631
2.73624990,0.06948504,2.06897282,0.97947073
2.73874990,0.07076009,2.03169140,1.01609943
2.74124990,0.07712200,2.02503913,1.19190561
2.74374990,0.07717747,2.02358359,1.19492032
2.74624990,0.07604280,2.05377828,1.15892685
2.74874990,0.08335100,2.03778343,1.39161180
2.75124990,0.08491335,2.00028949,1.44678946
2.75374990,0.08463983,2.00675366,1.44215324
2.75624990,0.08604442,1.97399528,1.48797964
2.75874990,0.09103760,1.86572669,1.66022715
2.76124990,0.08907812,1.90676768,1.59625361
2.76374990,0.08844990,1.92031073,1.57675507
2.76624990,0.08619870,1.97046228,1.50421451
2.76874990,0.08572522,1.98134556,1.48522207
2.77124990,0.08442620,2.01183156,1.43187771
2.77374990,0.08372473,2.02868719,1.40718712
2.77624990,0.08347264,2.03481390,1.39736488
2.77874990,0.08514009,1.99496251,1.45243061
2.78124990,0.08893361,1.90986608,1.58188744
2.78374990,0.09080671,1.87047062,1.65130567
2.78624990,0.09097290,1.86705367,1.65730300
2.78874990,0.09202443,1.84571943,1.69457065
2.79124990,0.09170467,1.85215517,1.68283772
2.79374990,0.09174650,1.85131084,1.68410838
2.79624990,0.09193754,1.84746393,1.69127148
2.79874990,0.08994386,1.69402197,1.61814450
2.80124990,0.08835489,1.72448724,1.56327115
2.80374990,0.08876290,1.71656038,1.57947257
2.80624990,0.09021737,1.68888630,1.63421810
2.80874990,0.08518143,1.78873347,1.46524175
2.81124990,0.08516629,1.78905135,1.46097330
2.81374990,0.09633404,2.12069290,1.92812268
2.81624990,0.09355627,2.18365815,1.83083597
2.81874990,0.09392987,2.17497287,1.83434865
2.82124990,0.09879671,2.06783101,2.05944279
2.82374990,0.10542224,1.93787303,2.29010131
2.82624990,0.10524547,1.94112777,2.26765211
2.82874990,0.10411553,1.96219434,2.21353221
2.83124990,0.10189410,2.00497287,2.13647830
2.83374990,0.09971749,2.04873709,2.03499244
2.83624990,0.10000147,2.04291904,2.05080895
2.83874990,0.09688661,2.10859788,1.93428329
2.84124990,0.09084349,2.24886675,1.65930537
2.84374990,0.09373542,2.17948458,1.80083146
2.84624990,0.09972570,2.04856826,2.03427958
2.84874990,0.09424317,2.16774228,1.78189566
2.85124990,0.09460053,2.15955348,1.79127287
2.85374990,0.09896968,2.06421720,1.96254385
2.85624990,0.09536659,2.14220637,1.83180776
2.85874990,0.09592722,2.12968649,1.86229236
2.86124990,0.10010139,2.04087992,2.05956868
2.86374990,0.08927978,2.05402659,1.75531176
2.86624990,0.08873076,2.06673594,1.71310739
2.86874990,0.09176549,1.99838797,1.87507205
2.87124990,0.08684679,2.11156964,1.78095999
2.87374990,0.07680619,2.06734451,1.34793631
2.87624990,0.08779384,2.16888090,1.85807572
2.87874990,0.08623046,2.20820316,1.83340408
2.88124990,0.08295650,2.29535227,1.62134609
2.88374990,0.08519051,2.23515957,1.75088900
2.88624990,0.08409867,2.26417832,1.76528345
2.88874990,0.08308502,2.29180162,1.70155230
2.89124990,0.08499346,2.24034167,1.82340620
2.89374990,0.08169320,2.33084732,1.79911857
2.89624990,0.07492218,2.54149553,1.41071926
2.89874990,0.07973952,2.38795484,1.66645481
2.90124990,0.08173785,2.32957398,1.82505745
2.90374990,0.07645875,2.49041961,1.56116938
2.90624990,0.09154805,2.47444917,2.34211615
2.90874990,0.09156278,2.47405097,2.34319011
2.91124990,0.08779197,2.58031582,1.99336097
2.91374990,0.09595897,2.36070683,2.45323357
2.91624990,0.09708380,2.33335519,2.44995889
2.91874990,0.09379259,2.41523330,2.21726847
2.92124990,0.09712902,2.33226899,2.42117455
2.92374990,0.09704740,2.33423047,2.36967462
2.92624990,0.08724839,2.59639165,1.84118700
2.92874990,0.08773312,2.58204640,1.93341030
2.93124990,0.08965810,2.52660947,2.06747742
2.93374990,0.08937384,2.53464539,1.90242665
2.93624990,0.09618746,2.35509899,2.30826717
2.93874990,0.09637900,2.35041857,2.27662785
2.94124990,0.09592695,2.36149473,2.10851826
2.94374990,0.09757371,2.32163962,2.22808313
2.94624990,0.09661902,2.34457965,2.23064029
2.94874990,0.09283355,2.44018445,1.98880425
2.95124990,0.09132569,2.48047404,1.89955217
2.95374990,0.09102052,2.48879029,1.88033446
2.95624990,0.08015844,2.18805945,1.34157007
2.95874990,0.08075685,2.17184580,1.36896555
2.96124990,0.08183728,2.14317280,1.40124361
2.96374990,0.07466371,2.12982389,1.11730093
2.96624990,0.07309781,2.17544873,1.08073022
2.96874990,0.07306513,2.17642173,1.07989880
2.97124990,0.07300189,2.17830737,1.08340258
2.97374990,0.07284845,2.18289531,1.07834642
2.97624990,0.07283590,2.18327149,1.07274974
2.97874990,0.07818767,2.03383156,1.27012772
2.98124990,0.07706870,2.06336102,1.24129372
2.98374990,0.07490426,2.12298396,1.15149332
2.98624990,0.06661882,2.04277043,1.01133138
2.98874990,0.06780325,2.00708586,1.05101648
2.99124990,0.06732389,2.02137673,0.96607854
2.99374990,0.06941244,1.96055570,1.11233789
2.99624990,0.06950226,1.95802207,1.10025694
2.99874990,0.07455965,1.82520920,1.16809692
3.00124990,0.07502618,1.81385961,1.23253159
3.00374990,0.07835437,1.73681374,1.31294163
3.00624990,0.07377092,1.84472348,1.11805955
3.00874990,0.07270179,1.87185143,1.09400062
3.01124990,0.07037620,1.93370696,1.01155745
3.01374990,0.06788734,2.00460000,0.92631325
3.01624990,0.06931436,1.96332988,0.96089768
3.01874990,0.07012025,1.94076549,0.98772137
3.02124990,0.06857363,1.98453780,0.99162703
3.02374990,0.06865507,1.98218367,0.99588104
3.02624990,0.07039810,1.93310549,1.01600506
3.02874990,0.06389239,1.94591687,0.84275969
3.03124990,0.06270609,1.98273055,0.79747481
3.03374990,0.06287611,1.97736908,0.80591657
3.03624990,0.06267201,1.98380853,0.81604474
3.03874990,0.06091209,2.04112626,0.79346523
3.04124990,0.05935448,2.09469060,0.74122023
3.04374990,0.05630496,2.20814086,0.76907862
3.04624990,0.05768118,2.15545660,0.80637750
3.04874990,0.05085139,2.04189632,0.57212160
3.05124990,0.05432579,1.96622094,0.70789363
3.05374990,0.04952889,2.15665076,0.56939733
3.05624990,0.05279480,2.02323929,0.59367608
3.05874990,0.05276178,2.02450548,0.59280212
3.06124990,0.05470585,1.95256085,0.61781850
3.06374990,0.05427428,1.96808725,0.60249147
3.06624990,0.05254741,2.03276432,0.55389902
3.06874990,0.05133665,2.08070680,0.53354773
3.07124990,0.04670935,2.28683378,0.44953830
3.07374990,0.04817323,2.21734163,0.47316784
3.07624990,0.04884555,2.18682166,0.48181848
3.07874990,0.05002936,2.13507650,0.50759132
3.08124990,0.04981623,2.14421110,0.50611899
3.08374990,0.05758821,2.27218948,0.67235554
3.08624990,0.05774908,2.26585980,0.66968614
3.08874990,0.05887068,2.22269065,0.70269576
3.09124990,0.05980570,2.18794057,0.72895792
3.09374990,0.05769894,2.26782881,0.67021688
3.09624990,0.05641127,2.31959543,0.63733683
3.09874990,0.05614945,2.33041142,0.63356427
3.10124990,0.05082762,2.57441378,0.53502004
3.10374990,0.05392993,2.42632066,0.59764683
3.10624990,0.05073210,2.57926088,0.51571063
3.10874990,0.05058407,2.58680898,0.51678253
3.11124990,0.04954393,2.64111689,0.49517829
3.11374990,0.04965749,2.63507698,0.49804739
3.11624990,0.05038349,2.59710695,0.51450714
3.11874990,0.05038236,2.59716514,0.51503348
3.12124990,0.05004297,2.61477917,0.51167546
3.12374990,0.05377592,2.43326963,0.59124009
3.12624990,0.05113242,2.55906733,0.53073099
3.12874990,0.04946059,2.64556697,0.51189866
3.13124990,0.05193045,2.51974151,0.57022099
3.13374990,0.04294180,2.41490766,0.37761066
3.13624990,0.04614506,2.24727196,0.42832022
3.13874990,0.04478509,2.31551395,0.40429876
3.14124990,0.04493668,2.30770249,0.40735213
3.14374990,0.04630728,2.23939914,0.43647209
3.14624990,0.04590393,2.25907645,0.42693143
3.14874990,0.04599298,2.25470256,0.42753429
3.15124990,0.04608089,2.25040124,0.42880707
3.15374990,0.04193765,2.47273001,0.35278012
3.15624990,0.04584699,2.26188222,0.42424546
3.15874990,0.04575791,2.26628554,0.42760398
3.16124990,0.04461196,2.32449954,0.41585257
3.16374990,0.04542705,2.28279165,0.44706283
3.16624990,0.04463377,2.32336399,0.42793903
3.16874990,0.04608121,2.25038548,0.44183632
3.17124990,0.04654921,2.22776042,0.44608105
3.17374990,0.04048297,2.12519363,0.33063905
3.17624990,0.04365806,1.97063638,0.38399089
3.17874990,0.04365258,1.97088356,0.38379690
3.18124990,0.04217202,2.04007667,0.36101520
3.18374990,0.04224175,2.03670923,0.36272111
3.18624990,0.03844423,2.18208165,0.29850374
3.18874990,0.04244641,1.97633772,0.37106733
3.19124990,0.04201671,1.99654957,0.38221740
3.19374990,0.04092819,2.04964930,0.36887521
3.19624990,0.04100116,2.04600198,0.37321894
3.19874990,0.04122480,2.03490221,0.36960050
3.20124990,0.04515133,1.85793950,0.41681456
3.20374990,0.04651461,1.80348600,0.43647564
3.20624990,0.04271108,1.95447585,0.36538936
3.20874990,0.04312191,1.93585497,0.37331185
3.21124990,0.04323005,1.93101247,0.37507721
3.21374990,0.04517833,1.84773912,0.40828387
3.21624990,0.04516722,1.84819362,0.40808685
3.21874990,0.04369382,1.91051671,0.38346423
3.22124990,0.04383292,1.90445370,0.38945367
3.22374990,0.04373957,1.90851828,0.38721413
3.22624990,0.04424612,1.88666864,0.39549790
3.22874990,0.04423959,1.88694706,0.39552044
3.23124990,0.04306933,1.93821856,0.37240942
3.23374990,0.04397152,1.89845083,0.38741807
3.23624990,0.04339478,1.92368225,0.37833992
3.23874990,0.04046233,2.06309845,0.33246670
3.24124990,0.03971532,2.10190349,0.32197269
3.24374990,0.03931399,2.12336010,0.31393193
3.24624990,0.04046157,2.06313708,0.32986529
3.24874990,0.04011410,2.08100823,0.32283884
3.25124990,0.03883491,2.14557692,0.30231033
3.25374990,0.03717515,2.24137092,0.27704056
3.25624990,0.03711049,2.24527587,0.27721504
3.25874990,0.03698929,2.25263316,0.27555885
3.26124990,0.03716970,2.24169973,0.27780886
3.26374990,0.03478202,2.39558553,0.24270407
3.26624990,0.03520612,2.36672755,0.24809119
3.26874990,0.03519886,2.36721600,0.24799382
3.27124990,0.03465675,2.40424425,0.24103370
3.27374990,0.03510139,2.37378933,0.24805545
3.27624990,0.03343430,2.10404348,0.22457373
3.27874990,0.03508782,2.00489021,0.25197971
3.28124990,0.03479917,2.02152054,0.24777309
3.28374990,0.03353760,2.09756325,0.22570120
3.28624990,0.03353715,2.09759114,0.22569512
3.28874990,0.03857370,2.45874178,0.29827060
3.29124990,0.03886621,2.44023683,0.30289468
3.29374990,0.03891529,2.43715960,0.30351840
3.29624990,0.03773882,2.51313520,0.28752183
3.29874990,0.04044065,2.34523319,0.33067913
3.30124990,0.03852759,2.46168453,0.29871729
3.30374990,0.04044645,2.34489723,0.33620421
3.30624990,0.04167159,2.27595741,0.35746336
3.30874990,0.04282430,2.21469477,0.36835643
3.31124990,0.04252909,2.23006780,0.36193956
3.31374990,0.04455673,2.12858422,0.39771538
3.31624990,0.04409849,2.15070318,0.38991091
3.31874990,0.04502547,2.10642479,0.40626911
3.32124990,0.04535371,2.09117958,0.41685872
3.32374990,0.04533560,2.09201526,0.41650660
3.32624990,0.04280897,2.21548801,0.36714610
3.32874990,0.04218631,2.24818789,0.35627190
3.33124990,0.04645299,2.04169324,0.43707447
3.33374990,0.04707914,2.01453880,0.44935332
3.33624990,0.04716728,2.01077465,0.44690342
3.33874990,0.04282284,2.03371500,0.36943840
3.34124990,0.04403283,1.97783002,0.39209051
3.34374990,0.04507924,1.93191899,0.41392369
3.34624990,0.04519594,1.92693064,0.41681992
3.34874990,0.04317709,2.01702919,0.37721136
3.35124990,0.04262309,2.04324550,0.36410424
3.35374990,0.04082062,2.13346681,0.34046655
3.35624990,0.03987587,2.18401335,0.32509117
3.35874990,0.03797678,2.29322864,0.28917301
3.36124990,0.04156887,2.09506387,0.35255771
3.36374990,0.03819936,2.27986679,0.30280064
3.36624990,0.03853602,2.25994924,0.31117478
3.36874990,0.03761350,2.31537718,0.29260041
3.37124990,0.03868998,2.25095607,0.29977037
3.37374990,0.03902366,2.23170861,0.30699082
3.37624990,0.04151604,2.09773019,0.35093331
3.37874990,0.04387192,1.98508376,0.38907237
3.38124990,0.03972648,1.90550365,0.31813129
3.38374990,0.04023399,1.88146791,0.33112622
3.38624990,0.04066488,1.86153127,0.33952146
3.38874990,0.04002629,1.89123106,0.33789427
3.39124990,0.03906431,1.93780325,0.32024022
3.39374990,0.03929246,1.92655157,0.31064547
3.39624990,0.03960425,1.91138465,0.31490525
3.39874990,0.03918756,1.93170889,0.30978617
3.40124990,0.03890022,1.94597777,0.30529749
3.40374990,0.04017121,1.88440816,0.33224954
3.40624990,0.03977341,1.90325515,0.32767135
3.40874990,0.04097559,1.84741585,0.34043449
3.41124990,0.03833800,1.88703304,0.30028483
3.41374990,0.03848992,1.87958507,0.30051312
3.41624990,0.03880788,1.86418544,0.30435791
3.41874990,0.03866908,1.87087667,0.30237764
3.42124990,0.04124359,1.98626444,0.34629934
3.42374990,0.04095088,2.00046186,0.34661128
3.42624990,0.03914663,2.09266213,0.32290396
3.42874990,0.03637156,2.25232792,0.27669455
3.43124990,0.03718213,2.20322732,0.27887102
3.43374990,0.03583209,2.28623750,0.26506028
3.43624990,0.03544333,2.31131457,0.25858879
3.43874990,0.04006362,2.10655473,0.32156455
3.44124990,0.03995834,2.11210518,0.32319339
3.44374990,0.03861296,2.18569643,0.30235378
3.44624990,0.03806699,2.21704447,0.29105020
3.44874990,0.03964699,2.12869169,0.31583564
3.45124990,0.03959414,2.13153272,0.31489342
3.45374990,0.03845303,2.19478688,0.29942207
3.45624990,0.04001248,2.10924734,0.32932978
3.45874990,0.04251365,1.98515563,0.37218374
3.46124990,0.04346569,1.94167433,0.38616708
3.46374990,0.04388879,1.92295586,0.39205400
3.46624990,0.04405877,1.91553724,0.39134406
3.46874990,0.04467905,1.88894356,0.40004293
3.47124990,0.04078889,2.06909823,0.34293276
3.47374990,0.04399170,1.91845749,0.40284570
3.47624990,0.04423792,1.90777985,0.39810011
3.47874990,0.04369495,1.93148659,0.39273143
3.48124990,0.04303815,1.96096304,0.38099217
3.48374990,0.04367163,1.93251810,0.38712279
3.48624990,0.04339196,1.94497332,0.38320597
3.48874990,0.03907336,1.99670376,0.30638362
3.49124990,0.03981980,1.95927490,0.31911122
3.49374990,0.04133380,1.88750939,0.34550256
3.49624990,0.04215820,1.85059917,0.35745928
3.49874990,0.04279481,1.82306977,0.37069931
3.50124990,0.04404725,1.77123269,0.39395725
3.50374990,0.04396820,1.77441705,0.39190209
3.50624990,0.04297719,1.81533333,0.37337264
3.50874990,0.03973464,1.96347371,0.31803756
3.51124990,0.03832792,2.03553769,0.29757673
3.51374990,0.03763847,2.07282395,0.28573558
3.51624990,0.03912159,1.99424238,0.32605687
3.51874990,0.03931739,1.98431096,0.33076123
3.52124990,0.03935511,1.98240906,0.33694449
3.52374990,0.03650255,1.64619453,0.29673133
3.52624990,0.03763102,1.59682887,0.29180245
3.52874990,0.03816113,1.57464674,0.30324027
3.53124990,0.03906791,1.53809862,0.31540270
3.53374990,0.04334898,2.08861303,0.37823912
3.53624990,0.04411390,2.05239681,0.39458721
3.53874990,0.04444943,2.03690434,0.40262371
3.54124990,0.04405248,2.05525835,0.39218604
3.54374990,0.04244955,2.13286683,0.37229530
3.54624990,0.04175006,2.16860128,0.35959256
3.54874990,0.03991446,2.26833191,0.32338217
3.55124990,0.03940216,2.29782441,0.31548563
3.55374990,0.04047527,2.23690265,0.33805439
3.55624990,0.04222044,2.14444103,0.37757806
3.55874990,0.04308224,2.10154410,0.38866410
3.56124990,0.04256212,2.12722552,0.37569615
3.56374990,0.04240634,2.13504028,0.37635079
3.56624990,0.04025993,2.24886717,0.35226983
3.56874990,0.03958362,2.28729032,0.33807803
3.57124990,0.04007510,2.25923940,0.35870306
3.57374990,0.03908966,2.31619384,0.34832633
3.57624990,0.03950705,2.29172346,0.35680428
3.57874990,0.04078054,2.22015806,0.40242797
3.58124990,0.04126327,2.19418485,0.38404215
3.58374990,0.03620942,1.76655127,0.27568982
3.58624990,0.03642544,1.75607491,0.27819592
3.58874990,0.03818229,1.67527404,0.29766902
3.59124990,0.03703764,1.72704841,0.27455320
3.59374990,0.03773637,1.69507052,0.28577497
3.59624990,0.04105984,1.79774646,0.34348979
3.59874990,0.04074072,1.81182803,0.34074155
3.60124990,0.04038171,1.82793595,0.33385498
3.60374990,0.05227535,2.95532343,0.61563528
3.60624990,0.05464954,2.82693271,0.71043985
3.60874990,0.06055273,2.55133921,0.89277783
3.61124990,0.06533368,2.36463877,1.08038507
3.61374990,0.06597379,2.34169594,1.12773692
3.61624990,0.06732493,2.29470077,1.20235381
3.61874990,0.07011686,2.20332958,1.37261228
3.62124990,0.06981417,2.21288266,1.38236112
3.62374990,0.06980775,2.21308621,1.38155119
3.62624990,0.07103321,2.17490612,1.56411735
3.62874990,0.06999771,2.20708018,1.59453098
3.63124990,0.06895930,2.24031502,1.50385686
3.63374990,0.06937373,2.22693183,1.45574329
3.63624990,0.07515175,2.05571484,1.47366857
3.63874990,0.08070943,1.91415745,1.49323422
3.64124990,0.08534740,1.81013775,1.57257540
3.64374990,0.09561550,2.04468025,1.86661909
3.64624990,0.10498538,1.97611062,2.21640123
3.64874990,0.10882354,1.90641389,2.38342981
3.65124990,0.13789887,2.75845577,4.06891143
3.65374990,0.14078614,2.70188483,4.41055434
3.65624990,0.15781837,2.41028937,6.04244185
3.65874990,0.16542171,2.29950435,7.00762808
3.66124990,0.17240113,2.20641216,8.26562230
3.66374990,0.20555512,2.44360245,10.23485445
3.66624990,0.25379683,2.63390943,17.07726777
3.66874990,0.28134971,2.37596781,19.91470093
3.67124990,0.42213411,3.33407273,47.33160621
3.67374990,0.50247963,2.80096095,63.43871864
3.67624990,0.51843392,2.71476416,63.58437694
3.67874990,0.54731473,2.57151093,72.13323129
3.68124990,0.65400678,2.44810215,90.94805340
3.68374990,0.66672044,2.40141940,92.32105906
3.68624990,0.67617049,2.36785758,93.55235643
3.68874990,0.70169973,2.28171017,99.00713947
3.69124990,0.70888865,2.25857109,100.59839241
3.69374990,0.70834749,2.26029658,100.35880637
3.69624990,0.70685274,2.26507633,99.94234863
3.69874990,0.70628371,2.26690121,99.81767774
3.70124990,0.71664680,2.23412064,104.08208572
3.70374990,0.82470588,2.22631664,142.33824351
3.70624990,0.82147698,2.23506742,142.34537986
3.70874990,0.91055450,2.01641576,186.38522288
3.71124990,0.91221417,2.01274710,189.16366752
3.71374990,0.97146696,1.88998340,221.79449428
3.71624990,0.98784906,1.85864066,238.46469644
3.71874990,0.98487679,1.86424988,236.03087038
3.72124990,0.99125418,1.85225593,269.31360381
3.72374990,0.97376924,1.88551491,265.94112119
3.72624990,1.02099799,1.79829583,297.92681256
3.72874990,1.30581911,2.85205198,406.53133759
3.73124990,1.34071894,2.77781112,381.97533118
3.73374990,1.62818130,2.56241944,550.51864675
3.73624990,1.90644541,2.34247896,732.58382174
3.73874990,2.30517261,2.54100548,1142.29854188
3.74124990,2.37636460,2.46488112,1224.85235255
3.74374990,2.43925758,2.40132747,1338.64509675
3.74624990,2.45531648,2.38562168,1345.45817541
3.74874990,2.47869731,2.36311881,1406.19928579
3.75124990,2.92195181,2.37890049,1888.85020847
3.75374990,2.92147460,2.37928907,1888.68969602
3.75624990,3.39568995,2.27955848,2599.76501626
3.75874990,3.40092291,2.27605095,2601.95844243
3.76124990,3.43310142,2.25471749,2688.71342088
3.76374990,3.47303918,2.22878966,2876.38924822
3.76624990,3.48619028,2.22038191,2831.21797867
3.76874990,3.49604968,2.21412008,2905.78200684
3.77124990,3.48884240,2.21869403,2888.00201601
3.77374990,3.49707638,2.21347005,2818.07739570
3.77624990,3.49603573,2.21412892,2815.65332119
3.77874990,3.40029453,2.27647157,2553.17340032
3.78124990,3.36785995,2.29839540,2557.89184181
3.78374990,3.23619460,2.39190617,2302.47274990
3.78624990,3.07965374,2.51348836,2218.15641963
3.78874990,2.78966437,2.77476886,1820.30737948
3.79124990,2.73037838,2.83501872,1824.41603290
3.79374990,2.67566630,2.89298924,1758.33860522
3.79624990,2.66241828,2.90738457,1687.25916058
3.79874990,2.64169454,2.93019261,1665.14205195
3.80124990,2.13703585,3.62215441,997.65652751
3.80374990,2.09898156,3.68782363,967.63796735
3.80624990,1.18982447,2.37731146,286.81641707
3.80874990,1.10737243,2.55431981,261.02740966
3.81124990,1.00166118,2.82389234,216.92591382
3.81374990,0.77758543,2.19728945,123.92524509
3.81624990,0.67747880,2.12468805,93.25396900
3.81874990,0.61728375,2.33187913,76.32698350
3.82124990,0.56623770,2.54209692,64.93037091
3.82374990,0.47280022,3.04448061,47.61929570
3.82624990,0.34849825,2.33976407,32.69733854
3.82874990,0.29777776,1.95555008,29.61988750
3.83124990,0.29608250,1.96674685,30.21581230
3.83374990,0.29476390,1.97554496,29.54472378
3.83624990,0.28154762,2.06828004,25.42041027
3.83874990,0.25725402,2.26359661,20.44879023
3.84124990,0.22237061,1.82524984,14.77072250
3.84374990,0.20433316,1.94766663,11.81075825
3.84624990,0.18398101,1.86079678,9.17929646
3.84874990,0.16950316,2.01973390,7.38615734
3.85124990,0.15899241,2.15325555,5.99342690
3.85374990,0.14546586,2.35348203,4.75139178
3.85624990,0.12886795,2.10807195,3.44804444
3.85874990,0.11389486,2.13259802,2.61386880
3.86124990,0.10065512,1.72597598,2.04997225
3.86374990,0.09366585,1.85476695,1.79779699
3.86624990,0.09217624,1.88474077,1.76247164
3.86874990,0.09343970,1.85925607,1.87581343
3.87124990,0.09057743,1.91800896,1.90894607
3.87374990,0.09293614,1.86933016,2.16708136
3.87624990,0.09025189,1.79131478,2.43850564
3.87874990,0.08766411,1.84419303,2.46497804
3.88124990,0.08764436,1.84460855,2.49430611
3.88374990,0.08979049,1.80051958,2.48466524
3.88624990,0.08633469,1.87259076,2.09388968
3.88874990,0.08422881,1.91940902,1.94220236
3.89124990,0.08290769,1.94999455,1.83545695
3.89374990,0.08103372,1.99508965,1.74251966
3.89624990,0.08099457,1.99605398,1.71037569
3.89874990,0.07974230,2.02740001,1.57377196
3.90124990,0.07751423,2.08567572,1.34912205
3.90374990,0.07779509,2.07814569,1.28361950
3.90624990,0.06890360,2.07018489,0.96560578
3.90874990,0.06912243,2.06363122,0.97323677
3.91124990,0.06893199,2.06933245,0.96699301
3.91374990,0.06924360,2.06001986,0.98246303
3.91624990,0.07127572,2.00128720,1.03382871
3.91874990,0.07131181,2.00027439,1.02031000
3.92124990,0.07519391,1.89700458,1.17331507
3.92374990,0.06971978,2.04595012,1.05084621
3.92624990,0.06247285,2.18398251,0.91408963
3.92874990,0.06516814,2.09365515,0.95912705
3.93124990,0.06820112,2.00054813,0.99627570
3.93374990,0.06557267,2.08073916,0.91471597
3.93624990,0.06405279,2.13011196,0.86006027
3.93874990,0.07224435,2.06953995,1.12656153
3.94124990,0.07242860,2.06427522,1.14506398
3.94374990,0.07091238,2.10841273,1.14636955
3.94624990,0.07288285,2.05140954,1.17125597
3.94874990,0.07522632,1.98750344,1.17178541
3.95124990,0.07575194,1.97371278,1.17423482
3.95374990,0.07242764,2.06430285,1.05587988
3.95624990,0.07244546,2.06379499,1.05872768
3.95874990,0.07554531,1.97911127,1.18810269
3.96124990,0.07507079,1.99162115,1.17053967
3.96374990,0.07481570,1.99841169,1.17116139
3.96624990,0.07478986,1.99910211,1.21102408
3.96874990,0.07394829,2.02185291,1.13960518
3.97124990,0.06805250,2.19701805,1.01960036
3.97374990,0.06908491,2.16418572,1.05336532
3.97624990,0.07424452,2.01378597,1.13026372
3.97874990,0.07186080,2.08058587,1.08221094
3.98124990,0.06905621,2.16508518,0.98783041
3.98374990,0.07576471,1.97338012,1.15240473
3.98624990,0.07684263,1.94569840,1.20925015
3.98874990,0.06921286,2.05392838,1.00568082
3.99124990,0.07078721,2.00824752,1.03631913
3.99374990,0.07792245,1.88337092,1.22932418
3.99624990,0.07700399,1.90583464,1.18611579
3.99874990,0.07396137,1.98423692,1.09841943
4.00124990,0.07539919,1.94639874,1.14137810
4.00374990,0.07688028,1.90890143,1.18225208
4.00624990,0.07751734,1.89321346,1.20389118
4.00874990,0.07739771,1.89613986,1.20020902
4.01124990,0.07786134,1.88484910,1.21264850
4.01374990,0.07796360,1.88237698,1.21627981
4.01624990,0.07880790,1.86221037,1.24266511
4.01874990,0.07955198,1.84479223,1.26579975
4.02124990,0.07927618,1.85121030,1.26336600
4.02374990,0.07974751,1.84026920,1.27870725
4.02624990,0.07854191,1.86851685,1.24337089
4.02874990,0.07979470,1.83918085,1.28980933
4.03124990,0.07979526,1.83916799,1.28473027
4.03374990,0.07779072,1.88656016,1.22626363
4.03624990,0.07774540,1.88765999,1.22471975
4.03874990,0.07838938,1.87215263,1.25439304
4.04124990,0.07991292,1.83646001,1.29986556
4.04374990,0.07946779,1.78487820,1.28426010
4.04624990,0.07887328,1.79833171,1.26734940
4.04874990,0.08325728,1.70363878,1.39134348
4.05124990,0.08751155,1.93409125,1.54480655
4.05374990,0.08986498,1.88344016,1.62641779
4.05624990,0.08930158,1.89532268,1.59783728
4.05874990,0.09453528,1.82464348,1.79477493
4.06124990,0.09531663,1.80968620,1.82226417
4.06374990,0.09521905,1.81154075,1.81688192
4.06624990,0.09638249,1.78967343,1.86305061
4.06874990,0.09754199,1.76839925,1.90615843
4.07124990,0.09737168,1.77149244,1.89724153
4.07374990,0.09804438,1.75933787,1.92490411
4.07624990,0.09870751,1.74751833,1.95117037
4.07874990,0.09773712,1.76486872,1.91068826
4.08124990,0.09863495,1.74880393,1.94989906
4.08374990,0.09812057,1.75797176,1.92970296
4.08624990,0.09700632,1.77816440,1.88215027
4.08874990,0.09700901,1.77811510,1.88225626
4.09124990,0.09877221,1.74637360,1.95266185
4.09374990,0.09365755,1.84174360,1.76873669
4.09624990,0.09507064,1.81436865,1.82648840
4.09874990,0.09566268,1.80313985,1.85119473
4.10124990,0.08786953,1.96306022,1.56677113
4.10374990,0.08419030,2.04884861,1.42509910
4.10624990,0.09961810,2.39167049,2.08567291
4.10874990,0.09188830,2.59286163,1.81362514
4.11124990,0.09074050,2.62565947,1.72301413
4.11374990,0.09665320,2.46503639,2.01707068
4.11624990,0.09382840,2.53924886,1.94362394
4.11874990,0.09044606,2.63420724,1.76955301
4.12124990,0.09769480,2.43875471,2.15115799
4.12374990,0.09585776,2.48549173,2.13220709
4.12624990,0.09210506,2.58675979,1.88267322
4.12874990,0.09921506,2.40138592,2.29847795
4.13124990,0.10176048,2.34131821,2.37051757
4.13374990,0.09880240,2.41141575,2.15539813
4.13624990,0.10210662,2.33338118,2.35243613
4.13874990,0.10384883,2.29423549,2.38805027
4.14124990,0.10089229,2.36146537,2.22811202
4.14374990,0.10183105,2.33969558,2.33068152
4.14624990,0.10138236,2.35005052,2.31962113
4.14874990,0.09709535,2.45381135,2.05769503
4.15124990,0.09886164,2.40997078,2.18865118
4.15374990,0.10095327,2.36003917,2.23336894
4.15624990,0.08598115,1.93245117,1.55455450
4.15874990,0.08781317,1.89213508,1.66594151
4.16124990,0.08864069,1.87447072,1.68334886
4.16374990,0.08226336,2.01978592,1.40380504
4.16624990,0.08572397,1.93824860,1.59588673
4.16874990,0.08615110,1.92863898,1.59260550
4.17124990,0.07773370,2.12796214,1.24030108
4.17374990,0.08115553,2.03823918,1.37815409
4.17624990,0.08300769,1.99275965,1.42646170
4.17874990,0.07434115,1.59631159,1.11445515
4.18124990,0.07127134,1.66506828,1.09237005
4.18374990,0.07233609,1.64055921,1.12069911
4.18624990,0.06760174,1.75545254,0.93635756
4.18874990,0.06809303,1.74278707,0.98688678
4.19124990,0.06673431,1.77827025,0.93047170
4.19374990,0.06537333,1.81529132,0.88075810
4.19624990,0.06939188,1.79267949,1.04556059
4.19874990,0.06972582,1.78409364,1.04629339
4.20124990,0.06733692,1.84738764,0.95413678
4.20374990,0.06821835,1.82351806,1.06516225
4.20624990,0.06820677,1.82382788,1.04793294
4.20874990,0.06607179,1.88276107,0.93296928
4.21124990,0.06815359,1.82525082,1.05008719
4.21374990,0.06869341,1.81090722,1.04212159
4.21624990,0.06364793,1.95446116,0.84912224
4.21874990,0.06897038,1.83251848,1.06893232
4.22124990,0.06935735,1.82229407,1.07290914
4.22374990,0.06551985,1.92902611,0.90348379
4.22624990,0.06367348,1.98496273,0.89772357
4.22874990,0.06433845,1.96444727,0.89823137
4.23124990,0.06300177,2.00612602,0.82541758
4.23374990,0.06197271,2.03943801,0.82639385
4.23624990,0.06205823,2.03662743,0.83469770
4.23874990,0.06034434,2.09447147,0.74894097
4.24124990,0.06379763,1.98110005,0.88746988
4.24374990,0.06410593,1.97157270,0.89621549
4.24624990,0.06075055,2.08046666,0.74348966
4.24874990,0.06396199,1.97600932,0.84940099
4.25124990,0.06521687,1.93798768,0.87851202
4.25374990,0.06270720,2.01555008,0.78687749
4.25624990,0.06338725,1.99392610,0.80690995
4.25874990,0.06324049,1.99855321,0.80315443
4.26124990,0.06096403,2.07318130,0.75230515
4.26374990,0.06088876,2.07574435,0.75785494
4.26624990,0.06148844,2.05550020,0.76398905
4.26874990,0.05529005,1.76594996,0.61809931
4.27124990,0.05534847,1.76408609,0.62116037
4.27374990,0.05547714,1.75999443,0.61822518
4.27624990,0.05843940,1.67078141,0.69176381
4.27874990,0.05856456,1.66721068,0.69484916
4.28124990,0.05931501,1.64611725,0.70436172
4.28374990,0.06118253,1.59587156,0.76262779
4.28624990,0.06211294,1.57196645,0.78733242
4.28874990,0.06222352,1.56917292,0.77811269
4.29124990,0.05980020,1.58109330,0.73035024
4.29374990,0.05934552,1.59320694,0.71775364
4.29624990,0.05674167,1.66631836,0.64408778
4.29874990,0.05357106,1.74338049,0.59688165
4.30124990,0.05184165,1.80153888,0.56471279
4.30374990,0.05246897,1.77999971,0.55494862
4.30624990,0.05144081,1.81557680,0.52929337
4.30874990,0.05187913,1.80023713,0.53884664
4.31124990,0.05035659,1.85466788,0.51240144
4.31374990,0.04957303,1.88398297,0.49901651
4.31624990,0.05812818,2.47059491,0.69348050
4.31874990,0.06040537,2.37745722,0.74934097
4.32124990,0.06008786,2.39001999,0.75854280
4.32374990,0.06376621,2.25215181,0.84892222
4.32624990,0.06342184,2.26438077,0.80844676
4.32874990,0.06417425,2.23783187,0.83017880
4.33124990,0.06340472,2.26499215,0.81921200
4.33374990,0.06149356,2.33538597,0.76558042
4.33624990,0.06072300,2.36502121,0.75192413
4.33874990,0.05841449,2.45848580,0.71608625
4.34124990,0.05684624,2.52630914,0.66915421
4.34374990,0.06144573,2.33720365,0.75845081
4.34624990,0.06260452,2.29394283,0.80679117
4.34874990,0.06183229,2.32259222,0.78786615
4.35124990,0.06235908,2.30297168,0.79210962
4.35374990,0.06212894,2.31150227,0.80164137
4.35624990,0.06208189,2.31325418,0.79378299
4.35874990,0.06205171,2.31437938,0.78016467
4.36124990,0.06205066,2.31441827,0.78544652
4.36374990,0.06203124,2.31514288,0.78764597
4.36624990,0.05370748,1.97325487,0.58726303
4.36874990,0.05064161,2.09271648,0.55017553
4.37124990,0.05080645,2.08592692,0.55263191
4.37374990,0.04609495,2.29913564,0.43121333
4.37624990,0.04173150,2.53953317,0.35088270
4.37874990,0.03987936,2.65747834,0.31853531
4.38124990,0.03894869,2.72097852,0.30421057
4.38374990,0.03996495,2.65178717,0.32156742
4.38624990,0.04524521,2.34231496,0.42138459
4.38874990,0.04485440,2.36272347,0.42197820
4.39124990,0.04604258,2.30175041,0.43651061
4.39374990,0.04220323,2.33112575,0.36536434
4.39624990,0.04141223,2.37565174,0.35203781
4.39874990,0.04313420,2.28081270,0.37560422
4.40124990,0.04239164,2.32076498,0.35989133
4.40374990,0.04069634,2.41744161,0.33143744
4.40624990,0.04070770,2.41676711,0.33163870
4.40874990,0.04040570,2.43483063,0.32998677
4.41124990,0.04126699,2.38401268,0.34403152
4.41374990,0.04212314,2.33555822,0.35511713
4.41624990,0.04141986,2.37521390,0.34717738
4.41874990,0.04401449,2.23519637,0.39468221
4.42124990,0.04461162,2.20527821,0.40135701
4.42374990,0.04433796,2.21888944,0.40520472
4.42624990,0.04580850,2.14765910,0.43510533
4.42874990,0.05044008,1.97226861,0.51274936
4.43124990,0.05111972,1.94604716,0.53181557
4.43374990,0.05128384,1.93981930,0.53929706
4.43624990,0.04654206,2.13745116,0.43803539
4.43874990,0.04640227,2.14389036,0.43645694
4.44124990,0.04953650,2.00824422,0.51946061
4.44374990,0.04781236,2.08066249,0.48092282
4.44624990,0.05067981,1.96293894,0.52689137
4.44874990,0.05030366,1.97761705,0.52440074
4.45124990,0.05450399,1.82521285,0.59999287
4.45374990,0.05364349,1.85449124,0.57564837
4.45624990,0.05406444,1.84005195,0.58822096
4.45874990,0.05434552,1.83053516,0.59443612
4.46124990,0.05377894,1.84982052,0.57856001
4.46374990,0.05316144,1.87130717,0.56930870
4.46624990,0.05359043,1.85632734,0.57890474
4.46874990,0.05146402,1.93302777,0.53092464
4.47124990,0.05139749,1.93553008,0.52962653
4.47374990,0.05147476,1.93262446,0.53103743
4.47624990,0.05167495,1.92513742,0.54233886
4.47874990,0.04890309,1.92413830,0.48606956
4.48124990,0.04898775,1.92081301,0.48735276
4.48374990,0.04787975,1.96526330,0.46739020
4.48624990,0.04771071,1.97222608,0.46993081
4.48874990,0.04761622,1.97613994,0.46692533
4.49124990,0.04369804,2.15333032,0.41215598
4.49374990,0.04844330,2.04801533,0.50656355
4.49624990,0.04401776,2.25392247,0.40030312
4.49874990,0.04374805,2.26781809,0.39652139
4.50124990,0.03870962,2.56299623,0.30799520
4.50374990,0.03883304,2.55485042,0.30309156
4.50624990,0.04297698,2.30850563,0.37360680
4.50874990,0.04217829,2.35221984,0.36430733
4.51124990,0.04304073,2.30508667,0.37709267
4.51374990,0.04301758,2.30632697,0.37692790
4.51624990,0.04351923,2.27974189,0.38720858
4.51874990,0.04438591,2.23522771,0.40655367
4.52124990,0.04350585,2.28044324,0.38909470
4.52374990,0.04560049,2.17569197,0.41984811
4.52624990,0.04410026,2.24970581,0.39268606
4.52874990,0.04165359,2.38185010,0.34747299
4.53124990,0.04297446,2.30864100,0.37089572
4.53374990,0.04327308,2.29270987,0.37575493
4.53624990,0.04687741,2.11642699,0.44088285
4.53874990,0.04702164,2.10993504,0.44366365
4.54124990,0.04752310,2.08767125,0.46464508
4.54374990,0.04527091,1.96633381,0.42384950
4.54624990,0.04566426,1.94939588,0.42690652
4.54874990,0.04558231,1.95290065,0.42529237
4.55124990,0.04560677,1.95185331,0.41908178
4.55374990,0.04614659,1.92902057,0.43006073
4.55624990,0.04528953,1.79066287,0.41532964
4.55874990,0.04574038,1.77301301,0.42179525
4.56124990,0.04503553,1.80076225,0.40723527
4.56374990,0.04513100,1.79695312,0.40883691
4.56624990,0.04452342,1.82147465,0.39709660
4.56874990,0.04476098,1.81180773,0.40147864
4.57124990,0.04488425,1.80683187,0.40335249
4.57374990,0.04274639,1.89719627,0.36905697
4.57624990,0.04339350,1.86890392,0.38576126
4.57874990,0.04336137,1.87028867,0.38555041
4.58124990,0.04161062,1.94898036,0.35191201
4.58374990,0.04181406,1.93949798,0.35156657
4.58624990,0.04060136,1.96372192,0.33289488
4.58874990,0.04089280,1.94972626,0.33755179
4.59124990,0.04050025,1.96862439,0.33210466
4.59374990,0.04051718,1.96780153,0.33237882
4.59624990,0.04004907,1.99080216,0.32170647
4.59874990,0.03913652,2.03722209,0.30806408
4.60124990,0.03985734,2.00037895,0.32080048
4.60374990,0.03923624,2.03204430,0.31196348
4.60624990,0.03716090,2.03001832,0.27857734
4.60874990,0.03687108,2.04597494,0.27252467
4.61124990,0.03870770,1.94889632,0.29979053
4.61374990,0.03892465,1.93803408,0.30560052
4.61624990,0.04070795,1.85313425,0.33560228
4.61874990,0.04157897,1.81431368,0.34881894
4.62124990,0.04138820,1.82267667,0.34869687
4.62374990,0.04202413,1.79509489,0.36076194
4.62624990,0.04208223,1.79261650,0.36157833
4.62874990,0.04304703,1.75243902,0.38260932
4.63124990,0.04512006,1.67192387,0.41544564
4.63374990,0.04513141,1.67150340,0.40896278
4.63624990,0.04464549,1.68969594,0.39988565
4.63874990,0.04428550,1.70343109,0.39290742
4.64124990,0.04415469,1.70847758,0.39045485
4.64374990,0.04318946,1.54786203,0.37343599
4.64624990,0.04438804,1.50606635,0.39509770
4.64874990,0.04445196,1.50390054,0.39625033
4.65124990,0.04411258,1.51547068,0.38978752
4.65374990,0.04379885,1.52632615,0.38432520
4.65624990,0.04279621,1.56208508,0.36640819
4.65874990,0.04266016,1.56706685,0.36425497
4.66124990,0.04197624,1.59259905,0.35293102
4.66374990,0.04159220,1.60730434,0.34835800
4.66624990,0.03951645,1.69173400,0.31790583
4.66874990,0.03945460,1.69438604,0.31685710
4.67124990,0.03941340,1.69615739,0.31734914
4.67374990,0.03910625,1.70947946,0.31314189
4.67624990,0.03807330,1.75585858,0.29409248
4.67874990,0.03857892,1.73284588,0.30104419
4.68124990,0.03634500,1.74115311,0.26606035
4.68374990,0.03700997,1.70986947,0.27488264
4.68624990,0.03490518,1.81297486,0.24623612
4.68874990,0.03489521,1.81349303,0.24799070
4.69124990,0.03585238,1.76507717,0.27511999
4.69374990,0.03479822,1.75906333,0.26178521
4.69624990,0.03326866,1.83993824,0.23070102
4.69874990,0.03310596,1.84898062,0.22701257
4.70124990,0.03328670,1.83894099,0.22442650
4.70374990,0.03330241,1.83807336,0.22225290
4.70624990,0.03287499,1.86197070,0.21666443
4.70874990,0.03515279,1.74132055,0.25150164
4.71124990,0.03365398,1.81887159,0.23158295
4.71374990,0.03783057,2.04593814,0.30870129
4.71624990,0.03769620,2.05323125,0.30933250
4.71874990,0.03512863,2.20330312,0.29484781
4.72124990,0.03646152,2.12275908,0.31069365
4.72374990,0.03699532,2.09212990,0.29144404
4.72624990,0.03703280,2.09001253,0.29200254
4.72874990,0.03643318,2.12441020,0.26747548
4.73124990,0.03574899,2.16506864,0.26090843
4.73374990,0.03826385,2.02277135,0.30181340
4.73624990,0.03796178,2.03886703,0.29403738
4.73874990,0.03819610,2.02635937,0.29932156
4.74124990,0.03759469,2.05877541,0.29068962
4.74374990,0.03712724,2.08469631,0.30804594
4.74624990,0.03822431,2.02486355,0.32774823
4.74874990,0.03822316,2.02492435,0.32755299
4.75124990,0.04068961,1.90218143,0.36462939
4.75374990,0.04555716,2.04323448,0.42731048
4.75624990,0.04662165,1.99658240,0.44968068
4.75874990,0.04558219,2.04211271,0.42048096
4.76124990,0.04626297,2.01206186,0.44185229
4.76374990,0.04721699,1.97140831,0.48489638
4.76624990,0.05122894,1.81701929,0.58811519
4.76874990,0.05149683,1.80756696,0.60267448
4.77124990,0.05084748,1.83065064,0.62039517
4.77374990,0.05065549,1.83758891,0.59240119
4.77624990,0.05062435,1.83871912,0.60725166
4.77874990,0.04982852,1.86808601,0.58446128
4.78124990,0.04988785,1.86586447,0.58315771
4.78374990,0.04903731,1.89822727,0.60115192
4.78624990,0.04931656,1.88747882,0.61422285
4.78874990,0.05470142,1.97597025,0.79399269
4.79124990,0.05486986,1.96990438,0.80036536
4.79374990,0.05423869,1.99282804,0.80116615
4.79624990,0.05352076,2.01955995,0.82107215
4.79874990,0.05488991,1.96918479,0.81676084
4.80124990,0.05272190,2.05016104,0.71025765
4.80374990,0.05180535,2.08643287,0.61869631
4.80624990,0.05592752,1.93636020,0.64947395
4.80874990,0.06295535,2.13415323,0.80512512
4.81124990,0.06720870,1.99909194,0.90857576
4.81374990,0.07160771,1.97432023,1.10728189
4.81624990,0.08090418,2.35825278,1.49738692
4.81874990,0.09120185,2.09198076,2.01751973
4.82124990,0.10521082,2.24139954,2.80699872
4.82374990,0.11349858,2.07773072,3.34663396
4.82624990,0.12242860,1.92617972,4.07366257
4.82874990,0.12976040,1.81734562,4.72598119
4.83124990,0.13145026,1.79398265,4.94899204
4.83374990,0.13295287,1.77370739,5.34529889
4.83624990,0.13283338,1.77530289,5.41006227
4.83874990,0.13174862,1.78991994,5.76125804
4.84124990,0.13144824,1.79401027,5.86410167
4.84374990,0.13141599,1.79445046,5.77440423
4.84624990,0.13401932,1.75959322,5.71433991
4.84874990,0.13547854,1.74064098,5.45067780
4.85124990,0.14697021,1.74150453,5.68325395
4.85374990,0.15397938,1.66223090,5.59052009
4.85624990,0.16842622,1.92283695,6.18773573
4.85874990,0.24460480,3.28926773,12.05423053
4.86124990,0.30480823,2.69334279,19.22058636
4.86374990,0.40138886,2.93100325,35.23728475
4.86624990,0.40216578,2.92534099,35.31688402
4.86874990,0.51899561,2.85035063,64.83491575
4.87124990,0.51649311,2.86416110,64.60199935
4.87374990,0.51467621,2.87427213,65.65228025
4.87624990,0.56740083,2.60718595,81.07884167
4.87874990,0.71054729,2.70553470,136.69934572
4.88124990,0.72446218,2.65356893,138.59682152
4.88374990,0.77700550,2.47412707,171.47533949
4.88624990,0.91026855,2.32969740,213.91121461
4.88874990,0.91809589,2.30983527,210.56752589
4.89124990,1.53631014,3.58575968,549.16761541
4.89374990,1.64653173,3.34572292,591.97861749
4.89624990,1.90650790,2.88949181,848.76302895
4.89874990,1.93892399,2.84118355,863.72568211
4.90124990,2.06525532,2.66738882,912.68224588
4.90374990,2.10012974,2.62309459,950.30405333
4.90624990,2.22956169,2.47081702,1026.47092036
4.90874990,2.25704399,2.44073176,1058.98266511
4.91124990,2.24993685,2.44844159,1058.58604958
4.91374990,2.23467444,2.46516398,1034.70842300
4.91624990,2.24994815,2.44842929,1059.09983594
4.91874990,2.26743970,2.42954154,1064.23328955
4.92124990,2.26804854,2.42888935,1066.99395765
4.92374990,2.29380246,2.40161873,1093.36772774
4.92624990,2.31417220,2.38047927,1104.40344844
4.92874990,2.28529209,2.41056230,1081.72792497
4.93124990,2.30747813,2.38738512,1082.65586789
4.93374990,2.31226852,2.38243911,1086.25042315
4.93624990,2.27083913,2.42590454,1037.42749351
4.93874990,2.27067238,2.42608269,1033.20563294
4.94124990,1.90799623,2.25355645,754.58217377
4.94374990,1.81414288,2.37014254,684.04026962
4.94624990,1.53909472,2.18535226,556.96805869
4.94874990,1.49910978,2.24364097,537.27336914
4.95124990,1.31904941,2.54991517,386.05695945
4.95374990,1.26391612,2.66114503,351.89471149
4.95624990,1.01659282,1.90963000,211.39162049
4.95874990,0.93831884,2.06893016,183.30256226
4.96124990,0.93786877,2.06992302,181.90228782
4.96374990,0.93771446,2.07026364,181.75944686
4.96624990,0.90041424,2.15602559,172.54673958
4.96874990,0.78966540,2.21544428,132.58024664
4.97124990,0.78957309,2.21570330,132.58514446
4.97374990,0.71236139,2.45585979,111.72686335
4.97624990,0.59548974,2.62654485,74.28040872
4.97874990,0.55018169,2.84284359,61.83165565
4.98124990,0.42472669,3.35647708,36.71917377
4.98374990,0.28068529,2.98003195,16.88567806
4.98624990,0.21163220,2.48699580,12.17983534
4.98874990,0.17914104,1.81825450,11.30551598
4.99124990,0.17451115,1.86649399,10.60094387
4.99374990,0.17017114,1.91409663,9.79586437
4.99624990,0.16692995,1.95126162,8.70226010
4.99874990,0.15550943,2.09456115,7.22414097
5.00124990,0.15039477,2.16579344,6.45748561
5.00374990,0.13175109,1.79768848,4.84301560
5.00624990,0.12557684,1.88607564,4.28560215
5.00874990,0.11582010,2.04495958,3.41600731
5.01124990,0.11649991,2.03302670,3.14493805
5.01374990,0.11782231,2.01020867,3.03638984
5.01624990,0.10741163,2.20504453,2.41703215
5.01874990,0.10222211,2.31698826,2.15469858
5.02124990,0.08974095,1.95358614,1.64248592
5.02374990,0.08190181,1.85524122,1.34679710
5.02624990,0.08270953,1.83712354,1.38171291
5.02874990,0.08819412,1.72287699,1.56809132
5.03124990,0.09084021,1.67269122,1.69796006
5.03374990,0.09158324,1.65912043,1.73571765
5.03624990,0.08614223,1.76391553,1.60811712
5.03874990,0.07948029,1.78797910,1.42942550
5.04124990,0.07865150,1.80682006,1.48876785
5.04374990,0.08054075,1.76443731,1.59277624
5.04624990,0.07497199,1.86730100,1.34897688
5.04874990,0.07515171,1.86283556,1.32079988
5.05124990,0.07727153,1.81173158,1.30368426
5.05374990,0.08452473,1.84660648,1.48972728
5.05624990,0.08442685,1.84874716,1.48966267
5.05874990,0.08395013,1.85924549,1.47081171
5.06124990,0.08126156,1.92075943,1.36744160
5.06374990,0.07821256,1.99563736,1.26109094
5.06624990,0.07801596,2.00066642,1.24870365
5.06874990,0.08211309,1.90084080,1.37500834
5.07124990,0.07980725,1.95576092,1.32516264
5.07374990,0.07883266,1.97993967,1.29545916
5.07624990,0.07840373,1.99077132,1.27795405
5.07874990,0.07197880,2.16847060,1.09818125
5.08124990,0.06921988,2.25490010,0.97868717
5.08374990,0.07636668,2.04387440,1.27980218
5.08624990,0.07643910,2.04193803,1.28128684
5.08874990,0.07655702,2.03879284,1.24430551
5.09124990,0.08271310,1.88705190,1.46568100
5.09374990,0.08151301,1.91483437,1.44386843
5.09624990,0.08100885,1.92675116,1.42139833
5.09874990,0.08827258,1.81781939,1.75692885
5.10124990,0.08569609,1.87247286,1.70445849
5.10374990,0.07827458,2.05000917,1.35768520
5.10624990,0.08167396,1.96468498,1.54310547
5.10874990,0.08043305,1.99499587,1.53140837
5.11124990,0.07708989,2.08151283,1.35282027
5.11374990,0.08374700,1.97170125,1.77775266
5.11624990,0.08386490,1.96892933,1.76769906
5.11874990,0.07886368,2.09379094,1.49338446
5.12124990,0.08076361,2.04453548,1.61503339
5.12374990,0.08235137,2.00511611,1.58494493
5.12624990,0.08100095,2.03854469,1.48765865
5.12874990,0.08150623,2.02590720,1.52361968
5.13124990,0.08109866,2.03608857,1.52030438
5.13374990,0.07359757,2.24360755,1.18974251
5.13624990,0.07730467,2.13601657,1.38921951
5.13874990,0.07718080,2.13944485,1.38758954
5.14124990,0.07095750,2.32708399,1.13932251
5.14374990,0.07313038,2.25794074,1.27550459
5.14624990,0.07323388,2.25474957,1.23888164
5.14874990,0.06457139,2.55723240,0.93486097
5.15124990,0.06551227,2.52050575,0.98593316
5.15374990,0.06550646,2.52072940,0.98493169
5.15624990,0.06121681,2.69736472,0.83452296
5.15874990,0.06131004,2.69326286,0.85525489
5.16124990,0.06125008,2.69589939,0.85676529
5.16374990,0.05028611,2.16011026,0.54771787
5.16624990,0.05355760,2.02816297,0.66986969
5.16874990,0.05342790,2.03308662,0.66584020
5.17124990,0.05265192,2.06304998,0.57833445
5.17374990,0.05770661,2.26404090,0.73948448
5.17624990,0.05867873,2.22653311,0.75371487
5.17874990,0.05788864,2.25692184,0.71498033
5.18124990,0.06111536,2.13776250,0.83317710
5.18374990,0.06133702,2.13003722,0.83513787
5.18624990,0.05666557,2.30563492,0.67855807
5.18874990,0.05698785,2.29259610,0.71487649
5.19124990,0.05571166,2.34511268,0.67930614
5.19374990,0.05559532,2.35002024,0.62452599
5.19624990,0.05634461,2.31876876,0.66187109
5.19874990,0.05579606,2.34156538,0.64797577
5.20124990,0.05573804,2.34400284,0.62590019
5.20374990,0.05978644,2.18528031,0.73489125
5.20624990,0.05965090,2.19024561,0.72978174
5.20874990,0.06054553,2.15788226,0.73764813
5.21124990,0.06105963,2.13971381,0.75505724
5.21374990,0.06010993,2.17352000,0.74611329
5.21624990,0.05715831,2.28575903,0.67111926
5.21874990,0.05719295,2.28437455,0.67634853
5.22124990,0.05520057,2.36682550,0.63639446
5.22374990,0.04826413,2.00480504,0.47256568
5.22624990,0.04720821,2.04964702,0.47046127
5.22874990,0.04931598,1.96204489,0.51117591
5.23124990,0.04802723,2.01469403,0.46281256
5.23374990,0.04776681,2.02567763,0.45859059
5.23624990,0.04793987,2.01836512,0.46399939
5.23874990,0.04819829,2.00754367,0.46875892
5.24124990,0.04836998,2.00041792,0.46995885
5.24374990,0.04813734,2.01008540,0.48156266
5.24624990,0.04962575,1.94979764,0.52548106
5.24874990,0.04943935,1.95714882,0.51230705
5.25124990,0.05168293,1.87218828,0.54278223
5.25374990,0.05336226,2.12766404,0.58355268
5.25624990,0.05418438,2.09538164,0.60390343
5.25874990,0.05363596,2.11680667,0.57891239
5.26124990,0.05307704,2.13909717,0.56492509
5.26374990,0.05290579,2.14602120,0.56200322
5.26624990,0.05276373,2.15179941,0.56077418
5.26874990,0.05288896,2.14670427,0.56662903
5.27124990,0.05351332,2.12165791,0.57787653
5.27374990,0.05473096,2.07445557,0.60271170
5.27624990,0.05439268,2.08735728,0.59706841
5.27874990,0.05247094,2.16380654,0.55295358
5.28124990,0.05075717,2.23686524,0.52120937
5.28374990,0.05104316,2.22433257,0.52864177
5.28624990,0.05058339,2.24455013,0.51438949
5.28874990,0.04964727,2.28687221,0.50551685
5.29124990,0.04991723,2.27450448,0.51709695
5.29374990,0.04623504,2.45564737,0.43463662
5.29624990,0.04422835,2.56706256,0.43637385
5.29874990,0.04534735,2.50371728,0.46018758
5.30124990,0.04333742,2.61983646,0.38461286
5.30374990,0.03513210,2.08234630,0.28397070
5.30624990,0.03386085,2.16052452,0.26238760
5.30874990,0.03573675,2.04711431,0.26243546
5.31124990,0.03567223,2.05081654,0.26099431
5.31374990,0.03580041,2.04347375,0.26379487
5.31624990,0.03597424,2.03359962,0.26699879
5.31874990,0.03577726,2.04479607,0.26588168
5.32124990,0.03465566,2.11097417,0.25900002
5.32374990,0.03099075,2.06092787,0.20415904
5.32624990,0.03620173,2.31179968,0.26418186
5.32874990,0.03779723,2.21421400,0.29520895
5.33124990,0.03792471,2.20677140,0.30314898
5.33374990,0.03780941,2.21350061,0.29332032
5.33624990,0.04102544,2.03998185,0.33778486
5.33874990,0.04585622,2.03939687,0.42678706
5.34124990,0.04529187,2.06480823,0.41702563
5.34374990,0.04506357,2.07526906,0.40859739
5.34624990,0.04449452,2.10181037,0.39908592
5.34874990,0.04344042,2.15281156,0.39115911
5.35124990,0.04364952,2.14249869,0.40038245
5.35374990,0.04453026,2.10012303,0.40917182
5.35624990,0.04721330,1.98077723,0.45164259
5.35874990,0.04704233,1.98797605,0.44509484
5.36124990,0.04784259,1.95472346,0.46121616
5.36374990,0.04767136,1.96174452,0.45648170
5.36624990,0.04757586,1.96568244,0.45703646
5.36874990,0.04955616,1.88713247,0.50523492
5.37124990,0.04936933,1.89427378,0.50342846
5.37374990,0.04954053,1.88772771,0.49867297
5.37624990,0.05027927,1.85999179,0.51880458
5.37874990,0.05262366,1.77712890,0.57142248
5.38124990,0.05167375,1.80979772,0.55835246
5.38374990,0.05124618,1.82489753,0.54577723
5.38624990,0.04862190,1.92339325,0.47953410
5.38874990,0.04471500,2.05930110,0.40345494
5.39124990,0.04593204,2.00473645,0.43289311
5.39374990,0.04630276,1.98868571,0.43999403
5.39624990,0.05002357,1.85870256,0.50145274
5.39874990,0.05133166,1.81133687,0.53622510
5.40124990,0.05030164,1.84842756,0.53067603
5.40374990,0.04990968,1.86294407,0.51491511
5.40624990,0.04738517,1.96219491,0.45232594
5.40874990,0.04694586,1.98055682,0.44373359
5.41124990,0.04624684,2.01049292,0.42879958
5.41374990,0.04626761,2.00959019,0.42944616
5.41624990,0.04679751,1.98683523,0.43881440
5.41874990,0.04573759,2.03287771,0.42556795
5.42124990,0.04576362,2.03172168,0.42580399
5.42374990,0.04555566,2.04099626,0.41604631
5.42624990,0.04117925,2.25790743,0.34386790
5.42874990,0.03677566,2.52827390,0.27545890
5.43124990,0.04225415,2.25350364,0.36125425
5.43374990,0.04241422,2.24499874,0.36317996
5.43624990,0.04328996,2.19958354,0.37548071
5.43874990,0.04275782,2.22695836,0.36717569
5.44124990,0.04146698,2.29628184,0.34662892
5.44374990,0.04103597,2.32040053,0.33853962
5.44624990,0.03545420,2.68571480,0.25600465
5.44874990,0.04107705,2.63136962,0.34671893
5.45124990,0.04014041,2.69277025,0.33687152
5.45374990,0.03974898,2.71928759,0.33303819
5.45624990,0.04025933,2.68481622,0.34645261
5.45874990,0.03912821,2.76242882,0.32110663
5.46124990,0.04251583,2.54232128,0.36523944
5.46374990,0.04284500,2.52278927,0.37112818
5.46624990,0.04220938,2.56077932,0.35733984
5.46874990,0.04108666,2.63075437,0.34092870
5.47124990,0.04287729,2.52088922,0.37865266
5.47374990,0.04293476,2.51751503,0.37985691
5.47624990,0.04243406,2.54722026,0.36606526
5.47874990,0.04261417,2.53645410,0.36844297
5.48124990,0.03694444,2.92571502,0.27612119
5.48374990,0.03906445,2.76693742,0.30626323
5.48624990,0.03826063,2.82506873,0.29287934
5.48874990,0.04056552,2.66455099,0.33749659
5.49124990,0.04075143,2.65239542,0.34064596
5.49374990,0.04082791,2.64742647,0.34279488
5.49624990,0.04505707,2.39893296,0.42338457
5.49874990,0.03851803,2.22886938,0.30646524
5.50124990,0.04028032,2.13135499,0.32801251
5.50374990,0.04052206,2.11864028,0.33290233
5.50624990,0.04029055,2.13081397,0.32726657
5.50874990,0.03982971,2.15546808,0.31733462
5.51124990,0.03604167,2.38201164,0.26453365
5.51374990,0.04527010,2.75970323,0.42528567
5.51624990,0.04528913,2.75854360,0.42495751
5.51874990,0.04534859,2.75492647,0.42516135
5.52124990,0.04677930,2.67066921,0.45448498
5.52374990,0.04748905,2.63075433,0.45899239
5.52624990,0.04899828,2.54972272,0.48234006
5.52874990,0.04866593,2.56713563,0.47812718
5.53124990,0.04888748,2.55550142,0.48125611
5.53374990,0.04776924,2.61532410,0.46270833
5.53624990,0.04774133,2.61685299,0.46349790
5.53874990,0.04643301,2.69058635,0.43570775
5.54124990,0.04625038,2.70121117,0.43132574
5.54374990,0.04632969,2.69658700,0.43010235
5.54624990,0.04243591,2.94401653,0.36265178
5.54874990,0.04438377,2.81481349,0.39627829
5.55124990,0.04288794,2.91298747,0.36816853
5.55374990,0.04335364,2.88169623,0.37791771
5.55624990,0.04388197,2.84700135,0.38982623
5.55874990,0.04509000,2.77072594,0.41496997
5.56124990,0.04562211,2.73840975,0.42890390
5.56374990,0.03694582,2.04734864,0.28021673
5.56624990,0.03766225,2.00840297,0.28707936
5.56874990,0.03807711,1.98652077,0.29398027
5.57124990,0.03418515,1.88114917,0.23538579
5.57374990,0.03385993,1.89921694,0.23068209
5.57624990,0.03270573,1.96624108,0.21462493
5.57874990,0.03273520,1.96447138,0.21478049
5.58124990,0.03237898,1.98608331,0.21002550
5.58374990,0.03164674,2.03203763,0.20033894
5.58624990,0.03271854,1.96547149,0.21508634
5.58874990,0.03283198,1.95868069,0.21657277
5.59124990,0.03285833,1.95710990,0.21654840
5.59374990,0.03272060,1.96534763,0.21592836
5.59624990,0.03237199,1.98651222,0.21077788
5.59874990,0.03312972,2.16152409,0.22025458
5.60124990,0.03405476,2.10281003,0.23317454
5.60374990,0.03342842,2.14221029,0.22414951
5.60624990,0.03263029,2.19460797,0.21480424
5.60874990,0.03091394,2.31645314,0.19316958
5.61124990,0.03399596,2.10644734,0.23149169
5.61374990,0.03306528,2.16573682,0.22226380
5.61624990,0.03300870,2.16944932,0.22151342
5.61874990,0.03266121,2.19253054,0.21591276
5.62124990,0.03342585,2.14237507,0.22659616
5.62374990,0.03246931,2.20548846,0.21216951
5.62624990,0.03254353,2.20045858,0.21319691
5.62874990,0.03367030,2.12682123,0.22740946
5.63124990,0.03366212,2.12733757,0.22705806
5.63374990,0.03336428,2.14632849,0.22361571
5.63624990,0.03373476,2.12275729,0.22838905
5.63874990,0.03306816,2.16554828,0.21904737
5.64124990,0.03306746,2.16559427,0.21903586
5.64374990,0.03306542,2.16572806,0.21912474
5.64624990,0.03321369,2.15605975,0.22089706
5.64874990,0.03116220,2.26152461,0.19425153
5.65124990,0.03054209,2.30744115,0.18678997
5.65374990,0.03014180,2.33808462,0.18235050
5.65624990,0.03000004,2.34913234,0.18052267
5.65874990,0.02972093,2.37119357,0.17881843
5.66124990,0.02566051,1.94335170,0.13539407
5.66374990,0.02829416,1.89474412,0.16192180
5.66624990,0.02748641,1.95042565,0.15166892
5.66874990,0.02718883,1.97177276,0.14887945
5.67124990,0.02644743,2.02704713,0.14153204
5.67374990,0.02683010,1.99813595,0.14519736
5.67624990,0.02806703,1.91007720,0.15807007
5.67874990,0.02680339,2.00012704,0.14409881
5.68124990,0.02680275,2.00017549,0.14408426
5.68374990,0.02741115,1.95578038,0.15182688
5.68624990,0.02601985,2.06035719,0.13671050
5.68874990,0.02903347,2.25402776,0.16861318
5.69124990,0.02900773,2.25602825,0.16830155
5.69374990,0.02900186,2.25648495,0.16893813
5.69624990,0.02884873,2.26846248,0.16719468
5.69874990,0.02741991,2.38666957,0.15259926
5.70124990,0.03314157,2.63406875,0.22637928
5.70374990,0.03347085,2.60815603,0.22945769
5.70624990,0.03339612,2.61399203,0.22911806
5.70874990,0.03580334,2.43824157,0.26207537
5.71124990,0.03788849,2.30405539,0.28879340
5.71374990,0.03663402,2.38295375,0.27158030
5.71624990,0.03800155,2.29720066,0.29139945
5.71874990,0.03798320,2.29831040,0.29008915
5.72124990,0.03852162,2.26618660,0.29934892
5.72374990,0.03812139,2.28997931,0.29223757
5.72624990,0.03821482,2.28438028,0.29356082
5.72874990,0.03833717,2.27708988,0.29639382
5.73124990,0.03920905,2.22645486,0.30843044
5.73374990,0.03913502,2.23066698,0.30712951
5.73624990,0.03919886,2.22703400,0.31067088
5.73874990,0.03672119,2.37729711,0.27730744
5.74124990,0.03788308,2.30438455,0.29221888
5.74374990,0.03807592,2.29271374,0.30155478
5.74624990,0.03914106,2.23032275,0.31852382
5.74874990,0.03939843,2.21575290,0.31282188
5.75124990,0.03529668,1.68620835,0.25636741
5.75374990,0.03497399,1.70176607,0.25058581
5.75624990,0.03814086,1.79700012,0.29144501
5.75874990,0.03587675,1.91040515,0.25893667
5.76124990,0.03744534,2.04128940,0.30119216
5.76374990,0.03681130,2.07644847,0.29049936
5.76624990,0.03692877,2.06984363,0.29172880
5.76874990,0.03910289,1.95476016,0.32692482
5.77124990,0.04069006,1.87851235,0.34561602
5.77374990,0.04099216,1.86466809,0.34914963
5.77624990,0.04040771,1.89163806,0.32761343
5.77874990,0.04029084,1.89712524,0.32537926
5.78124990,0.04017329,1.90267631,0.32344161
5.78374990,0.04059123,1.88308581,0.33071301
5.78624990,0.04016561,1.90304042,0.32405290
5.78874990,0.04827664,2.52572300,0.48401331
5.79124990,0.04756358,2.56358765,0.47011495
5.79374990,0.04759835,2.56171489,0.47039289
5.79624990,0.04931773,2.47240495,0.50424962
5.79874990,0.05017762,2.43003592,0.50578521
5.80124990,0.04994307,2.44144791,0.50144939
5.80374990,0.05074801,2.40272276,0.51600468
5.80624990,0.04857867,2.51001943,0.47826929
5.80874990,0.04878551,2.49937757,0.48272976
5.81124990,0.04572051,2.66693048,0.44499837
5.81374990,0.04568946,2.66874250,0.44469022
5.81624990,0.04499983,2.70964176,0.42741871
5.81874990,0.04393887,2.77506959,0.40789445
5.82124990,0.04180284,2.91686869,0.35750483
5.82374990,0.04388389,2.77854625,0.39430560
5.82624990,0.04453704,2.73779806,0.39805401
5.82874990,0.04608410,2.64588893,0.43503807
5.83124990,0.04547184,2.68151481,0.42388325
5.83374990,0.04482000,2.72051323,0.40547107
5.83624990,0.04566339,2.67026602,0.42098434
5.83874990,0.03782089,1.86981154,0.29757788
5.84124990,0.03799987,1.86100474,0.30006543
5.84374990,0.03786902,1.86743508,0.29711580
5.84624990,0.03575654,1.78786717,0.26759977
5.84874990,0.03545796,1.80292214,0.25331241
5.85124990,0.03588061,1.78168500,0.25838037
5.85374990,0.03473327,1.84053904,0.24403222
5.85624990,0.03465236,1.84483622,0.24637095
5.85874990,0.03456268,1.84962310,0.24974604
5.86124990,0.03579079,1.78615593,0.26297090
5.86374990,0.03596349,1.77757855,0.26282516
5.86624990,0.03821060,1.74100445,0.29839529
5.86874990,0.03779447,1.76017364,0.29333955
5.87124990,0.03783932,1.75808714,0.29303616
5.87374990,0.03582265,1.85706034,0.25987904
5.87624990,0.03490343,1.90596822,0.24805800
5.87874990,0.03384543,1.96554817,0.23246599
5.88124990,0.03463064,1.92098180,0.24114545
5.88374990,0.03929466,2.12003881,0.32278864
5.88624990,0.03867714,2.15388722,0.31416308
5.88874990,0.03751544,2.22058423,0.30850702
5.89124990,0.03713774,2.24316816,0.30180387
5.89374990,0.03799292,2.19267691,0.30821488
5.89624990,0.03718401,2.24037696,0.29753755
5.89874990,0.03824935,2.17797682,0.29516369
5.90124990,0.03717103,2.24115923,0.28420283
5.90374990,0.03781377,2.20306493,0.29338879
5.90624990,0.03764846,2.21273863,0.29299516
5.90874990,0.03773988,2.20737831,0.29433755
5.91124990,0.03855977,2.16044312,0.29738071
5.91374990,0.03940560,2.11406984,0.31127896
5.91624990,0.03667818,2.27127405,0.27228109
5.91874990,0.03653451,2.28020588,0.27016064
5.92124990,0.03656465,2.27832590,0.27083348
5.92374990,0.03619457,2.30162143,0.26570304
5.92624990,0.03485937,2.38977930,0.24401964
5.92874990,0.03527660,2.36151445,0.26217332
5.93124990,0.03634599,2.29203260,0.27800672
5.93374990,0.03493664,2.00988900,0.31683893
5.93624990,0.03565073,1.96963018,0.32800437
5.93874990,0.03893549,1.80346435,0.42070337
5.94124990,0.04104925,1.71059783,0.46104255
5.94374990,0.04035371,1.74008216,0.41081699
5.94624990,0.04080218,1.72095609,0.43356713
5.94874990,0.03948445,1.77839047,0.40210494
5.95124990,0.03982333,1.76325699,0.41517534
5.95374990,0.03921898,1.79042797,0.39215009
5.95624990,0.04052275,1.73282334,0.39748751
5.95874990,0.04236526,1.65746079,0.41180347
5.96124990,0.04238047,1.65686594,0.39644353
5.96374990,0.04534627,1.81532544,0.41644668
5.96624990,0.05104583,2.07907255,0.53754455
5.96874990,0.05257079,2.01876326,0.56533110
5.97124990,0.05532001,1.91843763,0.64346616
5.97374990,0.05654684,1.87681544,0.67209491
5.97624990,0.05821162,1.82314097,0.73727956
5.97874990,0.06134255,1.73008751,0.84647982
5.98124990,0.06062208,1.75064909,0.81903758
5.98374990,0.05866885,1.80893234,0.81313171
5.98624990,0.05823549,1.82239358,0.83468621
5.98874990,0.05783696,1.83495100,0.91717304
5.99124990,0.05966848,1.77862708,1.06444192
5.99374990,0.06161294,1.72249504,1.15502104
5.99624990,0.06248141,1.69855279,1.26913607
5.99874990,0.06222781,1.70547507,1.34641057
6.00124990,0.06353127,1.67048414,1.47565647
6.00374990,0.06384317,1.66232319,1.45717172
6.00624990,0.07094360,2.05461656,1.45142904
6.00874990,0.26242358,4.31147915,14.39881073
6.01124990,0.26579632,4.25676998,14.60770141
6.01374990,0.41090649,3.41639336,38.45038015
6.01624990,0.41916867,3.34905329,39.99293788
6.01874990,0.60623100,3.23243545,73.76897682
6.02124990,0.62134882,3.15378820,77.34262104
6.02374990,0.66517856,2.94597975,89.11089580
6.02624990,0.83073422,2.68006912,145.00571457
6.02874990,0.83144690,2.67777190,145.37609818
6.03124990,0.87595404,2.54171455,155.92266672
6.03374990,0.89082393,2.49928752,162.85740952
6.03624990,1.05629014,2.40326234,226.92195802
6.03874990,1.05632364,2.40318612,226.53430254
6.04124990,1.19851412,2.11807458,302.42766077
6.04374990,1.24740038,2.03506616,324.41922868
6.04624990,1.33428340,1.90255106,358.21376130
6.04874990,1.58360184,2.40880482,520.22209929
6.05124990,1.60259141,2.38026220,530.30110882
6.05374990,1.61073018,2.36823509,541.67441275
6.05624990,1.61162654,2.36691793,542.19270317
6.05874990,1.62650234,2.34527036,533.68470913
6.06124990,1.62664104,2.34507039,534.07324047
6.06374990,1.66382403,2.29266296,562.01132785
6.06624990,1.68005503,2.27051357,574.21521159
6.06874990,1.68273017,2.26690399,614.19854493
6.07124990,1.93322254,2.22442106,832.20734037
6.07374990,1.91875990,2.24118762,838.71620027
6.07624990,2.06433564,2.08314038,1072.45785291
6.07874990,2.06424875,2.08322807,1078.00014534
6.08124990,2.04816699,2.09958513,1025.62846332
6.08374990,2.07850757,2.06893687,1097.85377203
6.08624990,2.06276678,2.08472474,1003.87838950
6.08874990,2.09748949,2.05021335,1070.58496307
6.09124990,2.02775869,2.12071632,983.95324245
6.09374990,2.02423314,2.12440991,915.50369631
6.09624990,2.11231482,2.03582387,1048.79618400
6.09874990,2.14324326,2.00644556,988.39047959
6.10124990,2.45638893,2.23056796,1427.93520433
6.10374990,2.45139516,2.23511188,1421.73931247
6.10624990,2.45230242,2.23428497,1418.83420236
6.10874990,2.65481445,2.06385137,1676.86521557
6.11124990,2.81195554,1.94851674,1739.57184506
6.11374990,2.81858248,1.94393546,1749.52506205
6.11624990,2.81921596,1.94349866,1708.89336454
6.11874990,2.78338027,1.96852098,1642.42944296
6.12124990,2.61284246,2.09700452,1409.95771028
6.12374990,2.61368874,2.09632553,1406.21953774
6.12624990,2.45101563,2.23545798,1225.15765063
6.12874990,2.45089366,2.23556923,1222.39296389
6.13124990,2.44890757,2.23738229,1220.95169056
6.13374990,2.41778015,2.26618721,1177.79613876
6.13624990,2.36403628,2.31770658,1134.80756452
6.13874990,2.33343211,2.34810450,1099.60447628
6.14124990,2.32627584,2.35532793,1098.45182790
6.14374990,2.30358504,2.37852840,1082.74659562
6.14624990,2.17225334,2.52233124,950.95683211
6.14874990,1.96548072,2.78768567,815.31672225
6.15124990,1.53795785,3.11346683,537.63642351
6.15374990,1.53837737,3.11261777,532.50849252
6.15624990,1.53621620,3.11699665,525.91502786
6.15874990,1.10258970,3.76455365,261.21057565
6.16124990,0.59654494,3.80932635,72.40812581
6.16374990,0.31511426,3.62572327,21.76808617
6.16624990,0.18652825,1.74010323,11.02913593
6.16874990,0.18795824,1.72686455,11.29279764
6.17124990,0.17672403,1.83663997,9.86307432
6.17374990,0.16159207,1.70587984,8.14495314
6.17624990,0.15012493,1.78777825,6.94579730
6.17874990,0.14778103,1.81613362,6.52123451
6.18124990,0.14724057,1.82279983,6.39865657
6.18374990,0.14736599,1.82124850,6.36567575
6.18624990,0.14737675,1.82111553,6.36374030
6.18874990,0.14407758,1.86281642,6.45602128
6.19124990,0.14431699,1.85972625,6.40653030
6.19374990,0.14271421,1.88061218,6.04817425
6.19624990,0.13930736,1.92660379,5.54198067
6.19874990,0.12606140,2.02242634,4.31035488
6.20124990,0.11308148,2.15713210,3.28855522
6.20374990,0.09955161,2.09426129,2.39410365
6.20624990,0.09161172,2.27576875,1.90283407
6.20874990,0.07961754,2.26709805,1.34762077
6.21124990,0.06978383,2.58657010,0.99710024
6.21374990,0.05840056,2.11532499,0.68973055
6.21624990,0.05317988,2.31929945,0.60407310
6.21874990,0.04831467,1.52792685,0.57800243
6.22124990,0.04667314,1.56523307,0.60465983
6.22374990,0.04660650,1.56747107,0.67604523
6.22624990,0.04415113,1.65464248,0.67136873
6.22874990,0.04451775,1.64101612,0.69052992
6.23124990,0.04516649,1.61744569,0.68647199
6.23374990,0.04474242,1.63277596,0.65130428
6.23624990,0.04541490,1.60859856,0.62189821
6.23874990,0.04543657,1.60783138,0.61255580
6.24124990,0.04470363,1.63419270,0.57631024
6.24374990,0.04442570,1.64441623,0.54604733
6.24624990,0.04428657,1.64958241,0.54187362
6.24874990,0.04339544,1.68345657,0.50870829
6.25124990,0.04256225,1.71641154,0.48793760
6.25374990,0.04141917,1.76378091,0.44152376
6.25624990,0.03846895,1.89904675,0.37013766
6.25874990,0.03843572,1.90068862,0.33215897
6.26124990,0.03797233,1.92388365,0.31005250
6.26374990,0.03801886,1.92152903,0.29076156
6.26624990,0.03612457,2.02228972,0.26500968
6.26874990,0.03286338,1.79198309,0.22496005
6.27124990,0.03124528,1.88478495,0.20896055
6.27374990,0.02894426,2.03462184,0.19432685
6.27624990,0.02911159,2.02292684,0.19286225
6.27874990,0.02840955,2.07291655,0.19344617
6.28124990,0.02733671,2.15426860,0.17881325
6.28374990,0.02729467,2.15758665,0.17567096
6.28624990,0.02582021,2.28079596,0.15838396
6.28874990,0.02587708,2.27578361,0.15326727
6.29124990,0.02633604,2.23612332,0.15879142
6.29374990,0.02621785,2.24620340,0.15329180
6.29624990,0.02573924,2.28797060,0.15394319
6.29874990,0.02620676,2.24715441,0.15590294
6.30124990,0.02481240,2.37343528,0.15144780
6.30374990,0.02501529,2.35418507,0.14909423
6.30624990,0.02541804,2.31688259,0.14713240
6.30874990,0.02315519,2.54330188,0.12017744
6.31124990,0.02129899,2.76494916,0.09492882
6.31374990,0.01686733,1.71550180,0.05893177
6.31624990,0.01580554,1.83074652,0.05029871
6.31874990,0.01456074,1.75758931,0.04385838
6.32124990,0.01423124,1.79828267,0.04266864
6.32374990,0.01424606,1.79641258,0.04435061
6.32624990,0.01387106,1.84497763,0.04372026
6.32874990,0.01489810,1.71778947,0.05293997
6.33124990,0.01673410,2.18600321,0.06237210
6.33374990,0.01729056,2.11565126,0.06937535
6.33624990,0.01796431,2.03630408,0.07645065
6.33874990,0.01785073,2.04926117,0.07246926
6.34124990,0.01714170,2.13402455,0.07173115
6.34374990,0.02102820,2.59886308,0.09543428
6.34624990,0.02276991,2.40007179,0.10736029
6.34874990,0.02244923,2.43435633,0.10458435
6.35124990,0.02273070,2.40421192,0.10610365
6.35374990,0.02344486,2.33097667,0.11222284
6.35624990,0.02519806,2.16879434,0.13231161
6.35874990,0.02602678,2.09973767,0.14187549
6.36124990,0.02578853,2.11913639,0.13798487
6.36374990,0.02573986,2.12314367,0.13667984
6.36624990,0.02662996,2.05217777,0.14255428
6.36874990,0.02994012,2.06605506,0.18079925
6.37124990,0.03091957,2.00060787,0.19242245
6.37374990,0.03138231,1.97110798,0.20170496
6.37624990,0.03143023,1.96810278,0.20239642
6.37874990,0.03215152,1.92395054,0.20979471
6.38124990,0.03270458,1.89141507,0.21682609
6.38374990,0.03279063,1.88645125,0.21766993
6.38624990,0.03220010,1.92104793,0.21118771
6.38874990,0.03234367,1.91252022,0.21398413
6.39124990,0.03522022,1.78748587,0.26297794
6.39374990,0.03449293,1.82517550,0.25172191
6.39624990,0.03330988,1.88999910,0.22641498
6.39874990,0.03307608,1.90335868,0.22139673
6.40124990,0.03602515,1.83985960,0.26157883
6.40374990,0.04060364,2.19225250,0.33252062
6.40624990,0.04049508,2.19812952,0.33061337
6.40874990,0.04013413,2.21789902,0.32410864
6.41124990,0.04014279,2.21742034,0.32342979
6.41374990,0.04401597,2.02229850,0.39053662
6.41624990,0.04502452,1.97699920,0.40797271
6.41874990,0.04348270,2.04710003,0.37861686
6.42124990,0.04275913,2.08174108,0.36730026
6.42374990,0.04370129,2.03686077,0.38581410
6.42624990,0.04584933,1.94143396,0.43435224
6.42874990,0.04542289,1.95966059,0.42548224
6.43124990,0.04427780,2.01034014,0.39724996
6.43374990,0.04457162,1.99708802,0.40106878
6.43624990,0.04910037,1.87703695,0.48323794
6.43874990,0.04997168,1.84430880,0.50216695
6.44124990,0.04796232,1.92157526,0.46273366
6.44374990,0.04718726,1.95313739,0.44667699
6.44624990,0.05097448,1.80802644,0.52999597
6.44874990,0.05450245,1.69099183,0.61442536
6.45124990,0.05245449,1.75701278,0.56215317
6.45374990,0.04854397,1.89855117,0.47295013
6.45624990,0.05125506,1.79812880,0.53463221
6.45874990,0.05516117,1.69314310,0.62643352
6.46124990,0.05612117,1.66418036,0.65678433
6.46374990,0.05342479,1.74817258,0.59024746
6.46624990,0.05280132,1.76881446,0.56087044
6.46874990,0.05589113,1.67102982,0.63322363
6.47124990,0.05626885,1.65981250,0.64005569
6.47374990,0.05585338,1.67215934,0.62905104
6.47624990,0.05476322,1.70544657,0.61707794
6.47874990,0.05817278,1.60548886,0.69131920
6.48124990,0.05835175,1.60056457,0.70014054
6.48374990,0.05811310,1.60713767,0.69369418
6.48624990,0.05566467,1.67782816,0.62137089
6.48874990,0.05901759,1.66415141,0.70792928
6.49124990,0.05941449,1.65303470,0.71984090
6.49374990,0.05953461,1.64969943,0.72392523
6.49624990,0.05688973,1.72639605,0.66518316
6.49874990,0.05767702,1.70283084,0.67616627
6.50124990,0.05777955,1.69980923,0.68179844
6.50374990,0.05793779,1.69516655,0.68963673
6.50624990,0.05677976,1.72973974,0.65781901
6.50874990,0.05907164,2.00538564,0.71473840
6.51124990,0.05841683,2.02786433,0.71331121
6.51374990,0.05875410,2.01622380,0.73978775
6.51624990,0.06128629,1.93291869,0.78302893
6.51874990,0.06440698,1.94288960,0.83093880
6.52124990,0.06495739,1.92642653,0.85009452
6.52374990,0.06599577,1.89611606,0.89449659
6.52624990,0.06680211,1.87322892,0.91179743
6.52874990,0.06748237,1.85434572,0.91489838
6.53124990,0.06753421,1.85292249,0.92080240
6.53374990,0.06789323,1.84312423,0.94083082
6.53624990,0.07053251,1.77415550,1.01528708
6.53874990,0.06943837,1.80211096,0.97501635
6.54124990,0.06947129,1.80125702,0.99043153
6.54374990,0.06919923,1.80833885,0.98623880
6.54624990,0.07320718,1.70933582,1.07921791
6.54874990,0.07198348,1.73839387,1.04392828
6.55124990,0.07252687,1.72536952,1.06398000
6.55374990,0.07239489,1.72851497,1.06458648
6.55624990,0.07395526,1.69204527,1.11557789
6.55874990,0.06905905,1.81200948,0.96376697
6.56124990,0.06894378,1.81503887,0.97114910
6.56374990,0.06974805,1.79410965,0.99331951
6.56624990,0.07051913,1.77449230,0.99654439
6.56874990,0.06474716,1.76044912,0.85639878
6.57124990,0.06386432,1.78478497,0.83952008
6.57374990,0.06782985,1.77624903,0.93280895
6.57624990,0.06935017,1.73730945,0.97054351
6.57874990,0.06607597,1.82339669,0.88163251
6.58124990,0.06592077,1.82768950,0.87906522
6.58374990,0.06863174,1.75549535,0.94749844
6.58624990,0.06515800,1.84908553,0.85277366
6.58874990,0.06267475,1.92234853,0.79610281
6.59124990,0.06663146,1.80819543,0.89514657
6.59374990,0.06895649,1.74722795,0.95121456
6.59624990,0.06496312,1.85463255,0.87519709
6.59874990,0.06396009,1.88371702,0.84977246
6.60124990,0.06944368,1.84693958,0.97318814
6.60374990,0.07297074,1.75766723,1.07905717
6.60624990,0.07089885,1.80903187,1.01516030
6.60874990,0.07318696,1.75247433,1.07524938
6.61124990,0.07498042,1.71055683,1.12445179
6.61374990,0.07557250,1.69715542,1.16022380
6.61624990,0.07241211,1.77122689,1.07190742
6.61874990,0.07603779,1.68677012,1.16215552
6.62124990,0.07749077,1.65514264,1.20151522
6.62374990,0.07380847,1.73771755,1.11362885
6.62624990,0.07415439,1.72961137,1.12392253
6.62874990,0.07513282,1.70708726,1.14513251
6.63124990,0.07670565,1.67208392,1.20098009
6.63374990,0.07404774,1.73210254,1.10837320
6.63624990,0.07633093,1.68029227,1.16995161
6.63874990,0.07666056,1.67306734,1.18283369
6.64124990,0.07296322,1.75784846,1.07902925
6.64374990,0.07635126,1.67990716,1.17478154
6.64624990,0.07761494,1.65255577,1.20917703
6.64874990,0.07803537,1.64365235,1.22969011
6.65124990,0.07371205,1.74005516,1.09525787
6.65374990,0.07404942,1.73212737,1.10436130
6.65624990,0.07543773,1.70025022,1.14598067
6.65874990,0.07380020,1.73797673,1.09086981
6.66124990,0.07411538,1.73058577,1.10003445
6.66374990,0.07282766,1.76118560,1.06566776
6.66624990,0.07323296,1.75143852,1.07984229
6.66874990,0.07205288,1.78012352,1.04337982
6.67124990,0.07240727,1.77141092,1.05295383
6.67374990,0.07286841,1.76020065,1.06754515
6.67624990,0.07218099,1.77696400,1.04677980
6.67874990,0.07540259,1.70104264,1.13816046
6.68124990,0.07918602,1.62816556,1.26221698
6.68374990,0.07919819,1.62791548,1.26447255
6.68624990,0.07964390,1.61880515,1.27731395
6.68874990,0.08129756,1.58587739,1.32857818
6.69124990,0.08290085,1.55520673,1.37503819
6.69374990,0.08310257,1.57453256,1.38173462
6.69624990,0.08339629,1.56898695,1.39182627
6.69874990,0.08518167,1.53610162,1.45336760
6.70124990,0.08578482,1.52530126,1.47332897
6.70374990,0.08683529,1.50684934,1.50867539
6.70624990,0.08886806,1.47238158,1.58038598
6.70874990,0.09280194,1.40996724,1.72702223
6.71124990,0.09420642,1.38894674,1.77914136
6.71374990,0.09446978,1.38507468,1.78781249
6.71624990,0.10304818,1.82768949,2.15065703
6.71874990,0.10143909,1.85668133,2.08200294
6.72124990,0.10457100,1.80107368,2.19576587
6.72374990,0.10582159,1.77978873,2.24910610
6.72624990,0.10636632,1.77067393,2.27074679
6.72874990,0.10415362,1.80829116,2.18286234
6.73124990,0.10253712,1.83679885,2.12187221
6.73374990,0.10276018,1.83281181,2.12913003
6.73624990,0.10115234,1.86194477,2.05536696
6.73874990,0.09994860,1.88436926,2.00344613
6.74124990,0.09862041,1.90974731,1.94591632
6.74374990,0.09572675,1.96747595,1.83904929
6.74624990,0.10069668,1.87037020,2.03881644
6.74874990,0.09885651,1.90518623,1.97482670
6.75124990,0.09820388,1.91784764,1.95228702
6.75374990,0.09746825,1.93232219,1.92051945
6.75624990,0.09689141,1.94382634,1.89989789
6.75874990,0.09294647,2.02632846,1.73777055
6.76124990,0.09316895,2.02148977,1.74680000
6.76374990,0.09617625,1.95828053,1.86269665
6.76624990,0.08690452,1.87989411,1.51508765
6.76874990,0.08679868,1.88218649,1.51219448
6.77124990,0.08453288,1.93263623,1.43252274
6.77374990,0.08289283,1.97087362,1.38237633
6.77624990,0.08060244,2.02687793,1.32209964
6.77874990,0.08106314,2.01535854,1.33893504
6.78124990,0.07826813,2.08732842,1.23512756
6.78374990,0.07780479,2.09975892,1.21271009
6.78624990,0.08316460,1.96443329,1.39507646
6.78874990,0.08278053,1.97354740,1.38451077
6.79124990,0.08519058,1.91771555,1.45560137
6.79374990,0.08808560,1.85468787,1.56469374
6.79624990,0.08018093,1.76004141,1.32041758
6.79874990,0.07920657,1.78169253,1.27911587
6.80124990,0.08776353,2.01888785,1.61689312
6.80374990,0.08514861,2.08088808,1.53533316
6.80624990,0.08238513,2.15068805,1.37987295
6.80874990,0.08544646,2.07363436,1.53163503
6.81124990,0.08170539,2.16858054,1.43751238
6.81374990,0.07746131,2.28739645,1.26461271
6.81624990,0.08185537,2.16460713,1.49836172
6.81874990,0.08177808,2.16665298,1.49812061
6.82124990,0.08094558,2.18893637,1.36641380
6.82374990,0.08319515,2.12974819,1.52679243
6.82624990,0.08268781,2.14281561,1.52614159
6.82874990,0.08090100,2.19014242,1.41589418
6.83124990,0.08875920,1.99624058,1.75891200
6.83374990,0.08924000,1.98548533,1.76266215
6.83624990,0.08400211,2.10928880,1.48595721
6.83874990,0.08620040,2.05549761,1.62042080
6.84124990,0.08375433,2.11552899,1.57623439
6.84374990,0.07894422,2.24442931,1.36012374
6.84624990,0.08442921,2.09861860,1.63447517
6.84874990,0.08444951,2.09811422,1.64260900
6.85124990,0.07602558,2.18909181,1.23535434
6.85374990,0.07719718,2.15586865,1.35004834
6.85624990,0.07618692,2.18445584,1.34180092
6.85874990,0.07243020,2.29775671,1.15760249
6.86124990,0.07735411,2.15149500,1.38235913
6.86374990,0.07781424,2.13877264,1.40745056
6.86624990,0.07390162,2.25200697,1.19184933
6.86874990,0.07405306,2.24740183,1.21823669
6.87124990,0.07159588,2.32453286,1.19983781
6.87374990,0.06837578,2.43400467,1.03712956
6.87624990,0.07020440,2.37060591,1.13353392
6.87874990,0.07366446,2.25925732,1.27783810
6.88124990,0.06965294,1.92673544,1.03931742
6.88374990,0.06904708,1.94364173,1.05661540
6.88624990,0.06845411,1.96047811,1.04508402
6.88874990,0.07167621,1.87234774,1.04541367
6.89124990,0.07353844,1.82493388,1.11874537
6.89374990,0.07369201,1.82113083,1.12541067
6.89624990,0.06903844,1.88650969,0.96577870
6.89874990,0.06961327,1.87093192,0.97342704
6.90124990,0.06805345,1.91381455,0.93070292
6.90374990,0.07603203,2.25278299,1.19625700
6.90624990,0.07605521,2.25209646,1.19739329
6.90874990,0.07741315,2.21259129,1.21441066
6.91124990,0.07441134,2.30184882,1.14520652
6.91374990,0.07400760,2.31440624,1.13742633
6.91624990,0.07288235,2.35013916,1.09319457
6.91874990,0.07430598,2.30511262,1.16945908
6.92124990,0.07589869,2.25674059,1.25080015
6.92374990,0.07809640,2.19323374,1.27201018
6.92624990,0.07651314,2.23861758,1.25137597
6.92874990,0.07313821,2.34191761,1.17657742
6.93124990,0.07087947,2.41654824,1.03924552
6.93374990,0.07115584,2.40716222,1.06668601
6.93624990,0.07355245,2.32872816,1.14813285
6.93874990,0.07038865,2.43339893,1.00530403
6.94124990,0.06886721,2.48715836,0.97388539
6.94374990,0.06871097,2.49281386,0.97221311
6.94624990,0.07643175,2.24100143,1.17661985
6.94874990,0.07592079,2.25608388,1.15834826
6.95124990,0.07688008,2.22793291,1.18225152
6.95374990,0.06702657,2.45779979,0.94020930
6.95624990,0.06700896,2.45844576,0.93961126
6.95874990,0.06657942,2.47430665,0.89325012
6.96124990,0.06491799,2.53763069,0.86163800
6.96374990,0.06557214,2.51231550,0.88279613
6.96624990,0.06812821,2.41805692,0.94097047
6.96874990,0.06712241,2.45429043,0.91922088
6.97124990,0.06505527,2.53227595,0.87451124
6.97374990,0.06924490,2.37906181,0.98411072
6.97624990,0.06954773,2.36870254,0.98474621
6.97874990,0.07131260,2.31008134,1.02305876
6.98124990,0.06820071,2.41548654,0.93653892
6.98374990,0.06817785,2.41629641,0.93444743
6.98624990,0.06728145,2.44848894,0.91314902
6.98874990,0.06459237,2.55042341,0.85105175
6.99124990,0.06457514,2.55110410,0.84355170
6.99374990,0.06510046,2.53051812,0.84946168
6.99624990,0.05556483,2.60033407,0.62579132
6.99874990,0.05567398,2.59523622,0.63169896
7.00124990,0.05945468,2.43020587,0.71845531
7.00374990,0.06153677,2.34798014,0.76443620
7.00624990,0.06688995,2.16007226,0.89638306
7.00874990,0.06576847,2.19690575,0.86817414
7.01124990,0.06561423,2.20206988,0.87321807
7.01374990,0.07218472,2.00163033,1.07374895
7.01624990,0.06966850,2.07392336,0.99241118
7.01874990,0.06895810,2.09528863,0.95920473
7.02124990,0.06916309,2.08907853,0.96541686
7.02374990,0.06116096,2.34574503,0.75223923
7.02624990,0.06133818,2.33896746,0.75795699
7.02874990,0.05938001,2.41609951,0.70794513
7.03124990,0.06072659,2.36252353,0.73841685
7.03374990,0.06469419,2.21763362,0.83931875
7.03624990,0.06322595,2.26913171,0.80235071
7.03874990,0.06403658,2.24040703,0.83694665
7.04124990,0.06539392,2.19390455,0.87694365
7.04374990,0.06854530,2.09303929,0.98015068
7.04624990,0.07384582,1.94280468,1.14193116
7.04874990,0.07390178,1.94133370,1.16158899
7.05124990,0.07075358,2.02771367,1.13658051
7.05374990,0.07588592,1.91275030,1.23427677
7.05624990,0.07120000,2.03863507,1.04199426
7.05874990,0.07112836,2.04068839,1.03996196
7.06124990,0.07086941,2.04814478,1.02777258
7.06374990,0.06340249,2.28935504,0.83989993
7.06624990,0.06595335,2.20081057,0.88865796
7.06874990,0.06692161,2.16896786,0.90413369
7.07124990,0.06668614,2.17662663,0.89509692
7.07374990,0.06686361,2.17084932,0.90192082
7.07624990,0.06770280,2.14394121,0.92242882
7.07874990,0.06762831,2.14630253,0.92170727
7.08124990,0.07075303,2.05151398,1.02794395
7.08374990,0.06706772,2.16424260,0.92053352
7.08624990,0.06673887,2.17490663,0.90463930
7.08874990,0.07321024,1.98265728,1.12509940
7.09124990,0.07306300,1.98665299,1.12004066
7.09374990,0.08267959,2.42004332,1.62906198
7.09624990,0.07676543,2.60648841,1.50136943
7.09874990,0.07678608,2.60578750,1.50069679
7.10124990,0.07773222,2.57407042,1.61370158
7.10374990,0.07074993,2.82810461,1.29620793
7.10624990,0.08079763,2.47641176,1.76723068
7.10874990,0.08099176,2.47047599,1.79222070
7.11124990,0.08110136,2.46713727,1.78620936
7.11374990,0.08100211,2.47016049,1.75475916
7.11624990,0.07986150,2.50543997,1.58397721
7.11874990,0.08057759,2.48317428,1.62070162
7.12124990,0.08209039,2.43741316,1.61877447
7.12374990,0.08454125,2.36675229,1.65215067
7.12624990,0.08933489,2.23975429,1.71380151
7.12874990,0.09383769,2.13227963,1.81442368
7.13124990,0.09393337,2.13010769,1.79889559
7.13374990,0.10027021,1.99549004,2.01756799
7.13624990,0.11533983,2.21027522,2.77116824
7.13874990,0.12856464,2.27371761,3.57358920
7.14124990,0.14135843,2.06793239,4.59847831
7.14374990,0.14879506,1.96457913,5.65800932
7.14624990,0.16349766,1.85709606,7.11002079
7.14874990,0.17805061,1.77629708,8.70608327
7.15124990,0.18621590,1.69840914,10.06016182
7.15374990,0.18816081,1.68085363,10.55620275
7.15624990,0.19039619,1.66111929,11.91283536
7.15874990,0.19273300,1.64097888,12.54308897
7.16124990,0.20256347,1.56134164,14.25611839
7.16374990,0.21074843,1.50070287,14.19438645
7.16624990,0.22242607,1.45085611,13.86624795
7.16874990,0.22192569,1.45412735,13.93781847
7.17124990,0.23350080,1.42284662,13.87616770
7.17374990,0.32044717,3.07653917,21.97089976
7.17624990,0.32178061,3.06379022,22.26540377
7.17874990,0.37347958,2.63968455,30.08502077
7.18124990,0.38008502,2.59380989,31.67479916
7.18374990,0.39395206,2.50250821,35.29865291
7.18624990,0.40347755,2.44342784,37.47629149
7.18874990,0.43237988,2.28009748,46.46283859
7.19124990,0.51511089,2.48688305,59.37401186
7.19374990,0.51513718,2.48675614,62.61212039
7.19624990,0.94834231,3.76845303,203.54831698
7.19874990,0.94606235,3.77753482,203.95550061
7.20124990,1.20672387,2.96155860,356.44801875
7.20374990,1.20654191,2.96200525,357.71620922
7.20624990,1.28880971,2.77293337,437.13890324
7.20874990,1.34210482,2.66281992,481.14394527
7.21124990,1.34435216,2.65836851,479.17559579
7.21374990,1.38939416,2.57218834,487.59734002
7.21624990,1.63341829,2.35975569,573.49199877
7.21874990,2.20048944,2.99666410,1006.42909431
7.22124990,2.40762180,2.73885530,1169.68596913
7.22374990,2.67024484,2.46948431,1514.92198033
7.22624990,2.67696634,2.46328377,1521.79015190
7.22874990,2.76543055,2.38448502,1711.43290378
7.23124990,2.82853441,2.33128778,1787.99404263
7.23374990,3.01436468,2.18756800,2171.54795685
7.23624990,3.08148025,2.13992211,2248.24889776
7.23874990,3.09947308,2.12749959,2237.10052676
7.24124990,3.93179425,2.77082958,3517.66507821
7.24374990,4.20418293,2.59130775,3775.29078370
7.24624990,4.29110968,2.53881458,3961.05802781
7.24874990,4.32062375,2.52147200,3963.52892505
7.25124990,4.25838170,2.55832675,3800.40364796
7.25374990,4.32145627,2.52098625,3980.60773080
7.25624990,4.29771694,2.53491144,3900.91152291
7.25874990,4.35731875,2.50023752,4163.42707603
7.26124990,4.35626466,2.50084250,4170.29170775
7.26374990,4.35365812,2.50233976,4160.48064326
7.26624990,4.27803452,2.54657408,4139.18719477
7.26874990,4.01593758,2.71277419,3515.14342480
7.27124990,3.89554364,2.79661398,3445.32885350
7.27374990,3.71943145,2.92903148,3081.35642728
7.27624990,3.71735733,2.93066575,3085.16956804
7.27874990,3.64716816,2.98706595,2961.53524721
7.28124990,3.59982899,3.02634705,2970.79432366
7.28374990,3.44562905,3.16178313,2760.25381622
7.28624990,3.38427534,3.21910327,2567.75624929
7.28874990,3.36366178,3.23883093,2532.77235943
7.29124990,2.32025623,2.87202541,1105.28988188
7.29374990,1.77990250,2.94846478,695.05869069
7.29624990,1.33985415,2.70544885,393.29252973
7.29874990,1.24402216,2.91386037,381.56002557
7.30124990,1.23333673,2.93910558,378.05819559
7.30374990,0.99218166,3.65347093,229.02941422
7.30624990,0.99228326,3.65309687,229.09191785
7.30874990,0.57240606,2.51744384,71.03578397
7.31124990,0.57173445,2.52040105,71.25906492
7.31374990,0.47237851,2.84154682,47.08922560
7.31624990,0.36501886,2.48296478,34.63046157
7.31874990,0.36467698,2.48529256,34.68335916
7.32124990,0.35423596,2.55854595,31.10681626
7.32374990,0.29057295,2.30304687,24.60778286
7.32624990,0.24941301,2.23768232,17.20930161
7.32874990,0.24813896,2.24917149,17.21241326
7.33124990,0.21833003,2.18521147,12.50835388
7.33374990,0.19347244,1.96566369,9.02841560
7.33624990,0.19404233,1.95989066,8.62087582
7.33874990,0.19433315,1.95695761,8.32971815
7.34124990,0.18465240,2.05955483,7.30715776
7.34374990,0.17213956,2.20926408,6.09248288
7.34624990,0.15979350,2.37995749,5.15310833
7.34874990,0.13635405,2.26762350,3.77675917
7.35124990,0.12435991,2.48632910,3.31419689
7.35374990,0.10648101,2.39229527,2.87249262
7.35624990,0.09222825,1.98111431,2.70437539
7.35874990,0.09332761,1.95777778,2.86843084
7.36124990,0.09339781,1.95630609,2.85432278
7.36374990,0.09396762,1.94444328,2.73107564
7.36624990,0.09349716,1.95422731,2.57029431
7.36874990,0.09372980,1.94937696,2.56423989
7.37124990,0.09371484,1.94968806,2.56043400
7.37374990,0.09457979,1.93185794,2.64571183
7.37624990,0.09372765,1.94942162,2.55627044
7.37874990,0.09001522,2.02982024,2.28324995
7.38124990,0.08150372,1.86269200,1.76364065
7.38374990,0.08009081,1.89555232,1.47482106
7.38624990,0.07432621,1.82139702,1.19625088
7.38874990,0.07156494,1.89167388,1.04583322
7.39124990,0.07145859,1.89448931,1.04084947
7.39374990,0.07121332,1.90101406,1.03303731
7.39624990,0.07123327,1.90048177,1.03372335
7.39874990,0.06962817,1.94429254,0.98283817
7.40124990,0.06358869,2.12895629,0.81322862
7.40374990,0.06402363,2.11449325,0.85549233
7.40624990,0.06304659,2.14726161,0.87350588
7.40874990,0.06469211,2.09264366,0.99994854
7.41124990,0.06474577,2.09090943,1.00289177
7.41374990,0.06531333,2.07273970,0.94315984
7.41624990,0.06499388,2.08292726,0.90768613
7.41874990,0.06557214,2.06455883,0.89058816
7.42124990,0.06554624,2.06537461,0.89121906
7.42374990,0.06662799,2.03184190,0.97001730
7.42624990,0.06658984,2.03300570,0.97285477
7.42874990,0.06753351,2.00459797,1.03038508
7.43124990,0.06633219,2.04090242,0.97743281
7.43374990,0.06231743,1.91024413,0.78698387
7.43624990,0.06028101,1.97477631,0.73416361
7.43874990,0.05894047,2.01969042,0.69669010
7.44124990,0.06024095,1.97608956,0.72864429
7.44374990,0.06101335,1.95107301,0.76381147
7.44624990,0.06005800,1.98210890,0.75014521
7.44874990,0.05963086,1.99630704,0.75628603
7.45124990,0.06266889,1.89953097,0.81941031
7.45374990,0.06121173,1.67883994,0.75079969
7.45624990,0.06020182,1.70700308,0.74489158
7.45874990,0.05744159,1.78902932,0.71008674
7.46124990,0.05989489,1.71575040,0.75522531
7.46374990,0.05910385,1.73871396,0.70697104
7.46624990,0.06080021,1.69020299,0.74213390
7.46874990,0.05947005,1.72800749,0.70874308
7.47124990,0.06239968,1.64687854,0.78236031
7.47374990,0.06016267,1.70811381,0.73424139
7.47624990,0.06139134,1.67392818,0.77352236
7.47874990,0.06176670,1.66375546,0.78138894
7.48124990,0.06492453,1.58283295,0.84933261
7.48374990,0.06312845,1.62786658,0.80213845
7.48624990,0.06318607,1.62638205,0.80595011
7.48874990,0.06458717,1.59110070,0.83843011
7.49124990,0.06624735,1.55122725,0.88801123
7.49374990,0.06473550,1.58745495,0.85933616
7.49624990,0.06469371,1.58848029,0.85912969
7.49874990,0.06798793,1.51151381,0.93514343
7.50124990,0.06607373,1.55530339,0.87604275
7.50374990,0.06300265,1.50544066,0.81039065
7.50624990,0.06290688,1.50773257,0.80816565
7.50874990,0.06446214,1.47135601,0.84111340
7.51124990,0.06469091,1.46615260,0.85854233
7.51374990,0.06336178,1.49690790,0.81779985
7.51624990,0.06339599,1.49610011,0.81852753
7.51874990,0.06494350,1.46045028,0.86439599
7.52124990,0.06352207,1.49313060,0.81528666
7.52374990,0.06465586,1.46694753,0.84001225
7.52624990,0.06670537,1.42187579,0.89313438
7.52874990,0.06817091,1.39130834,0.93755479
7.53124990,0.06479897,1.46370774,0.85893691
7.53374990,0.06728771,1.48406115,0.91896204
7.53624990,0.06985217,1.42957739,0.97970942
7.53874990,0.06969457,1.43281006,0.98240850
7.54124990,0.06793343,1.46995480,0.93241374
7.54374990,0.06897760,1.44770306,0.95756180
7.54624990,0.07245829,1.37815938,1.06893245
7.54874990,0.06932253,1.44049955,0.97410988
7.55124990,0.07198597,1.40550039,1.04062367
7.55374990,0.07648762,1.65374795,1.17883204
7.55624990,0.07761455,1.62973634,1.21453334
7.55874990,0.07636191,1.65647053,1.18102577
7.56124990,0.07698714,1.64301794,1.19875525
7.56374990,0.08304882,1.67849480,1.38528668
7.56624990,0.08160201,1.70825484,1.33405037
7.56874990,0.08104456,1.72000465,1.31766144
7.57124990,0.08467400,1.64627890,1.44355634
7.57374990,0.08350600,1.66930536,1.40039357
7.57624990,0.08248628,1.68994181,1.37012911
7.57874990,0.08454418,1.64880676,1.43957346
7.58124990,0.08807092,1.58278154,1.55217258
7.58374990,0.08724956,1.59768162,1.52446657
7.58624990,0.08691587,1.60381546,1.51305814
7.58874990,0.09280136,1.74394056,1.72508341
7.59124990,0.09209973,1.75722606,1.69923336
7.59374990,0.09162762,1.76628017,1.68310375
7.59624990,0.09349190,1.73105963,1.75175537
7.59874990,0.09374930,1.72630666,1.75813828
7.60124990,0.09279737,1.74401548,1.72334360
7.60374990,0.09197158,1.75967452,1.69256908
7.60624990,0.09191514,1.76075496,1.69056835
7.60874990,0.09385504,1.72436190,1.76472075
7.61124990,0.09558735,1.69311149,1.83306237
7.61374990,0.09653431,1.67650293,1.87074717
7.61624990,0.09797343,1.65187698,1.92316281
7.61874990,0.09924350,1.63073698,1.97031036
7.62124990,0.10260124,1.66255893,2.10763218
7.62374990,0.10267789,1.66131792,2.11241010
7.62624990,0.10154263,1.67989163,2.07310419
7.62874990,0.10073182,1.69341345,2.03918714
7.63124990,0.10492537,1.63495521,2.20390638
7.63374990,0.10339952,1.65908204,2.15961321
7.63624990,0.10438775,1.64337568,2.20268804
7.63874990,0.10586192,1.70009418,2.25984572
7.64124990,0.10875235,1.65490884,2.41324281
7.64374990,0.10855636,1.65789667,2.40320274
7.64624990,0.11138947,1.61572934,2.51463092
7.64874990,0.11182045,1.60950196,2.53954498
7.65124990,0.11039416,1.63029663,2.46263324
7.65374990,0.11334299,1.58788151,2.58348157
7.65624990,0.11453976,1.57129045,2.64324268
7.65874990,0.11309430,1.59137308,2.57133477
7.66124990,0.11236703,1.60167289,2.54167882
7.66374990,0.10881081,1.65401974,2.38232414
7.66624990,0.10741314,1.67554206,2.30909821
7.66874990,0.10760173,1.67260540,2.31739176
7.67124990,0.10156062,1.77209667,2.06875182
7.67374990,0.10181711,1.76763254,2.07870163
7.67624990,0.10339080,1.74072777,2.15665745
7.67874990,0.10377684,1.73425244,2.17265290
7.68124990,0.09665720,1.86199505,1.87270481
7.68374990,0.09782854,1.83970068,1.92749346
7.68624990,0.09945496,1.80961554,1.99601529
7.68874990,0.09098282,1.88142655,1.67310328
7.69124990,0.08768085,1.95227930,1.54884298
7.69374990,0.09163186,1.86810015,1.70900778
7.69624990,0.08354798,1.93529548,1.44758597
7.69874990,0.08342486,1.93815145,1.41962533
7.70124990,0.08893825,1.81800319,1.66158442
7.70374990,0.08128296,1.71145990,1.44266863
7.70624990,0.07786423,1.78660368,1.27663658
7.70874990,0.08485333,1.88809811,1.56055748
7.71124990,0.08155829,1.96437927,1.47812858
7.71374990,0.07931241,2.02000446,1.35368955
7.71624990,0.08417312,1.90335602,1.58608292
7.71874990,0.08171767,1.96054793,1.55762324
7.72124990,0.08080249,1.98275334,1.50635955
7.72374990,0.08604628,1.86192139,1.75552911
7.72624990,0.08432291,1.89997497,1.78049814
7.72874990,0.08080662,1.98265211,1.56355884
7.73124990,0.08402116,1.90679851,1.74144947
7.73374990,0.08274077,1.93630558,1.76742051
7.73624990,0.07849655,2.04099953,1.47827305
7.73874990,0.08590102,1.86507008,1.85342127
7.74124990,0.08568858,1.86969398,1.86053680
7.74374990,0.08077960,1.98331529,1.54018326
7.74624990,0.08391838,1.90913372,1.70029036
7.74874990,0.08321909,1.92517624,1.70248894
7.75124990,0.07726879,2.07342995,1.42437893
7.75374990,0.07989432,2.00529181,1.59339837
7.75624990,0.08053260,1.98939837,1.67036990
7.75874990,0.07352045,2.12762015,1.28895630
7.76124990,0.07388082,2.11724226,1.36401973
7.76374990,0.07397259,2.11461556,1.38320404
7.76624990,0.06959751,2.24754602,1.12428354
7.76874990,0.07300060,2.14277135,1.28247476
7.77124990,0.07353132,2.12730580,1.30915668
7.77374990,0.06939513,2.25410040,1.07201034
7.77624990,0.06921619,2.25992802,1.06158999
7.77874990,0.06884050,2.27226131,1.06338663
7.78124990,0.07007593,2.23220152,1.02175270
7.78374990,0.07112850,2.19916918,1.06448038
7.78624990,0.07021422,2.22780499,1.05282111
7.78874990,0.06562679,1.86110704,0.87994988
7.79124990,0.06577770,1.85683737,0.88025330
7.79374990,0.06526423,1.87144608,0.86554043
7.79624990,0.06919121,2.13773850,0.97755005
7.79874990,0.06915293,2.13892196,0.97632646
7.80124990,0.06934788,2.13290898,0.97845256
7.80374990,0.07062885,2.09422536,1.06222437
7.80624990,0.06964030,2.12395303,1.05641691
7.80874990,0.06816657,2.16987169,0.99217523
7.81124990,0.07158207,2.06633742,1.17117236
7.81374990,0.07223059,2.04778512,1.21537277
7.81624990,0.07269473,2.03471033,1.15656585
7.81874990,0.06969482,2.12229157,1.14884369
7.82124990,0.06886180,2.14796466,1.14469702
7.82374990,0.06935880,2.13257337,1.06354085
7.82624990,0.06981067,2.11876948,1.11264303
7.82874990,0.07037613,2.10174549,1.14568346
7.83124990,0.07050348,2.09794913,1.05046492
7.83374990,0.06919600,2.13759061,1.03599573
7.83624990,0.06902169,2.14298894,1.03403177
7.83874990,0.07481699,2.26342232,1.12858351
7.84124990,0.07503802,2.25675510,1.13769362
7.84374990,0.07523601,2.25081616,1.14354265
7.84624990,0.06958530,2.43359479,0.98168055
7.84874990,0.06995178,2.42084531,0.99239400
7.85124990,0.06975898,2.42753593,0.97879330
7.85374990,0.06619461,2.55825130,0.89943702
7.85624990,0.06634427,2.55248010,0.91016052
7.85874990,0.07004222,2.41771948,0.99420346
7.86124990,0.06640357,2.55020063,0.91381703
7.86374990,0.06555126,2.58335905,0.89698696
7.86624990,0.07434402,2.30252745,1.11645153
7.86874990,0.07408805,2.31048254,1.12130504
7.87124990,0.07466475,2.29263689,1.13531493
7.87374990,0.07414345,2.30875632,1.10174676
7.87624990,0.07456016,2.29585300,1.11718264
7.87874990,0.07409630,2.31022541,1.10245621
7.88124990,0.06905589,2.47884934,0.96201048
7.88374990,0.06907120,2.47829993,0.96245916
7.88624990,0.07231841,2.36702032,1.04636455
7.88874990,0.06300719,2.71681959,0.81080622
7.89124990,0.06275066,2.72792587,0.80736575
7.89374990,0.06938628,2.46704628,0.96771826
7.89624990,0.06754659,2.53423826,0.91432932
7.89874990,0.06905769,2.47878501,0.95381408
7.90124990,0.06941217,2.46612599,0.96648860
7.90374990,0.06890089,2.48442604,0.95748580
7.90624990,0.07406781,2.31111411,1.11129083
7.90874990,0.07088288,2.41495775,1.01715224
7.91124990,0.07058106,2.42528443,1.00646558
7.91374990,0.07168279,2.38800908,1.03446526
7.91624990,0.06089174,2.25057687,0.74547844
7.91874990,0.06076311,2.25534130,0.74241396
7.92124990,0.06201441,2.20983406,0.77171660
7.92374990,0.05929305,2.31125835,0.70897550
7.92624990,0.06300803,2.17498535,0.79738295
7.92874990,0.06306931,2.17287218,0.79947941
7.93124990,0.06504786,2.10678044,0.86257900
7.93374990,0.06787550,2.01901348,0.96304957
7.93624990,0.06623121,2.06913867,0.91371230
7.93874990,0.06758350,2.02773674,0.92147050
7.94124990,0.06776501,2.02230550,0.92808480
7.94374990,0.06098638,2.03178095,0.77401078
7.94624990,0.06986138,2.20355248,1.00398625
7.94874990,0.06863091,2.24305967,0.94953996
7.95124990,0.06899445,2.23124069,0.97976292
7.95374990,0.06935030,2.21979175,0.99062486
7.95624990,0.06397825,2.40618047,0.82572114
7.95874990,0.06375114,2.41475260,0.82118254
7.96124990,0.06378251,2.41356470,0.82217829
7.96374990,0.06292880,2.44630775,0.79836911
7.96624990,0.06754363,2.27916726,0.91773980
7.96874990,0.06751544,2.28011864,0.91723529
7.97124990,0.06605376,2.33057482,0.90175730
7.97374990,0.06915464,2.22607221,0.98996695
7.97624990,0.06466003,2.38080958,0.84495952
7.97874990,0.06589617,2.33614835,0.87165644
7.98124990,0.06519247,2.36136497,0.85714441
7.98374990,0.06358959,2.42088732,0.83973265
7.98624990,0.06566575,2.34434583,0.95111589
7.98874990,0.06490442,2.37184514,0.92744997
7.99124990,0.06740844,2.28373794,0.96819457
7.99374990,0.06700653,2.29743619,0.95193364
7.99624990,0.05806244,1.94336532,0.68896249
7.99874990,0.06502634,2.12109703,0.84644839
8.00124990,0.06416395,2.14960525,0.82589607
8.00374990,0.06346350,2.17333055,0.80747457
8.00624990,0.06308421,2.18639772,0.80292538
8.00874990,0.06314061,2.18444458,0.80478579
8.01124990,0.06798326,2.02884030,0.92495275
8.01374990,0.06765303,2.03874362,0.91540290
8.01624990,0.06283608,2.19503140,0.80043840
8.01874990,0.06542748,2.10809243,0.87533873
8.02124990,0.06599581,2.08993847,0.88679486
8.02374990,0.06379189,2.16214280,0.83821537
8.02624990,0.06383760,2.16059447,0.84116425
8.02874990,0.06282307,2.19548609,0.79990027
8.03124990,0.06184770,2.23010987,0.76660324
8.03374990,0.06071694,2.27164230,0.74034844
8.03624990,0.05752950,2.39750354,0.66831829
8.03874990,0.05627495,2.45095168,0.66683454
8.04124990,0.05301431,2.60169706,0.59455957
8.04374990,0.05562225,2.47971227,0.63374989
8.04624990,0.05511352,2.50260163,0.63001678
8.04874990,0.04636836,2.51741047,0.44376007
8.05124990,0.04647321,2.51173090,0.44943840
8.05374990,0.04689149,2.48932618,0.46091935
8.05624990,0.05051116,2.31093869,0.51941504
8.05874990,0.05088471,2.29397386,0.52053182
8.06124990,0.04435589,1.90238713,0.40665195
8.06374990,0.04623557,1.82504647,0.44100154
8.06624990,0.04618773,1.82693700,0.43921447
8.06874990,0.04312623,1.95662958,0.39006843
8.07124990,0.04518645,1.86741977,0.41567890
8.07374990,0.04465757,1.88953558,0.39960557
8.07624990,0.04507922,1.87186185,0.40834228
8.07874990,0.04661469,1.81020327,0.44840978
8.08124990,0.04998253,1.80562293,0.51191169
8.08374990,0.05091276,1.77263206,0.52630744
8.08624990,0.05094161,1.77162844,0.52688486
8.08874990,0.05039066,1.79099849,0.53663507
8.09124990,0.05194803,1.73730557,0.56937793
8.09374990,0.04905819,1.83964395,0.49251133
8.09624990,0.05015317,1.79947961,0.51432963
8.09874990,0.05252207,1.71831752,0.55291320
8.10124990,0.05317586,1.69719123,0.57313431
8.10374990,0.05332405,1.69247458,0.58165097
8.10624990,0.05043093,1.78956841,0.51542540
8.10874990,0.05184604,1.74072323,0.53940774
8.11124990,0.05404583,1.66987174,0.59048436
8.11374990,0.05259222,1.71602561,0.56291393
8.11624990,0.05457229,1.65376235,0.62209652
8.11874990,0.05401718,1.67075740,0.60652632
8.12124990,0.05197585,1.73637558,0.54164452
8.12374990,0.05184062,1.74090515,0.54249174
8.12624990,0.05172599,1.74476320,0.53988102
8.12874990,0.04995712,1.80654137,0.51989964
8.13124990,0.04578718,1.71121335,0.44996868
8.13374990,0.04745300,1.65114180,0.46102524
8.13624990,0.04650738,1.68471410,0.43312062
8.13874990,0.04592857,1.70594550,0.42507155
8.14124990,0.04420496,1.77246244,0.39750363
8.14374990,0.04475698,1.75060158,0.40537911
8.14624990,0.04380756,1.78854160,0.38625731
8.14874990,0.04023897,1.92215781,0.32922978
8.15124990,0.04397240,2.01790524,0.39830874
8.15374990,0.04335911,2.04644722,0.39398286
8.15624990,0.04272293,2.07692086,0.38894551
8.15874990,0.04039075,2.19684294,0.34260362
8.16124990,0.03796190,2.33739995,0.29083442
8.16374990,0.04111467,2.15816258,0.33811128
8.16624990,0.03900626,2.27481806,0.31446941
8.16874990,0.03953860,2.24419002,0.32389848
8.17124990,0.03966314,2.23714332,0.31590300
8.17374990,0.04136710,2.14499281,0.36238050
8.17624990,0.04702485,2.19341884,0.46629057
8.17874990,0.04731115,2.18014544,0.48589862
8.18124990,0.04805399,2.14644379,0.49733975
8.18374990,0.04860053,2.12230566,0.47431512
8.18624990,0.04897790,2.10595350,0.48102356
8.18874990,0.05119376,2.01480011,0.52612479
8.19124990,0.05109213,2.01880766,0.52434552
8.19374990,0.05247126,1.96574618,0.55167887
8.19624990,0.05331817,1.93452221,0.58020592
8.19874990,0.05408075,1.90724409,0.59717370
8.20124990,0.05056033,2.04004176,0.51361018
8.20374990,0.05080013,2.03041199,0.51958948
8.20624990,0.05135535,2.00846046,0.52935786
8.20874990,0.05256844,1.96211243,0.55342679
8.21124990,0.05401507,1.90956303,0.60074046
8.21374990,0.05147701,2.00371358,0.54866275
8.21624990,0.05104543,2.02065466,0.54638097
8.21874990,0.05116214,2.01604498,0.54912581
8.22124990,0.05067510,2.03542155,0.52182522
8.22374990,0.05038100,2.04730312,0.51987377
8.22624990,0.04500383,1.86424056,0.41363896
8.22874990,0.04474490,1.87502862,0.41071822
8.23124990,0.04434601,1.89189413,0.40197028
8.23374990,0.04440235,1.90286744,0.40093869
8.23624990,0.04453026,1.89740151,0.41412229
8.23874990,0.04428616,1.90785974,0.44738968
8.24124990,0.04912833,1.96887965,0.52720165
8.24374990,0.04819606,2.00696447,0.47548945
8.24624990,0.05108914,1.89331386,0.54488427
8.24874990,0.05034449,1.92131801,0.52141122
8.25124990,0.05115187,1.89099209,0.55805119
8.25374990,0.05228312,1.85007664,0.58497848
8.25624990,0.05293769,1.82720057,0.57524090
8.25874990,0.05341586,1.81084364,0.58418356
8.26124990,0.05103122,1.89546262,0.54950682
8.26374990,0.05107292,1.89391494,0.54958845
8.26624990,0.05117279,1.89021894,0.54486504
8.26874990,0.05074358,1.90620696,0.53288639
8.27124990,0.05695905,2.10540246,0.64926487
8.27374990,0.05589718,2.14539857,0.62627808
8.27624990,0.05623220,2.13261663,0.63852252
8.27874990,0.06106525,1.96382947,0.75954653
8.28124990,0.06071005,1.97531918,0.74749424
8.28374990,0.08394225,3.24834302,1.41991687
8.28624990,0.10089851,2.70245050,2.10825766
8.28874990,0.12551446,2.70812404,3.35157262
8.29124990,0.15491578,2.69462901,5.52336250
8.29374990,0.15779791,2.64541235,5.87807326
8.29624990,0.16123967,2.58894452,6.57246908
8.29874990,0.16208763,2.57540043,6.56439026
8.30124990,0.16565472,2.51994363,6.57737449
8.30374990,0.23900197,3.23142134,12.37096838
8.30624990,0.29463465,2.62126691,17.47742840
8.30874990,0.60207407,3.90137270,79.34290516
8.31124990,0.69167715,3.39597072,104.59477868
8.31374990,0.69369900,3.38607285,103.92550415
8.31624990,0.84659718,2.77453719,162.10772295
8.31874990,1.23094629,3.24651275,318.90479770
8.32124990,1.32595265,3.01389558,356.70325642
8.32374990,1.35279449,2.95409455,376.68927304
8.32624990,1.61881902,2.46864090,538.19793923
8.32874990,1.62317143,2.46202142,538.70584886
8.33124990,1.62701781,2.45620104,539.05683502
8.33374990,1.69654523,2.35554158,579.27868657
8.33624990,1.69576487,2.35662555,578.21358781
8.33874990,1.83250158,2.18078002,686.64710372
8.34124990,1.83016754,2.18356121,683.49380667
8.34374990,1.83258070,2.18068587,689.65223106
8.34624990,1.86575338,2.14191376,712.76048132
8.34874990,1.90324195,2.09972401,729.89653145
8.35124990,2.08170438,1.91971679,888.57150517
8.35374990,2.19931781,1.81705564,987.14045546
8.35624990,2.22280485,1.79785591,1015.70173511
8.35874990,2.16149446,1.84885176,972.75937133
8.36124990,2.17160214,1.84024632,959.74169766
8.36374990,2.25501984,1.77217192,1020.27731512
8.36624990,2.21833420,1.80147916,987.78007367
8.36874990,2.04175561,1.94752837,854.34684689
8.37124990,1.98444554,2.00377229,805.20339886
8.37374990,1.96746367,2.02106755,806.75036435
8.37624990,1.75542821,2.15033397,665.67829757
8.37874990,1.75172722,2.15487712,655.31118578
8.38124990,1.74860913,2.15871967,650.59293274
8.38374990,1.68063738,2.24602699,586.08470625
8.38624990,1.68096714,2.24558638,588.59512572
8.38874990,1.52886615,2.46899110,484.28692349
8.39124990,1.52885011,2.46901701,483.43187784
8.39374990,1.52562977,2.47422867,482.12200318
8.39624990,1.48437566,2.54299301,447.36662813
8.39874990,1.43671196,2.62735818,418.89009303
8.40124990,1.16274030,2.80885940,272.33868300
8.40374990,0.90505836,3.01402980,179.07791003
8.40624990,0.82792589,3.29482735,159.18137934
8.40874990,0.82374633,3.31154482,154.79635731
8.41124990,0.72081730,3.78441649,115.50216286
8.41374990,0.38598617,3.09623136,30.93748239
8.41624990,0.27862301,3.45273042,15.69871446
8.41874990,0.17728159,2.86501239,6.66252915
8.42124990,0.13974810,2.23236415,4.57909818
8.42374990,0.12664038,1.71261800,4.06951216
8.42624990,0.12183874,1.78011197,3.67040479
8.42874990,0.11667994,1.85881637,3.30701365
8.43124990,0.11098271,1.95423773,2.97031090
8.43374990,0.10426271,2.08019328,2.55117631
8.43624990,0.09582320,2.26340386,2.12526893
8.43874990,0.09667732,2.24340726,2.10692357
8.44124990,0.09790016,2.21538552,2.20862557
8.44374990,0.09953189,2.17906632,2.34151986
8.44624990,0.09952964,2.17911551,2.34130163
8.44874990,0.08739891,1.96336890,1.67805353
8.45124990,0.09468855,1.88364699,1.87059162
8.45374990,0.09719279,1.83511354,1.89115269
8.45624990,0.09737832,1.83161730,1.89845833
8.45874990,0.09719506,1.83507079,1.89086350
8.46124990,0.09376548,1.90219048,1.76960665
8.46374990,0.08560012,2.08363978,1.49193211
8.46624990,0.08597645,2.07451941,1.52889093
8.46874990,0.08796294,2.02766990,1.61452224
8.47124990,0.08259639,2.15941400,1.39721457
8.47374990,0.07612694,2.34292620,1.16371263
8.47624990,0.07626323,2.33873922,1.16831003
8.47874990,0.07311683,2.43938118,1.06986288
8.48124990,0.07419678,2.40387522,1.12364923
8.48374990,0.07246655,2.46127101,1.08173862
8.48624990,0.07265229,2.45497852,1.07934872
8.48874990,0.08241247,2.22388119,1.39426437
8.49124990,0.08047538,2.27741131,1.37049579
8.49374990,0.07839627,2.33780962,1.28767761
8.49624990,0.08667672,2.11447262,1.68131979
8.49874990,0.08707707,2.10475093,1.69350547
8.50124990,0.07850570,2.33455073,1.26799890
8.50374990,0.07514859,2.43884197,1.24516245
8.50624990,0.07485901,2.44827639,1.22612051
8.50874990,0.07428967,2.46703931,1.16940124
8.51124990,0.08487334,2.22184960,1.62918388
8.51374990,0.08520275,2.21325941,1.62267140
8.51624990,0.08490814,2.22093895,1.55333442
8.51874990,0.08970647,2.10214253,1.86324270
8.52124990,0.09083994,2.07591272,1.88491319
8.52374990,0.09009308,2.09312192,1.84330571
8.52624990,0.09128352,2.06582525,1.94068007
8.52874990,0.09125061,2.06657023,1.93610848
8.53124990,0.08884404,2.12254874,1.78388284
8.53374990,0.08882506,2.12300214,1.79364675
8.53624990,0.08916614,2.11488128,1.84110441
8.53874990,0.08087149,2.33179577,1.41926838
8.54124990,0.08603705,2.19179761,1.66736747
8.54374990,0.08618034,2.18815327,1.67837288
8.54624990,0.08097324,2.32886550,1.35768748
8.54874990,0.08316935,2.26737124,1.50578453
8.55124990,0.08224585,2.29283062,1.50305256
8.55374990,0.08013139,2.35333233,1.40609919
8.55624990,0.08341997,2.26055932,1.57079762
8.55874990,0.08348329,2.25884486,1.57106757
8.56124990,0.07276125,2.17699743,1.13949390
8.56374990,0.07451297,2.12581845,1.26701395
8.56624990,0.07404717,2.13919133,1.26391778
8.56874990,0.06507297,2.06120093,0.92230850
8.57124990,0.06906340,1.94210623,1.12709044
8.57374990,0.06828422,1.96426715,1.09688628
8.57624990,0.06837647,1.96161719,1.02363150
8.57874990,0.06899903,1.94391795,1.05539701
8.58124990,0.06908124,1.94160479,1.05546698
8.58374990,0.07167606,1.87131450,1.09171444
8.58624990,0.07551906,1.77608756,1.23841491
8.58874990,0.07383304,1.81664544,1.20862652
8.59124990,0.06822358,1.88188766,0.98512232
8.59374990,0.06971632,1.84159330,0.99558341
8.59624990,0.06594161,1.94701205,0.91917500
8.59874990,0.06674681,1.92352427,0.93269971
8.60124990,0.06711636,1.91293305,0.92505845
8.60374990,0.07082811,1.81268574,1.02029549
8.60624990,0.07435743,1.94928322,1.12094872
8.60874990,0.07489595,1.93526745,1.14009284
8.61124990,0.07433843,1.94978149,1.11197713
8.61374990,0.07451661,1.94511931,1.12428436
8.61624990,0.07462630,1.94226002,1.12644626
8.61874990,0.07527229,1.92559145,1.13989994
8.62124990,0.07040111,2.05882666,1.01161697
8.62374990,0.06969399,2.07971562,0.99776830
8.62624990,0.07242736,2.00122826,1.06329968
8.62874990,0.07183641,2.01769101,1.05363509
8.63124990,0.07198766,2.01345173,1.05711277
8.63374990,0.07211635,2.00985880,1.04423178
8.63624990,0.06743106,2.14950921,0.91545734
8.63874990,0.06809302,2.12861298,0.93202017
8.64124990,0.06876891,2.10769198,0.94757370
8.64374990,0.06712188,2.15941050,0.90719300
8.64624990,0.06981153,2.07621430,0.98080693
8.64874990,0.06521435,2.22257360,0.88524567
8.65124990,0.06524753,2.22144315,0.88620452
8.65374990,0.06363387,2.27777577,0.81199657
8.65624990,0.05481510,2.06120148,0.61012678
8.65874990,0.05441677,2.07628956,0.60191303
8.66124990,0.05513850,2.04911200,0.60986542
8.66374990,0.05201802,2.17203515,0.54678210
8.66624990,0.05531335,2.04263469,0.62576436
8.66874990,0.05465608,2.06719844,0.60655018
8.67124990,0.05359992,2.10793166,0.57706313
8.67374990,0.05923300,1.91302549,0.71435768
8.67624990,0.05363841,2.11255754,0.59120846
8.67874990,0.05427876,2.08763484,0.61123117
8.68124990,0.05584216,2.02918798,0.64056800
8.68374990,0.05235868,2.16419168,0.54958299
8.68624990,0.05383533,2.10483020,0.58129066
8.68874990,0.05506554,2.05780669,0.60733068
8.69124990,0.05334299,2.12425714,0.58011778
8.69374990,0.06202693,2.29021865,0.79620052
8.69624990,0.05896716,2.40905691,0.71151787
8.69874990,0.05931402,2.39496917,0.71397273
8.70124990,0.05885619,2.41359913,0.70279130
8.70374990,0.05540303,2.56403361,0.61410915
8.70624990,0.05952734,2.38638659,0.72073026
8.70874990,0.05879592,2.41607313,0.70459206
8.71124990,0.05797934,2.45010122,0.69473195
8.71374990,0.06167980,2.30310805,0.78365570
8.71624990,0.05888886,2.41226017,0.69628711
8.71874990,0.05862902,2.42295093,0.69301980
8.72124990,0.05914412,2.40184883,0.70824652
8.72374990,0.05344454,2.65799346,0.57762759
8.72624990,0.05667090,2.50666990,0.64472091
8.72874990,0.05604332,2.53474001,0.63778871
8.73124990,0.05521765,2.57264179,0.63546448
8.73374990,0.05669146,2.50576105,0.67964476
8.73624990,0.05562618,2.55374812,0.64926548
8.73874990,0.05639805,2.51879691,0.64588335
8.74124990,0.05717618,2.48451770,0.65558468
8.74374990,0.04814761,2.03470163,0.49868077
8.74624990,0.05831300,2.52293712,0.72459855
8.74874990,0.05795833,2.53837591,0.70746181
8.75124990,0.05793405,2.53944002,0.70722580
8.75374990,0.05771122,2.54924502,0.69537632
8.75624990,0.05359930,2.74481243,0.59245058
8.75874990,0.05855430,2.51254007,0.68718487
8.76124990,0.05858499,2.51122407,0.68800145
8.76374990,0.05462444,2.69330051,0.59914243
8.76624990,0.05603384,2.62555702,0.63260701
8.76874990,0.05665221,2.59689820,0.64450373
8.77124990,0.05780804,2.54497538,0.66897657
8.77374990,0.05781540,2.54465112,0.66920017
8.77624990,0.05461578,2.69372762,0.60151318
8.77874990,0.05643652,2.60682319,0.64569858
8.78124990,0.05528987,2.66088578,0.62860292
8.78374990,0.05475641,2.68680923,0.61836076
8.78624990,0.05546680,2.65239828,0.65723610
8.78874990,0.05278122,2.78735545,0.59488674
8.79124990,0.05582988,2.63514848,0.62756879
8.79374990,0.05536821,2.65712101,0.61935954
8.79624990,0.04517054,2.34254052,0.42727167
8.79874990,0.04597817,2.30139265,0.44836310
8.80124990,0.04601724,2.29943860,0.44108767
8.80374990,0.04871812,2.17196026,0.48332403
8.80624990,0.05021173,2.10735262,0.50502206
8.80874990,0.04447409,2.08012343,0.40526778
8.81124990,0.04731000,1.95543418,0.46285834
8.81374990,0.04722595,1.95891415,0.45934744
8.81624990,0.04877226,1.89680741,0.48638258
8.81874990,0.04847830,1.90830923,0.47346570
8.82124990,0.04835103,1.91333247,0.47261808
8.82374990,0.05061073,1.82790458,0.51854393
8.82624990,0.05083393,1.81987879,0.52788352
8.82874990,0.05030646,1.83896043,0.51801784
8.83124990,0.05250479,1.76196474,0.55444037
8.83374990,0.05152911,1.79532689,0.53186454
8.83624990,0.05438451,1.70106515,0.59206216
8.83874990,0.05416253,1.70803674,0.59028169
8.84124990,0.05315224,1.72154126,0.56921685
8.84374990,0.05384074,1.69952672,0.58074621
8.84624990,0.05440630,1.68186001,0.59229254
8.84874990,0.05711906,1.60198337,0.65463857
8.85124990,0.05700469,1.60519721,0.65197997
8.85374990,0.05566753,1.64375499,0.62472248
8.85624990,0.05641131,1.62208206,0.64118872
8.85874990,0.05644637,1.62107459,0.64170093
8.86124990,0.05706620,1.60346724,0.65582623
8.86374990,0.05763837,1.58754978,0.66557816
8.86624990,0.05920306,1.73079678,0.70223639
8.86874990,0.05891299,1.73931876,0.69455446
8.87124990,0.06028899,1.69962179,0.72844469
8.87374990,0.05947204,1.72296883,0.70862126
8.87624990,0.05987923,1.71125236,0.71972281
8.87874990,0.06026673,1.70024948,0.72910561
8.88124990,0.06059294,1.69109585,0.73644765
8.88374990,0.06050899,1.69344221,0.73434259
8.88624990,0.06055806,1.69206991,0.73547231
8.88874990,0.06046869,1.69457066,0.73381425
8.89124990,0.06046847,1.69457688,0.73380858
8.89374990,0.06114018,1.67595965,0.75118622
8.89624990,0.06040233,1.69643248,0.73164052
8.89874990,0.05907670,1.73449901,0.69876311
8.90124990,0.05903946,1.73559306,0.69748961
8.90374990,0.06104200,1.67865537,0.74558662
8.90624990,0.05916215,1.73199377,0.70301554
8.90874990,0.05902888,1.73590413,0.69958318
8.91124990,0.05666794,1.80822657,0.65184492
8.91374990,0.05659035,1.81070593,0.65385626
8.91624990,0.05287336,1.74285840,0.56486762
8.91874990,0.05339829,1.72572517,0.57951503
8.92124990,0.05121720,1.79921551,0.53964615
8.92374990,0.05009983,1.83934318,0.51235903
8.92624990,0.04939064,1.86575388,0.50846495
8.92874990,0.04946634,1.86289851,0.50984195
8.93124990,0.04786618,1.92517520,0.46098320
8.93374990,0.04788941,1.92424117,0.46332892
8.93624990,0.04398630,1.89032743,0.40459328
8.93874990,0.04421770,1.88043476,0.40578860
8.94124990,0.04059742,2.04812287,0.33376527
8.94374990,0.03948177,2.10599715,0.31738996
8.94624990,0.04379863,2.01127848,0.39049747
8.94874990,0.04174001,2.11047483,0.37483847
8.95124990,0.04176967,2.10897627,0.37575868
8.95374990,0.03861103,2.28150436,0.30294970
8.95624990,0.03973253,2.21710604,0.31637567
8.95874990,0.04520143,2.14322270,0.41543572
8.96124990,0.04535784,2.13583175,0.42497515
8.96374990,0.04571739,2.11903438,0.42480246
8.96624990,0.04605756,2.10338372,0.42474061
8.96874990,0.04757449,2.03631682,0.46183499
8.97124990,0.04825111,2.00776149,0.47544906
8.97374990,0.04955231,1.95503961,0.51877001
8.97624990,0.05332029,1.81688277,0.59918983
8.97874990,0.05291172,1.83091225,0.56560326
8.98124990,0.05223733,1.85454952,0.54939719
8.98374990,0.05455844,1.77565041,0.59770818
8.98624990,0.05407540,1.79151183,0.58532206
8.98874990,0.05517230,1.75589414,0.60900539
8.99124990,0.05613867,1.72566831,0.63580706
8.99374990,0.05600666,1.72973593,0.63636522
8.99624990,0.05251438,1.84476563,0.55521042
8.99874990,0.05211333,1.85896260,0.55097553
9.00124990,0.05293375,1.83015055,0.57101634
9.00374990,0.05251142,1.84486964,0.55451542
9.00624990,0.05336681,1.81529908,0.57332384
9.00874990,0.04907004,1.80133052,0.49635334
9.01124990,0.04853431,1.82121404,0.48815341
9.01374990,0.04768415,1.85368415,0.46312346
9.01624990,0.04674623,1.89087659,0.44279783
9.01874990,0.04536591,1.94840923,0.41546142
9.02124990,0.04857626,2.02365067,0.48149421
9.02374990,0.04754549,2.06752271,0.46098285
9.02624990,0.04405513,2.23132656,0.40916309
9.02874990,0.04382627,2.24297863,0.40517041
9.03124990,0.04555933,2.15765643,0.42741731
9.03374990,0.04485077,2.19174341,0.41481368
9.03624990,0.04529632,2.17018502,0.41437518
9.03874990,0.04533027,2.16855970,0.41500878
9.04124990,0.04533496,2.16833544,0.41510446
9.04374990,0.04471036,2.19862685,0.40556700
9.04624990,0.04468558,2.19984576,0.40490985
9.04874990,0.04478582,2.19492221,0.40795588
9.05124990,0.04405112,2.23153002,0.39771502
9.05374990,0.04401900,2.23315798,0.39704415
9.05624990,0.04480197,2.19413087,0.41266120
9.05874990,0.04468557,2.19984635,0.41006537
9.06124990,0.04444666,2.21167115,0.40830521
9.06374990,0.04527399,2.17125512,0.42108220
9.06624990,0.04715295,2.08473451,0.44521922
9.06874990,0.04736280,2.07549770,0.45228514
9.07124990,0.04618967,1.87094968,0.46460278
9.07374990,0.05143677,2.04673083,0.56367230
9.07624990,0.05074259,2.07473068,0.53702224
9.07874990,0.05095057,2.06626158,0.55724337
9.08124990,0.04926828,2.13681513,0.50561115
9.08374990,0.04779124,2.20285599,0.50857193
9.08624990,0.04787076,2.19919644,0.51037858
9.08874990,0.04633127,2.27227136,0.46020294
9.09124990,0.04606888,2.28521297,0.45605569
9.09374990,0.04664481,2.25699717,0.48100315
9.09624990,0.04714887,2.23286816,0.49866675
9.09874990,0.04709473,2.23543517,0.49581372
9.10124990,0.04863397,2.16468462,0.53492184
9.10374990,0.05179224,2.03268331,0.56610022
9.10624990,0.04906818,2.14552906,0.54053370
9.10874990,0.04895635,2.15043040,0.53724299
9.11124990,0.05287372,1.99110652,0.58141148
9.11374990,0.05214130,2.01907516,0.57153156
9.11624990,0.05262137,2.00065510,0.56533615
9.11874990,0.05212900,2.01955170,0.55815933
9.12124990,0.04973854,2.11661262,0.53259320
9.12374990,0.04686759,1.91762718,0.46623670
9.12624990,0.05984906,2.78122398,0.82204491
9.12874990,0.06379671,2.60912571,0.96973818
9.13124990,0.06817144,2.44169154,1.14836676
9.13374990,0.07879730,2.27488527,1.60137965
9.13624990,0.07941427,2.25721147,1.70355615
9.13874990,0.08645941,2.07328293,2.09364418
9.14124990,0.08590233,2.08672821,2.03112796
9.14374990,0.08565441,2.09276814,2.04346841
9.14624990,0.08594883,2.08559914,2.13089013
9.14874990,0.08592634,2.08614499,2.14231107
9.15124990,0.08538967,2.09925645,2.23862044
9.15374990,0.08330285,2.15184490,2.05549404
9.15624990,0.08330708,2.15173557,2.06620608
9.15874990,0.08432970,2.12564282,2.05336354
9.16124990,0.08190710,2.18851372,1.87146865
9.16374990,0.08764894,2.04514521,1.94652848
9.16624990,0.09533600,1.92918419,2.00823130
9.16874990,0.10040357,1.83181453,2.12445312
9.17124990,0.11852043,2.41494804,2.83335437
9.17374990,0.12706939,2.25247540,3.25194290
9.17624990,0.14250424,2.33713451,4.37710022
9.17874990,0.15964869,2.13967247,5.75234002
9.18124990,0.17449234,1.95765558,7.42253912
9.18374990,0.18234167,1.87338365,8.78076352
9.18624990,0.19784936,1.75885338,10.92122443
9.18874990,0.20999322,1.66624415,13.24665619
9.19124990,0.21895340,1.59805682,14.85770581
9.19374990,0.23223427,1.50666813,17.20977788
9.19624990,0.23649660,1.47951380,18.50810091
9.19874990,0.24342034,1.43743111,20.22829565
9.20124990,0.24782180,1.41190155,21.68997779
9.20374990,0.24820926,1.40969749,21.94637828
9.20624990,0.24825426,1.40944199,22.06755307
9.20874990,0.24905923,1.40488663,21.43254662
9.21124990,0.25349755,1.38028940,21.01453139
9.21374990,0.26641282,1.47241114,20.45807069
9.21624990,0.28541803,1.72917727,20.31920705
9.21874990,0.32811488,2.24927327,23.65772716
9.22124990,0.36724518,2.15462184,27.43363504
9.22374990,0.44077646,2.52208652,39.39244513
9.22624990,0.50825391,2.32107916,53.77945287
9.22874990,0.57079226,2.12146935,71.83900479
9.23124990,0.67540550,2.44124562,106.91124568
9.23374990,0.73367151,2.24736914,133.17277316
9.23624990,0.79743506,2.06766771,167.55620570
9.23874990,0.98362309,2.64224553,265.32871663
9.24124990,1.07165616,2.42519367,328.56463610
9.24374990,1.38670922,2.84919180,560.44353785
9.24624990,1.41170836,2.79873708,560.99522392
9.24874990,1.41542642,2.79138533,557.21260717
9.25124990,1.56313803,2.52760822,618.29242751
9.25374990,1.93268836,2.63026074,793.07331432
9.25624990,1.95823233,2.59595056,805.18575573
9.25874990,2.30354025,2.35560834,1065.75992739
9.26124990,2.32678580,2.33207484,1083.03345343
9.26374990,2.42894194,2.23399272,1190.69121676
9.26624990,2.61044636,2.07866314,1392.73108688
9.26874990,2.64966003,2.04789994,1461.24163066
9.27124990,2.68538428,2.02065628,1533.20177889
9.27374990,2.84249797,1.90896834,1803.07013198
9.27624990,2.90764476,1.86619724,1955.93847363
9.27874990,2.98280063,1.81917577,2002.14520117
9.28124990,3.11456918,1.74221163,2108.55471140
9.28374990,3.56097171,2.19921177,2622.23961843
9.28624990,3.59898702,2.17598197,2655.55798853
9.28874990,3.56371565,2.19751845,2644.14274984
9.29124990,3.60386482,2.17303680,2801.22159108
9.29374990,3.56151935,2.19887360,2753.28206597
9.29624990,3.55518253,2.20279291,2732.86561116
9.29874990,4.41696132,2.65652365,4065.38071710
9.30124990,4.37861855,2.67978635,3911.42180267
9.30374990,4.47704022,2.62087488,4325.20181299
9.30624990,4.46617888,2.62724860,4289.09343920
9.30874990,4.29984277,2.72888169,4224.75816945
9.31124990,4.29727934,2.73050954,4218.37460139
9.31374990,4.25612066,2.75691484,4214.47970074
9.31624990,4.25881164,2.75517285,4219.72267822
9.31874990,4.25221128,2.75944948,4221.62975455
9.32124990,4.24698633,2.76284436,4210.00783434
9.32374990,4.13969955,2.83444779,4210.60931415
9.32624990,4.08700123,2.87099552,4099.79239582
9.32874990,4.03248178,2.90981159,3789.07403823
9.33124990,3.92855907,2.98678524,3698.73893877
9.33374990,3.52135647,3.33217109,2770.87557867
9.33624990,3.47130886,3.38021268,2777.64993615
9.33874990,3.46101329,3.39026789,2786.24853853
9.34124990,3.39390834,3.45730086,2634.89574961
9.34374990,3.32301348,3.53106067,2453.08829235
9.34624990,3.31895544,3.53537805,2433.45615963
9.34874990,2.03270624,3.23620720,917.15126897
9.35124990,2.00699578,3.27766437,922.84551891
9.35374990,1.36543341,3.19192205,530.60305494
9.35624990,1.36552209,3.19171474,521.36076396
9.35874990,1.36088537,3.20258937,523.54973222
9.36124990,1.32886998,3.27974676,477.22533735
9.36374990,1.27669021,3.41379369,426.99722310
9.36624990,0.82604380,2.28085054,177.24872700
9.36874990,0.71519336,2.63436791,126.97480704
9.37124990,0.58245725,2.57003380,78.36481080
9.37374990,0.55953502,2.67531927,68.97638101
9.37624990,0.55416924,2.70122321,65.14227814
9.37874990,0.48587392,3.08091208,48.99920530
9.38124990,0.35510680,2.28299179,25.35449091
9.38374990,0.30710020,2.34385437,19.97815226
9.38624990,0.26275444,1.99381101,16.22457569
9.38874990,0.23690588,2.11470232,15.35589225
9.39124990,0.21148356,1.70214535,15.06497942
9.39374990,0.21031911,1.71156937,15.75735354
9.39624990,0.21264158,1.69287566,16.55103264
9.39874990,0.21184640,1.69922999,16.32139885
9.40124990,0.20957750,1.71762595,15.76017899
9.40374990,0.20946626,1.71853808,15.66792973
9.40624990,0.20357043,1.76831058,14.23626374
9.40874990,0.20033628,1.79685748,13.21430747
9.41124990,0.19675252,1.82958649,12.13785582
9.41374990,0.18397277,1.95667951,9.95775931
9.41624990,0.17834101,2.01846875,8.89740560
9.41874990,0.16047640,2.01791794,6.86988433
9.42124990,0.14350281,2.13158851,5.15182235
9.42374990,0.12796118,2.39048228,3.96081233
9.42624990,0.10877784,1.97937286,2.63758572
9.42874990,0.09855835,2.06349785,2.10578698
9.43124990,0.08963494,1.69210658,1.62165764
9.43374990,0.08581292,1.76747113,1.51738121
9.43624990,0.08483879,1.78776548,1.48256275
9.43874990,0.08197553,1.85020905,1.50586959
9.44124990,0.07620815,1.84846033,1.41666509
9.44374990,0.07387768,1.90677011,1.46094407
9.44624990,0.06708066,1.70080015,1.40462300
9.44874990,0.06603031,1.72785482,1.41969734
9.45124990,0.06492666,1.75722573,1.44172033
9.45374990,0.06508684,1.75290099,1.43122830
9.45624990,0.06467894,1.76395578,1.35350427
9.45874990,0.06357558,1.79456947,1.28133439
9.46124990,0.06127079,1.86207461,1.15095322
9.46374990,0.05594399,1.73045796,0.94320997
9.46624990,0.05473632,1.76863779,0.88010962
9.46874990,0.05085501,1.90362242,0.74290763
9.47124990,0.05006716,1.93357746,0.69586324
9.47374990,0.04953132,1.95449542,0.63504211
9.47624990,0.04914687,1.96978405,0.58130311
9.47874990,0.04845972,1.99771556,0.52390529
9.48124990,0.04639757,2.08650440,0.45029498
9.48374990,0.04267122,2.26871223,0.36579474
9.48624990,0.03764669,2.15639857,0.29222808
9.48874990,0.03307220,2.08574290,0.23454619
9.49124990,0.02959361,2.10012384,0.20250045
9.49374990,0.02947426,2.10862758,0.20144003
9.49624990,0.03098906,2.00555456,0.21349568
9.49874990,0.03087826,2.01275092,0.20860538
9.50124990,0.03104362,2.00202958,0.21327724
9.50374990,0.03317966,1.87314319,0.24624793
9.50624990,0.03318364,1.87291813,0.24632780
9.50874990,0.03483018,1.78437906,0.28449052
9.51124990,0.03537869,1.75671425,0.29791381
9.51374990,0.03525810,1.76272246,0.29751656
9.51624990,0.03588584,1.73188786,0.29874578
9.51874990,0.03699214,1.68009318,0.30709994
9.52124990,0.03940001,1.57741689,0.33179279
9.52374990,0.03917670,1.58640848,0.31425643
9.52624990,0.03858866,1.61058311,0.30404851
9.52874990,0.03731673,1.66547965,0.28195079
9.53124990,0.03570036,1.71781982,0.25707498
9.53374990,0.03630867,1.68903943,0.26685014
9.53624990,0.03548963,1.72802002,0.25493811
9.53874990,0.03575951,1.71497814,0.25627178
9.54124990,0.03615921,1.69602117,0.26235899
9.54374990,0.03723027,1.64722911,0.27765115
9.54624990,0.03698382,1.65820590,0.27385080
9.54874990,0.03693012,1.66061705,0.27316556
9.55124990,0.03747782,1.63634867,0.28103182
9.55374990,0.03576539,1.71469631,0.25620089
9.55624990,0.03737893,1.64067798,0.28069528
9.55874990,0.03669785,1.67112762,0.27119054
9.56124990,0.03645708,1.68216400,0.26723193
9.56374990,0.03694352,1.66001456,0.27541705
9.56624990,0.03990902,1.85039909,0.32480047
9.56874990,0.04264576,1.88471785,0.37455127
9.57124990,0.04053479,1.98286991,0.33556458
9.57374990,0.04038252,1.99034670,0.32702722
9.57624990,0.04037665,1.99063600,0.32693818
9.57874990,0.04244206,1.89376325,0.36090013
9.58124990,0.04243258,1.89418644,0.36074748
9.58374990,0.04142879,1.94008113,0.34682802
9.58624990,0.04138126,1.94230952,0.34708191
9.58874990,0.04350171,1.84763349,0.38948472
9.59124990,0.04442449,1.80925468,0.40760302
9.59374990,0.04329743,1.85635075,0.37864431
9.59624990,0.04256854,1.88813677,0.36313618
9.59874990,0.04355837,1.84523038,0.38031664
9.60124990,0.04654200,1.72693968,0.43814745
9.60374990,0.04614792,1.74168667,0.43034783
9.60624990,0.04465283,1.80000288,0.39881703
9.60874990,0.04431215,1.81384170,0.39747840
9.61124990,0.04781938,1.74367589,0.46651948
9.61374990,0.04782337,1.74353037,0.46661185
9.61624990,0.04548976,1.83297307,0.42024085
9.61874990,0.04211069,1.98005565,0.35749024
9.62124990,0.04619132,1.86932252,0.44822188
9.62374990,0.04745122,1.81968930,0.47459382
9.62624990,0.04706444,1.83464375,0.45543914
9.62874990,0.04482431,1.92633140,0.41029826
9.63124990,0.04856685,1.89569525,0.47325207
9.63374990,0.05036765,1.82791827,0.51030401
9.63624990,0.05034490,1.82874420,0.50938366
9.63874990,0.04835106,1.90415568,0.46877786
9.64124990,0.05049360,1.82335881,0.52038403
9.64374990,0.05200694,1.77030121,0.55357739
9.64624990,0.05160965,1.78392881,0.54146046
9.64874990,0.05109944,1.80174076,0.52970793
9.65124990,0.05050408,1.82298035,0.51642418
9.65374990,0.05202028,1.76984722,0.54701336
9.65624990,0.05188717,1.77438754,0.54169685
9.65874990,0.05174887,1.77912945,0.53858959
9.66124990,0.04948754,1.86042691,0.49661162
9.66374990,0.04991056,1.84465882,0.50810197
9.66624990,0.05010894,1.83735551,0.50567089
9.66874990,0.04983906,1.84730487,0.49804949
9.67124990,0.04788089,1.92285388,0.47872831
9.67374990,0.04675226,1.96927255,0.45892983
9.67624990,0.04863439,1.89306255,0.47909701
9.67874990,0.04883019,1.88547164,0.48147814
9.68124990,0.04876971,1.87461696,0.49293156
9.68374990,0.04676056,1.95516316,0.45530861
9.68624990,0.04994491,1.83050730,0.50327689
9.68874990,0.05071339,1.80276892,0.51696352
9.69124990,0.05193092,1.86012232,0.55689968
9.69374990,0.05016946,1.92543179,0.52412748
9.69624990,0.05157136,1.87309142,0.54276514
9.69874990,0.05199465,1.85784258,0.55011691
9.70124990,0.05381636,1.79495349,0.58797322
9.70374990,0.05238037,1.84416163,0.55540370
9.70624990,0.05365610,1.80031467,0.57647113
9.70874990,0.05582570,1.73034768,0.62624558
9.71124990,0.05683834,1.69951942,0.65668891
9.71374990,0.05687928,1.69829629,0.65752094
9.71624990,0.05764777,1.67565659,0.66684995
9.71874990,0.06328399,1.84498806,0.80601350
9.72124990,0.06277530,1.85993845,0.80600886
9.72374990,0.06295699,1.85457092,0.80968279
9.72624990,0.06224941,1.87565145,0.77914210
9.72874990,0.06554895,1.78123681,0.86181518
9.73124990,0.06227955,1.87474372,0.78576518
9.73374990,0.06225447,1.87549915,0.78533143
9.73624990,0.06134608,1.90327061,0.75825114
9.73874990,0.06151473,1.89805260,0.76104276
9.74124990,0.05811882,2.00895678,0.69031526
9.74374990,0.05903645,1.97773075,0.71051922
9.74624990,0.06023841,1.93826843,0.72593887
9.74874990,0.05962316,1.95826924,0.71319657
9.75124990,0.05622723,2.07654200,0.63991496
9.75374990,0.05812020,2.00890903,0.68204561
9.75624990,0.05859972,1.99247014,0.68917412
9.75874990,0.05676728,2.05678696,0.65089661
9.76124990,0.05577427,2.09340615,0.63040108
9.76374990,0.05767540,2.02440193,0.67168419
9.76624990,0.05624717,2.07580588,0.63574840
9.76874990,0.05074953,1.85148701,0.53156594
9.77124990,0.05386446,1.74783026,0.59883439
9.77374990,0.05606940,1.67909643,0.63097849
9.77624990,0.05512678,1.70780732,0.61517531
9.77874990,0.05190309,1.81387886,0.54754395
9.78124990,0.05683512,1.82222537,0.64788909
9.78374990,0.05676693,1.82441431,0.64502712
9.78624990,0.05503775,1.88173385,0.61152172
9.78874990,0.05610723,1.84586552,0.63631342
9.79124990,0.05630006,1.83954318,0.63514849
9.79374990,0.05620584,1.84262686,0.63318860
9.79624990,0.05653323,1.83195602,0.64058283
9.79874990,0.05884076,1.76011333,0.69328344
9.80124990,0.05853137,1.76941702,0.68628302
9.80374990,0.05811948,1.78195678,0.67717468
9.80624990,0.06329827,2.02399893,0.80511501
9.80874990,0.06347287,2.01843119,0.80935859
9.81124990,0.06297214,2.03448110,0.79843652
9.81374990,0.06438034,1.98998077,0.83335221
9.81624990,0.06740729,1.90061979,0.90948557
9.81874990,0.06671485,1.92034664,0.89179131
9.82124990,0.06344260,2.01939448,0.81585700
9.82374990,0.06502927,1.97012263,0.85565967
9.82624990,0.06501460,1.97056718,0.85340246
9.82874990,0.06497978,1.97162309,0.85247707
9.83124990,0.06316076,2.02840561,0.80194614
9.83374990,0.06337305,2.02161065,0.80784762
9.83624990,0.06405342,2.00013710,0.82196127
9.83874990,0.06527673,1.96265394,0.85300940
9.84124990,0.06696238,1.91324800,0.89690366
9.84374990,0.06633353,1.93138565,0.88053335
9.84624990,0.06696154,1.91327181,0.89718224
9.84874990,0.06750220,1.89794749,0.91143033
9.85124990,0.06742103,1.90023258,0.90927568
9.85374990,0.06722865,1.90567023,0.90401483
9.85624990,0.06866780,2.07617330,0.94316594
9.85874990,0.06950928,2.05103923,0.96726152
9.86124990,0.06946624,2.05230986,0.96609926
9.86374990,0.06999770,2.03672761,0.98054809
9.86624990,0.06744843,2.11370770,0.91504744
9.86874990,0.06745340,2.11355184,0.91510997
9.87124990,0.07069753,2.01656635,1.02147567
9.87374990,0.06829261,2.08757971,0.95460163
9.87624990,0.06834943,2.08584406,0.95175049
9.87874990,0.07224414,1.97339536,1.06905044
9.88124990,0.07125447,2.00080428,1.04659410
9.88374990,0.07104911,2.00658738,1.03772621
9.88624990,0.07134512,1.99826213,1.04897191
9.88874990,0.07062552,2.01862232,1.03050526
9.89124990,0.06843406,2.08326475,0.95031724
9.89374990,0.07349822,1.93972382,1.12100893
9.89624990,0.07457642,1.91168009,1.15058604
9.89874990,0.07236298,1.97015451,1.06589729
9.90124990,0.07316515,1.94855403,1.09501430
9.90374990,0.07638880,1.86632420,1.18084981
9.90624990,0.07118085,1.71191174,1.01795485
9.90874990,0.07304927,1.66812516,1.11614027
9.91124990,0.07597348,1.60391936,1.20405776
9.91374990,0.07270965,1.67591695,1.08251080
9.91624990,0.07316387,1.66551232,1.09584695
9.91874990,0.07799869,1.56227414,1.21914411
9.92124990,0.07739109,1.57453960,1.19953916
9.92374990,0.07752387,1.57184279,1.22608020
9.92624990,0.08149571,1.49523624,1.35649182
9.92874990,0.07792003,1.56385111,1.22513658
9.93124990,0.07743921,1.57356106,1.20599470
9.93374990,0.08258460,1.55581239,1.36822570
9.93624990,0.08529754,1.50632880,1.46575419
9.93874990,0.08389768,1.53146237,1.41713930
9.94124990,0.08739429,1.47018924,1.53024028
9.94374990,0.08329889,1.54247116,1.39037189
9.94624990,0.08037163,1.59865037,1.31001951
9.94874990,0.08400263,1.52954901,1.45787413
9.95124990,0.08633132,1.48829108,1.55296608
9.95374990,0.08328506,1.54272727,1.41928359
9.95624990,0.08671448,1.48645259,1.50457356
9.95874990,0.08877590,1.45193651,1.57695026
9.96124990,0.08667610,1.48711078,1.50365539
9.96374990,0.08640757,1.49173231,1.49681058
9.96624990,0.08805040,1.46389974,1.55827374
9.96874990,0.08617194,1.49581132,1.49054340
9.97124990,0.08555292,1.50663435,1.47211903
9.97374990,0.08965646,1.51538198,1.61804936
9.97624990,0.08631137,1.57411217,1.49256609
9.97874990,0.08698457,1.56192977,1.51556741
9.98124990,0.09079905,1.49631283,1.65674264
9.98374990,0.09066365,1.49854750,1.65164942
9.98624990,0.08938570,1.51997224,1.61394503
9.98874990,0.09411458,1.44359972,1.78898551
9.99124990,0.09105002,1.49218836,1.66271573
9.99374990,0.09215701,1.47426420,1.70130915
9.99624990,0.09310487,1.45925537,1.73530871
9.99874990,0.09241144,1.47020527,1.70874921
10.00124990,0.09678219,1.69946935,1.94717286
10.00374990,0.10043605,1.63764283,2.09347032
10.00624990,0.09626118,1.70866771,1.88026767
10.00874990,0.09590653,1.71498621,1.90233488
10.01124990,0.09666916,1.70145655,1.90874240
10.01374990,0.09904637,1.66061995,2.03567445
10.01624990,0.10513620,1.72516856,2.37592554
10.01874990,0.10514785,1.72497731,2.31183113
10.02124990,0.10424850,1.73985866,2.21857241
10.02374990,0.10574951,1.71516308,2.41983323
10.02624990,0.10775439,1.68325075,2.47228297
10.02874990,0.10695814,1.69578180,2.40664738
10.03124990,0.11532628,1.98669431,2.94734663
10.03374990,0.11656359,1.96560570,2.89419747
10.03624990,0.11502408,1.99191397,2.76022775
10.03874990,0.11276269,2.03186051,2.73645948
10.04124990,0.11600384,1.97509038,2.80796327
10.04374990,0.11569311,1.98039504,2.73562131
10.04624990,0.11955323,1.91645229,3.05082293
10.04874990,0.11816725,1.93893028,2.95946883
10.05124990,0.11454348,2.00027152,2.64449940
10.05374990,0.11119929,2.06042744,2.52359809
10.05624990,0.11168720,2.05142632,2.53139647
10.05874990,0.11029638,2.07729447,2.44141403
10.06124990,0.11332343,2.02180663,2.65484373
10.06374990,0.11215537,2.04286314,2.60582572
10.06624990,0.11231328,2.03999087,2.53386163
10.06874990,0.11073110,2.06913928,2.46012830
10.07124990,0.11104370,2.06331448,2.47641909
10.07374990,0.10890908,2.10375537,2.43421239
10.07624990,0.10668701,2.14757224,2.33062250
10.07874990,0.10981016,2.08649249,2.42929462
10.08124990,0.10279009,1.78345539,2.26655296
10.08374990,0.09924596,1.84714356,2.11609914
10.08624990,0.09926473,1.84679419,2.11094645
10.08874990,0.09767441,1.87686347,2.03886039
10.09124990,0.09521661,1.92531048,1.91235366
10.09374990,0.10218960,1.79393535,2.22941544
10.09624990,0.09907793,1.85027611,2.33246115
10.09874990,0.09862613,1.85875225,2.36108459
10.10124990,0.09834555,1.86405525,2.16425406
10.10374990,0.09826522,1.86557899,2.12239497
10.10624990,0.09859427,1.85935289,2.14439885
10.10874990,0.09772656,1.87586190,2.21408278
10.11124990,0.09288407,1.97365953,2.17593959
10.11374990,0.09478476,1.93408237,2.13897646
10.11624990,0.09152683,1.92411609,1.76727464
10.11874990,0.09268959,1.89997884,1.77591520
10.12124990,0.09198940,1.91444066,1.72431514
10.12374990,0.09060346,1.94372555,1.67904542
10.12624990,0.09865627,1.78506909,1.96449564
10.12874990,0.11749666,2.62700769,2.84961284
10.13124990,0.12094207,2.55216929,3.15619163
10.13374990,0.12326280,2.50411827,3.45151166
10.13624990,0.12546099,2.46024392,3.64299053
10.13874990,0.13185388,2.34095974,4.14353350
10.14124990,0.14750496,2.09257118,5.52825700
10.14374990,0.15408123,2.00325910,6.70733608
10.14624990,0.15750621,1.95969814,7.48961577
10.14874990,0.15843588,1.94819899,7.83110423
10.15124990,0.15877591,1.94402688,7.87726747
10.15374990,0.16249729,1.89950636,8.43517258
10.15624990,0.16487178,1.87214956,9.08934113
10.15874990,0.16408109,1.88117120,9.28929383
10.16124990,0.16603036,1.85908552,9.16948735
10.16374990,0.16773836,1.84015524,8.59695601
10.16624990,0.16748908,1.84289407,7.94086813
10.16874990,0.17067655,1.80847712,7.65295949
10.17124990,0.18488460,1.72204141,8.12410833
10.17374990,0.22321383,2.54673274,10.43939233
10.17624990,0.32765307,3.31691370,21.94012064
10.17874990,0.34753532,3.12715540,24.96068269
10.18124990,0.43837192,2.76281269,42.99398997
10.18374990,0.44853496,2.70021201,45.88319352
10.18624990,0.56312399,2.71036803,78.37536212
10.18874990,0.56186211,2.71645522,78.36541735
10.19124990,0.75738133,3.02590280,155.75652414
10.19374990,0.75564184,3.03286846,156.45510582
10.19624990,0.81702184,2.80501961,198.06996745
10.19874990,0.85426248,2.68273785,216.13334334
10.20124990,0.85992070,2.66508562,212.74799904
10.20374990,0.87327644,2.62432627,223.14270119
10.20624990,0.89426354,2.56273703,220.09339068
10.20874990,1.16018809,2.84917451,315.23594210
10.21124990,1.96015633,3.60511914,768.86780816
10.21374990,2.29649153,3.07712744,1079.98484209
10.21624990,2.53781588,2.78451922,1342.18133144
10.21874990,2.58346333,2.73531929,1417.72033961
10.22124990,2.60902508,2.70852019,1469.50499287
10.22374990,2.68143085,2.63538293,1518.09288013
10.22624990,2.67455463,2.64215844,1517.09306248
10.22874990,3.04861625,2.31796871,1920.24946927
10.23124990,3.07649658,2.29696244,1939.84936860
10.23374990,3.33381169,2.11967494,2307.43905578
10.23624990,3.32581052,2.12477441,2302.40332958
10.23874990,3.32849100,2.12306330,2314.88523869
10.24124990,3.33120638,2.12133272,2407.26656819
10.24374990,3.33342502,2.11992081,2401.14349934
10.24624990,3.32423032,2.12578444,2447.59380818
10.24874990,3.36150673,2.10221120,2516.40267436
10.25124990,3.36062293,2.10276405,2510.74980340
10.25374990,3.35903511,2.10375803,2506.00460321
10.25624990,3.39965164,2.07862388,2608.98696962
10.25874990,3.36278513,2.10141202,2677.03519609
10.26124990,2.97225396,2.21083363,2023.90643777
10.26374990,2.78770908,2.35718966,2088.59471726
10.26624990,2.57000842,2.55686283,1788.49523341
10.26874990,2.54125301,2.58579487,1795.47241485
10.27124990,2.58988414,2.53724053,1856.07526691
10.27374990,2.51734395,2.61035406,1636.77207655
10.27624990,2.51549683,2.61227084,1636.62205946
10.27874990,2.04814235,2.81276334,1028.27077644
10.28124990,2.05366647,2.80519733,1031.71333632
10.28374990,1.60333621,1.73592571,583.50740607
10.28624990,1.61074837,1.72793752,620.53875487
10.28874990,1.72222311,1.62100465,663.21318004
10.29124990,1.73110997,1.61268303,671.34134770
10.29374990,1.73864778,1.60569134,674.59637543
10.29624990,1.73335130,1.61059773,649.72543539
10.29874990,1.67470548,1.66699858,605.53210245
10.30124990,1.69816176,1.64397276,603.31120302
10.30374990,1.70991376,1.63267396,613.23414536
10.30624990,1.62106089,1.72216336,533.37665681
10.30874990,1.52671682,1.82858513,469.56505947
10.31124990,1.51970628,1.83702055,463.71044742
10.31374990,1.39479268,2.00153880,401.98937675
10.31624990,1.39618486,1.99954301,404.25341146
10.31874990,1.36488233,2.04540099,380.63588853
10.32124990,1.21510136,2.29752988,300.86546660
10.32374990,1.20324306,2.32017268,292.27031873
10.32624990,1.19810769,2.33011747,289.28014019
10.32874990,1.18770229,2.35053153,286.20234395
10.33124990,1.06987640,2.60939644,235.78261380
10.33374990,1.06414616,2.62344758,231.38421001
10.33624990,1.02247376,2.73036998,211.14493368
10.33874990,0.80979375,3.08167633,133.29351113
10.34124990,0.58688948,2.54960947,75.52480956
10.34374990,0.55010948,2.72007488,70.68789464
10.34624990,0.53309638,2.80688262,64.89889524
10.34874990,0.41525672,3.11080278,37.86339955
10.35124990,0.29867462,3.47259243,18.81535708
10.35374990,0.18895840,3.04966135,7.27543080
10.35624990,0.13829912,2.46163553,3.86336915
10.35874990,0.13818010,2.46375570,3.86538032
10.36124990,0.13308737,2.55803403,3.55626773
10.36374990,0.11155121,2.87221752,2.51026450
10.36624990,0.08766743,2.11254398,1.58657827
10.36874990,0.07856996,2.08665995,1.33172929
10.37124990,0.07265675,2.25648379,1.21298081
10.37374990,0.07319985,2.23974208,1.23842928
10.37624990,0.07115276,2.30418017,1.16126911
10.37874990,0.06492155,1.91248641,0.96047139
10.38124990,0.05957446,1.72241955,0.79107858
10.38374990,0.05673524,1.80861505,0.69959383
10.38624990,0.05709184,1.79731837,0.68350114
10.38874990,0.06132940,1.67313261,0.76600957
10.39124990,0.06511643,1.58670741,0.84955254
10.39374990,0.06658246,1.55177099,0.89040589
10.39624990,0.06609080,1.56331473,0.88710923
10.39874990,0.06466949,1.59767352,0.85755626
10.40124990,0.06429984,1.60685815,0.84970346
10.40374990,0.06228903,1.65873060,0.81192274
10.40624990,0.06208841,1.66409028,0.81279186
10.40874990,0.06209030,1.66403967,0.81286944
10.41124990,0.06375489,1.62059300,0.86609430
10.41374990,0.06243687,1.65480311,0.82764832
10.41624990,0.05968084,1.73122094,0.74367557
10.41874990,0.05796471,1.78247648,0.68933728
10.42124990,0.05890205,1.75411078,0.70185044
10.42374990,0.06338933,1.85115339,0.80677948
10.42624990,0.06438898,1.82241383,0.83088185
10.42874990,0.06121127,1.91702249,0.75471839
10.43124990,0.06118030,1.91799282,0.75402919
10.43374990,0.06157364,1.90574052,0.76136989
10.43624990,0.06194399,1.89434638,0.77137644
10.43874990,0.06262120,1.87386014,0.78891171
10.44124990,0.06014283,1.95107824,0.72570318
10.44374990,0.05985643,1.96041375,0.71836846
10.44624990,0.05954369,1.97071047,0.71066634
10.44874990,0.06295088,1.86404655,0.79396878
10.45124990,0.06385900,1.83753859,0.81736674
10.45374990,0.06447355,1.82002346,0.83527399
10.45624990,0.06463236,1.81555132,0.84070557
10.45874990,0.06548773,1.79183769,0.86035100
10.46124990,0.06714127,1.74770868,0.90277380
10.46374990,0.06463760,1.81540433,0.84408670
10.46624990,0.06498036,1.80582839,0.85272160
10.46874990,0.06514709,1.80120670,0.86050520
10.47124990,0.06663640,1.76095001,0.90091939
10.47374990,0.06163877,1.75901141,0.76149859
10.47624990,0.05857067,1.85115352,0.68710603
10.47874990,0.05774487,1.87762656,0.66815085
10.48124990,0.05905155,1.83607862,0.71760434
10.48374990,0.05971578,1.81565584,0.74479530
10.48624990,0.05848204,1.85395874,0.70372491
10.48874990,0.05352221,1.86786566,0.58122586
10.49124990,0.05600653,1.78837579,0.63463087
10.49374990,0.05616835,1.78322334,0.64689025
10.49624990,0.05623174,1.78121301,0.65457830
10.49874990,0.05251521,1.90727063,0.56508792
10.50124990,0.05217861,1.91957408,0.54607180
10.50374990,0.05361444,1.86816678,0.58432136
10.50624990,0.05347020,1.87320644,0.58192275
10.50874990,0.05216453,1.92009227,0.54781091
10.51124990,0.04972000,2.01449543,0.51378134
10.51374990,0.05375065,1.86343274,0.60060564
10.51624990,0.05310115,1.88622509,0.59374640
10.51874990,0.05307095,1.88729812,0.59287551
10.52124990,0.05250638,1.90759113,0.55666036
10.52374990,0.05810672,1.98751177,0.68079050
10.52624990,0.05765375,2.00312714,0.67046582
10.52874990,0.05850071,1.97412627,0.69774074
10.53124990,0.05883246,1.96299446,0.72311841
10.53374990,0.06084867,1.89795092,0.75884561
10.53624990,0.06096358,1.89437343,0.75778965
10.53874990,0.06072121,1.90193486,0.75448675
10.54124990,0.06063147,1.90474993,0.74494883
10.54374990,0.06459097,1.82769376,0.85673655
10.54624990,0.06464105,1.82627775,0.85751528
10.54874990,0.06502645,1.81545361,0.88664147
10.55124990,0.06704940,1.76067942,0.94229602
10.55374990,0.06796466,1.73696910,0.93283692
10.55624990,0.06804685,1.73487091,0.93072114
10.55874990,0.06901996,1.71041123,0.95762913
10.56124990,0.07163910,1.64787821,1.04161977
10.56374990,0.07031891,1.67881589,1.02167699
10.56624990,0.07053043,1.67378120,1.01883999
10.56874990,0.07040217,1.67683049,1.02246100
10.57124990,0.07434182,1.72266522,1.14666873
10.57374990,0.07098237,1.80419537,1.02352959
10.57624990,0.07126074,1.79714757,1.02206960
10.57874990,0.07059285,1.81415051,1.00539406
10.58124990,0.07276306,1.76004225,1.07294657
10.58374990,0.07020441,1.82418824,0.99792062
10.58624990,0.07010397,1.82680185,0.99168296
10.58874990,0.07183458,1.78279124,1.04162274
10.59124990,0.07162694,1.78795939,1.03851996
10.59374990,0.06662429,1.92221287,0.92637956
10.59624990,0.06692954,1.91344617,0.93771511
10.59874990,0.06953436,1.84176671,0.99376838
10.60124990,0.06740961,1.89981917,0.92354092
10.60374990,0.06452959,1.98460981,0.83615452
10.60624990,0.06448061,1.98611730,0.83294306
10.60874990,0.06659822,1.92296513,0.89266046
10.61124990,0.06193624,2.06770802,0.78634943
10.61374990,0.06053721,2.11549330,0.75739297
10.61624990,0.06529287,1.96140976,0.86398795
10.61874990,0.07132720,1.80150682,1.01856616
10.62124990,0.06533794,1.96664336,0.87610192
10.62374990,0.06401824,2.00718485,0.84608892
10.62624990,0.06862005,1.87257864,0.94628131
10.62874990,0.06961327,1.84586112,0.96922470
10.63124990,0.06637486,1.93592013,0.88377765
10.63374990,0.06831733,1.88087602,0.94401201
10.63624990,0.07349702,1.74832160,1.09324710
10.63874990,0.07233499,1.77640769,1.06577635
10.64124990,0.06985994,1.83934351,1.00476646
10.64374990,0.07788599,1.98159016,1.22817273
10.64624990,0.07897917,1.95416226,1.25568362
10.64874990,0.07625911,2.02386459,1.18149166
10.65124990,0.07596125,2.03180074,1.17119476
10.65374990,0.07882721,1.95792941,1.24906643
10.65624990,0.07878085,1.95908155,1.25150894
10.65874990,0.07644327,2.01898892,1.18254695
10.66124990,0.08079196,1.91031528,1.30908239
10.66374990,0.08076031,1.91106395,1.30497314
10.66624990,0.07679369,2.00977603,1.19660656
10.66874990,0.07346769,2.10076185,1.10111777
10.67124990,0.07795985,1.97971287,1.22057904
10.67374990,0.07791063,1.98096354,1.21770197
10.67624990,0.07358512,2.09740920,1.09624347
10.67874990,0.07857293,1.96426574,1.26436072
10.68124990,0.07857327,1.96425722,1.25498872
10.68374990,0.07686458,2.00792240,1.22502480
10.68624990,0.07344024,2.10154709,1.12687765
10.68874990,0.07671209,2.01191392,1.18574261
10.69124990,0.07601422,2.03038484,1.15967671
10.69374990,0.06797682,1.97449128,0.92899419
10.69624990,0.06667469,2.01305251,0.89389338
10.69874990,0.06664718,2.01388326,0.89061870
10.70124990,0.06673527,2.01122494,0.89303856
10.70374990,0.06616011,2.02870938,0.87707158
10.70624990,0.06624187,2.02620568,0.87892482
10.70874990,0.06607968,2.03117878,0.87525331
10.71124990,0.06905234,2.15317428,0.95682395
10.71374990,0.06916295,2.14973083,0.95958021
10.71624990,0.06920298,2.14848743,0.96089724
10.71874990,0.07230306,2.05636833,1.05392952
10.72124990,0.07372788,2.01662847,1.09454436
10.72374990,0.07444534,1.99719339,1.12623153
10.72624990,0.07448208,1.99620822,1.12753922
10.72874990,0.07388653,2.01229813,1.11169133
10.73124990,0.07444720,1.99714346,1.12917726
10.73374990,0.07475886,1.98881751,1.12937724
10.73624990,0.07489506,1.98520084,1.13322709
10.73874990,0.07109851,2.09120738,1.01243953
10.74124990,0.07118667,2.08861772,1.01430582
10.74374990,0.07497965,1.98296107,1.13011429
10.74624990,0.07473214,1.98952857,1.12219560
10.74874990,0.07498003,1.98295120,1.13271292
10.75124990,0.07864893,1.89044815,1.24772712
10.75374990,0.07923793,1.87639594,1.26459209
10.75624990,0.07948742,1.87050652,1.27977695
10.75874990,0.08033575,1.85075423,1.31338361
10.76124990,0.07775798,1.71562671,1.23883090
10.76374990,0.07891864,1.69039487,1.28305495
10.76624990,0.07982487,1.67120438,1.33826756
10.76874990,0.07816280,1.70674124,1.29306198
10.77124990,0.07328129,1.73941431,1.11876587
10.77374990,0.07256555,1.75657082,1.11270180
10.77624990,0.07651496,1.66590330,1.21495840
10.77874990,0.07141509,1.70568808,1.03410766
10.78124990,0.06975576,1.74626249,1.00054570
10.78374990,0.07624405,1.85127244,1.18053169
10.78624990,0.07499739,1.88204573,1.13526879
10.78874990,0.07509503,1.87959856,1.13501059
10.79124990,0.08422791,2.03573673,1.43030223
10.79374990,0.08599706,1.99385712,1.49034962
10.79624990,0.08677230,1.97604359,1.52563087
10.79874990,0.09025462,1.89980131,1.66704833
10.80124990,0.08937373,1.91852609,1.63945321
10.80374990,0.08892914,1.92811755,1.62135220
10.80624990,0.09015086,1.90198788,1.70918514
10.80874990,0.08972316,1.91105450,1.69797167
10.81124990,0.08583644,1.99758789,1.51924597
10.81374990,0.09001408,1.90487808,1.77511867
10.81624990,0.09790091,1.85433028,2.04727590
10.81874990,0.09591848,1.89265528,1.93596659
10.82124990,0.09852396,1.84260385,2.07818093
10.82374990,0.10476256,1.73287692,2.25725400
10.82624990,0.10780740,1.68393464,2.40893227
10.82874990,0.10805086,1.68014037,2.44896333
10.83124990,0.11196634,1.62138563,2.57573554
10.83374990,0.10791817,1.68220629,2.36441082
10.83624990,0.10914668,1.66327207,2.46104724
10.83874990,0.11072819,1.63951590,2.51859370
10.84124990,0.10700906,1.69649759,2.33162759
10.84374990,0.10580315,1.71583375,2.37283289
10.84624990,0.11070178,1.63990691,2.54814089
10.84874990,0.10779045,1.68419947,2.37141567
10.85124990,0.10780619,1.68395353,2.41057684
10.85374990,0.11035208,1.64510380,2.47442881
10.85624990,0.11313305,1.60466482,2.62594507
10.85874990,0.11648322,1.55851305,2.80691983
10.86124990,0.12271693,1.47934449,3.04341268
10.86374990,0.11982740,1.51501761,2.88639886
10.86624990,0.11373172,1.52624237,2.69615502
10.86874990,0.11609519,1.49517110,2.79827630
10.87124990,0.11383123,1.52490820,2.65884023
10.87374990,0.10860585,1.59827649,2.44331912
10.87624990,0.11106309,1.70186193,2.49676990
10.87874990,0.11060832,1.70885917,2.46816885
10.88124990,0.10742974,1.75942019,2.33005572
10.88374990,0.10936312,1.72831614,2.40296899
10.88624990,0.10848799,1.74225782,2.35999158
10.88874990,0.10720140,1.76316767,2.31198956
10.89124990,0.10804024,1.74947823,2.37454796
10.89374990,0.10510320,1.79836622,2.24131643
10.89624990,0.09930612,1.90334752,1.97324559
10.89874990,0.10066079,1.87773253,2.04274467
10.90124990,0.09794344,1.92982860,1.95270534
10.90374990,0.09528267,1.98371910,1.84416750
10.90624990,0.09278099,2.03720658,1.86141435
10.90874990,0.08976314,2.10569782,1.74321777
10.91124990,0.08207838,2.30284824,1.36545609
10.91374990,0.08272017,2.28498125,1.39884905
10.91624990,0.08943607,2.11339853,1.61513323
10.91874990,0.08567914,2.20606835,1.46884904
10.92124990,0.08981500,2.10448208,1.65718658
10.92374990,0.08922040,2.11850707,1.63848134
10.92624990,0.07863219,2.11303359,1.23923925
10.92874990,0.08124320,2.04512448,1.34485905
10.93124990,0.08259271,2.01170859,1.38954210
10.93374990,0.08121920,2.04572878,1.32033999
10.93624990,0.09027679,2.03109848,1.67514185
10.93874990,0.08974794,2.04306684,1.65571729
10.94124990,0.08536985,2.14784321,1.45959503
10.94374990,0.09052598,2.02550752,1.65913533
10.94624990,0.09431231,1.94419005,1.79998853
10.94874990,0.09275351,1.97686371,1.72750406
10.95124990,0.09251668,1.98192415,1.72157643
10.95374990,0.09111670,2.01237584,1.71226371
10.95624990,0.08905759,2.05890414,1.67207004
10.95874990,0.09079521,2.01950123,1.85177933
10.96124990,0.09082614,2.01881358,1.81909837
10.96374990,0.09064637,2.02281736,1.69957575
10.96624990,0.08301728,2.20870926,1.43202849
10.96874990,0.08397715,2.18346348,1.49740458
10.97124990,0.08191636,2.23839340,1.45699942
10.97374990,0.08236874,2.22609985,1.49220402
10.97624990,0.08688155,2.11047150,1.61527936
10.97874990,0.09281024,1.97565542,1.72755398
10.98124990,0.09119628,2.01061985,1.67600127
10.98374990,0.08955396,2.04749229,1.63379721
10.98624990,0.08497392,2.03321417,1.51273950
10.98874990,0.08530766,2.02525971,1.51764101
10.99124990,0.08785316,1.96657886,1.56395279
10.99374990,0.08376960,2.06244474,1.41652325
10.99624990,0.08104613,2.13175111,1.33409288
10.99874990,0.08182357,2.11149643,1.37179059
11.00124990,0.08496883,2.03333581,1.50768660
11.00374990,0.10113770,2.49330187,2.29179048
11.00624990,0.11399248,2.21213545,3.03151045
11.00874990,0.11523787,2.18822876,3.36927918
11.01124990,0.11496288,2.19346283,3.34592727
11.01374990,0.11363969,2.21900308,3.12264754
11.01624990,0.11529898,2.18706893,3.33357288
11.01874990,0.11746195,2.14679575,3.65912704
11.02124990,0.11522498,2.18847346,3.68565387
11.02374990,0.11581193,2.17738209,3.67499211
11.02624990,0.11704626,2.15442014,3.42890843
11.02874990,0.11383937,2.21511068,2.94766827
11.03124990,0.11405349,2.21095222,2.88110098
11.03374990,0.11596036,2.17459487,2.90471982
11.03624990,0.12844644,2.18361944,3.44058457
11.03874990,0.13892197,2.01896168,3.89474752
11.04124990,0.17910467,2.87896791,6.61136105
11.04374990,0.19274795,2.67518590,7.73495683
11.04624990,0.25662637,2.96708721,14.91055872
11.04874990,0.27919782,2.72721619,17.99137115
11.05124990,0.28243618,2.69594651,19.27206090
11.05374990,0.27857028,2.73335992,19.04394399
11.05624990,0.28859854,2.63838077,22.67666465
11.05874990,0.30041855,2.53457325,23.61879137
11.06124990,0.43013555,3.20278714,38.37506547
11.06374990,0.47835738,2.87992345,46.67041165
11.06624990,0.66499822,3.10978981,89.62429253
11.06874990,0.80018398,2.58441151,132.62989171
11.07124990,0.82430734,2.50877871,143.12663949
11.07374990,0.89553330,2.30924377,175.46192667
11.07624990,0.90437618,2.28666426,177.13758783
11.07874990,0.91361212,2.26354779,176.20225141
11.08124990,0.96472829,2.14361361,193.16706822
11.08374990,0.96696901,2.13864631,192.06371448
11.08624990,1.10023884,2.14864378,255.08070689
11.08874990,1.11074824,2.12831428,256.33996659
11.09124990,1.51626966,3.06316214,525.12622390
11.09374990,1.71799791,2.70348397,674.97170098
11.09624990,1.70984023,2.71638235,679.62705398
11.09874990,2.06729964,2.52501148,1015.29897528
11.10124990,2.15033412,2.42750896,1049.35318460
11.10374990,2.20021185,2.37247851,1139.24350442
11.10624990,2.33594439,2.23462312,1326.55613186
11.10874990,2.36969595,2.20279540,1327.38237195
11.11124990,2.72927030,2.27541961,1815.09160686
11.11374990,2.72355135,2.28019757,1817.79165762
11.11624990,2.76485033,2.24613792,1890.82661944
11.11874990,2.72949059,2.27523596,1819.10797797
11.12124990,2.87165363,2.16259896,1845.57476624
11.12374990,2.85063454,2.17854484,1793.09384930
11.12624990,3.32444598,2.30768287,2274.47624482
11.12874990,3.32211579,2.30930151,2283.23626533
11.13124990,3.31208366,2.31629627,2274.96710375
11.13374990,3.43674276,2.23227852,2397.93580381
11.13624990,3.42820120,2.23784037,2383.97005672
11.13874990,3.50711532,2.18748639,2478.94890513
11.14124990,3.37457691,2.27340115,2284.94767120
11.14374990,3.27567410,2.34204221,2156.48730769
11.14624990,3.30487561,2.32134819,2206.76799278
11.14874990,3.09748581,2.47677229,1980.10004357
11.15124990,3.04220276,2.52178031,1898.97096406
11.15374990,3.01206749,2.54701033,1880.52507784
11.15624990,2.90726372,2.63882735,1786.35822419
11.15874990,2.87849113,2.66520433,1726.86659329
11.16124990,2.52138098,3.04268458,1452.31844713
11.16374990,2.51912517,3.04540922,1446.08889909
11.16624990,2.43160778,3.15501829,1428.48426156
11.16874990,2.43318324,3.15297546,1439.56309632
11.17124990,2.25570778,3.40104649,1164.84706637
11.17374990,2.25590653,3.40074685,1165.50969185
11.17624990,1.46541521,2.80710201,477.39139666
11.17874990,1.46480665,2.80826824,480.68699742
11.18124990,1.45508067,2.82703914,471.29694494
11.18374990,1.12775140,3.00281193,264.26215417
11.18624990,1.02567528,3.30165444,230.19627242
11.18874990,0.69211448,2.84005592,108.38635932
11.19124990,0.55967405,3.51212250,65.38072734
11.19374990,0.55991851,3.51058913,65.35528613
11.19624990,0.34714226,2.42930441,24.54833112
11.19874990,0.29341188,2.87416518,17.61292492
11.20124990,0.27019082,3.12118013,15.67918353
11.20374990,0.19350580,2.54477569,9.99074799
11.20624990,0.18379495,2.67922963,9.71917315
11.20874990,0.18330512,2.68638909,9.78238467
11.21124990,0.18396124,2.67680776,9.68622392
11.21374990,0.18060198,2.72659719,8.93481364
11.21624990,0.16062651,3.06567624,6.75374146
11.21874990,0.11808881,2.18481153,3.46792625
11.22124990,0.10410462,2.47829336,2.54326821
11.22374990,0.08720584,1.78646486,1.67059605
11.22624990,0.08108406,1.92134166,1.37970390
11.22874990,0.07941862,1.96163295,1.29585520
11.23124990,0.07149520,1.95726886,1.04230980
11.23374990,0.06692910,2.09079968,0.89649277
11.23624990,0.05948869,2.03125877,0.72452801
11.23874990,0.05790502,2.08681281,0.70609945
11.24124990,0.05137956,1.75410166,0.61853636
11.24374990,0.05037468,1.78909270,0.65239775
11.24624990,0.04873670,1.84922197,0.67136188
11.24874990,0.04793834,1.88001861,0.72838605
11.25124990,0.04749886,1.89741321,0.70628637
11.25374990,0.04815173,1.87168717,0.74935310
11.25624990,0.04628234,1.94728621,0.67660622
11.25874990,0.04588361,1.96420847,0.64516886
11.26124990,0.04366127,2.06418580,0.56202290
11.26374990,0.04253209,2.11898748,0.49505940
11.26624990,0.03806485,1.92479300,0.39695339
11.26874990,0.03437551,1.93221723,0.29904483
11.27124990,0.03191045,2.08147918,0.26555860
11.27374990,0.03041278,2.18398178,0.22992613
11.27624990,0.02897201,2.29259033,0.22102283
11.27874990,0.02967726,2.23810887,0.23835055
11.28124990,0.02938273,2.26054391,0.23107824
11.28374990,0.02931922,2.26544037,0.22767846
11.28624990,0.02903258,2.28780690,0.22332190
11.28874990,0.03013271,2.50849891,0.19310184
11.29124990,0.03045569,2.48189605,0.20544539
11.29374990,0.02968031,2.54673411,0.19027980
11.29624990,0.02931555,2.57842222,0.19373822
11.29874990,0.02736640,2.76206846,0.17866136
11.30124990,0.02727466,2.77135892,0.17968371
11.30374990,0.02614433,2.89117612,0.17344121
11.30624990,0.02708185,2.79108983,0.17404425
11.30874990,0.02716225,2.78282761,0.17222575
11.31124990,0.02657217,2.84462513,0.15732302
11.31374990,0.02624396,2.88020106,0.15035594
11.31624990,0.02792421,2.70689397,0.17221279
11.31874990,0.02802666,2.69699916,0.17460353
11.32124990,0.02798927,2.70060158,0.17402248
11.32374990,0.02870082,2.63364828,0.17836742
11.32624990,0.02985580,2.53176531,0.18463288
11.32874990,0.03122059,2.42109038,0.19883883
11.33124990,0.03428163,2.20490879,0.23805188
11.33374990,0.03449750,2.19111138,0.23981312
11.33624990,0.03418824,2.21093200,0.23725493
11.33874990,0.02985409,2.12317666,0.18121348
11.34124990,0.03205920,1.97713929,0.20653397
11.34374990,0.03047888,2.07965351,0.18896750
11.34624990,0.03094128,2.04857434,0.19441789
11.34874990,0.03082304,2.05643273,0.19431999
11.35124990,0.03166243,2.00191548,0.20551296
11.35374990,0.03195887,1.98334613,0.21126495
11.35624990,0.03472017,1.97242140,0.25139349
11.35874990,0.03526582,1.94190328,0.26252461
11.36124990,0.03509711,1.95123808,0.25866040
11.36374990,0.03591239,1.90694120,0.26470164
11.36624990,0.03773795,1.95281221,0.28990482
11.36874990,0.04215755,2.01270831,0.35635023
11.37124990,0.04275782,1.98445206,0.36587507
11.37374990,0.04311024,1.96822954,0.37751944
11.37624990,0.04278289,1.98328933,0.37175661
11.37874990,0.04207970,2.01643163,0.36204030
11.38124990,0.04233523,2.00426107,0.36639866
11.38374990,0.04316011,1.96595516,0.37683368
11.38624990,0.04410696,1.92375200,0.39539476
11.38874990,0.04408806,1.92457648,0.39251807
11.39124990,0.04209476,2.01571017,0.36809328
11.39374990,0.04353461,1.94904359,0.39633626
11.39624990,0.04501695,1.88486422,0.41659228
11.39874990,0.04697000,1.80649023,0.46460621
11.40124990,0.04666690,1.81822339,0.45340874
11.40374990,0.04644039,1.82709141,0.45444761
11.40624990,0.04877388,1.95943886,0.50085277
11.40874990,0.05021027,1.90338409,0.52079978
11.41124990,0.05085132,1.87938952,0.53823743
11.41374990,0.05030216,1.89990714,0.51909155
11.41624990,0.05047728,1.89331581,0.52223325
11.41874990,0.04922667,1.94141565,0.49502890
11.42124990,0.04933901,1.93699535,0.49681384
11.42374990,0.04873069,1.96117524,0.48265458
11.42624990,0.04883231,1.95709430,0.48510868
11.42874990,0.05184078,1.84351831,0.54420516
11.43124990,0.05113192,1.86907565,0.52779348
11.43374990,0.05108225,1.87089325,0.52675613
11.43624990,0.05047826,1.89327892,0.51212421
11.43874990,0.05148918,1.85610715,0.53517234
11.44124990,0.05300237,1.80311617,0.56449302
11.44374990,0.05319846,1.79646987,0.56903933
11.44624990,0.05236385,1.82510310,0.55131597
11.44874990,0.05064109,1.88719156,0.51311310
11.45124990,0.05240249,1.82375758,0.55801374
11.45374990,0.05306817,1.80088038,0.57423969
11.45624990,0.05070690,1.70234198,0.52048974
11.45874990,0.04894428,1.76364791,0.48368710
11.46124990,0.05108954,1.68959200,0.52505152
11.46374990,0.05191216,1.66281812,0.54688898
11.46624990,0.05167557,1.67043114,0.54167925
11.46874990,0.04950028,1.74383841,0.49264294
11.47124990,0.05053139,1.70825475,0.51477878
11.47374990,0.05229739,1.65056961,0.55357092
11.47624990,0.05332064,1.61889428,0.57847923
11.47874990,0.05078158,1.47281922,0.52282191
11.48124990,0.05143871,1.45400399,0.53084858
11.48374990,0.05206080,1.43662968,0.54972385
11.48624990,0.05300660,1.41099566,0.57981764
11.48874990,0.05299948,1.41118517,0.57964125
11.49124990,0.05276956,1.41733385,0.56312908
11.49374990,0.05369743,1.39284296,0.57950392
11.49624990,0.05310301,1.40843410,0.56971584
11.49874990,0.05539006,1.35027979,0.63025623
11.50124990,0.05590866,1.33775484,0.64577661
11.50374990,0.05669558,1.31918722,0.65030518
11.50624990,0.05505515,1.35849400,0.63628305
11.50874990,0.05584958,1.33917005,0.65341398
11.51124990,0.05469215,1.34257566,0.60005782
11.51374990,0.05729051,1.51777153,0.67296569
11.51624990,0.05494988,1.58242216,0.62003878
11.51874990,0.05548347,1.56720387,0.64854933
11.52124990,0.05691577,1.52776475,0.69131253
11.52374990,0.06012748,1.77642445,0.73507212
11.52624990,0.05876806,1.81751635,0.72326818
11.52874990,0.05860488,1.82257709,0.72584443
11.53124990,0.05981178,1.78580056,0.72283840
11.53374990,0.06199283,1.72297212,0.77360272
11.53624990,0.06132050,1.74186305,0.75839016
11.53874990,0.06189610,1.72566467,0.79759817
11.54124990,0.06307394,1.69343979,0.83115548
11.54374990,0.06175978,1.72947386,0.77184687
11.54624990,0.06187874,1.72614877,0.78218047
11.54874990,0.05982531,1.78539681,0.72983698
11.55124990,0.06071341,1.75928044,0.73922170
11.55374990,0.06036065,1.76956197,0.73818086
11.55624990,0.06034172,1.77011711,0.74377087
11.55874990,0.05953727,1.79403465,0.73546133
11.56124990,0.06236053,1.71281279,0.80094097
11.56374990,0.05952647,1.79436007,0.71370085
11.56624990,0.06294453,1.69692130,0.82006415
11.56874990,0.06235926,1.71284772,0.80512554
11.57124990,0.06099905,1.75104232,0.74487327
11.57374990,0.05613375,1.77413840,0.63904963
11.57624990,0.05693435,1.74919089,0.65821194
11.57874990,0.05868829,1.69691500,0.69364284
11.58124990,0.05738936,1.73532235,0.67451891
11.58374990,0.05371465,1.85403879,0.59111628
11.58624990,0.05352449,1.86062579,0.58906894
11.58874990,0.05897095,2.13475050,0.71067618
11.59124990,0.05933904,2.12150832,0.70615333
11.59374990,0.05969622,2.10881473,0.72992552
11.59624990,0.05957549,2.11308821,0.72764552
11.59874990,0.06336249,1.98679500,0.80553325
11.60124990,0.06095593,2.06523437,0.75039610
11.60374990,0.06143419,2.04915662,0.76789280
11.60624990,0.06136669,2.05141054,0.76689543
11.60874990,0.06163005,2.04264430,0.77039745
11.61124990,0.05758348,2.18618744,0.66766325
11.61374990,0.05758292,2.18620843,0.66764755
11.61624990,0.05456044,2.30731766,0.60567709
11.61874990,0.05552530,2.26722380,0.63372703
11.62124990,0.05431468,2.31775769,0.60326586
11.62374990,0.05493169,2.29172386,0.61105387
11.62624990,0.05786205,2.17566210,0.68469862
11.62874990,0.05641966,2.23128387,0.65054016
11.63124990,0.05453901,2.30822422,0.62667413
11.63374990,0.05674734,2.21839962,0.67239858
11.63624990,0.05747345,2.19037262,0.67157656
11.63874990,0.05140306,1.87812609,0.57237180
11.64124990,0.04815293,2.00489226,0.49703311
11.64374990,0.04717556,2.04642908,0.48658523
11.64624990,0.04773313,2.02252478,0.50149834
11.64874990,0.04272355,2.16821740,0.38467394
11.65124990,0.04214490,2.19798700,0.37737840
11.65374990,0.04002911,2.31416407,0.33220208
11.65624990,0.04020331,2.30413709,0.33611128
11.65874990,0.04334631,2.13706614,0.38431989
11.66124990,0.04516167,2.05116276,0.42601169
11.66374990,0.04547077,2.03721968,0.43324360
11.66624990,0.05204028,2.30948742,0.54642920
11.66874990,0.05273660,2.27899333,0.56001033
11.67124990,0.05606082,2.14385652,0.63438046
11.67374990,0.05596337,2.14758970,0.63202162
11.67624990,0.05739009,2.09420073,0.66237028
11.67874990,0.05754642,2.08851159,0.66616083
11.68124990,0.05847414,2.05537641,0.68484491
11.68374990,0.06416310,2.14385266,0.82481647
11.68624990,0.06514807,2.11144006,0.85121480
11.68874990,0.06848746,2.00848801,0.94776276
11.69124990,0.06922494,1.98709072,0.96748687
11.69374990,0.07221130,1.90491293,1.04412218
11.69624990,0.07439167,1.84908123,1.11285433
11.69874990,0.07617000,1.80591098,1.16950506
11.70124990,0.07816191,1.75988832,1.22591900
11.70374990,0.07827503,1.75734503,1.22781710
11.70624990,0.07884284,1.74468905,1.24935120
11.70874990,0.07794803,1.76471720,1.21972533
11.71124990,0.07758762,1.77291476,1.20991423
11.71374990,0.07761353,1.77232300,1.21077986
11.71624990,0.07556033,1.82048223,1.14444543
11.71874990,0.07717066,1.78249406,1.19289339
11.72124990,0.07654619,1.79703575,1.17286617
11.72374990,0.07627957,1.80331694,1.16511103
11.72624990,0.07603122,1.80920732,1.15777982
11.72874990,0.07682387,1.79054029,1.18159769
11.73124990,0.07820136,1.75900052,1.22309349
11.73374990,0.07536941,1.42620815,1.13734689
11.73624990,0.07384014,1.45574583,1.09618364
11.73874990,0.07020635,1.49789431,1.00229384
11.74124990,0.07068796,1.48768875,1.01777833
11.74374990,0.06770680,1.55319233,0.92553033
11.74624990,0.06489863,1.62039908,0.84472283
11.74874990,0.07058477,2.05401138,1.02605889
11.75124990,0.07102725,2.04121544,1.03853522
11.75374990,0.07678670,1.88811242,1.26018878
11.75624990,0.07639025,1.89791125,1.25509499
11.75874990,0.07909435,1.83302510,1.31251395
11.76124990,0.08371856,1.73177748,1.48404666
11.76374990,0.08349482,1.73641816,1.48260790
11.76624990,0.08147485,1.77946854,1.43593913
11.76874990,0.08031281,1.80521539,1.38742972
11.77124990,0.07857144,1.84522416,1.39178461
11.77374990,0.08337733,1.73886506,1.51109239
11.77624990,0.08097824,1.79038117,1.40256833
11.77874990,0.08109179,1.78787427,1.40568808
11.78124990,0.08677055,1.84000028,1.51988481
11.78374990,0.08386898,1.90365767,1.40917933
11.78624990,0.08433394,1.89316217,1.42326172
11.78874990,0.08680937,1.83917733,1.51760041
11.79124990,0.08701252,1.83488343,1.52468986
11.79374990,0.08688375,1.83760281,1.51885291
11.79624990,0.09241866,1.72754964,1.74030219
11.79874990,0.08904380,1.79302588,1.63022924
11.80124990,0.08801227,1.81404051,1.58705133
11.80374990,0.08521331,1.87362555,1.60272648
11.80624990,0.08851322,1.80377392,1.70353857
11.80874990,0.08861245,1.80175392,1.70824691
11.81124990,0.08573043,1.86232386,1.67698033
11.81374990,0.08617916,1.85262691,1.64641342
11.81624990,0.08864168,1.80115977,1.76949814
11.81874990,0.08931117,1.78765802,1.90862634
11.82124990,0.09170820,1.74093307,1.95496086
11.82374990,0.08816098,1.81098066,1.76884437
11.82624990,0.09002075,1.77356698,1.94040902
11.82874990,0.09485929,1.68310174,1.99668854
11.83124990,0.09433898,1.62780852,1.97179944
11.83374990,0.09425888,1.62919186,1.97311686
11.83624990,0.09452832,1.62454804,1.91730375
11.83874990,0.09283568,1.65416785,1.84186476
11.84124990,0.09674262,1.58736441,2.16006272
11.84374990,0.10155208,1.51218761,2.33696936
11.84624990,0.10765314,1.98373935,2.67241822
11.84874990,0.10568333,2.02071394,2.58729418
11.85124990,0.10477017,2.03832608,2.49653607
11.85374990,0.10367642,2.05982974,2.45003987
11.85624990,0.10294859,2.07439241,2.43579905
11.85874990,0.10670214,2.00141975,2.66981897
11.86124990,0.11256845,1.89711928,2.69767496
11.86374990,0.11561162,1.84718264,2.77089363
11.86624990,0.11354757,1.88076039,2.61803266
11.86874990,0.11213271,1.90449144,2.56937319
11.87124990,0.19857895,3.72350463,8.13675045
11.87374990,0.29088597,3.27356955,17.68624195
11.87624990,0.32232240,2.95429497,22.75994368
11.87874990,0.35166298,2.70780688,28.53300141
11.88124990,0.36399800,2.61604583,32.10200771
11.88374990,0.36560762,2.60452843,31.90165830
11.88624990,0.43267757,2.39450934,39.87503114
11.88874990,0.55025982,2.76492232,61.10470521
11.89124990,0.72839440,2.93630128,107.80330152
11.89374990,0.83770202,2.55315776,145.63759893
11.89624990,0.85356677,2.50570370,149.44501787
11.89874990,0.86294586,2.47846997,150.77174127
11.90124990,0.99383583,2.21845242,202.94588983
11.90374990,1.01639187,2.16921993,210.45143409
11.90624990,1.01662613,2.16872009,210.70226448
11.90874990,1.02153728,2.15829374,213.06325085
11.91124990,1.04088619,2.11817346,217.96605942
11.91374990,1.04508530,2.10966273,220.86132208
11.91624990,1.05002444,2.09973923,222.33447315
11.91874990,1.05010506,2.09957801,222.61482430
11.92124990,1.04640336,2.10700537,221.88975902
11.92374990,1.03785579,2.12435824,218.95476090
11.92624990,1.03087611,2.13874148,218.86202113
11.92874990,1.03086042,2.13877403,218.85714932
11.93124990,1.05940712,2.08114280,228.48305592
11.93374990,1.06077449,2.07846015,229.50287363
11.93624990,1.11792104,1.97221218,255.89124897
11.93874990,1.08974075,2.02321287,242.00048165
11.94124990,1.07953487,2.04234023,269.29177053
11.94374990,1.15361289,2.25248635,304.77727884
11.94624990,1.17662524,2.20843238,321.93820930
11.94874990,1.26574295,2.05294232,383.77218744
11.95124990,1.16862038,2.22355978,310.14857993
11.95374990,1.17234468,2.21649598,311.07545374
11.95624990,1.17218758,2.21679305,309.16298590
11.95874990,1.29802845,2.00188007,352.50416047
11.96124990,1.28920959,2.01557395,350.18349703
11.96374990,1.28760398,2.01808732,349.01926253
11.96624990,1.34216242,1.93605278,369.28627612
11.96874990,1.38631419,1.87439275,400.08193232
11.97124990,1.38104117,1.88154947,398.86913062
11.97374990,1.37377137,1.89150636,397.11441877
11.97624990,1.38007408,1.88286796,407.39777617
11.97874990,1.37671854,1.88745717,406.67131183
11.98124990,1.35415051,1.91891318,388.86425851
11.98374990,1.35362843,1.91965330,385.22112515
11.98624990,1.28614226,2.02038092,341.40868752
11.98874990,1.26528953,2.05367800,325.32862889
11.99124990,1.18088258,2.20047049,283.10792694
11.99374990,1.02809741,2.46929818,212.51147925
11.99624990,0.98749277,2.57083305,200.47923263
11.99874990,0.86153984,2.94667632,160.73409022
12.00124990,0.85793834,2.95904604,158.35515572
12.00374990,0.82583903,3.07406039,142.82033319
12.00624990,0.82548713,3.07537086,142.23652007
12.00874990,0.59932949,2.92689104,76.09008347
12.01124990,0.58388241,3.00432429,70.32469914
12.01374990,0.57971688,3.02591174,68.73843786
12.01624990,0.42726807,3.63598173,37.24484849
12.01874990,0.24928028,2.70205267,14.21438831
12.02124990,0.23909137,2.81720099,13.78774348
12.02374990,0.22306016,3.01967160,11.51517226
12.02624990,0.16488420,2.93019548,6.03404283
12.02874990,0.12514804,3.20493521,3.25718509
12.03124990,0.08780224,2.62728770,1.58897544
12.03374990,0.07105338,1.88172077,1.03127010
12.03624990,0.07101657,1.88269622,1.03086748
12.03874990,0.06968654,1.91862911,0.99761564
12.04124990,0.06948627,1.92415878,0.97591976
12.04374990,0.06871059,1.94588096,0.94790726
12.04624990,0.06191609,2.14857560,0.77668411
12.04874990,0.05533709,1.93545759,0.62402726
12.05124990,0.05183402,2.06626062,0.56387680
12.05374990,0.05160586,2.07539569,0.55961237
12.05624990,0.05194119,2.06199721,0.55493010
12.05874990,0.05183605,2.06617967,0.55154206
12.06124990,0.04724161,2.26712414,0.44916841
12.06374990,0.04342574,1.90543623,0.37802088
12.06624990,0.04128944,1.73572472,0.34099590
12.06874990,0.03822881,1.76475966,0.29484412
12.07124990,0.03827415,1.76266930,0.29556006
12.07374990,0.04033347,1.74739816,0.33168603
12.07624990,0.04325252,1.96091594,0.38142070
12.07874990,0.04546086,1.86566090,0.42596363
12.08124990,0.04805367,1.76499648,0.47840600
12.08374990,0.04805772,1.76484756,0.47936404
12.08624990,0.04938931,1.71726533,0.50168970
12.08874990,0.05312953,1.91249874,0.56967147
12.09124990,0.05564717,1.82597158,0.62322221
12.09374990,0.05821645,1.74538564,0.67795589
12.09624990,0.05867423,1.73176811,0.68999123
12.09874990,0.05799992,1.75190176,0.67502513
12.10124990,0.05944950,1.70918435,0.71282929
12.10374990,0.05950304,1.70764651,0.71403755
12.10624990,0.05925513,1.71479070,0.70651652
12.10874990,0.05988555,1.69673911,0.72478418
12.11124990,0.06157738,1.65012154,0.76243569
12.11374990,0.06158195,1.64999890,0.76255900
12.11624990,0.06228122,1.63147335,0.77982956
12.11874990,0.06223098,1.63279053,0.77803895
12.12124990,0.06503795,1.56232089,0.85860853
12.12374990,0.06413066,1.58442395,0.83781176
12.12624990,0.06386604,1.59098873,0.83027179
12.12874990,0.06285658,1.61653976,0.80768436
12.13124990,0.06243220,1.62752793,0.79289315
12.13374990,0.06295965,1.61389316,0.81521416
12.13624990,0.06385811,1.59118624,0.84063505
12.13874990,0.06032857,1.42220581,0.74006217
12.14124990,0.05944495,1.44334602,0.71715296
12.14374990,0.05781430,1.48405552,0.67608102
12.14624990,0.05974596,1.43607423,0.72907981
12.14874990,0.06013079,1.42688349,0.73987510
12.15124990,0.05853740,1.46572352,0.68976462
12.15374990,0.05958693,1.43990692,0.71490604
12.15624990,0.05954709,1.44087039,0.71369675
12.15874990,0.06176238,1.38918937,0.77522947
12.16124990,0.06024407,1.42420059,0.74432955
12.16374990,0.05941202,1.44414611,0.71230998
12.16624990,0.05730701,1.49719275,0.68136735
12.16874990,0.05967918,1.43768113,0.74590326
12.17124990,0.05651751,1.46833545,0.65242206
12.17374990,0.05626632,1.47489039,0.63766104
12.17624990,0.05329445,1.55713516,0.56819960
12.17874990,0.05407791,1.53457583,0.60575733
12.18124990,0.05147079,1.61230587,0.55339833
12.18374990,0.05181030,1.60174061,0.54357242
12.18624990,0.04919461,1.68690562,0.50254284
12.18874990,0.05064567,1.63857355,0.52954112
12.19124990,0.04820608,1.72149793,0.47046320
12.19374990,0.04883228,1.69942224,0.48420970
12.19624990,0.04580419,1.81177018,0.42325650
12.19874990,0.04827283,1.71911741,0.49810300
12.20124990,0.04802666,1.72792885,0.49322262
12.20374990,0.04576725,1.81323218,0.42356624
12.20624990,0.04565314,1.81776453,0.42169015
12.20874990,0.04196097,1.88604434,0.35360163
12.21124990,0.04170569,1.89758880,0.34913375
12.21374990,0.04386871,1.80551503,0.39385780
12.21624990,0.04461063,1.77548722,0.40812013
12.21874990,0.04221284,1.87633917,0.40128973
12.22124990,0.04556320,1.73836809,0.47204714
12.22374990,0.04848265,1.79196679,0.48912370
12.22624990,0.04866070,1.78540990,0.49667973
12.22874990,0.04611799,1.88384821,0.44373645
12.23124990,0.04816510,1.80378101,0.47126647
12.23374990,0.05305842,2.05937172,0.58356355
12.23624990,0.05344649,2.04441855,0.58863170
12.23874990,0.05268043,2.07414804,0.61555590
12.24124990,0.05652716,1.93299998,0.71501069
12.24374990,0.05762615,1.89613559,0.69381677
12.24624990,0.06000650,1.82091934,0.77467749
12.24874990,0.05779821,1.89049128,0.71136637
12.25124990,0.06029573,1.81218482,0.74783756
12.25374990,0.06067986,1.80071292,0.76318510
12.25624990,0.06313381,1.73072086,0.80760013
12.25874990,0.06325056,1.72752637,0.80961327
12.26124990,0.06412628,1.70393474,0.83773884
12.26374990,0.06207647,1.76019996,0.78250801
12.26624990,0.06159640,1.77391861,0.76640574
12.26874990,0.06204657,1.76104814,0.77668951
12.27124990,0.06260719,1.74527888,0.79199017
12.27374990,0.06060075,1.80306339,0.75374847
12.27624990,0.06129144,1.78274478,0.78552702
12.27874990,0.06226479,1.75487637,0.80461051
12.28124990,0.06132163,1.78186715,0.76118946
12.28374990,0.06140534,1.79468347,0.77459634
12.28624990,0.06152376,1.79122907,0.77572088
12.28874990,0.06058248,1.81905961,0.76182010
12.29124990,0.05725385,1.92481611,0.69326732
12.29374990,0.05533530,1.99155239,0.62519093
12.29624990,0.05425416,2.03123873,0.60544933
12.29874990,0.05439539,2.02596479,0.60898777
12.30124990,0.05368416,2.05280552,0.58017646
12.30374990,0.05351783,2.05918566,0.57706198
12.30624990,0.05465336,2.01640178,0.60106756
12.30874990,0.05773292,1.90884405,0.66976326
12.31124990,0.05926563,1.85947802,0.71866319
12.31374990,0.05986794,1.84077054,0.73142839
12.31624990,0.06113363,1.80265981,0.75391971
12.31874990,0.06473636,1.70233751,0.85811161
12.32124990,0.06186640,1.78130833,0.78077743
12.32374990,0.06150608,1.79174397,0.77432767
12.32624990,0.06284143,1.75367017,0.80723015
12.32874990,0.06281098,1.75452030,0.78928725
12.33124990,0.06380313,1.72723712,0.81457567
12.33374990,0.05940902,1.82170559,0.70983094
12.33624990,0.06301035,1.71758693,0.80439624
12.33874990,0.06280407,1.72322835,0.79720354
12.34124990,0.06296473,1.71883133,0.80017307
12.34374990,0.06282312,1.72270588,0.79622728
12.34624990,0.06253805,1.73055840,0.78458358
12.34874990,0.06201930,1.74503346,0.77705952
12.35124990,0.06083954,1.77887191,0.75053151
12.35374990,0.06006944,1.80167742,0.72641520
12.35624990,0.05654486,1.91398026,0.64326419
12.35874990,0.05677275,1.90629747,0.64864102
12.36124990,0.05581226,1.93910346,0.62882233
12.36374990,0.05547630,1.95084667,0.63694896
12.36624990,0.05579831,1.93958821,0.64494371
12.36874990,0.05540573,1.87911469,0.63730278
12.37124990,0.05649841,1.84277229,0.67018082
12.37374990,0.05631467,1.84878490,0.65117257
12.37624990,0.05705523,1.82478821,0.66558149
12.37874990,0.05675916,1.83430664,0.65819016
12.38124990,0.05498803,1.89338877,0.60814867
12.38374990,0.05919527,1.76568797,0.70189987
12.38624990,0.05770345,1.81133666,0.66630618
12.38874990,0.05891984,1.77394173,0.69984576
12.39124990,0.05981748,1.74732149,0.72131000
12.39374990,0.06229333,1.67787425,0.77683651
12.39624990,0.06555949,1.59428282,0.86489910
12.39874990,0.06554382,1.59466390,0.86462588
12.40124990,0.06697149,1.56066972,0.89899123
12.40374990,0.06699991,1.56000769,0.89925260
12.40624990,0.06709350,1.55783156,0.90136283
12.40874990,0.06899192,1.67268645,0.95303401
12.41124990,0.06810343,1.69450878,0.92780535
12.41374990,0.06763807,1.70616704,0.91505943
12.41624990,0.07198712,1.76236760,1.03988672
12.41874990,0.07140794,1.77666215,1.02323226
12.42124990,0.07242881,1.75162029,1.05595092
12.42374990,0.07252217,1.74936533,1.06461576
12.42624990,0.07180795,1.76676501,1.04637364
12.42874990,0.07358490,1.72410074,1.10496962
12.43124990,0.07579095,1.67391718,1.19838943
12.43374990,0.07259683,1.74756629,1.12311732
12.43624990,0.07454868,1.70181124,1.19297918
12.43874990,0.07455248,1.70172448,1.24298514
12.44124990,0.07727565,1.64175612,1.30585864
12.44374990,0.08048174,1.63396316,1.43604627
12.44624990,0.07703028,1.70717548,1.37339741
12.44874990,0.07955896,1.65291508,1.39822459
12.45124990,0.08467802,1.76189761,1.61345505
12.45374990,0.08521485,1.75079828,1.60913021
12.45624990,0.08687531,1.71733497,1.60481925
12.45874990,0.08497335,1.75577415,1.52827973
12.46124990,0.08759419,1.70324086,1.59103120
12.46374990,0.08931657,1.67039565,1.63106401
12.46624990,0.08511951,1.75275926,1.46014930
12.46874990,0.08246691,1.80913782,1.38505415
12.47124990,0.08268038,1.80446689,1.38672210
12.47374990,0.08334667,1.79004150,1.41488227
12.47624990,0.08378232,1.78073377,1.43066091
12.47874990,0.08825236,1.73170092,1.57098551
12.48124990,0.08711721,1.75426521,1.53603339
12.48374990,0.08821786,1.73237821,1.58233516
12.48624990,0.08623715,1.77216763,1.58251510
12.48874990,0.08829159,1.73093144,1.64445104
12.49124990,0.08767378,1.74312879,1.61682905
12.49374990,0.08725196,1.75155603,1.71013631
12.49624990,0.08915488,1.71417078,1.73943356
12.49874990,0.09429960,1.73698541,1.98430490
12.50124990,0.08886889,1.84313136,1.89853341
12.50374990,0.09014368,1.81706608,1.85692705
12.50624990,0.09156568,1.78884750,1.93074047
12.50874990,0.09025519,1.81482117,1.97282778
12.51124990,0.08945255,1.83110515,1.82348321
12.51374990,0.08856735,1.84940656,1.77375866
12.51624990,0.08938404,1.83250862,1.86017391
12.51874990,0.09378089,1.74659288,1.92806133
12.52124990,0.09779603,1.67488431,2.13139420
12.52374990,0.10116676,1.61907956,2.39849391
12.52624990,0.10296554,1.59079470,2.35457219
12.52874990,0.10160867,1.61203795,2.28231003
12.53124990,0.10110497,1.62006898,2.30015363
12.53374990,0.10471177,1.56426570,2.31345321
12.53624990,0.11442131,1.91194494,2.84157966
12.53874990,0.11287852,1.93807688,2.85978759
12.54124990,0.11231463,1.94780715,2.71461117
12.54374990,0.11183004,1.95624766,2.68647741
12.54624990,0.11033165,1.98281501,2.66200836
12.54874990,0.10604790,2.06290978,2.36144715
12.55124990,0.10895714,2.00782841,2.53888594
12.55374990,0.11116510,1.96794900,2.72019794
12.55624990,0.11317217,1.93304810,2.67599934
12.55874990,0.11601600,1.88566437,2.86005979
12.56124990,0.11519144,1.89916237,2.88664965
12.56374990,0.12111264,1.80631231,3.04083237
12.56624990,0.12495767,1.75073085,3.28811870
12.56874990,0.12219474,1.79031632,3.23741887
12.57124990,0.12353457,1.77089894,3.16404999
12.57374990,0.12312964,1.77672288,3.13898047
12.57624990,0.12076213,1.81155497,3.07176441
12.57874990,0.12206858,1.79216666,3.03356258
12.58124990,0.12506485,1.74923043,3.23570691
12.58374990,0.12104401,1.80733641,3.06067700
12.58624990,0.11497208,1.54247842,2.66855724
12.58874990,0.11432009,1.55127555,2.62578154
12.59124990,0.11307375,1.56837419,2.57525146
12.59374990,0.11257040,1.57538711,2.55559167
12.59624990,0.11269390,1.57366067,2.55854641
12.59874990,0.11294901,1.57010628,2.56085363
12.60124990,0.11131759,1.59311712,2.50327195
12.60374990,0.10761874,1.64787238,2.33962403
12.60624990,0.10442111,1.69833434,2.19101971
12.60874990,0.10295608,1.72250108,2.20199575
12.61124990,0.10515238,1.68652339,2.29456650
12.61374990,0.09980997,1.67897931,2.00066390
12.61624990,0.09418666,1.77922096,1.85359281
12.61874990,0.09503176,1.76339870,1.90195301
12.62124990,0.09305976,1.66989996,1.74928109
12.62374990,0.08974201,1.73163589,1.70564663
12.62624990,0.09190050,1.69096456,1.79707867
12.62874990,0.09206542,1.70900974,1.70913936
12.63124990,0.08823587,1.78318297,1.63806652
12.63374990,0.08887814,1.77029690,1.66147136
12.63624990,0.08836789,1.78051897,1.56266429
12.63874990,0.08841949,1.77947975,1.56408974
12.64124990,0.08966644,1.75473349,1.62308687
12.64374990,0.08797880,1.78839327,1.58937471
12.64624990,0.08783681,1.79128422,1.57702109
12.64874990,0.08929103,1.76211095,1.60503085
12.65124990,0.09276714,1.69608228,1.74461889
12.65374990,0.09276691,1.69608650,1.74465153
12.65624990,0.09422050,1.66991994,1.78118400
12.65874990,0.09186421,1.71275297,1.69103988
12.66124990,0.08828532,1.78218424,1.56403439
12.66374990,0.08995777,1.74905060,1.66195813
12.66624990,0.08963295,1.75538910,1.65356730
12.66874990,0.08962625,1.75552027,1.61628123
12.67124990,0.09719485,2.27617615,1.96770661
12.67374990,0.09688086,2.28355330,1.95666770
12.67624990,0.09427700,2.34662338,1.80810897
12.67874990,0.08747725,2.52903028,1.56967452
12.68124990,0.08704239,2.54166505,1.53883488
12.68374990,0.09409554,2.35114867,1.79484239
12.68624990,0.08941494,2.47422430,1.66231764
12.68874990,0.08965986,2.46746551,1.66282750
12.69124990,0.09865169,2.24256279,1.95263707
12.69374990,0.09771745,2.26400300,1.91459241
12.69624990,0.09771517,2.26405595,1.91297510
12.69874990,0.09466719,2.33695114,1.80816294
12.70124990,0.08917114,2.48098896,1.61946668
12.70374990,0.09454364,2.34000518,1.80210418
12.70624990,0.09340618,2.36850085,1.75204139
12.70874990,0.09356775,2.36441081,1.75880745
12.71124990,0.09762791,2.26607950,1.90955634
12.71374990,0.09413282,2.35021751,1.77655608
12.71624990,0.09443277,2.34275241,1.78568039
12.71874990,0.09777118,2.26275901,1.94007064
12.72124990,0.08506052,2.33367700,1.55282179
12.72374990,0.08551217,2.32135132,1.56335245
12.72624990,0.08548049,2.32221170,1.55729418
12.72874990,0.08636592,2.29840411,1.60521056
12.73124990,0.09526099,2.08378886,2.04459832
12.73374990,0.08768174,2.26391240,1.87952736
12.73624990,0.08770317,2.26335933,1.88236641
12.73874990,0.09536571,2.08150069,2.04504978
12.74124990,0.08472965,2.12914185,1.51317598
12.74374990,0.08422473,2.14190582,1.48187757
12.74624990,0.08430274,2.13992363,1.48091565
12.74874990,0.10125996,2.53321607,2.29605153
12.75124990,0.10127650,2.53280252,2.29436703
12.75374990,0.11148498,2.30087828,2.84185420
12.75624990,0.11154777,2.29958307,2.80848637
12.75874990,0.14507215,2.86599385,5.11720558
12.76124990,0.15118242,2.75016033,5.60990620
12.76374990,0.15967788,2.60384146,6.53273184
12.76624990,0.30182817,3.79711882,20.19878120
12.76874990,0.30332587,3.77837017,19.73742359
12.77124990,0.63734884,3.93396855,93.32200999
12.77374990,0.64946092,3.86060228,97.82972977
12.77624990,0.76281416,3.28692153,145.15665393
12.77874990,0.96741591,2.75107771,215.55900710
12.78124990,0.96718733,2.75172788,215.74477888
12.78374990,1.05436265,2.52421342,259.47636420
12.78624990,1.24879374,2.39649085,326.96533054
12.78874990,1.29026102,2.31947082,340.29466796
12.79124990,1.30111547,2.30012081,343.05342908
12.79374990,1.33242055,2.24607972,357.20425350
12.79624990,1.33876984,2.23542739,362.53327412
12.79874990,1.50611499,2.05584901,464.30038760
12.80124990,1.58505200,1.95346588,509.14775059
12.80374990,1.87840151,2.40352174,752.46823690
12.80624990,1.88458008,2.39564183,758.06417728
12.80874990,1.90846121,2.36566447,754.56169274
12.81124990,1.91869133,2.35305117,764.23066543
12.81374990,1.93037556,2.33880855,781.22077317
12.81624990,2.01683042,2.23855155,846.64064700
12.81874990,2.26231167,2.02782673,1134.58737159
12.82124990,2.25935141,2.03048363,1131.91064278
12.82374990,2.45536594,1.86838792,1237.54648245
12.82624990,2.68881267,1.94034951,1489.26968533
12.82874990,2.71327023,1.92285910,1510.74850916
12.83124990,2.75356425,1.89472112,1575.25431217
12.83374990,2.72229026,1.91648790,1559.61730846
12.83624990,2.66876511,1.95492527,1578.77671849
12.83874990,2.64869873,1.96973566,1540.17949567
12.84124990,2.64773025,1.97045614,1571.03436752
12.84374990,2.65338172,1.96625925,1579.35849431
12.84624990,2.72834259,1.91223652,1589.54160778
12.84874990,2.68215007,1.94516944,1529.92369869
12.85124990,2.67163450,1.95282564,1523.28937880
12.85374990,2.48772252,2.09719384,1314.16601959
12.85624990,2.48877085,2.09631046,1313.96762885
12.85874990,2.46925882,2.11287545,1298.97028726
12.86124990,2.46159691,2.11945194,1302.66435714
12.86374990,2.45267742,2.12715961,1289.37813986
12.86624990,2.37140716,2.20005928,1159.89882805
12.86874990,2.13828548,2.43991572,958.99313586
12.87124990,2.06671815,2.52440631,876.23160669
12.87374990,1.82522281,2.85841066,678.69580119
12.87624990,1.40373108,2.22165201,398.72971682
12.87874990,1.21826816,2.38013766,317.92527031
12.88124990,1.12374859,2.58033331,285.56771091
12.88374990,1.12174274,2.58494735,286.53253683
12.88624990,1.05034363,2.76066407,269.48515562
12.88874990,1.05121721,2.75836991,267.93314749
12.89124990,1.04209349,2.78251996,268.58194997
12.89374990,0.98818386,2.93431825,235.12165925
12.89624990,0.74719024,2.86695949,124.98531195
12.89874990,0.57462071,3.37194836,73.38629012
12.90124990,0.37824396,3.13474131,29.07060875
12.90374990,0.26992889,2.81572266,16.18369204
12.90624990,0.20979312,2.59989239,9.99351760
12.90874990,0.20378693,2.67651875,9.06776264
12.91124990,0.19384791,2.81374991,8.43790135
12.91374990,0.18457768,2.95506771,7.44176322
12.91624990,0.14033933,2.05962584,5.52609360
12.91874990,0.14026087,2.06077792,5.97490811
12.92124990,0.14280248,2.02410000,6.41127664
12.92374990,0.14340082,2.01565440,6.61187874
12.92624990,0.14372237,2.01114489,6.72827217
12.92874990,0.14373821,2.01092320,6.70407256
12.93124990,0.14436639,2.00217309,6.45941195
12.93374990,0.14321738,2.01823624,6.09652245
12.93624990,0.12936652,2.17387523,4.63971097
12.93874990,0.12255453,2.29470642,3.92520734
12.94124990,0.10536331,2.30561755,2.78223980
12.94374990,0.09127923,2.28925322,1.94752138
12.94624990,0.07850141,2.08467961,1.37098433
12.94874990,0.06963973,1.99338883,1.02694766
12.95124990,0.06532298,2.12511852,0.87552684
12.95374990,0.06481531,2.14176359,0.85063013
12.95624990,0.06522836,2.12820102,0.85504581
12.95874990,0.06657584,2.08512693,0.88660961
12.96124990,0.06710338,2.06873423,0.90220751
12.96374990,0.06673485,2.08015852,0.92044799
12.96624990,0.06336071,2.19093281,0.86196723
12.96874990,0.05623940,2.13901152,0.78866472
12.97124990,0.04956491,1.80877808,0.71561285
12.97374990,0.04775408,1.87736681,0.71292341
12.97624990,0.04712808,1.90230401,0.71220351
12.97874990,0.04778346,1.87621248,0.68990951
12.98124990,0.04531882,1.97824930,0.58449567
12.98374990,0.04345385,2.06315284,0.51527156
12.98624990,0.03855818,2.10522396,0.40187677
12.98874990,0.03688108,2.20095493,0.35967943
12.99124990,0.03662447,2.21637631,0.35377373
12.99374990,0.03414677,2.37719717,0.28619641
12.99624990,0.03405318,2.38373042,0.27856585
12.99874990,0.03491815,2.32468188,0.26972048
13.00124990,0.03662103,2.21658416,0.28582129
13.00374990,0.03812674,2.12904669,0.29490645
13.00624990,0.03752564,2.16315004,0.28657485
13.00874990,0.03513488,2.31034228,0.24872083
13.01124990,0.03442765,2.35780238,0.24038510
13.01374990,0.03057434,1.68976766,0.19298890
13.01624990,0.03202815,1.72981672,0.20932718
13.01874990,0.03039309,1.82287604,0.19357510
13.02124990,0.03105426,1.78406517,0.20081468
13.02374990,0.03102471,1.78576489,0.20027662
13.02624990,0.03102176,1.78593469,0.20023703
13.02874990,0.03145062,1.76158128,0.20678814
13.03124990,0.03257909,1.70056399,0.22229615
13.03374990,0.03606202,1.91799327,0.28818647
13.03624990,0.03617026,1.91225359,0.29063129
13.03874990,0.03619909,1.91073093,0.31171624
13.04124990,0.03614619,1.91352714,0.31116825
13.04374990,0.03791217,1.82439338,0.31388695
13.04624990,0.03902450,1.77239209,0.32842764
13.04874990,0.03947876,1.75199806,0.31577597
13.05124990,0.03949632,1.75121908,0.32755355
13.05374990,0.03776908,1.83130518,0.29696225
13.05624990,0.03730862,1.85390711,0.29380202
13.05874990,0.03725168,1.85674098,0.29281923
13.06124990,0.04029663,1.80825080,0.32547394
13.06374990,0.03930517,1.85386316,0.31159771
13.06624990,0.03741524,1.94750623,0.28365477
13.06874990,0.03765347,1.93518453,0.29191948
13.07124990,0.03968135,1.83628849,0.32163551
13.07374990,0.03947859,1.84571967,0.31600863
13.07624990,0.04040955,1.80319777,0.33457654
13.07874990,0.04008608,1.81774810,0.32541932
13.08124990,0.03879219,1.87837835,0.30944200
13.08374990,0.03666025,1.98761368,0.29245229
13.08624990,0.03760365,1.93774837,0.30232274
13.08874990,0.03718376,1.95962976,0.30030442
13.09124990,0.03720413,1.95855683,0.29742281
13.09374990,0.03743777,1.94633410,0.28228587
13.09624990,0.03618025,2.01398309,0.26311240
13.09874990,0.03511745,2.07493456,0.24911548
13.10124990,0.03318945,2.19546896,0.22637922
13.10374990,0.03319305,2.19523058,0.22663712
13.10624990,0.03306380,2.20381242,0.22335478
13.10874990,0.03340057,2.18159175,0.22618327
13.11124990,0.02971054,2.20622987,0.17987986
13.11374990,0.03051612,2.14798882,0.18882504
13.11624990,0.03058300,2.14329145,0.19339704
13.11874990,0.03025493,2.16653211,0.19101166
13.12124990,0.02740436,2.02537005,0.15214463
13.12374990,0.02763818,2.00823554,0.15374984
13.12624990,0.02786151,1.99213816,0.16872287
13.12874990,0.02664264,2.08327639,0.15481478
13.13124990,0.02729750,2.03329903,0.16500531
13.13374990,0.02675235,2.07473258,0.15928086
13.13624990,0.02553312,2.17380356,0.13544477
13.13874990,0.02590681,2.14244718,0.13947843
13.14124990,0.02722180,2.03895328,0.14872160
13.14374990,0.02475610,1.97800322,0.13231632
13.14624990,0.02647075,1.84987783,0.15090768
13.14874990,0.02659243,1.84141349,0.15179870
13.15124990,0.02658323,1.84205063,0.15163439
13.15374990,0.02947009,1.93182471,0.17648173
13.15624990,0.03050967,1.86599994,0.18788479
13.15874990,0.03141525,1.81221055,0.19777657
13.16124990,0.03121806,1.82365739,0.19771952
13.16374990,0.03069606,1.85466936,0.19559532
13.16624990,0.03081153,1.84771869,0.19663950
13.16874990,0.03158821,1.80228736,0.20387746
13.17124990,0.03295863,1.72734822,0.22105619
13.17374990,0.03382045,1.68333204,0.23033860
13.17624990,0.03243048,1.75547959,0.22287359
13.17874990,0.03243522,1.75522258,0.22292250
13.18124990,0.03165327,1.79858345,0.21840122
13.18374990,0.03157241,1.80318939,0.22168030
13.18624990,0.03213743,1.77148723,0.21816833
13.18874990,0.03198341,1.78001760,0.22316402
13.19124990,0.03171206,1.79524890,0.21248108
13.19374990,0.03130151,1.81879556,0.21260378
13.19624990,0.02992537,1.90243379,0.19760388
13.19874990,0.02947202,1.93169793,0.18109390
13.20124990,0.02981113,1.90972411,0.18396731
13.20374990,0.02827488,1.86424193,0.16109854
13.20624990,0.02718970,1.93864636,0.14851279
13.20874990,0.02622333,2.01008848,0.14478642
13.21124990,0.02584091,2.03983578,0.14197727
13.21374990,0.02580710,2.04250840,0.14179616
13.21624990,0.02544566,2.07152086,0.13686663
13.21874990,0.02606169,2.02255571,0.13609046
13.22124990,0.02328638,1.80039521,0.11069496
13.22374990,0.02213879,1.89372147,0.10241128
13.22624990,0.02175055,1.92752333,0.09990961
13.22874990,0.02300956,1.82205557,0.10900283
13.23124990,0.02322374,1.80525172,0.10860521
13.23374990,0.02228602,1.88121072,0.10032198
13.23624990,0.02134587,1.96406585,0.09181355
13.23874990,0.02156201,1.94437742,0.09352823
13.24124990,0.02066965,2.02832149,0.08662062
13.24374990,0.02096908,1.99935765,0.08895734
13.24624990,0.02113655,1.98351606,0.09244863
13.24874990,0.02073397,2.02202949,0.09056338
13.25124990,0.02141723,1.95752159,0.09767404
13.25374990,0.02056485,2.03865814,0.09148361
13.25624990,0.02051307,2.04380396,0.09004254
13.25874990,0.02092425,2.00364181,0.10147746
13.26124990,0.02134092,1.96452094,0.10294435
13.26374990,0.02349726,2.00702064,0.12935883
13.26624990,0.02350759,2.00613855,0.12938828
13.26874990,0.02157716,2.18562055,0.10339067
13.27124990,0.02627820,2.56373236,0.15911874
13.27374990,0.02753911,2.44634834,0.16487269
13.27624990,0.02969794,2.26851636,0.19911921
13.27874990,0.03219792,2.09237923,0.22891716
13.28124990,0.03194994,2.10861957,0.22017188
13.28374990,0.03265341,2.06319248,0.23007683
13.28624990,0.03341508,2.01616369,0.23024576
13.28874990,0.03704435,2.02322554,0.28716239
13.29124990,0.04029936,1.86259163,0.33216510
13.29374990,0.04105037,1.82851606,0.34855863
13.29624990,0.04092062,1.83431389,0.34591541
13.29874990,0.04128022,1.81833464,0.34504336
13.30124990,0.04149600,1.80887945,0.34880608
13.30374990,0.04265927,1.75955324,0.36587321
13.30624990,0.04282985,1.75254512,0.36990955
13.30874990,0.04250271,1.76603435,0.36356138
13.31124990,0.04230165,1.77442830,0.36152834
13.31374990,0.04191897,1.79062729,0.35474184
13.31624990,0.04215269,1.78069898,0.35727836
13.31874990,0.04229149,1.77485472,0.35925268
13.32124990,0.03986821,1.88273435,0.31791615
13.32374990,0.03890420,1.92938711,0.30342684
13.32624990,0.03841191,1.95411381,0.29595030
13.32874990,0.03585856,2.09325920,0.27013135
13.33124990,0.03784036,1.98362939,0.30331389
13.33374990,0.03761376,1.99557979,0.29852006
13.33624990,0.03857686,1.94575835,0.31567373
13.33874990,0.03475071,2.15999218,0.24931445
13.34124990,0.03325843,1.80516165,0.22530852
13.34374990,0.03453930,1.73821838,0.24515570
13.34624990,0.03678562,1.63207360,0.28587557
13.34874990,0.04056583,2.00411595,0.35374438
13.35124990,0.03972313,2.04663203,0.33382689
13.35374990,0.03946053,2.06025184,0.31682539
13.35624990,0.03995893,2.03455468,0.32003571
13.35874990,0.04836530,2.54651360,0.47656041
13.36124990,0.04934342,2.49603520,0.49550827
13.36374990,0.04879565,2.52405492,0.47733453
13.36624990,0.04873111,2.52739810,0.47616759
13.36874990,0.05167196,2.38355405,0.53556436
13.37124990,0.05475464,2.24936032,0.60732660
13.37374990,0.05503996,2.23769977,0.61251747
13.37624990,0.05430263,2.26808366,0.59283874
13.37874990,0.05475693,2.24926595,0.60332925
13.38124990,0.05706018,2.15847391,0.65219894
13.38374990,0.05710781,2.15667362,0.65323988
13.38624990,0.05622979,2.19034975,0.63497050
13.38874990,0.05624185,2.18988005,0.63571943
13.39124990,0.05612235,2.19454301,0.63283546
13.39374990,0.05526042,2.22877253,0.61606838
13.39624990,0.05400551,2.28056186,0.58814549
13.39874990,0.05111396,2.40957478,0.55063519
13.40124990,0.05265722,2.33895558,0.59017897
13.40374990,0.05191546,2.37237436,0.55576036
13.40624990,0.05284652,2.33057747,0.56649136
13.40874990,0.04570261,1.96652229,0.42230051
13.41124990,0.04910280,1.86389710,0.50354095
13.41374990,0.04900703,1.86753921,0.49786974
13.41624990,0.04964147,1.84367137,0.49890264
13.41874990,0.04652664,1.96710020,0.44240547
13.42124990,0.04914758,2.24125683,0.50202272
13.42374990,0.04913223,2.24195675,0.49763137
13.42624990,0.04927291,2.23555588,0.49883953
13.42874990,0.04858309,2.26729775,0.48697895
13.43124990,0.04873227,2.26035743,0.48106084
13.43374990,0.04946432,2.22690486,0.49473863
13.43624990,0.04930884,2.23392691,0.49261763
13.43874990,0.04946353,2.22694056,0.49778037
13.44124990,0.05133757,2.14564790,0.53495983
13.44374990,0.05253712,2.09665730,0.55852101
13.44624990,0.05267149,2.09130862,0.55698826
13.44874990,0.05446677,2.02237687,0.61085064
13.45124990,0.05826440,1.89056008,0.71718948
13.45374990,0.05906232,1.86501887,0.72157013
13.45624990,0.05783465,1.90460816,0.67773521
13.45874990,0.05954816,1.84980249,0.71784206
13.46124990,0.05883571,1.87220213,0.70421512
13.46374990,0.05911515,1.86335227,0.70814464
13.46624990,0.05848248,1.88351002,0.68821775
13.46874990,0.05871005,1.87620913,0.69489006
13.47124990,0.05346077,2.02904794,0.57366750
13.47374990,0.05486629,1.97706923,0.60565525
13.47624990,0.05509850,1.96873704,0.61099868
13.47874990,0.05520529,1.96492894,0.61723836
13.48124990,0.05348705,2.02805086,0.58187636
13.48374990,0.05513392,1.96747230,0.61245074
13.48624990,0.05815772,1.86517734,0.68051655
13.48874990,0.05827499,1.86142406,0.68852026
13.49124990,0.05749825,1.88656971,0.67180731
13.49374990,0.05697209,1.90399290,0.65379837
13.49624990,0.05977190,1.81480699,0.71806168
13.49874990,0.05791615,1.87295714,0.68325788
13.50124990,0.05297880,1.61167380,0.58836808
13.50374990,0.05455657,1.56506442,0.61343569
13.50624990,0.05507521,1.55032632,0.61433366
13.50874990,0.05312422,1.60726232,0.57632846
13.51124990,0.05034352,1.69603867,0.51296649
13.51374990,0.05332339,1.60125877,0.57162411
13.51624990,0.05330194,1.60190309,0.57055550
13.51874990,0.05350037,1.59596182,0.57421601
13.52124990,0.05843426,1.82740852,0.69567525
13.52374990,0.05840552,1.82830776,0.70103449
13.52624990,0.05901564,1.80940620,0.71199824
13.52874990,0.05956075,1.79284609,0.72162016
13.53124990,0.06363185,1.90301082,0.82386130
13.53374990,0.06136866,1.97319125,0.76317726
13.53624990,0.05857502,2.06729947,0.71244524
13.53874990,0.06343660,1.90886830,0.83794684
13.54124990,0.06270558,1.93112186,0.79418821
13.54374990,0.06170606,1.96240230,0.77788777
13.54624990,0.05868743,2.06333973,0.70789316
13.54874990,0.06016446,2.01268506,0.73217448
13.55124990,0.06084190,1.99027500,0.75152688
13.55374990,0.05887278,2.05684370,0.70045093
13.55624990,0.06206301,1.95111562,0.79061151
13.55874990,0.06188299,1.95679153,0.79142129
13.56124990,0.06276412,1.92932064,0.80693353
13.56374990,0.06100944,1.98480929,0.76937138
13.56624990,0.06469623,1.87170271,0.84915583
13.56874990,0.06431430,1.88281790,0.83503517
13.57124990,0.06002532,2.01735051,0.73250805
13.57374990,0.05983276,2.02384275,0.72723254
13.57624990,0.05885001,2.05763960,0.70045698
13.57874990,0.05970024,2.02833537,0.71768909
13.58124990,0.05835004,1.91418452,0.68517943
13.58374990,0.06000923,1.86125950,0.72051939
13.58624990,0.06105197,1.82947006,0.75426013
13.58874990,0.05597724,1.91369981,0.64437692
13.59124990,0.05478080,1.95549595,0.64191304
13.59374990,0.05970296,1.79427685,0.78244158
13.59624990,0.06324499,1.69378859,0.91470590
13.59874990,0.06335317,1.69089633,0.91831886
13.60124990,0.06416894,1.66940010,0.92950414
13.60374990,0.06865037,1.67273746,1.02412625
13.60624990,0.06958092,1.65036684,1.04337668
13.60874990,0.07565737,1.77792646,1.20665771
13.61124990,0.09545605,2.78922594,1.82777914
13.61374990,0.12164481,2.80614960,3.04893499
13.61624990,0.13623605,2.50560350,3.81070121
13.61874990,0.16628021,2.56503458,5.56002936
13.62124990,0.17448635,2.44440034,6.11279794
13.62374990,0.24224846,3.11135595,12.21617276
13.62624990,0.31291946,2.83120125,21.03526808
13.62874990,0.45354651,3.23997119,46.51246650
13.63124990,0.45363069,3.23936993,47.01458853
13.63374990,0.49337012,2.97844879,58.57320872
13.63624990,0.73250806,3.30645854,129.34131079
13.63874990,0.73519603,3.29436972,128.70189314
13.64124990,0.89415971,2.70869678,202.81820876
13.64374990,0.91900509,2.63546696,217.03666332
13.64624990,0.98924075,2.44834995,227.69695829
13.64874990,1.17702055,2.42388525,336.34712842
13.65124990,1.18338888,2.41084126,334.22557538
13.65374990,1.18402975,2.40953638,338.69953398
13.65624990,1.31187224,2.17472606,426.90543368
13.65874990,1.34312983,2.12411539,429.50896443
13.66124990,1.36686997,2.08722322,454.41671767
13.66374990,1.36487388,2.09027573,448.84880851
13.66624990,1.41743246,2.01276804,511.14930913
13.66874990,1.41424057,2.01731078,513.43771318
13.67124990,1.43535886,1.98763028,542.48268416
13.67374990,1.59212397,1.99216706,669.42472172
13.67624990,1.57975526,2.00776475,644.83118898
13.67874990,1.71829284,1.95610775,769.41544082
13.68124990,1.71885643,1.95546636,771.90011675
13.68374990,1.70800549,1.96788942,746.30424977
13.68624990,1.67387131,2.00801933,661.64610344
13.68874990,1.67305010,2.00900495,668.95364474
13.69124990,1.61129001,2.08600930,606.20720904
13.69374990,1.60322659,2.09650086,574.47797990
13.69624990,1.58967312,2.11437553,584.66586458
13.69874990,1.46256511,2.29813080,466.41498193
13.70124990,1.49559035,2.24738407,509.27678488
13.70374990,1.49804029,2.24370864,505.84045972
13.70624990,1.38900190,2.41984257,418.08623197
13.70874990,1.35941400,2.47251090,410.39984972
13.71124990,1.33464004,2.51840634,388.98261691
13.71374990,1.33450926,2.51865314,389.50271682
13.71624990,1.27689357,2.63229921,350.40925396
13.71874990,1.27688053,2.63232610,350.92034989
13.72124990,1.25275063,2.68302874,335.84997272
13.72374990,1.03267345,3.25481975,215.78570979
13.72624990,1.03307826,3.25354435,215.85090003
13.72874990,0.70882561,2.66087823,103.81598137
13.73124990,0.70701063,2.66770904,103.23007929
13.73374990,0.70655269,2.66943807,102.71250666
13.73624990,0.56687721,2.65139168,70.97431265
13.73874990,0.56586008,2.65615755,71.15744267
13.74124990,0.51403337,2.92396099,64.82897495
13.74374990,0.49527447,3.03470828,58.88642146
13.74624990,0.39309923,3.82349647,34.30291926
13.74874990,0.36860275,4.07759713,29.57812925
13.75124990,0.15188520,2.87148494,4.74558887
13.75374990,0.11669719,2.67257027,2.73851771
13.75624990,0.09384686,2.41758956,1.92930655
13.75874990,0.07907203,2.51167448,1.53381720
13.76124990,0.07244716,2.74135227,1.53391256
13.76374990,0.07341417,2.70524321,1.62529787
13.76624990,0.07444449,2.66780236,1.73639588
13.76874990,0.07512091,2.64378052,1.78199808
13.77124990,0.06172729,2.11038926,1.24389002
13.77374990,0.06217551,2.09517573,1.26973855
13.77624990,0.05560473,2.22190248,0.96944987
13.77874990,0.05543106,2.22886410,0.91165991
13.78124990,0.05727906,2.15695387,0.92210039
13.78374990,0.06056431,2.03995215,0.93503481
13.78624990,0.06141363,2.01174053,0.93331600
13.78874990,0.06080524,2.03186918,0.89393321
13.79124990,0.05894489,2.09599668,0.81164457
13.79374990,0.05247593,1.74406353,0.62032507
13.79624990,0.04862534,1.81054460,0.52426575
13.79874990,0.04522117,1.94683936,0.42852760
13.80124990,0.04381775,2.00919398,0.39368481
13.80374990,0.04398665,2.00147904,0.38797623
13.80624990,0.04637147,1.89854579,0.43750104
13.80874990,0.04666423,1.88663468,0.44318185
13.81124990,0.04520694,1.94745231,0.42727437
13.81374990,0.04349094,2.02429187,0.40079519
13.81624990,0.04255704,2.06871436,0.38954205
13.81874990,0.04409861,1.99639755,0.41373402
13.82124990,0.04264281,2.06455329,0.41394706
13.82374990,0.04205511,2.09340433,0.41620252
13.82624990,0.04311316,2.04202969,0.44280917
13.82874990,0.04605620,1.91154179,0.50996920
13.83124990,0.04500568,1.95616093,0.48339482
13.83374990,0.04127474,1.87049690,0.39208404
13.83624990,0.04093537,1.88600415,0.35597525
13.83874990,0.04442695,1.73785669,0.41442057
13.84124990,0.04913094,1.94859556,0.48422259
13.84374990,0.04902097,1.95296700,0.48162680
13.84624990,0.04873876,1.96427498,0.47723059
13.84874990,0.05113397,1.87226463,0.52982792
13.85124990,0.05182406,1.84733382,0.54612576
13.85374990,0.05113185,1.87234230,0.52724992
13.85624990,0.04880562,1.96158431,0.47859311
13.85874990,0.04982999,1.92125925,0.50159860
13.86124990,0.05511018,1.91041953,0.63127957
13.86374990,0.05538899,1.90080276,0.63920642
13.86624990,0.05497141,1.91524202,0.61595825
13.86874990,0.05300880,1.98615225,0.56926018
13.87124990,0.06040860,2.16123255,0.73195864
13.87374990,0.06217557,2.09981254,0.77964564
13.87624990,0.06085622,2.14533590,0.74622705
13.87874990,0.05842436,2.23463357,0.68299604
13.88124990,0.05991092,2.17918588,0.73897591
13.88374990,0.06164574,2.11785981,0.78198965
13.88624990,0.06103603,2.13901565,0.75576270
13.88874990,0.05922849,2.20429450,0.71143149
13.89124990,0.05726576,2.27984474,0.66009677
13.89374990,0.05758140,2.26734753,0.66764691
13.89624990,0.05828206,2.24008937,0.68061118
13.89874990,0.05594779,2.33355126,0.62985301
13.90124990,0.05795012,2.25292094,0.68369785
13.90374990,0.06073206,2.14972175,0.76305408
13.90624990,0.06234525,2.09409749,0.79362868
13.90874990,0.06115384,2.13489505,0.75351283
13.91124990,0.06252993,2.08791263,0.83824205
13.91374990,0.06684167,1.95322831,0.94844974
13.91624990,0.06686916,1.95242527,0.92920314
13.91874990,0.06669214,1.95760751,0.92338200
13.92124990,0.06370573,1.88944888,0.81744552
13.92374990,0.06552438,1.83700650,0.87483518
13.92624990,0.06564227,1.83370742,0.87683556
13.92874990,0.06616526,1.81921305,0.90534703
13.93124990,0.06511274,1.84861999,0.88549250
13.93374990,0.06365783,1.89087046,0.82244740
13.93624990,0.06450574,1.86601564,0.83665618
13.93874990,0.06411416,1.87741230,0.82412298
13.94124990,0.06311339,1.90718170,0.80179033
13.94374990,0.06258789,1.92319495,0.78926928
13.94624990,0.06323401,1.90354391,0.80134795
13.94874990,0.06334038,1.90034702,0.80335036
13.95124990,0.06348910,1.89589563,0.84320692
13.95374990,0.06083385,1.97864680,0.78287668
13.95624990,0.06052047,1.98889255,0.74213021
13.95874990,0.06211919,1.93770562,0.77570775
13.96124990,0.06122948,1.81084466,0.77904844
13.96374990,0.05655841,1.96039938,0.67265253
13.96624990,0.05664682,1.95733988,0.65894141
13.96874990,0.05978446,1.85461365,0.72814592
13.97124990,0.05750779,1.92803585,0.66334042
13.97374990,0.05367119,2.06585819,0.58245186
13.97624990,0.05399582,2.05343809,0.58761172
13.97874990,0.05743864,1.93035699,0.65999902
13.98124990,0.05602803,1.97895718,0.63076376
13.98374990,0.05530265,2.00491451,0.61489072
13.98624990,0.05693044,1.94758876,0.65356107
13.98874990,0.05934509,1.86834442,0.71055387
13.99124990,0.05879328,1.88588005,0.70037592
13.99374990,0.05889005,1.88278113,0.70204592
13.99624990,0.06083456,1.82260011,0.74413866
13.99874990,0.06072818,1.82579297,0.74096882
14.00124990,0.05788054,1.91561925,0.68642105
14.00374990,0.05944482,1.86521005,0.72644150
14.00624990,0.05940818,1.86636043,0.70921709
14.00874990,0.05792818,1.91404387,0.68098851
14.01124990,0.05297318,1.81171594,0.57616842
14.01374990,0.05762994,1.84708298,0.67088389
14.01624990,0.05752751,1.85037201,0.66372105
14.01874990,0.05407733,1.96842708,0.60361229
14.02124990,0.05477894,1.94321545,0.61939502
14.02374990,0.05601035,1.90049309,0.62940930
14.02624990,0.05554194,1.91652100,0.62226193
14.02874990,0.05127836,2.07587145,0.53265341
14.03124990,0.05552046,1.91726234,0.62114415
14.03374990,0.05559329,1.91475076,0.62332563
14.03624990,0.05288723,2.01272186,0.57685314
14.03874990,0.05237085,2.03256737,0.56521509
14.04124990,0.05273365,2.01858353,0.56145241
14.04374990,0.05390040,1.97488865,0.58406001
14.04624990,0.05187357,2.05205261,0.53895370
14.04874990,0.05860613,2.08190100,0.69865099
14.05124990,0.05979056,2.04065916,0.72637472
14.05374990,0.05860372,2.08198656,0.70567676
14.05624990,0.06542013,2.20144319,0.88424543
14.05874990,0.06704161,2.14819849,0.91079878
14.06124990,0.06717527,2.14392440,0.91348567
14.06374990,0.06425480,2.24136858,0.83460437
14.06624990,0.07025208,2.05002754,0.98717688
14.06874990,0.07024795,2.05014796,0.98731634
14.07124990,0.06828788,2.10899343,0.93938509
14.07374990,0.06877781,2.09397035,0.95322095
14.07624990,0.06955725,2.07050588,0.96969047
14.07874990,0.06960144,2.06919123,0.97069249
14.08124990,0.06632647,2.17136091,0.88195393
14.08374990,0.06624762,2.17394522,0.87950016
14.08624990,0.06737251,2.13764785,0.91670532
14.08874990,0.06738343,2.13730141,0.91699626
14.09124990,0.06733360,2.13888310,0.91532410
14.09374990,0.06643556,2.16779541,0.89188769
14.09624990,0.06910071,2.08418536,0.95797301
14.09874990,0.06977086,2.06416677,0.97626154
14.10124990,0.06869469,2.09650407,0.94418145
14.10374990,0.06858649,2.09981133,0.94104489
14.10624990,0.06344988,2.04021792,0.80981967
14.10874990,0.06352791,2.03771201,0.81183993
14.11124990,0.06331976,2.04441055,0.80566039
14.11374990,0.06245091,2.07285345,0.78492735
14.11624990,0.05611988,2.30604672,0.63199159
14.11874990,0.05641741,2.29388531,0.64047296
14.12124990,0.05780268,2.23891118,0.67785068
14.12374990,0.05577387,2.32035274,0.62877789
14.12624990,0.05583777,2.31769764,0.62388871
14.12874990,0.05856792,2.20965798,0.68918766
14.13124990,0.06376548,2.02954738,0.82833276
14.13374990,0.06464824,2.00183421,0.84808155
14.13624990,0.06753187,1.91635543,0.91599410
14.13874990,0.06734845,1.92157446,0.91101974
14.14124990,0.06788144,1.90648679,0.92370382
14.14374990,0.07393181,1.78985797,1.10776642
14.14624990,0.07387606,1.79120878,1.10604580
14.14874990,0.06816533,1.94127195,0.93137839
14.15124990,0.06824185,1.93909531,0.93228307
14.15374990,0.07078397,1.86945513,1.00624353
14.15624990,0.06937113,1.90752899,0.96907325
14.15874990,0.06761421,1.95709511,0.91822467
14.16124990,0.06733002,1.96535577,0.90909765
14.16374990,0.06705794,1.97332998,0.90289517
14.16624990,0.06752925,1.95955738,0.91662565
14.16874990,0.07034977,1.88099327,1.00404026
14.17124990,0.07009956,1.88770716,0.99634407
14.17374990,0.07045795,1.87810518,0.99624402
14.17624990,0.07836039,2.05101830,1.23352815
14.17874990,0.07655809,2.09930274,1.18370333
14.18124990,0.07265097,2.21220176,1.06294409
14.18374990,0.07329844,2.19266055,1.08491974
14.18624990,0.07063487,2.27534363,1.00948774
14.18874990,0.06924380,2.32105400,0.96034313
14.19124990,0.07314265,2.19733069,1.11329935
14.19374990,0.06689392,2.40258893,0.95629766
14.19624990,0.06279966,2.55922720,0.81577622
14.19874990,0.06834007,2.35174781,1.02140502
14.20124990,0.06864284,2.34137458,1.02665193
14.20374990,0.06577836,2.44333562,0.90803916
14.20624990,0.07250087,2.21678168,1.16722368
14.20874990,0.07304942,2.20013526,1.17254495
14.21124990,0.07305580,2.19994297,1.17300242
14.21374990,0.07617629,2.10982437,1.29509955
14.21624990,0.07728708,2.07950151,1.31559424
14.21874990,0.07456412,2.15544165,1.20273110
14.22124990,0.07555529,2.12716552,1.31118958
14.22374990,0.07514081,2.13889902,1.30483922
14.22624990,0.06599498,2.23769379,0.94863737
14.22874990,0.06968765,2.11912113,1.11415972
14.23124990,0.06975816,2.11697902,1.08892747
14.23374990,0.06883820,2.14527067,1.04919582
14.23624990,0.06926447,2.13206792,1.10813236
14.23874990,0.07043126,2.09674744,1.12156568
14.24124990,0.06549378,2.25481797,0.94711962
14.24374990,0.06622734,2.22984296,0.99233215
14.24624990,0.06742221,2.19032500,1.01111481
14.24874990,0.06208879,2.37847383,0.82847572
14.25124990,0.06464485,2.28442889,0.93466682
14.25374990,0.07372510,2.15016228,1.14436179
14.25624990,0.06747571,2.34930355,0.93595195
14.25874990,0.06751035,2.34809812,0.95283260
14.26124990,0.07121856,2.22583740,1.03387131
14.26374990,0.07420207,2.13634109,1.13199402
14.26624990,0.07335112,2.16112476,1.13504746
14.26874990,0.07904636,2.00541726,1.27922299
14.27124990,0.07788674,2.03527480,1.23316881
14.27374990,0.07924709,2.00033755,1.28968883
14.27624990,0.07936532,1.99735754,1.28926969
14.27874990,0.07945319,1.99514880,1.29238104
14.28124990,0.08394396,1.88841369,1.50809230
14.28374990,0.08444783,1.87714627,1.51078216
14.28624990,0.08364556,1.89515042,1.43492969
14.28874990,0.08811033,1.79911854,1.63803106
14.29124990,0.08864147,1.78833811,1.63525092
14.29374990,0.08822946,1.79668926,1.61128100
14.29624990,0.09945859,2.14330353,2.16908807
14.29874990,0.10004805,2.13067567,2.16322077
14.30124990,0.09879159,2.15777425,2.02597426
14.30374990,0.09736255,2.18944498,2.12255411
14.30624990,0.10687909,1.99449634,2.44914322
14.30874990,0.10646174,2.00231514,2.39404856
14.31124990,0.11013289,1.93557025,2.61245338
14.31374990,0.10680445,1.99589016,2.36490823
14.31624990,0.10592964,2.01237301,2.29618436
14.31874990,0.10187163,2.09253497,2.17116514
14.32124990,0.10387512,2.05217528,2.22591680
14.32374990,0.10637057,2.00403132,2.26786819
14.32624990,0.11162515,1.90969461,2.53547695
14.32874990,0.10961290,1.94475238,2.44221764
14.33124990,0.10872237,1.96068164,2.36582326
14.33374990,0.11000312,1.93785364,2.44770019
14.33624990,0.11038979,1.93106579,2.46654583
14.33874990,0.11128761,1.91548686,2.49762327
14.34124990,0.11244542,1.89576380,2.55186437
14.34374990,0.11370700,1.87473020,2.59728349
14.34624990,0.10324497,2.00925110,2.15423724
14.34874990,0.10564390,1.96362553,2.25937795
14.35124990,0.10876722,1.90723886,2.37870190
14.35374990,0.10824340,1.91646851,2.37401392
14.35624990,0.09827016,1.65895813,2.00455443
14.35874990,0.10011393,1.62840559,2.05509704
14.36124990,0.09539708,1.60196301,1.82776461
14.36374990,0.09474244,1.61303206,1.79795217
14.36624990,0.10051328,1.52042199,2.03658037
14.36874990,0.10064655,1.51840864,2.04148210
14.37124990,0.10051964,1.52032570,2.03701507
14.37374990,0.09678713,1.57895581,1.91884910
14.37624990,0.09322720,1.63924898,1.78385317
14.37874990,0.09667654,1.58076187,1.88522817
14.38124990,0.09663684,1.58141139,1.87681859
14.38374990,0.09495711,1.60938554,1.81437065
14.38624990,0.09548655,1.60046209,1.83178168
14.38874990,0.09225825,1.63396885,1.75487876
14.39124990,0.09074621,1.66119464,1.69461912
14.39374990,0.09120424,1.65285207,1.66732829
14.39624990,0.09162239,1.64530868,1.68617060
14.39874990,0.09019744,1.67130146,1.63260088
14.40124990,0.09012593,1.67262749,1.65776062
14.40374990,0.08526344,1.76801578,1.51491689
14.40624990,0.08690790,1.73456175,1.54147237
14.40874990,0.08803126,1.71242701,1.55310563
14.41124990,0.08644860,1.74377745,1.49539417
14.41374990,0.08640687,1.74461955,1.49403777
14.41624990,0.08036598,1.55700916,1.33806849
14.41874990,0.08281809,1.51090870,1.42489869
14.42124990,0.08380938,1.49303770,1.41227023
14.42374990,0.08366718,1.49557528,1.40977680
14.42624990,0.08244120,1.51781590,1.36946906
14.42874990,0.08024398,1.55937637,1.30173658
14.43124990,0.07837294,1.59660420,1.24206485
14.43374990,0.08086037,1.54748939,1.30918307
14.43624990,0.08075388,1.54953016,1.32271678
14.43874990,0.11211640,3.24312977,2.78803754
14.44124990,0.12522458,2.90364728,3.42127389
14.44374990,0.14384990,2.52769042,4.72468766
14.44624990,0.14958184,2.43082994,5.18898174
14.44874990,0.14950509,2.43207783,5.48783279
14.45124990,0.17538970,2.44473315,7.50186387
14.45374990,0.17811523,2.40732373,8.00281743
14.45624990,0.20767801,2.33723762,11.41030444
14.45874990,0.21060871,2.30471405,11.10368463
14.46124990,0.21049516,2.30595727,10.86932910
14.46374990,0.29035391,3.08354537,18.25553773
14.46624990,0.29839652,3.00043529,18.47904052
14.46874990,0.32544073,2.75109838,22.41656586
14.47124990,0.42693157,2.90673686,37.11906994
14.47374990,0.44513712,2.78785496,41.42686163
14.47624990,0.52747866,2.40359485,60.08532753
14.47874990,0.53190749,2.38358175,60.12207224
14.48124990,0.53163309,2.38481200,59.74301682
14.48374990,0.57075135,2.22136135,67.57266925
14.48624990,0.57783408,2.19413329,67.94018943
14.48874990,0.57375014,2.20975108,67.38128492
14.49124990,0.59398808,2.13446200,71.30605732
14.49374990,0.58993679,2.14912006,71.08475719
14.49624990,0.66608464,2.09543429,90.23095964
14.49874990,0.68287333,2.04391728,93.85811853
14.50124990,0.69338730,2.01292496,97.13610958
14.50374990,0.72596331,1.92259936,106.29315474
14.50624990,0.72030395,1.93770504,103.91214684
14.50874990,0.85784183,2.43879943,154.17846269
14.51124990,0.91004767,2.29889516,174.92436540
14.51374990,0.95683019,2.18649474,211.77200447
14.51624990,0.97048072,2.15574006,221.58854172
14.51874990,1.00474837,2.08221704,228.29251626
14.52124990,0.97679889,2.14179622,230.76205338
14.52374990,0.99936145,2.09344094,235.22820462
14.52624990,0.96178056,2.17524065,237.90761258
14.52874990,1.02414590,2.04277943,274.32542136
14.53124990,1.04713512,1.99793143,272.58145109
14.53374990,1.02654129,2.03801269,256.43530506
14.53624990,1.04368018,2.00454527,269.24363285
14.53874990,1.07736569,1.94187006,275.67997173
14.54124990,1.07001352,1.95521283,269.60934503
14.54374990,1.07444281,1.94715266,275.58158929
14.54624990,1.03564167,2.02010429,241.85857148
14.54874990,1.03049005,2.03020318,238.34553191
14.55124990,1.02305684,2.04495399,228.89068560
14.55374990,1.00121927,2.08955644,215.14843467
14.55624990,0.99961509,2.09290975,215.39270016
14.55874990,0.88346911,1.81779702,163.53134015
14.56124990,0.82964966,1.93571767,139.87600980
14.56374990,0.74894151,2.14431634,113.83065645
14.56624990,0.72784464,2.20647021,106.42872166
14.56874990,0.66780021,2.40486223,89.58114368
14.57124990,0.65238150,2.46169995,85.43917723
14.57374990,0.60468436,2.65587736,75.51401463
14.57624990,0.59940068,2.67928878,74.42606630
14.57874990,0.48025476,2.52209390,46.34522259
14.58124990,0.42779320,2.83138580,36.85798505
14.58374990,0.42669021,2.83870489,36.68758945
14.58624990,0.37198505,3.25617279,27.83149295
14.58874990,0.25605980,2.17652775,14.19607464
14.59124990,0.23407935,2.38090740,12.49165483
14.59374990,0.21139489,2.63639895,9.79417694
14.59624990,0.17136974,2.90621657,6.21672783
14.59874990,0.13028919,3.14556792,3.47177652
14.60124990,0.09267640,2.64509458,1.73316075
14.60374990,0.07630974,2.08239931,1.25788993
14.60624990,0.07463382,2.12916026,1.26000761
14.60874990,0.07376622,2.15420216,1.27151202
14.61124990,0.07558306,2.10242021,1.30882246
14.61374990,0.07762357,2.04715351,1.33118081
14.61624990,0.07769714,2.04521511,1.33108456
14.61874990,0.07018878,2.26399928,1.06065431
14.62124990,0.06560221,1.72427133,0.91819742
14.62374990,0.06453824,1.75269729,0.88581868
14.62624990,0.06220146,1.81854256,0.80880810
14.62874990,0.06167429,1.83408683,0.79844038
14.63124990,0.06175165,1.83178921,0.79827203
14.63374990,0.06178579,1.83077710,0.79415080
14.63624990,0.06304423,1.79423235,0.83061821
14.63874990,0.05859243,1.93055657,0.70427248
14.64124990,0.05612728,2.01534797,0.63524733
14.64374990,0.06649695,2.39923987,0.89943185
14.64624990,0.06813667,2.34150159,0.94157924
14.64874990,0.06983924,2.28441967,1.00425584
14.65124990,0.06994285,2.28103568,1.01028980
14.65374990,0.06957859,2.29297739,1.00280658
14.65624990,0.06955988,2.29359416,1.00222514
14.65874990,0.07143561,2.23336968,1.09052962
14.66124990,0.06961622,2.29173801,1.04417609
14.66374990,0.06743590,2.36583365,0.95793905
14.66624990,0.06824869,2.33765840,1.00000553
14.66874990,0.07045931,2.26431573,1.04557234
14.67124990,0.06804163,2.34477242,0.96799589
14.67374990,0.06584935,2.42283532,0.96499322
14.67624990,0.06887445,2.31641978,1.02929787
14.67874990,0.06786690,2.35080929,0.98926868
14.68124990,0.06781254,2.35269347,0.98952165
14.68374990,0.07025265,2.27097672,1.01709982
14.68624990,0.06969188,2.28925000,1.00047978
14.68874990,0.07029329,2.26966368,1.00821933
14.69124990,0.07246644,2.20160007,1.07055482
14.69374990,0.06307905,1.47169819,0.79827990
14.69624990,0.05957547,1.53742353,0.71355660
14.69874990,0.06068780,1.50924446,0.77309353
14.70124990,0.06049501,1.51405414,0.76697158
14.70374990,0.05895351,1.55364327,0.71370776
14.70624990,0.05785927,1.58302590,0.68657716
14.70874990,0.06677237,2.48704872,0.89314393
14.71124990,0.06614985,2.51045371,0.87669064
14.71374990,0.06595517,2.51786393,0.87379901
14.71624990,0.06907616,2.40410201,0.96205531
14.71874990,0.06734309,2.46597169,0.91196245
14.72124990,0.06609450,2.51255636,0.87603118
14.72374990,0.07247807,2.29126059,1.05688203
14.72624990,0.06986058,2.37710819,0.99077011
14.72874990,0.06901838,2.40611476,0.96300923
14.73124990,0.07285804,2.27931124,1.10050847
14.73374990,0.07104073,2.33761885,1.05176172
14.73624990,0.07006849,2.37005445,1.01562773
14.73874990,0.07753792,2.14174116,1.30010796
14.74124990,0.07633800,2.17540596,1.27386984
14.74374990,0.07640081,2.17361748,1.28457659
14.74624990,0.07825195,2.12219810,1.37541362
14.74874990,0.07645021,2.17221308,1.34491947
14.75124990,0.07646631,2.17175570,1.34690307
14.75374990,0.08358425,1.98681153,1.70262212
14.75624990,0.08502480,1.95314947,1.71490850
14.75874990,0.07654474,2.01968751,1.31770482
14.76124990,0.07766258,1.99061706,1.41534999
14.76374990,0.07961724,1.94174617,1.43189070
14.76624990,0.07618966,2.02910041,1.27888295
14.76874990,0.07865612,1.96547271,1.46536776
14.77124990,0.07783128,1.98630260,1.41256445
14.77374990,0.07224164,2.13999119,1.12354374
14.77624990,0.07668673,2.01594798,1.32949600
14.77874990,0.08116455,1.90472893,1.43157140
14.78124990,0.07792910,1.98380910,1.26200467
14.78374990,0.08164170,1.89359693,1.43817768
14.78624990,0.08239281,1.87633446,1.43245131
14.78874990,0.07507355,2.01410882,1.13918265
14.79124990,0.07446175,2.03065723,1.13832761
14.79374990,0.07868271,1.92172201,1.26385179
14.79624990,0.08066555,1.87448430,1.30497071
14.79874990,0.08202138,1.84349873,1.35224205
14.80124990,0.08199056,1.84419162,1.35181022
14.80374990,0.07738823,1.53861508,1.22727795
14.80624990,0.07670399,1.55234041,1.21117448
14.80874990,0.07922387,1.50296496,1.33464886
14.81124990,0.08456206,1.79845570,1.52399722
14.81374990,0.08742239,1.73961296,1.55389010
14.81624990,0.08733061,1.74144126,1.56288309
14.81874990,0.08532949,1.78228079,1.54556600
14.82124990,0.08665391,1.75504044,1.56780362
14.82374990,0.08664077,1.75530672,1.56713408
14.82624990,0.08612914,1.76573362,1.64877149
14.82874990,0.08291393,1.83420470,1.48791694
14.83124990,0.08329805,1.82574639,1.45936036
14.83374990,0.08137704,1.86884547,1.46043763
14.83624990,0.08460070,1.79763429,1.50420061
14.83874990,0.08559276,1.77679894,1.49774531
14.84124990,0.08866394,1.71525338,1.64088039
14.84374990,0.08543321,1.78011717,1.50072972
14.84624990,0.08322781,1.82728733,1.38603970
14.84874990,0.08147750,1.86654139,1.34130003
14.85124990,0.08342304,1.82301105,1.40770359
14.85374990,0.08954291,1.91370121,1.62828894
14.85624990,0.09313375,1.83991707,1.77247888
14.85874990,0.09120745,1.87877609,1.72243425
14.86124990,0.08883015,1.92905667,1.64260589
14.86374990,0.08982444,1.90770334,1.63879523
14.86624990,0.09041025,1.89534236,1.68214693
14.86874990,0.09355998,1.83153500,1.81215587
14.87124990,0.09380579,1.82673563,1.78179318
14.87374990,0.09374300,1.82795917,1.78008310
14.87624990,0.09044782,1.89455509,1.69173882
14.87874990,0.09147978,1.87318309,1.71104933
14.88124990,0.09592028,1.78646666,1.84033598
14.88374990,0.09974938,1.71788921,2.04191122
14.88624990,0.09599567,1.78506374,1.90221895
14.88874990,0.09782731,1.75164157,1.92460545
14.89124990,0.09745639,1.75830828,1.91716647
14.89374990,0.09854627,1.73886220,1.96105621
14.89624990,0.09930027,1.72565871,1.97764340
14.89874990,0.09991111,1.71510833,1.99789774
14.90124990,0.09941797,1.72361584,1.97935352
14.90374990,0.09197312,1.61742339,1.72863681
14.90624990,0.08760199,1.69812898,1.57785326
14.90874990,0.08865115,1.67803222,1.58794177
14.91124990,0.08878742,1.67545667,1.60701769
14.91374990,0.08385145,1.77408362,1.42900535
14.91624990,0.08493689,1.75141190,1.45768255
14.91874990,0.08046312,1.84879077,1.33432802
14.92124990,0.07878134,1.88825783,1.27003535
14.92374990,0.08383241,1.77448649,1.41042030
14.92624990,0.08434715,1.76365754,1.43931142
14.92874990,0.08498937,1.75033039,1.46054315
14.93124990,0.08180153,1.81854154,1.34859937
14.93374990,0.07627298,1.79303375,1.21421389
14.93624990,0.07664257,1.78438712,1.21658851
14.93874990,0.07487519,1.82650649,1.12271486
14.94124990,0.07303517,1.87252292,1.06714818
14.94374990,0.07171752,1.90692616,1.02883099
14.94624990,0.06904278,1.98080122,0.95980891
14.94874990,0.07065265,1.93566736,1.00655534
14.95124990,0.08110073,2.34497054,1.34896202
14.95374990,0.08113156,2.34407950,1.35892391
14.95624990,0.08205805,2.31761337,1.37593130
14.95874990,0.08170464,2.32763809,1.35399137
14.96124990,0.07713020,2.46568557,1.19042881
14.96374990,0.07776263,2.44563265,1.21835202
14.96624990,0.07586163,2.50691713,1.16292238
14.96874990,0.07972214,2.38552098,1.27437045
14.97124990,0.08427593,2.25662080,1.42795127
14.97374990,0.07868100,2.41708700,1.26659824
14.97624990,0.07818931,2.43228684,1.25569659
14.97874990,0.07792444,2.44055437,1.22802230
14.98124990,0.07696002,2.47113805,1.19442792
14.98374990,0.07704765,2.46832733,1.19696747
14.98624990,0.07647983,2.48665334,1.18834062
14.98874990,0.07554760,2.51733773,1.15874819
14.99124990,0.08021201,2.37095196,1.29276970
14.99374990,0.07951932,2.39160540,1.27342728
14.99624990,0.08010068,2.37424748,1.28683908
14.99874990,0.07770637,2.44740342,1.20887371
15.00124990,0.06601320,2.08985298,0.88614376
15.00374990,0.07356462,2.01836663,1.10434767
15.00624990,0.07247393,2.04874203,1.06327035
15.00874990,0.07356903,2.01824583,1.09166935
15.01124990,0.07605088,1.95238216,1.17936914
15.01374990,0.07468186,1.98817196,1.13384884
15.01624990,0.07544971,1.96793840,1.14419239
15.01874990,0.07096680,2.09225135,1.02258152
15.02124990,0.06825187,2.17547722,0.94302806
15.02374990,0.07063114,2.10219432,1.00054450
15.02624990,0.07084305,2.09590598,1.00583362
15.02874990,0.07180397,2.06785761,1.03448202
15.03124990,0.07517004,1.97526004,1.16031569
15.03374990,0.07354931,2.01878681,1.12675490
15.03624990,0.07402785,2.00573669,1.12934831
15.03874990,0.07298236,2.03446950,1.08589582
15.04124990,0.06622656,2.24200643,0.88176772
15.04374990,0.06620552,2.24271886,0.88161333
15.04624990,0.07017143,2.11596627,0.99402971
15.04874990,0.08016155,2.16255865,1.30082333
15.05124990,0.07936394,2.18429226,1.28372696
15.05374990,0.07243468,2.39324669,1.11188947
15.05624990,0.08093857,2.14179791,1.36334507
15.05874990,0.08010813,2.16400074,1.29284170
15.06124990,0.07814808,2.21827659,1.23842092
15.06374990,0.07873428,2.20176066,1.25083717
15.06624990,0.07798930,2.22279282,1.22089218
15.06874990,0.07951348,2.18018450,1.27150778
15.07124990,0.07848855,2.20865411,1.24229209
15.07374990,0.08133821,2.13127456,1.33068353
15.07624990,0.08111559,2.13712383,1.31728081
15.07874990,0.07788085,2.22588796,1.22978890
15.08124990,0.07573312,2.28901233,1.16258418
15.08374990,0.07579363,2.28718506,1.17181580
15.08624990,0.07696500,2.25237499,1.20841971
15.08874990,0.07732505,2.24188720,1.20856237
15.09124990,0.07750283,2.23674490,1.21348932
15.09374990,0.08029339,2.15900761,1.28970783
15.09624990,0.07649092,2.26633514,1.17485501
15.09874990,0.06996307,2.31084658,0.98744862
15.10124990,0.07005123,2.30793809,0.98762885
15.10374990,0.06988975,2.31327075,0.97930756
15.10624990,0.06167785,2.06275263,0.76298321
15.10874990,0.06032266,2.10909386,0.73673733
15.11124990,0.06362786,1.99953519,0.82734876
15.11374990,0.06317663,2.01381656,0.81853087
15.11624990,0.06333056,2.00892181,0.82010005
15.11874990,0.06559740,1.93949994,0.87309921
15.12124990,0.06389811,1.99107827,0.82098665
15.12374990,0.06195995,1.71624101,0.76998146
15.12624990,0.06196736,1.71603561,0.77014648
15.12874990,0.06167264,1.72423619,0.76105617
15.13124990,0.06136444,1.73289628,0.75333362
15.13374990,0.06144129,1.73072879,0.75638818
15.13624990,0.06208803,1.71270050,0.77218153
15.13874990,0.06306803,1.68608718,0.79917359
15.14124990,0.06431756,1.65333089,0.83248729
15.14374990,0.06775533,1.97753621,0.92968421
15.14624990,0.06913617,1.93803953,0.98432851
15.14874990,0.06613787,2.02589870,0.91616705
15.15124990,0.06633881,2.01976211,0.93542923
15.15374990,0.06651375,2.01444985,0.96002246
15.15624990,0.06569759,2.03947533,0.93210381
15.15874990,0.06543478,2.04766661,0.93720414
15.16124990,0.06310956,2.12311148,0.89061678
15.16374990,0.06298709,2.12723953,0.88509147
15.16624990,0.06385427,2.09835022,0.91968276
15.16874990,0.06075640,2.20534153,0.82240385
15.17124990,0.06074639,2.20570500,0.81742191
15.17374990,0.05781352,2.31760015,0.76403976
15.17624990,0.05814616,2.30434162,0.75179074
15.17874990,0.05851872,2.28967103,0.74414384
15.18124990,0.05612066,2.38750952,0.66323643
15.18374990,0.06135874,2.18369268,0.75607286
15.18624990,0.06835001,2.30071272,0.93820512
15.18874990,0.07973095,2.42334626,1.31679552
15.19124990,0.08552369,2.25920663,1.57294365
15.19374990,0.08430032,2.29199242,1.69955287
15.19624990,0.08951599,2.15844899,2.04155937
15.19874990,0.09998297,2.06163337,2.60249630
15.20124990,0.10373748,1.98701780,2.92724876
15.20374990,0.10644328,1.93650761,3.23726673
15.20624990,0.10738458,1.91953278,3.45665977
15.20874990,0.11188968,1.84224521,3.88824203
15.21124990,0.12313189,1.93558830,4.71419546
15.21374990,0.12742825,1.87032820,5.27630201
15.21624990,0.13146869,1.81284712,5.91266116
15.21874990,0.13225176,1.80211315,6.26985708
15.22124990,0.20357327,3.39992244,9.95544361
15.22374990,0.27266795,2.98502771,18.90900431
15.22624990,0.28877448,2.81853641,20.51970768
15.22874990,0.42469807,3.28003732,47.10889555
15.23124990,0.43053444,3.23557276,48.25054957
15.23374990,0.44854876,3.10562780,47.32509077
15.23624990,0.67473184,3.34897712,105.81167728
15.23874990,0.92040473,3.04891677,177.37868948
15.24124990,1.33264643,3.23617081,408.03731579
15.24374990,1.51860280,2.83989433,527.93813686
15.24624990,1.62251240,2.65802066,639.91706695
15.24874990,1.69030214,2.55142047,707.75831620
15.25124990,1.72918456,2.49404925,706.53910473
15.25374990,1.73763741,2.48191680,704.79051673
15.25624990,2.19366992,2.72991332,998.26645389
15.25874990,2.71473641,2.63504487,1483.03584972
15.26124990,3.10751230,2.30198678,1949.68707213
15.26374990,3.22062997,2.22113447,2117.71702840
15.26624990,3.28126277,2.18009124,2224.76663277
15.26874990,3.34808984,2.13657715,2290.67802588
15.27124990,3.35093068,2.13476581,2318.59081379
15.27374990,3.39621194,2.10630325,2376.50680087
15.27624990,3.43644288,2.08164445,2485.75786180
15.27874990,3.42340948,2.08956956,2475.48551235
15.28124990,3.42840791,2.08652308,2470.09231197
15.28374990,3.42936153,2.08594287,2472.04296282
15.28624990,3.47686617,2.05744250,2514.72797228
15.28874990,3.76507789,1.89994801,2976.65436115
15.29124990,3.70609227,1.93018730,2912.04342110
15.29374990,3.89970422,1.83435764,3261.24994382
15.29624990,3.86019509,1.85313231,3277.70344975
15.29874990,3.96126153,1.80585205,3491.18187126
15.30124990,4.02544275,1.77705974,3651.35873175
15.30374990,4.02201684,1.77857342,3672.22537139
15.30624990,3.94515870,1.81322294,3515.60575026
15.30874990,3.65149641,1.92909734,3217.40234183
15.31124990,3.41048184,2.06542429,2790.90881806
15.31374990,3.30606343,2.13065846,2779.87604335
15.31624990,3.26946861,2.15450670,2709.23075985
15.31874990,3.23653700,2.17642869,2630.86194890
15.32124990,3.23425688,2.17796306,2624.36657027
15.32374990,3.18598742,2.21096040,2489.08478126
15.32624990,3.14148847,2.24227848,2394.21313203
15.32874990,3.14280052,2.24134239,2360.62854071
15.33124990,3.13821368,2.24461835,2377.75576327
15.33374990,3.13591657,2.24626257,2336.71928938
15.33624990,3.04151695,2.31597986,2296.17216042
15.33874990,2.60189797,2.43285517,1611.19466005
15.34124990,2.50661334,2.52533601,1595.81968682
15.34374990,2.06898681,2.34877841,1111.81004464
15.34624990,2.06420092,2.35422410,1083.60245222
15.34874990,1.80174096,2.69716439,867.65258679
15.35124990,1.61271958,3.01328985,642.25945553
15.35374990,1.61201120,3.01461401,642.05881321
15.35624990,1.19155672,2.87710506,320.26709435
15.35874990,1.04537303,3.27943593,257.75057331
15.36124990,0.71113941,3.01017610,110.61767677
15.36374990,0.70215366,3.04869856,111.72243826
15.36624990,0.58182205,3.67922610,75.24269868
15.36874990,0.33297712,2.27693161,23.04373143
15.37124990,0.29108478,2.60462309,17.57295690
15.37374990,0.23820668,2.36465650,11.47728898
15.37624990,0.23537170,2.39313808,11.60046932
15.37874990,0.19943587,2.30104167,8.96918427
15.38124990,0.17104664,2.42499832,7.69836213
15.38374990,0.14372946,1.67749784,6.71771897
15.38624990,0.14369774,1.67786818,6.71902284
15.38874990,0.14436291,1.67013714,6.64907467
15.39124990,0.13548595,1.77956363,5.64667376
15.39374990,0.13168225,1.83096710,5.09681764
15.39624990,0.12719923,1.89549787,4.60165498
15.39874990,0.11699894,2.06075245,3.79405358
15.40124990,0.11285434,2.13643412,3.40964773
15.40374990,0.11257128,2.14180623,3.36146650
15.40624990,0.10362660,2.32667929,2.73381088
15.40874990,0.10072113,2.39379612,2.41312152
15.41124990,0.09915197,2.43167990,2.24679473
15.41374990,0.08528352,2.39478668,1.52473794
15.41624990,0.08509378,2.40012662,1.47868416
15.41874990,0.07672882,2.66178793,1.18530598
15.42124990,0.06281407,2.33406102,0.82970893
15.42374990,0.05694010,2.57484385,0.73117837
15.42624990,0.04656265,1.79367928,0.59675075
15.42874990,0.04396540,1.89964072,0.57923189
15.43124990,0.04406963,1.89514789,0.55749735
15.43374990,0.04402831,1.89692661,0.55190875
15.43624990,0.04147030,2.01393441,0.46639629
15.43874990,0.03922012,2.12947998,0.40879771
15.44124990,0.03915354,2.13310131,0.40641463
15.44374990,0.03868594,2.15888454,0.39274034
15.44624990,0.03880048,2.15251120,0.39909707
15.44874990,0.03827876,2.18184906,0.40323701
15.45124990,0.03842517,2.17353542,0.41190809
15.45374990,0.04068453,2.05283087,0.42687711
15.45624990,0.04104849,2.03462952,0.39797411
15.45874990,0.04043768,2.06536240,0.36142335
15.46124990,0.03880405,2.15231328,0.31090601
15.46374990,0.03420666,2.03924035,0.23645901
15.46624990,0.03081424,1.97421472,0.19007765
15.46874990,0.03017251,2.01620360,0.18255198
15.47124990,0.02966884,2.05043141,0.17656924
15.47374990,0.02980246,2.04123806,0.17805842
15.47624990,0.02995785,2.03065020,0.17988331
15.47874990,0.03050561,1.99418781,0.18756529
15.48124990,0.03405167,2.07788398,0.23548716
15.48374990,0.03581809,1.97540991,0.26632064
15.48624990,0.03644407,1.94147916,0.27775274
15.48874990,0.03621238,1.95390104,0.27975456
15.49124990,0.03678331,1.92357382,0.28609780
15.49374990,0.03850665,1.83748560,0.30503054
15.49624990,0.03881986,1.82266026,0.30879767
15.49874990,0.03888653,1.81953524,0.30826825
15.50124990,0.03874692,1.82609120,0.30713983
15.50374990,0.03793672,1.86509034,0.29335303
15.50624990,0.03776999,1.87332354,0.29055158
15.50874990,0.03732678,1.89556698,0.28304726
15.51124990,0.03583074,1.97471235,0.25895649
15.51374990,0.03638537,1.94461172,0.26481258
15.51624990,0.03850169,1.83772232,0.29760871
15.51874990,0.04059486,1.74296490,0.33173717
15.52124990,0.03987380,1.77448379,0.31937650
15.52374990,0.03915154,1.80721926,0.30694002
15.52624990,0.03951375,1.79065294,0.31277668
15.52874990,0.04435756,2.12233428,0.39844053
15.53124990,0.04413529,2.13302300,0.39438654
15.53374990,0.04340188,2.16906680,0.37975127
15.53624990,0.04284267,2.19737888,0.36973569
15.53874990,0.04559462,2.06475198,0.41647055
15.54124990,0.04916981,1.91462178,0.48781335
15.54374990,0.04941838,1.90499122,0.49296224
15.54624990,0.05004864,1.88100169,0.50797213
15.54874990,0.05006710,1.88030819,0.50748614
15.55124990,0.05279240,1.78324122,0.55747695
15.55374990,0.05469278,1.72127992,0.59878834
15.55624990,0.05493961,1.71354665,0.60423940
15.55874990,0.05477167,1.71880049,0.60032787
15.56124990,0.05526481,1.70346341,0.61218166
15.56374990,0.05740582,1.63993088,0.66084211
15.56624990,0.05674415,1.65905353,0.64502074
15.56874990,0.05545564,1.69760159,0.61539433
15.57124990,0.05512862,1.70767177,0.60785626
15.57374990,0.05715788,1.64704475,0.65805795
15.57624990,0.05855896,1.60763764,0.69143642
15.57874990,0.05553546,1.59757803,0.61814264
15.58124990,0.05475007,1.62049538,0.60013357
15.58374990,0.05525982,1.60554687,0.61513811
15.58624990,0.05714487,1.55258438,0.66043008
15.58874990,0.05506845,1.61112643,0.60981035
15.59124990,0.05276506,1.53305080,0.55740546
15.59374990,0.05115772,1.58121810,0.52674843
15.59624990,0.05281786,1.53151814,0.56993289
15.59874990,0.05294022,1.52797841,0.57345422
15.60124990,0.05029619,1.60830296,0.51083058
15.60374990,0.04693118,1.63498953,0.44198785
15.60624990,0.05274704,2.24140764,0.57474100
15.60874990,0.05532204,2.13707965,0.64687365
15.61124990,0.05503308,2.14830086,0.63753255
15.61374990,0.05293274,2.23354413,0.58340145
15.61624990,0.05621374,2.10318018,0.64047407
15.61874990,0.06007998,1.96783721,0.72608534
15.62124990,0.06094922,1.93977252,0.75478248
15.62374990,0.06170922,1.91588245,0.77513463
15.62624990,0.06032039,1.95999432,0.73318406
15.62874990,0.06293767,1.87848721,0.79608533
15.63124990,0.06179185,1.91332060,0.76975255
15.63374990,0.06202364,1.90617009,0.77622515
15.63624990,0.06052182,1.95347097,0.73901353
15.63874990,0.06589479,1.79418747,0.87462767
15.64124990,0.06493764,1.82063303,0.86139449
15.64374990,0.06660474,1.77506304,0.91701778
15.64624990,0.06455317,1.83147655,0.85155665
15.64874990,0.06940829,1.70336455,0.96559702
15.65124990,0.06950088,1.70109526,0.96629500
15.65374990,0.07206449,1.64058079,1.04762704
15.65624990,0.06966076,1.68892941,0.98142306
15.65874990,0.06786180,1.73370149,0.92587238
15.66124990,0.06977422,1.68618298,0.99690688
15.66374990,0.06928804,1.69801451,0.98089498
15.66624990,0.06728614,1.74853405,0.91751014
15.66874990,0.06420831,1.83235014,0.84076734
15.67124990,0.06490567,1.81266307,0.84706479
15.67374990,0.06255699,1.88071870,0.79860515
15.67624990,0.06269465,1.87658919,0.80217836
15.67874990,0.05934732,1.98243333,0.70708910
15.68124990,0.06226805,1.88944567,0.78237640
15.68374990,0.06113523,1.92445685,0.75195359
15.68624990,0.06112642,1.92473423,0.75168031
15.68874990,0.05522062,2.09690629,0.63193652
15.69124990,0.06106462,1.93701201,0.76870294
15.69374990,0.05925183,1.99627407,0.74431330
15.69624990,0.05974714,1.97972487,0.76254527
15.69874990,0.05591051,2.11557521,0.63693864
15.70124990,0.06407415,2.20747347,0.82408171
15.70374990,0.06137365,2.30460431,0.76586669
15.70624990,0.05867454,2.41061923,0.72527049
15.70874990,0.05978406,2.36588098,0.74721332
15.71124990,0.06515931,2.17071028,0.85688171
15.71374990,0.06559192,2.15639337,0.86448303
15.71624990,0.06529067,2.16634279,0.88176728
15.71874990,0.06582803,2.14865869,0.89691422
15.72124990,0.06646703,2.12800192,0.88673744
15.72374990,0.06670879,2.12028981,0.89454255
15.72624990,0.06663889,2.12251403,0.89341284
15.72874990,0.06750310,2.09534035,0.91340432
15.73124990,0.06568250,2.15341966,0.87292442
15.73374990,0.06569598,2.15297770,0.87318259
15.73624990,0.06607996,2.14046711,0.88052718
15.73874990,0.06972682,2.02851619,0.99749216
15.74124990,0.06485214,2.18099158,0.86426491
15.74374990,0.06510506,2.17251897,0.87648840
15.74624990,0.06590018,2.14630642,0.89478631
15.74874990,0.06779446,2.08633534,0.92126985
15.75124990,0.06094140,2.27197862,0.76410527
15.75374990,0.06129584,2.25884103,0.77733856
15.75624990,0.06210279,2.22949009,0.79045333
15.75874990,0.06089364,2.27376056,0.75697041
15.76124990,0.05293808,1.88946683,0.56399103
15.76374990,0.05267255,1.89899204,0.55906905
15.76624990,0.05377572,1.86003560,0.58102895
15.76874990,0.05218901,1.91658669,0.54924342
15.77124990,0.04924663,2.03109833,0.49090838
15.77374990,0.05265873,1.89949042,0.55700568
15.77624990,0.05628762,1.77702929,0.63392409
15.77874990,0.05592724,1.78848006,0.63402688
15.78124990,0.05508600,1.81579271,0.61699284
15.78374990,0.05819061,1.71891586,0.67941910
15.78624990,0.05938362,1.68438296,0.70952925
15.78874990,0.05543182,1.76741276,0.63141225
15.79124990,0.05878746,1.66652724,0.70410686
15.79374990,0.06037634,1.62267041,0.73442449
15.79624990,0.05950313,1.64648326,0.72182323
15.79874990,0.05593720,1.66624908,0.63427817
15.80124990,0.06016535,1.83426149,0.72499494
15.80374990,0.06220479,1.77412339,0.77779640
15.80624990,0.06157522,1.79226297,0.76443190
15.80874990,0.06419978,1.71899315,0.82741687
15.81124990,0.06665096,1.65577487,0.88847424
15.81374990,0.06811193,1.62025925,0.93592654
15.81624990,0.06613345,1.66873148,0.88691403
15.81874990,0.06662172,1.65650150,0.89725235
15.82124990,0.06768173,1.63055793,0.92183431
15.82374990,0.06490361,1.70035187,0.84445827
15.82624990,0.06375353,1.73102551,0.81465222
15.82874990,0.06330234,1.74336345,0.80492195
15.83124990,0.06324083,1.74505895,0.80447678
15.83374990,0.06263966,1.76180687,0.78831347
15.83624990,0.06376033,1.73084087,0.81574309
15.83874990,0.06516044,1.69364989,0.85685473
15.84124990,0.06180449,1.78561426,0.77804270
15.84374990,0.06703412,1.99994910,0.90571339
15.84624990,0.06781730,1.97685275,0.92361175
15.84874990,0.06877445,1.94934060,0.95589053
15.85124990,0.06482609,2.06806899,0.84712769
15.85374990,0.06323387,2.12014277,0.81254770
15.85624990,0.06425009,2.08660913,0.83857025
15.85874990,0.06145889,2.18137413,0.75839625
15.86124990,0.06124067,2.18914676,0.75315085
15.86374990,0.05994112,2.23660848,0.71941952
15.86624990,0.05992323,2.23727632,0.71869531
15.86874990,0.06086426,2.20268543,0.74095979
15.87124990,0.06107133,2.19521700,0.74610200
15.87374990,0.06211419,2.15836080,0.77261843
15.87624990,0.06404131,2.09341149,0.82130418
15.87874990,0.06542283,2.04920564,0.85637345
15.88124990,0.06650040,2.01600016,0.88755582
15.88374990,0.06517750,2.05691875,0.85418314
15.88624990,0.06470309,2.07200035,0.84274248
15.88874990,0.06555161,2.04517973,0.86388573
15.89124990,0.06579569,2.03759268,0.86806347
15.89374990,0.06296170,1.64102902,0.79448376
15.89624990,0.06201378,1.66611331,0.76934587
15.89874990,0.06071905,1.70164018,0.73916376
15.90124990,0.06297904,1.64057715,0.79589278
15.90374990,0.06272716,1.64716512,0.78903025
15.90624990,0.06265766,1.64899198,0.78719852
15.90874990,0.06758800,1.72534046,0.91765959
15.91124990,0.06749872,1.72762249,0.91533739
15.91374990,0.06833105,1.70657871,0.94109915
15.91624990,0.06895271,1.69119262,0.96302736
15.91874990,0.07027822,1.65929515,0.99679903
15.92124990,0.07286722,1.60033976,1.08001990
15.92374990,0.07211061,1.61713104,1.06144002
15.92624990,0.07213082,1.61667797,1.06195392
15.92874990,0.07105316,1.64119812,1.02700191
15.93124990,0.07045412,1.65515254,1.01482398
15.93374990,0.07360476,1.58430402,1.10329906
15.93624990,0.07246293,1.60926851,1.06337565
15.93874990,0.07407471,1.57425263,1.11175816
15.94124990,0.07938508,1.64019319,1.26336594
15.94374990,0.07611365,1.71069004,1.17390846
15.94624990,0.07657365,1.70041354,1.18976061
15.94874990,0.07961506,1.63545515,1.33183035
15.95124990,0.07851283,1.65841511,1.30037183
15.95374990,0.08146215,1.59837255,1.43085501
15.95624990,0.08262355,1.57590496,1.51418267
15.95874990,0.08203607,1.58719045,1.50026751
15.96124990,0.08228899,1.58231219,1.51085528
15.96374990,0.08135320,1.60051308,1.50493528
15.96624990,0.08119846,1.60356316,1.50302220
15.96874990,0.07902310,1.64770635,1.39742367
15.97124990,0.07571724,1.71964622,1.37239676
15.97374990,0.08183953,1.74263234,1.49038590
15.97624990,0.08082155,1.76458140,1.44469900
15.97874990,0.08088799,1.76313208,1.44607324
15.98124990,0.08146541,1.75063519,1.40758780
15.98374990,0.07840508,1.81896654,1.29756704
15.98624990,0.07770743,1.83529688,1.29161766
15.98874990,0.08486923,2.19684395,1.57801897
15.99124990,0.08318093,2.24143270,1.50820273
15.99374990,0.08529351,2.18591617,1.61448459
15.99624990,0.08572036,2.17503131,1.58403117
15.99874990,0.08332448,2.23757119,1.53906246
16.00124990,0.08318299,2.24137724,1.53556763
16.00374990,0.08664721,2.15176546,1.90214029
16.00624990,0.08605567,2.16655636,1.87788684
16.00874990,0.08308890,2.24391542,1.69905555
16.01124990,0.08662138,2.15240691,1.80601731
16.01374990,0.08982365,2.07567227,1.79187035
16.01624990,0.09769887,1.90835853,2.13075271
16.01874990,0.09808644,1.90081793,2.22852035
16.02124990,0.09817404,1.89912191,2.25885668
16.02374990,0.09513316,1.95982617,1.95967511
16.02624990,0.10933871,2.33944560,2.84741259
16.02874990,0.11962840,2.13822106,3.24673952
16.03124990,0.13310996,2.00773295,4.23272377
16.03374990,0.13284394,2.01175344,4.22039349
16.03624990,0.13371193,1.99869413,4.35077325
16.03874990,0.13031813,2.05074498,4.24352217
16.04124990,0.14144965,1.89412933,5.64641733
16.04374990,0.14922726,1.79540878,6.37161770
16.04624990,0.15713235,1.70508447,7.30259484
16.04874990,0.15721671,1.70416954,7.20086729
16.05124990,0.16334661,1.64021725,6.91491340
16.05374990,0.17656471,1.90126556,8.52739108
16.05624990,0.17630745,1.90403984,8.54128590
16.05874990,0.23311772,2.93088483,12.35075571
16.06124990,0.48021335,3.92064773,54.72239365
16.06374990,0.55598262,3.38634216,71.38039549
16.06624990,0.56887247,3.30961241,70.50808264
16.06874990,0.67636661,2.78361964,96.64460961
16.07124990,0.72924742,2.58176763,107.64377061
16.07374990,0.91676226,2.71202693,178.25138889
16.07624990,1.00548188,2.47272874,212.94307917
16.07874990,1.14576603,2.16997526,264.12339994
16.08124990,1.54478845,3.00459979,514.69599266
16.08374990,1.72602618,2.68910815,642.63633746
16.08624990,1.72595774,2.68921478,643.71799719
16.08874990,1.72572716,2.68957410,644.18190962
16.09124990,1.72628500,2.68870498,643.77549312
16.09374990,1.75827324,2.63978940,680.18132389
16.09624990,1.75826073,2.63980819,685.96248329
16.09874990,1.75945352,2.63801858,689.24457998
16.10124990,2.18785826,2.65978647,984.35541103
16.10374990,2.28141718,2.55071097,1048.00351867
16.10624990,2.79516448,2.58394109,1614.43394569
16.10874990,2.89317578,2.49640564,1721.47728394
16.11124990,2.94004781,2.45660643,1792.45406745
16.11374990,2.92822116,2.46652829,1781.69467126
16.11624990,2.92837524,2.46639851,1801.19482171
16.11874990,3.00364782,2.40458961,1892.55912618
16.12124990,2.99640496,2.41040195,1891.84213188
16.12374990,2.94862551,2.44946003,1862.64824457
16.12624990,3.02267223,2.38945536,1922.78975411
16.12874990,3.12069376,2.31440215,2067.64137158
16.13124990,2.95316599,2.44569400,1931.91729955
16.13374990,2.95616186,2.44321545,1936.24775670
16.13624990,2.96504768,2.43589349,1971.55627847
16.13874990,2.96830689,2.43321887,1966.57975052
16.14124990,2.96979340,2.43200094,1973.41994140
16.14374990,2.96120737,2.43905254,1932.39372203
16.14624990,2.96241277,2.43806009,1951.04366536
16.14874990,2.96846386,2.43309020,1964.04967175
16.15124990,2.67025888,2.70480904,1500.58157127
16.15374990,2.58970317,2.78894525,1454.76432015
16.15624990,2.02693208,2.10055142,887.04227811
16.15874990,1.89021799,2.25247833,825.67343545
16.16124990,1.77045243,2.40485142,743.44795926
16.16374990,1.77016157,2.40524657,725.91334895
16.16624990,1.76593220,2.41100709,724.86240589
16.16874990,1.59324789,2.67232429,553.31139670
16.17124990,1.58351847,2.68874354,543.41015576
16.17374990,1.57559688,2.70226168,530.05159985
16.17624990,1.36621953,3.11639159,405.60677133
16.17874990,0.97992150,3.56587931,196.05195522
16.18124990,0.94903536,3.68193005,188.90802511
16.18374990,0.53884775,2.08616469,70.08009149
16.18624990,0.48777132,2.30461507,55.34404979
16.18874990,0.46867455,2.39851970,49.84529765
16.19124990,0.45389802,2.47660288,45.85568336
16.19374990,0.37977609,2.50723101,31.13070827
16.19624990,0.36726387,2.59264921,28.45694862
16.19874990,0.30769673,3.09456126,22.63647898
16.20124990,0.28812200,3.30480283,21.40557619
16.20374990,0.28828405,3.30294510,21.35353063
16.20624990,0.27081519,3.51600072,18.16538015
16.20874990,0.16771973,2.94875289,6.82084633
16.21124990,0.12669117,3.28739076,3.73998944
16.21374990,0.08594878,2.31749553,1.64709714
16.21624990,0.07358014,2.26546512,1.16451823
16.21874990,0.07068881,2.35812772,1.05069578
16.22124990,0.07073460,2.35660118,1.05322161
16.22374990,0.07076581,2.35556177,1.04648687
16.22624990,0.07136007,2.33594557,1.05614320
16.22874990,0.07627358,2.18546507,1.18275216
16.23124990,0.07816623,2.13254790,1.22607868
16.23374990,0.07967184,2.09224781,1.27067855
16.23624990,0.07896179,2.11106209,1.25665652
16.23874990,0.07158183,2.32870879,1.05044015
16.24124990,0.06678209,2.49607691,0.94208805
16.24374990,0.05571355,2.27828549,0.72747418
16.24624990,0.05304108,2.39307663,0.68894272
16.24874990,0.05315956,2.38774280,0.68818029
16.25124990,0.05303510,2.39334626,0.68116824
16.25374990,0.05240241,2.42224277,0.66057583
16.25624990,0.04966008,2.55600398,0.58769207
16.25874990,0.04994391,2.54147826,0.59609993
16.26124990,0.04874839,2.60380645,0.56294718
16.26374990,0.04868671,2.60710520,0.57354954
16.26624990,0.04883439,2.59922084,0.57418261
16.26874990,0.05197243,2.44228250,0.60715612
16.27124990,0.05347399,2.37370267,0.62894973
16.27374990,0.05519478,2.29969865,0.63897598
16.27624990,0.05470162,2.32043165,0.61889348
16.27874990,0.04705830,1.96307210,0.44484170
16.28124990,0.04500508,2.05263159,0.40654502
16.28374990,0.04171097,1.97389527,0.34798805
16.28624990,0.04262749,1.93145510,0.36353637
16.28874990,0.04300133,1.91466362,0.37013559
16.29124990,0.04293055,1.91782053,0.36896805
16.29374990,0.04475248,1.83974356,0.40121142
16.29624990,0.04762011,1.72895634,0.45503640
16.29874990,0.04891203,1.68328888,0.48238095
16.30124990,0.04919973,1.67344574,0.49134994
16.30374990,0.04838627,1.70157958,0.48018237
16.30624990,0.05253973,1.93741180,0.55975990
16.30874990,0.05164158,1.97110718,0.54518108
16.31124990,0.05282531,1.92693776,0.57032043
16.31374990,0.05287836,1.92500450,0.57035206
16.31624990,0.05710477,1.78253200,0.66583356
16.31874990,0.05541064,1.83703158,0.62273536
16.32124990,0.05408822,1.88194556,0.59117538
16.32374990,0.05285271,1.92593869,0.56142834
16.32624990,0.05243864,1.94114673,0.55272071
16.32874990,0.05563816,1.82951919,0.61973447
16.33124990,0.05430375,1.87447629,0.59086562
16.33374990,0.05395842,1.88647276,0.58322804
16.33624990,0.05260584,1.93497698,0.55802461
16.33874990,0.05863729,2.03380545,0.71199661
16.34124990,0.05936714,2.00880239,0.73266829
16.34374990,0.05853832,2.03724422,0.70826593
16.34624990,0.05604500,2.12787686,0.64466330
16.34874990,0.05624680,2.12024256,0.63428886
16.35124990,0.06059670,1.96804193,0.74268318
16.35374990,0.06324996,1.88548506,0.81275321
16.35624990,0.06197277,1.92434275,0.77794808
16.35874990,0.06305586,1.89128894,0.80959477
16.36124990,0.06604028,1.80581982,0.88870003
16.36374990,0.06668429,1.78837997,0.89824804
16.36624990,0.06585586,1.81087688,0.87438928
16.36874990,0.06529177,1.82652187,0.86104900
16.37124990,0.06585996,1.81076399,0.87041544
16.37374990,0.06830417,1.74596736,0.96483489
16.37624990,0.07137845,1.67076839,1.05694626
16.37874990,0.07095908,1.68064257,1.04249318
16.38124990,0.07148576,1.66826016,1.05251011
16.38374990,0.07569874,1.58934259,1.14734871
16.38624990,0.07835966,1.53537211,1.23398645
16.38874990,0.07954378,1.68487576,1.27145070
16.39124990,0.07875218,1.70181182,1.24126292
16.39374990,0.07959686,1.68375223,1.27826359
16.39624990,0.07989638,1.67743998,1.28923578
16.39874990,0.08045755,1.66574023,1.31019098
16.40124990,0.07790826,1.72024606,1.22726406
16.40374990,0.07899692,1.69653937,1.25251157
16.40624990,0.07669892,1.74736983,1.18939651
16.40874990,0.07815777,1.71475451,1.27843879
16.41124990,0.07529035,1.78006066,1.18306124
16.41374990,0.07677985,1.74552811,1.18933996
16.41624990,0.07426567,1.80462103,1.11549926
16.41874990,0.07855402,1.70610475,1.24135490
16.42124990,0.07890664,1.69848045,1.25381038
16.42374990,0.07677672,1.74559922,1.18708508
16.42624990,0.07391104,1.81327962,1.09717242
16.42874990,0.07348593,1.82376929,1.12519906
16.43124990,0.07462178,1.79600904,1.16175389
16.43374990,0.07162178,1.87123776,1.03005148
16.43624990,0.06869590,1.95093706,0.94414545
16.43874990,0.06438378,1.87631873,0.86925333
16.44124990,0.06443630,1.87478920,0.87105078
16.44374990,0.06566072,1.83982889,0.86479081
16.44624990,0.06508412,1.85612846,0.85080948
16.44874990,0.06553582,1.84333532,0.87253213
16.45124990,0.06448691,1.87331793,0.85187138
16.45374990,0.06576449,1.83692591,0.88466328
16.45624990,0.06597704,1.83100803,0.88615155
16.45874990,0.06482110,1.86365985,0.91809221
16.46124990,0.06407280,1.88542545,0.89550669
16.46374990,0.06631985,1.82154332,0.88697653
16.46624990,0.06631940,1.82155590,0.88724353
16.46874990,0.06221445,1.85829543,0.78610016
16.47124990,0.06281030,1.84066653,0.80033500
16.47374990,0.06495343,1.77993407,0.84442345
16.47624990,0.06539457,1.76792702,0.85578942
16.47874990,0.06368982,1.81524794,0.82336360
16.48124990,0.06330717,1.82622010,0.81397013
16.48374990,0.06228934,1.85606097,0.77720020
16.48624990,0.06329964,1.82643732,0.80198281
16.48874990,0.06080167,1.90147445,0.75398944
16.49124990,0.06288911,1.83835985,0.80830207
16.49374990,0.06014559,1.92221613,0.72624711
16.49624990,0.06067179,1.90554495,0.74920002
16.49874990,0.05793763,1.99547044,0.69072156
16.50124990,0.06184959,1.86925763,0.77168449
16.50374990,0.05692160,1.94687069,0.65409104
16.50624990,0.05760732,1.92369628,0.67258570
16.50874990,0.05607840,1.97614391,0.64329432
16.51124990,0.05726974,1.93503579,0.66734753
16.51374990,0.05469380,1.77040431,0.60559072
16.51624990,0.05472983,1.76923903,0.60631732
16.51874990,0.05467002,1.77117445,0.60518652
16.52124990,0.05373281,1.80206748,0.59900120
16.52374990,0.05208233,1.85917465,0.55936615
16.52624990,0.05362977,1.80552968,0.58544047
16.52874990,0.05465842,1.77155049,0.60556281
16.53124990,0.05701784,1.69824297,0.65592824
16.53374990,0.05636531,1.71790327,0.64064010
16.53624990,0.05789855,1.67241054,0.67260844
16.53874990,0.05854988,1.65380600,0.68886286
16.54124990,0.05845233,1.65656603,0.69415857
16.54374990,0.06292419,1.73186483,0.80341013
16.54624990,0.06460651,1.68676817,0.84050727
16.54874990,0.06804114,1.60162209,0.94899388
16.55124990,0.06525088,1.67011086,0.87084068
16.55374990,0.06795353,1.60368719,0.93089001
16.55624990,0.06928951,1.57276622,0.96901403
16.55874990,0.07098533,1.53519323,1.01086161
16.56124990,0.07253964,1.50229866,1.05398672
16.56374990,0.07086745,1.53774683,1.01064916
16.56624990,0.07284756,1.49594859,1.07362707
16.56874990,0.07168412,1.52022781,1.03538372
16.57124990,0.07155757,1.52291637,1.03234349
16.57374990,0.07065229,1.54242986,1.00510593
16.57624990,0.07033127,1.54946999,0.99133984
16.57874990,0.07277510,1.49743797,1.06267703
16.58124990,0.07025395,1.55117536,0.99778227
16.58374990,0.07035320,1.54898699,1.01424261
16.58624990,0.06889047,1.58187636,0.96536326
16.58874990,0.06898843,1.57963018,0.96731874
16.59124990,0.06980234,1.56121135,0.98917947
16.59374990,0.06796230,1.46003080,0.92922983
16.59624990,0.06668596,1.48797524,0.90652868
16.59874990,0.06594188,1.50476527,0.88848218
16.60124990,0.06603908,1.50255038,0.87939559
16.60374990,0.06364093,1.55917037,0.81434779
16.60624990,0.06204711,1.59922106,0.77416151
16.60874990,0.05939358,1.67066952,0.72295295
16.61124990,0.05659066,1.75341747,0.66724477
16.61374990,0.05970655,1.66191223,0.75652269
16.61624990,0.05853679,1.69512280,0.73343636
16.61874990,0.05898455,1.68225488,0.77136006
16.62124990,0.06449891,1.95481723,0.93230272
16.62374990,0.07424982,2.24063189,1.15278460
16.62624990,0.07560250,2.20054258,1.20497621
16.62874990,0.07585342,2.19326317,1.21046559
16.63124990,0.08206601,2.02722802,1.37109982
16.63374990,0.08535246,1.94917079,1.47263344
16.63624990,0.08644272,1.92458675,1.50373139
16.63874990,0.08584487,1.93799021,1.48296274
16.64124990,0.08399009,1.98078749,1.41291356
16.64374990,0.08227231,2.02214462,1.36048387
16.64624990,0.08538536,1.94841974,1.47902856
16.64874990,0.08614950,1.93113728,1.50751308
16.65124990,0.08589855,1.93677916,1.49638899
16.65374990,0.08641587,1.92518474,1.50772826
16.65624990,0.09254590,1.79766496,1.71394664
16.65874990,0.09477222,1.75543555,1.80858567
16.66124990,0.09526288,1.74639396,1.83394680
16.66374990,0.09522647,1.74706164,1.83272289
16.66624990,0.09964592,1.66957688,2.02693777
16.66874990,0.09970531,1.66858240,2.05460981
16.67124990,0.10056105,1.65438329,2.08467214
16.67374990,0.09710746,1.58664621,1.93182342
16.67624990,0.09882189,1.55912003,1.98989836
16.67874990,0.10001040,1.54059173,2.02228790
16.68124990,0.09766754,1.57754762,1.92204750
16.68374990,0.09609605,1.60334569,1.85711319
16.68624990,0.09487887,1.62391466,1.80364596
16.68874990,0.09515783,1.61915413,1.81196639
16.69124990,0.09736521,1.58244606,1.90491523
16.69374990,0.09985646,1.54296672,2.02582169
16.69624990,0.09805247,1.57135447,1.96283578
16.69874990,0.09590374,1.60656085,1.86476522
16.70124990,0.09648801,1.59683244,1.92174885
16.70374990,0.09897782,1.55666385,2.01238874
16.70624990,0.09406329,1.51219376,1.79122181
16.70874990,0.09279191,1.53291303,1.77883912
16.71124990,0.09298371,1.52975098,1.78414820
16.71374990,0.09359618,1.51974075,1.81151743
16.71624990,0.08990447,1.54622958,1.78699837
16.71874990,0.09169342,1.51606232,1.83469048
16.72124990,0.08701250,1.42305841,1.61178404
16.72374990,0.08354229,1.48216996,1.57164124
16.72624990,0.08574902,1.72169846,1.57259973
16.72874990,0.08451809,1.74677351,1.51934308
16.73124990,0.08097879,1.82311889,1.42181978
16.73374990,0.08345321,1.76906277,1.42171713
16.73624990,0.08702365,1.69648086,1.57170722
16.73874990,0.08674177,1.70199388,1.56688117
16.74124990,0.08620301,1.71263123,1.50148099
16.74374990,0.08634113,1.70989153,1.50678930
16.74624990,0.08542785,1.72817139,1.50055264
16.74874990,0.08805542,1.67660273,1.57739064
16.75124990,0.08920766,1.65494716,1.62799464
16.75374990,0.08516277,1.73355047,1.49799578
16.75624990,0.08634474,1.70981991,1.50323536
16.75874990,0.08705044,1.69595890,1.53174729
16.76124990,0.08819783,1.67389560,1.60027848
16.76374990,0.09138399,1.64340394,1.71645992
16.76624990,0.09374309,1.60204675,1.82006115
16.76874990,0.09198579,1.63265236,1.73757538
16.77124990,0.09619904,1.56114665,1.85153626
16.77374990,0.10013400,1.49979837,2.01389613
16.77624990,0.09454168,1.58851440,1.82729503
16.77874990,0.09317320,1.61184558,1.77697671
16.78124990,0.09402161,1.59730097,1.82320814
16.78374990,0.09235272,1.62616559,1.76690303
16.78624990,0.09666652,1.78953015,1.88925502
16.78874990,0.09923269,1.74325258,2.02882887
16.79124990,0.09789436,1.76708488,1.97434189
16.79374990,0.10006380,1.72877355,2.00664553
16.79624990,0.10087846,1.71481264,2.04316189
16.79874990,0.10046677,1.72183942,2.05902915
16.80124990,0.11490579,2.30022404,2.74339257
16.80374990,0.11748725,2.24968298,2.91104164
16.80624990,0.11563707,2.28567764,2.78883162
16.80874990,0.11660172,2.26676824,2.76352941
16.81124990,0.11527964,2.29276444,2.72353057
16.81374990,0.11480956,2.30215218,2.84709431
16.81624990,0.12420113,2.12807304,3.60679659
16.81874990,0.12537317,2.10817886,3.70281041
16.82124990,0.12164232,2.17283813,3.36835017
16.82374990,0.12254113,2.15690088,3.24425628
16.82624990,0.15005748,2.58134726,4.53517262
16.82874990,0.14931957,2.59410393,4.50431690
16.83124990,0.20602283,3.09571513,8.77152712
16.83374990,0.23390387,2.72670985,11.34795526
16.83624990,0.28415741,2.61134475,18.29632680
16.83874990,0.28430473,2.60999162,18.30671045
16.84124990,0.33847786,2.43115740,27.83469632
16.84374990,0.46124136,3.05343922,48.65042565
16.84624990,0.47912589,2.93946226,49.56058171
16.84874990,0.48065780,2.93009384,49.26854036
16.85124990,0.47755597,2.94912542,49.92258042
16.85374990,0.48609572,2.89731509,52.20255127
16.85624990,0.50296789,2.80012403,58.12370362
16.85874990,0.74094794,3.28688720,129.74751767
16.86124990,0.80556311,3.02324209,144.64871683
16.86374990,0.82953711,2.93586900,145.84459472
16.86624990,0.88466986,2.75290526,170.82500331
16.86874990,1.17414952,2.94136679,283.61365300
16.87124990,1.18670169,2.91025490,286.00204393
16.87374990,1.18685190,2.90988657,285.62262415
16.87624990,1.40340318,2.46087828,397.67220801
16.87874990,1.41940717,2.43313157,406.60656087
16.88124990,1.47489430,2.34159451,454.63493908
16.88374990,1.54360309,2.23736556,497.23762456
16.88624990,1.53987790,2.24277808,496.51672244
16.88874990,1.68839639,2.04549383,610.06748501
16.89124990,1.67834985,2.05773808,611.79312096
16.89374990,1.65369644,2.08841497,616.68828794
16.89624990,1.71360780,2.01539956,675.66212009
16.89874990,1.71436200,2.01451293,670.13124724
16.90124990,1.71715913,2.01123143,667.34904290
16.90374990,1.71543268,2.01325557,668.29379786
16.90624990,1.71670877,2.01175904,668.23471710
16.90874990,1.63650175,2.11035791,637.72475687
16.91124990,1.60581771,2.15068273,602.43600686
16.91374990,1.65930377,2.08135754,656.91598711
16.91624990,1.63197045,2.11621748,650.41876055
16.91874990,1.45295708,2.32059219,501.53623562
16.92124990,1.45005153,2.32524208,498.38949523
16.92374990,1.49345999,2.25765730,507.65562988
16.92624990,1.32264180,2.34269503,390.68768144
16.92874990,1.31147989,2.36263354,388.80159395
16.93124990,1.24091276,2.49698969,341.59378819
16.93374990,1.14893217,2.69689234,280.12635773
16.93624990,1.14694154,2.70157308,279.61598370
16.93874990,0.91766822,2.27986530,174.29527518
16.94124990,0.92041801,2.27305411,173.80254458
16.94374990,0.91155011,2.29516722,170.22999854
16.94624990,0.78241766,2.64942762,122.45216079
16.94874990,0.77975811,2.65846410,121.72187005
16.95124990,0.77341237,2.68027645,119.98422272
16.95374990,0.77191198,2.68548618,119.62848204
16.95624990,0.75813659,2.73428162,116.46535104
16.95874990,0.73994634,2.80149905,112.48432303
16.96124990,0.73971556,2.80237305,112.08472559
16.96374990,0.57747287,2.78398662,68.03522398
16.96624990,0.57099281,2.81558142,67.32654459
16.96874990,0.53095586,3.02789152,60.58767320
16.97124990,0.51061565,3.14850662,55.08153417
16.97374990,0.36309955,3.64086384,26.83714020
16.97624990,0.21140982,2.66350902,9.26596639
16.97874990,0.16984351,2.82046321,6.34955009
16.98124990,0.16751527,2.85966400,6.39235861
16.98374990,0.16859499,2.84135008,6.50527627
16.98624990,0.13235135,2.76366567,3.92274860
16.98874990,0.10582819,3.01425673,2.43352167
16.99124990,0.07923489,1.91713900,1.33361949
16.99374990,0.07510178,2.02264574,1.14348115
16.99624990,0.07465086,2.03486342,1.13349559
16.99874990,0.07364653,2.06261323,1.10759946
17.00124990,0.07451700,2.03851866,1.13018317
17.00374990,0.07053162,2.15370498,1.05504769
17.00624990,0.07054724,2.15322797,1.05440008
17.00874990,0.06822170,2.22662723,0.96703527
17.01124990,0.06751904,2.24979940,0.94483759
17.01374990,0.05870093,1.93510167,0.69357921
17.01624990,0.05777708,1.96604358,0.66775541
17.01874990,0.05972828,1.90181720,0.71806077
17.02124990,0.06158817,1.84438433,0.76593031
17.02374990,0.05968180,1.90329823,0.71615949
17.02624990,0.05767149,1.96964324,0.66640240
17.02874990,0.05788026,1.96253881,0.67020778
17.03124990,0.06095464,1.86355391,0.74889677
17.03374990,0.05582147,1.90675356,0.63532652
17.03624990,0.05053492,1.77001177,0.51753550
17.03874990,0.04675281,1.91319819,0.46829830
17.04124990,0.04796085,1.86500875,0.51439564
17.04374990,0.04677062,1.91246985,0.48273101
17.04624990,0.04674932,1.91334104,0.48212154
17.04874990,0.04497456,1.98884441,0.43139918
17.05124990,0.04323783,2.06873030,0.37732745
17.05374990,0.04449756,2.01016413,0.39654886
17.05624990,0.04573836,1.95563192,0.42240149
17.05874990,0.04612621,1.93918800,0.42914909
17.06124990,0.04579267,1.95331258,0.41954809
17.06374990,0.05198314,2.18660017,0.54988825
17.06624990,0.05348729,2.12510945,0.58368715
17.06874990,0.05419764,2.09725619,0.60110191
17.07124990,0.05262335,2.15999826,0.56558937
17.07374990,0.05959448,2.24535603,0.71596467
17.07624990,0.06099901,2.19365572,0.75189480
17.07874990,0.06546980,2.04385558,0.88460371
17.08124990,0.06493000,2.06084757,0.86980971
17.08374990,0.06541399,2.04559942,0.86398131
17.08624990,0.06747417,1.98314150,0.91917128
17.08874990,0.07044902,1.89939949,0.99458941
17.09124990,0.07183287,1.86280773,1.03651654
17.09374990,0.07211688,1.85547169,1.04486211
17.09624990,0.07492714,1.78587916,1.12619399
17.09874990,0.07487697,1.78707586,1.12478065
17.10124990,0.07922382,1.70171396,1.27050969
17.10374990,0.07854700,1.71637716,1.25130021
17.10624990,0.07782803,1.73223311,1.21855648
17.10874990,0.07735769,1.74276516,1.20928280
17.11124990,0.07880397,1.71078045,1.25025951
17.11374990,0.07492512,1.79934688,1.12330456
17.11624990,0.07438072,1.81251642,1.12190346
17.11874990,0.07240304,1.86202523,1.06651835
17.12124990,0.07333779,1.83829203,1.12961766
17.12374990,0.06729153,2.00346594,0.95953646
17.12624990,0.06839686,1.97108878,0.94605773
17.12874990,0.06391812,2.10920298,0.85343049
17.13124990,0.06532163,2.06388417,0.89084468
17.13374990,0.06464371,2.08552841,0.86502315
17.13624990,0.06455218,2.08848549,0.85660841
17.13874990,0.06181489,2.18096774,0.76726537
17.14124990,0.06333700,2.12855481,0.87360593
17.14374990,0.06303037,2.13890980,0.86817747
17.14624990,0.06252759,2.15610875,0.79134069
17.14874990,0.06295866,2.14134622,0.79977970
17.15124990,0.06402084,2.25668197,0.85847186
17.15374990,0.06448416,2.24046743,0.87462948
17.15624990,0.06561682,2.20179326,0.88398454
17.15874990,0.06586947,2.19334803,0.88781797
17.16124990,0.06680534,2.16262164,0.89475785
17.16374990,0.06750614,2.14017082,0.91583649
17.16624990,0.06815071,2.11992894,0.93889086
17.16874990,0.06904125,2.09258488,0.96841790
17.17124990,0.06764903,2.13565030,0.93961223
17.17374990,0.06964556,2.07442760,0.98748944
17.17624990,0.07328112,1.97151294,1.08332891
17.17874990,0.07417452,1.94776691,1.10791899
17.18124990,0.07130554,2.02613537,1.06997720
17.18374990,0.07237292,1.99625321,1.10095318
17.18624990,0.07181239,2.01183487,1.04116876
17.18874990,0.07393623,1.95404422,1.12423954
17.19124990,0.06971295,2.07242220,0.99666745
17.19374990,0.07041887,2.05164713,1.00964430
17.19624990,0.06800783,2.12438275,0.94448258
17.19874990,0.06866705,2.10398837,0.94816925
17.20124990,0.06084777,2.12959598,0.77610995
17.20374990,0.06276031,2.06469924,0.82695930
17.20624990,0.06499883,1.99359233,0.85064754
17.20874990,0.06503385,1.99251877,0.85134152
17.21124990,0.06410512,2.02138547,0.82640165
17.21374990,0.06924634,1.87130705,0.97397581
17.21624990,0.07135443,1.81602127,1.06560776
17.21874990,0.07055598,1.83657240,1.06810785
17.22124990,0.07498168,1.72817106,1.16625806
17.22374990,0.07804972,1.66023882,1.22067182
17.22624990,0.07498636,1.71759730,1.15285400
17.22874990,0.07409159,1.73833990,1.13026601
17.23124990,0.07582794,1.69853443,1.17027065
17.23374990,0.07692563,1.67429718,1.20565896
17.23624990,0.07603984,1.69380122,1.16360130
17.23874990,0.07511938,1.71455580,1.13884986
17.24124990,0.07739400,1.66416470,1.21512557
17.24374990,0.07657736,1.68191181,1.18408586
17.24624990,0.07708626,1.67080844,1.19678060
17.24874990,0.07957126,1.61862930,1.28223379
17.25124990,0.08105926,1.58891616,1.32559276
17.25374990,0.07937497,1.62263193,1.28468739
17.25624990,0.08307544,1.73290304,1.40479017
17.25874990,0.08975531,1.72045934,1.61252961
17.26124990,0.08959308,1.72357476,1.63350309
17.26374990,0.08497315,1.81728417,1.48960013
17.26624990,0.08674805,1.78010181,1.54223516
17.26874990,0.08956579,1.72409981,1.62670720
17.27124990,0.08579749,1.79982395,1.47584390
17.27374990,0.08224499,1.87756559,1.35324451
17.27624990,0.08324956,1.85490922,1.38745927
17.27874990,0.08352397,1.84881491,1.39842907
17.28124990,0.08257037,1.87016685,1.36878529
17.28374990,0.08377428,1.84329099,1.41114788
17.28624990,0.08583948,1.79894342,1.47785435
17.28874990,0.08576808,1.80044105,1.47563880
17.29124990,0.08376193,1.84356270,1.41047107
17.29374990,0.08719351,1.77100751,1.52648551
17.29624990,0.08710039,1.77290106,1.52290585
17.29874990,0.08465779,1.82405383,1.44767527
17.30124990,0.08424180,1.83306110,1.43269673
17.30374990,0.08436080,1.83047546,1.42711046
17.30624990,0.08270039,1.86722667,1.37372132
17.30874990,0.07584290,1.64616828,1.15795600
17.31124990,0.07831375,1.59423042,1.23078787
17.31374990,0.08047867,1.55134482,1.31163101
17.31624990,0.07618801,1.61699527,1.18049016
17.31874990,0.07592435,1.62261042,1.17148063
17.32124990,0.07610969,1.61865916,1.17511346
17.32374990,0.07565185,1.62845531,1.16442441
17.32624990,0.07387098,1.66771381,1.10964406
17.32874990,0.07355099,1.67496937,1.09244078
17.33124990,0.07303895,1.68671168,1.07788766
17.33374990,0.07007584,1.75803302,0.98483928
17.33624990,0.06734033,1.82944837,0.91741651
17.33874990,0.07079355,1.74021007,1.01069341
17.34124990,0.07299104,1.68781890,1.08570772
17.34374990,0.07052741,1.74677700,1.01617021
17.34624990,0.07124106,1.72927875,1.03172855
17.34874990,0.07326902,1.68141533,1.09473824
17.35124990,0.07523020,1.63758246,1.14534522
17.35374990,0.07592344,1.62263004,1.16097513
17.35624990,0.07183283,1.65176342,1.03269890
17.35874990,0.07692495,1.70743319,1.19433037
17.36124990,0.07319022,1.79455959,1.09702690
17.36374990,0.07405498,1.77360395,1.11987502
17.36624990,0.07516290,1.74746062,1.16049746
17.36874990,0.07404470,1.77385018,1.13076640
17.37124990,0.07873111,1.66826316,1.25116618
17.37374990,0.08007478,1.64026934,1.30184444
17.37624990,0.07859466,1.67115957,1.25752060
17.37874990,0.08119600,1.61761931,1.32335634
17.38124990,0.08392185,1.56507761,1.42267299
17.38374990,0.08470495,1.55060850,1.44753047
17.38624990,0.08701064,1.50951904,1.51476391
17.38874990,0.08573048,1.53205960,1.46997432
17.39124990,0.08991556,1.66407675,1.62135961
17.39374990,0.08926288,1.67624427,1.61135918
17.39624990,0.09034725,1.65612554,1.64764844
17.39874990,0.09163771,1.63280370,1.70033682
17.40124990,0.08905062,1.68023971,1.61926455
17.40374990,0.08854941,1.68975030,1.60695406
17.40624990,0.08908153,1.67965675,1.62964699
17.40874990,0.08419195,1.77720544,1.52906486
17.41124990,0.08558162,1.74834726,1.56658463
17.41374990,0.08314954,1.79948562,1.45216435
17.41624990,0.08380873,1.78533186,1.52951557
17.41874990,0.08772403,1.70564889,1.60338749
17.42124990,0.09396982,2.06342702,1.87174273
17.42374990,0.09241421,2.09816070,1.83218695
17.42624990,0.09671447,2.00486916,1.91771564
17.42874990,0.10311890,1.88035231,2.20802472
17.43124990,0.10229307,1.89553279,2.18016344
17.43374990,0.10217194,1.89778002,2.13047083
17.43624990,0.10368065,1.87016438,2.20420479
17.43874990,0.10171094,1.90638165,2.13770606
17.44124990,0.09772728,1.98409158,1.93354286
17.44374990,0.09897136,1.95915116,1.99474644
17.44624990,0.09690436,2.00094054,1.91708201
17.44874990,0.09526952,2.03527700,1.81898272
17.45124990,0.10192921,1.90229921,2.13812993
17.45374990,0.10251030,1.89151599,2.16970298
17.45624990,0.10609114,1.82767247,2.26012988
17.45874990,0.11112087,1.74494555,2.51930039
17.46124990,0.11120771,1.74358290,2.52300184
17.46374990,0.11419193,1.69801724,2.61211837
17.46624990,0.11934203,1.62474078,2.86647445
17.46874990,0.11513576,1.68409760,2.70057564
17.47124990,0.10842502,1.69847700,2.41119794
17.47374990,0.10912096,1.68764462,2.45464860
17.47624990,0.10523997,1.74988086,2.26510032
17.47874990,0.10530382,1.75573872,2.24273209
17.48124990,0.10730689,1.72296478,2.35465881
17.48374990,0.10625227,1.74006625,2.29394600
17.48624990,0.10602811,1.74374506,2.25993693
17.48874990,0.10987908,1.68263153,2.42745655
17.49124990,0.10839120,1.70572879,2.35818802
17.49374990,0.11028371,1.67645790,2.44720097
17.49624990,0.11363312,1.62704326,2.62027091
17.49874990,0.11208717,1.64948396,2.53670878
17.50124990,0.10852576,1.70361390,2.36969751
17.50374990,0.10799912,1.71192136,2.34858166
17.50624990,0.10338336,1.78835358,2.14208079
17.50874990,0.10324783,1.79070113,2.25294447
17.51124990,0.10336750,1.78862785,2.29834141
17.51374990,0.10149250,1.82167145,2.12101638
17.51624990,0.10456978,2.01476986,2.23865433
17.51874990,0.10528558,2.00107222,2.25494227
17.52124990,0.10374961,2.03069734,2.17420644
17.52374990,0.10765798,1.95697559,2.40975263
17.52624990,0.11200272,1.88106196,2.58462202
17.52874990,0.10451670,2.01579319,2.20266090
17.53124990,0.10195193,2.06650384,2.12741131
17.53374990,0.11002995,1.91478827,2.45574895
17.53624990,0.10740502,1.96158478,2.32177809
17.53874990,0.10347530,2.03608054,2.16762063
17.54124990,0.10882299,1.93602523,2.38472655
17.54374990,0.10527894,2.00119845,2.21872338
17.54624990,0.10281251,2.04920632,2.13765654
17.54874990,0.11083701,1.90084563,2.50528667
17.55124990,0.10874960,1.93733180,2.39855554
17.55374990,0.10915014,1.93022247,2.39466445
17.55624990,0.10945965,1.92476444,2.40472050
17.55874990,0.10443339,2.01740130,2.23333646
17.56124990,0.10728331,1.96381019,2.43209389
17.56374990,0.10675346,1.97355715,2.40338029
17.56624990,0.09610833,1.92931906,1.90114423
17.56874990,0.09717761,1.90809009,1.90501047
17.57124990,0.09693103,1.91294407,1.89144119
17.57374990,0.09395321,1.97357419,1.86413749
17.57624990,0.09657300,1.92003601,2.11789575
17.57874990,0.09633808,1.92471799,2.11662686
17.58124990,0.09489283,1.95403210,2.01889965
17.58374990,0.08649718,2.14369577,1.65224846
17.58624990,0.08585566,2.15971351,1.59599411
17.58874990,0.09949646,2.29598901,2.06573053
17.59124990,0.10181524,2.24369937,2.46097120
17.59374990,0.22300648,3.98005550,11.08094669
17.59624990,0.27523874,3.22475736,15.92789807
17.59874990,0.27211002,3.26183568,15.96450703
17.60124990,0.30753267,2.88612641,20.77710571
17.60374990,0.31300858,2.83563529,21.94477004
17.60624990,0.60669216,3.83160190,77.50532133
17.60874990,0.64345064,3.61271353,90.09477183
17.61124990,0.70749503,3.28568080,112.38158466
17.61374990,0.87986812,2.65996295,183.72703518
17.61624990,0.87987115,2.65995378,183.73623636
17.61874990,0.96527790,2.42460395,233.85782260
17.62124990,1.17811218,2.56392210,350.33789901
17.62374990,1.19282877,2.53228956,370.06977153
17.62624990,1.22222528,2.47138388,397.10684607
17.62874990,1.22266498,2.47049510,394.75005601
17.63124990,1.22289818,2.47002399,396.06090807
17.63374990,1.27608391,2.36707620,402.81163401
17.63624990,1.32537444,2.27904490,452.97387245
17.63874990,1.33258868,2.26670682,461.76960232
17.64124990,1.35546478,2.22845174,490.88077251
17.64374990,1.50326882,2.02191423,605.67868204
17.64624990,1.53077647,1.98558097,668.60240687
17.64874990,1.58980148,1.91186173,740.04297582
17.65124990,1.61216295,1.88534330,804.69548180
17.65374990,1.70016519,1.78775606,911.00947417
17.65624990,1.64454972,1.84821448,846.96222612
17.65874990,1.89768802,2.28803027,1120.18891563
17.66124990,1.95558188,2.22029448,1195.53799547
17.66374990,2.02140521,2.14799469,1277.80255795
17.66624990,2.08662529,2.08085643,1399.13251555
17.66874990,2.06961836,2.09795570,1370.14702266
17.67124990,2.01300079,2.15696272,1295.95251824
17.67374990,2.04891416,2.11915547,1244.59182895
17.67624990,2.04025936,2.12814495,1227.27705791
17.67874990,2.08257173,2.08490664,1219.27496366
17.68124990,2.08940252,2.07809055,1200.00689292
17.68374990,2.05823570,2.10955803,1221.97399698
17.68624990,2.03748670,2.13104097,1141.06731568
17.68874990,2.05347303,2.11445078,1172.39273465
17.69124990,2.04845127,2.11963433,1125.99819250
17.69374990,1.93367609,2.24544724,964.87721291
17.69624990,1.90647293,2.27748717,913.61038728
17.69874990,1.85787334,2.33706332,833.89810733
17.70124990,1.83489571,2.36632939,803.25326996
17.70374990,1.75354241,2.47611214,702.00308527
17.70624990,1.73226414,2.50652746,676.78333784
17.70874990,1.43590910,2.27945510,448.83164957
17.71124990,1.32351017,2.47303754,365.25787232
17.71374990,1.10326404,2.09843685,256.08835271
17.71624990,0.97427392,2.17757430,192.70292476
17.71874990,0.92841041,2.28514654,180.60285921
17.72124990,0.79808482,2.38546963,135.89456299
17.72374990,0.67507130,2.77577360,92.99823771
17.72624990,0.64721954,2.89522327,88.57845369
17.72874990,0.49329781,2.67684952,54.09424164
17.73124990,0.46335835,2.84981162,46.07642907
17.73374990,0.45943084,2.87417365,44.92458993
17.73624990,0.40973097,3.22280744,34.61407246
17.73874990,0.28407016,3.24534739,16.55044798
17.74124990,0.19605177,2.28099918,8.12748631
17.74374990,0.18410116,2.42906630,7.70760942
17.74624990,0.16991246,2.63190773,7.26075845
17.74874990,0.16663074,2.68374207,6.88086718
17.75124990,0.14279913,3.13162922,4.85564040
17.75374990,0.13254657,3.37386277,3.93035286
17.75624990,0.08929301,3.05882713,1.74430286
17.75874990,0.07123647,2.14588133,1.01557380
17.76124990,0.07198280,2.12363241,1.07930761
17.76374990,0.06342037,2.03330664,0.88031978
17.76624990,0.06339039,2.03426832,0.88085895
17.76874990,0.06441404,2.00194036,0.88886579
17.77124990,0.06477686,1.99072714,0.89292520
17.77374990,0.06564639,1.96435883,0.90454885
17.77624990,0.06413209,2.01074158,0.85150084
17.77874990,0.06402481,2.01411092,0.84724771
17.78124990,0.06144393,2.09871101,0.77030620
17.78374990,0.06051341,2.13098307,0.74597900
17.78624990,0.06011599,2.14507072,0.73125462
17.78874990,0.06128206,2.10425458,0.75929939
17.79124990,0.06166920,2.09104481,0.76770420
17.79374990,0.06240566,2.06636816,0.78657265
17.79624990,0.06320370,2.04027704,0.80466654
17.79874990,0.06204703,2.07831168,0.77473520
17.80124990,0.06398991,2.01520941,0.83726902
17.80374990,0.06310400,2.04350063,0.81460723
17.80624990,0.06426975,2.00643483,0.84864312
17.80874990,0.05970951,1.76011683,0.73911377
17.81124990,0.05571576,1.88628346,0.62509963
17.81374990,0.05664314,1.85540071,0.65693923
17.81624990,0.05893349,1.78329356,0.71053009
17.81874990,0.05973022,1.75950644,0.73351276
17.82124990,0.05902145,1.78063582,0.71536321
17.82374990,0.06102169,1.72226825,0.74476143
17.82624990,0.06215297,1.69092018,0.77323765
17.82874990,0.06585989,1.59574694,0.87644124
17.83124990,0.06516026,1.61288050,0.85747748
17.83374990,0.06495951,1.61786484,0.84407629
17.83624990,0.06829239,1.53890811,0.94284535
17.83874990,0.06952265,1.51167577,0.97683242
17.84124990,0.07057596,1.48911485,1.01015430
17.84374990,0.06806207,1.54411565,0.94179285
17.84624990,0.06678245,1.57370252,0.89411461
17.84874990,0.06692262,1.57040652,0.90110355
17.85124990,0.06888650,1.52563586,0.95692612
17.85374990,0.06785345,1.54886311,0.92538575
17.85624990,0.06384218,1.58518496,0.82179394
17.85874990,0.06290643,1.60876493,0.80440910
17.86124990,0.06364062,1.59020549,0.82720173
17.86374990,0.06343514,1.59535651,0.82097844
17.86624990,0.06178947,1.63784662,0.77058541
17.86874990,0.06272834,1.61333257,0.79176034
17.87124990,0.06539759,1.54748301,0.87141302
17.87374990,0.06541174,1.54714837,0.87181278
17.87624990,0.06397237,1.58195910,0.82588939
17.87874990,0.06297413,1.60703548,0.80858871
17.88124990,0.06566901,1.54108713,0.87877738
17.88374990,0.07057480,1.71850709,1.03870080
17.88624990,0.06874977,1.76412644,0.98500613
17.88874990,0.06806286,1.78193050,0.93001703
17.89124990,0.06493490,1.86776746,0.85293238
17.89374990,0.07090170,1.87434436,1.02631789
17.89624990,0.07053372,1.88412304,1.01439681
17.89874990,0.07058303,1.88280674,1.00708074
17.90124990,0.06701794,1.98296457,0.90599022
17.90374990,0.06966618,1.90758576,0.97542576
17.90624990,0.07049625,1.88512437,1.00269116
17.90874990,0.07127960,1.86440726,1.02853739
17.91124990,0.07062873,1.88158858,1.00371912
17.91374990,0.07357027,1.80635750,1.13110394
17.91624990,0.07438132,1.78666097,1.15545419
17.91874990,0.07314150,1.81694668,1.07675386
17.92124990,0.07099144,1.87197507,1.02275184
17.92374990,0.07043449,1.88677748,1.00695100
17.92624990,0.07167738,1.85406062,1.05893283
17.92874990,0.06994185,1.90006698,1.00577051
17.93124990,0.06752743,1.96800330,0.91602512
17.93374990,0.06287642,2.11357796,0.84113995
17.93624990,0.06357180,2.09045857,0.86630688
17.93874990,0.06458104,2.05778971,0.84851179
17.94124990,0.06485439,2.04911658,0.84855463
17.94374990,0.06043910,1.67308443,0.75305782
17.94624990,0.06262133,1.61478072,0.81268904
17.94874990,0.06416042,1.57604514,0.83404567
17.95124990,0.06403603,1.57910668,0.82619357
17.95374990,0.06285986,1.60865329,0.80621224
17.95624990,0.06186642,1.63448473,0.77812659
17.95874990,0.06345395,1.59359216,0.80854913
17.96124990,0.06382477,1.58433348,0.82054298
17.96374990,0.06261623,1.52760712,0.84524313
17.96624990,0.06122906,1.56221570,0.81757307
17.96874990,0.06680079,1.98127550,0.90459496
17.97124990,0.06877974,1.92426970,0.94893932
17.97374990,0.07233071,1.82980028,1.06835972
17.97624990,0.07139024,1.85390540,1.05090689
17.97874990,0.07293307,1.81468791,1.07399473
17.98124990,0.07372182,1.79527268,1.08758718
17.98374990,0.07500234,1.76462178,1.13697502
17.98624990,0.07327358,1.80625485,1.08739537
17.98874990,0.07103799,1.86309833,1.01109313
17.99124990,0.07106747,1.86232537,1.01063079
17.99374990,0.07100566,1.86394656,1.03383541
17.99624990,0.06845597,1.93337060,0.96944868
17.99874990,0.06837964,1.93552889,0.94304124
18.00124990,0.07072146,1.87143693,1.00100675
18.00374990,0.07087246,1.86744989,1.01948303
18.00624990,0.07083474,1.86844419,1.01846946
18.00874990,0.07038982,1.88025418,0.99496970
18.01124990,0.07097475,1.86475849,1.01880610
18.01374990,0.07147957,1.85158858,1.08689835
18.01624990,0.07237700,1.82863002,1.10560606
18.01874990,0.06787659,1.84438988,0.92316217
18.02124990,0.06677700,1.87476088,0.90705505
18.02374990,0.06205894,1.49495923,0.80558461
18.02624990,0.06611342,1.60575744,0.89739679
18.02874990,0.06387348,1.66206873,0.81923183
18.03124990,0.06676662,1.59004786,0.90755428
18.03374990,0.06593121,1.61019518,0.88439315
18.03624990,0.06841352,1.55177106,0.93688246
18.03874990,0.07108139,1.49352894,1.02909258
18.04124990,0.07202454,1.47397153,1.06239871
18.04374990,0.07131235,1.48869188,1.04596095
18.04624990,0.07358031,1.44280603,1.10606062
18.04874990,0.07402840,1.43407273,1.09701196
18.05124990,0.07175805,1.47944543,1.04287902
18.05374990,0.07041508,1.50766163,1.00514239
18.05624990,0.07142565,1.48633040,1.02273826
18.05874990,0.06868069,1.54573460,0.94794027
18.06124990,0.06928291,1.53229866,0.96586818
18.06374990,0.06847012,1.55048832,0.94498062
18.06624990,0.06925485,1.53291960,0.99593282
18.06874990,0.06945931,1.52840727,1.00212942
18.07124990,0.07127181,1.48953867,1.04183983
18.07374990,0.07396048,1.43888183,1.12860828
18.07624990,0.07106897,1.49742403,1.02371746
18.07874990,0.07230027,1.47192238,1.05156381
18.08124990,0.07022610,1.51539661,0.99455936
18.08374990,0.06962190,1.52854766,0.97317769
18.08624990,0.06713764,1.58510768,0.90322602
18.08874990,0.06480168,1.64224742,0.84733813
18.09124990,0.06408191,1.66069323,0.82972094
18.09374990,0.06245302,1.70400699,0.78252313
18.09624990,0.06312742,1.68580304,0.80021943
18.09874990,0.06148021,1.73096995,0.75797931
18.10124990,0.06234952,1.70683590,0.78536535
18.10374990,0.06460639,1.64721144,0.84476279
18.10624990,0.06820246,1.64845483,0.93342529
18.10874990,0.07113656,1.58046244,1.03604496
18.11124990,0.06967171,1.61369181,0.99805039
18.11374990,0.06796204,1.65428623,0.96433858
18.11624990,0.07011919,1.60339370,1.02062298
18.11874990,0.06814739,1.64978686,0.94403801
18.12124990,0.06505891,1.72810549,0.86364573
18.12374990,0.06068836,1.85255724,0.74046108
18.12624990,0.05984926,1.87853053,0.72343808
18.12874990,0.06333931,1.78705155,0.80874561
18.13124990,0.06305680,1.79505782,0.80080483
18.13374990,0.06355180,1.78107643,0.81385319
18.13624990,0.06430745,1.76014760,0.82978177
18.13874990,0.06687562,1.69255402,0.89683094
18.14124990,0.06877211,1.64587943,0.94640740
18.14374990,0.06884121,1.64422747,0.95131480
18.14624990,0.07025374,1.61316823,0.99109193
18.14874990,0.07020385,1.61431446,0.98991277
18.15124990,0.07057115,1.60591268,1.00080047
18.15374990,0.06973637,1.62513628,0.97580094
18.15624990,0.06783598,1.67066343,0.92590504
18.15874990,0.06551072,1.72996259,0.86176404
18.16124990,0.06676688,1.69741488,0.91400732
18.16374990,0.06781422,1.67119964,0.94281638
18.16624990,0.06518428,1.73862613,0.86209363
18.16874990,0.06553741,1.72925805,0.87071405
18.17124990,0.06704534,1.69036504,0.90156889
18.17374990,0.06982365,1.62310471,0.98304999
18.17624990,0.06974012,1.62504871,0.98916235
18.17874990,0.06581506,1.72196304,0.89700604
18.18124990,0.06826396,1.66018934,0.97237825
18.18374990,0.06728354,1.68438080,0.98098341
18.18624990,0.06719564,1.68658396,0.97935907
18.18874990,0.06499987,1.74355886,0.90405263
18.19124990,0.06225735,1.82036494,0.87077564
18.19374990,0.06916075,1.97153211,1.01592726
18.19624990,0.06940419,1.96461694,1.02409695
18.19874990,0.07039952,1.93684054,1.05067799
18.20124990,0.07339962,1.85767504,1.08373324
18.20374990,0.07453661,1.82933799,1.11815599
18.20624990,0.07429976,1.83516944,1.11178167
18.20874990,0.07415418,1.83877230,1.11008158
18.21124990,0.07375749,1.84866175,1.09679813
18.21374990,0.07243668,1.88237021,1.05498199
18.21624990,0.07488572,1.82080977,1.13106362
18.21874990,0.08095403,1.74011748,1.32863340
18.22124990,0.08387786,1.67946030,1.43812307
18.22374990,0.08148312,1.72881844,1.35020296
18.22624990,0.08403165,1.67638646,1.41853403
18.22874990,0.08434682,1.67012265,1.42925405
18.23124990,0.08279531,1.70141911,1.43737627
18.23374990,0.08744267,1.61099300,1.60304428
18.23624990,0.09093170,1.54917949,1.77190382
18.23874990,0.09027205,1.56050002,1.74076079
18.24124990,0.09397376,1.49903042,1.81740617
18.24374990,0.09280631,1.51788741,1.77468349
18.24624990,0.08978983,1.56888072,1.76720346
18.24874990,0.09175569,1.53526743,1.87947601
18.25124990,0.09298977,1.51489270,1.94054195
18.25374990,0.09072312,1.55274129,1.83168259
18.25624990,0.09275533,1.51872158,1.78142081
18.25874990,0.09854360,1.56848352,1.98661247
18.26124990,0.09787425,1.57921026,1.97743818
18.26374990,0.09788309,1.57906754,1.98191346
18.26624990,0.09499283,1.62711247,1.83059071
18.26874990,0.09089683,1.70043354,1.69428750
18.27124990,0.09876091,2.11187746,2.00310604
18.27374990,0.11307525,2.17821704,2.73713532
18.27624990,0.11164867,2.20604908,2.65928888
18.27874990,0.11099106,2.21911957,2.60124094
18.28124990,0.11131661,2.21262979,2.68355852
18.28374990,0.11013560,2.23635619,2.85223456
18.28624990,0.12696357,2.41841478,4.08373068
18.28874990,0.13955476,2.20021575,5.09609849
18.29124990,0.13740395,2.23465611,4.87516588
18.29374990,0.13515723,2.27180284,4.50906838
18.29624990,0.13601603,2.25745867,4.51212017
18.29874990,0.13392721,2.29266754,4.55415171
18.30124990,0.13522167,2.27072025,5.04627565
18.30374990,0.13543672,2.26711465,5.14343800
18.30624990,0.13469986,2.27951670,4.75938281
18.30874990,0.14086330,2.17977699,4.60448656
18.31124990,0.15187279,2.02176163,4.95799609
18.31374990,0.15722292,1.95296312,5.17830011
18.31624990,0.15842790,1.93810925,5.19475768
18.31874990,0.16893371,1.81758029,5.81426841
18.32124990,0.19515578,2.48107281,7.76147120
18.32374990,0.18795396,2.57613996,7.35623879
18.32624990,0.36152973,3.82291474,29.55814131
18.32874990,0.36160057,3.82216574,29.61321071
18.33124990,0.45241076,3.05496123,50.80155194
18.33374990,0.47253555,2.92485364,55.69841498
18.33624990,0.51593952,2.67879713,73.90423619
18.33874990,0.56728125,2.43635290,83.77536547
18.34124990,0.66487122,2.33333717,124.37095261
18.34374990,0.80111564,2.49546786,167.08798184
18.34624990,0.82156852,2.43334339,163.72158343
18.34874990,0.83254009,2.40127574,165.66194230
18.35124990,0.88968078,2.24705127,174.13412494
18.35374990,0.92595807,2.15901606,186.11605462
18.35624990,1.07484087,2.27282314,232.70538053
18.35874990,1.19747754,2.04005763,294.79544963
18.36124990,1.47695489,2.62346399,450.75643400
18.36374990,1.58958703,2.43757523,541.99771932
18.36624990,1.65675428,2.33875236,578.20933279
18.36874990,1.72504603,2.24616498,607.74553297
18.37124990,1.97755953,2.20032619,803.15188388
18.37374990,1.98575375,2.19124653,816.51542931
18.37624990,1.96700645,2.21213104,793.53548691
18.37874990,2.19445677,1.98284882,1040.08019849
18.38124990,2.18848525,1.98825924,1035.34999689
18.38374990,2.19015063,1.98674738,1034.93329744
18.38624990,2.34151088,1.85831980,1173.33038911
18.38874990,2.48898272,1.74821464,1254.61780521
18.39124990,2.46561692,1.76478187,1228.92763220
18.39374990,2.52111623,1.72593233,1273.58384038
18.39624990,2.55794717,1.70108127,1311.63762069
18.39874990,2.57820698,1.68771400,1336.23952457
18.40124990,2.56296151,1.69775317,1319.78746037
18.40374990,2.55856079,1.70067330,1309.40263088
18.40624990,2.50671666,1.73584677,1259.01491506
18.40874990,2.45738419,1.77069423,1222.87337845
18.41124990,2.30095413,1.89107465,1096.70631376
18.41374990,2.25700203,1.92790080,1106.86707760
18.41624990,2.25455271,1.92999525,1080.54151024
18.41874990,2.23410882,1.94765626,1015.74266419
18.42124990,2.03805457,2.13491576,872.19025134
18.42374990,2.05830453,2.11391209,883.45910512
18.42624990,2.05490095,2.11741340,871.40980627
18.42874990,1.81134773,2.16839361,736.40983379
18.43124990,1.80150324,2.18024301,719.84502341
18.43374990,1.79819507,2.18425404,714.47523877
18.43624990,1.58501992,2.47802239,597.67877717
18.43874990,1.32030286,2.33837848,399.26320072
18.44124990,1.31857227,2.34144754,401.85671603
18.44374990,1.12341142,1.86978630,290.51469372
18.44624990,1.02077573,1.99511101,226.21517024
18.44874990,0.95932971,2.12289984,201.08298601
18.45124990,0.94849251,2.14715548,192.76671983
18.45374990,0.92556773,2.20033698,183.88099845
18.45624990,0.90623578,2.24727486,172.00917562
18.45874990,0.88577215,2.29919273,164.98791027
18.46124990,0.88230502,2.30822771,161.61017516
18.46374990,0.79484396,2.56221472,137.13884274
18.46624990,0.65193530,2.59272070,90.28494472
18.46874990,0.53123180,2.86352173,56.80888832
18.47124990,0.41639479,3.65324889,36.81200471
18.47374990,0.24032843,2.24704101,14.34206131
18.47624990,0.22458006,2.40461167,12.07103856
18.47874990,0.21350153,2.52938621,10.63917946
18.48124990,0.18289704,2.95263305,7.55802617
18.48374990,0.13827222,3.58901862,4.23565631
18.48624990,0.08516666,2.49560673,1.54937863
18.48874990,0.07103625,1.56976999,1.04992649
18.49124990,0.07115502,1.56714973,1.05834315
18.49374990,0.07154144,1.55868493,1.06472434
18.49624990,0.06868419,1.62352594,1.00770837
18.49874990,0.06601024,1.68929205,0.93922504
18.50124990,0.06282649,1.77489740,0.88798738
18.50374990,0.06014088,1.85415586,0.83007020
18.50624990,0.05699350,1.95654898,0.82728842
18.50874990,0.05699914,1.95635523,0.82616493
18.51124990,0.05673804,1.96535833,0.81629905
18.51374990,0.05647844,1.97439193,0.80847833
18.51624990,0.05140624,1.84121589,0.64571686
18.51874990,0.05105015,1.85405878,0.63272207
18.52124990,0.04841744,1.95487386,0.52681865
18.52374990,0.04979920,1.90063254,0.55312350
18.52624990,0.04997501,1.89394599,0.52360575
18.52874990,0.05107546,1.85314004,0.56858707
18.53124990,0.04811116,1.96731862,0.48810656
18.53374990,0.04544642,2.08267204,0.46614340
18.53624990,0.04025511,1.62208764,0.38256278
18.53874990,0.04298879,1.73785361,0.41028606
18.54124990,0.04386440,1.70316290,0.42248746
18.54374990,0.04547056,1.64300194,0.42340473
18.54624990,0.04403939,1.69639530,0.39563567
18.54874990,0.04240384,1.76182677,0.36279146
18.55124990,0.04274680,1.74769148,0.36843415
18.55374990,0.04577541,1.89057388,0.42794856
18.55624990,0.04720393,1.83336021,0.45696560
18.55874990,0.04832795,1.79071948,0.48816005
18.56124990,0.04652513,1.86010880,0.46478402
18.56374990,0.04764551,1.81636836,0.47922379
18.56624990,0.04834122,1.79022777,0.48941243
18.56874990,0.05120831,1.68999525,0.53528163
18.57124990,0.05252131,1.64774645,0.55287465
18.57374990,0.05156581,1.67827860,0.54043442
18.57624990,0.05085546,1.70172093,0.52524523
18.57874990,0.05082554,1.70272257,0.52472053
18.58124990,0.05130808,1.68670895,0.53476461
18.58374990,0.05427698,1.59444771,0.58954729
18.58624990,0.05432885,1.59292523,0.59172069
18.58874990,0.05325155,1.62515076,0.56843647
18.59124990,0.05457537,1.58573001,0.59582998
18.59374990,0.05660881,1.65164422,0.64153006
18.59624990,0.05806658,1.61017935,0.67596455
18.59874990,0.05776700,1.61852987,0.67095069
18.60124990,0.05739069,1.62914258,0.66295639
18.60374990,0.05977397,1.91291502,0.71682831
18.60624990,0.06271484,1.82321304,0.78712224
18.60874990,0.06609057,1.73008839,0.87491763
18.61124990,0.06666603,1.71515423,0.89166345
18.61374990,0.06749328,1.69413199,0.91288224
18.61624990,0.06943424,1.64677438,0.96454801
18.61874990,0.07401141,1.85894988,1.09742974
18.62124990,0.07751809,1.77485674,1.20728184
18.62374990,0.07688263,1.78952651,1.18592230
18.62624990,0.07787829,1.76664778,1.21371479
18.62874990,0.07987654,1.72245197,1.27724896
18.63124990,0.08490719,1.65219481,1.44621055
18.63374990,0.08640697,1.62351746,1.49975859
18.63624990,0.08657696,1.62032970,1.50232676
18.63874990,0.08663240,1.61929293,1.50407438
18.64124990,0.09085760,1.54701400,1.65628266
18.64374990,0.09652710,1.79404918,1.86693564
18.64624990,0.09773665,1.77184672,1.91807474
18.64874990,0.09775820,1.77145614,1.91949708
18.65124990,0.09830903,1.76153062,1.93820641
18.65374990,0.09948122,1.74077438,1.98353174
18.65624990,0.10296692,1.68184458,2.12082971
18.65874990,0.10103811,1.71395092,2.04641710
18.66124990,0.10097815,1.71496868,2.04404996
18.66374990,0.10019969,1.72829236,2.00972695
18.66624990,0.10025904,1.72726925,2.01213509
18.66874990,0.09624073,1.79938742,1.85429198
18.67124990,0.09272475,1.86761736,1.72836620
18.67374990,0.09266113,1.86889970,1.72708940
18.67624990,0.09312077,1.85967489,1.74647663
18.67874990,0.09095507,1.90395492,1.66396241
18.68124990,0.08537925,2.02829556,1.45947963
18.68374990,0.08199742,2.11194879,1.35563953
18.68624990,0.08295192,2.08764738,1.39110534
18.68874990,0.08328578,2.07927890,1.40398302
18.69124990,0.07714166,2.24488756,1.20486860
18.69374990,0.06676256,2.32676513,0.90115582
18.69624990,0.06445142,2.41019975,0.87634783
18.69874990,0.06790175,2.28772912,0.99524816
18.70124990,0.06637835,2.34023301,0.93215604
18.70374990,0.05955371,2.60841514,0.72731436
18.70624990,0.04975979,1.92943676,0.50179003
18.70874990,0.05215274,1.84090758,0.56318201
18.71124990,0.05200827,1.84602117,0.57523848
18.71374990,0.05165539,1.85863228,0.55613765
18.71624990,0.04778916,2.00899894,0.45907381
18.71874990,0.05275386,2.17131362,0.57435193
18.72124990,0.05260704,2.17737335,0.57059516
18.72374990,0.05285433,2.16718606,0.57125925
18.72624990,0.05252628,2.18072139,0.58246408
18.72874990,0.05818679,2.10964372,0.69907037
18.73124990,0.05914083,2.07561193,0.73794675
18.73374990,0.05967544,2.05701724,0.74803811
18.73624990,0.05960077,2.05959424,0.71551026
18.73874990,0.06447220,2.00162292,0.86172733
18.74124990,0.06788045,1.90112212,0.94957115
18.74374990,0.06807702,1.89563263,0.94440170
18.74624990,0.06733625,1.91648676,0.92340097
18.74874990,0.06827677,1.89008689,0.93904601
18.75124990,0.06954549,1.85560601,0.97989407
18.75374990,0.06941984,1.85896470,0.97207156
18.75624990,0.06844147,1.88553857,0.93970366
18.75874990,0.06679010,1.93215791,0.90427293
18.76124990,0.06668475,1.93521035,0.90106162
18.76374990,0.06679241,1.93209131,0.89413944
18.76624990,0.06653975,1.93942749,0.88673302
18.76874990,0.06286340,2.05284828,0.80992326
18.77124990,0.06293743,2.05043366,0.81187005
18.77374990,0.06397855,2.01706707,0.82236266
18.77624990,0.06316098,2.04317631,0.81826610
18.77874990,0.05921585,2.17929884,0.73665141
18.78124990,0.05939257,2.17281442,0.73976591
18.78374990,0.06037867,2.13732807,0.74630177
18.78624990,0.06295669,2.04980649,0.79548935
18.78874990,0.05871188,1.84771693,0.71970336
18.79124990,0.05668897,1.91365170,0.67594219
18.79374990,0.05736024,1.89125652,0.67187508
18.79624990,0.06518279,2.13851534,0.86752625
18.79874990,0.06106319,2.28278905,0.75616703
18.80124990,0.06014528,2.31762813,0.73869604
18.80374990,0.06280402,2.21951362,0.80408434
18.80624990,0.06700485,2.08036265,0.90038688
18.80874990,0.06645932,2.09743932,0.90606579
18.81124990,0.06704732,2.07904473,0.92278075
18.81374990,0.07109591,1.96065276,1.01213253
18.81624990,0.07109575,1.96065704,1.01212426
18.81874990,0.07006414,1.98952549,0.99031967
18.82124990,0.07177479,1.94210794,1.04075248
18.82374990,0.07469921,1.86607573,1.12538677
18.82624990,0.07428322,1.87652586,1.11475668
18.82874990,0.07435255,1.87477623,1.11659944
18.83124990,0.07620499,1.82920292,1.17279648
18.83374990,0.07862850,1.77282274,1.24971146
18.83624990,0.07638945,1.82478587,1.18870781
18.83874990,0.07699941,1.81033067,1.20558087
18.84124990,0.08048425,1.73194607,1.30699793
18.84374990,0.08137416,1.71300562,1.33129681
18.84624990,0.07742174,1.60140320,1.21722651
18.84874990,0.07846530,1.58010515,1.24825415
18.85124990,0.08257095,1.50153814,1.36437620
18.85374990,0.08085307,1.53344122,1.30974962
18.85624990,0.07830052,1.58343049,1.23390471
18.85874990,0.08241551,1.50437009,1.36610080
18.86124990,0.08229884,1.50650277,1.35633476
18.86374990,0.07976696,1.55432067,1.27999326
18.86624990,0.08342193,1.48622107,1.40748965
18.86874990,0.08441566,1.46872553,1.43590041
18.87124990,0.08295022,1.49467268,1.41105316
18.87374990,0.08134214,1.52422142,1.35630986
18.87624990,0.08379105,1.47967389,1.40672628
18.87874990,0.08256535,1.50163994,1.38356462
18.88124990,0.08021498,1.54563930,1.30531401
18.88374990,0.07845162,1.58038065,1.25861332
18.88624990,0.07778084,1.59400999,1.24193363
18.88874990,0.07521404,1.64840807,1.14478460
18.89124990,0.07285434,1.69070579,1.08039440
18.89374990,0.07254971,1.69780482,1.07036342
18.89624990,0.07014822,1.75592839,0.99217499
18.89874990,0.07115017,1.73120102,1.01764883
18.90124990,0.07376421,2.01451848,1.09549295
18.90374990,0.07375410,2.01479468,1.09054494
18.90624990,0.07293610,2.03739128,1.07932586
18.90874990,0.06984774,2.12747557,0.99280727
18.91124990,0.07101920,2.09238287,1.01956874
18.91374990,0.06950467,2.13797673,0.97554768
18.91624990,0.06553804,2.26737572,0.85973110
18.91874990,0.06771439,2.19450212,0.91793262
18.92124990,0.06770118,2.19493023,0.91724329
18.92374990,0.06637266,2.23886420,0.88341796
18.92624990,0.06779716,2.19182272,0.92237198
18.92874990,0.07198366,2.06434868,1.03800672
18.93124990,0.07243809,2.05139803,1.05977500
18.93374990,0.07104784,2.09153964,1.02305023
18.93624990,0.07961686,2.05904181,1.27291968
18.93874990,0.07972027,2.05637101,1.27257532
18.94124990,0.07704677,2.12772633,1.20368859
18.94374990,0.07802173,2.10113844,1.23509531
18.94624990,0.08116634,2.01973440,1.31959074
18.94874990,0.08030622,2.04136689,1.29353763
18.95124990,0.07713450,2.12530658,1.19347918
18.95374990,0.08222558,1.99371606,1.35424658
18.95624990,0.08211841,1.99631800,1.35133124
18.95874990,0.08291275,1.97719228,1.37651722
18.96124990,0.08539035,1.91982399,1.46450776
18.96374990,0.08604075,1.90531167,1.48707518
18.96624990,0.08710310,1.88207375,1.51990479
18.96874990,0.09035261,1.81438527,1.63448947
18.97124990,0.09031856,1.81506938,1.63187660
18.97374990,0.09054235,1.81058309,1.63980157
18.97624990,0.09267055,1.76900270,1.71940203
18.97874990,0.08998975,1.82170139,1.62560369
18.98124990,0.08993930,1.82272326,1.62390309
18.98374990,0.09631779,1.70201628,1.89106707
18.98624990,0.09147144,1.74238894,1.70792529
18.98874990,0.09188593,1.73452906,1.70168969
18.99124990,0.09794136,1.62728818,1.96336907
18.99374990,0.09799874,1.62633531,1.96532757
18.99624990,0.09816562,1.62357063,1.97304515
18.99874990,0.10262274,1.55305558,2.17670375
19.00124990,0.10219967,1.55948468,2.16244494
19.00374990,0.09793142,1.62745332,1.95697747
19.00624990,0.09942819,1.60295406,2.05547755
19.00874990,0.09770815,1.63117215,1.99433116
19.01124990,0.09439403,1.68844172,1.82629481
19.01374990,0.10050967,1.60947792,2.14810707
19.01624990,0.10582279,1.54801628,2.34082681
19.01874990,0.10065319,1.62752326,2.05878869
19.02124990,0.10408560,1.57385274,2.24099551
19.02374990,0.10801488,1.51660028,2.38922300
19.02624990,0.10354457,1.58207621,2.16542056
19.02874990,0.10724454,1.52749414,2.38839625
19.03124990,0.11174500,1.46597521,2.57000825
19.03374990,0.10626128,1.54162838,2.28061875
19.03624990,0.11040709,1.48373984,2.53700740
19.03874990,0.11979483,1.77889358,2.94769740
19.04124990,0.11542987,1.84616211,2.69604837
19.04374990,0.11586851,1.83917307,2.74322240
19.04624990,0.12539539,1.89827654,3.19946372
19.04874990,0.12168487,1.95616041,2.99525702
19.05124990,0.12191227,1.95251158,2.98076396
19.05374990,0.12728939,1.87003109,3.24729605
19.05624990,0.12730575,1.86979084,3.24817563
19.05874990,0.13046822,1.82446822,3.41902386
19.06124990,0.13853417,1.71824125,3.88921880
19.06374990,0.13388638,1.77788903,3.62366801
19.06624990,0.13017478,1.82858097,3.39235588
19.06874990,0.13458999,1.76859454,3.65435228
19.07124990,0.13546347,1.75719054,3.70383588
19.07374990,0.13366052,1.78089328,3.58412799
19.07624990,0.13777619,1.72769420,3.81959872
19.07874990,0.13427949,1.77268413,3.62656772
19.08124990,0.13024475,1.82759854,3.39592697
19.08374990,0.13069384,1.82131858,3.44077764
19.08624990,0.12559520,1.89525650,3.19771559
19.08874990,0.11885330,2.00276400,2.87173636
19.09124990,0.12163005,1.95704208,3.08346739
19.09374990,0.11972394,1.98819982,2.96625166
19.09624990,0.10803100,1.94665090,2.33733946
19.09874990,0.11176588,1.88159968,2.52226781
19.10124990,0.10997437,1.91225144,2.44646099
19.10374990,0.10615783,1.98099986,2.27046444
19.10624990,0.10472574,2.00808937,2.22543518
19.10874990,0.10021362,2.09850361,2.02839386
19.11124990,0.09107386,1.71901289,1.68769699
19.11374990,0.09453617,1.65605555,1.84485752
19.11624990,0.09269183,1.68900683,1.75779650
19.11874990,0.08894174,1.76022118,1.59883743
19.12124990,0.08362565,1.87211861,1.40534334
19.12374990,0.08234013,1.90134690,1.36668544
19.12624990,0.07754192,1.85344445,1.27032357
19.12874990,0.08109226,1.77229799,1.41809665
19.13124990,0.08138258,1.76597551,1.41729082
19.13374990,0.08128614,1.76807067,1.37702756
19.13624990,0.08168046,1.75953517,1.39888261
19.13874990,0.08179533,1.75706423,1.49475481
19.14124990,0.07792986,1.84421797,1.49271441
19.14374990,0.08007734,1.79476048,1.60831094
19.14624990,0.09597327,2.53878477,2.00479572
19.14874990,0.09171044,2.65679124,1.79231581
19.15124990,0.10307449,2.36387773,2.24597974
19.15374990,0.18429347,3.74876462,6.89563879
19.15624990,0.33653870,3.74197519,23.93819433
19.15874990,0.41720330,3.01847918,37.93344916
19.16124990,0.43104403,2.92155646,41.31454757
19.16374990,0.43074224,2.92360339,41.33192000
19.16624990,0.45152436,2.78903992,43.51985425
19.16874990,0.55835811,2.63677404,70.85132704
19.17124990,0.69159084,2.63908463,110.55131403
19.17374990,0.86288162,2.67598429,182.80251210
19.17624990,0.91751916,2.51663154,210.92178765
19.17874990,0.91761660,2.51636431,210.79570988
19.18124990,0.92143685,2.50593153,215.61698871
19.18374990,0.94218914,2.45073686,232.50368510
19.18624990,0.95748669,2.41158198,245.16260353
19.18874990,1.02831893,2.24546840,297.96318354
19.19124990,1.15609255,2.04430130,334.91096648
19.19374990,1.37862782,2.43706946,407.53973830
19.19624990,1.40504060,2.39125600,432.38669212
19.19874990,1.90464216,3.01951533,744.29325571
19.20124990,1.93062765,2.97887385,780.66209529
19.20374990,1.92494651,2.98766546,777.69463414
19.20624990,2.06846938,2.78036324,859.42224030
19.20874990,2.29754415,2.50314938,1059.95189624
19.21124990,2.38919804,2.40712411,1151.35558292
19.21374990,2.40788260,2.38844544,1176.56904482
19.21624990,2.44167056,2.35539401,1202.96284142
19.21874990,2.43184746,2.36490829,1183.24609333
19.22124990,2.48963358,2.31001712,1241.48752143
19.22374990,2.43611051,2.36076983,1191.77380246
19.22624990,2.44572312,2.35149113,1201.95804789
19.22874990,2.44705193,2.35021421,1201.63479751
19.23124990,2.50891848,2.29226109,1273.74606486
19.23374990,2.50227202,2.29834972,1271.87271035
19.23624990,2.51483421,2.28686892,1289.10789578
19.23874990,2.62630881,2.18980197,1397.31079679
19.24124990,2.64648461,2.17310775,1415.28782213
19.24374990,2.70271542,2.12789559,1524.77837872
19.24624990,2.69972204,2.13025494,1509.34713108
19.24874990,2.39631041,1.92228665,1278.78906208
19.25124990,2.38446094,1.93183937,1266.31166168
19.25374990,2.40831073,1.91270813,1253.11827952
19.25624990,2.26883823,2.03028822,1142.27289620
19.25874990,2.02155483,2.05773469,862.89197240
19.26124990,1.90973608,2.17821905,813.93422251
19.26374990,1.89352285,2.19686998,785.03843537
19.26624990,1.86948778,2.22511404,758.70492371
19.26874990,1.86349184,2.23227353,755.59748825
19.27124990,1.74645616,2.38186542,643.95139411
19.27374990,1.74582568,2.38272559,645.92830941
19.27624990,1.71476497,2.42588552,605.82008119
19.27874990,1.71928936,2.41950170,611.07207543
19.28124990,1.62876561,2.55397307,545.32009155
19.28374990,1.62912456,2.55341036,551.34471365
19.28624990,1.60058709,2.59893607,536.47881856
19.28874990,1.35938495,3.06007766,373.91039163
19.29124990,1.20932177,3.43979876,293.59689951
19.29374990,0.77370471,1.97092241,134.22427776
19.29624990,0.73377874,2.07816318,125.47192944
19.29874990,0.65646787,2.32290418,95.42041876
19.30124990,0.62135877,2.45415697,83.76655465
19.30374990,0.51945854,2.60795658,55.84721008
19.30624990,0.51937441,2.60837905,55.98673044
19.30874990,0.51955151,2.60748989,55.94338635
19.31124990,0.51769630,2.61683410,54.95672998
19.31374990,0.49020625,2.76358230,48.98263095
19.31624990,0.38565591,2.26414702,30.00645651
19.31874990,0.33266162,2.59197571,23.55373136
19.32124990,0.28677136,3.00675368,19.22122846
19.32374990,0.28612428,3.01355354,18.73459070
19.32624990,0.21180694,3.18689821,9.86828969
19.32874990,0.14868021,3.09797180,4.56907216
19.33124990,0.10731187,3.41457220,2.34946744
19.33374990,0.07025304,2.35311537,1.01453888
19.33624990,0.07315136,2.25988281,1.08716646
19.33874990,0.07041709,2.34763334,0.99241734
19.34124990,0.06931557,2.38494045,0.96533079
19.34374990,0.05895347,1.98651869,0.71951929
19.34624990,0.06020979,1.94506870,0.74689178
19.34874990,0.06016191,1.94661679,0.74616014
19.35124990,0.05604159,2.08973675,0.66111457
19.35374990,0.05735699,2.04181183,0.70353138
19.35624990,0.05988372,1.95565963,0.79488596
19.35874990,0.06048077,1.93635400,0.81331884
19.36124990,0.05858341,1.99906726,0.73829520
19.36374990,0.05251467,1.75251947,0.56999191
19.36624990,0.06123340,2.51314779,0.76242689
19.36874990,0.06482437,2.37393126,0.85478193
19.37124990,0.06514761,2.36215274,0.88015306
19.37374990,0.06266496,2.45573596,0.81167620
19.37624990,0.06552712,2.34847184,0.85920388
19.37874990,0.06965586,2.20927000,0.98238127
19.38124990,0.06982090,2.20404764,0.98709524
19.38374990,0.07027876,2.18968844,1.00250734
19.38624990,0.07199490,2.13749316,1.09006478
19.38874990,0.07510730,2.04891659,1.16734214
19.39124990,0.07548442,2.03868014,1.21362742
19.39374990,0.07670819,2.00615593,1.25377658
19.39624990,0.07587379,2.02821801,1.17428823
19.39874990,0.07644106,2.01316656,1.18984648
19.40124990,0.07827339,1.96603962,1.22734629
19.40374990,0.07719712,1.99344990,1.19274780
19.40624990,0.07567245,2.03361450,1.14943888
19.40874990,0.07509235,2.04932458,1.15353059
19.41124990,0.07764216,1.98202364,1.24521191
19.41374990,0.07808929,1.97067491,1.24579074
19.41624990,0.07026208,1.64464778,0.99591697
19.41874990,0.07165872,1.65878907,1.04315944
19.42124990,0.07463618,1.59261496,1.15005519
19.42374990,0.07432302,1.59932548,1.15514405
19.42624990,0.07079885,1.67893539,1.03330507
19.42874990,0.06961057,1.70759559,0.96994914
19.43124990,0.07425830,1.60433753,1.12107426
19.43374990,0.07310819,1.62957640,1.09884167
19.43624990,0.06855351,1.73784507,0.95365028
19.43874990,0.06808224,1.74987457,0.93606143
19.44124990,0.06956164,1.71265921,0.98246268
19.44374990,0.06795436,1.75316757,0.95657977
19.44624990,0.06679984,1.78346801,0.91899987
19.44874990,0.06919433,1.72175062,0.95828816
19.45124990,0.06718703,1.77319021,0.91166271
19.45374990,0.06741025,1.76731830,0.91847594
19.45624990,0.06782638,1.75647562,0.92761533
19.45874990,0.07373422,1.92350118,1.14648335
19.46124990,0.07093339,1.99945134,1.05903984
19.46374990,0.07037626,2.01528000,1.02387570
19.46624990,0.07296934,1.94366375,1.10047821
19.46874990,0.07271408,1.95048705,1.06280733
19.47124990,0.07074799,2.00469093,1.05222991
19.47374990,0.07082969,2.00237868,1.05388560
19.47624990,0.07127100,1.98998006,1.04242654
19.47874990,0.07138353,1.98684302,1.06257936
19.48124990,0.06635419,2.13743648,0.90272245
19.48374990,0.06617554,2.14320662,0.90223527
19.48624990,0.06915239,2.05094664,0.99572563
19.48874990,0.06580249,2.15535695,0.88425934
19.49124990,0.06390172,2.21946875,0.84802082
19.49374990,0.06893802,2.05732435,1.00404120
19.49624990,0.07171926,1.97754209,1.05952604
19.49874990,0.06898723,2.05585667,1.04805642
19.50124990,0.06981246,2.03155521,1.07523447
19.50374990,0.07550813,1.87831248,1.17169104
19.50624990,0.07578857,1.87136204,1.21618900
19.50874990,0.06900232,1.89827335,0.99921356
19.51124990,0.07289521,1.79689834,1.07720765
19.51374990,0.07502728,1.74583524,1.14449803
19.51624990,0.07241140,1.80890397,1.05353325
19.51874990,0.06933928,1.88904869,0.97507889
19.52124990,0.07429278,1.84885176,1.12446422
19.52374990,0.07467484,1.83939243,1.12561339
19.52624990,0.07480997,1.83606980,1.12888718
19.52874990,0.07700023,1.78384319,1.19968146
19.53124990,0.08419220,1.82174662,1.43314416
19.53374990,0.08417003,1.82222631,1.43441012
19.53624990,0.08420781,1.82140890,1.43555820
19.53874990,0.09465384,2.04470904,1.80763585
19.54124990,0.09749770,1.98506802,1.91177204
19.54374990,0.09416803,2.05525759,1.82907256
19.54624990,0.10195475,1.92136369,2.13442467
19.54874990,0.10533910,1.85963375,2.24389480
19.55124990,0.10783488,1.81659357,2.40201355
19.55374990,0.10399068,1.88374727,2.21949625
19.55624990,0.10850648,1.80534972,2.37723907
19.55874990,0.10956805,1.78785836,2.43062124
19.56124990,0.11060190,1.77114631,2.46348553
19.56374990,0.11117691,1.76198586,2.48639351
19.56624990,0.11162081,1.75497869,2.50145561
19.56874990,0.11145398,1.75760568,2.48987640
19.57124990,0.10728455,1.82591208,2.30778224
19.57374990,0.10766908,1.81939094,2.32290041
19.57624990,0.10794936,1.81466700,2.33385748
19.57874990,0.10458203,1.87309576,2.19321585
19.58124990,0.10244049,1.91225311,2.10860819
19.58374990,0.10369362,1.88914365,2.15681832
19.58624990,0.10160969,1.92788855,2.06503480
19.58874990,0.09578902,2.04503770,1.84207858
19.59124990,0.09304771,2.10528706,1.74392057
19.59374990,0.09369547,2.09073225,1.76404254
19.59624990,0.09212481,1.95798292,1.70363093
19.59874990,0.09204720,1.95963386,1.70065184
19.60124990,0.08861090,2.03562783,1.57345951
19.60374990,0.08891565,2.02865073,1.58295492
19.60624990,0.09008811,2.00224874,1.62558868
19.60874990,0.09037714,1.99584541,1.63554258
19.61124990,0.08654949,2.08411172,1.50138461
19.61374990,0.08636524,2.08855783,1.49481268
19.61624990,0.08592219,2.09932745,1.47796730
19.61874990,0.08498629,2.12244606,1.44911824
19.62124990,0.09092130,1.98390037,1.66631085
19.62374990,0.09038911,1.99558125,1.64484825
19.62624990,0.09197921,1.96108228,1.71146823
19.62874990,0.10279781,2.02037085,2.14931363
19.63124990,0.10397083,1.99757662,2.19321749
19.63374990,0.10388109,1.99930225,2.18878238
19.63624990,0.10389638,1.99900799,2.19013509
19.63874990,0.10264766,2.02332608,2.14539776
19.64124990,0.10461027,1.98536623,2.24365086
19.64374990,0.10409044,1.99528126,2.25606264
19.64624990,0.09800037,2.11927460,2.05029271
19.64874990,0.09509725,2.18397165,1.91347193
19.65124990,0.09468363,2.19351220,1.93444671
19.65374990,0.09862118,2.10593412,2.06234003
19.65624990,0.09160426,2.26724933,1.72070494
19.65874990,0.09077698,2.28791146,1.69538173
19.66124990,0.09906106,2.09658265,1.97906246
19.66374990,0.09895277,2.09887706,1.97421027
19.66624990,0.09879407,2.10224863,1.96625382
19.66874990,0.10392732,1.99841285,2.16075602
19.67124990,0.10040988,2.06841902,2.02384493
19.67374990,0.10357686,2.00517462,2.16047811
19.67624990,0.10709696,1.93926786,2.41470100
19.67874990,0.09784085,1.87288075,2.07709263
19.68124990,0.09285944,1.97335087,1.82197510
19.68374990,0.09605724,1.90765680,2.07085419
19.68624990,0.09769625,1.87565283,2.10891226
19.68874990,0.09788880,1.87196345,2.11967979
19.69124990,0.10814539,2.11126490,2.74848302
19.69374990,0.11425748,1.99832488,2.92249901
19.69624990,0.11500326,1.98536611,2.97373708
19.69874990,0.11601715,1.96801564,3.14131936
19.70124990,0.11874672,1.92277782,3.18303603
19.70374990,0.12268093,1.86111696,3.42983490
19.70624990,0.12536885,1.82121451,3.68911538
19.70874990,0.12742871,1.79177500,3.64724077
19.71124990,0.12124302,1.88318939,3.21743788
19.71374990,0.12090233,1.88849602,3.34193300
19.71624990,0.12351691,1.84852080,3.39026698
19.71874990,0.12259172,1.86247142,3.32839533
19.72124990,0.12220607,1.86834882,3.42493134
19.72374990,0.12630419,1.80772755,3.42344810
19.72624990,0.12169858,1.87613994,3.10158512
19.72874990,0.12119532,1.88393058,3.13837152
19.73124990,0.12259643,1.86239974,3.14799313
19.73374990,0.12161898,1.87736790,3.08838661
19.73624990,0.12105816,1.88606511,3.14292827
19.73874990,0.12362141,1.84695818,3.18670133
19.74124990,0.11258800,1.68926603,2.55295891
19.74374990,0.10733387,1.77195769,2.39650370
19.74624990,0.10700436,1.77741439,2.37216392
19.74874990,0.10616185,1.79151999,2.32511159
19.75124990,0.10454465,1.81923304,2.26426376
19.75374990,0.10227203,1.81827559,2.11515376
19.75624990,0.09895580,1.87921005,1.96853670
19.75874990,0.09604900,1.93608193,1.84947946
19.76124990,0.09664328,1.92417645,1.88371925
19.76374990,0.09528606,1.95158375,1.82778580
19.76624990,0.09362951,1.98611240,1.76098568
19.76874990,0.09620760,1.93289023,1.93541604
19.77124990,0.09491394,1.95923526,1.87857388
19.77374990,0.08645888,1.89274033,1.49586413
19.77624990,0.08858450,1.84732343,1.58718652
19.77874990,0.09041777,1.80986792,1.65223144
19.78124990,0.09018106,1.81461855,1.62806639
19.78374990,0.08881874,1.84245154,1.61134573
19.78624990,0.08777812,1.86429401,1.57450667
19.78874990,0.08182454,1.99994062,1.34066799
19.79124990,0.08270877,1.97855943,1.37596890
19.79374990,0.08147176,2.00860043,1.33536346
19.79624990,0.08231591,1.98800217,1.37150362
19.79874990,0.08139945,2.01038483,1.36260052
19.80124990,0.08013310,2.04215503,1.30577750
19.80374990,0.07252383,2.25642006,1.05778533
19.80624990,0.07281871,2.24728263,1.06912338
19.80874990,0.07222049,2.26589732,1.04599217
19.81124990,0.07845724,2.08577578,1.26125506
19.81374990,0.07814551,2.09409616,1.25207256
19.81624990,0.07768614,2.10647899,1.20812763
19.81874990,0.07159813,2.15919614,1.07905767
19.82124990,0.07307626,2.11552154,1.12221761
19.82374990,0.07176726,2.15410765,1.05577620
19.82624990,0.07175303,2.15453476,1.07886506
19.82874990,0.06866218,2.25152193,0.97467756
19.83124990,0.06767601,2.28433104,0.92363774
19.83374990,0.06623374,2.33407351,0.93014400
19.83624990,0.06630461,2.33157869,0.93187615
19.83874990,0.06668167,2.31839449,0.90411153
19.84124990,0.06562306,2.35579381,0.87855342
19.84374990,0.06848721,2.25727423,0.97439882
19.84624990,0.06576299,2.35078143,0.91725492
19.84874990,0.06475349,2.38742983,0.91313780
19.85124990,0.06662949,2.32020989,0.94394856
19.85374990,0.07783220,2.43462785,1.21173748
19.85624990,0.07761778,2.44135344,1.20781947
19.85874990,0.07855564,2.41220674,1.24150996
19.86124990,0.07289917,2.59937735,1.10135915
19.86374990,0.07386081,2.56553426,1.14011944
19.86624990,0.07336406,2.58290570,1.09431091
19.86874990,0.07145133,2.65204927,1.02447003
19.87124990,0.06985172,2.71278138,0.97654903
19.87374990,0.06981071,2.71437482,0.97491971
19.87624990,0.06693836,2.83084970,0.89974465
19.87874990,0.06964084,2.72099589,0.98958892
19.88124990,0.07529125,2.51679220,1.17095960
19.88374990,0.08928547,2.49005559,1.78149620
19.88624990,0.09020607,2.46464339,1.84265496
19.88874990,0.08928423,2.49009020,1.75792412
19.89124990,0.08933915,2.48855936,1.77331515
19.89374990,0.08729433,2.54685254,1.80602884
19.89624990,0.09024073,2.46369669,2.04998378
19.89874990,0.09204418,2.41542478,2.19994758
19.90124990,0.09087688,2.44645047,2.05197699
19.90374990,0.08379003,2.65336805,1.56628934
19.90624990,0.08369665,2.65632844,1.54193956
19.90874990,0.08287204,2.68275990,1.53236745
19.91124990,0.08180345,2.71780461,1.59302510
19.91374990,0.08484672,2.62032256,1.66307656
19.91624990,0.08976273,2.47681620,1.70732594
19.91874990,0.09284053,2.39470626,1.77053593
19.92124990,0.09434330,2.35656159,1.80295833
19.92374990,0.09441132,2.35486354,1.80421912
19.92624990,0.10040765,2.21423150,2.01944354
19.92874990,0.11777685,2.45804430,2.89153620
19.93124990,0.13649185,2.48827604,4.11366264
19.93374990,0.14173083,2.39629868,4.99974419
19.93624990,0.14130706,2.40348497,5.08306405
19.93874990,0.15411706,2.20371059,6.35594698
19.94124990,0.15952272,2.12903467,6.51694220
19.94374990,0.16059473,2.11482276,6.46981660
19.94624990,0.18210298,2.21880755,7.77180280
19.94874990,0.19239185,2.10014855,8.14713589
19.95124990,0.27247830,3.17300958,16.52668405
19.95374990,0.28442117,3.03977465,18.39561758
19.95624990,0.31377592,2.75539391,23.37890536
19.95874990,0.38774038,2.62808282,36.96902041
19.96124990,0.41230838,2.47148463,39.44139107
19.96374990,0.41457855,2.45795114,40.29772686
19.96624990,0.45002696,2.26433951,45.45456450
19.96874990,0.46072727,2.21175063,49.02047518
19.97124990,0.54561094,2.39958905,67.89128637
19.97374990,0.69738687,2.78543392,119.20480902
19.97624990,0.76339880,2.54457439,145.05333704
19.97874990,0.76114663,2.55210359,142.90006304
19.98124990,0.76146760,2.55102782,147.48597256
19.98374990,0.77618679,2.50265153,144.30759153
19.98624990,1.12628010,3.24069683,317.49457353
19.98874990,1.25300122,2.91295195,367.14166507
19.99124990,1.76433412,3.15020277,782.68175587
19.99374990,2.24941966,2.77443823,1202.93941045
19.99624990,2.41818479,2.58081017,1463.99238516
19.99874990,2.53814625,2.45883227,1555.09326866
20.00124990,2.57094708,2.42746183,1552.30860035
20.00374990,3.83823774,3.32211967,3284.44579876
20.00624990,3.94210751,3.23458583,3353.53247368
20.00874990,4.52796094,2.81607665,4616.46137088
20.01124990,4.53149263,2.81388190,4632.01845091
20.01374990,4.62477413,2.75712602,4971.08113177
20.01624990,4.68460970,2.72190981,5152.59310435
20.01874990,4.68476834,2.72181764,5154.36462007
20.02124990,4.74821570,2.68544773,5349.65340608
20.02374990,4.72912412,2.69628894,5209.24018901
20.02624990,4.71879234,2.70219246,5143.54206867
20.02874990,4.72958088,2.69602855,5100.54761995
20.03124990,4.73228031,2.69449066,5071.08109123
20.03374990,4.75532214,2.68143455,5058.81789910
20.03624990,4.71698834,2.70322591,4953.28768402
20.03874990,4.75670275,2.68065628,4985.82517212
20.04124990,4.63967258,2.74827261,4704.27031872
20.04374990,4.42516400,2.88149436,4576.28907890
20.04624990,4.33520315,2.94128894,4344.25599828
20.04874990,4.28090271,2.97859726,4167.98392770
20.05124990,4.25789477,2.99469239,4151.58646117
20.05374990,3.16272148,3.16630100,2135.98973513
20.05624990,3.03045240,3.30449941,2061.71840625
20.05874990,2.04207113,2.02694651,988.56772932
20.06124990,2.03020003,2.03879859,948.93762619
20.06374990,1.80762166,2.04644539,805.83371397
20.06624990,1.64001616,2.25558693,619.31683153
20.06874990,1.63743554,2.25914177,620.14624756
20.07124990,1.41458187,2.60994725,443.00102192
20.07374990,1.41234325,2.61408412,435.63012456
20.07624990,1.41308843,2.61270559,434.90070372
20.07874990,1.37899132,2.67730768,400.38103202
20.08124990,1.36913141,2.69658853,398.12918042
20.08374990,1.27822142,2.88837600,339.50999975
20.08624990,1.15446112,3.19801506,267.90430554
20.08874990,0.80741974,3.69448519,139.93608704
20.09124990,0.45583429,3.54948255,55.70239370
20.09374990,0.45277401,3.57347333,54.07275047
20.09624990,0.44460422,3.63913745,51.32855932
20.09874990,0.25844311,1.80478220,18.68813443
20.10124990,0.24145811,1.93173680,15.55047652
20.10374990,0.23591592,1.97711764,15.62715058
20.10624990,0.22160720,2.10477599,15.60903878
20.10874990,0.22056018,2.11476757,15.94890251
20.11124990,0.21257423,2.19421481,14.34724803
20.11374990,0.20681550,2.25531223,13.25852159
20.11624990,0.17861789,2.16675029,9.67341321
20.11874990,0.16919852,2.28737445,8.24718932
20.12124990,0.15781945,2.45229828,6.73773973
20.12374990,0.15647286,2.47340261,6.12894116
20.12624990,0.15251265,2.53762804,5.41260634
20.12874990,0.12963229,2.36548569,3.66230344
20.13124990,0.11181287,2.68394444,2.54447587
20.13374990,0.09133968,2.14603995,1.73130909
20.13624990,0.08014660,1.79398659,1.33691177
20.13874990,0.07577523,1.89747936,1.26885070
20.14124990,0.07092157,2.02733714,1.14785182
20.14374990,0.06981239,2.05954756,1.15073885
20.14624990,0.06636381,2.16657149,1.10010734
20.14874990,0.06631843,2.16805397,1.09545131
20.15124990,0.06910356,2.08067329,1.23296578
20.15374990,0.07118090,2.01995109,1.36158317
20.15624990,0.07188140,2.00026622,1.41765930
20.15874990,0.07196991,1.99780629,1.50841163
20.16124990,0.07188917,2.00004997,1.51750485
20.16374990,0.07258822,1.98078880,1.49901586
20.16624990,0.07283888,1.97397219,1.47067770
20.16874990,0.07282656,1.97430630,1.35313763
20.17124990,0.07119504,2.01954981,1.22705405
20.17374990,0.06554885,2.19350802,0.95692086
20.17624990,0.05828329,2.46694936,0.72693817
20.17874990,0.04863243,1.83707255,0.48902294
20.18124990,0.04561247,1.91972114,0.42363143
20.18374990,0.04167460,2.10111722,0.35659493
20.18624990,0.04167010,2.10134405,0.35640953
20.18874990,0.04266502,2.05234252,0.38032610
20.19124990,0.04390195,1.99451794,0.39855337
20.19374990,0.04565713,1.91784324,0.44156144
20.19624990,0.04572006,1.91520376,0.44119477
20.19874990,0.04601132,1.90307989,0.45864183
20.20124990,0.04330744,1.76922811,0.40861056
20.20374990,0.04160145,1.56138737,0.38820640
20.20624990,0.04299847,1.53759309,0.41264202
20.20874990,0.04256449,1.55327018,0.40908086
20.21124990,0.04258266,1.55260731,0.40988368
20.21374990,0.04321569,1.52986456,0.42539561
20.21624990,0.04600038,1.66868375,0.47381798
20.21874990,0.04742817,1.74978806,0.50892909
20.22124990,0.04656847,1.78209098,0.49298158
20.22374990,0.04460860,1.86038700,0.43941553
20.22624990,0.04520492,1.83584534,0.45217291
20.22874990,0.05205281,2.22028173,0.55083806
20.23124990,0.05163610,2.23820004,0.54131917
20.23374990,0.05410685,2.13599428,0.58708706
20.23624990,0.05433990,2.12683339,0.59383777
20.23874990,0.05832004,1.98168427,0.68861183
20.24124990,0.05851245,1.97516781,0.69269872
20.24374990,0.05936655,1.94675142,0.71532128
20.24624990,0.06023060,1.91882388,0.73351896
20.24874990,0.06031318,1.91619661,0.73615827
20.25124990,0.06497153,1.85397652,0.85968925
20.25374990,0.06467387,1.86250937,0.85341782
20.25624990,0.06892612,1.81979790,0.98055133
20.25874990,0.07090505,1.76900830,1.02882464
20.26124990,0.07281252,1.72266556,1.06707193
20.26374990,0.07286230,1.72148859,1.06865586
20.26624990,0.07409955,1.69274461,1.10280834
20.26874990,0.07288342,1.72098976,1.06499316
20.27124990,0.07294012,1.71965191,1.06628788
20.27374990,0.07481042,1.67665972,1.12642124
20.27624990,0.07632203,1.64345239,1.17713985
20.27874990,0.07449083,1.68385307,1.11857276
20.28124990,0.07486668,1.67539970,1.13201157
20.28374990,0.07442978,1.68523421,1.12420406
20.28624990,0.07515123,1.66905610,1.13742443
20.28874990,0.07716226,1.68025565,1.20394503
20.29124990,0.07619449,1.70159699,1.17653479
20.29374990,0.07448369,1.74068062,1.11471762
20.29624990,0.07380948,1.75658096,1.10464725
20.29874990,0.07665445,1.69138676,1.19347377
20.30124990,0.07261442,1.78549001,1.06200896
20.30374990,0.07185621,1.80433010,1.03499968
20.30624990,0.06636813,1.95353271,0.89329726
20.30874990,0.06435824,2.01454115,0.84935271
20.31124990,0.06329886,2.04825677,0.81816132
20.31374990,0.06243481,2.07660313,0.78718878
20.31624990,0.05886613,2.20249421,0.69468045
20.31874990,0.05803880,2.23389054,0.68351234
20.32124990,0.05796622,2.23668749,0.68619721
20.32374990,0.05621906,2.30619860,0.63926858
20.32624990,0.05632294,2.30194532,0.64115526
20.32874990,0.05335116,2.43016887,0.60005259
20.33124990,0.05277585,2.45665981,0.60832696
20.33374990,0.05802395,2.23446202,0.70018641
20.33624990,0.06292997,2.06026351,0.79297100
20.33874990,0.06308445,2.07888310,0.87971555
20.34124990,0.06422726,2.04189301,0.91896940
20.34374990,0.06522843,2.01055281,0.92231307
20.34624990,0.07167001,1.86328799,1.09053207
20.34874990,0.07457103,1.79432941,1.11456467
20.35124990,0.07779710,1.71992264,1.25337048
20.35374990,0.08098381,1.65224370,1.36086882
20.35624990,0.08227779,1.62625899,1.37339461
20.35874990,0.08309617,1.61024273,1.39445279
20.36124990,0.08753598,1.53110423,1.53846336
20.36374990,0.08829096,1.51801166,1.56707903
20.36624990,0.08834665,1.51705476,1.56377630
20.36874990,0.08868463,1.51127316,1.57446266
20.37124990,0.09207916,1.45555954,1.71074666
20.37374990,0.09254051,1.44830302,1.72918090
20.37624990,0.09142084,1.46604103,1.67429862
20.37874990,0.09110653,1.47109883,1.66009233
20.38124990,0.09368245,1.43064909,1.77549990
20.38374990,0.08964818,1.49502980,1.63762868
20.38624990,0.08591631,1.55996817,1.48665872
20.38874990,0.08096872,1.65528996,1.35359533
20.39124990,0.08000595,1.67520931,1.33299945
20.39374990,0.08137801,1.64696464,1.33992390
20.39624990,0.07892090,1.69824103,1.26736961
20.39874990,0.07464415,1.79554196,1.14914752
20.40124990,0.07041252,1.90345000,1.06663564
20.40374990,0.07160968,1.87162841,1.09669234
20.40624990,0.07494259,1.78839168,1.13965436
20.40874990,0.07720214,1.73604917,1.19722874
20.41124990,0.07156974,1.68571107,1.04149613
20.41374990,0.07340470,1.64357193,1.09228538
20.41624990,0.07471444,1.61476017,1.11707689
20.41874990,0.07424452,1.62498061,1.10709689
20.42124990,0.07031706,1.71574165,0.99700646
20.42374990,0.07236605,1.66716163,1.05198538
20.42624990,0.07302056,1.65221828,1.06899157
20.42874990,0.07297041,1.65335384,1.06679239
20.43124990,0.07262410,1.66123773,1.05714295
20.43374990,0.07585425,1.59049629,1.16037331
20.43624990,0.07613268,1.58467954,1.16828023
20.43874990,0.07595072,1.58847613,1.15765831
20.44124990,0.07822804,1.54223354,1.22679221
20.44374990,0.07679489,1.57101472,1.18762042
20.44624990,0.07382089,1.63430558,1.12114653
20.44874990,0.07403158,1.62965446,1.12663180
20.45124990,0.07524382,1.60339945,1.14762799
20.45374990,0.07086218,1.70254299,1.01634043
20.45624990,0.06741564,1.56509502,0.91437139
20.45874990,0.06767341,1.60716149,0.92095430
20.46124990,0.06937268,1.56779449,0.97279496
20.46374990,0.06605528,1.64653156,0.88035325
20.46624990,0.07092016,1.90616393,1.00696142
20.46874990,0.07558759,1.78846091,1.14687080
20.47124990,0.07673825,1.76164362,1.18860328
20.47374990,0.07474084,1.80872275,1.13424713
20.47624990,0.07626302,1.77262127,1.17604529
20.47874990,0.07968322,1.69653595,1.27274887
20.48124990,0.07653815,1.76624930,1.17339923
20.48374990,0.07404004,1.82584252,1.10042148
20.48624990,0.07670533,1.76239965,1.17912960
20.48874990,0.07674678,1.76144786,1.17854219
20.49124990,0.07512655,1.79943639,1.13137242
20.49374990,0.07623052,1.77337710,1.16648877
20.49624990,0.07762611,1.74149473,1.20728652
20.49874990,0.07711256,1.75309250,1.19260859
20.50124990,0.07650421,1.76703297,1.17405220
20.50374990,0.08036658,1.68211034,1.29275363
20.50624990,0.07971663,1.69582507,1.27179434
20.50874990,0.07669531,1.76263011,1.18434085
20.51124990,0.07893684,1.71257742,1.25518253
20.51374990,0.08005374,1.68868392,1.30158260
20.51624990,0.07532962,1.61774078,1.16538975
20.51874990,0.07640969,1.76211108,1.20183295
20.52124990,0.07486516,1.79846497,1.17323579
20.52374990,0.07746486,1.73810901,1.24053007
20.52624990,0.07889863,1.70652352,1.29345437
20.52874990,0.07761716,1.73469838,1.25825878
20.53124990,0.08074220,1.66755893,1.32904730
20.53374990,0.08232088,1.63557972,1.39082009
20.53624990,0.08115489,1.65907903,1.35725731
20.53874990,0.08181666,1.64565952,1.36214668
20.54124990,0.08329427,1.61646611,1.42050592
20.54374990,0.08428648,1.59743735,1.45049104
20.54624990,0.08425041,1.59812114,1.42551287
20.54874990,0.08635651,1.55914549,1.50580784
20.55124990,0.08971038,1.50085612,1.62800841
20.55374990,0.08644712,1.55751127,1.50063530
20.55624990,0.09187640,1.62558492,1.69099271
20.55874990,0.09639885,1.54932237,1.86176237
20.56124990,0.09437140,1.58260755,1.78362056
20.56374990,0.09403016,1.58835091,1.77201631
20.56624990,0.09729019,1.53512799,1.90276421
20.56874990,0.09344764,1.59825227,1.77093895
20.57124990,0.09511197,1.57028498,1.82758884
20.57374990,0.09464755,1.57799016,1.80772662
20.57624990,0.09449859,1.58047742,1.80207361
20.57874990,0.09716031,1.53718004,1.89523280
20.58124990,0.10012649,1.49164217,2.01429904
20.58374990,0.10422120,1.50834684,2.19777833
20.58624990,0.10359823,1.51741703,2.17953367
20.58874990,0.10790164,1.45689835,2.34163538
20.59124990,0.11472252,1.69916857,2.67808287
20.59374990,0.11267669,1.73001971,2.60384438
20.59624990,0.11408281,1.70869652,2.65423108
20.59874990,0.11507570,1.69395364,2.70603993
20.60124990,0.11218409,1.73761615,2.64005616
20.60374990,0.11581694,1.68311205,2.77720951
20.60624990,0.11819263,1.64928126,2.91009515
20.60874990,0.11401419,1.70972491,2.73460204
20.61124990,0.11586658,1.68239099,2.72690110
20.61374990,0.12033304,1.61994484,2.97710419
20.61624990,0.11700108,1.66607777,2.86510367
20.61874990,0.11849751,1.64503796,2.88403793
20.62124990,0.12101423,1.61082623,3.03733798
20.62374990,0.11949494,1.63130670,3.00994113
20.62624990,0.12354804,1.57779024,3.10568096
20.62874990,0.12913302,1.64464287,3.43229519
20.63124990,0.12517021,1.69671122,3.24929658
20.63374990,0.12277662,1.72978942,3.03590316
20.63624990,0.12718566,1.66982434,3.29350802
20.63874990,0.12348607,1.71985156,3.15883381
20.64124990,0.11970189,1.77422178,2.92746479
20.64374990,0.13184926,1.87549882,3.71863220
20.64624990,0.12981759,1.90485082,3.60331884
20.64874990,0.12830004,1.92738163,3.36527961
20.65124990,0.13226282,1.86963454,3.58244294
20.65374990,0.12887658,1.91875939,3.48370757
20.65624990,0.12452397,1.98582771,3.28607577
20.65874990,0.12688030,1.94894829,3.50229350
20.66124990,0.12424692,1.99025566,3.33832295
20.66374990,0.12121148,2.04009662,3.00439158
20.66624990,0.12336359,2.00450671,3.11254165
20.66874990,0.12175618,2.03097001,3.13510257
20.67124990,0.12250841,2.01849933,3.21161361
20.67374990,0.12285123,2.01286660,3.24058286
20.67624990,0.11752984,2.10400295,2.94193070
20.67874990,0.12013153,2.05843664,2.88939979
20.68124990,0.12362035,2.00034336,3.10577623
20.68374990,0.12340636,2.00381190,3.09492977
20.68624990,0.11844724,2.08770715,2.80685076
20.68874990,0.11998494,2.06095153,2.90801622
20.69124990,0.12449055,1.98636080,3.25644590
20.69374990,0.14154968,2.75356076,4.78519016
20.69624990,0.14624321,2.66518784,5.23570518
20.69874990,0.14635332,2.66318274,5.24795882
20.70124990,0.14350870,2.71597208,4.89184332
20.70374990,0.14376790,2.71107558,4.95004843
20.70624990,0.14486192,2.69060099,5.23484052
20.70874990,0.15198768,2.56445542,6.34559711
20.71124990,0.15337233,2.54130343,6.52212639
20.71374990,0.15342370,2.54045254,6.11900788
20.71624990,0.15361408,2.53730416,5.89624743
20.71874990,0.15468356,2.51976127,5.87563691
20.72124990,0.23070115,3.37972685,11.57349523
20.72374990,0.31690961,3.07290316,24.05693276
20.72624990,0.38413442,2.53579998,34.98798926
20.72874990,0.38038416,2.56080077,33.48158646
20.73124990,0.38115566,2.55561743,34.46393784
20.73374990,0.45099004,2.40255431,43.37637235
20.73624990,0.52542301,2.29616107,62.86587741
20.73874990,0.56319847,2.14215044,72.63621369
20.74124990,0.65868983,2.33975771,108.48687577
20.74374990,0.65881009,2.33933060,108.52954654
20.74624990,0.67072822,2.29776319,108.12939917
20.74874990,0.67369944,2.28762933,109.52997451
20.75124990,0.67741070,2.27509632,112.66712577
20.75374990,0.67962403,2.26768704,112.44392029
20.75624990,0.76020737,2.02730815,152.68618935
20.75874990,0.82622876,1.86531222,172.18633684
20.76124990,0.86145567,1.78903530,173.16027763
20.76374990,1.05334688,2.57511828,252.15062022
20.76624990,1.28472249,2.56172692,338.20429749
20.76874990,1.30135787,2.52898013,352.77065098
20.77124990,1.31774008,2.49753972,362.87890991
20.77374990,1.36274248,2.41506246,375.72603618
20.77624990,1.61951691,2.49018123,550.38849390
20.77874990,1.75463434,2.29842225,654.42613068
20.78124990,1.86425429,2.16327280,767.50260572
20.78374990,2.17770916,2.36446896,1105.07095503
20.78624990,2.16219588,2.38143351,1078.89005888
20.78874990,2.22527703,2.31392570,1168.64262702
20.79124990,2.25892916,2.27945427,1161.07260452
20.79374990,2.29093006,2.24761366,1223.20410714
20.79624990,2.31433735,2.22488122,1239.87882159
20.79874990,2.31643374,2.22286769,1221.23548923
20.80124990,2.35869184,2.18304300,1270.22852939
20.80374990,2.60804678,1.97432261,1426.62394115
20.80624990,2.60861484,1.97389267,1427.35756973
20.80874990,2.60957541,1.97316609,1427.86937940
20.81124990,2.60307861,1.97809074,1423.97224568
20.81374990,2.53344939,2.03245651,1324.81840652
20.81624990,2.45289485,2.09920360,1309.25065616
20.81874990,2.44769491,2.10366320,1291.23651953
20.82124990,2.44672771,2.10449479,1289.57537273
20.82374990,2.42556887,2.12285282,1274.22061804
20.82624990,2.26241860,2.27593855,1056.46104778
20.82874990,2.16226908,2.38135288,953.33064596
20.83124990,2.06847774,2.48933098,859.29072162
20.83374990,1.71878840,2.89920041,603.05565052
20.83624990,1.71970416,2.89765656,602.81027656
20.83874990,1.63619825,3.04554294,560.57372212
20.84124990,1.55978860,3.19473551,515.01273792
20.84374990,1.51403940,3.29126973,500.93418130
20.84624990,1.47628285,3.37544533,483.50991042
20.84874990,1.47367660,3.38141492,471.62688035
20.85124990,1.40413634,3.54888047,423.56426327
20.85374990,0.85543195,1.95539150,146.83644152
20.85624990,0.78252632,2.13756945,123.46305360
20.85874990,0.70709790,2.36559092,102.76679027
20.86124990,0.68856967,2.42924492,96.73871860
20.86374990,0.68110811,2.45585737,93.65760121
20.86624990,0.56926992,2.05713771,69.40441389
20.86874990,0.55323645,2.11675607,67.20621928
20.87124990,0.48745116,2.33821859,59.17077354
20.87374990,0.41551986,2.36692194,50.87384283
20.87624990,0.35257069,2.47662439,36.04985159
20.87874990,0.33422457,2.61257028,30.88237745
20.88124990,0.33230826,2.62763607,29.76720255
20.88374990,0.33097911,2.63818815,28.61081831
20.88624990,0.31911217,2.73629548,25.33117757
20.88874990,0.25378324,2.81176656,15.25746212
20.89124990,0.19927450,2.53195534,8.82332349
20.89374990,0.16598549,2.96796570,5.77470428
20.89624990,0.12483580,2.87300813,3.16215398
20.89874990,0.09782605,2.36723842,1.98289597
20.90124990,0.08341712,2.23325705,1.57395201
20.90374990,0.07264355,1.83126268,1.39578482
20.90624990,0.06947898,1.91467152,1.39216731
20.90874990,0.06883340,1.93262910,1.43257746
20.91124990,0.06779389,1.96226282,1.48494882
20.91374990,0.06848074,1.94258170,1.53869566
20.91624990,0.06880834,1.93333295,1.56001855
20.91874990,0.07004275,1.89926055,1.65676045
20.92124990,0.06958116,1.91185982,1.62560924
20.92374990,0.06958539,1.91174368,1.62454992
20.92624990,0.06950511,1.91395184,1.59874609
20.92874990,0.06936014,1.91795209,1.46450300
20.93124990,0.06883348,1.93262684,1.37179318
20.93374990,0.06610343,2.01244354,1.18876352
20.93624990,0.05934241,2.08325308,0.90942566
20.93874990,0.05335887,2.31686416,0.69138072
20.94124990,0.04564778,2.33819550,0.48803264
20.94374990,0.03951974,2.31250409,0.33920769
20.94624990,0.03742095,2.44220294,0.29304987
20.94874990,0.03138850,1.87396741,0.20147908
20.95124990,0.03082427,1.90827005,0.19006742
20.95374990,0.03033138,1.93927957,0.18765895
20.95624990,0.03057748,1.92367153,0.19162600
20.95874990,0.03212842,1.83080978,0.22195084
20.96124990,0.03178216,1.85075605,0.22079465
20.96374990,0.03020842,1.94717323,0.21746771
20.96624990,0.02847240,2.06589658,0.20530731
20.96874990,0.02539138,2.24563329,0.19077863
20.97124990,0.02539876,2.24498125,0.19082526
20.97374990,0.02535588,2.24877778,0.18768441
20.97624990,0.02544827,2.24061350,0.18491248
20.97874990,0.02202889,2.09853662,0.13173110
20.98124990,0.02361750,2.14452840,0.14975479
20.98374990,0.02235203,2.26594208,0.12816654
20.98624990,0.02333689,2.17031464,0.14029331
20.98874990,0.02328670,2.17499272,0.13953373
20.99124990,0.02561200,1.97752609,0.15214271
20.99374990,0.02466378,2.05355374,0.13593705
20.99624990,0.02867241,2.31234061,0.17348528
20.99874990,0.03074306,2.15659639,0.19048599
21.00124990,0.03021405,2.19435549,0.18548583
21.00374990,0.03104037,2.13594004,0.19467951
21.00624990,0.03216503,2.06125660,0.20769199
21.00874990,0.03103923,2.13601859,0.19471884
21.01124990,0.03183133,2.08286528,0.20445136
21.01374990,0.03272958,2.02570222,0.21454730
21.01624990,0.03305096,2.00600432,0.21897450
21.01874990,0.03296991,2.01093593,0.21774526
21.02124990,0.03250918,2.03943549,0.21147735
21.02374990,0.03253585,2.03776375,0.21199278
21.02624990,0.03259599,2.03400429,0.21333924
21.02874990,0.03284595,2.01852490,0.21769144
21.03124990,0.03106776,2.13405747,0.19448631
21.03374990,0.03172797,2.08965077,0.20566006
21.03624990,0.03041364,2.17995519,0.19167700
21.03874990,0.03038579,2.18195321,0.19780854
21.04124990,0.02844117,2.33114075,0.17248441
21.04374990,0.02847078,2.32871686,0.17419906
21.04624990,0.02431251,2.06100542,0.13488936
21.04874990,0.02158193,2.00724570,0.10107298
21.05124990,0.02173170,1.99341231,0.10155544
21.05374990,0.02005597,2.15996709,0.08431814
21.05624990,0.01776341,1.99085744,0.06324173
21.05874990,0.01796401,1.96862514,0.06463158
21.06124990,0.01653641,2.13857887,0.05618827
21.06374990,0.01531007,1.91245739,0.04876310
21.06624990,0.01460134,2.00528637,0.04335596
21.06874990,0.01467462,1.99527176,0.04338745
21.07124990,0.01430985,2.04613388,0.04105904
21.07374990,0.01426240,2.05294039,0.04075798
21.07624990,0.01460191,2.00520770,0.04449345
21.07874990,0.01402550,2.08761675,0.04144552
21.08124990,0.01367490,2.14113919,0.04017221
21.08374990,0.01206368,2.42710913,0.03364840
21.08624990,0.01411426,2.32195056,0.04219893
21.08874990,0.01369737,2.39262152,0.04344139
21.09124990,0.01561016,2.14537745,0.05455186
21.09374990,0.01570705,2.13214355,0.05459094
21.09624990,0.01569972,2.13313938,0.05450868
21.09874990,0.01757410,2.01325360,0.06307131
21.10124990,0.01763890,2.00585654,0.06348661
21.10374990,0.01848798,1.91373627,0.06851138
21.10624990,0.01832084,1.93119463,0.06794209
21.10874990,0.01712172,2.06644569,0.06027550
21.11124990,0.01752512,2.01888027,0.06578368
21.11374990,0.01689524,2.09414703,0.06260131
21.11624990,0.01689602,2.09404966,0.06264219
21.11874990,0.01678813,2.10750744,0.06256404
21.12124990,0.01699137,2.08229882,0.06323182
21.12374990,0.01711319,2.06747616,0.06480145
21.12624990,0.01695360,2.08693806,0.06403113
21.12874990,0.01729293,2.04598688,0.06855219
21.13124990,0.01762071,2.00792747,0.06847521
21.13374990,0.01773835,1.99461165,0.06803828
21.13624990,0.01618565,2.18595506,0.05670339
21.13874990,0.01802398,2.05931098,0.06653069
21.14124990,0.01693242,2.19206597,0.05910974
21.14374990,0.01794869,2.06794824,0.06464350
21.14624990,0.01798393,2.06389631,0.06479692
21.14874990,0.01617672,2.29446790,0.05333944
21.15124990,0.01705740,2.17600414,0.05965691
21.15374990,0.01680530,2.20864710,0.05816749
21.15624990,0.01721314,2.15631645,0.06244911
21.15874990,0.01861992,1.99340124,0.07142308
21.16124990,0.01860450,1.99505380,0.07133475
21.16374990,0.01917777,1.93541683,0.07587246
21.16624990,0.02125534,1.92900266,0.09060068
21.16874990,0.02299231,1.78327494,0.10843300
21.17124990,0.02332349,1.75795354,0.11240623
21.17374990,0.02325672,1.76300054,0.11354375
21.17624990,0.02372484,1.72821444,0.11743443
21.17874990,0.02648529,2.07009820,0.14145661
21.18124990,0.02763335,1.98409308,0.15345062
21.18374990,0.02833554,1.93492518,0.16071546
21.18624990,0.02899171,1.89113183,0.16933175
21.18874990,0.02811799,1.94989583,0.16007174
21.19124990,0.02956353,1.85455375,0.17570322
21.19374990,0.03032326,1.80808904,0.18421049
21.19624990,0.03274998,1.69677231,0.21665849
21.19874990,0.03333384,1.66705233,0.22437107
21.20124990,0.03287783,1.69017430,0.21975269
21.20374990,0.03415214,1.62710942,0.23664655
21.20624990,0.03760579,1.92739978,0.28291205
21.20874990,0.03745864,1.93497122,0.28065578
21.21124990,0.03894656,1.86104730,0.30815495
21.21374990,0.03870820,1.87250720,0.30469722
21.21624990,0.03987429,1.81774712,0.32083442
21.21874990,0.04085285,1.77420650,0.33636862
21.22124990,0.04378555,1.68921045,0.38343540
21.22374990,0.04469838,1.65471337,0.40085132
21.22624990,0.04428942,1.66999271,0.39416170
21.22874990,0.04400472,1.68079697,0.38949793
21.23124990,0.04645147,1.66698236,0.43335660
21.23374990,0.04912744,1.57618185,0.48294160
21.23624990,0.05068327,1.52779758,0.51612168
21.23874990,0.05059824,1.53036513,0.51606018
21.24124990,0.05099201,1.51854734,0.52334461
21.24374990,0.05169882,1.49778629,0.53684982
21.24624990,0.05391681,1.63520107,0.58216421
21.24874990,0.05614772,1.57022993,0.63099984
21.25124990,0.05619260,1.56897583,0.63256559
21.25374990,0.05545214,1.58992650,0.61753007
21.25624990,0.05450043,1.61769048,0.59766935
21.25874990,0.05951698,1.85842316,0.71161213
21.26124990,0.06063163,1.82425798,0.73709818
21.26374990,0.06079634,1.81931567,0.74029855
21.26624990,0.05969466,1.85289159,0.71348060
21.26874990,0.06211600,1.78066432,0.77195924
21.27124990,0.06331130,1.74704588,0.80189123
21.27374990,0.06266481,1.76506943,0.78599063
21.27624990,0.06302022,1.75511510,0.79522417
21.27874990,0.06366116,1.73744468,0.81233617
21.28124990,0.06642051,1.72810525,0.88693063
21.28374990,0.06585547,1.74293252,0.87130618
21.28624990,0.06444219,1.78115663,0.83171492
21.28874990,0.06511193,1.76283580,0.84927557
21.29124990,0.06820424,1.68291051,0.93652213
21.29374990,0.07320247,1.79684188,1.08821308
21.29624990,0.07160599,1.83690311,1.03838304
21.29874990,0.06959188,1.89006617,0.97095652
21.30124990,0.06999869,1.87908158,0.98095176
21.30374990,0.07028599,1.87140066,0.98846760
21.30624990,0.07406571,1.77589945,1.10342223
21.30874990,0.07136115,1.84320528,1.02800752
21.31124990,0.06950322,1.89247716,0.96981949
21.31374990,0.06948566,1.89295546,0.96920089
21.31624990,0.07140682,1.84202654,1.02431444
21.31874990,0.07147050,1.84038537,1.02624480
21.32124990,0.06862063,1.91681786,0.94643359
21.32374990,0.06863814,1.91632904,0.94566537
21.32624990,0.06983886,1.88338199,0.98260630
21.32874990,0.07379082,1.78251510,1.09412897
21.33124990,0.06964208,1.88870378,0.97026377
21.33374990,0.06803160,1.93341426,0.92786466
21.33624990,0.06832501,1.92511142,0.93648695
21.33874990,0.07089152,1.85541602,1.01530154
21.34124990,0.06760831,1.94551896,0.92483515
21.34374990,0.06098267,2.04020022,0.74748676
21.34624990,0.05977932,2.08126896,0.72848638
21.34874990,0.06306109,1.97295740,0.82527532
21.35124990,0.06389943,1.94707305,0.85165271
21.35374990,0.06352998,1.95839574,0.82966399
21.35624990,0.05773781,2.15485922,0.67305200
21.35874990,0.05929888,2.09813140,0.70946479
21.36124990,0.06109808,2.03634619,0.75652727
21.36374990,0.06094396,2.04149584,0.74903800
21.36624990,0.05831438,2.13355337,0.68262619
21.36874990,0.05712774,2.17787095,0.66952983
21.37124990,0.06031383,2.06282466,0.76024255
21.37374990,0.06042076,2.05917380,0.75683094
21.37624990,0.05866301,2.12087377,0.70356128
21.37874990,0.05346412,1.78316323,0.58335639
21.38124990,0.05533178,1.72297450,0.62088161
21.38374990,0.05588912,1.70579268,0.62933173
21.38624990,0.05594121,1.70420434,0.62951015
21.38874990,0.05517455,1.62862674,0.62544632
21.39124990,0.05842510,1.65609073,0.72626123
21.39374990,0.05874774,1.64699546,0.72398218
21.39624990,0.05943807,1.62786682,0.72420820
21.39874990,0.06168031,1.88416449,0.78868920
21.40124990,0.06855764,2.13810800,0.96617280
21.40374990,0.06882981,2.12965359,0.97725409
21.40624990,0.06899781,2.12446792,0.98798630
21.40874990,0.06682980,2.19338731,0.90920909
21.41124990,0.06747688,2.17235377,0.91101441
21.41374990,0.06799801,2.15570482,0.92786334
21.41624990,0.06849724,2.13999340,0.94142867
21.41874990,0.07114338,2.06039745,1.07537087
21.42124990,0.07288031,2.01129283,1.17367291
21.42374990,0.07277394,2.01423268,1.16350817
21.42624990,0.07289298,2.01094319,1.17939610
21.42874990,0.07277302,2.01425804,1.13347399
21.43124990,0.07108154,2.06219014,1.04698621
21.43374990,0.07142000,2.05241725,1.08287640
21.43624990,0.07138102,2.05353808,1.10577106
21.43874990,0.07104527,2.06324275,1.18987153
21.44124990,0.06767083,2.16612737,1.14791611
21.44374990,0.07064102,2.07504988,1.15303500
21.44624990,0.07374896,1.98760278,1.17181319
21.44874990,0.07793020,2.07665409,1.24417057
21.45124990,0.07297114,2.21778206,1.07029199
21.45374990,0.07318552,2.21128551,1.08888137
21.45624990,0.07332066,2.20720976,1.10178727
21.45874990,0.07319448,2.21101489,1.09711449
21.46124990,0.07985227,2.04074342,1.32696103
21.46374990,0.08993776,2.10184325,1.77320003
21.46624990,0.10304685,2.21208419,2.45347527
21.46874990,0.10731922,2.12402123,2.92328181
21.47124990,0.10580161,2.15448811,3.07597201
21.47374990,0.10599086,2.15064117,3.12574003
21.47624990,0.10589979,2.15249056,3.14479412
21.47874990,0.13170457,2.69620578,4.85553733
21.48124990,0.20677264,3.44917605,9.48785873
21.48374990,0.25781018,2.76635789,16.19985189
21.48624990,0.26402833,2.70120725,16.92723468
21.48874990,0.27089551,2.63273186,19.02996154
21.49124990,0.28628361,2.49121926,21.15308775
21.49374990,0.34047727,2.43715774,24.97675389
21.49624990,0.33994514,2.44097276,25.16136484
21.49874990,0.37476704,2.21416702,28.90269508
21.50124990,0.40656486,2.04099496,33.17967518
21.50374990,0.40942824,2.02672103,33.76914839
21.50624990,0.48052486,2.34184849,47.10718498
21.50874990,0.54931768,2.16829489,61.72971337
21.51124990,0.64821001,2.38750560,85.39975848
21.51374990,0.76918886,2.42010204,127.18198444
21.51624990,0.86948636,2.14093703,167.77444175
21.51874990,1.05879195,2.55749945,232.75679151
21.52124990,1.07002062,2.53066135,242.65550784
21.52374990,1.17594042,2.30271856,293.48471849
21.52624990,1.23634348,2.19021646,338.08699689
21.52874990,1.23505241,2.19250602,337.07341284
21.53124990,1.22779271,2.20546987,322.83938488
21.53374990,1.26597136,2.13895821,345.55134883
21.53624990,1.45531568,2.21286679,430.89125805
21.53874990,1.46604500,2.19667182,432.62870364
21.54124990,1.47125632,2.18889101,435.12475685
21.54374990,1.73003448,2.40120073,602.18570758
21.54624990,1.80975363,2.29542850,662.61392443
21.54874990,1.81253332,2.29190825,665.12184534
21.55124990,2.08281387,2.22933522,875.27492850
21.55374990,2.25727766,2.05703109,1025.54856167
21.55624990,2.38421836,1.94751051,1159.09580742
21.55874990,2.37792985,1.95266076,1154.14820159
21.56124990,2.42235231,1.91685177,1188.76952995
21.56374990,2.40490975,1.93075450,1174.27897633
21.56624990,2.39023056,1.94261189,1163.34072335
21.56874990,2.31687444,2.00411824,1088.25886133
21.57124990,2.32695035,1.99544021,1094.08959528
21.57374990,2.29164227,2.02618461,1070.08440402
21.57624990,2.26256823,2.05222112,1052.90918063
21.57874990,2.26600136,2.04911188,1061.86475911
21.58124990,2.26433421,2.05062057,1056.99327312
21.58374990,2.24418048,2.06903605,1045.51340666
21.58624990,2.12559126,2.18446999,925.91753129
21.58874990,2.12572171,2.18433593,913.28220729
21.59124990,2.12022078,2.19000321,907.69425282
21.59374990,1.90834635,2.43314864,729.01588987
21.59624990,1.83438874,2.53124663,678.56681728
21.59874990,1.82581194,2.54313723,673.43296113
21.60124990,1.50203760,2.59496429,459.36034398
21.60374990,1.22351139,2.95257618,312.86437142
21.60624990,0.91947333,2.80668933,212.15100614
21.60874990,0.89754701,2.87525439,199.66693469
21.61124990,0.69148958,2.00972932,107.72074750
21.61374990,0.62886080,2.20987997,88.60313384
21.61624990,0.55012172,2.22421893,62.54949476
21.61874990,0.53138066,2.30266406,58.66862738
21.62124990,0.45990514,2.66052943,42.51129994
21.62374990,0.36973611,2.29156446,27.95927171
21.62624990,0.35142427,2.41097215,25.38040871
21.62874990,0.32378682,2.61676532,22.95400652
21.63124990,0.32380583,2.61661172,22.94808391
21.63374990,0.27705340,3.05816184,15.87744379
21.63624990,0.27676879,3.06130666,15.83386955
21.63874990,0.20339013,2.12066222,8.34880323
21.64124990,0.20540032,2.09990794,8.72602797
21.64374990,0.18352142,1.94493870,7.26016352
21.64624990,0.16878999,2.11468647,6.84653555
21.64874990,0.15370007,2.32230160,6.29573958
21.65124990,0.15278540,2.33620431,6.30183291
21.65374990,0.15238262,2.34237942,6.29937646
21.65624990,0.15272994,2.33705269,5.84040127
21.65874990,0.15222290,2.34483722,5.41108535
21.66124990,0.13508817,2.64225884,4.00068868
21.66374990,0.11004271,2.48279084,2.49836525
21.66624990,0.09153948,1.79254422,1.68881446
21.66874990,0.08564281,1.91596418,1.46792401
21.67124990,0.08524672,1.92486648,1.45526371
21.67374990,0.08527273,1.92427944,1.45820799
21.67624990,0.08477394,1.93560134,1.43997577
21.67874990,0.08477350,1.93561153,1.44000275
21.68124990,0.08549345,1.91931140,1.46454923
21.68374990,0.08582925,1.91180224,1.47549130
21.68624990,0.08678527,1.89074206,1.53515812
21.68874990,0.08338613,1.96781605,1.45685339
21.69124990,0.07604651,1.92247726,1.34617377
21.69374990,0.07064325,2.06952092,1.25445438
21.69624990,0.06800583,2.14978175,1.26957100
21.69874990,0.06912433,2.11499620,1.27300194
21.70124990,0.06771218,2.15910477,1.14172841
21.70374990,0.06650097,2.19842939,1.04837524
21.70624990,0.05971134,2.35878647,0.76017750
21.70874990,0.05088358,2.22107637,0.54760978
21.71124990,0.04416452,1.90716185,0.39403496
21.71374990,0.04199612,2.00563500,0.36002202
21.71624990,0.04350027,1.93628399,0.39281977
21.71874990,0.04344327,1.93882464,0.38870747
21.72124990,0.04278312,1.96874125,0.39777717
21.72374990,0.04282818,1.96666964,0.39861624
21.72624990,0.04353795,1.93460851,0.40310295
21.72874990,0.04503960,1.87010736,0.43572887
21.73124990,0.04630130,1.81914736,0.43654696
21.73374990,0.04488049,1.87673719,0.41923657
21.73624990,0.04107471,1.72240589,0.35911896
21.73874990,0.04445975,1.93840211,0.40771988
21.74124990,0.04290908,2.00845307,0.38641836
21.74374990,0.04403415,1.95713697,0.40107566
21.74624990,0.04497134,1.91635089,0.41223461
21.74874990,0.04337073,1.98707442,0.38263718
21.75124990,0.04266975,2.01971822,0.36662169
21.75374990,0.04206885,2.04856721,0.35653127
21.75624990,0.04159020,2.07214370,0.34791962
21.75874990,0.04375363,1.96968498,0.38604267
21.76124990,0.04422651,1.94862476,0.39767802
21.76374990,0.04378548,1.96825212,0.39436293
21.76624990,0.04262673,2.02175646,0.37882814
21.76874990,0.04313697,1.99784246,0.38518996
21.77124990,0.04379190,1.96796346,0.39377360
21.77374990,0.04321862,1.99406796,0.38054699
21.77624990,0.04306144,2.00134678,0.37108367
21.77874990,0.04158096,2.07260426,0.34886298
21.78124990,0.03865051,2.22974728,0.30761287
21.78374990,0.03877380,2.22265730,0.31030599
21.78624990,0.03853028,2.23670476,0.30822040
21.78874990,0.03341081,1.89397639,0.23113775
21.79124990,0.03430925,1.84437997,0.23590871
21.79374990,0.03286748,1.92528558,0.22063364
21.79624990,0.03152969,2.00697493,0.20495205
21.79874990,0.03127996,2.02299820,0.20042000
21.80124990,0.03264276,1.93853963,0.21613656
21.80374990,0.03037108,2.08353805,0.18450572
21.80624990,0.02805633,2.25543765,0.16564419
21.80874990,0.02428612,1.85465088,0.13124334
21.81124990,0.02503087,1.79946904,0.13675863
21.81374990,0.02493184,1.80661636,0.13767009
21.81624990,0.02466315,1.82629842,0.12994490
21.81874990,0.02389321,1.88514885,0.11645282
21.82124990,0.02255376,1.99710713,0.10305007
21.82374990,0.02314954,1.94570873,0.10763671
21.82624990,0.02187709,2.05887790,0.09610134
21.82874990,0.02277943,1.97732170,0.10414353
21.83124990,0.02266042,1.98770622,0.10510520
21.83374990,0.02252276,1.99985512,0.10380646
21.83624990,0.02318713,1.94255450,0.11151902
21.83874990,0.02433996,1.85054786,0.12382829
21.84124990,0.02234517,1.87945638,0.10218633
21.84374990,0.02266992,1.85253246,0.10624614
21.84624990,0.02366780,1.77442634,0.11473264
21.84874990,0.02360915,1.77883418,0.11367043
21.85124990,0.02213302,1.78832943,0.10003854
21.85374990,0.02213983,1.78777868,0.09998087
21.85624990,0.02308108,1.72247604,0.10845506
21.85874990,0.02306005,1.72404731,0.10838555
21.86124990,0.02133690,1.86327982,0.09561100
21.86374990,0.02183044,1.82115451,0.09854908
21.86624990,0.02207084,1.80131816,0.10018173
21.86874990,0.02232992,1.78041873,0.10210154
21.87124990,0.02229061,1.78355878,0.09974806
21.87374990,0.02184764,1.81972131,0.09948399
21.87624990,0.02260382,1.75884476,0.10718026
21.87874990,0.02161582,1.83923690,0.09619233
21.88124990,0.02138992,1.85866099,0.09356803
21.88374990,0.02117957,1.87712089,0.09088693
21.88624990,0.02024399,1.96387210,0.08291317
21.88874990,0.01876116,2.11909163,0.07438563
21.89124990,0.01912488,2.07878985,0.07908956
21.89374990,0.02154472,2.21762323,0.09594601
21.89624990,0.02027130,2.35693109,0.08342280
21.89874990,0.02439766,2.49070291,0.11995110
21.90124990,0.02407724,2.52384927,0.11688373
21.90374990,0.02479148,2.45113692,0.12628436
21.90624990,0.02349599,2.58628456,0.11492581
21.90874990,0.02348700,2.58727408,0.11492305
21.91124990,0.02543368,2.38924601,0.13256527
21.91374990,0.02511054,2.41999219,0.13060263
21.91624990,0.02483689,2.44665526,0.12956364
21.91874990,0.02657212,2.28688244,0.14473301
21.92124990,0.02645565,2.29695063,0.14370420
21.92374990,0.02621363,2.31815738,0.14203173
21.92624990,0.02616084,2.32283492,0.14157466
21.92874990,0.02753499,2.20691294,0.16381582
21.93124990,0.02787653,2.17987421,0.16980634
21.93374990,0.02794032,2.17489715,0.16899905
21.93624990,0.02941564,2.06581680,0.19238620
21.93874990,0.02968222,2.04726341,0.19248150
21.94124990,0.02937849,2.06842864,0.18657662
21.94374990,0.02770443,2.19341490,0.16191748
21.94624990,0.02829623,2.14754100,0.16429177
21.94874990,0.02790090,2.04273729,0.17187061
21.95124990,0.02971650,1.91793138,0.18944154
21.95374990,0.02930958,1.94455927,0.19552138
21.95624990,0.03160313,1.80343555,0.22490584
21.95874990,0.03476605,1.87029808,0.25049797
21.96124990,0.03398679,1.91318057,0.25207195
21.96374990,0.03442153,1.88901762,0.25342120
21.96624990,0.03448206,1.88570156,0.25370640
21.96874990,0.03365469,1.93205975,0.24142055
21.97124990,0.03344349,1.94426092,0.23052133
21.97374990,0.03338723,1.94753705,0.22916881
21.97624990,0.03383024,1.92203433,0.23674852
21.97874990,0.03266465,1.99061891,0.22389670
21.98124990,0.03290363,1.97616111,0.23704832
21.98374990,0.03360733,1.93478253,0.24950758
21.98624990,0.03233069,2.01118101,0.24388749
21.98874990,0.03209513,2.02594187,0.23881715
21.99124990,0.03244799,2.00391093,0.25537235
21.99374990,0.03323831,1.95626272,0.26842257
21.99624990,0.03290615,1.97600964,0.24921878
21.99874990,0.03150490,2.06389733,0.22840704
22.00124990,0.03876603,2.87247156,0.30455341
22.00374990,0.03865651,2.88060982,0.30051755
22.00624990,0.03938698,2.82718646,0.32593542
22.00874990,0.03916983,2.84285943,0.32274822
22.01124990,0.04240176,2.62617238,0.36628687
22.01374990,0.04325095,2.57461001,0.37950592
22.01624990,0.04636853,2.40150669,0.43127343
22.01874990,0.04573189,2.43493825,0.41901493
22.02124990,0.04567264,2.43809695,0.41813118
22.02374990,0.04649230,2.39511315,0.43473013
22.02624990,0.05270572,2.20806587,0.57168693
22.02874990,0.05298255,2.19652910,0.58052221
22.03124990,0.05340539,2.17913769,0.60990932
22.03374990,0.05422142,2.14634188,0.62329247
22.03624990,0.06023781,1.94939437,0.73032158
22.03874990,0.06227876,1.88551024,0.78841906
22.04124990,0.06382798,1.83974567,0.82367998
22.04374990,0.06342516,1.85143004,0.81703519
22.04624990,0.06367696,1.84410892,0.82428007
22.04874990,0.06563392,1.78912431,0.86736658
22.05124990,0.06683481,1.86767102,0.90034783
22.05374990,0.06689328,1.86603864,0.89944239
22.05624990,0.06558653,1.90321768,0.86248936
22.05874990,0.06673058,1.87058823,0.89505996
22.06124990,0.07643485,2.40986337,1.18137154
22.06374990,0.07790085,2.36451268,1.23250023
22.06624990,0.07817982,2.35607552,1.24224964
22.06874990,0.07839271,2.34967714,1.24556025
22.07124990,0.08040741,2.29080327,1.30084514
22.07374990,0.08400374,2.19273045,1.41231831
22.07624990,0.08091204,2.27651587,1.31739035
22.07874990,0.08331897,2.21075154,1.40022115
22.08124990,0.08286495,2.22286454,1.39158724
22.08374990,0.08230296,2.23804297,1.37629709
22.08624990,0.07806081,2.35966739,1.22604877
22.08874990,0.07774997,2.36910132,1.21762735
22.09124990,0.07639892,2.41099674,1.18020556
22.09374990,0.07637932,2.41161545,1.17931836
22.09624990,0.08170170,2.25451321,1.37221741
22.09874990,0.07980063,2.30822174,1.30354760
22.10124990,0.07673312,2.40049608,1.19355558
22.10374990,0.07780255,2.36750025,1.22790262
22.10624990,0.08067311,2.28325825,1.30374130
22.10874990,0.08097636,2.27470764,1.31409890
22.11124990,0.07282151,1.82660701,1.07054681
22.11374990,0.07072662,1.88071043,1.00778080
22.11624990,0.06827622,1.94820809,0.96203942
22.11874990,0.06830492,1.94738951,0.96283802
22.12124990,0.06585084,2.01996326,0.87519315
22.12374990,0.06061470,2.19445582,0.75262933
22.12624990,0.05933203,2.24189682,0.71418000
22.12874990,0.05674424,2.34413725,0.70263497
22.13124990,0.05686255,2.33925998,0.70569731
22.13374990,0.05653242,2.35292044,0.67937231
22.13624990,0.05679569,2.34201374,0.68906860
22.13874990,0.06022832,2.20853378,0.73045662
22.14124990,0.06105867,2.17849954,0.75566207
22.14374990,0.06115211,2.17517065,0.75769575
22.14624990,0.05346110,2.05570967,0.57396677
22.14874990,0.05792230,1.89737817,0.69271103
22.15124990,0.05779748,1.90147573,0.72663710
22.15374990,0.05625726,1.95353471,0.67870992
22.15624990,0.05195868,2.11515198,0.56174796
22.15874990,0.05458006,2.12723967,0.62538676
22.16124990,0.05281289,2.19841929,0.57446908
22.16374990,0.05267776,2.20405879,0.58465564
22.16624990,0.05273831,2.20152814,0.58667600
22.16874990,0.05833154,1.99043055,0.68365327
22.17124990,0.06125292,1.89549952,0.75181397
22.17374990,0.06259678,1.85480577,0.78667520
22.17624990,0.06260579,1.85453899,0.78694173
22.17874990,0.06238823,1.86100616,0.78175133
22.18124990,0.06355453,1.82685447,0.81023920
22.18374990,0.06359282,1.82575440,0.81155389
22.18624990,0.06459433,1.79744695,0.83859101
22.18874990,0.06077003,1.91056156,0.75168217
22.19124990,0.05984836,1.93998423,0.72802967
22.19374990,0.05967576,1.94559527,0.72655894
22.19624990,0.05971482,1.94432277,0.72783977
22.19874990,0.06761382,2.57943584,0.93909163
22.20124990,0.06613579,2.63708215,0.91765222
22.20374990,0.06943295,2.51185530,1.04667052
22.20624990,0.06989466,2.49526254,1.05474198
22.20874990,0.06965377,2.50389186,0.98454955
22.21124990,0.06917475,2.52123085,0.95782505
22.21374990,0.06964483,2.50421339,0.97166068
22.21624990,0.06967987,2.50295400,0.97254226
22.21874990,0.06808492,2.56158787,0.95700223
22.22124990,0.06571892,2.65380971,0.90309014
22.22374990,0.06444841,2.70612609,0.88866822
22.22624990,0.06588327,2.64718963,0.91915756
22.22874990,0.07439595,2.34428786,1.10980624
22.23124990,0.07812438,2.23240821,1.23708796
22.23374990,0.07919467,2.20223813,1.27427246
22.23624990,0.08042521,2.16854295,1.30732901
22.23874990,0.08122928,2.14707690,1.33320114
22.24124990,0.08410440,2.07367884,1.41842921
22.24374990,0.08526125,2.04554246,1.45424209
22.24624990,0.09300401,1.87524735,1.76608734
22.24874990,0.08871437,1.87815600,1.70706325
22.25124990,0.09555496,1.74370255,2.07951282
22.25374990,0.09357898,1.78052207,2.10528064
22.25624990,0.09309689,1.78974220,2.06135225
22.25874990,0.08973425,1.85680982,1.86608900
22.26124990,0.10156280,2.17896381,2.19452042
22.26374990,0.11283620,1.98217610,2.56057346
22.26624990,0.11282897,1.98230314,2.56041910
22.26874990,0.11487815,1.94694321,2.64812254
22.27124990,0.15631598,3.03730008,5.22601603
22.27374990,0.25495888,3.53326695,14.08284425
22.27624990,0.26691432,3.37500733,15.76079812
22.27874990,0.33581143,2.75570144,27.12105315
22.28124990,0.39803204,2.42005225,38.43729215
22.28374990,0.43630122,2.20778281,48.92467124
22.28624990,0.52768304,2.52058699,73.40888387
22.28874990,0.54818293,2.42632694,81.53021857
22.29124990,0.57806514,2.30090157,94.90606024
22.29374990,0.70529571,2.56379693,143.82473175
22.29624990,0.74220698,2.43629478,146.13493402
22.29874990,0.77958192,2.31949321,171.55981145
22.30124990,0.87807268,2.06639754,216.32176327
22.30374990,0.90845919,1.99727985,215.18177475
22.30624990,1.18761483,2.88049704,374.51350139
22.30874990,1.19791962,2.85571829,387.87761275
22.31124990,1.26027820,2.71441732,453.88486907
22.31374990,1.44604263,2.36571239,599.77773399
22.31624990,1.44606339,2.36567844,600.82221923
22.31874990,1.52157584,2.24827504,685.93866200
22.32124990,1.52280856,2.24645505,667.39157590
22.32374990,1.54293104,2.21715741,633.24608023
22.32624990,1.54217695,2.21824154,621.67593108
22.32874990,1.57482039,2.17226104,602.67876263
22.33124990,1.58391128,2.15979331,576.98570380
22.33374990,1.57376160,2.17372249,560.93900958
22.33624990,1.54540990,2.21360106,528.63785389
22.33874990,1.53829217,2.22384346,518.35732514
22.34124990,1.53575446,2.22751819,515.85498118
22.34374990,1.48895138,2.29753706,477.94411806
22.34624990,1.47255109,2.32312550,475.14137488
22.34874990,1.49883929,2.28238011,495.24331482
22.35124990,1.44377310,2.36943116,445.24630116
22.35374990,1.44711510,2.36395914,446.44206104
22.35624990,1.32686801,2.39571894,373.37173790
22.35874990,1.35007545,2.35453718,373.32183233
22.36124990,1.30001957,2.44519615,343.38912725
22.36374990,1.09793592,2.04300215,242.34984168
22.36624990,1.11044923,2.01998020,246.88580766
22.36874990,1.01721230,2.20513009,210.41459787
22.37124990,1.02331776,2.19197354,212.84983838
22.37374990,0.98633322,2.27416599,194.68240318
22.37624990,0.99050793,2.26458102,196.35644862
22.37874990,0.91463634,2.45243421,171.54680029
22.38124990,0.87271949,2.57022501,157.80467125
22.38374990,0.87425680,2.56570549,157.56329125
22.38624990,0.87617142,2.56009885,158.94255041
22.38874990,0.87691914,2.55791594,158.28454281
22.39124990,0.86244038,2.60085856,151.96296517
22.39374990,0.84995038,2.63907813,145.84603411
22.39624990,0.84626761,2.65056280,145.32026207
22.39874990,0.76208375,2.94335818,118.39840301
22.40124990,0.76047941,2.94956765,118.64798983
22.40374990,0.71715862,3.12773965,105.06031462
22.40624990,0.51275217,2.56861956,53.14064616
22.40874990,0.41974024,1.78092330,38.08161153
22.41124990,0.39148386,1.90946617,34.77717795
22.41374990,0.36418427,2.05260153,29.06502508
22.41624990,0.32394684,2.30755507,22.10880428
22.41874990,0.27992535,2.67044474,16.07399351
22.42124990,0.22575631,3.31120387,10.22697597
22.42374990,0.15174595,3.27742114,4.95907171
22.42624990,0.10342833,2.51085910,2.85874858
22.42874990,0.10366675,2.50508445,2.94035895
22.43124990,0.10285680,2.52481072,2.85879939
22.43374990,0.08879867,2.92452539,2.09951623
22.43624990,0.06741500,2.71209410,1.21909110
22.43874990,0.05361296,2.82740769,0.75352904
22.44124990,0.04244430,2.43112499,0.44744030
22.44374990,0.03627398,2.25123812,0.29937924
22.44624990,0.04231758,2.30556127,0.37523984
22.44874990,0.03933336,2.48048419,0.31125602
22.45124990,0.04639076,2.61308755,0.44715297
22.45374990,0.04634820,2.61548710,0.44693036
22.45624990,0.04492151,2.69855449,0.45073697
22.45874990,0.04512781,2.68621783,0.45389359
22.46124990,0.04819209,2.51541553,0.49625508
22.46374990,0.04972680,2.43778264,0.52751017
22.46624990,0.05099107,2.37734052,0.53260638
22.46874990,0.05111127,2.37174966,0.54335411
22.47124990,0.05063550,2.39403461,0.53095212
22.47374990,0.05070092,2.39094558,0.52949007
22.47624990,0.05323979,2.27692729,0.61288750
22.47874990,0.05273329,2.29879687,0.59611875
22.48124990,0.05260105,2.30457601,0.60745211
22.48374990,0.05210065,2.32671038,0.59634063
22.48624990,0.05515014,2.19805643,0.63777788
22.48874990,0.05677873,2.13500941,0.67757989
22.49124990,0.05626757,2.15440503,0.64945798
22.49374990,0.05605765,2.16247236,0.65351103
22.49624990,0.05523790,2.19456454,0.63312741
22.49874990,0.05519545,2.19625231,0.63243839
22.50124990,0.05297435,1.87728920,0.58035193
22.50374990,0.05300538,1.87619027,0.58037456
22.50624990,0.05318106,1.86999250,0.57779604
22.50874990,0.05417363,1.83573058,0.60671486
22.51124990,0.05729687,2.20412034,0.67611267
22.51374990,0.05696284,2.21704501,0.66660598
22.51624990,0.05568989,2.26772180,0.63957589
22.51874990,0.05749689,2.19645264,0.66369683
22.52124990,0.06099175,2.07059458,0.75661901
22.52374990,0.06777849,1.95863654,0.93948707
22.52624990,0.06561500,2.02321764,0.87213034
22.52874990,0.06551812,2.02620956,0.86520181
22.53124990,0.06788477,1.95557014,0.92811677
22.53374990,0.07435067,1.82411176,1.11248907
22.53624990,0.07355280,1.84389904,1.08774138
22.53874990,0.07273636,1.86459608,1.06101297
22.54124990,0.07341766,1.84729302,1.08354449
22.54374990,0.07401741,1.83232473,1.09978598
22.54624990,0.07280205,1.86291361,1.06742954
22.54874990,0.07282687,1.86227881,1.06819446
22.55124990,0.07327874,1.85079498,1.08037699
22.55374990,0.07337239,1.84843282,1.08359158
22.55624990,0.07388529,1.83560129,1.10168714
22.55874990,0.07316518,1.85366769,1.08342622
22.56124990,0.06815984,1.98979232,0.93324874
22.56374990,0.07006879,1.93558247,1.02377988
22.56624990,0.07049812,1.92379490,1.03632200
22.56874990,0.07405757,1.83133098,1.16336400
22.57124990,0.07102644,1.90948523,1.08279474
22.57374990,0.06487337,2.09059465,0.85849211
22.57624990,0.06735231,2.01364933,0.95139196
22.57874990,0.07229874,1.87588222,1.08094411
22.58124990,0.07027891,1.92979560,1.00600776
22.58374990,0.06411042,1.94140232,0.84609376
22.58624990,0.06220511,2.00086633,0.78412296
22.58874990,0.06185962,2.01204120,0.78749948
22.59124990,0.06161016,2.02018808,0.78050946
22.59374990,0.06085144,2.04537658,0.74847735
22.59624990,0.05929478,2.09907365,0.71818225
22.59874990,0.05925158,2.10060424,0.71278363
22.60124990,0.05492990,2.26587192,0.63301727
22.60374990,0.05510952,2.25848677,0.63679292
22.60624990,0.05934731,2.09721578,0.70454078
22.60874990,0.06081048,2.04675433,0.74526764
22.61124990,0.06649361,1.91835176,0.91605954
22.61374990,0.06499417,1.96260859,0.87705592
22.61624990,0.06511706,1.95890486,0.86181945
22.61874990,0.06812937,2.25099350,1.06248030
22.62124990,0.07123052,2.15299262,1.14130650
22.62374990,0.07098007,2.16058926,1.12285001
22.62624990,0.06950709,2.20637609,1.10243962
22.62874990,0.06934250,2.21161288,0.99389054
22.63124990,0.07944223,2.20761892,1.39384681
22.63374990,0.07898659,2.22035368,1.37019273
22.63624990,0.07938207,2.20929205,1.40822506
22.63874990,0.08348133,2.10080705,1.57277131
22.64124990,0.08881763,1.97458737,1.69014823
22.64374990,0.08962058,1.95689624,1.73386780
22.64624990,0.08981234,1.95271784,1.71395171
22.64874990,0.09063319,1.93503247,1.70771146
22.65124990,0.09751093,1.79854886,2.04193424
22.65374990,0.09730435,1.80236728,2.04262572
22.65624990,0.09490662,1.84790236,1.91408063
22.65874990,0.09702345,1.80758530,2.07470967
22.66124990,0.09600072,1.82684230,1.94760558
22.66374990,0.09554943,1.83547055,1.92072561
22.66624990,0.09877175,1.77559030,2.04204448
22.66874990,0.09302671,1.88524536,1.74295245
22.67124990,0.09082839,1.93087398,1.67378775
22.67374990,0.09112728,1.92454072,1.67631519
22.67624990,0.09281844,1.88947549,1.74963725
22.67874990,0.08914222,1.96739742,1.64599021
22.68124990,0.08020752,2.05702675,1.32037118
22.68374990,0.08056632,2.04786581,1.32503115
22.68624990,0.08055911,2.04804910,1.32996690
22.68874990,0.07936594,2.07883920,1.26780134
22.69124990,0.07547267,2.18607621,1.14246078
22.69374990,0.07452732,2.21380587,1.12821991
22.69624990,0.07627181,2.16317158,1.18488817
22.69874990,0.07572182,2.17888356,1.15126827
22.70124990,0.06644175,1.78406296,0.92408404
22.70374990,0.06643702,1.78418989,0.92398042
22.70624990,0.07144089,1.82289793,1.03742723
22.70874990,0.06985484,1.86428661,1.03479744
22.71124990,0.06605747,1.97145674,0.91571678
22.71374990,0.06518376,1.99788195,0.91540998
22.71624990,0.06187647,2.10466835,0.83558732
22.71874990,0.06289771,2.07049601,0.81951750
22.72124990,0.06309091,2.06415560,0.81945261
22.72374990,0.06356817,2.04865805,0.81272002
22.72624990,0.06026073,2.16109984,0.73486201
22.72874990,0.06166379,2.11192746,0.76481222
22.73124990,0.06162894,2.11312169,0.76421488
22.73374990,0.06209925,2.09711798,0.78119024
22.73624990,0.06273956,2.07571506,0.79989011
22.73874990,0.05903879,2.20582846,0.72486222
22.74124990,0.05593375,2.32828012,0.64775070
22.74374990,0.05616763,2.31858554,0.67006165
22.74624990,0.06939775,2.86602651,1.10018550
22.74874990,0.06872505,2.89408021,1.05521789
22.75124990,0.06951102,2.86135656,1.09396366
22.75374990,0.07018428,2.83390814,1.12274340
22.75624990,0.06789854,2.92930916,0.95495316
22.75874990,0.06518670,3.05117144,0.90758397
22.76124990,0.06445254,3.08592663,0.88226701
22.76374990,0.07023083,2.83202972,1.00009202
22.76624990,0.06917822,2.87512179,0.97462638
22.76874990,0.06770674,2.93760713,0.92671687
22.77124990,0.07751319,2.56596080,1.20399280
22.77374990,0.07845769,2.53507097,1.23530367
22.77624990,0.08112403,2.45174941,1.34528999
22.77874990,0.08005187,2.48458661,1.30817148
22.78124990,0.08288651,2.39961623,1.38123814
22.78374990,0.08245389,2.41220632,1.37510773
22.78624990,0.08406437,2.36599398,1.42501533
22.78874990,0.08456033,2.35211712,1.43363071
22.79124990,0.08459649,2.35111190,1.43140504
22.79374990,0.08527905,2.33229378,1.46374082
22.79624990,0.07306813,2.36416937,1.10703311
22.79874990,0.08294405,2.15396156,1.46426904
22.80124990,0.08215452,2.17466175,1.46976054
22.80374990,0.08158061,2.18996019,1.47639381
22.80624990,0.08718322,2.04922799,1.70433835
22.80874990,0.08788879,2.03277683,1.69297037
22.81124990,0.08922128,2.00241809,1.79668557
22.81374990,0.08498691,2.10218598,1.61639390
22.81624990,0.09445378,2.02783476,1.82247209
22.81874990,0.09749665,1.96454591,1.97687361
22.82124990,0.09453086,2.02618114,1.86404463
22.82374990,0.09308399,2.05767555,1.84957263
22.82624990,0.09269069,2.06640648,1.83750002
22.82874990,0.10254423,1.91350784,2.14266812
22.83124990,0.10644548,1.84337732,2.28793944
22.83374990,0.10836659,1.81069818,2.35816415
22.83624990,0.10727598,1.82910641,2.36202264
22.83874990,0.10698729,1.83404203,2.35387454
22.84124990,0.10674275,1.83824364,2.32996206
22.84374990,0.10614053,1.84867343,2.30107274
22.84624990,0.10862868,1.80632941,2.38044119
22.84874990,0.10311955,1.90283196,2.14813097
22.85124990,0.10939956,1.79360116,2.39821826
22.85374990,0.10939539,1.79366960,2.39855411
22.85624990,0.10382525,1.88989853,2.17913324
22.85874990,0.10874447,1.80440603,2.40937319
22.86124990,0.11047741,1.77610223,2.47514627
22.86374990,0.11288770,1.73818028,2.56456772
22.86624990,0.10529954,1.86343817,2.22433019
22.86874990,0.11314236,1.89453323,2.56214518
22.87124990,0.10930953,1.96096328,2.40747560
22.87374990,0.11200782,1.91372323,2.53236867
22.87624990,0.11126345,1.92652629,2.49401383
22.87874990,0.10557927,2.03024677,2.24111773
22.88124990,0.10361807,2.06867362,2.18196367
22.88374990,0.10268507,2.08746958,2.17284506
22.88624990,0.10899891,1.96655158,2.58106159
22.88874990,0.11408132,1.87894011,2.77887272
22.89124990,0.11712862,1.83005624,2.83636073
22.89374990,0.12667335,1.71547076,3.37113772
22.89624990,0.12562801,1.72974508,3.30206129
22.89874990,0.12435660,1.74742993,3.26456758
22.90124990,0.12606177,1.72379327,3.36385869
22.90374990,0.12609605,1.72332470,3.37345247
22.90624990,0.13092455,1.65976841,3.57224344
22.90874990,0.12988430,1.67306158,3.50624849
22.91124990,0.12862201,1.68948089,3.45610685
22.91374990,0.12692948,1.71200921,3.49388523
22.91624990,0.13274805,1.63696898,3.86984434
22.91874990,0.12443230,1.74636677,3.61406152
22.92124990,0.12415153,1.75031616,3.57562335
22.92374990,0.12207996,1.78001724,3.39399706
22.92624990,0.12450624,1.74532964,3.47765532
22.92874990,0.12310094,1.76525414,3.37073782
22.93124990,0.12133240,1.79098444,3.26589172
22.93374990,0.12084145,1.79826070,3.26112385
22.93624990,0.11771386,1.84603950,3.09192698
22.93874990,0.11254323,1.93085294,2.72292369
22.94124990,0.11134814,1.95157673,2.67882010
22.94374990,0.10195012,1.85159408,2.12798931
22.94624990,0.10053288,1.87769648,2.05150543
22.94874990,0.11480969,2.19865282,2.66845904
22.95124990,0.11207300,2.25234125,2.53514877
22.95374990,0.11215946,2.25060506,2.53687176
22.95624990,0.10513748,2.40091959,2.29409348
22.95874990,0.10390779,2.42933325,2.24710099
22.96124990,0.10387314,2.43014346,2.24617533
22.96374990,0.10431184,2.41992320,2.30857193
22.96624990,0.09587746,2.63280491,1.90355896
22.96874990,0.09505559,2.65556849,1.85044800
22.97124990,0.09511654,2.65386702,1.85021484
22.97374990,0.09558687,2.64080867,1.86171852
22.97624990,0.09119875,2.76787393,1.73232228
22.97874990,0.09004355,2.80338387,1.75530647
22.98124990,0.08757493,2.88240754,1.64306685
22.98374990,0.08682488,2.90730755,1.57265450
22.98624990,0.08478654,2.97720188,1.49707721
22.98874990,0.08578450,2.94256704,1.51300014
22.99124990,0.08545417,2.95394172,1.50027565
22.99374990,0.10118462,2.53604079,2.17899459
22.99624990,0.10760778,2.38466335,2.49185018
22.99874990,0.09423417,2.72309203,1.86739438
23.00124990,0.09450544,2.71527565,1.83187761
23.00374990,0.10949779,2.34350223,2.40502483
23.00624990,0.10952630,2.34289224,2.40707483
23.00874990,0.11052885,2.32164110,2.45246749
23.01124990,0.11237454,2.28350946,2.53954656
23.01374990,0.11206957,2.28972350,2.55334287
23.01624990,0.13614903,2.53970244,3.79042060
23.01874990,0.14711942,2.35032204,4.56477845
23.02124990,0.18508206,2.71475831,7.55000275
23.02374990,0.19433669,2.58547701,8.47842128
23.02624990,0.19942202,2.51954652,9.21087498
23.02874990,0.21262302,2.36311687,10.94093846
23.03124990,0.25099782,2.37767569,13.76802037
23.03374990,0.27888162,2.13994532,18.05443036
23.03624990,0.30842618,1.93495708,22.12586375
23.03874990,0.50870478,3.55839448,52.58164479
23.04124990,0.51263633,3.53110418,53.07379922
23.04374990,0.52502256,3.44779907,55.94537271
23.04624990,0.52467606,3.45007599,55.90341518
23.04874990,0.82199124,3.44469088,140.82251433
23.05124990,0.83599330,3.38699572,146.48005630
23.05374990,0.87104371,3.25070453,163.21134921
23.05624990,1.20694222,3.09569009,307.84026967
23.05874990,1.31215460,2.84746864,351.36029296
23.06124990,1.41129490,2.64744034,421.48616095
23.06374990,1.41601922,2.63860759,425.04166686
23.06624990,1.52662021,2.44744505,473.90555821
23.06874990,1.62489755,2.29941824,546.27169677
23.07124990,1.62191501,2.30364664,545.71604722
23.07374990,1.64789537,2.26732784,554.24739072
23.07624990,1.91758442,2.28930116,793.20580239
23.07874990,2.06839439,2.12238452,913.97924485
23.08124990,2.15221049,2.03972996,1020.67455951
23.08374990,2.17748652,2.01605300,1039.53911023
23.08624990,2.17347094,2.01977774,1049.29051926
23.08874990,2.42999725,2.13417235,1321.15019644
23.09124990,2.46281668,2.10573243,1314.71796707
23.09374990,2.53171211,2.04842918,1433.45710100
23.09624990,2.65599398,1.95257707,1516.10301739
23.09874990,2.58594015,2.00547292,1409.29634181
23.10124990,2.64415146,1.96132220,1457.51137702
23.10374990,2.64297871,1.96219248,1455.44780307
23.10624990,2.51529175,2.06180176,1322.31162262
23.10874990,2.46207309,2.10636840,1305.29414731
23.11124990,2.43575210,2.12913003,1282.70083920
23.11374990,2.68872943,1.92880433,1467.81927006
23.11624990,2.71080521,1.91309687,1491.50231501
23.11874990,2.77441827,1.86923256,1552.85349182
23.12124990,2.78722703,1.86064246,1577.33758502
23.12374990,2.80457602,1.84913260,1591.82953795
23.12624990,2.70270229,1.91883249,1470.64173197
23.12874990,2.64438799,1.96114676,1453.58401493
23.13124990,2.57317742,2.01541989,1403.23162117
23.13374990,2.55789316,2.02746270,1359.57117073
23.13624990,2.60110690,1.99377925,1384.94275027
23.13874990,2.35245695,2.17577044,1126.43887996
23.14124990,2.32185860,2.20444358,1085.63078670
23.14374990,2.24399287,2.28093697,1038.04813683
23.14624990,2.09585936,2.44215161,912.52806627
23.14874990,2.09233568,2.44626441,911.85113560
23.15124990,2.01459006,2.54066889,861.58745593
23.15374990,2.00658354,2.55080648,859.39046410
23.15624990,1.99983356,2.55941615,857.46489439
23.15874990,2.00147054,2.55732283,852.66736855
23.16124990,1.96720207,2.60187114,810.73814332
23.16374990,1.60016906,2.27353001,519.06337240
23.16624990,1.45270494,2.50431611,422.34935930
23.16874990,1.20375495,2.35707909,302.21497832
23.17124990,1.17263630,2.41962970,290.28627501
23.17374990,1.09066553,2.60148098,243.59974313
23.17624990,0.88723669,2.73718503,161.09400061
23.17874990,0.70164524,3.01146932,100.15638321
23.18124990,0.70164292,3.01147930,100.15956983
23.18374990,0.66831247,3.16166943,90.42559059
23.18624990,0.47270270,3.18089800,45.85329835
23.18874990,0.33229658,2.10753301,26.20387623
23.19124990,0.29745852,2.35436532,23.60869548
23.19374990,0.28943374,2.41964189,23.88978372
23.19624990,0.28447980,2.46177767,22.62424225
23.19874990,0.24906417,2.81182965,16.69541962
23.20124990,0.22903280,3.05775421,13.64704125
23.20374990,0.16790194,2.95602895,7.16654724
23.20624990,0.12610368,3.08749866,3.89724322
23.20874990,0.09319619,3.65022514,2.04529743
23.21124990,0.05576665,1.89970878,0.67263828
23.21374990,0.05300330,1.78289119,0.57539490
23.21624990,0.04944842,1.89347127,0.48964949
23.21874990,0.04557006,1.86942536,0.42913646
23.22124990,0.04367695,1.95045278,0.40964149
23.22374990,0.04266051,1.99692478,0.39779551
23.22624990,0.04073742,2.09119342,0.38607043
23.22874990,0.04098350,2.07863738,0.38684642
23.23124990,0.04149334,2.05309637,0.41639937
23.23374990,0.03991222,2.13442966,0.41789630
23.23624990,0.04375342,1.94704422,0.51212368
23.23874990,0.04485377,1.89927940,0.56342247
23.24124990,0.04647323,1.83309477,0.61946914
23.24374990,0.04684920,1.81838392,0.65403712
23.24624990,0.04660806,1.82779195,0.66525107
23.24874990,0.04793105,1.77734135,0.66057325
23.25124990,0.04933498,1.72676336,0.64640554
23.25374990,0.04998154,1.70442597,0.60032514
23.25624990,0.05082705,1.67607261,0.58048201
23.25874990,0.04712685,1.80685209,0.49501732
23.26124990,0.04496891,1.89355841,0.43562079
23.26374990,0.04391272,1.93910215,0.41619846
23.26624990,0.04435485,1.91977327,0.42710404
23.26874990,0.04407888,1.93179235,0.42205601
23.27124990,0.04367400,1.94970137,0.41041362
23.27374990,0.04343197,1.96056627,0.40642209
23.27624990,0.04773442,1.86441304,0.46121730
23.27874990,0.04928142,1.80588724,0.49133591
23.28124990,0.05329547,1.81410304,0.57181581
23.28374990,0.05541956,1.74457305,0.63135295
23.28624990,0.05204655,1.85763465,0.57566425
23.28874990,0.05095501,1.89742832,0.56474350
23.29124990,0.05307218,1.82173537,0.60100263
23.29374990,0.05443629,1.77608507,0.62129702
23.29624990,0.05572550,1.73499510,0.64085030
23.29874990,0.05525502,1.74976829,0.61568525
23.30124990,0.05451606,1.77348598,0.59761885
23.30374990,0.05318711,1.81779897,0.56780078
23.30624990,0.05305300,1.82239418,0.56470781
23.30874990,0.05387884,1.79446084,0.58539568
23.31124990,0.05396487,1.79160038,0.59128535
23.31374990,0.05314437,1.81926074,0.57613274
23.31624990,0.05278990,1.83147670,0.56992239
23.31874990,0.05404002,1.78910863,0.59298830
23.32124990,0.05460383,1.77063550,0.60238470
23.32374990,0.05497691,1.75861950,0.60844005
23.32624990,0.05148323,1.87796046,0.53016842
23.32874990,0.05175593,1.86806555,0.53576003
23.33124990,0.04860130,1.78926310,0.47456736
23.33374990,0.04689081,1.85453193,0.44279108
23.33624990,0.04709047,1.84666904,0.44506874
23.33874990,0.04787201,1.81652080,0.46298196
23.34124990,0.04579136,1.39348333,0.42333487
23.34374990,0.04419431,1.44383969,0.39167646
23.34624990,0.04265486,1.49594912,0.36660547
23.34874990,0.04180625,1.52631460,0.35133565
23.35124990,0.04352315,1.47912341,0.38392102
23.35374990,0.04307290,1.49458479,0.37602340
23.35624990,0.04196810,1.53392961,0.35356345
23.35874990,0.04090576,1.57376633,0.33714353
23.36124990,0.04365061,1.63085815,0.38541047
23.36374990,0.04840625,2.09992484,0.48110017
23.36624990,0.05081702,2.00030427,0.53491146
23.36874990,0.04942356,2.05670134,0.50184192
23.37124990,0.04859657,2.09170102,0.48034139
23.37374990,0.05314893,1.92209406,0.57390171
23.37624990,0.05941791,2.03323803,0.71259818
23.37874990,0.05970670,2.02340369,0.72024717
23.38124990,0.05960517,2.02685022,0.71766248
23.38374990,0.05947888,2.03115383,0.70883697
23.38624990,0.06326383,1.90963387,0.80740725
23.38874990,0.06606991,1.82852895,0.88393567
23.39124990,0.06476215,1.86545318,0.84428470
23.39374990,0.06486235,1.86257130,0.84738709
23.39624990,0.06682977,1.80773846,0.90009136
23.39874990,0.06964230,1.73473233,0.97257705
23.40124990,0.06872693,1.75783712,0.94549615
23.40374990,0.06912132,1.74780740,0.95675279
23.40624990,0.06912230,1.74778257,0.95622137
23.40874990,0.07126602,1.69520844,1.01895757
23.41124990,0.07032228,1.71795841,0.99290426
23.41374990,0.06800904,1.77639245,0.92603521
23.41624990,0.06602621,1.82973918,0.87748745
23.41874990,0.06712284,1.79984559,0.91150154
23.42124990,0.06794024,1.77819145,0.94456340
23.42374990,0.06443545,1.87491140,0.84667134
23.42624990,0.06116984,1.60741148,0.75587965
23.42874990,0.06115158,1.60789132,0.77345510
23.43124990,0.06181148,1.59072548,0.78320604
23.43374990,0.06163898,1.59517725,0.77748008
23.43624990,0.06144662,1.56049118,0.77259346
23.43874990,0.05856151,1.63737084,0.68684409
23.44124990,0.06104301,1.57080907,0.74945574
23.44374990,0.06090692,1.57431893,0.75156816
23.44624990,0.06179871,1.55160062,0.77540171
23.44874990,0.05886891,1.62882092,0.70069781
23.45124990,0.06103657,1.57097485,0.74858235
23.45374990,0.05942659,1.61353556,0.71907118
23.45624990,0.06070021,1.57968022,0.75591983
23.45874990,0.05953763,1.61052633,0.71813256
23.46124990,0.06217251,1.54227195,0.77673627
23.46374990,0.06061132,1.58199685,0.74814786
23.46624990,0.06102608,1.57124485,0.77302162
23.46874990,0.06061576,1.58188094,0.75243384
23.47124990,0.06528443,1.81347687,0.85363666
23.47374990,0.06510654,1.81843206,0.85378413
23.47624990,0.06456057,1.83380994,0.87241215
23.47874990,0.06349227,1.86466489,0.84205221
23.48124990,0.06757729,1.81868780,0.91523974
23.48374990,0.06762990,1.81727301,0.92825543
23.48624990,0.06590111,1.86494557,0.91047737
23.48874990,0.06572978,1.86980689,0.89376192
23.49124990,0.06709184,1.83184707,0.90160886
23.49374990,0.06778580,1.81309345,0.92136239
23.49624990,0.06820749,1.80188415,0.96848423
23.49874990,0.06919322,1.77621438,0.99449449
23.50124990,0.06747903,1.82133607,0.91555622
23.50374990,0.06806078,1.80576810,0.93611173
23.50624990,0.06717688,1.82952793,0.90910748
23.50874990,0.06788131,1.81054242,0.92473934
23.51124990,0.06510321,1.88780231,0.86195720
23.51374990,0.06507301,1.88867839,0.86175605
23.51624990,0.06494999,1.89225567,0.85934424
23.51874990,0.06855050,1.79286790,0.96362651
23.52124990,0.06337140,1.93939201,0.81518462
23.52374990,0.06358220,1.93296222,0.83737821
23.52624990,0.06364628,1.93101608,0.83895145
23.52874990,0.06638757,1.85128011,0.88284044
23.53124990,0.06115414,1.81507468,0.76845059
23.53374990,0.06216530,1.78555119,0.79775588
23.53624990,0.06239287,1.77903854,0.80229976
23.53874990,0.06357027,1.74608865,0.82782434
23.54124990,0.06063354,1.83065877,0.73645712
23.54374990,0.06071275,1.82827037,0.75682847
23.54624990,0.05996241,1.85114852,0.73908576
23.54874990,0.05870631,1.89075615,0.69375952
23.55124990,0.05889127,1.88481786,0.70301197
23.55374990,0.06021253,1.84345906,0.73896591
23.55624990,0.06307274,1.75986205,0.80422921
23.55874990,0.06131312,1.81036827,0.78854654
23.56124990,0.06076080,1.82682474,0.77599187
23.56374990,0.06749918,1.94892715,0.91535572
23.56624990,0.07106784,1.85106208,1.02706523
23.56874990,0.06863999,1.91653559,0.97319706
23.57124990,0.06967803,1.88798382,0.99439099
23.57374990,0.07166709,1.83558433,1.04045316
23.57624990,0.07249075,1.81472788,1.06396742
23.57874990,0.06942101,1.89497356,0.97107699
23.58124990,0.07142390,1.84183415,1.02252137
23.58374990,0.07034587,1.87005979,0.99526808
23.58624990,0.06929116,1.89852487,0.97173652
23.58874990,0.07259492,1.81212396,1.07487272
23.59124990,0.07369081,1.78517497,1.10328344
23.59374990,0.07322674,1.79648832,1.08649049
23.59624990,0.07120596,1.84747160,1.02473081
23.59874990,0.07690701,1.71052011,1.18309094
23.60124990,0.07871760,1.67117630,1.24168257
23.60374990,0.07891552,1.66698497,1.27075301
23.60624990,0.07852041,1.67537304,1.25907011
23.60874990,0.07908234,1.66346859,1.27041824
23.61124990,0.08159619,1.61221980,1.34884476
23.61374990,0.07612258,1.72513641,1.15964304
23.61624990,0.07251519,1.81095623,1.06234313
23.61874990,0.07138525,1.83962129,1.03034904
23.62124990,0.07055618,1.86123771,0.99645742
23.62374990,0.07071385,1.85708771,1.00104205
23.62624990,0.06804030,1.93005946,0.93288478
23.62874990,0.06896015,1.90431477,0.96101407
23.63124990,0.06879147,1.90898417,0.95593794
23.63374990,0.06849099,1.91735928,0.95151168
23.63624990,0.06787842,1.93466248,0.93170540
23.63874990,0.06665841,1.97007157,0.89652592
23.64124990,0.06861022,1.91402716,0.94709264
23.64374990,0.06812454,1.92767304,0.93107142
23.64624990,0.06817355,1.92628706,0.93250646
23.64874990,0.07076704,2.20967465,1.00278633
23.65124990,0.06984922,2.23870997,0.97641917
23.65374990,0.07072886,2.21086741,1.00067607
23.65624990,0.07369206,2.12196718,1.08718631
23.65874990,0.07308188,2.13968401,1.06944418
23.66124990,0.07255967,2.15508351,1.05374535
23.66374990,0.07385713,2.11722467,1.09652977
23.66624990,0.07364016,2.12346280,1.09087375
23.66874990,0.07346481,2.12853111,1.08493420
23.67124990,0.07570639,2.06550790,1.17368739
23.67374990,0.07587054,2.06103909,1.17829871
23.67624990,0.07614411,2.05363405,1.20044351
23.67874990,0.07588585,2.06062312,1.21509479
23.68124990,0.07736037,2.02134685,1.25171665
23.68374990,0.07954503,1.96583160,1.35274670
23.68624990,0.07942412,1.96882437,1.35273001
23.68874990,0.08133654,1.92253244,1.40201975
23.69124990,0.07945586,1.96803778,1.33033025
23.69374990,0.08027812,1.94787984,1.34210003
23.69624990,0.08077007,1.93601585,1.39061456
23.69874990,0.07484361,1.72196847,1.18410251
23.70124990,0.07403551,1.74076371,1.16885251
23.70374990,0.07392340,1.74340372,1.16515782
23.70624990,0.07176040,1.79595346,1.08845783
23.70874990,0.07154576,1.80134137,1.09138450
23.71124990,0.06922522,1.86172513,0.99952370
23.71374990,0.07410493,1.80176320,1.16414543
23.71624990,0.07536814,1.77156479,1.19041864
23.71874990,0.07595257,1.75793310,1.21567804
23.72124990,0.07810141,1.70956628,1.28960294
23.72374990,0.07757666,1.72113033,1.27778975
23.72624990,0.07774336,1.71743978,1.28508588
23.72874990,0.08062898,1.65597472,1.40839145
23.73124990,0.07992924,1.67047183,1.38922630
23.73374990,0.08030502,1.66265512,1.40544443
23.73624990,0.08200327,1.62822215,1.49516539
23.73874990,0.07966430,1.67602733,1.44112764
23.74124990,0.07961199,1.67712859,1.43888414
23.74374990,0.07920736,1.68569610,1.49877920
23.74624990,0.07958354,1.67772805,1.46848722
23.74874990,0.07950676,1.67934843,1.46467268
23.75124990,0.08006190,1.66770387,1.53047092
23.75374990,0.08020467,1.66473528,1.41486755
23.75624990,0.07920556,1.68573448,1.37385518
23.75874990,0.07931412,1.68342718,1.38270471
23.76124990,0.07957056,1.67800186,1.37376555
23.76374990,0.08791137,2.43347735,1.59014620
23.76624990,0.11695162,3.00026722,2.75103821
23.76874990,0.17055660,3.27380192,6.31778131
23.77124990,0.17138861,3.25790917,6.49053457
23.77374990,0.17380931,3.21253523,6.76493086
23.77624990,0.17949641,3.11075044,7.07720627
23.77874990,0.18171213,3.07281928,7.73070960
23.78124990,0.33281361,3.75779877,25.04445365
23.78374990,0.35799976,3.49342853,30.43031651
23.78624990,0.36055524,3.46866841,31.63067508
23.78874990,0.50975636,3.16687486,54.60340146
23.79124990,0.53295175,3.02904453,57.79345206
23.79374990,0.53506137,3.01710174,58.26714915
23.79624990,0.57525518,2.80629299,66.20755669
23.79874990,0.86822529,3.35079291,158.78159941
23.80124990,0.90162932,3.22665100,171.67888125
23.80374990,0.92667811,3.13943226,175.99291136
23.80624990,0.99382740,2.92731229,201.12987937
23.80874990,1.27675232,2.80750339,329.61141454
23.81124990,1.28373627,2.79222965,332.76982950
23.81374990,1.30075452,2.75569787,347.13916712
23.81624990,1.35257642,2.65011752,378.75208119
23.81874990,1.34783679,2.65943659,381.52346802
23.82124990,1.45140520,2.46966628,456.37957102
23.82374990,1.55001649,2.31254732,541.70434677
23.82624990,1.55361341,2.30719332,546.87980794
23.82874990,1.65700621,2.16323057,655.65560351
23.83124990,1.64877961,2.17402402,677.44492164
23.83374990,1.68628883,2.12566579,683.77862066
23.83624990,1.82009219,1.96939831,835.20678833
23.83874990,1.91952146,1.86738547,855.97478261
23.84124990,1.92090450,1.86604095,828.53638473
23.84374990,1.92096720,1.86598005,825.93536400
23.84624990,2.21587035,2.26976122,998.56896368
23.84874990,2.12962914,2.36167720,960.32634867
23.85124990,2.15574149,2.33307036,973.81587464
23.85374990,2.14757462,2.34194264,949.76758908
23.85624990,2.16968158,2.31808050,983.06058695
23.85874990,2.02410292,2.48480278,834.32155670
23.86124990,2.02213454,2.48722154,825.94213595
23.86374990,2.01172871,2.50008689,816.99736789
23.86624990,1.97965767,2.54058904,784.19626636
23.86874990,2.01229107,2.49938821,811.05667691
23.87124990,1.93874016,2.59420869,756.19245893
23.87374990,1.86972317,2.68996858,703.03804849
23.87624990,1.88402859,2.66954367,711.79489767
23.87874990,1.81620770,2.76922986,681.36432832
23.88124990,1.82608719,2.75424778,687.90133655
23.88374990,1.79068922,2.80869317,653.32669393
23.88624990,1.65447069,3.03994300,576.12956534
23.88874990,1.49823155,3.35695546,466.50416440
23.89124990,1.49324864,3.36815748,461.67882397
23.89374990,1.49476505,3.36474056,463.26712994
23.89624990,0.98771455,2.14619965,196.39337319
23.89874990,0.96289294,2.20152473,185.97545568
23.90124990,0.86950202,2.43798472,158.13709203
23.90374990,0.86320919,2.45575772,156.02223850
23.90624990,0.72141994,2.26126634,104.42663040
23.90874990,0.69917350,2.33321575,99.04097921
23.91124990,0.69210273,2.35705272,97.63048651
23.91374990,0.68907724,2.36740168,97.34819365
23.91624990,0.67766996,2.40725235,95.45286037
23.91874990,0.57112545,2.30956035,67.42430461
23.92124990,0.57094069,2.31030775,67.28404543
23.92374990,0.54018877,2.44182917,61.89362273
23.92624990,0.47426355,2.78125673,46.65479618
23.92874990,0.37759264,3.49331152,28.59002198
23.93124990,0.23592276,2.31165760,12.31635327
23.93374990,0.20244452,2.69016269,9.79677689
23.93624990,0.19788785,2.75210779,9.14337806
23.93874990,0.17258744,3.15555233,6.92408045
23.94124990,0.12230002,3.08277863,3.22795328
23.94374990,0.08868042,3.92228364,1.75260587
23.94624990,0.04445908,1.73785823,0.41093472
23.94874990,0.04983359,2.03304797,0.54286255
23.95124990,0.04840509,2.09304602,0.51722775
23.95374990,0.04837553,2.09432491,0.51642750
23.95624990,0.04851870,2.08814529,0.52059716
23.95874990,0.04617662,2.19405578,0.43987701
23.96124990,0.04552506,2.22545770,0.42640946
23.96374990,0.04648593,2.17945686,0.43471350
23.96624990,0.04770752,2.12365002,0.46072341
23.96874990,0.04845087,2.09106856,0.47937045
23.97124990,0.04747862,2.13388854,0.46838817
23.97374990,0.04645377,2.18096596,0.45907935
23.97624990,0.05161346,2.07224115,0.54917500
23.97874990,0.05244426,2.03941380,0.55525784
23.98124990,0.05382271,1.98718231,0.58666749
23.98374990,0.05213527,2.05150061,0.54815831
23.98624990,0.05090292,2.10116704,0.52739792
23.98874990,0.05006345,2.13639966,0.51147293
23.99124990,0.05209621,2.05303876,0.54542675
23.99374990,0.05282184,2.02483577,0.55945862
23.99624990,0.05135270,2.08276370,0.52922788
23.99874990,0.04649750,2.30024304,0.44253943
24.00124990,0.04765347,2.24444400,0.46290877
24.00374990,0.04996487,2.14061508,0.50304212
24.00624990,0.05497911,1.94538525,0.62419404
24.00874990,0.05516031,1.93899462,0.62495447
24.01124990,0.05518566,1.93810399,0.64947783
24.01374990,0.05359096,1.99577597,0.61799839
24.01624990,0.05618472,1.90364115,0.66157872
24.01874990,0.05826443,1.83569204,0.70592385
24.02124990,0.06379918,1.82229146,0.81648759
24.02374990,0.06392882,1.81859595,0.81944217
24.02624990,0.06113036,1.90184885,0.76414841
24.02874990,0.06261478,1.85676135,0.80237930
24.03124990,0.06576981,1.76769103,0.87375725
24.03374990,0.06654024,1.74722407,0.89747600
24.03624990,0.06826837,1.70299521,0.93733871
24.03874990,0.06756329,1.72076740,0.92503070
24.04124990,0.06979036,1.66585616,0.98626496
24.04374990,0.07021474,1.65578762,0.99564767
24.04624990,0.07425911,1.56560853,1.12535190
24.04874990,0.07480716,1.55413874,1.13281859
24.05124990,0.07417860,1.56730776,1.13318600
24.05374990,0.07283089,1.59631033,1.09323570
24.05624990,0.07291699,1.59442547,1.09531576
24.05874990,0.07573673,1.53506359,1.18156829
24.06124990,0.07637986,1.52213826,1.19419685
24.06374990,0.07618905,1.52595032,1.19040973
24.06624990,0.07501097,1.54991599,1.14862025
24.06874990,0.07444762,1.56164422,1.13343828
24.07124990,0.07209906,1.55609975,1.05627415
24.07374990,0.07196144,1.55907569,1.05616582
24.07624990,0.07052646,1.59079767,1.00510990
24.07874990,0.07136686,1.57206476,1.03205066
24.08124990,0.07059669,1.54252442,1.01063151
24.08374990,0.07052543,1.54408301,1.00814188
24.08624990,0.06872208,1.58460147,0.96365795
24.08874990,0.07197332,1.51302046,1.04300466
24.09124990,0.06990185,1.55785738,0.97981874
24.09374990,0.07175832,1.51755386,1.03210194
24.09624990,0.06759982,1.55681353,0.91635394
24.09874990,0.06703294,1.56997905,0.90509413
24.10124990,0.06805411,1.54642112,0.94500051
24.10374990,0.06870465,1.53177854,0.96474421
24.10624990,0.06642084,1.53541175,0.89577269
24.10874990,0.06297121,1.61952338,0.80401574
24.11124990,0.06263214,1.62829093,0.78870854
24.11374990,0.06490285,1.57132295,0.85960163
24.11624990,0.06592149,1.54704253,0.88722888
24.11874990,0.06422716,1.58785377,0.82846409
24.12124990,0.06212351,1.64162240,0.78013852
24.12374990,0.06264073,1.62806767,0.79117625
24.12624990,0.06533584,1.56090958,0.87511564
24.12874990,0.06247304,1.63243768,0.80702146
24.13124990,0.05947518,1.61116575,0.71278185
24.13374990,0.05863955,1.63412538,0.70552946
24.13624990,0.06379750,1.79024515,0.85310415
24.13874990,0.06170305,1.85101340,0.79281378
24.14124990,0.06164812,1.85266264,0.77026217
24.14374990,0.05847467,1.95320755,0.68433246
24.14624990,0.06485641,1.95090394,0.85801345
24.14874990,0.06706667,1.88660953,0.92077328
24.15124990,0.06597447,1.91784214,0.88264470
24.15374990,0.06410347,1.97381864,0.82973400
24.15624990,0.06250231,2.02438326,0.78194974
24.15874990,0.06512700,1.94279823,0.85400734
24.16124990,0.06477173,1.95345434,0.85042513
24.16374990,0.06251845,2.02386049,0.78760732
24.16624990,0.05917184,2.13832489,0.73192622
24.16874990,0.06011245,2.10486554,0.75491577
24.17124990,0.06145958,2.05872914,0.76150998
24.17374990,0.06288747,2.01198453,0.80287712
24.17624990,0.06002783,2.10783254,0.72784177
24.17874990,0.05979026,2.11620805,0.73085611
24.18124990,0.06381644,1.98269629,0.83690604
24.18374990,0.06684932,1.89274349,0.90132806
24.18624990,0.06223426,2.03310251,0.77893520
24.18874990,0.06151508,2.05687165,0.76890842
24.19124990,0.06141466,2.06023478,0.76620205
24.19374990,0.06239536,2.02785322,0.78245290
24.19624990,0.05587806,2.04378002,0.63264086
24.19874990,0.05309723,2.15081746,0.58144553
24.20124990,0.05312529,2.14968147,0.58798773
24.20374990,0.05578340,2.04724787,0.63638045
24.20624990,0.05630242,2.02837558,0.63596586
24.20874990,0.05681047,2.01023598,0.68168317
24.21124990,0.05657650,2.01854934,0.67709025
24.21374990,0.06013255,1.89917854,0.73672675
24.21624990,0.06123721,1.86491942,0.77413911
24.21874990,0.06371098,1.79250821,0.82662933
24.22124990,0.06201022,1.84167155,0.77484119
24.22374990,0.06414001,1.78051818,0.84436374
24.22624990,0.06450981,1.77031149,0.84988325
24.22874990,0.06666615,1.71304998,0.93883871
24.23124990,0.06175856,1.63674272,0.81845917
24.23374990,0.06378122,1.80187642,0.81986303
24.23624990,0.06376078,1.80245403,0.81351817
24.23874990,0.06857424,1.77915563,0.96324094
24.24124990,0.06805961,1.79260869,0.94906824
24.24374990,0.06804950,1.79287493,0.92775644
24.24624990,0.07012801,1.73973625,0.99565715
24.24874990,0.07004339,1.74183812,0.99170665
24.25124990,0.07231215,1.68718870,1.04711888
24.25374990,0.07180393,1.69913045,1.05236157
24.25624990,0.07374013,1.65451620,1.11675944
24.25874990,0.07182132,1.69871904,1.07224382
24.26124990,0.07401701,1.64832723,1.12876702
24.26374990,0.07429839,1.64208470,1.10597280
24.26624990,0.07486583,1.62963864,1.12709733
24.26874990,0.07380180,1.65313369,1.09623767
24.27124990,0.07448752,1.63791534,1.11276359
24.27374990,0.07220963,1.68958428,1.06206105
24.27624990,0.07192598,1.69624729,1.05268044
24.27874990,0.07275998,1.67680423,1.07326450
24.28124990,0.07483850,1.63023370,1.15140573
24.28374990,0.07030764,1.73529154,1.00647075
24.28624990,0.07106070,1.71690193,1.02198490
24.28874990,0.06714609,1.43275985,0.91616931
24.29124990,0.06721164,1.43136247,0.90597384
24.29374990,0.06859743,1.40244653,0.94708065
24.29624990,0.06887143,1.39686697,0.95468481
24.29874990,0.07018621,1.37069972,0.99987252
24.30124990,0.06811279,1.41242518,0.94612476
24.30374990,0.07123277,1.62213331,1.02389998
24.30624990,0.07179145,1.60951000,1.03889736
24.30874990,0.07632766,1.71274814,1.18178911
24.31124990,0.07530513,1.73600466,1.14906833
24.31374990,0.07224679,1.80949290,1.08448311
24.31624990,0.07393035,1.76828689,1.13650963
24.31874990,0.07208408,1.81357743,1.05580331
24.32124990,0.07231390,1.80781370,1.06168847
24.32374990,0.07149841,1.82843312,1.03321407
24.32624990,0.07241863,1.80519932,1.05696975
24.32874990,0.07221731,1.81023163,1.05173007
24.33124990,0.07229767,1.80821959,1.05400292
24.33374990,0.07823579,1.71167001,1.22695757
24.33624990,0.07722982,1.73396571,1.19635298
24.33874990,0.07601285,1.76172662,1.16567388
24.34124990,0.07848212,1.70629769,1.24135008
24.34374990,0.07866240,1.70238713,1.24317770
24.34624990,0.07673142,1.74522849,1.18766052
24.34874990,0.07584009,1.76573956,1.18512436
24.35124990,0.07743125,1.72945486,1.23050390
24.35374990,0.07465293,1.79381914,1.13230676
24.35624990,0.07152664,1.87222339,1.06031348
24.35874990,0.06537927,2.04826154,0.87589561
24.36124990,0.06546477,2.04558648,0.87862027
24.36374990,0.06934209,1.93120598,0.98866927
24.36624990,0.06750986,1.98361919,0.93049293
24.36874990,0.06785386,1.97356266,0.93509909
24.37124990,0.07051971,1.89895643,1.00023820
24.37374990,0.07391227,1.81179453,1.09880500
24.37624990,0.07578348,1.76705875,1.15108335
24.37874990,0.07504122,1.78453728,1.12997076
24.38124990,0.07290828,1.83674415,1.06683576
24.38374990,0.06990134,1.49965511,0.98629152
24.38624990,0.07346803,1.42685064,1.10269009
24.38874990,0.07340268,1.42812103,1.09622323
24.39124990,0.07320298,1.43201697,1.08966323
24.39374990,0.07439597,1.40905349,1.13819458
24.39624990,0.07948281,1.62802221,1.28096674
24.39874990,0.08054241,1.60660429,1.35341347
24.40124990,0.07942682,1.62916992,1.31988924
24.40374990,0.08163779,1.58504769,1.37401117
24.40624990,0.08608906,1.50309205,1.55485394
24.40874990,0.08617255,1.50163575,1.55492603
24.41124990,0.08511701,1.52025772,1.53374836
24.41374990,0.08550938,1.51328171,1.54954835
24.41624990,0.08548418,1.51372776,1.54897691
24.41874990,0.08704048,1.48666216,1.58639901
24.42124990,0.08527574,1.51742786,1.51074776
24.42374990,0.09006983,1.85120112,1.66447219
24.42624990,0.08774933,1.90015548,1.55285475
24.42874990,0.08649890,1.92762433,1.50399160
24.43124990,0.08831457,1.88799391,1.56209291
24.43374990,0.08563148,1.94715045,1.46979621
24.43624990,0.08256782,2.01939913,1.37408311
24.43874990,0.08298566,2.00923130,1.39614950
24.44124990,0.08202434,2.03277917,1.42856773
24.44374990,0.08304910,2.00769631,1.45941771
24.44624990,0.08010120,2.08158413,1.34115933
24.44874990,0.08047139,2.07200812,1.40083151
24.45124990,0.08309970,2.00647383,1.44221749
24.45374990,0.08791264,1.91978345,1.63832907
24.45624990,0.08360721,2.01864444,1.52969045
24.45874990,0.08647734,1.95164679,1.56900197
24.46124990,0.09075149,1.85972958,1.77013359
24.46374990,0.08738996,1.93126569,1.70375936
24.46624990,0.08867471,1.90328482,1.67675449
24.46874990,0.09122650,1.85004612,1.79629825
24.47124990,0.09017521,1.87161452,1.77275614
24.47374990,0.08452111,1.99681748,1.47057596
24.47624990,0.09114807,1.85163795,1.77290569
24.47874990,0.09086405,1.85742576,1.76691879
24.48124990,0.09005944,1.87402042,1.66445808
24.48374990,0.09404206,1.79465684,1.84870696
24.48624990,0.09476020,1.78105597,1.85994581
24.48874990,0.09547046,1.76780566,1.85233360
24.49124990,0.09946302,1.69684393,2.02978549
24.49374990,0.09589866,1.75991219,1.92379568
24.49624990,0.09480981,1.78012413,1.84730304
24.49874990,0.09862258,1.71130404,2.02804529
24.50124990,0.09593502,1.75924520,1.94000409
24.50374990,0.08904969,1.72638830,1.60910043
24.50624990,0.09993051,2.03598141,2.10785838
24.50874990,0.09732218,2.09054758,2.02576080
24.51124990,0.09638649,2.11084203,1.89020121
24.51374990,0.10242442,1.98640774,2.19843373
24.51624990,0.10085442,2.01733011,2.14449856
24.51874990,0.09918688,2.05124563,1.99253200
24.52124990,0.10608635,1.91784006,2.36390219
24.52374990,0.10418001,1.95293377,2.30505603
24.52624990,0.10074365,2.01954807,2.06377379
24.52874990,0.10120025,2.01043617,2.07158062
24.53124990,0.10023382,2.02982047,2.04423045
24.53374990,0.10905450,2.08287533,2.44179201
24.53624990,0.11105674,2.04532328,2.59700308
24.53874990,0.11260020,2.01728715,2.62185079
24.54124990,0.11702326,1.94104077,2.74512008
24.54374990,0.12483168,1.81962570,3.14955662
24.54624990,0.18947080,3.37657929,7.63178955
24.54874990,0.19743129,3.24043468,8.28729968
24.55124990,0.19797171,3.23158893,8.22257928
24.55374990,0.22677518,2.82113406,11.09682881
24.55624990,0.23841040,2.68345338,12.00685771
24.55874990,0.26626769,2.40270676,14.35169901
24.56124990,0.35859198,3.01160014,27.56034748
24.56374990,0.36693221,2.94314760,28.74505627
24.56624990,0.37461100,2.88281884,28.98438249
24.56874990,0.41444399,2.60574574,35.68648691
24.57124990,0.54163057,2.89625342,59.28786025
24.57374990,0.54917139,2.85648420,61.61135509
24.57624990,0.63466505,2.47169649,82.44208190
24.57874990,0.63779953,2.45954931,83.80545816
24.58124990,0.65561754,2.39270504,90.05940892
24.58374990,0.67143631,2.33633385,95.65413179
24.58624990,0.67491458,2.32429323,95.96147579
24.58874990,0.77642491,2.21500167,135.14377989
24.59124990,0.84307189,2.03990017,161.79002089
24.59374990,0.89550738,1.92045595,193.60386211
24.59624990,0.89946765,1.91200036,195.57487322
24.59874990,0.95688003,1.79728118,201.81721477
24.60124990,0.96087761,1.78980389,206.10397294
24.60374990,1.02700119,1.67456718,222.46686110
24.60624990,1.02401027,1.67945824,225.05674287
24.60874990,1.01903275,1.68766165,225.56409234
24.61124990,0.99961768,1.72044025,207.91040049
24.61374990,1.00462713,1.71186147,214.68448052
24.61624990,1.01998254,1.68609012,227.24075166
24.61874990,1.03785497,1.65705473,226.87843189
24.62124990,1.02992177,1.66981855,252.40576176
24.62374990,1.06667486,1.61228369,270.38072458
24.62624990,1.14883454,2.07346915,273.53509212
24.62874990,1.32957665,2.26146007,380.72687886
24.63124990,1.41494742,2.12501501,421.76394026
24.63374990,1.40669367,2.13748350,411.86152432
24.63624990,1.45994084,2.05952489,444.76279265
24.63874990,1.44987176,2.07382790,423.55873467
24.64124990,1.46313214,2.05503278,432.12023315
24.64374990,1.48627730,2.02303063,451.18829149
24.64624990,1.47875949,2.03331544,443.90651893
24.64874990,1.44665079,2.07844528,421.51637614
24.65124990,1.47713381,2.03555323,439.72376232
24.65374990,1.42772911,2.10599089,408.74738526
24.65624990,1.43357140,2.09740827,414.20989399
24.65874990,1.43487941,2.09549631,415.02830066
24.66124990,1.43013769,2.10244407,411.38320768
24.66374990,1.42607885,2.10842795,408.94722641
24.66624990,1.41381703,2.12671402,404.35278894
24.66874990,1.39038654,2.16255294,392.27746074
24.67124990,1.35281060,2.22262045,378.18710284
24.67374990,1.32346534,2.27190272,361.80628863
24.67624990,1.21290604,2.47899211,295.11010335
24.67874990,1.00951591,2.24731527,217.71045781
24.68124990,0.87282414,2.05802386,168.36030799
24.68374990,0.87273734,2.05822855,168.50598209
24.68624990,0.77732078,2.31087725,134.49896707
24.68874990,0.69700215,2.57716983,101.59036648
24.69124990,0.58113434,3.09101146,76.30084796
24.69374990,0.42118880,3.30737027,39.90123282
24.69624990,0.41512652,3.35566929,37.86492616
24.69874990,0.39506010,3.52611493,34.87257130
24.70124990,0.24301507,2.47339520,12.30304317
24.70374990,0.24264106,2.47720769,12.14451925
24.70624990,0.20244324,1.93122216,8.39619623
24.70874990,0.18373084,1.99940930,6.79879368
24.71124990,0.17094923,2.14890198,6.30787797
24.71374990,0.15490508,2.37147255,5.52392280
24.71624990,0.14805865,2.48113252,4.88767221
24.71874990,0.13799907,2.66199722,4.09952893
24.72124990,0.12661603,2.90131630,3.27512919
24.72374990,0.09969167,2.57470247,2.06059815
24.72624990,0.08203321,1.73793557,1.44009753
24.72874990,0.08193756,1.73996430,1.44266471
24.73124990,0.08163622,1.74638693,1.44671325
24.73374990,0.08342027,1.70903819,1.45256305
24.73624990,0.08067547,1.76718449,1.33260169
24.73874990,0.07964954,1.78994668,1.28914375
24.74124990,0.07585188,1.87956366,1.15409026
24.74374990,0.07045001,2.00973072,0.99465675
24.74624990,0.06923137,2.04510691,0.95941400
24.74874990,0.06550560,2.16142644,0.87434037
24.75124990,0.06554133,2.16024817,0.87527738
24.75374990,0.06708545,2.11052539,0.92491092
24.75624990,0.06707805,2.11075821,0.92471293
24.75874990,0.06397218,2.21323615,0.82126016
24.76124990,0.05566865,2.05479412,0.63947233
24.76374990,0.05446459,2.10022002,0.62634588
24.76624990,0.05488092,2.08428757,0.64959354
24.76874990,0.05427124,2.10770247,0.62584570
24.77124990,0.05008926,2.28367570,0.50812515
24.77374990,0.04395368,2.09997715,0.39308422
24.77624990,0.04589637,2.01108995,0.43523056
24.77874990,0.04807871,1.91980449,0.47018985
24.78124990,0.04864536,1.89744174,0.47669709
24.78374990,0.04571257,1.80482626,0.44136817
24.78624990,0.04670394,1.76651581,0.45693039
24.78874990,0.04783537,1.72473320,0.46884685
24.79124990,0.05016518,1.64463185,0.52434710
24.79374990,0.04816222,1.71302827,0.47452023
24.79624990,0.04957972,1.66405244,0.52851985
24.79874990,0.05093761,1.61969215,0.55953445
24.80124990,0.05300363,1.55655845,0.58565224
24.80374990,0.05002551,1.64922356,0.54936450
24.80624990,0.04984339,1.65524950,0.52653160
24.80874990,0.05117387,1.61221435,0.53505380
24.81124990,0.05365150,1.53776212,0.59383800
24.81374990,0.05077083,1.44362608,0.52316890
24.81624990,0.05292770,1.40868706,0.59817048
24.81874990,0.05522134,1.35017674,0.65358433
24.82124990,0.05522165,1.35016931,0.62589079
24.82374990,0.05563593,1.34011553,0.65660330
24.82624990,0.05454581,1.36689826,0.62302631
24.82874990,0.05379547,1.38596378,0.58193009
24.83124990,0.05426714,1.37391746,0.59457563
24.83374990,0.05348525,1.39400250,0.57678454
24.83624990,0.05387268,1.38397730,0.60521307
24.83874990,0.05445499,1.36917783,0.62053395
24.84124990,0.05384949,1.38457327,0.58495826
24.84374990,0.05704389,1.53483364,0.68294441
24.84624990,0.05689704,1.53879496,0.68725353
24.84874990,0.05684338,1.54024747,0.66005086
24.85124990,0.05663005,1.54604987,0.64850629
24.85374990,0.06308949,2.01264379,0.80387673
24.85624990,0.06439653,1.97179356,0.86654202
24.85874990,0.06384228,1.98891165,0.84631870
24.86124990,0.06175861,2.05601551,0.77127395
24.86374990,0.06484858,1.95804851,0.86731491
24.86624990,0.06320332,2.00901890,0.81731313
24.86874990,0.06178979,2.05497804,0.76451572
24.87124990,0.06089389,2.08521186,0.74292738
24.87374990,0.06058792,2.09574212,0.73967921
24.87624990,0.06075938,2.08982828,0.74363909
24.87874990,0.06160288,2.06121317,0.76206233
24.88124990,0.06297918,2.01616885,0.80497518
24.88374990,0.06278392,2.02243924,0.81064185
24.88624990,0.06306675,2.01336922,0.81657993
24.88874990,0.06469642,1.96265357,0.84619226
24.89124990,0.06699762,1.89524137,0.90298658
24.89374990,0.06466635,1.96356623,0.86573558
24.89624990,0.06453796,1.96747236,0.86281284
24.89874990,0.06417046,1.97874006,0.83264347
24.90124990,0.06469687,1.96263999,0.84649144
24.90374990,0.05813418,1.66747125,0.68457217
24.90624990,0.05740866,1.68854451,0.66951054
24.90874990,0.05804137,1.67013768,0.68131678
24.91124990,0.06081571,1.59394792,0.74081748
24.91374990,0.05752277,1.68519491,0.67095393
24.91624990,0.05801052,1.67102591,0.68206782
24.91874990,0.06238651,1.76528031,0.78144391
24.92124990,0.06339767,1.73712492,0.80965921
24.92374990,0.06285028,1.75225430,0.79891370
24.92624990,0.06206384,1.77445804,0.77802436
24.92874990,0.06210153,1.77338114,0.77625379
24.93124990,0.05994420,1.83720317,0.73142189
24.93374990,0.06044355,1.82202520,0.74180162
24.93624990,0.06033562,1.82528472,0.73020448
24.93874990,0.05708587,1.92919331,0.65426739
24.94124990,0.05420065,2.03188837,0.59348472
24.94374990,0.05519527,1.99527393,0.61370769
24.94624990,0.05603956,1.96521304,0.63255492
24.94874990,0.05587612,1.97096132,0.62868671
24.95124990,0.05499688,2.00247143,0.61122584
24.95374990,0.05734680,1.92041544,0.67197815
24.95624990,0.05561471,1.98022570,0.62736060
24.95874990,0.05543547,1.98662826,0.62409252
24.96124990,0.05400172,2.03937343,0.59410758
24.96374990,0.05608367,1.96366745,0.63094325
24.96624990,0.05497362,2.00331875,0.60448914
24.96874990,0.05099267,1.44176339,0.52325194
24.97124990,0.05124196,1.43474916,0.52832940
24.97374990,0.05188290,1.41702507,0.53837439
24.97624990,0.05250442,1.40025096,0.55156898
24.97874990,0.05176822,1.42016405,0.53643357
24.98124990,0.05369260,1.36926431,0.58634429
24.98374990,0.05281741,1.39195327,0.56779027
24.98624990,0.05320998,1.38168382,0.57481538
24.98874990,0.05429787,1.35400089,0.59878714
24.99124990,0.05361245,1.37131140,0.57575965
24.99374990,0.05364940,1.37036687,0.57651403
24.99624990,0.05188648,1.41692723,0.54078705
24.99874990,0.05313964,1.38351277,0.57108043
25.00124990,0.05238298,1.40349715,0.55415568
25.00374990,0.05355238,1.64480257,0.57702783
25.00624990,0.05461109,1.61291580,0.60192131
25.00874990,0.05451212,1.61584441,0.59877893
25.01124990,0.05565178,1.58275424,0.62239256
25.01374990,0.05606041,1.57121755,0.63103210
25.01624990,0.05795333,1.51989720,0.67448653
25.01874990,0.05652182,1.55839095,0.64026707
25.02124990,0.05724560,1.53868771,0.65594674
25.02374990,0.05990552,1.48290938,0.72035971
25.02624990,0.05896695,1.50651264,0.69953969
25.02874990,0.05842519,1.52048209,0.68815013
25.03124990,0.05947950,1.49353081,0.71178616
25.03374990,0.06175249,1.43855682,0.76430192
25.03624990,0.06037985,1.47125996,0.73005165
25.03874990,0.05971112,1.48773737,0.71566934
25.04124990,0.06001713,1.48015170,0.72292060
25.04374990,0.05851574,1.51812938,0.68483077
25.04624990,0.05904399,1.50454697,0.69748736
25.04874990,0.06148051,1.61054578,0.75779400
25.05124990,0.06073476,1.63032151,0.74406606
25.05374990,0.05918585,1.67298730,0.70946829
25.05624990,0.06099611,1.62333596,0.74970355
25.05874990,0.06316322,1.56763989,0.79998591
25.06124990,0.06072644,1.63054488,0.73915163
25.06374990,0.05823860,1.70019847,0.68056734
25.06624990,0.05937600,1.66762979,0.70650792
25.06874990,0.06056055,1.63501120,0.73882970
25.07124990,0.06009035,1.64780494,0.72731817
25.07374990,0.05769631,1.71617878,0.66670918
25.07624990,0.05770256,1.71599296,0.66685755
25.07874990,0.06002959,1.64947280,0.72088687
25.08124990,0.05947729,1.66478986,0.70784668
25.08374990,0.05940985,1.66667952,0.70621831
25.08624990,0.05975065,1.65717322,0.71483105
25.08874990,0.05999957,1.65029817,0.72067264
25.09124990,0.06023904,1.64373761,0.72676432
25.09374990,0.06068168,1.63174740,0.73798353
25.09624990,0.06035154,1.64067363,0.73065223
25.09874990,0.06096402,1.74293948,0.74589454
25.10124990,0.06100735,1.74170141,0.74946436
25.10374990,0.06129910,1.73341213,0.75630689
25.10624990,0.06032450,1.76141692,0.73088104
25.10874990,0.05942356,1.78812223,0.71013685
25.11124990,0.06078196,1.74816003,0.74032735
25.11374990,0.06129965,1.73339643,0.75497852
25.11624990,0.06085084,1.74618125,0.74406300
25.11874990,0.06214392,1.70984692,0.77368688
25.12124990,0.06221521,1.70788761,0.77548273
25.12374990,0.06321651,1.68083623,0.79953283
25.12624990,0.06462687,1.64415508,0.84073802
25.12874990,0.06401565,1.65985349,0.82483476
25.13124990,0.06767547,1.81886102,0.93066942
25.13374990,0.06612711,1.86144932,0.89030931
25.13624990,0.06864000,1.79330227,0.94815333
25.13874990,0.07259297,1.69565007,1.07046424
25.14124990,0.07257852,1.69598753,1.07009992
25.14374990,0.07308626,1.68420534,1.11195258
25.14624990,0.07259982,1.69548994,1.09470506
25.14874990,0.07341158,1.67674196,1.11433740
25.15124990,0.07694042,1.59983888,1.24428094
25.15374990,0.07585061,1.62282498,1.20032350
25.15624990,0.07463132,1.64933805,1.17552703
25.15874990,0.07727128,1.59298866,1.27055186
25.16124990,0.07674444,1.60392426,1.24825102
25.16374990,0.07685398,1.60163824,1.25007882
25.16624990,0.07599506,1.61974038,1.21726365
25.16874990,0.07392157,1.66517395,1.13408391
25.17124990,0.07428802,1.65695989,1.14239542
25.17374990,0.07502414,1.64070216,1.16827344
25.17624990,0.07411567,1.66081298,1.13365596
25.17874990,0.07441740,1.65407906,1.14103677
25.18124990,0.07361801,1.58765691,1.11503280
25.18374990,0.07457034,1.56738123,1.13642779
25.18624990,0.07431500,1.57276644,1.12979606
25.18874990,0.07143089,1.63626886,1.03760510
25.19124990,0.07315409,1.59772532,1.08047995
25.19374990,0.07279345,1.60564102,1.06733704
25.19624990,0.07607808,1.53631830,1.18693938
25.19874990,0.07391442,1.57449830,1.12093372
25.20124990,0.07089337,1.64159386,1.00552633
25.20374990,0.07131414,1.63190820,1.01764841
25.20624990,0.07787730,1.86094226,1.22096264
25.20874990,0.07342615,1.97375402,1.09877253
25.21124990,0.07287120,1.98878536,1.08923093
25.21374990,0.07313585,1.98158858,1.09880851
25.21624990,0.07262039,1.99565403,1.11760635
25.21874990,0.07347076,1.97255583,1.13487666
25.22124990,0.07227853,2.00509279,1.08682021
25.22374990,0.07206624,2.01099948,1.13446522
25.22624990,0.07487298,1.93561360,1.19748511
25.22874990,0.07580748,1.91175291,1.23363132
25.23124990,0.07178981,2.01874281,1.17144458
25.23374990,0.07733480,1.87399688,1.27099783
25.23624990,0.07824675,1.85215582,1.30766858
25.23874990,0.07773153,1.86443218,1.29330865
25.24124990,0.07624826,1.90070130,1.18665350
25.24374990,0.08355246,1.89481312,1.44956381
25.24624990,0.08129643,1.94739562,1.39149724
25.24874990,0.07997890,1.97947596,1.31705155
25.25124990,0.08061924,1.96375339,1.34505764
25.25374990,0.08456670,1.87208805,1.47416538
25.25624990,0.07812518,2.02644406,1.22463636
25.25874990,0.07925829,1.99747322,1.26006662
25.26124990,0.07926310,1.99735203,1.26013186
25.26374990,0.07938229,1.99435287,1.27061779
25.26624990,0.08122868,1.94901983,1.33705451
25.26874990,0.08063938,1.96326286,1.31448988
25.27124990,0.08062751,1.96355187,1.30470042
25.27374990,0.08057397,1.96485675,1.30310927
25.27624990,0.07794837,2.03104064,1.24433331
25.27874990,0.21933914,4.20378749,10.22783591
25.28124990,0.22225444,4.14864669,10.54519999
25.28374990,0.22239412,4.14604108,11.08812020
25.28624990,0.39061523,3.68578422,33.18934557
25.28874990,0.39247499,3.66831894,33.22719238
25.29124990,0.39231878,3.66977950,33.00135994
25.29374990,0.47208508,3.04971182,46.10765537
25.29624990,0.73222795,3.41924610,109.32916409
25.29874990,0.76640141,3.26678362,121.29279272
25.30124990,0.76627257,3.26733290,121.11392547
25.30374990,1.02556336,2.97482168,215.37835896
25.30624990,1.21565834,2.50964274,301.28907699
25.30874990,1.23335792,2.47362756,307.37008405
25.31124990,1.24835456,2.44391156,312.82287282
25.31374990,1.64863437,2.92129491,559.72802326
25.31624990,1.66134258,2.89894887,567.66236662
25.31874990,1.71168776,2.81368325,619.27150141
25.32124990,1.91216759,2.51868467,777.84889129
25.32374990,1.94529221,2.47579627,788.16083448
25.32624990,2.08463047,2.31031219,936.60859237
25.32874990,2.07479437,2.32126482,935.29253987
25.33124990,2.08198865,2.31324373,932.84835876
25.33374990,2.09506981,2.29880034,957.24273287
25.33624990,2.09849334,2.29505002,930.85492426
25.33874990,2.11608695,2.27596847,930.21969131
25.34124990,2.12729009,2.26398233,934.12420374
25.34374990,2.13259549,2.25835008,920.75130632
25.34624990,2.08289823,2.31223356,885.24594594
25.34874990,2.07066544,2.32589344,871.84169637
25.35124990,2.13956632,2.25099224,952.87700114
25.35374990,2.02941428,2.37317103,881.65528108
25.35624990,2.13828762,2.25233833,989.24739005
25.35874990,2.13100057,2.26004031,979.10043506
25.36124990,2.26220576,2.12896071,1063.12708790
25.36374990,2.09286449,2.00431315,902.86090719
25.36624990,2.36587795,2.12160301,1125.42475408
25.36874990,2.32997371,2.15429632,1086.15463807
25.37124990,2.18674568,2.29539897,960.72020437
25.37374990,2.24347669,2.23735500,1011.42827811
25.37624990,2.13923424,2.34637876,931.48627413
25.37874990,2.16400530,2.31952009,956.46176684
25.38124990,2.15678390,2.32728638,944.76775124
25.38374990,2.14979615,2.33485105,949.19259241
25.38624990,2.12266014,2.36469969,917.93318626
25.38874990,2.10621294,2.38316539,894.39749403
25.39124990,2.09669316,2.39398586,885.03727259
25.39374990,2.07840028,2.41505634,864.79625428
25.39624990,2.05504350,2.44250489,844.77726428
25.39874990,2.05644067,2.44084541,845.83114912
25.40124990,1.98465490,2.52913178,792.72389335
25.40374990,1.98312544,2.53108234,791.71839724
25.40624990,1.74750499,2.87235447,650.58074632
25.40874990,1.74436694,2.87752173,649.45408084
25.41124990,1.55858362,3.22052261,494.87936985
25.41374990,1.41667438,3.54312457,425.71659288
25.41624990,0.86442122,3.18674844,170.95039671
25.41874990,0.86418427,3.18762220,168.60444989
25.42124990,0.81693467,3.37198683,148.57204740
25.42374990,0.53693063,2.73965321,59.35352988
25.42624990,0.42860185,3.43209839,37.99372764
25.42874990,0.27557190,2.59886559,15.73643308
25.43124990,0.27610920,2.59380821,15.67699060
25.43374990,0.22566887,2.54012013,11.56663317
25.43624990,0.22193428,2.58286390,11.35857142
25.43874990,0.20755300,2.76182967,9.50045620
25.44124990,0.18851262,3.04078340,7.66230106
25.44374990,0.13862565,2.77048602,3.91889630
25.44624990,0.10955332,3.23861657,2.45448652
25.44874990,0.07621032,2.24250081,1.19268940
25.45124990,0.07700117,2.21946913,1.20782652
25.45374990,0.07636480,2.23796450,1.17890829
25.45624990,0.07134114,2.39555626,1.02244459
25.45874990,0.06034589,2.15436493,0.73611128
25.46124990,0.06319816,2.05713380,0.81206704
25.46374990,0.06291111,2.06651993,0.80748974
25.46624990,0.06303316,2.06251877,0.81548766
25.46874990,0.05593258,1.66362152,0.63706735
25.47124990,0.05496838,1.69280312,0.61983036
25.47374990,0.05439475,1.71065492,0.60784924
25.47624990,0.05372144,1.73209516,0.59802996
25.47874990,0.05235419,1.68256527,0.58445094
25.48124990,0.04938160,1.78384950,0.51138600
25.48374990,0.04594547,1.91725847,0.46873572
25.48624990,0.04255760,1.97489751,0.40332163
25.48874990,0.04611630,1.82249894,0.44038822
25.49124990,0.04692241,1.79118909,0.45754029
25.49374990,0.04694477,1.79033562,0.44475157
25.49624990,0.04536070,1.85285726,0.42945306
25.49874990,0.04430618,1.89695658,0.41012061
25.50124990,0.04586671,1.83241601,0.43274948
25.50374990,0.04660581,1.80335676,0.44671798
25.50624990,0.04834665,1.73842234,0.46811144
25.50874990,0.04877657,1.72309988,0.48082295
25.51124990,0.04505472,1.76431638,0.41689633
25.51374990,0.04500718,1.76618013,0.41638163
25.51624990,0.04693210,1.69374008,0.44688152
25.51874990,0.04848259,1.63957375,0.47174179
25.52124990,0.04897625,1.62304741,0.48506056
25.52374990,0.04667070,1.70322656,0.44751753
25.52624990,0.04625837,1.71840879,0.44802225
25.52874990,0.04461392,1.78174851,0.42255484
25.53124990,0.04696135,1.69268527,0.45283329
25.53374990,0.04878938,1.62926420,0.47759765
25.53624990,0.05104858,1.55715960,0.53262597
25.53874990,0.04810144,1.64670962,0.47763349
25.54124990,0.04839311,1.63678474,0.48209095
25.54374990,0.04823256,1.64223299,0.47946102
25.54624990,0.05106947,1.55100676,0.52791493
25.54874990,0.05146607,1.53905464,0.53189152
25.55124990,0.05086523,1.55723459,0.52866280
25.55374990,0.05111179,1.54972273,0.53410046
25.55624990,0.04913444,1.61208911,0.50705858
25.55874990,0.05016458,1.57898455,0.52970968
25.56124990,0.05226395,1.51555912,0.55865685
25.56374990,0.05275856,1.50135071,0.57803038
25.56624990,0.05092427,1.55542936,0.53291968
25.56874990,0.05030425,1.57460057,0.52346557
25.57124990,0.04984695,1.58904610,0.51365024
25.57374990,0.05123121,1.54611040,0.53491159
25.57624990,0.05129838,1.54408579,0.53660393
25.57874990,0.04997203,1.58506864,0.50193209
25.58124990,0.04840569,1.63635925,0.47393380
25.58374990,0.04786990,1.65467460,0.46310393
25.58624990,0.04553373,1.68826434,0.42535918
25.58874990,0.04628482,1.66086771,0.44059010
25.59124990,0.04633858,1.65894100,0.44178439
25.59374990,0.04629723,1.66042243,0.44109765
25.59624990,0.04668833,1.74489906,0.44932694
25.59874990,0.04699132,1.73364846,0.45432680
25.60124990,0.04479430,1.81867820,0.40391584
25.60374990,0.04396130,1.85313960,0.38795227
25.60624990,0.04622439,1.76241216,0.42778283
25.60874990,0.04783344,1.70312681,0.45919622
25.61124990,0.04596623,1.77231041,0.42436246
25.61374990,0.04524905,1.80040064,0.40993451
25.61624990,0.04577527,1.77970381,0.42092385
25.61874990,0.04837356,1.68411060,0.47140238
25.62124990,0.04781913,1.70363664,0.45981124
25.62374990,0.04647371,1.75295704,0.43304783
25.62624990,0.04641556,1.75515333,0.43104750
25.62874990,0.04802504,1.69633206,0.46401116
25.63124990,0.05119006,1.75906734,0.52923670
25.63374990,0.05393897,1.69980855,0.59289274
25.63624990,0.05515645,1.66228838,0.62237847
25.63874990,0.05481845,1.67253785,0.60662463
25.64124990,0.05374870,1.70582594,0.58946578
25.64374990,0.06128565,2.26005222,0.76888977
25.64624990,0.06068842,2.28229320,0.75643973
25.64874990,0.06022246,2.29995227,0.74246299
25.65124990,0.06022467,2.29986764,0.73925081
25.65374990,0.06214844,2.22867649,0.78283463
25.65624990,0.06207368,2.23136070,0.78068916
25.65874990,0.05960709,2.32369652,0.73052960
25.66124990,0.05995535,2.31019892,0.72971289
25.66374990,0.06051231,2.28893536,0.75177654
25.66624990,0.06584244,2.10363971,0.88910541
25.66874990,0.06338885,2.18506533,0.80861223
25.67124990,0.06287977,2.20275595,0.79266299
25.67374990,0.06332221,2.18736499,0.80418452
25.67624990,0.06986438,1.98253796,0.98785565
25.67874990,0.06940012,1.99580031,0.97396352
25.68124990,0.06641840,2.08539758,0.88322199
25.68374990,0.06324128,2.19016420,0.80547797
25.68624990,0.06955310,2.09979814,1.01624443
25.68874990,0.07119088,2.05149132,1.07044146
25.69124990,0.07108360,2.05458740,1.06113793
25.69374990,0.06404716,2.28031141,0.85739884
25.69624990,0.06783852,2.15286919,0.92049851
25.69874990,0.07034774,2.07607892,1.00262732
25.70124990,0.07033430,2.07647579,1.00247452
25.70374990,0.06915199,2.11197787,0.96379141
25.70624990,0.07070379,2.06562440,1.02679004
25.70874990,0.07169095,2.03718130,1.04955677
25.71124990,0.07112037,2.05352510,1.02162246
25.71374990,0.07086248,2.06099865,1.01545803
25.71624990,0.06861303,2.12856743,0.95916379
25.71874990,0.06895704,2.11794870,0.97099905
25.72124990,0.06936555,2.10547557,0.97466756
25.72374990,0.06858103,2.12956082,0.94901242
25.72624990,0.06663118,2.19187879,0.91495552
25.72874990,0.06600514,2.21266813,0.89706401
25.73124990,0.06752702,2.16280030,0.92075586
25.73374990,0.06786503,2.15202835,0.93262224
25.73624990,0.06675125,2.02831803,0.92924719
25.73874990,0.06458136,2.09646802,0.88711463
25.74124990,0.06570977,2.06046609,0.89958646
25.74374990,0.06645709,2.03729576,0.91160113
25.74624990,0.06784793,2.02713016,0.94618990
25.74874990,0.06513695,2.11149891,0.86422284
25.75124990,0.06521609,2.10893641,0.86377360
25.75374990,0.06488392,2.11973297,0.85516622
25.75624990,0.06543716,2.10181191,0.86237060
25.75874990,0.06434946,2.13733873,0.83532078
25.76124990,0.06434710,2.13741725,0.83286677
25.76374990,0.06497638,2.11671684,0.84806310
25.76624990,0.06548188,2.10037640,0.87450754
25.76874990,0.06533859,2.10498251,0.87064508
25.77124990,0.06538792,2.10339438,0.87241941
25.77374990,0.06667215,2.06287906,0.90929194
25.77624990,0.06188647,2.22240170,0.76914056
25.77874990,0.06262839,2.19607416,0.78462846
25.78124990,0.06102742,2.25368511,0.75244277
25.78374990,0.06111516,2.25044984,0.75976936
25.78624990,0.05416762,2.53909230,0.62239048
25.78874990,0.05614532,2.44965359,0.66093939
25.79124990,0.05705642,2.41053673,0.65362170
25.79374990,0.05700169,2.41285098,0.65879032
25.79624990,0.04939654,2.01427484,0.49582632
25.79874990,0.05037351,1.97520899,0.51084093
25.80124990,0.05259798,1.89167382,0.55769987
25.80374990,0.05213583,1.90844213,0.54610139
25.80624990,0.04923851,1.98849054,0.49214925
25.80874990,0.05081375,1.92684705,0.53004197
25.81124990,0.05286498,1.85208274,0.56554243
25.81374990,0.05365576,1.82478679,0.58015299
25.81624990,0.05062844,1.39763504,0.51784955
25.81874990,0.05455446,1.74786476,0.59964855
25.82124990,0.05499170,1.73396758,0.60865345
25.82374990,0.05588453,1.70626516,0.62692394
25.82624990,0.05710240,1.66987395,0.65822691
25.82874990,0.06095730,1.72981933,0.75859528
25.83124990,0.06172025,1.70843629,0.77409916
25.83374990,0.06139235,1.71756132,0.76916931
25.83624990,0.06360852,1.65772010,0.83492317
25.83874990,0.06195464,1.70197298,0.78045500
25.84124990,0.06101878,1.72807657,0.76177154
25.84374990,0.06141130,1.71703122,0.77222427
25.84624990,0.06162539,1.71106617,0.76212203
25.84874990,0.06175344,1.70751829,0.76496686
25.85124990,0.06052822,1.74208213,0.73488486
25.85374990,0.06383572,1.65182013,0.81697720
25.85624990,0.06237136,1.69060165,0.78105282
25.85874990,0.06193803,1.70242948,0.77127332
25.86124990,0.06369160,1.65555776,0.81421158
25.86374990,0.06367408,1.65601335,0.81603758
25.86624990,0.06246741,1.68800214,0.78682567
25.86874990,0.05950903,1.77191804,0.72481179
25.87124990,0.05986583,1.76135752,0.73280760
25.87374990,0.05760476,1.83049333,0.66839006
25.87624990,0.05664438,1.86152856,0.64569716
25.87874990,0.05393964,1.73255736,0.58275651
25.88124990,0.05379292,1.73728281,0.57960293
25.88374990,0.05499935,1.69917476,0.60501325
25.88624990,0.06186040,2.49852125,0.76933702
25.88874990,0.06337728,2.43872132,0.81008497
25.89124990,0.06237991,2.47771323,0.79123309
25.89374990,0.06309947,2.44945846,0.80796726
25.89624990,0.07285078,2.36854095,1.06310426
25.89874990,0.07203768,2.39527510,1.03817425
25.90124990,0.07174450,2.40506343,1.03729951
25.90374990,0.07386315,2.33607790,1.09932789
25.90624990,0.07383739,2.33689281,1.09372441
25.90874990,0.07310524,2.36029677,1.07748347
25.91124990,0.07048925,2.44789175,0.99945378
25.91374990,0.06932354,2.48905444,0.97390045
25.91624990,0.07076511,2.43834921,1.01726040
25.91874990,0.07204188,2.39513555,1.06168419
25.92124990,0.07233419,2.38545646,1.07095707
25.92374990,0.07360463,2.34428277,1.09638877
25.92624990,0.07428231,2.32289574,1.11386824
25.92874990,0.07819642,2.20662356,1.22549531
25.93124990,0.07893806,2.18589178,1.25089196
25.93374990,0.07838006,2.20145361,1.23232714
25.93624990,0.07691516,2.24338169,1.18527598
25.93874990,0.07567708,2.28008361,1.14812719
25.94124990,0.07604132,2.26916192,1.15779756
25.94374990,0.07606536,2.26844472,1.15856132
25.94624990,0.06730793,2.06608709,0.92255145
25.94874990,0.06730724,2.06610828,0.92258827
25.95124990,0.06725572,2.06769121,0.93973042
25.95374990,0.06174048,2.25239657,0.81565703
25.95624990,0.06395222,2.17449920,0.84573980
25.95874990,0.06688567,2.07913067,0.95836230
25.96124990,0.07573932,2.14833865,1.20363645
25.96374990,0.07553754,2.15407732,1.18761198
25.96624990,0.07418484,2.19335526,1.15918147
25.96874990,0.07302665,2.22814149,1.13793834
25.97124990,0.07321354,2.22245353,1.19008819
25.97374990,0.07451018,2.18377799,1.24132714
25.97624990,0.08096846,2.00959350,1.50078743
25.97874990,0.07560972,2.15202097,1.27608962
25.98124990,0.07512474,2.16591375,1.27049833
25.98374990,0.08085781,2.01234351,1.43555671
25.98624990,0.07482288,2.17465171,1.34367261
25.98874990,0.07474092,2.17703631,1.34218401
25.99124990,0.07687501,2.11660066,1.45887613
25.99374990,0.07623559,2.13435354,1.44584487
25.99624990,0.07677800,2.11927495,1.32909303
25.99874990,0.08515012,1.93379952,1.65610631
26.00124990,0.08924726,1.84502309,1.73683760
26.00374990,0.08955805,1.83862026,1.75989115
26.00624990,0.08792238,1.87282533,1.66559455
26.00874990,0.08945191,1.84080197,1.87244534
26.01124990,0.08686801,1.89555691,1.74462332
26.01374990,0.10415046,2.46727564,2.72035394
26.01624990,0.11689182,2.19833943,3.39027703
26.01874990,0.11846865,2.16907928,3.54339811
26.02124990,0.11778092,2.18174473,3.58999399
26.02374990,0.12410696,2.07053571,4.42415206
26.02624990,0.12201638,2.10601143,4.35728000
26.02874990,0.12782644,2.01028747,5.00210335
26.03124990,0.16241690,2.77633019,6.78156539
26.03374990,0.32041110,3.87923506,25.96716091
26.03624990,0.36073992,3.44555711,32.08124620
26.03874990,0.36288343,3.42520460,33.25689427
26.04124990,0.39718039,3.12943441,37.85064170
26.04374990,0.43060063,2.88654940,40.00901852
26.04624990,0.44237732,2.80970549,42.32663028
26.04874990,0.48004423,2.58924056,52.08804560
26.05124990,0.71403663,3.31511838,116.71997428
26.05374990,0.73448251,3.22283502,119.43064393
26.05624990,0.73921659,3.20219538,123.19024064
26.05874990,0.73882423,3.20389595,122.84110176
26.06124990,0.81325085,2.91068363,138.48389481
26.06374990,0.90516463,2.61512202,168.07201230
26.06624990,0.90360753,2.61962841,168.44165525
26.06874990,1.21276209,2.98387850,317.11631823
26.07124990,1.21735771,2.97261414,317.60927008
26.07374990,1.36007037,2.66069668,424.48366700
26.07624990,1.55028868,2.33423283,534.90902149
26.07874990,1.55467738,2.32764352,548.48870453
26.08124990,1.68551122,2.14696567,656.21449041
26.08374990,1.66721975,2.17052055,675.73734444
26.08624990,1.68171196,2.15181602,709.38643910
26.08874990,1.75146369,2.06612033,722.18861431
26.09124990,1.76280432,2.05282838,736.32022149
26.09374990,2.26365499,2.82484453,1080.97460565
26.09624990,2.30302775,2.77655075,1096.87091170
26.09874990,2.33415033,2.73952939,1136.25599179
26.10124990,2.34253159,2.72972773,1226.61441459
26.10374990,2.50453988,2.55315297,1415.82129664
26.10624990,2.53462106,2.52285185,1417.50484776
26.10874990,2.54222195,2.51530888,1414.91852107
26.11124990,2.52199997,2.53547720,1376.54800107
26.11374990,2.58628884,2.47245139,1410.19212174
26.11624990,2.60181087,2.45770109,1449.13052416
26.11874990,2.48997973,2.56808253,1336.94071184
26.12124990,2.61064231,2.44938704,1398.04979493
26.12374990,2.89572129,2.20824892,1713.62670067
26.12624990,2.87712184,2.22252438,1659.87801642
26.12874990,2.90638099,2.20014976,1701.04505577
26.13124990,2.88058606,2.21985155,1672.18155333
26.13374990,2.93582765,2.17808202,1725.21314674
26.13624990,3.00094121,2.13082262,1801.58154150
26.13874990,2.97634349,2.14843262,1773.17815778
26.14124990,2.96648540,2.15557219,1761.06079386
26.14374990,2.59935173,2.39604220,1404.17712101
26.14624990,2.56708409,2.42615988,1372.13931183
26.14874990,2.54112846,2.45094119,1333.07463897
26.15124990,2.47937641,2.51198503,1273.03398603
26.15374990,2.30957510,2.69666764,1076.35314019
26.15624990,2.27527125,2.73732480,1041.63243989
26.15874990,2.26753017,2.74666971,1038.04962985
26.16124990,2.26623288,2.74824201,1036.85658066
26.16374990,2.15675667,2.88774181,965.28408777
26.16624990,2.13911418,2.91155867,951.04366080
26.16874990,2.11954165,2.93844493,918.83206437
26.17124990,1.96654795,3.16705037,800.49046992
26.17374990,1.38856793,2.19052561,396.83667092
26.17624990,1.21709078,2.49915096,333.23231725
26.17874990,1.13886756,2.67080537,307.51690311
26.18124990,1.00619141,3.02297711,228.27648952
26.18374990,0.82174620,3.70150004,147.54812685
26.18624990,0.46133818,2.97197467,44.06955578
26.18874990,0.34488792,2.83601140,23.88508229
26.19124990,0.33350737,2.93278697,22.31567769
26.19374990,0.33229608,2.94347760,22.29320730
26.19624990,0.29454996,3.32067976,17.79128628
26.19874990,0.19733205,2.18928761,8.32637458
26.20124990,0.17277681,2.32865198,7.00600299
26.20374990,0.16755828,2.40117695,6.88621806
26.20624990,0.16382640,2.45587449,6.34444847
26.20874990,0.15294810,2.63054640,5.31519252
26.21124990,0.12376620,2.66549174,3.30711726
26.21374990,0.10009986,3.07938043,2.07064835
26.21624990,0.07428147,2.68477527,1.12031304
26.21874990,0.05982483,2.93096181,0.76798404
26.22124990,0.04776111,1.63969493,0.62861525
26.22374990,0.04500843,1.57681274,0.63212380
26.22624990,0.04456414,1.59253316,0.64152371
26.22874990,0.04561826,1.55573393,0.70767385
26.23124990,0.04350480,1.63131134,0.60673434
26.23374990,0.04310638,1.64638891,0.59218266
26.23624990,0.04238757,1.67430849,0.57278427
26.23874990,0.04197526,1.69075496,0.51153077
26.24124990,0.04346739,1.63271538,0.57619276
26.24374990,0.04209257,1.67490758,0.49973598
26.24624990,0.04176460,1.68806064,0.47312959
26.24874990,0.04160082,1.69470622,0.46673974
26.25124990,0.03956872,1.78173984,0.37629362
26.25374990,0.03995662,1.76444284,0.38998253
26.25624990,0.04039513,1.74528893,0.37265089
26.25874990,0.03974429,1.77386909,0.35427906
26.26124990,0.04019609,1.75393107,0.34991873
26.26374990,0.03882853,1.81570521,0.31222947
26.26624990,0.03574183,1.93595632,0.25913731
26.26874990,0.03540507,1.95437025,0.25076686
26.27124990,0.03241857,1.59811805,0.21248426
26.27374990,0.03223864,1.60703739,0.21308787
26.27624990,0.03274273,1.58229609,0.21761417
26.27874990,0.03196012,1.62104232,0.22401583
26.28124990,0.03145601,1.64702086,0.21749127
26.28374990,0.03165468,1.63668369,0.24035361
26.28624990,0.03067023,1.68921779,0.23184685
26.28874990,0.02951149,1.75554350,0.20700616
26.29124990,0.02763109,1.87501463,0.20017282
26.29374990,0.02657053,1.52029758,0.16599129
26.29624990,0.02652756,1.52275998,0.16301515
26.29874990,0.02721583,1.48425058,0.16732599
26.30124990,0.02626397,1.53804253,0.15333776
26.30374990,0.02798765,1.78198892,0.16984288
26.30624990,0.02714829,1.83708385,0.15772536
26.30874990,0.02995727,1.90585708,0.18916611
26.31124990,0.02909256,1.96250418,0.17482908
26.31374990,0.02904279,1.96586770,0.17890414
26.31624990,0.02878728,1.98331616,0.17451795
26.31874990,0.02838830,2.01119015,0.17522592
26.32124990,0.02864339,1.99327928,0.18891928
26.32374990,0.02794597,2.04302360,0.18803025
26.32624990,0.02843338,2.00800163,0.21215143
26.32874990,0.02724327,2.09572070,0.21130074
26.33124990,0.02731633,2.09011518,0.21547704
26.33374990,0.02667928,2.14002339,0.22858146
26.33624990,0.02596741,2.19868990,0.20996984
26.33874990,0.02774582,2.05776153,0.25581124
26.34124990,0.02753282,2.07368050,0.24258929
26.34374990,0.02729192,2.09198469,0.23800849
26.34624990,0.02730588,2.09091517,0.23764071
26.34874990,0.02660070,2.14634478,0.21659691
26.35124990,0.02867237,1.99126442,0.24743433
26.35374990,0.02649012,2.15530462,0.19776487
26.35624990,0.02774304,2.05796773,0.21730861
26.35874990,0.02494800,2.13961572,0.16528884
26.36124990,0.02505527,2.13045543,0.16800163
26.36374990,0.02488727,2.14483682,0.15780671
26.36624990,0.02517741,2.12012037,0.15201508
26.36874990,0.02540901,2.10079591,0.15567585
26.37124990,0.02712494,1.96789892,0.15632401
26.37374990,0.02728615,1.95627209,0.15993225
26.37624990,0.02674601,1.99577959,0.15058181
26.37874990,0.02750632,1.94061364,0.15417757
26.38124990,0.02747629,1.94273457,0.15385823
26.38374990,0.02745098,1.94452625,0.15102129
26.38624990,0.02842807,1.87769114,0.16306132
26.38874990,0.02662203,2.00507395,0.14370873
26.39124990,0.02637881,2.02356163,0.14281528
26.39374990,0.02590109,2.06088414,0.13833592
26.39624990,0.02664018,2.00370778,0.14415077
26.39874990,0.02815655,1.89579863,0.15943026
26.40124990,0.02554737,2.08255337,0.13148716
26.40374990,0.02603475,2.04356690,0.13667455
26.40624990,0.02663736,1.99733563,0.14266387
26.40874990,0.02769398,1.92113085,0.15509299
26.41124990,0.02771398,1.91974412,0.15527663
26.41374990,0.02955598,1.80010108,0.17914227
26.41624990,0.03162951,1.70236359,0.20736378
26.41874990,0.03143204,1.71305884,0.20626829
26.42124990,0.02978473,1.80780296,0.18383152
26.42374990,0.03247141,1.82827829,0.21271903
26.42624990,0.03235403,1.83491167,0.21099428
26.42874990,0.03232722,1.83643332,0.21088608
26.43124990,0.03277325,1.81143996,0.21591583
26.43374990,0.03262305,1.81978020,0.21442226
26.43624990,0.03196424,1.85728752,0.20663219
26.43874990,0.03608187,2.07504567,0.26253119
26.44124990,0.03633933,2.06034420,0.26810694
26.44374990,0.03597521,2.08119794,0.26782912
26.44624990,0.03564669,2.10037807,0.26216774
26.44874990,0.03617355,2.06978694,0.26847482
26.45124990,0.03627556,2.06396637,0.27059994
26.45374990,0.03598080,2.08087455,0.26249567
26.45624990,0.03530890,2.12047210,0.25402368
26.45874990,0.03453089,2.16824776,0.24222535
26.46124990,0.03467415,2.15928990,0.24355750
26.46374990,0.03381600,2.21408579,0.23157373
26.46624990,0.03164086,2.36629234,0.20028918
26.46874990,0.03279804,2.28280514,0.21612047
26.47124990,0.03241956,2.30945566,0.21145655
26.47374990,0.03332386,2.24678438,0.22399720
26.47624990,0.03494542,2.14252777,0.24594166
26.47874990,0.03594441,2.08298133,0.25982459
26.48124990,0.03615151,2.07104840,0.26271563
26.48374990,0.04075730,2.08220784,0.34436009
26.48624990,0.04152412,2.04375614,0.35722291
26.48874990,0.03902802,2.17446824,0.31052752
26.49124990,0.04135425,2.05215133,0.34841985
26.49374990,0.04215724,2.01306315,0.35660120
26.49624990,0.04569347,1.85727159,0.42617414
26.49874990,0.04666314,1.81867687,0.44372119
26.50124990,0.04670372,1.81709685,0.43989175
26.50374990,0.04725996,1.79570987,0.45292575
26.50624990,0.04898976,1.73230430,0.48354104
26.50874990,0.05178309,1.63885908,0.54913648
26.51124990,0.05398740,1.57194424,0.59523314
26.51374990,0.05346208,1.58739014,0.57501059
26.51624990,0.05394574,1.57315801,0.58538267
26.51874990,0.05765889,1.71924078,0.66533537
26.52124990,0.06433439,2.00312626,0.84493917
26.52374990,0.06258631,2.05907526,0.80269973
26.52624990,0.06158177,2.09266336,0.76940505
26.52874990,0.06277984,2.05272778,0.80215185
26.53124990,0.06627536,1.94446182,0.88419185
26.53374990,0.06561606,1.96399956,0.86535414
26.53624990,0.06504986,1.98109433,0.85322122
26.53874990,0.06444664,1.99963733,0.83418929
26.54124990,0.06627444,1.94448896,0.88632468
26.54374990,0.06812557,1.89165267,0.93645780
26.54624990,0.06569642,1.96159713,0.86383612
26.54874990,0.06424856,2.00580230,0.82591971
26.55124990,0.06749787,1.90924415,0.91753163
26.55374990,0.06788926,1.89823720,0.92877367
26.55624990,0.06658857,1.93531573,0.88990093
26.55874990,0.06434257,2.00287181,0.83336950
26.56124990,0.06268785,2.05573990,0.79221221
26.56374990,0.06442469,2.00031863,0.84492962
26.56624990,0.06405821,2.01176256,0.83366983
26.56874990,0.06016399,2.14197746,0.72556885
26.57124990,0.05299961,1.88193290,0.57546360
26.57374990,0.05293581,1.88420108,0.57367162
26.57624990,0.05866780,1.94479279,0.74791291
26.57874990,0.05727510,1.99208260,0.71602442
26.58124990,0.05276979,2.16216008,0.57654559
26.58374990,0.05018005,2.27374655,0.53412331
26.58624990,0.05759865,2.19818365,0.67490084
26.58874990,0.06288801,2.01329972,0.83716103
26.59124990,0.05926548,2.13636027,0.76008173
26.59374990,0.05730206,2.20956112,0.69997140
26.59624990,0.06324442,2.00195393,0.88046417
26.59874990,0.06474698,1.95549515,0.89550477
26.60124990,0.06127709,2.06622751,0.77784898
26.60374990,0.06053061,2.09170878,0.76522200
26.60624990,0.06407341,1.97605230,0.83506254
26.60874990,0.06670024,1.89823026,0.92614580
26.61124990,0.06653132,1.90304979,0.92354295
26.61374990,0.06513490,1.94384892,0.87417763
26.61624990,0.07010884,1.80594057,1.03663824
26.61874990,0.07148394,1.77120068,1.05794945
26.62124990,0.07135950,1.77428954,1.04983797
26.62374990,0.07136949,1.77404104,1.04994545
26.62624990,0.07043528,1.79757085,1.00138868
26.62874990,0.07085306,1.78697152,1.03880869
26.63124990,0.07103709,1.78234233,1.04155804
26.63374990,0.07099138,1.78348987,1.03664318
26.63624990,0.07237634,1.95406419,1.13340403
26.63874990,0.06952782,2.03412132,1.02483956
26.64124990,0.06991749,2.02278458,1.01773537
26.64374990,0.06950398,2.03481906,1.01368834
26.64624990,0.06992994,2.02242450,0.98775033
26.64874990,0.06918765,2.04412223,0.96003861
26.65124990,0.06943505,2.03683911,0.96557595
26.65374990,0.06934879,2.03937248,0.96620321
26.65624990,0.06759226,2.09237003,0.93998268
26.65874990,0.06594594,2.14460558,0.89786378
26.66124990,0.06639482,2.13010620,0.89525600
26.66374990,0.06600907,2.14255430,0.89134380
26.66624990,0.06184473,2.28682433,0.78331734
26.66874990,0.06028217,2.34610027,0.73696860
26.67124990,0.06133329,2.30589333,0.75728229
26.67374990,0.06346444,2.22846081,0.82155461
26.67624990,0.06625360,2.13464648,0.93195951
26.67874990,0.06517757,2.16988806,0.91436431
26.68124990,0.06558474,2.15641658,0.93191301
26.68374990,0.06989135,2.02354105,1.02594169
26.68624990,0.06638227,1.99876382,0.88486682
26.68874990,0.06484814,2.04604913,0.84361891
26.69124990,0.06616168,2.00542816,0.88112546
26.69374990,0.06585117,2.01488418,0.87571235
26.69624990,0.05965495,2.22416548,0.72019093
26.69874990,0.06222615,2.13226256,0.79094130
26.70124990,0.06440200,2.06022302,0.84410983
26.70374990,0.06793961,1.95294743,0.96348211
26.70624990,0.06640027,1.99822218,0.94492400
26.70874990,0.06542285,2.02807565,0.94397462
26.71124990,0.06585846,2.01466124,0.93486187
26.71374990,0.06617558,2.00500684,0.93056525
26.71624990,0.06831164,1.94231161,0.99459653
26.71874990,0.07090357,1.87130909,1.12263496
26.72124990,0.07610435,1.75724316,1.34803798
26.72374990,0.07550606,1.77116695,1.43590615
26.72624990,0.06962022,1.92090510,1.34055199
26.72874990,0.07035944,1.90072343,1.30396365
26.73124990,0.07586712,1.76273783,1.39963310
26.73374990,0.07203010,1.85663825,1.22326641
26.73624990,0.06877676,1.94446275,1.06638956
26.73874990,0.06890148,1.94094304,1.07350192
26.74124990,0.06759149,1.97856043,1.01429328
26.74374990,0.07506232,1.94549714,1.15941407
26.74624990,0.08288619,1.89671624,1.40973319
26.74874990,0.09894522,2.61406364,1.99968297
26.75124990,0.10048594,2.57398298,2.13129205
26.75374990,0.10431355,2.47953508,2.44837297
26.75624990,0.10494962,2.46450725,2.54261855
26.75874990,0.10855291,2.38270083,2.82641223
26.76124990,0.11583097,2.23298744,3.27509303
26.76374990,0.12326758,2.09827347,3.84104311
26.76624990,0.13705192,2.06977023,5.09083243
26.76874990,0.13881736,2.04344736,5.55332222
26.77124990,0.13992603,2.02725668,6.21524402
26.77374990,0.13933620,2.03583826,6.34068962
26.77624990,0.14002067,2.02588639,6.48276772
26.77874990,0.14015686,2.02391783,6.50538014
26.78124990,0.13723517,2.06700641,6.12117483
26.78374990,0.13753753,2.06246236,6.27096303
26.78624990,0.14353762,1.97624835,6.15339831
26.78874990,0.15254074,1.85960803,6.28470360
26.79124990,0.17420467,2.16751280,7.12365439
26.79374990,0.18915816,1.99616484,7.55841650
26.79624990,0.20396699,1.85123513,8.47382979
26.79874990,0.21836896,1.98847867,9.62970439
26.80124990,0.45438480,3.92950653,45.10919244
26.80374990,0.46037064,3.87841423,46.12161425
26.80624990,0.60722355,2.94044598,87.93561005
26.80874990,0.61894825,2.88474528,90.91206511
26.81124990,0.66457692,2.68668382,113.97183189
26.81374990,0.69930440,2.55326300,124.61781144
26.81624990,0.94819138,3.03495674,248.56696146
26.81874990,0.96317224,2.98775205,253.06510758
26.82124990,1.42497495,3.29764077,576.94369112
26.82374990,1.44630002,3.24901848,590.88005669
26.82624990,1.44699453,3.24745905,587.51026296
26.82874990,2.33142433,3.50663587,1343.23214681
26.83124990,2.42172982,3.37587460,1362.71047296
26.83374990,3.06631835,2.74317859,2298.19420968
26.83624990,3.07692344,2.73372381,2286.06806830
26.83874990,3.11377113,2.70137352,2422.18460802
26.84124990,3.13139622,2.68616881,2465.57128006
26.84374990,3.31526136,2.53719329,2540.50472704
26.84624990,3.37335920,2.49349636,2672.13748836
26.84874990,3.46697457,2.42616688,2710.91032908
26.85124990,3.44979734,2.43824725,2628.39127783
26.85374990,3.49722358,2.40518190,2754.87479263
26.85624990,3.47494125,2.42060463,2690.15924167
26.85874990,3.47303936,2.42193019,2677.22402121
26.86124990,3.50270652,2.40141697,2738.62990539
26.86374990,3.56910783,2.35673991,2729.22755873
26.86624990,3.62602254,2.31974809,2833.43142572
26.86874990,3.62637762,2.31952095,2868.27411757
26.87124990,3.47135926,2.42310238,2573.14006396
26.87374990,3.48107774,2.41633755,2598.58663960
26.87624990,3.49630296,2.40581522,2608.65519420
26.87874990,2.98074410,2.82193257,1805.98200762
26.88124990,2.91273579,2.88782076,1747.07696299
26.88374990,2.23379501,2.18562764,1047.04943472
26.88624990,2.21920925,2.19999270,1046.44019980
26.88874990,2.16677508,2.25323070,1019.28980607
26.89124990,2.17071788,2.24913802,1024.21796485
26.89374990,1.87628765,2.16304942,754.41660548
26.89624990,1.76811557,2.29538328,645.33137351
26.89874990,1.58344700,2.56308100,533.20735136
26.90124990,1.57304871,2.58002368,531.35677181
26.90374990,1.46319737,2.77372212,453.58480538
26.90624990,1.46269311,2.77467836,455.65944584
26.90874990,1.46280577,2.77446466,455.76303074
26.91124990,1.36981691,2.96280684,383.16308224
26.91374990,1.16576245,3.48141501,299.12631502
26.91624990,0.73229887,2.23804239,130.76644622
26.91874990,0.71006862,2.30810920,117.75430188
26.92124990,0.70741815,2.31675696,116.23206331
26.92374990,0.60967916,2.68816129,80.77593673
26.92624990,0.51354011,3.19140779,57.29952320
26.92874990,0.51099948,3.20727510,57.83305394
26.93124990,0.48232772,3.39793020,53.03211494
26.93374990,0.43503717,3.76730092,40.72545029
26.93624990,0.43284768,3.78635720,40.83906313
26.93874990,0.43210930,3.79282722,40.20295409
26.94124990,0.22901333,3.43043230,12.10220514
26.94374990,0.22890590,3.43204221,12.10982538
26.94624990,0.22594070,3.47708368,11.96524278
26.94874990,0.14257773,2.76465992,4.50279064
26.95124990,0.11239622,2.47972856,2.67515376
26.95374990,0.09981911,2.79217177,2.02262009
26.95624990,0.09923044,2.80873605,2.00666162
26.95874990,0.08709776,3.19999168,1.54492777
26.96124990,0.06093001,2.71267560,0.77070391
26.96374990,0.04857232,2.65547655,0.54639946
26.96624990,0.03924652,2.47989336,0.44638670
26.96874990,0.03933243,2.47447683,0.45935726
26.97124990,0.03962038,2.45649256,0.49485592
26.97374990,0.03929152,2.47705276,0.48621569
26.97624990,0.03354388,1.95208267,0.36281239
26.97874990,0.03368532,1.94388615,0.37605495
26.98124990,0.03339768,1.96062763,0.36603949
26.98374990,0.03307548,1.97972717,0.35810161
26.98624990,0.03253115,2.01285302,0.32785506
26.98874990,0.02932873,2.18536329,0.26562469
26.99124990,0.02890611,2.21731469,0.24626200
26.99374990,0.02845329,2.10536894,0.20321936
26.99624990,0.02714741,2.20664439,0.17229409
26.99874990,0.02597857,2.30592632,0.15166530
27.00124990,0.02478675,2.41680279,0.12847974
27.00374990,0.02660971,2.25123366,0.14836651
27.00624990,0.02594678,2.30875208,0.13867072
27.00874990,0.02620182,2.28627931,0.14337357
27.01124990,0.02720642,2.20185797,0.15684823
27.01374990,0.02810685,2.13131940,0.16499293
27.01624990,0.02788375,2.14837221,0.16004243
27.01874990,0.02805149,2.13552595,0.16054740
27.02124990,0.03494174,2.79328499,0.24914728
27.02374990,0.03419223,2.85451551,0.23920069
27.02624990,0.03600305,2.71094358,0.28653739
27.02874990,0.03610707,2.70313399,0.28787968
27.03124990,0.03799376,2.56890181,0.30365578
27.03374990,0.03750107,2.60265251,0.29831782
27.03624990,0.03918807,2.49061116,0.31214175
27.03874990,0.03898383,2.50365966,0.31137159
27.04124990,0.03890472,2.50875081,0.30925466
27.04374990,0.03695036,2.64144247,0.27599120
27.04624990,0.03701409,2.63689428,0.27536061
27.04874990,0.03843721,2.53926456,0.29877290
27.05124990,0.03835016,2.54502855,0.29732867
27.05374990,0.03717681,2.62535253,0.28940067
27.05624990,0.03752885,2.60072572,0.29602387
27.05874990,0.03897185,2.50442961,0.31171757
27.06124990,0.03856460,2.53087645,0.31380811
27.06374990,0.03907791,2.49763237,0.31525675
27.06624990,0.03907356,2.49791035,0.31476985
27.06874990,0.03935609,2.47997791,0.32162304
27.07124990,0.03289340,1.84430799,0.21901924
27.07374990,0.03280193,1.84945109,0.21711260
27.07624990,0.02991300,2.02806654,0.18689936
27.07874990,0.02967614,2.04425395,0.18249683
27.08124990,0.02723241,2.22769712,0.14981168
27.08374990,0.02764441,2.19449620,0.15422532
27.08624990,0.02496728,2.42980230,0.12480919
27.08874990,0.02683692,2.26052651,0.14635333
27.09124990,0.02683432,2.26074546,0.14628372
27.09374990,0.02643350,2.29502591,0.14110574
27.09624990,0.02631620,2.30525505,0.13996246
27.09874990,0.02327124,2.14990664,0.11100940
27.10124990,0.02364380,2.11603083,0.11475336
27.10374990,0.02384497,2.09817889,0.12107548
27.10624990,0.02325992,2.15095343,0.11734116
27.10874990,0.02045768,2.21205179,0.08753866
27.11124990,0.01980002,2.28552523,0.08699364
27.11374990,0.01914719,2.30240077,0.08145580
27.11624990,0.01933222,2.28036519,0.08110809
27.11874990,0.01820053,2.42215546,0.07145765
27.12124990,0.02022388,2.17982437,0.08211234
27.12374990,0.02021139,2.18117227,0.08199234
27.12624990,0.02130050,2.06964654,0.09109890
27.12874990,0.02150595,2.04987535,0.09383154
27.13124990,0.02144751,2.05546100,0.09458796
27.13374990,0.02114045,2.08531612,0.09247822
27.13624990,0.02118747,2.08068784,0.09267405
27.13874990,0.01914569,2.18035405,0.07900833
27.14124990,0.01958144,2.13183449,0.08414877
27.14374990,0.01951335,2.13927319,0.08388940
27.14624990,0.02111728,1.97678807,0.10487446
27.14874990,0.02076834,2.01000069,0.09789082
27.15124990,0.02029684,2.05669353,0.09680774
27.15374990,0.01999565,2.08767367,0.09392753
27.15624990,0.02161341,1.93141132,0.10054486
27.15874990,0.02285053,1.82684562,0.11182389
27.16124990,0.02321891,1.79786171,0.11357256
27.16374990,0.02212286,1.88693400,0.10329650
27.16624990,0.02223842,1.87712863,0.10102496
27.16874990,0.02233466,1.86904015,0.10193477
27.17124990,0.02035950,1.85904313,0.08297183
27.17374990,0.02063446,1.83427100,0.08579230
27.17624990,0.02115350,1.78926415,0.09012908
27.17874990,0.02084418,1.81581646,0.08901927
27.18124990,0.02204247,1.71710343,0.10001479
27.18374990,0.02197588,1.72230645,0.09767452
27.18624990,0.02229501,1.69765348,0.10005685
27.18874990,0.02327182,1.62639581,0.10966912
27.19124990,0.02406686,1.57266890,0.11810609
27.19374990,0.02398959,1.57773398,0.11910184
27.19624990,0.02282282,1.61382811,0.11523680
27.19874990,0.02248430,1.63812624,0.11576363
27.20124990,0.02240103,1.64421536,0.11396899
27.20374990,0.02318319,1.58874240,0.11859908
27.20624990,0.02169697,1.69756985,0.09994907
27.20874990,0.02223363,1.81286222,0.10090191
27.21124990,0.02196932,1.83467281,0.09671846
27.21374990,0.02137991,1.88525131,0.09232695
27.21624990,0.02109537,1.91067989,0.08990686
27.21874990,0.02119500,1.90169859,0.08993919
27.22124990,0.02255116,1.78733659,0.10421127
27.22374990,0.02251504,1.79020367,0.10433710
27.22624990,0.02220653,1.81507441,0.10120126
27.22874990,0.02331758,1.72858857,0.11084829
27.23124990,0.02214166,1.82039255,0.09810432
27.23374990,0.02198885,1.83304307,0.09690750
27.23624990,0.02211769,1.82236545,0.09802459
27.23874990,0.02235800,1.80277794,0.10009085
27.24124990,0.02298449,1.77189662,0.10579925
27.24374990,0.02292494,1.77649959,0.10536774
27.24624990,0.02295123,1.77446430,0.10659672
27.24874990,0.02303276,1.76818311,0.10831383
27.25124990,0.02538340,1.88401738,0.13695201
27.25374990,0.02595015,1.84287045,0.14344739
27.25624990,0.02593450,1.84398281,0.14222852
27.25874990,0.02452056,1.95031319,0.12621457
27.26124990,0.02646413,1.80707849,0.14039967
27.26374990,0.03024715,2.17429997,0.18822884
27.26624990,0.03126064,2.10380722,0.20085748
27.26874990,0.03119610,2.10816004,0.19735214
27.27124990,0.03033953,2.16767922,0.18809800
27.27374990,0.03366925,1.98354091,0.22942806
27.27624990,0.03346804,1.99546588,0.22710403
27.27874990,0.03296826,2.02571569,0.21979132
27.28124990,0.03298238,2.02484897,0.22008644
27.28374990,0.03449181,1.93623722,0.24054050
27.28624990,0.03756318,1.86384744,0.29158693
27.28874990,0.03800817,1.84202589,0.29872707
27.29124990,0.03690210,1.89723718,0.27598899
27.29374990,0.03741217,1.87137052,0.28269732
27.29624990,0.04349882,2.32336194,0.37930055
27.29874990,0.04613691,2.19051290,0.43019694
27.30124990,0.04499089,2.24631008,0.40846136
27.30374990,0.04430017,2.28133435,0.39383098
27.30624990,0.04679248,2.15982354,0.44406588
27.30874990,0.05093300,1.98424389,0.52534360
27.31124990,0.05098951,1.98204494,0.52666539
27.31374990,0.04906213,2.05990852,0.48644674
27.31624990,0.04877514,2.07202893,0.47589923
27.31874990,0.05784617,2.40992807,0.68707475
27.32124990,0.06244867,2.23231498,0.80463756
27.32374990,0.06280952,2.21949010,0.81543946
27.32624990,0.06391666,2.18104504,0.84977050
27.32874990,0.06526405,2.13601692,0.86849353
27.33124990,0.06888589,2.02371074,0.95307095
27.33374990,0.06966628,2.00104127,0.97278485
27.33624990,0.07150141,1.94968328,1.02404387
27.33874990,0.07103276,1.96254663,1.01245363
27.34124990,0.07150897,1.94947718,1.02686490
27.34374990,0.07126283,1.95621064,1.01699933
27.34624990,0.06773443,2.05811291,0.92068090
27.34874990,0.06615739,2.10717371,0.88346683
27.35124990,0.06980663,1.99701807,1.00764332
27.35374990,0.07013546,1.98765507,1.02608683
27.35624990,0.06857520,2.03287924,0.96807293
27.35874990,0.06551481,2.12784111,0.87173907
27.36124990,0.07038350,1.98065031,0.99475914
27.36374990,0.07096303,1.96447524,1.01285427
27.36624990,0.07076563,1.96995506,1.00570809
27.36874990,0.06357719,1.96183913,0.81713596
27.37124990,0.06619297,2.02970516,0.92136671
27.37374990,0.06585447,2.04013807,0.95503858
27.37624990,0.06448563,2.08344404,0.95012680
27.37874990,0.06318935,2.12618448,0.90127579
27.38124990,0.06746528,2.14599675,0.94426955
27.38374990,0.06882923,2.10347073,0.94871446
27.38624990,0.06560576,2.20682233,0.87580873
27.38874990,0.06624471,2.18553700,0.89402439
27.39124990,0.06954519,2.08181550,0.96991176
27.39374990,0.07008613,2.06574785,0.98304409
27.39624990,0.07003316,2.06731012,0.98173758
27.39874990,0.06980625,2.07403014,0.97707231
27.40124990,0.07331448,1.97478391,1.12485131
27.40374990,0.07489476,1.93311596,1.19331356
27.40624990,0.07503875,1.92940669,1.21683398
27.40874990,0.07673815,1.88667903,1.29184638
27.41124990,0.07263768,1.99318394,1.10812655
27.41374990,0.07237769,2.00034371,1.09671581
27.41624990,0.07254367,1.99576696,1.10375459
27.41874990,0.07306001,1.98166224,1.13184237
27.42124990,0.07047122,2.05445946,1.15670774
27.42374990,0.06886966,2.10223581,1.14983747
27.42624990,0.06894749,2.09986278,1.14599963
27.42874990,0.07181970,2.01588525,1.18900523
27.43124990,0.07208924,2.04517558,1.09611459
27.43374990,0.06929134,2.12775741,0.98128401
27.43624990,0.06943846,2.12324935,0.98762529
27.43874990,0.07058016,2.08890369,1.02760524
27.44124990,0.06832463,2.15786255,0.97433754
27.44374990,0.06978131,2.11281738,1.00398282
27.44624990,0.07015836,2.10146255,1.00566111
27.44874990,0.08098316,2.23396101,1.31766163
27.45124990,0.08235555,2.19673367,1.41671870
27.45374990,0.08490003,2.13089690,1.55992767
27.45624990,0.08954375,2.02038900,1.82063126
27.45874990,0.08898856,2.03299400,1.88135027
27.46124990,0.09177615,1.97124439,2.03153456
27.46374990,0.09462481,1.91190050,2.26897312
27.46624990,0.10434566,1.89970352,2.90775586
27.46874990,0.11429335,1.85854902,3.67040524
27.47124990,0.11640598,1.82481863,4.16082195
27.47374990,0.11947352,1.77796552,4.51114804
27.47624990,0.11982090,1.77281088,4.57957537
27.47874990,0.11805754,1.79929041,4.36245045
27.48124990,0.11468980,1.85212467,4.07831424
27.48374990,0.11526135,1.84294051,4.18297077
27.48624990,0.11507470,1.84592967,4.15398394
27.48874990,0.11764463,1.80560564,4.17704435
27.49124990,0.12301900,1.72672357,4.25777079
27.49374990,0.13993374,2.19750483,4.67495878
27.49624990,0.16005245,2.18248273,5.44508051
27.49874990,0.30119201,3.83577102,19.11069893
27.50124990,0.41377562,3.08979870,36.19653551
27.50374990,0.48541364,2.63380195,52.96397209
27.50624990,0.59554960,2.60014957,75.77519151
27.50874990,0.75019972,2.72060376,130.90969597
27.51124990,0.87625360,2.32923001,176.93785291
27.51374990,1.06152265,2.52639214,280.36109452
27.51624990,1.22125502,2.21719437,348.54108091
27.51874990,1.23060502,2.20034837,346.35226019
27.52124990,1.23053555,2.20047258,346.73981307
27.52374990,1.28536720,2.10660405,356.43759224
27.52624990,1.29580803,2.08963031,363.85203187
27.52874990,1.30580438,2.07363353,376.98867686
27.53124990,1.31244728,2.06313791,378.98845130
27.53374990,1.33006969,2.03580292,378.60947643
27.53624990,1.85277436,3.11339792,730.82212983
27.53874990,2.02883977,2.84321311,845.10047922
27.54124990,2.39947316,2.40403766,1262.14819665
27.54374990,2.46958389,2.33578777,1333.13710974
27.54624990,2.54122963,2.26993412,1478.15449825
27.54874990,2.53191232,2.27828736,1478.73874697
27.55124990,2.61783216,2.20351171,1518.07962299
27.55374990,2.80091828,2.05947595,1702.79645346
27.55624990,3.20914846,2.23551535,2067.85889059
27.55874990,3.45368691,2.07722958,2407.85609186
27.56124990,3.52834037,2.03327907,2513.03931327
27.56374990,3.48780574,2.05690946,2441.98211886
27.56624990,3.47695763,2.06332702,2422.35941162
27.56874990,3.51966626,2.03829002,2486.00851989
27.57124990,3.53457871,2.02969044,2516.29033792
27.57374990,3.52635079,2.03442625,2501.68435975
27.57624990,3.52315418,2.03627211,2500.59178291
27.57874990,3.54840499,2.02178180,2540.49305438
27.58124990,3.54660242,2.02280937,2535.68179839
27.58374990,3.54145869,2.02574737,2536.81755430
27.58624990,3.30064809,2.17354302,2194.19093714
27.58874990,3.19863630,2.24286225,2093.29263388
27.59124990,2.93477151,2.44451760,1808.45860228
27.59374990,2.88009058,2.49092881,1773.70350452
27.59624990,2.81882647,2.54506643,1735.69320721
27.59874990,2.82119491,2.54292980,1735.19315150
27.60124990,2.72864775,2.62917799,1583.18941222
27.60374990,2.52929804,2.83639986,1314.18773638
27.60624990,1.95609138,3.09921478,783.42603319
27.60874990,1.41060733,2.70304277,412.52272540
27.61124990,1.12384399,2.26505957,302.00785821
27.61374990,1.08992622,2.33554670,281.43120599
27.61624990,0.94705400,2.68788642,197.82896622
27.61874990,0.75716023,2.67152796,131.93134343
27.62124990,0.68356799,2.95914194,101.07416199
27.62374990,0.62184275,3.25287175,83.79264944
27.62624990,0.61823297,3.27186484,84.36113674
27.62874990,0.42166007,1.92160404,48.51699499
27.63124990,0.41582213,1.94858242,45.78463537
27.63374990,0.40332174,2.00897600,45.94999972
27.63624990,0.38290425,2.11610002,40.15683217
27.63874990,0.35563905,2.27833162,32.43431777
27.64124990,0.32097592,2.52437529,25.29328383
27.64374990,0.27629404,2.93261367,17.31671172
27.64624990,0.24964185,3.24570460,13.49371563
27.64874990,0.17384212,2.64470971,6.12858265
27.65124990,0.14250215,2.98710245,4.14544114
27.65374990,0.10790369,2.00095803,2.63404203
27.65624990,0.09650876,2.04519544,2.34440632
27.65874990,0.09200810,2.14523806,2.43626653
27.66124990,0.09128784,2.16216396,2.45706543
27.66374990,0.09114416,2.16557240,2.44414539
27.66624990,0.09143078,2.15878373,2.47617812
27.66874990,0.08947236,2.20603630,2.31936493
27.67124990,0.09027542,2.18641229,2.39358270
27.67374990,0.09029163,2.18601965,2.39916951
27.67624990,0.09050941,2.18075972,2.42197591
27.67874990,0.08959072,2.20312191,2.45987811
27.68124990,0.08951829,2.20490443,2.42305599
27.68374990,0.08964262,2.20184644,2.39107919
27.68624990,0.09108107,2.16707248,2.33295865
27.68874990,0.08502850,2.32133084,1.90211419
27.69124990,0.08104460,2.43544030,1.60661477
27.69374990,0.07223342,2.73252011,1.18409815
27.69624990,0.05850716,2.06011880,0.74606131
27.69874990,0.05193162,2.20367757,0.55654497
27.70124990,0.04529400,1.96488244,0.43618696
27.70374990,0.04080695,1.86977105,0.34540988
27.70624990,0.04084412,1.86806937,0.34525481
27.70874990,0.03843751,1.98503116,0.30823102
27.71124990,0.03840730,1.98659265,0.30590927
27.71374990,0.04040746,1.88825657,0.36545210
27.71624990,0.03965949,1.92386869,0.36424212
27.71874990,0.04175355,1.82738129,0.43531348
27.72124990,0.03987348,1.91354375,0.42794172
27.72374990,0.03985963,1.91420878,0.43716049
27.72624990,0.03972005,1.92093583,0.43616263
27.72874990,0.03996546,1.90913975,0.42739811
27.73124990,0.04210293,1.81221725,0.43873845
27.73374990,0.04185528,1.82293988,0.42035183
27.73624990,0.03845023,1.91587261,0.34879029
27.73874990,0.03738911,1.97024591,0.32070555
27.74124990,0.03398232,2.10976110,0.27045598
27.74374990,0.03281377,2.18489276,0.24608371
27.74624990,0.03039272,2.35893877,0.21919331
27.74874990,0.03047868,2.35228597,0.21736079
27.75124990,0.03056550,2.34560410,0.22319351
27.75374990,0.03083726,2.32493311,0.22359676
27.75624990,0.03090363,2.31993996,0.22509273
27.75874990,0.02956359,2.42509709,0.19922529
27.76124990,0.02959048,2.42289350,0.20020610
27.76374990,0.02508211,2.48196827,0.14008591
27.76624990,0.02491962,2.49815192,0.14114947
27.76874990,0.02079485,2.88440142,0.09927231
27.77124990,0.02097545,2.85956620,0.10846668
27.77374990,0.02110860,2.84152947,0.10944622
27.77624990,0.02263522,2.64988311,0.12743407
27.77874990,0.02218499,2.70366090,0.12351541
27.78124990,0.01870660,2.72630912,0.08585536
27.78374990,0.01919356,2.65713992,0.09109449
27.78624990,0.01876385,2.71799101,0.08460286
27.78874990,0.01887307,2.70226160,0.08564826
27.79124990,0.01842582,2.76785402,0.08430020
27.79374990,0.01846187,2.76244856,0.08462019
27.79624990,0.02099678,2.42894301,0.09625003
27.79874990,0.02106997,2.42050459,0.09663825
27.80124990,0.02072310,2.46101977,0.09165045
27.80374990,0.02163691,2.35708242,0.09846104
27.80624990,0.02149184,2.37299275,0.09646780
27.80874990,0.02172675,2.34733550,0.09770905
27.81124990,0.02181817,2.33749947,0.09682707
27.81374990,0.02204338,2.31361828,0.09891474
27.81624990,0.02235677,2.28118668,0.10065557
27.81874990,0.02242977,2.27376270,0.10138879
27.82124990,0.02208272,2.30949646,0.09780748
27.82374990,0.02217772,2.29960352,0.10043122
27.82624990,0.01975108,2.26818197,0.08048803
27.82874990,0.02023359,2.21409256,0.08294478
27.83124990,0.01991450,2.24956862,0.08062626
27.83374990,0.01961258,2.28419910,0.07770872
27.83624990,0.01988934,2.25241427,0.07945469
27.83874990,0.02273824,2.29356791,0.10430639
27.84124990,0.02338632,2.23000894,0.11089751
27.84374990,0.02538181,2.05468823,0.13249221
27.84624990,0.02332980,2.23541102,0.11197555
27.84874990,0.02316820,2.25100371,0.11262799
27.85124990,0.02583458,2.01867808,0.14292221
27.85374990,0.02566621,2.03192024,0.14154415
27.85624990,0.02749566,1.89672464,0.16745480
27.85874990,0.02727367,1.91216282,0.16762489
27.86124990,0.02727405,1.91213636,0.17271033
27.86374990,0.02812845,1.85405536,0.18540531
27.86624990,0.03012257,1.73131670,0.20112220
27.86874990,0.03049848,1.70997685,0.20835185
27.87124990,0.03073110,1.69703345,0.20825819
27.87374990,0.03058243,1.70528283,0.20477843
27.87624990,0.03260494,1.71369540,0.23616008
27.87874990,0.03355495,1.66517709,0.24456377
27.88124990,0.03571445,1.65376401,0.28368752
27.88374990,0.03611489,1.63542719,0.28715203
27.88624990,0.03599339,1.64094765,0.27907950
27.88874990,0.03632641,1.62590449,0.28458399
27.89124990,0.03928131,1.85265539,0.32068358
27.89374990,0.03824544,1.90283410,0.30176472
27.89624990,0.03900939,1.86556946,0.30932764
27.89874990,0.03960866,1.83734379,0.31580065
27.90124990,0.03918939,1.85700094,0.30871111
27.90374990,0.03932576,1.85056139,0.31071658
27.90624990,0.03828805,1.90071652,0.29366570
27.90874990,0.03828791,1.90072369,0.29364927
27.91124990,0.03919540,1.85671625,0.30959151
27.91374990,0.04050155,1.79683824,0.33177792
27.91624990,0.03888942,1.87132473,0.30426227
27.91874990,0.03875106,1.87800624,0.30173537
27.92124990,0.04000837,1.81898789,0.32579603
27.92374990,0.04321361,1.70268558,0.37976175
27.92624990,0.04320609,1.70298181,0.37961666
27.92874990,0.04315430,1.70502567,0.37862271
27.93124990,0.04115708,1.78776495,0.34072825
27.93374990,0.04280935,1.71876432,0.36842652
27.93624990,0.04687757,1.83100331,0.44816435
27.93874990,0.04584468,1.87225653,0.42764511
27.94124990,0.04487977,1.91250960,0.40813165
27.94374990,0.04576827,1.87538198,0.42683183
27.94624990,0.04611359,1.86133838,0.42845811
27.94874990,0.04639553,1.85002716,0.43456633
27.95124990,0.04752904,1.80590618,0.45656162
27.95374990,0.04683317,1.83273917,0.43988330
27.95624990,0.04950073,1.73397415,0.49489902
27.95874990,0.05063953,1.69498001,0.51795896
27.96124990,0.05111422,1.67923897,0.52917471
27.96374990,0.04973549,1.72578962,0.50070914
27.96624990,0.05440756,1.81699785,0.59287662
27.96874990,0.05598565,1.76578157,0.63563789
27.97124990,0.05591290,1.76807887,0.63391460
27.97374990,0.05419134,1.82424759,0.59117100
27.97624990,0.05458630,1.81104832,0.60757448
27.97874990,0.05540030,1.78443852,0.62405752
27.98124990,0.05583602,1.77051339,0.63830158
27.98374990,0.05591191,1.76811024,0.64011608
27.98624990,0.05387497,1.83496012,0.58296939
27.98874990,0.05464202,1.80920149,0.60004532
27.99124990,0.05416152,1.82525202,0.60714034
27.99374990,0.05341711,1.85068821,0.58960216
27.99624990,0.05362825,1.84340215,0.59549633
27.99874990,0.05395382,1.83227841,0.60515937
28.00124990,0.05525520,1.78912430,0.61406980
28.00374990,0.05637582,1.75356079,0.64633556
28.00624990,0.05685790,1.73869286,0.65740468
28.00874990,0.05599154,1.76559570,0.62860899
28.01124990,0.05693491,1.73634119,0.66044746
28.01374990,0.05706749,1.73230735,0.66244635
28.01624990,0.05463261,1.52374693,0.60229726
28.01874990,0.05290729,1.57343681,0.56569664
28.02124990,0.05366582,1.55119752,0.57819599
28.02374990,0.05297534,1.57141552,0.56934255
28.02624990,0.05303932,1.56952024,0.57077747
28.02874990,0.05143889,1.61835285,0.53118324
28.03124990,0.05273157,1.57868011,0.55999327
28.03374990,0.05098878,1.63263932,0.52536994
28.03624990,0.05019914,1.65832093,0.50767071
28.03874990,0.05001924,1.66428518,0.50542945
28.04124990,0.05195232,1.60235931,0.55155532
28.04374990,0.05195146,1.60238569,0.55154117
28.04624990,0.05122768,1.62502541,0.55607291
28.04874990,0.05642593,2.04971768,0.67516461
28.05124990,0.05586920,2.07014273,0.63500096
28.05374990,0.05525853,2.09302032,0.64604771
28.05624990,0.05227050,2.21266752,0.58932951
28.05874990,0.05734662,2.01680970,0.66927226
28.06124990,0.06008912,1.92476154,0.73347539
28.06374990,0.06029613,1.91815352,0.73455864
28.06624990,0.05993287,1.92977966,0.76279852
28.06874990,0.06503299,1.77843924,0.89902800
28.07124990,0.06404552,1.80585984,0.84249199
28.07374990,0.06417800,1.80213203,0.85352511
28.07624990,0.06294697,1.83737561,0.80930774
28.07874990,0.06564727,1.76179791,0.86434385
28.08124990,0.06422716,1.80075256,0.83222672
28.08374990,0.06441882,1.79539510,0.83525649
28.08624990,0.06485017,1.78345294,0.84469500
28.08874990,0.06471133,1.78727949,0.85290215
28.09124990,0.06220575,1.85926907,0.78676796
28.09374990,0.06220828,1.85919334,0.78685476
28.09624990,0.06354893,1.81997133,0.81968119
28.09874990,0.05895563,1.92879505,0.69793577
28.10124990,0.05673723,2.00421002,0.64993321
28.10374990,0.05631488,2.01924115,0.64793110
28.10624990,0.06000160,1.89517176,0.73081005
28.10874990,0.05564204,2.04365838,0.62149965
28.11124990,0.05149712,2.20814911,0.53865760
28.11374990,0.05169964,2.19949957,0.54242655
28.11624990,0.05586248,2.03559391,0.62629552
28.11874990,0.04976346,2.23907055,0.50294899
28.12124990,0.04917190,2.26600767,0.49051355
28.12374990,0.05550661,2.11271168,0.61638102
28.12624990,0.05730248,2.04649885,0.65798088
28.12874990,0.05608552,2.09090453,0.65586858
28.13124990,0.05698169,2.05802014,0.67551134
28.13374990,0.06072691,1.93109554,0.74567874
28.13624990,0.06060749,1.93490065,0.75608553
28.13874990,0.06131141,1.91268584,0.76613562
28.14124990,0.06423358,1.82567234,0.82733886
28.14374990,0.06438611,1.82134717,0.83102271
28.14624990,0.06275598,1.86865807,0.78865902
28.14874990,0.06435230,1.82230428,0.83137962
28.15124990,0.06878824,1.70478939,0.96037782
28.15374990,0.06885233,1.70320266,0.96266789
28.15624990,0.06559235,1.78785275,0.90382953
28.15874990,0.07290748,2.01741312,1.10663398
28.16124990,0.07567991,1.94350776,1.15133370
28.16374990,0.07574193,1.94191642,1.17098502
28.16624990,0.07191949,2.04512723,1.05602949
28.16874990,0.07357462,1.99911999,1.08996298
28.17124990,0.07419521,1.98239898,1.10795161
28.17374990,0.06942976,2.11846487,0.96630577
28.17624990,0.06914128,2.12730384,0.95855085
28.17874990,0.06856031,2.14533006,0.94395079
28.18124990,0.06935011,2.12089798,0.97298234
28.18374990,0.06709629,2.19214059,0.90848233
28.18624990,0.06755724,2.17718331,0.91893228
28.18874990,0.06687107,2.19952364,0.90017713
28.19124990,0.06451048,2.28000932,0.83431616
28.19374990,0.06481238,2.26938885,0.84220893
28.19624990,0.06568895,2.23910575,0.86309229
28.19874990,0.06364501,2.31101391,0.82399230
28.20124990,0.05974292,2.46195700,0.73122107
28.20374990,0.05957997,2.46869036,0.73172019
28.20624990,0.05996981,2.45264239,0.73833285
28.20874990,0.05186266,1.96847813,0.54098488
28.21124990,0.04659491,1.49657742,0.44086432
28.21374990,0.04547503,1.53343251,0.41802384
28.21624990,0.05060976,2.07179084,0.53126244
28.21874990,0.05538349,2.21008856,0.63502147
28.22124990,0.05459364,2.24206374,0.60590707
28.22374990,0.05563878,2.19994790,0.62641799
28.22624990,0.06422781,2.45274335,0.82513240
28.22874990,0.06599893,2.38692246,0.87282295
28.23124990,0.06481650,2.43046643,0.84238238
28.23374990,0.06966475,2.26132057,0.97212497
28.23624990,0.07112293,2.21495835,1.01532562
28.23874990,0.07120792,2.21231482,1.01790876
28.24124990,0.07267148,2.16775996,1.06054407
28.24374990,0.07489398,2.10343103,1.12524295
28.24624990,0.07479776,2.10613690,1.12201978
28.24874990,0.07659074,2.05683258,1.18511082
28.25124990,0.08304265,1.89702926,1.39043155
28.25374990,0.08304433,1.89699084,1.38938817
28.25624990,0.08298125,1.89843286,1.38520147
28.25874990,0.08821873,1.78572427,1.55662185
28.26124990,0.09095387,1.73202440,1.66507282
28.26374990,0.09098198,1.73148936,1.66615842
28.26624990,0.09018908,1.74671174,1.64067241
28.26874990,0.08735210,1.80344062,1.54352549
28.27124990,0.08751680,1.80004661,1.54216193
28.27374990,0.08938497,1.76242520,1.61595578
28.27624990,0.08377780,1.82309699,1.41510215
28.27874990,0.08446511,1.80826190,1.44109274
28.28124990,0.08916465,1.71295522,1.63301701
28.28374990,0.08867901,1.72233586,1.61745073
28.28624990,0.08810689,1.73351997,1.59310103
28.28874990,0.08747373,1.74606763,1.58938407
28.29124990,0.08632571,1.76928806,1.56197816
28.29374990,0.08394629,1.81943784,1.45967740
28.29624990,0.08849949,1.72582961,1.71689947
28.29874990,0.09170530,1.66549852,1.82293923
28.30124990,0.08715337,1.67984327,1.61385575
28.30374990,0.08807120,1.66233703,1.65533251
28.30624990,0.09390247,1.57759590,1.80908826
28.30874990,0.09209812,1.60850363,1.73688201
28.31124990,0.09025924,1.64127413,1.68726574
28.31374990,0.09179275,1.61385457,1.73521654
28.31624990,0.09062989,1.63456182,1.68111166
28.31874990,0.08932942,1.65835804,1.63769283
28.32124990,0.09198737,1.61044024,1.70040339
28.32374990,0.09262243,1.59939825,1.72534628
28.32624990,0.09229163,1.60513104,1.71440158
28.32874990,0.09052042,1.63653848,1.65158057
28.33124990,0.08764859,1.69016010,1.54419968
28.33374990,0.08342239,1.77578408,1.39354019
28.33624990,0.08710595,1.70068927,1.54986943
28.33874990,0.08988712,1.64806868,1.66114020
28.34124990,0.09661626,1.68609545,1.97220778
28.34374990,0.09744011,1.67183956,1.99176106
28.34624990,0.09513026,1.71243344,1.92807051
28.34874990,0.09045495,1.80094319,1.77439730
28.35124990,0.09030203,1.80399296,1.90844815
28.35374990,0.09157234,1.77896763,1.96488107
28.35624990,0.09368496,1.84179747,2.06847760
28.35874990,0.09081376,1.90002836,1.93135420
28.36124990,0.09263694,1.86263416,1.85751769
28.36374990,0.09243755,1.86665182,1.85007407
28.36624990,0.09138426,1.88816665,1.85985873
28.36874990,0.09173148,1.88101967,1.87330897
28.37124990,0.08896544,1.93950277,1.70739044
28.37374990,0.09877979,2.22196826,2.19993962
28.37624990,0.10838960,2.02496880,2.48041682
28.37874990,0.11158380,1.96700195,2.68009585
28.38124990,0.10999328,1.99544516,2.62527283
28.38374990,0.11000726,1.99519148,2.60648347
28.38624990,0.10592882,2.07200975,2.40875611
28.38874990,0.11010831,1.99336045,2.87754006
28.39124990,0.11810943,2.12610481,3.41993846
28.39374990,0.12147053,2.06727545,3.69509161
28.39624990,0.12051104,2.08373471,3.62484252
28.39874990,0.12069839,2.08050027,3.65654340
28.40124990,0.14786584,2.64026641,4.96905385
28.40374990,0.16002629,2.43963166,6.43714063
28.40624990,0.15530664,2.51377022,6.19894829
28.40874990,0.16133943,2.41977551,6.92478902
28.41124990,0.17641449,2.21299970,8.11924270
28.41374990,0.27578729,3.44693317,20.14466540
28.41624990,0.44463821,3.50796311,45.37623195
28.41874990,0.46286904,3.36979646,51.30395207
28.42124990,0.48904861,3.18940574,58.23540967
28.42374990,0.85948657,3.68645806,151.30401244
28.42624990,0.95223722,3.32738642,181.83461072
28.42874990,1.07763569,2.94019698,241.73137615
28.43124990,1.24582297,2.54326761,326.93134883
28.43374990,1.24630116,2.54229178,326.16538906
28.43624990,1.37739824,2.30032326,415.56542077
28.43874990,1.38985498,2.27970633,429.38707120
28.44124990,1.39772596,2.26686868,424.60149235
28.44374990,1.53751647,2.06076570,539.31679296
28.44624990,1.75711345,2.16518140,665.70682527
28.44874990,2.00529432,2.15511550,931.88829357
28.45124990,2.00417879,2.15631504,931.95844851
28.45374990,2.02298877,2.13626538,984.55215217
28.45624990,2.16966573,1.99184640,1127.34348074
28.45874990,2.32136220,1.86168314,1186.12102564
28.46124990,2.46349853,1.75426972,1364.33218250
28.46374990,2.59670143,1.66428101,1454.06823564
28.46624990,2.92841226,2.13495057,2005.78597861
28.46874990,2.97057506,2.10464818,2036.03169435
28.47124990,2.96651316,2.10752998,2049.76173910
28.47374990,2.89830613,2.15712734,1956.14286371
28.47624990,3.03841181,2.05765900,1955.91624676
28.47874990,3.06914174,2.03705659,1998.32564244
28.48124990,3.12967653,1.99765546,1984.01033412
28.48374990,3.16051935,1.97816078,2043.36427642
28.48624990,3.12078621,2.00334627,1983.01062016
28.48874990,3.11835449,2.00490850,1964.64588092
28.49124990,3.13572754,1.99380058,1988.62327264
28.49374990,3.09318061,2.02122546,1916.31270518
28.49624990,2.97449503,2.10187455,1802.30204191
28.49874990,2.81339681,2.22223022,1634.57505174
28.50124990,2.82210304,2.21537460,1631.44103157
28.50374990,2.80858571,2.22603689,1625.77320514
28.50624990,2.69927365,2.31618436,1485.74876479
28.50874990,2.56960265,2.43306700,1323.22152115
28.51124990,2.43253986,2.57015950,1196.33678551
28.51374990,2.28025605,2.74180411,1054.53656538
28.51624990,1.80201915,2.48422407,739.70445780
28.51874990,1.72797384,2.59067540,699.80438213
28.52124990,1.72813477,2.59043416,694.54648029
28.52374990,1.69955175,2.63400002,663.95622595
28.52624990,1.37365013,2.84945937,402.42166182
28.52874990,1.20160657,3.25743909,308.63974031
28.53124990,0.82425312,2.39719074,136.38808211
28.53374990,0.69635719,2.45632436,104.56209240
28.53624990,0.62578638,2.73332752,87.24339784
28.53874990,0.61072128,2.80075248,81.30577971
28.54124990,0.48918470,3.49659163,53.28259258
28.54374990,0.30555238,3.34437422,19.27530260
28.54624990,0.29994564,3.40688900,18.80734178
28.54874990,0.29762958,3.43340041,18.82146885
28.55124990,0.19087158,2.66018900,8.22504250
28.55374990,0.18071094,2.80976054,8.01367513
28.55624990,0.14077449,1.99957871,6.09984505
28.55874990,0.14024719,2.00709670,6.25443616
28.56124990,0.14027012,2.00676848,6.11284339
28.56374990,0.13469007,2.08990658,5.40605572
28.56624990,0.12702522,2.21601407,4.65043614
28.56874990,0.11054762,2.54632055,3.32276968
28.57124990,0.10434366,2.69771703,2.86010671
28.57374990,0.08389863,2.42646593,1.72422662
28.57624990,0.08161009,2.49450968,1.56011933
28.57874990,0.08201844,2.48209010,1.52630735
28.58124990,0.07400138,2.75099153,1.20185179
28.58374990,0.06933596,2.93609767,0.99106108
28.58624990,0.06277537,3.24294660,0.85738238
28.58874990,0.04393164,1.89772720,0.43048713
28.59124990,0.04351238,1.91601242,0.42805057
28.59374990,0.04031013,1.97385318,0.40614843
28.59624990,0.03902242,2.03898888,0.39584115
28.59874990,0.03878724,2.05135151,0.40681632
28.60124990,0.03863011,2.05969587,0.43967789
28.60374990,0.03862865,2.05977342,0.43897494
28.60624990,0.03897276,2.04158681,0.44884149
28.60874990,0.03921941,2.02874727,0.47702108
28.61124990,0.03822004,2.08179471,0.43158797
28.61374990,0.03839147,2.07249849,0.44167220
28.61624990,0.03747529,2.12316634,0.40154032
28.61874990,0.03774832,2.10780985,0.37253010
28.62124990,0.03724287,2.13641620,0.35790859
28.62374990,0.03646957,2.18171697,0.31719678
28.62624990,0.03555629,2.23775488,0.29259027
28.62874990,0.03433403,2.31741732,0.26775970
28.63124990,0.03076220,2.21276782,0.20160611
28.63374990,0.03124094,2.17885924,0.20929822
28.63624990,0.02898618,1.51070140,0.18990418
28.63874990,0.02820189,1.55271344,0.17132645
28.64124990,0.02814210,1.55601230,0.17040203
28.64374990,0.03201299,2.46740282,0.21597778
28.64624990,0.03111674,2.53847120,0.19961606
28.64874990,0.03129027,2.52439344,0.20626732
28.65124990,0.03050563,2.58932328,0.20104621
28.65374990,0.03214206,2.45749481,0.21573970
28.65624990,0.03101943,2.54643459,0.21317498
28.65874990,0.03098871,2.54895886,0.21285082
28.66124990,0.03087115,2.55866544,0.20797109
28.66374990,0.03067955,2.57464505,0.20802966
28.66624990,0.03044739,2.59427604,0.20187953
28.66874990,0.02964487,2.66450627,0.18816603
28.67124990,0.02983196,2.64779582,0.19768734
28.67374990,0.02899268,2.72444415,0.18883776
28.67624990,0.02899255,2.72445630,0.18890678
28.67874990,0.02951331,2.67638359,0.19387806
28.68124990,0.02956590,2.67162334,0.17815364
28.68374990,0.02913406,2.71122349,0.17995308
28.68624990,0.02961163,2.66749782,0.18357641
28.68874990,0.02936070,2.69029497,0.17873248
28.69124990,0.03005497,2.62814961,0.19503429
28.69374990,0.02438011,2.04206205,0.12849344
28.69624990,0.02482662,2.00533566,0.13703583
28.69874990,0.02482879,2.00516009,0.13705563
28.70124990,0.02486734,2.00205145,0.13912954
28.70374990,0.02337145,2.13019331,0.12735835
28.70624990,0.02350796,2.11782320,0.12756856
28.70874990,0.02267648,2.19547777,0.12369131
28.71124990,0.02465853,2.01900546,0.13389112
28.71374990,0.02493994,1.99622401,0.13334015
28.71624990,0.02593862,1.91936604,0.14002074
28.71874990,0.02675928,1.86050233,0.14701612
28.72124990,0.02652076,1.87723495,0.14540313
28.72374990,0.02720618,1.82994050,0.15160525
28.72624990,0.02730358,1.82341256,0.15388210
28.72874990,0.02679793,1.85781858,0.14818040
28.73124990,0.02529251,1.96839687,0.12837136
28.73374990,0.02404899,2.07017850,0.11803790
28.73624990,0.02201075,1.96848019,0.10328668
28.73874990,0.02225297,1.94705348,0.10459028
28.74124990,0.02084914,2.07815355,0.09618481
28.74374990,0.02120256,2.04351320,0.09785333
28.74624990,0.02202853,1.96689117,0.10286725
28.74874990,0.02160284,2.00564943,0.09991922
28.75124990,0.02192033,1.97659986,0.10107761
28.75374990,0.02205752,1.96430587,0.10802507
28.75624990,0.02188034,1.98021251,0.10368620
28.75874990,0.02224276,1.94794701,0.10432498
28.76124990,0.02023708,1.69700929,0.08601307
28.76374990,0.02058075,1.66867192,0.08521516
28.76624990,0.01962319,1.75009827,0.07758046
28.76874990,0.01816372,1.87181844,0.06654727
28.77124990,0.01829947,1.85793281,0.06850464
28.77374990,0.01709268,1.98910714,0.06256919
28.77624990,0.01765159,1.92612547,0.06737539
28.77874990,0.01752515,1.94002218,0.06689147
28.78124990,0.01841182,1.84659558,0.07872266
28.78374990,0.01844495,1.84327828,0.07752389
28.78624990,0.02043301,2.26760240,0.08969209
28.78874990,0.02165922,2.13922570,0.10221756
28.79124990,0.02362175,1.96149569,0.11588826
28.79374990,0.02493548,1.85815337,0.13190622
28.79624990,0.02516206,1.84142157,0.13423445
28.79874990,0.02550273,1.81682313,0.13474727
28.80124990,0.02972227,2.37328957,0.18526771
28.80374990,0.03063867,2.30230506,0.19444258
28.80624990,0.03105635,2.27134114,0.20159696
28.80874990,0.03130848,2.25304925,0.20214845
28.81124990,0.03256396,2.16618492,0.21452409
28.81374990,0.03396330,2.07693441,0.23420701
28.81624990,0.03479361,2.02737075,0.24400039
28.81874990,0.03675691,1.91908267,0.27715234
28.82124990,0.03668890,1.92264043,0.27593158
28.82374990,0.03684654,1.91441456,0.27548050
28.82624990,0.03808900,1.85196673,0.29599561
28.82874990,0.03929058,1.79532980,0.31178351
28.83124990,0.03936037,1.79214650,0.31306823
28.83374990,0.03944152,1.78845938,0.31408766
28.83624990,0.03974871,1.77463771,0.31846931
28.83874990,0.04172106,1.69074214,0.35276451
28.84124990,0.04170383,1.69144093,0.35250718
28.84374990,0.04116440,1.71360591,0.34241566
28.84624990,0.04122178,1.71122064,0.34347860
28.84874990,0.04319052,1.63321852,0.37537729
28.85124990,0.04164734,1.60999325,0.34758279
28.85374990,0.04095860,1.63706635,0.33630799
28.85624990,0.04080677,1.64315704,0.33357294
28.85874990,0.04059967,1.65153888,0.33296722
28.86124990,0.04125076,1.62547166,0.34330100
28.86374990,0.04044109,1.65801516,0.32861513
28.86624990,0.04073195,1.64617557,0.33326654
28.86874990,0.03899910,1.71932029,0.30421775
28.87124990,0.04012869,1.67092251,0.32347273
28.87374990,0.04185081,1.60216595,0.35365095
28.87624990,0.04064352,1.64975731,0.33240496
28.87874990,0.04059090,1.65189596,0.33146479
28.88124990,0.04028560,1.66441448,0.32833361
28.88374990,0.04437130,1.89989583,0.39862187
28.88624990,0.04505271,1.87116044,0.41185341
28.88874990,0.04581496,1.84002865,0.42685336
28.89124990,0.04510377,1.86904203,0.41224348
28.89374990,0.04740944,1.77814460,0.45189679
28.89624990,0.05171488,1.93493423,0.53671803
28.89874990,0.05200246,1.92423403,0.54302446
28.90124990,0.05513948,1.81475942,0.61490530
28.90374990,0.05488464,1.82318568,0.60838350
28.90624990,0.05684416,1.76033735,0.64705259
28.90874990,0.05829245,1.71660142,0.68022167
28.91124990,0.06034030,1.65834263,0.73107032
28.91374990,0.06141855,1.62922931,0.75916347
28.91624990,0.06170949,1.62154791,0.76576650
28.91874990,0.06361243,1.57303988,0.81240462
28.92124990,0.06384939,1.56720196,0.81905997
28.92374990,0.06461801,1.54856045,0.84011307
28.92624990,0.06468204,1.54702763,0.83928363
28.92874990,0.06564136,1.52441840,0.86544561
28.93124990,0.06650992,1.50451090,0.88886327
28.93374990,0.06595949,1.51706587,0.87326401
28.93624990,0.06666279,1.50106064,0.89272761
28.93874990,0.06442001,1.55332012,0.83192892
28.94124990,0.06602598,1.51553821,0.87581158
28.94374990,0.06515574,1.53578009,0.85241489
28.94624990,0.06554217,1.60188194,0.86310816
28.94874990,0.06590582,1.59304303,0.87279916
28.95124990,0.06286345,1.67014090,0.79514776
28.95374990,0.06282891,1.67105883,0.79414699
28.95624990,0.06360563,1.65065284,0.81572345
28.95874990,0.06450025,1.62775814,0.83911556
28.96124990,0.06188451,1.69656047,0.76802705
28.96374990,0.06041006,1.73796897,0.73409573
28.96624990,0.06013317,1.74597164,0.72690852
28.96874990,0.05996425,1.75089012,0.72255562
28.97124990,0.06143012,1.70910955,0.76603268
28.97374990,0.05972207,1.75799011,0.72509903
28.97624990,0.06121060,1.71523893,0.77060980
28.97874990,0.06120785,1.71531612,0.77053697
28.98124990,0.06250989,1.67958712,0.78432924
28.98374990,0.06154622,1.70588563,0.76393955
28.98624990,0.06115172,1.71689059,0.77323638
28.98874990,0.06427127,1.63355734,0.87377353
28.99124990,0.06500611,1.61509132,0.87393047
28.99374990,0.06461982,1.62474617,0.84101127
28.99624990,0.06273154,1.41027514,0.83161964
28.99874990,0.06330297,1.39754475,0.84649180
29.00124990,0.06478025,1.36567452,0.85373337
29.00374990,0.06499317,1.36120056,0.85530901
29.00624990,0.06610002,1.48498579,0.88400743
29.00874990,0.06637291,1.47888039,0.90147145
29.01124990,0.06729598,1.45859516,0.91820158
29.01374990,0.06736766,1.45704328,0.91415962
29.01624990,0.06983682,1.40552774,1.00164200
29.01874990,0.06983413,1.40558197,0.99796008
29.02124990,0.06911386,1.42023030,0.95820629
29.02374990,0.06886697,1.42532184,0.94859911
29.02624990,0.07104566,1.42343987,1.03714506
29.02874990,0.06969536,1.45101800,1.00582257
29.03124990,0.06883330,1.46919045,0.95521796
29.03374990,0.06764289,1.49504592,0.91675375
29.03624990,0.06785273,1.49042226,0.93423712
29.03874990,0.06515317,1.55217651,0.86287740
29.04124990,0.06492291,1.55768160,0.84649537
29.04374990,0.06428766,1.57307372,0.82908080
29.04624990,0.06278805,1.61064441,0.81948106
29.04874990,0.06449628,1.62694760,0.86279639
29.05124990,0.06528901,1.60719336,0.85300876
29.05374990,0.06631400,1.58235165,0.88801445
29.05624990,0.06299422,1.66574097,0.81389129
29.05874990,0.06508069,1.68263755,0.86308581
29.06124990,0.06528608,1.67734406,0.85647543
29.06374990,0.06682351,1.63875290,0.89378959
29.06624990,0.06395916,1.71214287,0.82387059
29.06874990,0.06683745,1.63954548,0.89901411
29.07124990,0.06596642,1.66119426,0.87178252
29.07374990,0.06730185,1.62823214,0.91625849
29.07624990,0.06468363,1.69413850,0.85191172
29.07874990,0.06569580,1.66803715,0.87308908
29.08124990,0.06640430,1.65024002,0.88918257
29.08374990,0.06653390,1.64702559,0.89085446
29.08624990,0.06615967,1.65634199,0.88178775
29.08874990,0.06641077,1.65007926,0.89812083
29.09124990,0.06541959,1.67507992,0.87327653
29.09374990,0.06579019,1.66564401,0.87841577
29.09624990,0.06607345,1.65850329,0.88489407
29.09874990,0.06503053,1.68510141,0.86230359
29.10124990,0.06283441,1.74399724,0.80491853
29.10374990,0.06267782,1.74835436,0.80177748
29.10624990,0.06246478,1.75431704,0.79762782
29.10874990,0.05906109,1.85541849,0.70522497
29.11124990,0.05762116,1.90178478,0.66811683
29.11374990,0.05636119,1.94429961,0.64322634
29.11624990,0.05945609,1.84309179,0.73815878
29.11874990,0.05444939,1.68032888,0.61954087
29.12124990,0.05554462,1.64719600,0.63707867
29.12374990,0.05405731,1.69251634,0.60982545
29.12624990,0.05564027,1.64436451,0.62708132
29.12874990,0.05441054,1.68152878,0.59513701
29.13124990,0.05192047,1.76217372,0.54698641
29.13374990,0.05522406,1.65675757,0.62968532
29.13624990,0.05341589,1.71284013,0.58610566
29.13874990,0.05554749,1.64711108,0.62424092
29.14124990,0.05473165,1.67166303,0.60571293
29.14374990,0.05665883,1.61480345,0.64268114
29.14624990,0.05693604,1.60694131,0.64894419
29.14874990,0.05357949,1.70761012,0.58158606
29.15124990,0.05535589,1.65281216,0.62145489
29.15374990,0.05610551,1.63072892,0.64072516
29.15624990,0.06015175,1.65616067,0.73546624
29.15874990,0.06067216,1.64195496,0.75004491
29.16124990,0.06092154,1.63523378,0.76560600
29.16374990,0.06255454,1.59254567,0.79942916
29.16624990,0.06029633,1.65218954,0.75358161
29.16874990,0.06268925,1.58912339,0.80727683
29.17124990,0.06390740,1.55883299,0.84453390
29.17374990,0.06403354,1.55576214,0.84802404
29.17624990,0.06198073,1.60728931,0.78410224
29.17874990,0.06414117,1.55315171,0.83892234
29.18124990,0.06852446,1.58276557,0.94072753
29.18374990,0.07251337,1.88500644,1.05884611
29.18624990,0.07343049,1.86146348,1.08732590
29.18874990,0.07416686,1.84298181,1.10713494
29.19124990,0.07436068,1.83817814,1.11229958
29.19374990,0.07433565,1.83879704,1.11162471
29.19624990,0.07472600,1.82919163,1.12409134
29.19874990,0.07475792,1.82841055,1.12526483
29.20124990,0.07522239,1.81712080,1.14020054
29.20374990,0.07704487,1.77413727,1.19218314
29.20624990,0.07635743,1.79010974,1.17257199
29.20874990,0.07609110,1.79637540,1.16493081
29.21124990,0.07589114,1.80110855,1.17201387
29.21374990,0.07675430,1.78085366,1.19998693
29.21624990,0.08161951,1.67469988,1.38294849
29.21874990,0.08234115,1.66002269,1.40838994
29.22124990,0.08169403,1.67317208,1.39324440
29.22374990,0.08177967,1.67141997,1.39541903
29.22624990,0.08338797,1.63918336,1.43053782
29.22874990,0.08208527,1.66519737,1.38379673
29.23124990,0.07842702,1.74287102,1.23812915
29.23374990,0.07370322,1.83206754,1.09499666
29.23624990,0.07935829,1.79911323,1.27426036
29.23874990,0.07958877,1.79390326,1.28191852
29.24124990,0.08227596,1.73531315,1.38524633
29.24374990,0.08118188,1.75869982,1.35248562
29.24624990,0.07986470,1.78770536,1.32703552
29.24874990,0.08278966,1.72454562,1.43730895
29.25124990,0.08168824,1.74779815,1.47948321
29.25374990,0.08381371,1.70347489,1.54216147
29.25624990,0.08553216,1.66925002,1.62121536
29.25874990,0.08570907,1.66580447,1.62628657
29.26124990,0.08562149,1.66750837,1.62811611
29.26374990,0.08346850,1.71052026,1.54609314
29.26624990,0.07786389,1.83364262,1.47565301
29.26874990,0.08331002,1.95069986,1.69321052
29.27124990,0.08581127,1.89384024,1.82588449
29.27374990,0.08713719,1.86502273,1.89115482
29.27624990,0.08632201,1.88263499,1.72083837
29.27874990,0.08942013,1.81740774,1.79885175
29.28124990,0.09431156,1.72314867,1.88939250
29.28374990,0.09421287,1.72495372,1.94859885
29.28624990,0.08900599,1.82586398,1.70968828
29.28874990,0.08654518,1.87778036,1.58057740
29.29124990,0.08974144,1.81090082,1.67028236
29.29374990,0.09734458,1.78354914,1.91138336
29.29624990,0.10859188,1.99694712,2.44198073
29.29874990,0.10622509,2.04144088,2.36411100
29.30124990,0.10553814,2.05472867,2.37797160
29.30374990,0.10220346,2.12176993,2.20612369
29.30624990,0.11026073,1.98438003,2.89065182
29.30874990,0.12186832,1.98737143,3.53013051
29.31124990,0.13771326,2.08812942,4.78547135
29.31374990,0.13859048,2.07491240,4.86493037
29.31624990,0.13880104,2.07176475,4.92269450
29.31874990,0.13486425,2.13224112,4.92967007
29.32124990,0.13870162,2.07324988,5.81645291
29.32374990,0.14617368,1.96727007,6.68090848
29.32624990,0.14579787,1.97234090,6.60758372
29.32874990,0.14736861,1.95131863,6.30492962
29.33124990,0.15105225,1.90373265,5.80094260
29.33374990,0.15099762,1.90442142,5.96772327
29.33624990,0.15078330,1.90712839,6.01596748
29.33874990,0.16707949,1.92850996,7.67387354
29.34124990,0.17693027,1.82113812,8.66080076
29.34374990,0.20802798,2.49582379,11.92847354
29.34624990,0.20643503,2.51508268,11.07540757
29.34874990,0.21600390,2.40366580,11.10708563
29.35124990,0.24754734,2.18529128,13.56335804
29.35374990,0.32653600,2.92175824,21.36097073
29.35624990,0.63673489,3.85463508,87.49777527
29.35874990,0.64247077,3.82022149,89.27813770
29.36124990,1.10647551,3.65027997,292.18520080
29.36374990,1.28185074,3.15087026,388.18757783
29.36624990,1.29452287,3.12002628,407.01979976
29.36874990,1.33872908,3.01699982,444.17236035
29.37124990,1.68971250,2.73091167,608.16398393
29.37374990,1.68952780,2.73121022,608.35392885
29.37624990,1.80755796,2.55286729,680.39460893
29.37874990,1.83378026,2.51636235,713.88386129
29.38124990,1.92172120,2.40120970,785.19502863
29.38374990,2.01436261,2.29077703,831.21954792
29.38624990,2.45199583,2.54992415,1290.49893015
29.38874990,2.65306894,2.35666827,1481.76351379
29.39124990,2.70436375,2.31196835,1576.43862939
29.39374990,2.74801139,2.27524653,1628.54759006
29.39624990,2.83990402,2.20162490,1675.91966627
29.39874990,2.85291128,2.19158704,1687.47082303
29.40124990,3.14150474,1.99025750,1980.38425583
29.40374990,3.37720301,1.85135550,2298.22581291
29.40624990,3.38453282,1.84734606,2307.29694933
29.40874990,3.38486351,1.84716558,2302.04665125
29.41124990,3.26494070,1.91501285,2183.30717728
29.41374990,3.20076581,1.95340858,2094.46596741
29.41624990,3.28230083,1.90488432,2273.31046472
29.41874990,3.28982362,1.90052845,2282.88798146
29.42124990,3.12700336,1.99948726,1987.41544919
29.42374990,3.16265113,1.97695007,2035.86520021
29.42624990,3.09713875,2.01876761,1928.53725802
29.42874990,3.08582253,2.02617076,1910.82637298
29.43124990,3.04024077,2.05654876,1849.58409642
29.43374990,2.98097232,2.09743758,1782.67049337
29.43624990,2.64156040,2.23614552,1439.07301541
29.43874990,2.45475141,2.40631838,1273.33304468
29.44124990,2.40661216,2.45445176,1278.93232934
29.44374990,2.36096668,2.50190463,1252.75954426
29.44624990,2.25127754,2.62380508,1095.21662177
29.44874990,2.23622434,2.64146729,1061.31368787
29.45124990,1.80726737,3.11236327,679.55173522
29.45374990,1.29823184,2.58086035,337.71430044
29.45624990,1.15549817,2.89966283,277.63757953
29.45874990,1.15147426,2.90979591,275.34538332
29.46124990,1.14358696,2.92986473,268.02767937
29.46374990,1.14229104,2.93318863,267.71476779
29.46624990,0.86228111,2.46560070,149.62327702
29.46874990,0.75995546,2.79758619,117.90498673
29.47124990,0.74706988,2.84583940,113.39569929
29.47374990,0.57788083,2.18402321,80.09760418
29.47624990,0.57629998,2.19001419,79.82023928
29.47874990,0.55302866,2.28216952,70.25062096
29.48124990,0.50282378,2.51003469,60.05847655
29.48374990,0.49490529,2.55019527,56.07197152
29.48624990,0.44625526,2.82821348,46.43664404
29.48874990,0.34691227,2.74335716,25.47059363
29.49124990,0.27577749,2.98327197,17.52053207
29.49374990,0.20715377,2.21783331,9.56939042
29.49624990,0.18389933,2.49828269,7.04490357
29.49874990,0.15259134,2.94502698,4.94495877
29.50124990,0.11535589,2.20190722,2.72813875
29.50374990,0.11109370,2.28638507,2.58819957
29.50624990,0.10939234,2.32194484,2.50819846
29.50874990,0.09392448,2.03983208,1.76709542
29.51124990,0.09355918,2.04779666,1.75516034
29.51374990,0.08724159,2.19608757,1.52963079
29.51624990,0.08789009,2.17988353,1.54991543
29.51874990,0.08909805,2.15032952,1.59061918
29.52124990,0.08763221,2.18629845,1.56773287
29.52374990,0.07682905,1.83348974,1.28705541
29.52624990,0.07047173,1.99889049,1.16934532
29.52874990,0.06819298,2.06568572,1.14889438
29.53124990,0.06827353,2.06324881,1.14773265
29.53374990,0.06790753,2.07436898,1.10864208
29.53624990,0.06423612,2.19292944,0.95984988
29.53874990,0.05724327,2.46081796,0.72738445
29.54124990,0.04783574,2.47845318,0.48963614
29.54374990,0.04028226,1.94636654,0.33404948
29.54624990,0.03816039,2.05459211,0.29737281
29.54874990,0.03856453,2.03306072,0.30559791
29.55124990,0.03747242,2.09231310,0.29658348
29.55374990,0.03492039,2.24522207,0.27358815
29.55624990,0.03271571,2.39652541,0.25339447
29.55874990,0.03179585,2.46585783,0.24766619
29.56124990,0.03310896,2.36806080,0.25165391
29.56374990,0.03210085,2.44242847,0.21959877
29.56624990,0.03212350,2.44070633,0.21677910
29.56874990,0.02829217,2.19361508,0.16173742
29.57124990,0.02470951,2.03064555,0.13336493
29.57374990,0.02355571,2.13010988,0.12578078
29.57624990,0.02372385,2.11501366,0.12583514
29.57874990,0.02453880,2.04477216,0.13012433
29.58124990,0.02406795,2.08477465,0.12044967
29.58374990,0.02442328,2.05444423,0.12361138
29.58624990,0.02472351,2.02949568,0.12883981
29.58874990,0.02480581,2.02276230,0.12953470
29.59124990,0.02509800,1.99921315,0.13425951
29.59374990,0.02566535,1.95501954,0.14336649
29.59624990,0.02555154,1.96372730,0.14391103
29.59874990,0.02455278,2.04360834,0.13872452
29.60124990,0.02479058,2.02400539,0.14028750
29.60374990,0.02552499,1.96576967,0.14321719
29.60624990,0.02826440,1.96776356,0.16430125
29.60874990,0.02841780,1.95714106,0.16254823
29.61124990,0.02668518,2.08421494,0.14370046
29.61374990,0.02600996,2.13832137,0.13643770
29.61624990,0.02508270,2.21737089,0.12775256
29.61874990,0.02445616,2.27417775,0.12180588
29.62124990,0.02567474,2.16624018,0.13240474
29.62374990,0.02582579,2.15357014,0.13374452
29.62624990,0.02563372,2.16970654,0.13156648
29.62874990,0.02519694,2.20731741,0.12699440
29.63124990,0.02638055,2.10828203,0.14006786
29.63374990,0.02701317,2.05890866,0.14705735
29.63624990,0.02709774,2.05248272,0.15151781
29.63874990,0.02727912,2.03883558,0.15500901
29.64124990,0.02880694,1.93070330,0.16932768
29.64374990,0.02866696,1.94013076,0.16791599
29.64624990,0.02973283,1.87058062,0.17877749
29.64874990,0.03644679,2.58656039,0.26809912
29.65124990,0.03579485,2.63367028,0.25918600
29.65374990,0.03570739,2.64012100,0.26578246
29.65624990,0.03386564,2.78370134,0.24269292
29.65874990,0.03637401,2.59173610,0.27146983
29.66124990,0.03730174,2.52727716,0.28298145
29.66374990,0.03805195,2.47745046,0.29121251
29.66624990,0.03816919,2.46984090,0.29476773
29.66874990,0.03757973,2.50858170,0.28510826
29.67124990,0.03672693,2.56683135,0.27790754
29.67374990,0.03661790,2.57447388,0.27683529
29.67624990,0.03741757,2.51945356,0.28343206
29.67874990,0.03709963,2.54104468,0.27817255
29.68124990,0.03624172,2.60119661,0.26283508
29.68374990,0.03607323,2.61334604,0.26482620
29.68624990,0.03651080,2.58202581,0.27161552
29.68874990,0.03686574,2.55716604,0.28491082
29.69124990,0.03556723,2.65052508,0.27250643
29.69374990,0.03478509,2.71012175,0.25390576
29.69624990,0.03389482,2.78130468,0.24764257
29.69874990,0.02686609,2.39228458,0.15912462
29.70124990,0.02687811,2.39121475,0.15947940
29.70374990,0.02631460,2.44242141,0.15565540
29.70624990,0.02581873,2.48933039,0.14641799
29.70874990,0.02201486,1.89959538,0.10657545
29.71124990,0.02053680,2.03631099,0.08634483
29.71374990,0.01926830,2.17036930,0.08032050
29.71624990,0.01942560,2.22645953,0.08229182
29.71874990,0.01951245,2.21655011,0.08165715
29.72124990,0.02009480,2.15231421,0.08918070
29.72374990,0.02282830,2.14657320,0.10959453
29.72624990,0.02286172,2.14343597,0.10996301
29.72874990,0.02617510,2.18199059,0.14421084
29.73124990,0.02721229,2.09882509,0.16004653
29.73374990,0.02646792,2.15785121,0.15730591
29.73624990,0.02643386,2.16063145,0.15705915
29.73874990,0.02590471,2.20476648,0.15380660
29.74124990,0.02677952,2.13274285,0.15950702
29.74374990,0.02707668,2.10933680,0.15814335
29.74624990,0.02706137,2.11053028,0.15765447
29.74874990,0.02699845,2.11544897,0.15324244
29.75124990,0.02697312,2.11743498,0.15495968
29.75374990,0.02941124,1.94190510,0.18137658
29.75624990,0.02948252,1.93721016,0.18113282
29.75874990,0.03133584,1.82263630,0.20537322
29.76124990,0.03226429,1.77018729,0.21084934
29.76374990,0.03238259,1.76372052,0.21075622
29.76624990,0.03387799,1.83207599,0.23575522
29.76874990,0.03831579,2.10079523,0.30277638
29.77124990,0.03807321,2.11418030,0.30495685
29.77374990,0.03740311,2.15205697,0.29365524
29.77624990,0.03779248,2.12988503,0.29792027
29.77874990,0.03623763,2.22127167,0.27477837
29.78124990,0.03776491,2.13143993,0.29301539
29.78374990,0.03806779,2.11448119,0.30172964
29.78624990,0.03942112,2.04189086,0.31690951
29.78874990,0.04040617,1.99211232,0.32699054
29.79124990,0.04002629,2.01101889,0.32515208
29.79374990,0.04295381,1.87395777,0.37870985
29.79624990,0.04349822,1.85050384,0.38478566
29.79874990,0.04387191,1.83474175,0.40042691
29.80124990,0.04402850,1.82821655,0.40224630
29.80374990,0.04294641,1.87428080,0.38943618
29.80624990,0.04426151,1.81859211,0.41703583
29.80874990,0.04378692,1.83830306,0.41124120
29.81124990,0.04430556,1.81678380,0.44018525
29.81374990,0.04433882,1.81542106,0.43141673
29.81624990,0.04217407,1.90860459,0.41285768
29.81874990,0.03848092,1.88066645,0.34313278
29.82124990,0.04010346,1.80457691,0.35304514
29.82374990,0.03991126,1.81326703,0.34946962
29.82624990,0.03915257,1.84840431,0.31957495
29.82874990,0.03863356,1.87323582,0.31812940
29.83124990,0.03653383,1.98089721,0.27986576
29.83374990,0.03662080,1.97619327,0.28064610
29.83624990,0.03514684,2.05906933,0.25728684
29.83874990,0.03465870,2.08806921,0.24169297
29.84124990,0.03449733,2.09783706,0.23911983
29.84374990,0.03046703,1.68937147,0.18913330
29.84624990,0.03052364,1.68623822,0.18976510
29.84874990,0.03083563,1.66917714,0.19302594
29.85124990,0.03105351,1.65746559,0.19542240
29.85374990,0.03078045,1.67216957,0.18991392
29.85624990,0.02890287,1.78079610,0.16884555
29.85874990,0.02724262,1.88932367,0.15204999
29.86124990,0.02567471,2.00470164,0.13773268
29.86374990,0.02625472,1.96041387,0.14283660
29.86624990,0.02899292,1.93037347,0.16909750
29.86874990,0.02989369,1.87220655,0.17972615
29.87124990,0.02781696,2.01197937,0.16069953
29.87374990,0.02782035,2.01173472,0.16073358
29.87624990,0.02861541,1.95583958,0.16791415
29.87874990,0.03108027,1.80072963,0.19649642
29.88124990,0.03412918,1.90448719,0.23370420
29.88374990,0.03407961,1.90725712,0.23688212
29.88624990,0.03352772,1.93865183,0.23047700
29.88874990,0.03372739,1.92717517,0.23270135
29.89124990,0.03454267,1.88168971,0.24258186
29.89374990,0.03781708,1.82046235,0.28654192
29.89624990,0.03827441,1.79870987,0.29591635
29.89874990,0.03798318,1.81250146,0.29715270
29.90124990,0.03827758,1.79856116,0.30085112
29.90374990,0.03985355,1.72743881,0.32168229
29.90624990,0.04230328,1.62740485,0.35995626
29.90874990,0.04601640,1.76611245,0.42544274
29.91124990,0.04586805,1.77182433,0.42584944
29.91374990,0.04537526,1.79106681,0.42138768
29.91624990,0.04611733,1.76224702,0.43384184
29.91874990,0.04712462,1.72457906,0.44993675
29.92124990,0.04891055,1.66160732,0.48217818
29.92374990,0.04942625,1.64427066,0.48890486
29.92624990,0.04878498,1.66588434,0.47681886
29.92874990,0.04761153,1.70694230,0.45586087
29.93124990,0.04743899,1.71315042,0.45270389
29.93374990,0.05046421,1.61045075,0.51009131
29.93624990,0.05081516,1.59932825,0.51698125
29.93874990,0.05012617,1.62131133,0.50581945
29.94124990,0.05080365,1.59969060,0.51910731
29.94374990,0.05108467,1.59089083,0.52441647
29.94624990,0.05452838,1.73882051,0.59945697
29.94874990,0.05462872,1.73562681,0.60131187
29.95124990,0.05422881,1.74842609,0.59490941
29.95374990,0.05293083,1.79130125,0.56500622
29.95624990,0.05345117,1.77386324,0.57504470
29.95874990,0.05173712,1.83263153,0.53934969
29.96124990,0.05151119,1.84066953,0.53827060
29.96374990,0.05150771,1.84079364,0.53822443
29.96624990,0.05003997,1.89478676,0.50443441
29.96874990,0.05052341,1.87665602,0.51453973
29.97124990,0.04920191,1.92706074,0.48577765
29.97374990,0.04856253,1.95243283,0.47462302
29.97624990,0.04911043,1.93065019,0.48458468
29.97874990,0.05170920,1.83362076,0.54395477
29.98124990,0.05158971,1.83786777,0.54152071
29.98374990,0.04839100,1.95935325,0.46843540
29.98624990,0.04846211,1.95647830,0.47503904
29.98874990,0.04991079,1.89969087,0.50666864
29.99124990,0.05022419,1.88783684,0.51380317
29.99374990,0.04813232,1.96988369,0.46983361
29.99624990,0.04536285,1.71792674,0.41794786
29.99874990,0.04579357,1.70176848,0.42892066
30.00124990,0.05014226,1.83753577,0.53125646
30.00374990,0.05322705,1.73104085,0.60715560
30.00624990,0.05126006,1.79746570,0.54368954
30.00874990,0.05108524,1.80361692,0.52489858
30.01124990,0.05437572,1.69447315,0.59254574
30.01374990,0.06205573,2.15679830,0.78561155
30.01624990,0.06283286,2.13012274,0.80658238
30.01874990,0.06210929,2.15493843,0.77393792
30.02124990,0.06192378,2.16139425,0.76697407
30.02374990,0.06725543,1.99005050,0.91261405
30.02624990,0.07054985,1.89712243,1.00870391
30.02874990,0.06874146,1.94703020,0.95087494
30.03124990,0.06740107,1.98575043,0.90920597
30.03374990,0.06898630,1.94011986,0.95773772
30.03624990,0.07127290,1.87787639,1.02335041
30.03874990,0.07026633,1.90477695,0.98942055
30.04124990,0.06973024,1.91942117,0.97650939
30.04374990,0.07021859,1.90607217,0.99446855
30.04624990,0.07267746,1.84158455,1.07172194
30.04874990,0.07222893,1.85302056,1.05412823
30.05124990,0.06986104,1.91582736,0.97704583
30.05374990,0.06835681,1.95798615,0.95242026
30.05624990,0.07420358,1.80370937,1.13505976
30.05874990,0.07382049,1.81306965,1.12060230
30.06124990,0.07146385,1.87285858,1.03658518
30.06374990,0.06503038,2.05403890,0.84833798
30.06624990,0.06821345,1.95819046,0.94913691
30.06874990,0.06836200,1.95393541,0.95347573
30.07124990,0.06873042,1.94346166,0.95081279
30.07374990,0.06321727,2.11295001,0.81208372
30.07624990,0.06263241,2.13268050,0.80947365
30.07874990,0.06291747,2.12301798,0.81848290
30.08124990,0.06403955,2.08581933,0.83612733
30.08374990,0.06356151,2.10150657,0.81436297
30.08624990,0.06351095,2.10317965,0.81651846
30.08874990,0.06980942,1.91342258,1.00592630
30.09124990,0.07207792,1.85320186,1.06254965
30.09374990,0.07142177,1.87022714,1.02683681
30.09624990,0.07376025,1.81093390,1.16914638
30.09874990,0.07679532,1.73936290,1.25541296
30.10124990,0.07666580,1.74230149,1.21419935
30.10374990,0.07631915,1.75021504,1.21060245
30.10624990,0.07784912,1.92935950,1.22671011
30.10874990,0.07950849,1.88909309,1.31378605
30.11124990,0.07949814,1.88933923,1.31059383
30.11374990,0.07991946,1.87937890,1.30310247
30.11624990,0.08138131,1.84561969,1.37425295
30.11874990,0.08228047,1.82545073,1.38289145
30.12124990,0.08344714,1.79992916,1.39593024
30.12374990,0.08349444,1.79890950,1.39867935
30.12624990,0.08672695,1.73186013,1.53803534
30.12874990,0.08645016,1.73740507,1.53843981
30.13124990,0.08581501,1.75026438,1.49433969
30.13374990,0.08486124,1.76993586,1.45301023
30.13624990,0.08355744,1.79755325,1.40045842
30.13874990,0.07965616,1.88559121,1.27080424
30.14124990,0.07912523,1.89824333,1.27020070
30.14374990,0.07917287,1.89710132,1.27303767
30.14624990,0.07454440,2.01489249,1.21824287
30.14874990,0.07422356,2.02360195,1.20911471
30.15124990,0.07697618,1.95123922,1.22283418
30.15374990,0.08133161,1.84674756,1.37218842
30.15624990,0.08025430,1.75885788,1.31141998
30.15874990,0.07862243,1.79536432,1.27130234
30.16124990,0.07860505,1.79576140,1.26987399
30.16374990,0.07845020,1.79930581,1.24668352
30.16624990,0.07348036,1.92100189,1.09216015
30.16874990,0.07530520,1.87445089,1.15221411
30.17124990,0.07491630,1.88418151,1.13940425
30.17374990,0.07702013,1.83271440,1.23438969
30.17624990,0.07067240,1.95442265,1.10071153
30.17874990,0.07098373,1.94585069,1.10435853
30.18124990,0.07091172,1.94782665,1.08182657
30.18374990,0.07151685,1.93134540,1.08484171
30.18624990,0.07220687,1.91288906,1.11109562
30.18874990,0.07285867,1.89577622,1.19391204
30.19124990,0.07274018,1.89886434,1.28387851
30.19374990,0.07306710,1.89036837,1.34068326
30.19624990,0.07703637,1.79296792,1.41558885
30.19874990,0.07769624,1.77774031,1.32964669
30.20124990,0.07668780,1.80111744,1.22111335
30.20374990,0.07277362,1.89799185,1.08633211
30.20624990,0.06608868,1.87255007,0.88494507
30.20874990,0.06569097,1.88388700,0.87837255
30.21124990,0.18135347,4.16848510,7.15453472
30.21374990,0.22020896,3.43296313,10.77509582
30.21624990,0.31151405,3.16572625,22.80039149
30.21874990,0.34073497,2.89423839,27.62858033
30.22124990,0.35475282,2.77987425,31.57721532
30.22374990,0.50851667,3.20812646,64.36392075
30.22624990,0.62229118,2.62157948,100.01789478
30.22874990,0.62653589,2.60381856,103.27196632
30.23124990,1.05329192,3.59497089,289.79217248
30.23374990,1.06529699,3.55445835,291.08361342
30.23624990,1.10981275,3.41188528,334.87533319
30.23874990,1.46008253,2.90648891,552.96226595
30.24124990,1.46605559,2.89464718,547.33773915
30.24374990,1.87778762,2.79455641,919.01915385
30.24624990,1.88724572,2.78055123,910.37675690
30.24874990,1.95097730,2.68972039,1019.64140897
30.25124990,1.95101781,2.68966454,1019.94004447
30.25374990,2.01011740,2.61058554,1008.67207602
30.25624990,2.13777120,2.45469834,1175.11490446
30.25874990,2.26742004,2.31434111,1220.36753111
30.26124990,2.26992147,2.31179074,1225.64986334
30.26374990,2.26650979,2.31527058,1214.23399664
30.26624990,2.26730318,2.31446040,1174.75028989
30.26874990,2.27633644,2.30527585,1190.87404224
30.27124990,2.28055506,2.30101150,1174.38176131
30.27374990,2.25372511,2.32840438,1131.61212482
30.27624990,2.22501980,2.35844347,1084.14466868
30.27874990,2.22391289,2.35961735,1077.05006830
30.28124990,2.05681491,2.55131534,901.93705264
30.28374990,2.05123975,2.55824967,904.38288053
30.28624990,2.02745186,2.58826536,879.64757212
30.28874990,1.79217578,2.92805175,653.27584009
30.29124990,1.78726620,2.93609503,651.39653505
30.29374990,1.34817540,2.50694449,371.42890501
30.29624990,1.33463717,2.53237433,367.79923449
30.29874990,1.23978590,2.72611658,332.21527377
30.30124990,1.23958978,2.72654789,331.62474222
30.30374990,1.14118687,2.96165421,271.14018026
30.30624990,0.87915667,3.84436703,159.30738115
30.30874990,0.44987220,2.44864127,42.37274952
30.31124990,0.40404262,2.72638476,36.16828017
30.31374990,0.40386452,2.72758710,35.93079433
30.31624990,0.33303590,3.30767841,23.61348772
30.31874990,0.22582083,3.38338585,10.41265485
30.32124990,0.14956206,3.19491714,4.53768228
30.32374990,0.10670783,2.14398801,2.38718760
30.32624990,0.10622195,2.15379507,2.33677756
30.32874990,0.10410111,2.19767413,2.21390841
30.33124990,0.09615972,2.37916980,1.88059121
30.33374990,0.08248934,2.29262537,1.36228374
30.33624990,0.08219349,2.30087740,1.35509177
30.33874990,0.07120677,1.95475875,1.07149903
30.34124990,0.07024046,1.98165061,1.04161159
30.34374990,0.07072713,1.96801505,1.06138101
30.34624990,0.07095353,1.96173533,1.06850373
30.34874990,0.06429341,1.95474753,0.83342907
30.35124990,0.06463272,1.94448553,0.84045338
30.35374990,0.06693319,1.87765421,0.89645764
30.35624990,0.06820142,1.84273870,0.93043622
30.35874990,0.06355253,1.97753579,0.81573794
30.36124990,0.05735688,2.14323963,0.68727678
30.36374990,0.05847488,2.10226242,0.73649936
30.36624990,0.05913966,2.07863110,0.75907958
30.36874990,0.05366490,1.97476499,0.61564569
30.37124990,0.04956300,1.88025404,0.51581947
30.37374990,0.04648073,1.67390062,0.44687524
30.37624990,0.04660413,1.66946841,0.43836201
30.37874990,0.05023612,1.70236314,0.51887469
30.38124990,0.05521025,1.86951498,0.62306599
30.38374990,0.05364360,1.92411378,0.57882437
30.38624990,0.05410454,1.90772140,0.58706099
30.38874990,0.05593370,1.84533477,0.62577699
30.39124990,0.06277659,2.13123475,0.79637166
30.39374990,0.06334164,2.11222243,0.81058442
30.39624990,0.06296672,2.12479942,0.79337933
30.39874990,0.06247620,2.14148157,0.78190739
30.40124990,0.07006881,2.06872169,0.99181745
30.40374990,0.07209411,2.01060648,1.04855779
30.40624990,0.06998992,2.07105359,0.98018471
30.40874990,0.07012509,2.06706148,0.98411533
30.41124990,0.07115295,2.03720110,1.01281380
30.41374990,0.07179490,2.01898578,1.03102442
30.41624990,0.07151054,2.02701418,1.02797242
30.41874990,0.07070683,2.05005493,1.00594150
30.42124990,0.07091558,2.04402016,1.04001529
30.42374990,0.07199339,2.01341936,1.07276927
30.42624990,0.07248036,1.99989174,1.06285910
30.42874990,0.06993250,2.07275419,0.98913295
30.43124990,0.06701481,2.16299749,0.90317161
30.43374990,0.06938604,2.08907851,0.97878114
30.43624990,0.07006905,2.06871485,0.99529109
30.43874990,0.06843170,2.11821233,0.93741756
30.44124990,0.06293593,2.30318148,0.84108856
30.44374990,0.06171175,2.34886979,0.82524013
30.44624990,0.06190647,2.34148193,0.80582521
30.44874990,0.06395927,2.26633112,0.84418045
30.45124990,0.05802733,1.87295527,0.67954983
30.45374990,0.05613671,1.54220295,0.66001049
30.45624990,0.05648482,1.53269858,0.66508770
30.45874990,0.05663960,1.52851018,0.66656596
30.46124990,0.05780769,1.49762439,0.70063700
30.46374990,0.06000296,1.70359728,0.72992010
30.46624990,0.06037728,1.69303569,0.72977791
30.46874990,0.06022937,1.69719340,0.72683890
30.47124990,0.06322676,1.64018387,0.82295788
30.47374990,0.06397533,1.62099220,0.85780374
30.47624990,0.06381717,1.62500965,0.83411582
30.47874990,0.06419175,1.61552726,0.83499210
30.48124990,0.06561686,1.58044008,0.87580354
30.48374990,0.06568875,1.57871030,0.87464669
30.48624990,0.06583705,1.57515429,0.87312079
30.48874990,0.06527589,1.58869544,0.85377384
30.49124990,0.06730939,1.54069899,0.94077240
30.49374990,0.06665786,1.55575827,0.92408981
30.49624990,0.06747257,1.53697286,0.91995190
30.49874990,0.06653035,1.55873995,0.90119353
30.50124990,0.06595944,1.57223154,0.88180230
30.50374990,0.06305812,1.64457022,0.82875023
30.50624990,0.06346671,1.63398279,0.83535159
30.50874990,0.06577685,1.57659587,0.86891372
30.51124990,0.06512039,1.59248911,0.87646105
30.51374990,0.06140493,1.68884667,0.77904457
30.51624990,0.06058540,1.71169148,0.74314744
30.51874990,0.06230560,1.66443333,0.78968678
30.52124990,0.05885883,1.59858839,0.70064228
30.52374990,0.05589909,1.68323025,0.64352661
30.52624990,0.05599903,1.68022624,0.64380686
30.52874990,0.05700849,1.65047412,0.65258681
30.53124990,0.05458822,1.72365106,0.60464986
30.53374990,0.05153235,1.82586356,0.53967143
30.53624990,0.05539165,1.94276206,0.62085127
30.53874990,0.05596618,1.92281858,0.63279554
30.54124990,0.05237584,2.05462696,0.56839588
30.54374990,0.05280144,2.03806573,0.57718727
30.54624990,0.05431623,1.98122756,0.59007079
30.54874990,0.05320410,2.02264123,0.56754776
30.55124990,0.05114052,2.10425725,0.52650617
30.55374990,0.05330444,2.01883396,0.57136392
30.55624990,0.05260237,2.04577867,0.55473889
30.55874990,0.04987773,2.15753206,0.50417271
30.56124990,0.04969331,2.16553894,0.50059772
30.56374990,0.05297476,2.03139778,0.56330785
30.56624990,0.05287114,2.03537886,0.56082292
30.56874990,0.05096214,2.11162240,0.52713143
30.57124990,0.05439795,1.97825125,0.60280599
30.57374990,0.05402445,1.99192785,0.59177137
30.57624990,0.05325958,2.02053423,0.57826634
30.57874990,0.05371957,2.00323286,0.58926983
30.58124990,0.05539025,1.94281128,0.61985979
30.58374990,0.05623552,1.91360905,0.63501546
30.58624990,0.05331161,1.84186502,0.57363643
30.58874990,0.05699760,1.72275292,0.65302314
30.59124990,0.05653699,1.73678833,0.64027079
30.59374990,0.05707046,1.72055343,0.65218672
30.59624990,0.05787300,1.69669407,0.67133834
30.59874990,0.06019166,1.63133542,0.73536615
30.60124990,0.06190519,1.58618007,0.77575047
30.60374990,0.06406150,1.55798058,0.82486933
30.60624990,0.07108224,1.95553527,1.03026364
30.60874990,0.07075388,1.96461080,1.01695652
30.61124990,0.07017346,1.98086033,1.00428272
30.61374990,0.07085991,1.96167095,1.02393741
30.61624990,0.07367862,1.88662367,1.08796259
30.61874990,0.07373015,1.88530517,1.08935689
30.62124990,0.07134299,1.94838819,1.01821859
30.62374990,0.07171479,1.93828674,1.02957938
30.62624990,0.07157074,1.94218795,1.02548022
30.62874990,0.07180986,1.93572071,1.03204841
30.63124990,0.07434654,1.86967461,1.10744127
30.63374990,0.07407926,1.87642035,1.09909982
30.63624990,0.07356360,1.88957348,1.08482824
30.63874990,0.07620414,1.82409815,1.16625285
30.64124990,0.07747666,1.79413806,1.20356184
30.64374990,0.07806448,1.78062837,1.22046226
30.64624990,0.07904201,1.75860710,1.25077631
30.64874990,0.07879624,1.76409208,1.24341243
30.65124990,0.07750738,1.79342701,1.20431993
30.65374990,0.07959013,1.74649591,1.27288346
30.65624990,0.07395381,1.78353560,1.11525555
30.65874990,0.07395444,1.78352019,1.11148874
30.66124990,0.07587809,1.73830470,1.18112559
30.66374990,0.08123413,2.00587843,1.34959432
30.66624990,0.07943148,2.05140078,1.26389926
30.66874990,0.08165277,1.99559424,1.33530925
30.67124990,0.08280853,1.96774166,1.37242106
30.67374990,0.08276049,1.96888380,1.37068864
30.67624990,0.08595125,1.89579323,1.48603627
30.67874990,0.08828149,1.84575255,1.56664086
30.68124990,0.08499616,1.91709603,1.44510995
30.68374990,0.09113440,1.78797234,1.67103517
30.68624990,0.09596121,1.69803814,1.85864267
30.68874990,0.09253718,1.76086838,1.72083618
30.69124990,0.09178338,1.77533002,1.68621741
30.69374990,0.09697308,1.68031981,1.88392155
30.69624990,0.09540047,1.70801876,1.82364391
30.69874990,0.09465506,1.72146948,1.79640459
30.70124990,0.09869858,1.65094359,1.96651519
30.70374990,0.09514641,1.71257956,1.82486302
30.70624990,0.09628681,1.69229613,1.85441375
30.70874990,0.09899368,1.64602223,1.96954859
30.71124990,0.10122436,1.60974879,2.06093337
30.71374990,0.09554615,1.61423885,1.84480535
30.71624990,0.09992587,1.54348726,2.01596644
30.71874990,0.09883563,1.56051329,1.96577445
30.72124990,0.09760459,1.58019523,1.92125080
30.72374990,0.10305244,1.49665846,2.13681696
30.72624990,0.10383078,1.48543926,2.17141608
30.72874990,0.10116381,1.52459963,2.06105782
30.73124990,0.10951352,1.72814030,2.41986912
30.73374990,0.10610093,1.78372360,2.26701561
30.73624990,0.10086427,1.87633060,2.03530833
30.73874990,0.10398644,1.81999425,2.19604238
30.74124990,0.10633193,1.77984850,2.30225107
30.74374990,0.10059255,1.88139899,2.03210584
30.74624990,0.10353938,1.82785269,2.15864347
30.74874990,0.10325222,1.83293619,2.14763275
30.75124990,0.10047695,1.88356365,2.02717045
30.75374990,0.10592301,1.78671962,2.31196898
30.75624990,0.10551797,1.79357809,2.29308044
30.75874990,0.10384586,1.82245812,2.16820164
30.76124990,0.11159675,2.01893798,2.57943582
30.76374990,0.11232370,2.00587163,2.60899475
30.76624990,0.10791581,2.08780270,2.35155550
30.76874990,0.11235129,2.00537907,2.61535338
30.77124990,0.11399554,1.97645374,2.67775730
30.77374990,0.11117871,2.02652934,2.47928226
30.77624990,0.11593382,1.94340977,2.84245486
30.77874990,0.11737284,1.91958301,2.91039656
30.78124990,0.11001949,2.04788191,2.44577739
30.78374990,0.11393799,1.97745203,2.66835727
30.78624990,0.11755116,1.91667122,2.81211582
30.78874990,0.11452306,1.96734975,2.62443145
30.79124990,0.11533080,1.95357111,2.72141408
30.79374990,0.11532814,1.95361608,2.72136302
30.79624990,0.11450074,1.96773332,2.62314375
30.79874990,0.12038227,1.87159553,2.95320025
30.80124990,0.12140678,1.85580173,3.00384050
30.80374990,0.11819703,1.90619773,2.79579761
30.80624990,0.12413129,1.81506950,3.12966846
30.80874990,0.12399386,1.81708129,3.12260890
30.81124990,0.11507818,1.64786231,2.65849554
30.81374990,0.11396135,1.66401159,2.62060796
30.81624990,0.11424274,1.65991295,2.63961012
30.81874990,0.11132535,1.70341250,2.51217334
30.82124990,0.11304127,1.67755551,2.58340910
30.82374990,0.11154372,1.70007786,2.49909134
30.82624990,0.11009735,1.66064436,2.49350583
30.82874990,0.10828129,1.68849614,2.43648225
30.83124990,0.10850893,1.68495386,2.40188024
30.83374990,0.11306633,1.89701513,2.63073336
30.83624990,0.11759764,1.82391861,2.84417368
30.83874990,0.11700960,1.83308489,2.78769944
30.84124990,0.11942315,1.79603816,2.88652836
30.84374990,0.12049722,1.78002889,2.92168769
30.84624990,0.11798260,1.81796744,2.79020009
30.84874990,0.11447544,1.87366416,2.74419177
30.85124990,0.11223534,1.91106049,2.64468696
30.85374990,0.11514533,1.86276367,2.66489053
30.85624990,0.11289603,1.89987655,2.63415903
30.85874990,0.11948511,1.79510676,2.95134791
30.86124990,0.11777598,1.82115678,2.83062488
30.86374990,0.11804671,1.81698014,2.82407411
30.86624990,0.12994177,1.89088392,3.38689317
30.86874990,0.12886149,1.90673564,3.33453045
30.87124990,0.12555512,1.95694761,3.15890458
30.87374990,0.12506063,1.96468542,3.12985925
30.87624990,0.11947232,2.05658349,2.88852086
30.87874990,0.12220787,2.01054806,3.04976659
30.88124990,0.12207248,2.01277790,3.04099281
30.88374990,0.11825572,2.07774142,2.87170762
30.88624990,0.11769369,2.08766334,2.85596576
30.88874990,0.11766323,2.08820372,2.85303090
30.89124990,0.11239655,2.18605289,2.57631986
30.89374990,0.11816628,2.07931403,2.80220598
30.89624990,0.11778251,2.08608898,2.77842253
30.89874990,0.11697029,2.10057441,2.76355411
30.90124990,0.11705619,2.09903302,2.76620278
30.90374990,0.11203153,2.19317548,2.51090002
30.90624990,0.10890124,2.25621664,2.42343000
30.90874990,0.10159736,2.41841708,2.16686092
30.91124990,0.10707986,2.29459385,2.35074434
30.91374990,0.10914843,2.25110707,2.39198092
30.91624990,0.09431354,1.98411709,1.80866948
30.91874990,0.09485896,1.97270881,1.83106432
30.92124990,0.10309698,1.81507852,2.13074630
30.92374990,0.10337582,1.81018262,2.14447380
30.92624990,0.10339704,1.80981111,2.15113081
30.92874990,0.10061594,1.85983558,2.03107375
30.93124990,0.09996379,1.87196887,2.01340657
30.93374990,0.09487708,1.97233204,1.88874184
30.93624990,0.08522634,2.11902938,1.53333346
30.93874990,0.09408210,1.91956942,1.78930739
30.94124990,0.09432905,1.91454408,1.79712701
30.94374990,0.08552313,2.11167583,1.47423663
30.94624990,0.08567603,2.10790721,1.48313056
30.94874990,0.08495607,2.12577061,1.46105485
30.95124990,0.08797884,2.05273351,1.55752062
30.95374990,0.08978606,2.01141601,1.61354456
30.95624990,0.08803010,2.05153825,1.55520892
30.95874990,0.08721249,2.07077126,1.52662675
30.96124990,0.08830994,2.04503736,1.61983912
30.96374990,0.08565474,2.10843123,1.52814982
30.96624990,0.09081027,1.98873005,1.66195138
30.96874990,0.08955736,2.01655245,1.62306882
30.97124990,0.08239144,2.17392291,1.39152922
30.97374990,0.08232118,2.17577818,1.38966156
30.97624990,0.08199403,2.18445938,1.37487284
30.97874990,0.08811447,2.03272660,1.66257102
30.98124990,0.08815857,2.03170976,1.67212959
30.98374990,0.08590828,2.08492867,1.65545574
30.98624990,0.08590749,2.08494775,1.65545832
30.98874990,0.07714891,2.12026845,1.24259302
30.99124990,0.08050559,2.03186389,1.37414820
30.99374990,0.08072557,2.02632701,1.38694615
30.99624990,0.08223054,1.98924168,1.41451204
30.99874990,0.08054885,2.03077272,1.38012516
31.00124990,0.08025314,2.03825561,1.33627721
31.00374990,0.08205360,1.99353123,1.40901354
31.00624990,0.08395418,1.94840109,1.49002749
31.00874990,0.08587910,1.90472898,1.52672742
31.01124990,0.07840799,1.96067212,1.32630803
31.01374990,0.09416175,2.55105165,1.84979138
31.01624990,0.08976353,2.67604766,1.62986079
31.01874990,0.08943050,2.68601295,1.62262123
31.02124990,0.09026220,2.66126322,1.66232148
31.02374990,0.09144183,2.62693203,1.71573444
31.02624990,0.10442807,2.30025778,2.35821482
31.02874990,0.10344216,2.32218160,2.50239773
31.03124990,0.10341650,2.32275790,2.52295566
31.03374990,0.10825693,2.21890174,2.88306451
31.03624990,0.11080183,2.16793779,3.07785976
31.03874990,0.12071570,1.98989424,3.76145260
31.04124990,0.12261620,1.95905173,4.19340666
31.04374990,0.12245294,1.96166360,4.22368571
31.04624990,0.12272484,1.95731750,4.25026206
31.04874990,0.12285753,1.95520354,4.27384300
31.05124990,0.12235299,1.96326615,4.22853024
31.05374990,0.11987792,2.00380083,4.33304214
31.05624990,0.12273596,1.95714024,4.38973531
31.05874990,0.12444693,1.93023227,4.13184099
31.06124990,0.12784608,1.87891162,4.07376646
31.06374990,0.12194818,1.87179568,3.35099597
31.06624990,0.12955610,1.76187834,3.53675178
31.06874990,0.15419314,2.42926474,4.83339979
31.07124990,0.17150507,2.18405185,5.91569195
31.07374990,0.18602012,2.01363138,7.14862608
31.07624990,0.19904380,1.96131550,8.75519036
31.07874990,0.21468912,1.81838601,10.79183095
31.08124990,0.24466084,2.14527988,14.68835351
31.08374990,0.37891081,3.43574018,36.31842774
31.08624990,0.38428630,3.38768014,38.40923359
31.08874990,0.43942481,2.96259807,54.73250563
31.09124990,0.43909763,2.96480552,55.73420470
31.09374990,0.55879621,2.76598462,70.82194897
31.09624990,0.63213250,2.44509136,95.96886971
31.09874990,0.64890890,2.38187783,98.08914943
31.10124990,0.79538680,2.58840257,159.73019670
31.10374990,0.80292156,2.56411251,160.99621833
31.10624990,0.80221802,2.56636123,158.80836093
31.10874990,0.96407948,2.48361562,217.43754487
31.11124990,1.04145937,2.29908425,231.52245071
31.11374990,1.21539901,2.30954864,328.08916658
31.11624990,1.22700910,2.28769544,338.13792550
31.11874990,1.22452920,2.29232846,341.80841758
31.12124990,1.22590695,2.28975220,343.18780887
31.12374990,1.23347625,2.27570100,358.29446684
31.12624990,1.47244525,2.45667782,470.35952947
31.12874990,1.71660198,2.30981899,697.74717838
31.13124990,2.02255283,2.37917623,953.43167682
31.13374990,2.01983305,2.38237988,953.05990561
31.13624990,2.02705231,2.37389514,971.88996735
31.13874990,2.18011271,2.20722974,1050.64140460
31.14124990,2.18116250,2.20616741,1049.07958609
31.14374990,2.16953987,2.21798626,1004.17403199
31.14624990,2.15335588,2.23465600,999.63137263
31.14874990,2.53607496,2.37654229,1335.91162664
31.15124990,2.52591049,2.38610570,1329.35191254
31.15374990,3.20150574,2.75206743,2220.38445017
31.15624990,3.24370140,2.71626718,2246.78576844
31.15874990,3.32451998,2.65023514,2535.36375386
31.16124990,3.34678048,2.63260758,2572.22481352
31.16374990,3.34881963,2.63100454,2573.28091370
31.16624990,3.54988946,2.48198142,2954.56540423
31.16874990,3.72458162,2.36557030,3062.66374692
31.17124990,3.72548329,2.36499777,3088.32608826
31.17374990,3.75802955,2.34451580,3220.88108995
31.17624990,3.74862764,2.35039607,3079.44176129
31.17874990,3.77094831,2.33648381,3439.76017975
31.18124990,3.61472190,2.43746543,3179.37585651
31.18374990,3.67435989,2.39790329,3076.35014881
31.18624990,3.85359831,2.28637210,3374.78353381
31.18874990,3.85769029,2.28394687,3146.25192520
31.19124990,3.90756021,2.25479818,3267.57577892
31.19374990,3.90004612,2.25914243,3239.26403129
31.19624990,3.91391297,2.25113837,3244.90542704
31.19874990,3.71822514,2.36961436,2880.79358320
31.20124990,3.70878153,2.37564806,2873.74597484
31.20374990,3.14917304,1.69074835,2047.91651765
31.20624990,3.10576264,1.71438057,2038.49159367
31.20874990,2.97588050,1.78920462,1905.70280780
31.21124990,2.93261364,1.81560198,1825.85214762
31.21374990,2.86681869,1.85727097,1732.64923648
31.21624990,2.61761887,2.00932004,1400.44897266
31.21874990,2.36383019,2.22504732,1142.35774266
31.22124990,2.36039804,2.22828267,1134.42165034
31.22374990,2.30386819,2.28295789,1078.64326193
31.22624990,2.17712445,2.41586283,996.76608267
31.22874990,1.95092529,2.69596897,825.93277797
31.23124990,1.95410008,2.69158888,817.24325156
31.23374990,1.82396119,2.88363264,702.97225818
31.23624990,1.39680640,2.72311689,390.50014710
31.23874990,1.10958479,2.52564631,261.19839930
31.24124990,0.91693764,2.77092201,189.29819064
31.24374990,0.91160507,2.78713095,184.74387821
31.24624990,0.83987418,3.02517063,154.28018355
31.24874990,0.61956827,2.16951744,79.05907460
31.25124990,0.54207492,1.85895781,60.02911708
31.25374990,0.50090591,2.01174389,50.31571474
31.25624990,0.50062947,2.01285476,50.21381892
31.25874990,0.47233718,2.13342171,45.76622492
31.26124990,0.41738586,2.41429936,36.92882580
31.26374990,0.38493469,2.61783214,33.72778554
31.26624990,0.31211173,2.03434492,26.61091702
31.26874990,0.30010995,2.11570095,26.43432662
31.27124990,0.30007162,2.11597126,26.45780117
31.27374990,0.29361840,2.16247657,24.36594470
31.27624990,0.26639693,2.38344678,19.10900206
31.27874990,0.22691382,2.55286676,13.12558650
31.28124990,0.19173841,3.02120344,8.72891264
31.28374990,0.14669921,2.62617659,4.72060271
31.28624990,0.12261537,2.15913964,3.07863367
31.28874990,0.10920099,1.95281638,2.39876169
31.29124990,0.09825129,1.82436917,1.96238114
31.29374990,0.09589230,1.86924932,1.90214497
31.29624990,0.09373130,1.91234545,1.84661029
31.29874990,0.08708713,2.05824471,1.71821252
31.30124990,0.08524132,2.10281372,1.69933163
31.30374990,0.08221561,2.18020181,1.78917271
31.30624990,0.08174670,2.19270771,1.85199210
31.30874990,0.08287538,2.16284525,2.02771680
31.31124990,0.08298767,2.15991875,2.12990455
31.31374990,0.08291181,2.16189488,2.10351559
31.31624990,0.08289520,2.16232807,2.13317707
31.31874990,0.08297496,2.16024953,1.99856936
31.32124990,0.08290528,2.16206510,1.93971434
31.32374990,0.08240939,2.17507526,1.81764767
31.32624990,0.07938299,2.25799784,1.63743193
31.32874990,0.07501470,2.38948657,1.40061703
31.33124990,0.06353406,2.75811237,0.97862744
31.33374990,0.05051553,2.70713017,0.58518512
31.33624990,0.04083399,2.17608627,0.35548864
31.33874990,0.03586099,2.00904400,0.26302726
31.34124990,0.03646249,1.97590229,0.26774828
31.34374990,0.03670455,1.96287152,0.27074678
31.34624990,0.03666590,1.96494052,0.27027431
31.34874990,0.03618048,1.99130341,0.26609278
31.35124990,0.03676949,1.95940454,0.27334060
31.35374990,0.03305264,2.15664185,0.23457533
31.35624990,0.03181449,2.24057424,0.22336095
31.35874990,0.02759105,2.04401889,0.19324962
31.36124990,0.02494455,2.26088004,0.17951290
31.36374990,0.02494888,2.26048779,0.17996501
31.36624990,0.02623289,2.14984452,0.21001828
31.36874990,0.02313798,1.87083613,0.16420875
31.37124990,0.02271903,1.90533545,0.15686286
31.37374990,0.02060046,1.87227981,0.12651365
31.37624990,0.02216671,1.73998919,0.13005371
31.37874990,0.02274859,1.69548214,0.12963694
31.38124990,0.02253127,1.71183595,0.12976809
31.38374990,0.02168372,1.77874566,0.11876645
31.38624990,0.02146309,1.79703053,0.11588598
31.38874990,0.02116006,1.82276598,0.11319359
31.39124990,0.02036290,1.89412313,0.10237086
31.39374990,0.01984105,1.94394059,0.09863628
31.39624990,0.01929735,1.99871124,0.08810315
31.39874990,0.01938768,1.98939898,0.09155296
31.40124990,0.01896833,2.03338025,0.07895736
31.40374990,0.01975943,1.95197043,0.08861590
31.40624990,0.02104559,1.93813012,0.09539404
31.40874990,0.02125585,1.91895785,0.09847856
31.41124990,0.02104190,1.93846998,0.09699407
31.41374990,0.02158976,1.88927950,0.09857682
31.41624990,0.02080590,1.96045790,0.09239519
31.41874990,0.02287865,1.92297033,0.10693564
31.42124990,0.02400157,1.83300332,0.11671822
31.42374990,0.02400572,1.83268696,0.11595622
31.42624990,0.02360752,1.86359964,0.11210672
31.42874990,0.02449295,1.79622952,0.12147653
31.43124990,0.02822114,2.25517927,0.16382392
31.43374990,0.02972294,2.14123247,0.18424735
31.43624990,0.02916574,2.18213985,0.18400545
31.43874990,0.03104579,2.04999531,0.20240603
31.44124990,0.03323057,1.91521599,0.22441302
31.44374990,0.03827460,2.22378754,0.30026605
31.44624990,0.04003700,2.12589799,0.32458035
31.44874990,0.04079195,2.08655332,0.34740236
31.45124990,0.04125687,2.06304037,0.35521621
31.45374990,0.04390297,1.93869764,0.39116413
31.45624990,0.04595825,1.85199791,0.43003514
31.45874990,0.05151239,2.04236375,0.53306773
31.46124990,0.05279313,1.99281683,0.56708493
31.46374990,0.05259486,2.00032941,0.56355692
31.46624990,0.05316081,1.97903381,0.57263635
31.46874990,0.05608481,1.87585600,0.63592840
31.47124990,0.05747768,1.83039793,0.66353601
31.47374990,0.05838731,1.80188178,0.68758567
31.47624990,0.05801386,1.81348098,0.67642864
31.47874990,0.05828576,1.80502117,0.68195423
31.48124990,0.05701437,1.84527220,0.65318542
31.48374990,0.05705391,1.84399337,0.65398934
31.48624990,0.05808606,1.81122707,0.67734982
31.48874990,0.05722031,1.83863085,0.65532339
31.49124990,0.05588283,1.88263609,0.62882061
31.49374990,0.05411134,1.94426971,0.58962873
31.49624990,0.05657271,1.85967808,0.64079508
31.49874990,0.05600100,1.87866353,0.62889749
31.50124990,0.05592673,1.88115822,0.62871690
31.50374990,0.05564445,1.89070126,0.62214181
31.50624990,0.05650586,1.86187833,0.64049738
31.50874990,0.05201962,1.75390285,0.54398310
31.51124990,0.05075472,1.79761315,0.52274670
31.51374990,0.05101938,1.78828817,0.52979422
31.51624990,0.05299063,1.72176384,0.57701746
31.51874990,0.05087562,1.78242207,0.53061197
31.52124990,0.04955215,1.83002812,0.49926375
31.52374990,0.04861164,1.86543432,0.47995844
31.52624990,0.05285383,1.77036394,0.55910576
31.52874990,0.05592934,1.67848354,0.62830036
31.53124990,0.05859864,1.60202493,0.69416964
31.53374990,0.05860851,1.60175519,0.69442512
31.53624990,0.05812718,1.61501879,0.67833175
31.53874990,0.05991285,1.56688397,0.71818765
31.54124990,0.06126955,1.53218814,0.75544527
31.54374990,0.06004850,1.56334423,0.72709971
31.54624990,0.05653517,1.66049692,0.64081838
31.54874990,0.06119403,1.73227220,0.77426502
31.55124990,0.06234701,1.70023713,0.81551628
31.55374990,0.06103106,1.73689763,0.77400373
31.55624990,0.05897708,1.79738811,0.71204488
31.55874990,0.06041516,1.75460454,0.73082681
31.56124990,0.07104795,2.35640244,1.04827756
31.56374990,0.07140037,2.34477174,1.05790707
31.56624990,0.06997286,2.39260722,1.00585839
31.56874990,0.06855428,2.44211686,0.97106877
31.57124990,0.07184572,2.33023692,1.03714589
31.57374990,0.07213693,2.32083015,1.05505935
31.57624990,0.07093653,2.36010349,1.02177885
31.57874990,0.06775993,2.47074561,0.92015342
31.58124990,0.06527620,2.56475652,0.87414443
31.58374990,0.06558963,2.55250036,0.88764236
31.58624990,0.06589759,2.54057167,0.87811765
31.58874990,0.06494287,2.57792054,0.84851613
31.59124990,0.06904569,2.42473596,0.96814453
31.59374990,0.07288646,2.29696381,1.10186153
31.59624990,0.07287649,2.29727809,1.10326027
31.59874990,0.06933617,2.41457764,0.97707146
31.60124990,0.07195199,2.32679552,1.03806404
31.60374990,0.08604535,2.48654690,1.53512068
31.60624990,0.08749279,2.44541054,1.59026601
31.60874990,0.08883251,2.40853044,1.65128095
31.61124990,0.08087538,2.64549988,1.38730640
31.61374990,0.08771723,2.43915356,1.55564987
31.61624990,0.08846721,2.41847561,1.62147827
31.61874990,0.09051262,2.36382273,1.69183524
31.62124990,0.08811818,2.42805523,1.58400767
31.62374990,0.08780114,2.43682256,1.57230371
31.62624990,0.08631832,2.47868339,1.50326821
31.62874990,0.08647804,2.47410539,1.50878082
31.63124990,0.08630245,2.47913921,1.50787702
31.63374990,0.08561546,2.49903212,1.49226224
31.63624990,0.08638360,2.47681039,1.50088705
31.63874990,0.08614254,2.48374140,1.48454880
31.64124990,0.08766482,2.44061196,1.59579275
31.64374990,0.08770860,2.43939357,1.63785995
31.64624990,0.08974658,2.38399951,1.75958883
31.64874990,0.08948900,2.39086147,1.74322003
31.65124990,0.08701305,2.45889307,1.57680977
31.65374990,0.07759456,2.02412429,1.25642796
31.65624990,0.07948005,1.97610645,1.28759003
31.65874990,0.07789470,2.01632506,1.31487931
31.66124990,0.07759452,2.02412554,1.30469641
31.66374990,0.06930094,2.02069582,0.98091527
31.66624990,0.06781826,2.06487345,0.94300125
31.66874990,0.06587743,2.12570721,0.88143684
31.67124990,0.07079397,1.97807973,1.01349699
31.67374990,0.07085789,1.97629528,1.01972945
31.67624990,0.07094259,1.97393592,1.02252526
31.67874990,0.07350550,1.90511070,1.08162835
31.68124990,0.07787495,1.79821784,1.21949501
31.68374990,0.08610233,1.92795235,1.52164077
31.68624990,0.08604240,1.92929501,1.51933919
31.68874990,0.08592149,1.93201004,1.51278799
31.69124990,0.08425910,1.97012762,1.48201014
31.69374990,0.08287821,2.00295329,1.40608492
31.69624990,0.08150538,2.03668987,1.42892628
31.69874990,0.08248396,2.01252687,1.46147808
31.70124990,0.08400550,1.97607527,1.44337950
31.70374990,0.07967348,2.08351877,1.33065695
31.70624990,0.07596045,2.18536335,1.19448257
31.70874990,0.07507486,2.21114192,1.17673887
31.71124990,0.07572150,2.19225957,1.21046786
31.71374990,0.07664619,2.16581138,1.25528506
31.71624990,0.08141737,2.03889143,1.38125851
31.71874990,0.08104430,2.04827695,1.37684895
31.72124990,0.07606461,2.18237078,1.23092393
31.72374990,0.08701773,2.17840951,1.53081199
31.72624990,0.09154189,2.07074870,1.68182282
31.72874990,0.08973565,2.11242958,1.61308602
31.73124990,0.08718885,2.17413394,1.52605295
31.73374990,0.08696979,2.17961019,1.51866198
31.73624990,0.08779360,2.15915797,1.54572773
31.73874990,0.08758150,2.16438684,1.54218521
31.74124990,0.08511507,2.22710564,1.45565627
31.74374990,0.09012940,2.10320097,1.64885772
31.74624990,0.08943827,2.11945344,1.62590504
31.74874990,0.08876979,2.13541399,1.61085022
31.75124990,0.09653661,1.97928549,1.91838641
31.75374990,0.09709177,1.96796824,1.93048849
31.75624990,0.09683924,1.97310009,1.94598705
31.75874990,0.10074550,1.89659602,2.13540797
31.76124990,0.10424142,1.83299038,2.24972280
31.76374990,0.10432174,1.83157905,2.32170820
31.76624990,0.10112130,1.88954769,2.17582137
31.76874990,0.11176838,1.92421315,2.51431977
31.77124990,0.11213271,1.91796111,2.54142991
31.77374990,0.10630154,2.02317093,2.30690794
31.77624990,0.10751172,2.00039747,2.35452660
31.77874990,0.10975182,1.95956822,2.43192645
31.78124990,0.10945273,1.96492289,2.40897991
31.78374990,0.10337036,2.08054003,2.14401732
31.78624990,0.10414214,2.06512161,2.17571515
31.78874990,0.10432150,2.06157109,2.17932254
31.79124990,0.10319710,2.08403316,2.14263447
31.79374990,0.09749087,2.20601354,1.91514117
31.79624990,0.09803078,2.19386373,1.93074872
31.79874990,0.09779614,2.19912749,1.91931035
31.80124990,0.09220102,2.33257930,1.70222396
31.80374990,0.09213688,2.33420312,1.69965701
31.80624990,0.09527524,2.25731458,1.82426421
31.80874990,0.09391975,2.28989304,1.77523472
31.81124990,0.09667939,2.22452967,1.87571163
31.81374990,0.10254052,2.09737757,2.10685501
31.81624990,0.10263693,2.09540731,2.11193656
31.81874990,0.09070868,1.80777150,1.72053816
31.82124990,0.09929847,1.87194953,2.05064818
31.82374990,0.10093654,1.84157016,2.10196308
31.82624990,0.09882863,1.88084901,2.13096148
31.82874990,0.10106055,1.83931047,2.23876561
31.83124990,0.10351988,1.79561372,2.30143877
31.83374990,0.10845060,1.71397592,2.58907810
31.83624990,0.10633660,1.74805028,2.46615036
31.83874990,0.10917353,1.70262626,2.52790503
31.84124990,0.11387220,1.63237142,2.80549215
31.84374990,0.11391457,1.63176421,2.76488796
31.84624990,0.11486038,1.61832767,2.78641539
31.84874990,0.11572683,1.60621115,2.86705157
31.85124990,0.11242683,1.65335739,2.66036442
31.85374990,0.11402245,1.63022034,2.70549323
31.85624990,0.11226798,1.65569668,2.61029305
31.85874990,0.10957799,1.69634184,2.44308082
31.86124990,0.11467177,1.94480276,2.65652399
31.86374990,0.11248340,1.98263911,2.54940274
31.86624990,0.11249931,1.98235872,2.54999197
31.86874990,0.11430518,1.95103999,2.62257465
31.87124990,0.10922473,2.04179009,2.38643814
31.87374990,0.10669953,2.09011203,2.27951915
31.87624990,0.10530566,2.11777762,2.25294322
31.87874990,0.10416308,2.14100797,2.20372255
31.88124990,0.10147664,2.19768794,2.07274553
31.88374990,0.09645258,2.31216194,1.89962327
31.88624990,0.10913976,2.12591965,2.41521872
31.88874990,0.10981073,2.11292973,2.44874021
31.89124990,0.10763428,2.15565484,2.34958865
31.89374990,0.10900534,2.12854108,2.38047393
31.89624990,0.11158994,2.07924074,2.49274712
31.89874990,0.11119121,2.08669688,2.47669803
31.90124990,0.11156744,2.07966012,2.49375331
31.90374990,0.10945108,2.11987270,2.39937188
31.90624990,0.10884714,2.13163486,2.37263064
31.90874990,0.11855486,1.95708846,2.88950576
31.91124990,0.11187208,2.07399688,2.58816444
31.91374990,0.10806514,2.14706015,2.36824575
31.91624990,0.11137831,2.08319151,2.57966696
31.91874990,0.11425507,2.03074017,2.69483616
31.92124990,0.11438739,2.02839098,2.70237510
31.92374990,0.11492024,2.01898593,2.79228683
31.92624990,0.11908821,1.94832344,2.95095199
31.92874990,0.11585765,2.00265027,2.74906166
31.93124990,0.11698574,1.98333878,2.86824175
31.93374990,0.12355223,1.87792923,3.15801045
31.93624990,0.11335986,1.85770250,2.59807179
31.93874990,0.11055261,1.90487508,2.51511554
31.94124990,0.11338214,1.85733746,2.62508258
31.94374990,0.11377017,1.85100276,2.64678598
31.94624990,0.11135244,1.89119253,2.54078909
31.94874990,0.11340736,1.85692448,2.58950172
31.95124990,0.11420235,1.84399791,2.63381479
31.95374990,0.11453522,1.83863891,2.65259909
31.95624990,0.11893236,1.77066109,2.83852203
31.95874990,0.11112023,1.64735668,2.47287860
31.96124990,0.10761378,1.70103353,2.33989195
31.96374990,0.10963111,1.66973272,2.44564406
31.96624990,0.10556652,1.73402183,2.24886744
31.96874990,0.10111495,1.81036198,2.04938414
31.97124990,0.10581745,1.72990989,2.31185419
31.97374990,0.10549101,1.73526306,2.29716631
31.97624990,0.10148243,1.80380639,2.06260103
31.97874990,0.10562505,1.73306106,2.23906690
31.98124990,0.10593465,1.72799598,2.25227449
31.98374990,0.09771148,1.82807475,1.91947664
31.98624990,0.10112217,1.76641665,2.09566597
31.98874990,0.10259947,1.74098256,2.16510135
31.99124990,0.09853732,1.81275363,1.96340753
31.99374990,0.09844293,1.81449165,1.94348039
31.99624990,0.10093338,1.76972054,2.04941198
31.99874990,0.09813432,1.82019796,1.94079896
32.00124990,0.09970042,1.79160605,2.00134825
32.00374990,0.10202022,1.75086741,2.10830473
32.00624990,0.09828236,1.81745607,1.97330205
32.00874990,0.10044725,1.77828541,2.04731776
32.01124990,0.10216674,1.74835642,2.13162498
32.01374990,0.09996907,1.78679147,2.03585836
32.01624990,0.10676497,1.67305706,2.28007344
32.01874990,0.10908597,1.63745970,2.38520477
32.02124990,0.10248568,1.63876674,2.17105614
32.02374990,0.10361267,1.62094187,2.22740874
32.02624990,0.10272392,1.63496602,2.18089074
32.02874990,0.09849824,1.70510779,1.99649212
32.03124990,0.10484997,1.76720729,2.20108242
32.03374990,0.10673097,1.73606244,2.29219220
32.03624990,0.10269428,1.80430334,2.14184909
32.03874990,0.10224600,1.81221409,2.11672332
32.04124990,0.10094661,1.83554088,2.05509191
32.04374990,0.09922311,1.86742408,1.98528908
32.04624990,0.10918487,2.21802612,2.45908997
32.04874990,0.11063642,2.18892574,2.53493058
32.05124990,0.10827581,2.23664826,2.37579673
32.05374990,0.10905007,2.22076790,2.40248188
32.05624990,0.11031778,2.19524806,2.45221166
32.05874990,0.10684416,2.26661810,2.29184318
32.06124990,0.10666504,2.27042442,2.36228324
32.06374990,0.10728730,2.25725599,2.39289978
32.06624990,0.10090893,2.39993532,2.04801412
32.06874990,0.09776225,2.47718214,1.95818315
32.07124990,0.09819835,2.46618107,2.01822581
32.07374990,0.09909530,2.44385854,2.01547702
32.07624990,0.09748489,2.48423003,2.00646852
32.07874990,0.09959118,2.43169025,2.09377860
32.08124990,0.10439099,2.31988315,2.19380918
32.08374990,0.10367668,2.33586669,2.21337831
32.08624990,0.10343937,2.34122569,2.19485912
32.08874990,0.10744279,2.25398932,2.30902345
32.09124990,0.11001282,2.20133339,2.44806585
32.09374990,0.11017845,2.19802427,2.46346323
32.09624990,0.09997247,2.32258928,2.04792408
32.09874990,0.09894346,2.34674416,2.04972985
32.10124990,0.09981183,2.32632732,2.09847705
32.10374990,0.10297305,2.25491013,2.17946862
32.10624990,0.09990832,2.32408059,2.02124889
32.10874990,0.09944235,2.33497083,2.01166532
32.11124990,0.09712916,2.39057945,1.97306972
32.11374990,0.09778477,2.37455165,2.04188786
32.11624990,0.09963132,2.33054209,2.05975659
32.11874990,0.10293184,2.25581298,2.27768908
32.12124990,0.10303091,2.25364392,2.34709226
32.12374990,0.10153809,2.28677703,2.16962925
32.12624990,0.10167061,2.28379644,2.20429700
32.12874990,0.09961851,2.33084160,2.16750380
32.13124990,0.09473462,1.97284830,1.87139719
32.13374990,0.09355522,1.99771902,1.88574780
32.13624990,0.09510727,1.96511835,1.93876685
32.13874990,0.09101988,2.05336506,1.66950125
32.14124990,0.08780630,2.12851505,1.59789130
32.14374990,0.08702533,2.14761654,1.58837761
32.14624990,0.08854007,2.11087512,1.60046404
32.14874990,0.09299346,2.00978690,1.74037861
32.15124990,0.09271235,2.01588073,1.73095217
32.15374990,0.08716899,2.14407700,1.55207167
32.15624990,0.08699851,2.14827863,1.55149173
32.15874990,0.09242515,2.02214477,1.71961331
32.16124990,0.09466598,1.97427881,1.84259601
32.16374990,0.09375486,1.99346499,1.82940176
32.16624990,0.09248542,2.02082700,1.73692513
32.16874990,0.08868326,2.10746685,1.64990377
32.17124990,0.08718638,2.14364954,1.60578878
32.17374990,0.09032986,2.06905030,1.64525902
32.17624990,0.09222317,2.02657342,1.70474048
32.17874990,0.09376597,1.99322882,1.77704348
32.18124990,0.08482165,1.71135792,1.49063486
32.18374990,0.08483849,1.71101820,1.50582507
32.18624990,0.08831634,1.64363922,1.59156648
32.18874990,0.08767615,1.65564069,1.53853963
32.19124990,0.08925233,1.62640237,1.59323876
32.19374990,0.09207673,1.57651351,1.70735237
32.19624990,0.08649917,1.65182281,1.54191465
32.19874990,0.08106857,1.76247471,1.34821702
32.20124990,0.09092331,2.13413909,1.65852791
32.20374990,0.08888849,2.18299338,1.59586377
32.20624990,0.08888750,2.18301785,1.59579046
32.20874990,0.08343778,2.32560114,1.39754155
32.21124990,0.08104926,2.39413648,1.31401274
32.21374990,0.08466997,2.29175705,1.45640155
32.21624990,0.08439955,2.29909979,1.46490806
32.21874990,0.09159303,2.11853462,1.69566179
32.22124990,0.09391731,2.06610466,1.76833665
32.22374990,0.09003711,2.15514476,1.67709979
32.22624990,0.08788427,2.20793782,1.61670718
32.22874990,0.08844277,2.19399494,1.58844328
32.23124990,0.08791572,2.20714797,1.57632528
32.23374990,0.08976800,2.16160540,1.65293641
32.23624990,0.08432389,2.30116289,1.43665785
32.23874990,0.08307753,2.33568574,1.40323298
32.24124990,0.08767016,2.21332988,1.62829696
32.24374990,0.08594047,2.25787681,1.54584984
32.24624990,0.08593396,2.25804791,1.54579950
32.24874990,0.08633721,2.24750129,1.55940146
32.25124990,0.07484529,2.12650623,1.12223270
32.25374990,0.07482941,2.12695739,1.12176827
32.25624990,0.07486457,2.12595863,1.12155495
32.25874990,0.07679006,2.07265084,1.19259231
32.26124990,0.08037520,1.98020005,1.31967873
32.26374990,0.07631121,2.08565640,1.24847944
32.26624990,0.07671051,2.07480000,1.25839452
32.26874990,0.07392693,2.10679965,1.10645776
32.27124990,0.07130387,2.18430273,1.01833027
32.27374990,0.06918289,2.25126811,0.96646307
32.27624990,0.06936219,2.24544877,0.97084940
32.27874990,0.06662299,2.33776999,0.88833370
32.28124990,0.06641943,2.34493479,0.88325009
32.28374990,0.06386721,2.43864150,0.82394389
32.28624990,0.06408838,2.43022561,0.82916657
32.28874990,0.06528789,2.38557633,0.85432052
32.29124990,0.05783950,2.25061230,0.72127401
32.29374990,0.05636253,2.30958909,0.70517216
32.29624990,0.05755036,2.26191977,0.69845208
32.29874990,0.06061065,2.14771311,0.75139853
32.30124990,0.06055265,2.14977015,0.74921757
32.30374990,0.06078623,2.14150958,0.75607592
32.30624990,0.06074915,2.14281652,0.75058247
32.30874990,0.05797858,2.24521348,0.68614456
32.31124990,0.06718266,2.80620430,0.94292683
32.31374990,0.06883280,2.73893037,1.01002891
32.31624990,0.06916263,2.72586877,1.02168159
32.31874990,0.06278960,3.00253974,0.83020740
32.32124990,0.06210001,3.03588149,0.79441072
32.32374990,0.06202788,3.03941179,0.79372963
32.32624990,0.06189603,3.04588604,0.79287451
32.32874990,0.06827368,2.76136069,0.95952902
32.33124990,0.07167162,2.63044518,1.03678062
32.33374990,0.07223723,2.60984875,1.06593177
32.33624990,0.07199421,2.61865859,1.06289910
32.33874990,0.07088490,2.65963908,1.01512446
32.34124990,0.06898678,2.73281724,0.97531797
32.34374990,0.06999499,2.69345339,1.00414250
32.34624990,0.06975164,2.70285055,0.97509591
32.34874990,0.06655012,2.83287621,0.89705656
32.35124990,0.06899358,2.73254770,0.98192268
32.35374990,0.06894095,2.73463383,0.97294856
32.35624990,0.06906612,2.72967779,0.96936541
32.35874990,0.06925816,2.72210884,0.97817196
32.36124990,0.05495367,2.38338153,0.61606963
32.36374990,0.05406897,2.42237965,0.59920810
32.36624990,0.05155752,2.54037783,0.56655604
32.36874990,0.05360950,2.44314114,0.63009889
32.37124990,0.05600686,2.33856318,0.70698621
32.37374990,0.05715555,2.29156342,0.75246182
32.37624990,0.05908797,2.21661994,0.76615211
32.37874990,0.05462236,1.83928697,0.61632189
32.38124990,0.04982127,1.69009872,0.49871276
32.38374990,0.04942867,1.70352286,0.49091027
32.38624990,0.04945894,1.70248020,0.49038461
32.38874990,0.04827090,1.74438152,0.47168848
32.39124990,0.05787445,2.50353948,0.69289847
32.39374990,0.05674899,2.55319058,0.66338749
32.39624990,0.05841768,2.48025893,0.75937437
32.39874990,0.05851874,2.47597580,0.76200952
32.40124990,0.05546425,2.61233083,0.65747862
32.40374990,0.05591684,2.59118675,0.66887753
32.40624990,0.05920686,2.44719937,0.72134334
32.40874990,0.06238183,2.32264710,0.79646673
32.41124990,0.06638985,2.18242676,0.88305430
32.41374990,0.06502328,2.22829396,0.85365746
32.41624990,0.06605946,2.19334182,0.88941892
32.41874990,0.06688952,2.16612382,0.90891028
32.42124990,0.06914971,2.09532294,0.96482544
32.42374990,0.06928127,2.09134420,0.96802789
32.42624990,0.07430253,1.95001405,1.12835240
32.42874990,0.07200981,2.01210052,1.05892584
32.43124990,0.07471005,1.93937732,1.11986346
32.43374990,0.07541703,1.92119706,1.14295778
32.43624990,0.07926954,1.82782671,1.26315200
32.43874990,0.08172182,1.77297796,1.36715016
32.44124990,0.07651792,1.81009777,1.19990638
32.44374990,0.07747422,1.78775500,1.24025482
32.44624990,0.07909986,1.75101355,1.33731147
32.44874990,0.08258111,1.67719852,1.41406321
32.45124990,0.08574657,1.61528230,1.58360588
32.45374990,0.08643546,1.60240855,1.60571528
32.45624990,0.08478906,1.63352357,1.47711063
32.45874990,0.08234526,1.68200235,1.39687280
32.46124990,0.07925119,1.74766999,1.27155440
32.46374990,0.07929668,1.74666728,1.27209882
32.46624990,0.07874771,1.75884375,1.25955810
32.46874990,0.07815982,1.77207330,1.24005463
32.47124990,0.07443929,1.86064275,1.10970854
32.47374990,0.07350695,1.88424249,1.08669468
32.47624990,0.06726982,1.63579806,0.91878477
32.47874990,0.06741460,1.63228499,0.93118617
32.48124990,0.06532946,1.68438295,0.87037823
32.48374990,0.06489474,1.69566646,0.85665129
32.48624990,0.06406897,1.71752158,0.85875201
32.48874990,0.06234207,1.76509746,0.80497206
32.49124990,0.06123071,1.79713471,0.82459345
32.49374990,0.05987233,1.83790802,0.79599779
32.49624990,0.05951613,1.84890788,0.71756464
32.49874990,0.05427487,1.95323472,0.59404780
32.50124990,0.04906478,2.16064484,0.48557445
32.50374990,0.04746754,2.23334852,0.47138548
32.50624990,0.04668846,2.27061591,0.45533704
32.50874990,0.04790537,2.21293732,0.49054621
32.51124990,0.04789095,2.21360358,0.49031280
32.51374990,0.04894615,2.16588190,0.49991150
32.51624990,0.04930728,2.15001884,0.50851863
32.51874990,0.04684750,2.26290773,0.44773889
32.52124990,0.04718161,2.24688314,0.45278630
32.52374990,0.04821056,2.19892839,0.46825665
32.52624990,0.04742263,2.23546366,0.45247423
32.52874990,0.04714702,2.24853193,0.44500826
32.53124990,0.05191441,2.10108426,0.54521691
32.53374990,0.05192854,2.10051258,0.55320839
32.53624990,0.04743042,2.29971716,0.50098561
32.53874990,0.06637948,3.26749193,0.98338264
32.54124990,0.07180959,3.02041005,1.10474069
32.54374990,0.07201105,3.01195990,1.14771457
32.54624990,0.06799856,3.18969094,1.02107661
32.54874990,0.06801140,3.18908884,1.03964716
32.55124990,0.07047752,3.07749778,1.11827896
32.55374990,0.07089208,3.05950110,1.11956707
32.55624990,0.07424671,2.92126624,1.23745880
32.55874990,0.08618003,2.51675932,1.54524332
32.56124990,0.08772182,2.47252506,1.64012799
32.56374990,0.08711893,2.48963573,1.60298605
32.56624990,0.08672775,2.50086513,1.62784156
32.56874990,0.08672256,2.50101484,1.62791399
32.57124990,0.08660248,2.50448252,1.61799028
32.57374990,0.08608180,2.51963149,1.58936761
32.57624990,0.09153554,2.36951027,1.70823938
32.57874990,0.09775831,2.21867999,1.97736560
32.58124990,0.09634868,2.25114039,1.89268524
32.58374990,0.09651496,2.24726208,1.90145977
32.58624990,0.09637076,2.25062450,1.89993680
32.58874990,0.08330885,2.42131572,1.39335417
32.59124990,0.07843295,2.57184044,1.23239306
32.59374990,0.07806917,2.58382443,1.22756844
32.59624990,0.08124336,2.48287400,1.34489064
32.59874990,0.08189013,2.46326438,1.38089210
32.60124990,0.07980889,2.52750079,1.29986763
32.60374990,0.07966080,2.53219931,1.27697025
32.60624990,0.07628141,2.64438009,1.16930691
32.60874990,0.06163414,2.49867532,0.77522075
32.61124990,0.05984358,2.57343726,0.73599481
32.61374990,0.06024138,2.55644377,0.74068376
32.61624990,0.06035730,2.55153406,0.75301202
32.61874990,0.06095382,2.52656373,0.77858257
32.62124990,0.06154259,2.50239257,0.78783696
32.62374990,0.06161646,2.49939218,0.80372331
32.62624990,0.05641910,2.72963790,0.67314913
32.62874990,0.04560589,2.20543262,0.41806435
32.63124990,0.04193670,2.39839343,0.35314254
32.63374990,0.04358993,2.30742998,0.40120584
32.63624990,0.05431497,2.69188257,0.65070465
32.63874990,0.05579046,2.62069039,0.66863807
32.64124990,0.05589042,2.61600311,0.66953478
32.64374990,0.05685847,2.57146421,0.68609128
32.64624990,0.05281242,2.76846861,0.56181609
32.64874990,0.05216502,2.80282709,0.54832448
32.65124990,0.05370049,2.72268513,0.57691557
32.65374990,0.05298795,2.75929758,0.56207508
32.65624990,0.05298930,2.75922722,0.56259480
32.65874990,0.05494706,2.66091609,0.60961593
32.66124990,0.05678896,2.57461176,0.65046211
32.66374990,0.05715425,2.55815673,0.65354383
32.66624990,0.05908109,2.47472623,0.69906347
32.66874990,0.06038147,2.42143045,0.73118008
32.67124990,0.06005590,2.43455705,0.73350338
32.67374990,0.06121942,2.38828671,0.76307340
32.67624990,0.05866866,2.49212311,0.69368519
32.67874990,0.05799220,2.52119268,0.67549416
32.68124990,0.05900637,2.47786007,0.70704208
32.68374990,0.05678358,2.57485574,0.65803876
32.68624990,0.05006696,1.67391273,0.53130268
32.68874990,0.04840358,1.73143619,0.49636028
32.69124990,0.04879844,1.71742615,0.48392354
32.69374990,0.04792548,1.74870895,0.46823921
32.69624990,0.04733583,1.77049223,0.45120929
32.69874990,0.04760160,1.76060702,0.45686973
32.70124990,0.04687075,1.78806009,0.44217100
32.70374990,0.04711613,1.77874793,0.44553650
32.70624990,0.04762281,1.75982307,0.45693089
32.70874990,0.04607105,1.81909727,0.42699933
32.71124990,0.04956099,2.21997975,0.49144615
32.71374990,0.05069472,2.17033232,0.52630104
32.71624990,0.04823634,2.28094391,0.47907613
32.71874990,0.04787797,2.29801719,0.47337742
32.72124990,0.04790746,2.29660251,0.47387376
32.72374990,0.04615941,2.38357468,0.42997411
32.72624990,0.04578307,2.40316756,0.42423330
32.72874990,0.04578271,2.40318676,0.42423034
32.73124990,0.04672294,2.35482618,0.44025825
32.73374990,0.04664929,2.35854357,0.43863506
32.73624990,0.04504772,2.44239640,0.40820098
32.73874990,0.04717792,2.33211614,0.44614544
32.74124990,0.04637330,2.37258081,0.43084160
32.74374990,0.04975485,2.21132997,0.50218287
32.74624990,0.05015361,2.19374834,0.51030610
32.74874990,0.05663921,2.18554947,0.64178985
32.75124990,0.05576583,2.21977843,0.62593125
32.75374990,0.05557917,2.22723365,0.62199526
32.75624990,0.05514708,2.24468439,0.61591484
32.75874990,0.05575415,2.22024359,0.63547442
32.76124990,0.05016535,2.46759563,0.51123133
32.76374990,0.04840858,2.55714561,0.48410674
32.76624990,0.04823261,2.56647480,0.47969219
32.76874990,0.04767889,2.59628090,0.46700254
32.77124990,0.04755318,2.60314445,0.46443623
32.77374990,0.04816085,2.57029899,0.46837845
32.77624990,0.05356718,2.31088843,0.58934748
32.77874990,0.05451322,2.27078473,0.60581197
32.78124990,0.05499570,2.25086290,0.61478161
32.78374990,0.05952975,2.07942716,0.73775548
32.78624990,0.06195491,1.99803032,0.79109480
32.78874990,0.06079856,2.03603155,0.74519105
32.79124990,0.06087202,2.03357452,0.75558232
32.79374990,0.05922895,2.08998776,0.72486738
32.79624990,0.05886130,2.10304190,0.72203093
32.79874990,0.05452325,1.95922229,0.61596772
32.80124990,0.05837882,1.82982714,0.68666175
32.80374990,0.05840749,1.82892917,0.68700349
32.80624990,0.05845248,1.82752142,0.68641750
32.80874990,0.05731213,1.86388391,0.66496911
32.81124990,0.05882431,1.81596960,0.70216494
32.81374990,0.06125468,1.74391835,0.77284788
32.81624990,0.06330276,1.68749598,0.82141111
32.81874990,0.06365481,1.67816314,0.82822419
32.82124990,0.06478942,1.64877475,0.85946315
32.82374990,0.06430546,1.66118329,0.83875561
32.82624990,0.06541424,1.82730158,0.86644826
32.82874990,0.06460069,1.85031374,0.83832667
32.83124990,0.06264128,1.90819115,0.78768028
32.83374990,0.05919363,2.01933100,0.71185721
32.83624990,0.05652629,2.11461863,0.65329999
32.83874990,0.05639716,2.11946012,0.64133483
32.84124990,0.06202663,1.92710028,0.77199121
32.84374990,0.06300349,1.89722089,0.80390231
32.84624990,0.06321430,1.89089398,0.81213780
32.84874990,0.06200230,1.92785651,0.78705165
32.85124990,0.06317618,1.89203498,0.81482692
32.85374990,0.06507381,1.83686102,0.85057093
32.85624990,0.06517528,1.83400125,0.85774043
32.85874990,0.06505983,1.83725575,0.85389219
32.86124990,0.06407265,1.86556260,0.83346047
32.86374990,0.06147219,1.94448161,0.77793465
32.86624990,0.06031465,1.98179929,0.73795187
32.86874990,0.06023997,1.98425645,0.72626394
32.87124990,0.06205407,1.92624815,0.79684040
32.87374990,0.06522439,1.83262042,0.88925184
32.87624990,0.06383113,1.85431414,0.84831744
32.87874990,0.06890372,1.71780231,0.97090122
32.88124990,0.07762951,2.06736156,1.20528716
32.88374990,0.07697410,2.08496457,1.18552800
32.88624990,0.07919424,2.02651443,1.25670110
32.88874990,0.07944378,2.02014890,1.26422980
32.89124990,0.07537785,2.12911708,1.13793632
32.89374990,0.08444502,2.20833245,1.43737048
32.89624990,0.08446264,2.20787177,1.44413812
32.89874990,0.08469331,2.20185849,1.45054719
32.90124990,0.08724495,2.13746096,1.54561328
32.90374990,0.08585743,2.17200385,1.51105700
32.90624990,0.08580135,2.17342367,1.51042742
32.90874990,0.08651307,2.15554333,1.52208143
32.91124990,0.08628827,2.16115906,1.51098802
32.91374990,0.08901342,2.09499500,1.59758064
32.91624990,0.08951240,2.08331675,1.60249891
32.91874990,0.08879650,2.10011302,1.58516171
32.92124990,0.08646896,2.15664292,1.51263369
32.92374990,0.08594879,2.16969518,1.49672977
32.92624990,0.08399024,2.22028989,1.43934611
32.92874990,0.08009205,2.32835433,1.30131652
32.93124990,0.07724963,2.41402678,1.20449229
32.93374990,0.07897321,2.36134113,1.26238244
32.93624990,0.07549729,2.47005800,1.14412931
32.93874990,0.07496655,2.48754509,1.12423018
32.94124990,0.07496973,2.48743973,1.13010979
32.94374990,0.06298836,2.26984622,0.81613311
32.94624990,0.06364924,2.24627785,0.83686336
32.94874990,0.06243219,2.29006677,0.79667118
32.95124990,0.05375753,2.41195137,0.58902635
32.95374990,0.05427608,2.38890762,0.60449056
32.95624990,0.05417225,2.39348653,0.60106307
32.95874990,0.05849637,2.21655693,0.71531005
32.96124990,0.06218066,2.08522301,0.80232090
32.96374990,0.05831677,2.22338361,0.68382932
32.96624990,0.05660439,2.29064449,0.64979721
32.96874990,0.05765219,2.24901314,0.67152433
32.97124990,0.05806136,2.23316414,0.68830037
32.97374990,0.05538418,2.34111136,0.62806620
32.97624990,0.05358264,2.41982362,0.57724271
32.97874990,0.05782327,2.24235918,0.68272803
32.98124990,0.05413351,2.04112289,0.60455712
32.98374990,0.05187138,2.13013670,0.54887413
32.98624990,0.05238768,2.10914373,0.55546374
32.98874990,0.05417115,2.03970454,0.60804079
32.99124990,0.05505906,2.00681108,0.62811930
32.99374990,0.05442727,2.03010622,0.60131606
32.99624990,0.05342770,2.06808730,0.58468503
32.99874990,0.06426590,2.49324959,0.83832873
33.00124990,0.06415694,2.49748366,0.83262059
33.00374990,0.06363772,2.51786074,0.81573571
33.00624990,0.06451398,2.48366185,0.83375654
33.00874990,0.05966975,2.68529572,0.72050975
33.01124990,0.05880635,2.72472156,0.70052050
33.01374990,0.05879349,2.72531728,0.69564246
33.01624990,0.06100601,2.62647746,0.75579220
33.01874990,0.06132635,2.61275814,0.76401716
33.02124990,0.06093849,2.62938752,0.76267655
33.02374990,0.06172290,2.59597180,0.78696666
33.02624990,0.06329494,2.53149638,0.84252887
33.02874990,0.06502896,2.46399323,0.88361330
33.03124990,0.06167297,2.59807353,0.77514017
33.03374990,0.06123454,2.61667564,0.76880612
33.03624990,0.06141990,2.60877838,0.76502335
33.03874990,0.06008396,2.66678339,0.75766676
33.04124990,0.06076701,2.63680766,0.77490041
33.04374990,0.06137989,2.61047915,0.79967106
33.04624990,0.06207496,2.58124872,0.81564575
33.04874990,0.05069548,2.38149277,0.51701977
33.05124990,0.05077509,2.37775854,0.51867006
33.05374990,0.05228604,2.30904670,0.54682029
33.05624990,0.05127405,2.35462020,0.52655351
33.05874990,0.05244868,2.30188655,0.55480118
33.06124990,0.04926763,2.45051175,0.50935441
33.06374990,0.04943946,2.44199481,0.51392999
33.06624990,0.04750567,2.54139994,0.46826458
33.06874990,0.04813782,2.50802636,0.48167772
33.07124990,0.05001192,2.41404285,0.50834082
33.07374990,0.04954340,2.43687162,0.49262336
33.07624990,0.04753601,2.53977782,0.45204021
33.07874990,0.04068476,1.80748347,0.33607171
33.08124990,0.04065908,1.80862476,0.33591067
33.08374990,0.04370902,1.68242198,0.40524440
33.08624990,0.04397518,1.67223918,0.41375497
33.08874990,0.04559700,1.61275994,0.42444907
33.09124990,0.04275607,1.71992007,0.37007925
33.09374990,0.04175149,1.76130291,0.34991830
33.09624990,0.04504511,1.93406191,0.40954226
33.09874990,0.04537158,1.92014502,0.41743099
33.10124990,0.04743612,1.83657547,0.45395463
33.10374990,0.04629696,1.88176531,0.43598621
33.10624990,0.04705738,1.85135740,0.45582890
33.10874990,0.04578461,1.90282333,0.42769929
33.11124990,0.04681566,1.86091616,0.45109797
33.11374990,0.05186408,1.97751789,0.55502612
33.11624990,0.05104803,2.00913039,0.53182327
33.11874990,0.04832828,2.12219732,0.49450796
33.12124990,0.04657687,2.20199733,0.47832815
33.12374990,0.04786816,2.14259613,0.48285306
33.12624990,0.05126456,2.00064424,0.57595701
33.12874990,0.05101522,2.01042230,0.56893893
33.13124990,0.05571760,1.84074964,0.63635451
33.13374990,0.05466042,1.87635131,0.61198862
33.13624990,0.05539672,1.85141187,0.61429240
33.13874990,0.05433336,1.88764589,0.59248964
33.14124990,0.05614001,1.82689934,0.63465066
33.14374990,0.05621306,1.82452529,0.63681862
33.14624990,0.05322398,1.92699133,0.57387960
33.14874990,0.05483544,1.87036233,0.61412313
33.15124990,0.05404330,1.89777716,0.59493363
33.15374990,0.05589184,1.83501111,0.66414473
33.15624990,0.05571082,1.84097353,0.65752342
33.15874990,0.05955954,1.72201040,0.71617097
33.16124990,0.06138814,1.67071590,0.76015792
33.16374990,0.05846750,1.71393578,0.69888580
33.16624990,0.05881750,1.70373674,0.70839927
33.16874990,0.06312271,1.62346930,0.84838151
33.17124990,0.06333883,1.61792985,0.85254652
33.17374990,0.06218773,1.64787785,0.80996919
33.17624990,0.05974042,1.71538454,0.76588238
33.17874990,0.05892041,1.73925796,0.73311193
33.18124990,0.05453647,1.87906888,0.61812970
33.18374990,0.05586785,1.83428901,0.62495866
33.18624990,0.06090720,2.03678134,0.77085283
33.18874990,0.06043839,2.05258034,0.76136975
33.19124990,0.05909787,2.09913918,0.76841737
33.19374990,0.05901821,2.10197228,0.76460805
33.19624990,0.05886951,2.10728197,0.73401075
33.19874990,0.05891439,2.10567642,0.74621254
33.20124990,0.05799563,2.13903438,0.70453450
33.20374990,0.05767221,2.15102984,0.69826196
33.20624990,0.05753822,2.15603909,0.69656364
33.20874990,0.05392100,2.30067403,0.60335989
33.21124990,0.05049254,2.45689077,0.51410083
33.21374990,0.05212179,2.38009179,0.57199857
33.21624990,0.05343193,2.32173238,0.60455711
33.21874990,0.04960693,2.50075247,0.51224418
33.22124990,0.04961333,2.50042967,0.52777484
33.22374990,0.04928728,2.51697059,0.51795509
33.22624990,0.05450524,2.27601309,0.60801336
33.22874990,0.05510883,2.25108488,0.62773990
33.23124990,0.05568798,2.22767378,0.63549842
33.23374990,0.05546135,2.23677647,0.63127965
33.23624990,0.04823281,2.24638146,0.48579448
33.23874990,0.05236163,2.06924982,0.55526358
33.24124990,0.05205212,2.08155399,0.55143703
33.24374990,0.05423619,1.99773044,0.61039949
33.24624990,0.05534041,1.95786940,0.62664060
33.24874990,0.05355896,2.02299092,0.60126090
33.25124990,0.05353740,2.02380548,0.60077086
33.25374990,0.05168799,2.09621787,0.54078175
33.25624990,0.05230115,2.07164246,0.55397990
33.25874990,0.05264732,2.05802078,0.55484705
33.26124990,0.05712194,1.89680688,0.65851815
33.26374990,0.05435312,1.99343285,0.59938534
33.26624990,0.05286816,2.04942433,0.56301681
33.26874990,0.05212576,2.07861300,0.56302342
33.27124990,0.05166574,2.09712067,0.55213653
33.27374990,0.05601177,1.93440208,0.68614682
33.27624990,0.05154639,1.92283624,0.59477826
33.27874990,0.05519031,1.79588161,0.64755959
33.28124990,0.05918577,1.73274298,0.73423469
33.28374990,0.05946380,1.72464126,0.70829529
33.28624990,0.05940349,1.72639244,0.70791073
33.28874990,0.05892819,1.74031713,0.71614894
33.29124990,0.06207042,1.65221587,0.79302858
33.29374990,0.06029797,1.70078247,0.73807036
33.29624990,0.06063393,1.69135887,0.74684054
33.29874990,0.06058228,1.69280071,0.74637045
33.30124990,0.06464009,1.58653442,0.84721089
33.30374990,0.06473597,1.58418472,0.86080313
33.30624990,0.06605381,1.55257861,0.89982747
33.30874990,0.06538377,1.56848905,0.89436694
33.31124990,0.06386294,1.60584113,0.85200263
33.31374990,0.06360787,1.61228051,0.83476335
33.31624990,0.06354952,1.61376085,0.83283181
33.31874990,0.06602541,1.55324649,0.88379627
33.32124990,0.06962043,1.47304072,1.00143847
33.32374990,0.06615667,1.55016465,0.93822703
33.32624990,0.06560790,1.56313082,0.93021141
33.32874990,0.06506365,1.57620636,0.91294674
33.33124990,0.06097601,1.65958856,0.84778759
33.33374990,0.05918363,1.70984935,0.77325057
33.33624990,0.05993957,1.68828509,0.77688829
33.33874990,0.05688447,1.77895828,0.70004856
33.34124990,0.05353086,1.89040658,0.58837420
33.34374990,0.05403157,1.87288819,0.59944009
33.34624990,0.05226404,1.93622796,0.55207216
33.34874990,0.05248287,1.92815481,0.55949681
33.35124990,0.04997121,1.97629832,0.51333212
33.35374990,0.04979478,1.98330055,0.50684857
33.35624990,0.04693799,2.10401018,0.44120285
33.35874990,0.04727383,2.08906302,0.44741430
33.36124990,0.04546921,2.17197536,0.42506634
33.36374990,0.05036761,1.96074460,0.52807504
33.36624990,0.05046385,1.95700520,0.53950038
33.36874990,0.04792342,2.06074621,0.53417434
33.37124990,0.04349747,2.23216340,0.47342821
33.37374990,0.04491512,2.16171007,0.47502444
33.37624990,0.04745147,2.04616362,0.49138988
33.37874990,0.05467619,2.74146830,0.61261655
33.38124990,0.06029131,2.48614668,0.73169647
33.38374990,0.06097006,2.45846956,0.75055627
33.38624990,0.06055403,2.47536005,0.74128476
33.38874990,0.06120634,2.44897881,0.75316256
33.39124990,0.06161705,2.43265534,0.76216722
33.39374990,0.06106343,2.45471044,0.75198059
33.39624990,0.06113991,2.45163984,0.75356520
33.39874990,0.06206828,2.41496988,0.77287929
33.40124990,0.06008524,2.49467312,0.72623423
33.40374990,0.06533411,2.29425400,0.87700887
33.40624990,0.06696402,2.23841143,0.93243445
33.40874990,0.06987700,2.14509846,1.03633721
33.41124990,0.06896163,2.17357164,1.02614108
33.41374990,0.06559849,2.28500749,0.97483107
